map_case,propulsion_mode,frame,timestamp,initialization_phase,lidar_robot_id,lidar_initial_x,lidar_initial_y,lidar_initial_front_center_offset,reference_front_size,reference_front_lateral_variance,reference_front_lateral_span,reference_front_longitudinal_span,reference_front_mean_speed,reference_front_mean_abs_lateral_velocity,reference_front_lateral_velocity_variance,local_front_size,local_front_lateral_variance,local_front_lateral_span,local_front_longitudinal_span,local_front_mean_speed,local_front_mean_abs_lateral_velocity,local_front_lateral_velocity_variance,local_front_surface_size,lidar_in_reference_front,lidar_in_local_front,lidar_longitudinal_front_gap,common_forward_x,common_forward_y,motion_bearing_spread,mean_neighbor_degree,median_neighbor_degree,neighbor_degree_std,mean_nearest_neighbor_distance,neighbor_graph_component_count,largest_neighbor_component_fraction,boundary_count,boundary_fraction,boundary_component_count,boundary_largest_component_fraction,boundary_second_component_fraction,boundary_membership_retention,boundary_lateral_span,boundary_longitudinal_span,boundary_angular_spread,boundary_covariance_trace,boundary_anisotropy,lidar_left_wall_support,lidar_right_wall_support,lidar_forward_range,lidar_range_discontinuity,lidar_range_total_variation,lidar_free_space_angular_span,lidar_range_profile_change,outside_free_space_robot_count,wall_contact_count,wall_projection_correction_count,nan_inf_state_count,max_speed,mean_speed_sanity,min_inter_robot_distance,mean_nearest_neighbor_distance_sanity,overlap_pair_count,maximum_pair_penetration,swarm_lateral_span_sanity,swarm_longitudinal_span_sanity,mean_density,density_std,mean_pressure,mean_pressure_force,mean_repulsion_force,mean_lateral_sph_force,communication_range,support_range,leader_connected_component_size,connected_to_leader_count,disconnected_count,leader_max_hop,communication_edge_count,support_edge_count,leader_to_nearest_follower_distance,leader_to_front_pack_gap,normalized_leader_gap,leader_connected,leader_communication_connected,leader_drive_scale,leader_forward_speed,gt_phase,gt_frontmost_crossed,gt_reference_front_crossed,gt_local_front_crossed,gt_mean_forward_progress,gt_frontmost_forward_progress,baseline_ready,lateral_span_ratio,lateral_variance_ratio,motion_spread_delta,boundary_fraction_delta,largest_component_drop,second_component_growth,neighbor_mean_ratio,lidar_side_wall_loss,lidar_free_span_growth,sph_evidence_raw,boundary_evidence_raw,lidar_evidence_raw,sph_evidence_smoothed,boundary_evidence_smoothed,lidar_evidence_smoothed,baseline_local_front_lateral_span,baseline_local_front_lateral_variance,baseline_motion_bearing_spread,baseline_boundary_fraction,baseline_boundary_largest_component_fraction,baseline_boundary_second_component_fraction,baseline_mean_neighbor_degree,baseline_lidar_free_space_angular_span,sph_threshold,boundary_threshold,lidar_threshold,sph_threshold_margin,boundary_threshold_margin,lidar_threshold_margin,boundary_second_component_size,boundary_largest_component_size,boundary_component_persistence,shadow_sph_expansion,shadow_boundary_change,shadow_lidar_geometry_change,shadow_sph_only_trigger,shadow_lidar_only_trigger,shadow_fusion_trigger,shadow_junction_suspected,sph_evidence_dwell,boundary_evidence_dwell,lidar_evidence_dwell,trigger_dwell,boundary_component_count_runtime
M0_STRAIGHT,local_forward,0.0,0.016666666666666666,LOCAL_FORWARD,675.0,-1.4,-56.14,-1.1199999999999917,218.0,492.9789768149083,75.65750225005098,21.307931792635245,0.9965419635269376,0.25284284420455483,0.2639526522975658,210.0,655.4197901437556,75.68424842949372,61.284831282990304,1.0807764354818894,0.3592956415275716,0.42336234092786806,12.0,True,False,0.006139446596336029,0.0006744908840963047,0.9999997725309978,126.05868080717862,79.36764705882354,84.0,18.071674628418712,2.66129445267309,1.0,1.0,100.0,0.14705882352941177,1.0,1.0,0.0,1.0,75.68424842949372,63.927479827119924,355.97241820461426,1579.9736695113568,0.1595984566790502,1.0,1.0,150.0,8.675794294141156,1.1999961997327082,33.0,0.0,0.0,0.0,0.0,0.0,1.8,0.784657636331246,2.6596023862678146,2.66129445267309,0.0,0.0,75.64908377430557,63.89999963554805,0.1242799137063047,0.018324176263867554,293.71997569663887,128.65423684913353,110.73165282204612,147.31150374750166,37.8,15.399999999999999,680.0,679.0,0.0,2.0,122011.0,26985.0,2.674742399478598,2.674742399478598,0.07076038093858725,True,True,1.0,1.7999781328836877,CORRIDOR_ONLY,False,False,False,0.005256798337171631,0.029999635548058734,False,1.0,1.0,0.0,0.0,0.0,0.0,1.0,0.0,0.0,0.0,0.0,0.0,0.0,0.0,0.0,75.68424842949372,655.4197901437556,126.05868080717862,0.14705882352941177,1.0,0.0,79.36764705882354,33.0,0.05190502225289483,0.08701475362117486,0.012338797689551723,-0.05190502225289483,-0.08701475362117486,-0.012338797689551723,0,100,0.0,False,False,False,False,False,False,False,0.0,0.0,0.0,0.0,100
M0_STRAIGHT,local_forward,6.0,0.11666666666666665,LOCAL_FORWARD,675.0,-1.4,-56.14,-1.1199999999999917,218.0,501.72136545604627,77.98067365635617,22.79381626414029,19.57233471725941,3.6587903342378523,38.036876038881275,189.0,703.7097736498034,77.99947333097333,67.68767908155019,22.69096419080994,5.834821590781275,69.85180433307269,6.0,True,True,0.0,-7.839931643919159e-05,0.9999999969267734,65.96626600730242,77.39117647058823,84.0,18.982032799575293,2.745004039081563,1.0,1.0,100.0,0.14705882352941177,1.0,1.0,0.0,1.0,77.99947333097333,67.69622914799588,356.092760937123,1692.5660533564478,0.13477054599027008,1.0,1.0,150.0,8.606634612427001,1.1999928611229795,33.0,0.10286474798493649,0.0,0.0,0.0,0.0,35.799365270424715,13.709297833501232,2.6602904825954763,2.745004039081563,0.0,0.0,77.99947357068339,67.69543308870365,0.11814909842674481,0.019948552142546913,251.4407030876422,116.65258631980545,104.19187178960289,157.3063847851603,37.8,15.399999999999999,680.0,679.0,0.0,3.0,118185.0,26313.0,2.825686788383997,2.825686788383997,0.07475361874031738,True,True,1.0,35.79881763466064,CORRIDOR_ONLY,False,False,False,0.3347174984180725,1.9483932372434722,False,1.0150648674756078,1.0355300810110128,-30.046207399938098,0.0,0.0,0.0,0.9873916469661151,0.0,0.0,0.015064867475607757,0.0,0.0006857649865662433,0.007532433737803879,0.0,0.0003428824932831216,76.84186088023353,679.5647818967796,96.01247340724052,0.14705882352941177,1.0,0.0,78.37941176470588,33.0,0.05190502225289483,0.08701475362117486,0.012338797689551723,-0.044372588515090954,-0.08701475362117486,-0.011995915196268601,0,100,0.0,False,False,False,False,False,False,False,0.0,0.0,0.0,0.0,100
M0_STRAIGHT,local_forward,12.0,0.21666666666666665,LOCAL_FORWARD,675.0,-1.4,-56.14,-1.1199999999999917,218.0,529.4505199660946,81.74704981948213,27.163290841811545,44.50995470976791,5.414728212284799,54.428192712511155,163.0,745.8919606229643,82.06376065769925,77.77111395738976,45.68915137602161,6.846123658304333,77.50965703876261,9.0,True,True,0.0,0.005671063175726843,0.9999839193919355,76.44485386200789,67.9735294117647,72.0,19.353960057212937,2.890906368128209,1.0,1.0,99.0,0.14558823529411766,1.0,1.0,0.0,0.99,82.06376065769925,77.97844510318623,356.2332853052972,1979.2054913630368,0.05851464122954078,1.0,1.0,150.0,7.958719613757864,1.1999848902887567,33.0,0.267054303121117,0.0,43.0,0.0,0.0,75.86092663950708,26.600439583310344,2.617382846708036,2.890906368128209,0.0,0.0,81.74306965655248,77.93011058036288,0.10274065557344121,0.021748836241269418,158.01868876436788,87.01429247344849,89.69115225368574,157.766944161472,37.8,15.399999999999999,680.0,679.0,0.0,3.0,107928.0,23111.0,2.917257954534852,2.917257954534852,0.07717613636335588,True,True,1.0,74.70430615542828,CORRIDOR_ONLY,False,False,False,1.417221905230889,8.049388886869806,True,1.0521065996110002,1.0599425907563884,0.0,-0.0014705882352941124,0.0,0.0,0.8783111009767035,0.0,0.0,0.029535133327847296,0.0014705882352941124,0.0017803620208074467,0.018533783532825587,0.0007352941176470562,0.001061622257045284,77.99947333097333,703.7097736498034,76.44485386200789,0.14705882352941177,1.0,0.0,77.39117647058823,33.0,0.05190502225289483,0.08701475362117486,0.012338797689551723,-0.033371238720069245,-0.0862794595035278,-0.011277175432506439,0,99,0.0,False,False,False,False,False,False,False,0.0,0.0,0.0,0.0,99
M0_STRAIGHT,local_forward,18.0,0.31666666666666665,LOCAL_FORWARD,675.0,-1.4,-56.14,-1.1199999999999917,218.0,544.4904977247139,81.90920463938996,31.886818498229466,59.458842283606636,3.74143384284245,19.450729398895735,184.0,574.2952553416181,82.70617654672476,90.61548024749132,48.62664062832325,3.27010966004114,16.47216726408288,9.0,True,True,0.0,0.01326392285551619,0.9999120303059079,83.64787181883733,58.11764705882353,63.0,15.202969342092649,2.972974306110091,1.0,1.0,98.0,0.14411764705882352,1.0,1.0,0.0,0.98989898989899,82.70617654672476,90.61548024749133,356.0530246717217,2281.20614351554,0.06010989999679517,1.0,1.0,150.0,8.514657299600884,1.199999248256538,32.0,0.5220555666604885,0.0,297.0,0.0,0.0,90.70103164960253,32.08997252722202,2.317780723730619,2.9729743061100913,0.0,0.0,81.74857406793244,90.56967799094798,0.08932839501530047,0.017703682681488406,80.57072048858791,50.69275393370837,78.03989116562367,109.4218317082928,37.8,15.399999999999999,680.0,679.0,0.0,3.0,96170.0,19760.0,3.0571698265875824,3.0571698265875824,0.08087750863988313,True,True,1.0,90.70088554146456,CORRIDOR_ONLY,False,False,False,3.294549408877046,16.551489474343633,True,1.060342756364259,0.8160967444903109,7.2030179568294415,-0.0029411764705882526,0.0,0.0,0.7509596017177821,0.0,0.0,0.0603427563642589,0.0029411764705882526,0.0034803704444032564,0.03943826994854224,0.0018382352941176544,0.0022709963507242703,77.99947333097333,703.7097736498034,76.44485386200789,0.14705882352941177,1.0,0.0,77.39117647058823,33.0,0.05190502225289483,0.08701475362117486,0.012338797689551723,-0.01246675230435259,-0.08517651832705721,-0.010067801338827453,0,98,0.0,False,False,False,False,False,False,False,0.0,0.0,0.0,0.0,98
M0_STRAIGHT,local_forward,24.0,0.41666666666666663,LOCAL_FORWARD,675.0,-1.4,-56.14,-1.1199999999999917,218.0,547.2353900409727,81.77792546331979,36.342183548507116,62.732373970647096,2.13950961184804,5.949438541988305,77.0,623.2505055382935,81.71844648850009,101.96236186250961,49.812730391546125,2.076598688346896,6.439162526414255,5.0,True,True,0.0,0.005466737247720969,0.9999850572802899,64.04066727498639,51.6764705882353,56.5,13.203989121463376,2.9842468353513762,1.0,1.0,98.0,0.14411764705882352,1.0,1.0,0.0,1.0,82.15545444490868,103.07418507943333,355.4654884875037,2608.0367399527695,0.17159260447492253,1.0,1.0,150.0,8.296149213404135,1.1999876417572146,33.0,0.37902756892606604,0.0,585.0,0.0,0.0,91.83054442580818,32.61901814205786,2.2656447881579074,2.9842468353513762,0.0,0.0,81.74857406793244,103.06433881597826,0.07931729459760048,0.014423025543034472,34.71227056055907,22.727710488235676,58.75762555699101,70.0060365491804,37.8,15.399999999999999,680.0,679.0,0.0,3.0,86445.0,17570.0,3.3586601992059726,3.3586601992059726,0.08885344442343844,True,True,1.0,91.8281126384285,CORRIDOR_ONLY,False,False,False,5.774190686516221,25.8213394343684,True,1.0476794649849253,0.8856641315435958,-12.4041865870215,-0.0029411764705882526,0.0,0.0,0.667730779462623,0.0,0.0,0.0,0.0029411764705882526,0.002526850459507107,0.01971913497427112,0.0023897058823529535,0.0023989234051156887,77.99947333097333,703.7097736498034,76.44485386200789,0.14705882352941177,1.0,0.0,77.39117647058823,33.0,0.05190502225289483,0.08701475362117486,0.012338797689551723,-0.03218588727862371,-0.0846250477388219,-0.009939874284436035,0,98,0.0,False,False,False,False,False,False,False,0.0,0.0,0.0,0.0,98
M0_STRAIGHT,local_forward,30.0,0.5166666666666666,LOCAL_FORWARD,675.0,-1.4,-56.14,-1.1199999999999917,218.0,552.5025310669947,81.7479479608144,40.77262573075522,60.09990377328769,1.0591877378355736,2.080501993405334,67.0,650.7943018711309,81.70767382719717,112.37184150519015,40.7997475760257,1.6192638382037121,4.609067704548866,4.0,True,True,0.0,0.0030856964816423646,0.9999952392272792,48.31671901339485,46.52058823529412,50.0,11.461554134731948,2.988488478375125,1.0,1.0,97.0,0.1426470588235294,1.0,1.0,0.0,0.9897959183673469,81.98216746523956,113.84514029998226,354.85085711269244,2921.8887314540098,0.25037884675461236,1.0,1.0,150.0,8.452256634629862,1.1999870413773255,33.0,0.08392020039331652,0.0,873.0,0.0,0.0,86.60232856960926,32.25902633006597,2.174539661254136,2.988488478375125,11.0,0.06546033874586366,81.74857406793244,113.84539320840695,0.07224934273447221,0.012448504570181339,10.369077492962836,8.283553148831517,50.973482517789385,56.940047124364234,37.8,15.399999999999999,680.0,679.0,0.0,4.0,79679.0,15817.0,3.783459080293083,3.783459080293083,0.10009151006066358,True,True,1.0,86.59992382160257,CORRIDOR_ONLY,False,False,False,8.640464324705135,34.658042687295875,True,1.047541353010025,0.9248049781883438,-28.128134848613037,-0.004411764705882365,0.0,0.0,0.6011097176300688,0.0,0.0,0.0,0.004411764705882365,0.0005594680026221101,0.00985956748713556,0.0034007352941176593,0.0014791957038688994,77.99947333097333,703.7097736498034,76.44485386200789,0.14705882352941177,1.0,0.0,77.39117647058823,33.0,0.05190502225289483,0.08701475362117486,0.012338797689551723,-0.04204545476575927,-0.0836140183270572,-0.010859601985682824,0,97,0.0,False,False,False,False,False,False,False,0.0,0.0,0.0,0.0,97
M0_STRAIGHT,local_forward,36.0,0.6166666666666669,LOCAL_FORWARD,675.0,-1.4,-56.14,-1.1199999999999917,218.0,555.840447937888,81.73790064660108,45.215991837754004,55.63886361980578,0.6365770295532065,1.523245576520688,49.0,798.9010751573928,81.71041860223403,121.65350471389576,26.446244160911622,1.608551181948955,5.346079745837307,3.0,True,True,0.0,0.0019735475441885046,0.9999980525531491,31.66114682631811,43.88235294117647,46.0,11.108726579962877,3.0041034705622183,1.0,1.0,97.0,0.1426470588235294,1.0,1.0,0.0,1.0,81.90160297808339,123.28144901408153,354.5622231930678,3208.09845265671,0.3132977452990597,1.0,1.0,150.0,8.792653726099218,1.1999878509235489,33.0,0.08002145973744429,0.0,1161.0,0.0,0.0,85.79494863914196,31.982106732290273,2.1987333202533503,3.0041034705622183,5.0,0.04126667974664944,81.74857406793244,123.28160305095827,0.06732997753475543,0.011395423808275644,1.0633460642189996,1.5213669800526073,46.921784590208475,49.47164286702665,37.8,15.399999999999999,680.0,679.0,0.0,4.0,75096.0,14920.0,4.6010803634110635,4.6010803634110635,0.12172170273574243,True,True,1.0,85.79271513430957,CORRIDOR_ONLY,False,False,False,11.728215818785657,43.24875394787277,True,1.047576542671181,1.135270682704715,-44.78370703568978,-0.004411764705882365,0.0,0.0,0.5670201041310379,0.0,0.0,0.047576542671180944,0.004411764705882365,0.0005334763982496285,0.028718055079158252,0.003906250000000012,0.001006336051059264,77.99947333097333,703.7097736498034,76.44485386200789,0.14705882352941177,1.0,0.0,77.39117647058823,33.0,0.05190502225289483,0.08701475362117486,0.012338797689551723,-0.02318696717373658,-0.08310850362117485,-0.011332461638492459,0,97,0.0,False,False,False,False,False,False,False,0.0,0.0,0.0,0.0,97
M0_STRAIGHT,local_forward,42.0,0.7166666666666672,LOCAL_FORWARD,675.0,-1.4,-56.14,-1.1199999999999917,218.0,558.4842107365243,81.73252163266349,49.55831240786907,51.39867831801852,0.5829665274686525,1.4862671235742506,69.0,794.3214554194922,81.83846151822496,129.96507481875506,38.241041789990334,1.640565149353676,5.592077500748377,5.0,True,True,0.0,0.0013153799143991562,0.9999991348874663,8.023416965521676,41.78823529411765,43.0,10.653741809001755,3.0249814316442407,1.0,1.0,94.0,0.13823529411764707,1.0,1.0,0.0,0.9690721649484536,81.85492760634276,131.65089472012193,354.4206428125791,3426.550147839096,0.3345519892782281,1.0,1.0,150.0,8.385420398425936,1.1999999713532084,32.0,0.47445010499752555,0.0,1449.0,0.0,0.0,81.50258074131256,32.33549440360486,2.276326530340588,3.0249814316442407,0.0,0.0,81.74857406793244,131.6471040212172,0.06387358102873751,0.010961604197056204,0.0,0.0,43.801486027821795,48.30167059151655,37.8,15.399999999999999,680.0,679.0,0.0,4.0,71427.0,14208.0,5.923272926220178,5.923272926220178,0.15670034196349678,True,True,1.0,81.50257573819688,CORRIDOR_ONLY,False,False,False,14.927713526075124,51.632938918401976,True,1.0492181296014877,1.1287628581591664,-68.42143689648621,-0.008823529411764702,0.0,0.0,0.5399612358910044,0.0,0.0,0.04921812960148775,0.008823529411764702,0.0031630006999835035,0.038968092340323,0.006364889705882357,0.0020846683755213835,77.99947333097333,703.7097736498034,76.44485386200789,0.14705882352941177,1.0,0.0,77.39117647058823,33.0,0.05190502225289483,0.08701475362117486,0.012338797689551723,-0.01293692991257183,-0.08064986391529251,-0.01025412931403034,0,94,0.0,False,False,False,False,False,False,False,0.0,0.0,0.0,0.0,94
M0_STRAIGHT,local_forward,48.0,0.8166666666666675,LOCAL_FORWARD,675.0,-1.4,-56.14,-1.1199999999999917,218.0,561.6275852414645,81.73256964698415,53.07116057049472,48.38740162129676,0.5646044967008742,1.1702082559395586,67.0,849.9467239539132,81.83836926177247,136.98514541034874,41.02258699638399,1.7880704322588916,5.962436307405202,6.0,True,True,0.0,0.0012601262002095493,0.9999992060406646,5.521756258699801,39.720588235294116,42.0,9.861012936030836,3.0512897293403487,1.0,1.0,95.0,0.13970588235294118,1.0,1.0,0.0,1.0,81.85460459749339,138.46147830557135,354.37171601194143,3648.480166380729,0.36940117598118916,1.0,1.0,150.0,8.430516629282977,1.1999997244277123,33.0,0.10099943384081883,0.0,1738.0,0.0,0.0,70.30429010010621,32.625299232417944,2.3954333433826434,3.0512897293403487,0.0,0.0,81.74857406793244,138.45780464617692,0.06136872142904042,0.010763616243649106,0.0,0.0,41.12408104337253,44.515769606932885,37.8,15.399999999999999,680.0,679.0,0.0,4.0,68759.0,13505.0,7.118664825027171,7.118664825027171,0.1883244662705601,True,True,1.0,70.30424858460059,CORRIDOR_ONLY,False,False,False,18.175913353997174,59.17380313938641,True,1.0492169468184693,1.2078086105663266,-70.9230976033081,-0.00735294117647059,0.0,0.0,0.5132444039068141,0.0,0.0,0.04921694681846933,0.00735294117647059,0.0006733295589387922,0.04409251957939617,0.006858915441176474,0.001378998967230088,77.99947333097333,703.7097736498034,76.44485386200789,0.14705882352941177,1.0,0.0,77.39117647058823,33.0,0.05190502225289483,0.08701475362117486,0.012338797689551723,-0.007812502673498666,-0.08015583817999838,-0.010959798722321636,0,95,0.0,False,False,False,False,False,False,False,0.0,0.0,0.0,0.0,95
M0_STRAIGHT,local_forward,54.0,0.9166666666666679,LOCAL_FORWARD,675.0,-1.4,-56.14,-1.1199999999999917,218.0,565.9199480306992,81.74230261869404,55.39989716536977,46.31575903607634,0.5457355587575929,0.9009380472301571,43.0,700.8243378890069,81.7117468726519,26.164958478306847,51.81366495165415,1.4561562903178542,3.6874500804870767,4.0,True,True,0.0,0.0008092031200444882,0.9999996725951017,2.9092073938048637,37.94117647058823,41.0,8.935524529422823,3.0777376142105877,1.0,1.0,92.0,0.13529411764705881,1.0,1.0,0.0,0.9578947368421052,81.83151478446624,143.5137546147916,354.278930586988,3769.278611501675,0.38119975544909523,1.0,1.0,150.0,8.435977946830576,1.199999679003996,33.0,0.15833230815795987,0.0,2032.0,0.0,0.0,62.13050064302017,32.68714476807603,2.4887599431026337,3.0777376142105877,0.0,0.0,81.75856209339722,143.51135135981005,0.05945779493949822,0.010500243105296765,0.0,0.0,39.3668309639935,43.54249403490625,37.8,15.399999999999999,680.0,679.0,0.0,5.0,66859.0,12900.0,7.721470725054894,7.721470725054894,0.20427171230303956,True,True,0.999905172942287,58.31169584590516,CORRIDOR_ONLY,False,False,False,21.44049870857802,65.46128910839727,True,1.0475935718940865,0.9958996792870572,-73.53564646820303,-0.011764705882352955,0.0,0.0,0.49025196670847104,0.0,0.0,0.0,0.011764705882352955,0.001055548721053066,0.022046259789698083,0.009311810661764714,0.001217273844141577,77.99947333097333,703.7097736498034,76.44485386200789,0.14705882352941177,1.0,0.0,77.39117647058823,33.0,0.05190502225289483,0.08701475362117486,0.012338797689551723,-0.02985876246319675,-0.07770294295941015,-0.011121523845410146,0,92,0.0,False,False,False,False,False,False,False,0.0,0.0,0.0,0.0,92
M0_STRAIGHT,local_forward,60.0,1.016666666666668,LOCAL_FORWARD,675.0,-1.4,-56.14,-1.1199999999999917,218.0,573.8692629709252,81.74028328989849,57.060733614402984,44.878071226741504,0.5617520295856501,0.8623146092124733,42.0,721.9146321653047,81.74028328989849,27.133191824441447,49.17553901814445,1.4273027674644756,3.235166987999667,4.0,True,True,0.0,0.0006578177780381209,0.9999997836378621,1.786134055101302,36.688235294117646,40.0,8.416187648387599,3.103165944888455,1.0,1.0,91.0,0.1338235294117647,1.0,1.0,0.0,0.967391304347826,81.83470499827837,147.7887959518166,354.1705493128994,3879.628726897236,0.3844710885247828,1.0,1.0,150.0,8.482401479756078,1.1999990811517875,33.0,0.056836201076916004,0.0,2341.0,0.0,0.0,59.675743686964275,32.672378196087834,2.574870162985382,3.103165944888455,0.0,0.0,81.75856209339722,147.76307046654983,0.057909421354461484,0.010151037956866027,0.0,0.0,38.095099183039274,42.94263242432961,37.8,15.399999999999999,680.0,679.0,0.0,5.0,65263.0,12474.0,8.199127470089252,8.199127470089252,0.21690813412934531,True,True,0.9887915697391719,54.794835604099255,CORRIDOR_ONLY,False,False,False,24.707321184326332,71.02993898147233,True,1.047959425867555,1.0258698389551726,-74.65871980690659,-0.013235294117647067,0.0,0.0,0.47406225059856344,0.0,0.0,0.012852328306141914,0.013235294117647067,0.00037890800717944005,0.01744929404792,0.011273552389705892,0.0007980909256605085,77.99947333097333,703.7097736498034,76.44485386200789,0.14705882352941177,1.0,0.0,77.39117647058823,33.0,0.05190502225289483,0.08701475362117486,0.012338797689551723,-0.034455728204974834,-0.07574120123146896,-0.011540706763891215,0,91,0.0,False,False,False,False,False,False,False,0.0,0.0,0.0,0.0,91
M0_STRAIGHT,local_forward,66.0,1.1166666666666676,LOCAL_FORWARD,675.0,-1.4,-56.14,-1.1199999999999917,218.0,579.3290001656751,81.7486304950117,58.6904396591917,43.87682570343446,0.5837419251437245,0.9263144175465805,36.0,741.6214196351389,81.7486304950117,24.9266786631981,48.26169710052747,1.5020785967680794,3.513564032417592,4.0,True,True,0.0,0.0005129113105168117,0.9999998684609851,1.7000011653810663,35.66470588235294,39.0,7.977869476500794,3.1298312189403465,1.0,1.0,90.0,0.1323529411764706,1.0,1.0,0.0,0.978021978021978,81.82546518432127,151.91387431123553,354.05863267395483,3968.788215292433,0.3839512351380609,1.0,1.0,150.0,8.435752255015558,1.1999996429764368,33.0,0.052277956805482265,0.0,2652.0,0.0,0.0,58.59085889810583,32.63823330038441,2.6507078946062954,3.1298312189403465,0.0,0.0,81.75856209339722,151.893815182302,0.05658356374828971,0.009800611890407172,0.0,0.0,36.84816816400814,42.14434882420651,37.8,15.399999999999999,680.0,679.0,0.0,5.0,63757.0,12126.0,8.96055916903668,8.96055916903668,0.23705182986869525,True,True,0.9354303396133206,55.364907978537424,CORRIDOR_ONLY,False,False,False,27.971512878327864,76.53019917920523,True,1.0480664420403156,1.0538739795934708,-74.74485269662682,-0.01470588235294118,0.0,0.0,0.4608368487059628,0.0,0.0,0.02658364471360586,0.01470588235294118,0.0003485197120365484,0.02201646938076293,0.012989717371323536,0.0005733053188485285,77.99947333097333,703.7097736498034,76.44485386200789,0.14705882352941177,1.0,0.0,77.39117647058823,33.0,0.05190502225289483,0.08701475362117486,0.012338797689551723,-0.029888552872131904,-0.07402503624985132,-0.011765492370703194,0,90,0.0,False,False,False,False,False,False,False,0.0,0.0,0.0,0.0,90
M0_STRAIGHT,local_forward,72.0,1.2166666666666672,LOCAL_FORWARD,675.0,-1.4,-56.14,-1.1199999999999917,218.0,582.1965211977372,81.74958194241542,60.40844896980113,43.130335741543455,0.6015635548471897,1.0105533236943736,34.0,791.7086714143445,81.74958194241543,25.994298857077784,47.83931861884117,1.4446289428531225,3.7296236515168784,4.0,True,True,0.0,0.00036449122661501526,0.9999999335730707,1.7100484000270584,35.088235294117645,38.5,8.076172823438615,3.1592287043682212,1.0,1.0,89.0,0.13088235294117648,1.0,1.0,0.0,0.9777777777777777,81.80703489996807,155.84488686746926,353.9356297123288,4042.7901330818972,0.3867049481734864,1.0,1.0,150.0,8.399718016438072,1.1999999016931855,32.0,0.04109160232894025,0.0,2964.0,0.0,0.0,57.16089793122157,32.604278043189545,2.718703489660404,3.1592287043682212,0.0,0.0,81.75856209339722,155.83063012600235,0.05539291256655621,0.009519636890720879,0.0,0.0,35.77198603675305,41.68959092448647,37.8,15.399999999999999,680.0,679.0,0.0,5.0,62120.0,11930.0,9.869137971663898,9.869137971663898,0.26108830612867456,True,True,0.8207697349730785,55.87969490124657,CORRIDOR_ONLY,False,False,False,31.232193806392885,82.10804334239873,True,1.048078640166317,1.125049986599068,-74.73480546198083,-0.016176470588235292,0.0,0.0,0.4533880591342682,0.0,0.0,0.04807864016631691,0.016176470588235292,0.00027394401552626835,0.03504755477353992,0.014583093979779414,0.0004236246671873984,77.99947333097333,703.7097736498034,76.44485386200789,0.14705882352941177,1.0,0.0,77.39117647058823,33.0,0.05190502225289483,0.08701475362117486,0.012338797689551723,-0.01685746747935491,-0.07243165964139545,-0.011915173022364325,0,89,0.0,False,False,False,False,False,False,False,0.0,0.0,0.0,0.0,89
M0_STRAIGHT,local_forward,78.0,1.3166666666666669,LOCAL_FORWARD,675.0,-1.4,-56.14,-1.1199999999999917,218.0,588.4006396167002,81.74878784859914,62.09600726284965,42.50921307889935,0.600400647154415,0.9028240004146332,15.0,143.9609208998701,41.88043348918332,19.091567537157072,47.36897971697305,1.3179828598100727,2.171811688867899,2.0,True,True,0.0,0.00046883460473453855,0.9999998900970507,1.6529434465901494,34.57941176470588,38.0,8.234049800952596,3.194394608324752,1.0,1.0,85.0,0.125,1.0,1.0,0.0,0.9438202247191011,81.82246830871483,160.29118539936658,353.8232351522888,4117.055206780872,0.3859217445949667,1.0,1.0,150.0,8.380299616003953,1.1999999745582006,32.0,0.022531816880329063,0.0,3278.0,0.0,0.0,59.934911769782474,32.57616941212556,2.7825495471339705,3.194394608324752,0.0,0.0,81.75856209339722,160.27766158908184,0.05428893038012802,0.00935317055668468,0.0,0.0,34.94171714362647,41.33558204609558,37.8,15.399999999999999,680.0,679.0,0.0,5.0,61071.0,11757.0,10.741871527044777,10.741871527044777,0.28417649542446505,True,True,0.6697806131591967,54.264559160971565,CORRIDOR_ONLY,False,False,False,34.489790624791745,87.62326262627049,True,0.5369322599330005,0.2045742808902798,-74.79191041541775,-0.02205882352941177,0.0,0.0,0.44681336221639495,0.0,0.0,0.0,0.02205882352941177,0.00015021211253552708,0.01752377738676996,0.018320958754595593,0.00028691838986146277,77.99947333097333,703.7097736498034,76.44485386200789,0.14705882352941177,1.0,0.0,77.39117647058823,33.0,0.05190502225289483,0.08701475362117486,0.012338797689551723,-0.03438124486612487,-0.06869379486657927,-0.01205187929969026,0,85,0.0,False,False,False,False,False,False,False,0.0,0.0,0.0,0.0,85
M0_STRAIGHT,local_forward,84.0,1.4166666666666665,LOCAL_FORWARD,675.0,-1.4,-56.14,-1.1199999999999917,218.0,591.0680610126191,81.7487006212854,63.46170875504414,41.94628725604232,0.5976529984319511,0.8630259245563158,15.0,145.787444415798,42.00472180768591,20.069212602849532,46.343687299355594,1.1400535494424473,1.4192752426918496,2.0,True,True,0.0,0.0004699410680557959,0.9999998895776901,1.839961504689315,34.16470588235294,37.0,8.360758562297097,3.2345957286159814,1.0,1.0,84.0,0.12352941176470589,1.0,1.0,0.0,0.9764705882352941,81.82394486745807,164.83919024727297,353.7192685476422,4232.501116722049,0.3859677159864795,1.0,1.0,150.0,8.369830678524522,1.1999999942311745,32.0,0.012202550373304533,0.0,3596.0,0.0,0.0,59.57893107336321,32.55554236455876,2.8419628474140133,3.2345957286159814,0.0,0.0,81.75856209339722,164.82565800105277,0.053256349555957164,0.009296721023438198,0.0,0.0,34.06657603890779,40.97190699871507,37.8,15.399999999999999,680.0,679.0,0.0,5.0,60029.0,11616.0,11.324878043772388,11.324878043772388,0.2995999482479468,True,True,0.5476465540644422,50.11485022012704,CORRIDOR_ONLY,False,False,False,37.74492259920447,92.8253130652254,True,0.5385257106730486,0.20716984455064308,-74.60489235731858,-0.023529411764705882,0.0,0.0,0.44145479420818606,0.0,0.0,0.0,0.023529411764705882,8.135033582203022e-05,0.00876188869338498,0.020925185259650737,0.0001841343628417465,77.99947333097333,703.7097736498034,76.44485386200789,0.14705882352941177,1.0,0.0,77.39117647058823,33.0,0.05190502225289483,0.08701475362117486,0.012338797689551723,-0.043143133559509855,-0.06608956836152413,-0.012154663326709976,0,84,0.0,False,False,False,False,False,False,False,0.0,0.0,0.0,0.0,84
M0_STRAIGHT,local_forward,90.0,1.5166666666666662,LOCAL_FORWARD,675.0,-1.4,-56.14,-1.1199999999999917,218.0,597.1914259615603,81.75930083465724,64.45499545122618,41.426679841428935,0.5718221931537039,0.690590627905064,15.0,147.6557999582571,42.19701324515411,20.670347222335586,45.62314555215862,1.0533358089123286,1.1673907881654229,2.0,True,True,0.0,0.000694622369824899,0.9999997587498526,1.7662145996917753,33.705882352941174,37.0,8.470986510244684,3.2757222903660743,1.0,1.0,79.0,0.1161764705882353,1.0,1.0,0.0,0.9404761904761905,81.85739255912611,168.4294875581694,353.62158028086856,4309.870318141464,0.36284561936532383,1.0,1.0,150.0,8.36475331576392,1.1999999987609233,32.0,0.005942004636819951,0.0,3920.0,0.0,0.0,59.16285202785616,32.53761176636,2.898099166683763,3.2757222903660743,0.0,0.0,81.75977553158651,168.40960607191414,0.05230231318743361,0.009290078302235655,0.0,0.0,33.115545973209784,40.08639585060005,37.8,15.399999999999999,680.0,679.0,0.0,5.0,59026.0,11460.0,11.41416602744109,11.41416602744109,0.30196206421801824,True,True,0.5132923447029716,44.712747116421774,CORRIDOR_ONLY,False,False,False,40.99814286752181,97.52310984335222,True,0.5409910021584443,0.20982485320963729,-74.67863926231611,-0.030882352941176472,0.0,0.0,0.43552616577357195,0.0,0.0,0.0,0.030882352941176472,3.961336424546634e-05,0.00438094434669249,0.025903769100413605,0.00011187386354360642,77.99947333097333,703.7097736498034,76.44485386200789,0.14705882352941177,1.0,0.0,77.39117647058823,33.0,0.05190502225289483,0.08701475362117486,0.012338797689551723,-0.04752407790620234,-0.06111098452076126,-0.012226923826008117,0,79,0.0,False,False,False,False,False,False,False,0.0,0.0,0.0,0.0,79
M0_STRAIGHT,local_forward,96.0,1.6166666666666658,LOCAL_FORWARD,675.0,-1.4,-56.14,-1.1199999999999917,218.0,599.687095609707,81.75912747118448,64.91891831997057,40.93343928009558,0.5676510627415334,0.6786345147551288,17.0,159.1808817857372,45.589340786243305,20.836297234768224,46.198477102087985,0.8278619028697858,0.7651251412133135,2.0,True,True,0.0,0.00036684299878148507,0.9999999327131048,1.478541592398292,33.241176470588236,36.0,8.51093129787178,3.319122629349374,1.0,1.0,77.0,0.11323529411764706,1.0,1.0,0.0,0.9493670886075949,81.81138756332808,171.26319871965833,353.53466589817435,4288.242996625159,0.34028295478186554,1.0,1.0,150.0,8.36998159609783,1.1999999938015224,32.0,0.006343569533807229,0.0,4251.0,0.0,0.0,56.15010827114574,32.52398096072298,2.938871036221535,3.319122629349374,0.0,0.0,81.75977553158651,171.2653597637142,0.05142147345966518,0.009305032597215011,0.0,0.0,32.33931232913342,39.73340902320627,37.8,15.399999999999999,680.0,679.0,0.0,5.0,58050.0,11302.0,10.991499441667523,10.991499441667523,0.29078040850972287,True,True,0.5797834243772428,40.5005903235938,CORRIDOR_ONLY,False,False,False,44.25002508759817,101.72776657370218,True,0.5844826745533925,0.2262024598012085,-74.9663122696096,-0.03382352941176471,0.0,0.0,0.4295215292821039,0.0,0.0,0.0,0.03382352941176471,4.229046355871486e-05,0.002190472173346245,0.029863649256089156,7.708216355116064e-05,77.99947333097333,703.7097736498034,76.44485386200789,0.14705882352941177,1.0,0.0,77.39117647058823,33.0,0.05190502225289483,0.08701475362117486,0.012338797689551723,-0.049714550079548586,-0.057151104365085706,-0.012261715526000562,0,77,0.0,False,False,False,False,False,False,False,0.0,0.0,0.0,0.0,77
M0_STRAIGHT,local_forward,102.0,1.7166666666666655,LOCAL_FORWARD,675.0,-1.4,-56.14,-1.1199999999999917,218.0,602.1318234590088,81.75903469295935,65.24460466172768,40.47576078105482,0.5603472588451549,0.5992714397860247,16.0,169.56270411565214,45.51703087505176,19.139588684221504,46.38449119976558,0.6874280506043314,0.48859436478353535,2.0,True,True,0.0,0.00015349916459345882,0.9999999882190033,1.474704687940988,32.71470588235294,36.0,8.534071242514814,3.3656099689486663,1.0,1.0,81.0,0.11911764705882352,1.0,1.0,0.0,1.0,81.78066156910762,173.73961941773084,353.46221118270796,4394.754545676875,0.3537177358219804,1.0,1.0,150.0,8.398549486237158,1.1999999011085727,32.0,0.03430352228938928,0.0,4586.0,0.0,0.0,53.29514789422354,32.519620785388845,2.9508888795337107,3.3656099689486663,0.0,0.0,81.75982829370088,173.74050671572434,0.05060284916815903,0.009350222134510228,0.0,0.0,31.542878600649196,39.5771459922158,37.8,15.399999999999999,680.0,679.0,0.0,5.0,57110.0,11123.0,10.301024395298308,10.301024395298308,0.27251387289148965,True,True,0.7042465369092216,39.875443967837704,CORRIDOR_ONLY,False,False,False,47.50123020545049,105.70649051512116,True,0.5835556181502715,0.2409554484886747,-74.9701491740669,-0.027941176470588247,0.0,0.0,0.42271880819366847,0.0,0.0,0.0,0.027941176470588247,0.00022869014859592854,0.0010952360866731225,0.0289024128633387,0.00015288615607354458,77.99947333097333,703.7097736498034,76.44485386200789,0.14705882352941177,1.0,0.0,77.39117647058823,33.0,0.05190502225289483,0.08701475362117486,0.012338797689551723,-0.05080978616622171,-0.05811234075783616,-0.012185911533478179,0,81,0.0,False,False,False,False,False,False,False,0.0,0.0,0.0,0.0,81
M0_STRAIGHT,local_forward,108.0,1.816666666666665,LOCAL_FORWARD,675.0,-1.4,-56.14,-1.1199999999999917,218.0,604.4531572038495,81.75908039204973,65.80542413048997,40.0604302387955,0.562245997377456,0.5960091225617445,15.0,181.42831130836143,45.51623208568806,17.447339651648676,46.76660651942651,0.6880588158471583,0.5090528928196675,2.0,True,True,0.0,0.0002494270579293278,0.999999968893071,1.4563355836800498,32.17058823529412,35.0,8.513502404028028,3.41440036665196,1.0,1.0,85.0,0.125,1.0,1.0,0.0,1.0,81.79551103764118,176.23924524957766,353.4094717349152,4578.158401166746,0.3888156476470868,1.0,1.0,150.0,8.43656133858346,1.1999996029049065,33.0,0.04538370290395757,0.0,4928.0,0.0,0.0,51.66790066295608,32.52185236688261,2.9472996561789535,3.41440036665196,0.0,0.0,81.75982829370088,176.24066286187437,0.04984829213568247,0.009408348311577391,0.0,0.0,30.80454693553575,39.00185786717244,37.8,15.399999999999999,680.0,679.0,0.0,5.0,56191.0,10938.0,9.745517770722063,9.745517770722063,0.25781793044238266,True,True,0.8054054741326507,43.144809189350795,CORRIDOR_ONLY,False,False,False,50.752423691148586,109.86015748472795,True,0.5835453771918446,0.2578169553726392,-74.98851827832785,-0.02205882352941177,0.0,0.0,0.4156880629346711,0.0,0.0,0.0,0.02205882352941177,0.00030255801935971714,0.0005476180433365613,0.025480618196375236,0.00022772208771663086,77.99947333097333,703.7097736498034,76.44485386200789,0.14705882352941177,1.0,0.0,77.39117647058823,33.0,0.05190502225289483,0.08701475362117486,0.012338797689551723,-0.05135740420955827,-0.06153413542479963,-0.012111075601835093,0,85,0.0,False,False,False,False,False,False,False,0.0,0.0,0.0,0.0,85
M0_STRAIGHT,local_forward,114.0,1.9166666666666647,LOCAL_FORWARD,675.0,-1.4,-56.14,-1.1199999999999917,218.0,606.7695784102658,81.75909800477632,66.84867292050396,39.69307776213315,0.5822902936652247,0.6889054256108101,14.0,163.32344726742073,45.51431321410762,17.65467744603575,47.20624206135417,0.7058480744944988,0.6688963091412264,2.0,True,True,0.0,0.00027121671024859503,0.9999999632207474,1.3510977103071882,31.76764705882353,35.0,8.542048954789522,3.463640654563615,1.0,1.0,86.0,0.1264705882352941,1.0,1.0,0.0,1.0,81.799448318658,179.21076458684996,353.36979034264033,4676.569872428008,0.40104907652906613,1.0,1.0,150.0,8.427388817512991,1.199999679473876,33.0,0.01109065872910584,0.0,5270.0,0.0,0.0,50.46662619737689,32.52714648509262,2.938381161867545,3.463640654563615,0.0,0.0,81.75982829370088,179.212277919418,0.04914821625577015,0.00947440067759037,0.0,0.0,30.070582741039704,38.379859850770394,37.8,15.399999999999999,680.0,679.0,0.0,5.0,55290.0,10801.0,9.582381479533897,9.582381479533897,0.2535021555432248,True,True,0.8407327264125729,47.80782581865427,CORRIDOR_ONLY,False,False,False,54.00407502301112,114.44891504001498,True,0.583520776108036,0.23208921260300355,-75.0937561517007,-0.020588235294117657,0.0,0.0,0.4104815110401703,0.0,0.0,0.0,0.020588235294117657,7.393772486070559e-05,0.00027380902166828063,0.023034426745246445,0.00015082990628866822,77.99947333097333,703.7097736498034,76.44485386200789,0.14705882352941177,1.0,0.0,77.39117647058823,33.0,0.05190502225289483,0.08701475362117486,0.012338797689551723,-0.051631213231226554,-0.06398032687592842,-0.012187967783263054,0,86,0.0,False,False,False,False,False,False,False,0.0,0.0,0.0,0.0,86
M0_STRAIGHT,local_forward,120.0,2.0166666666666644,LOCAL_FORWARD,675.0,-1.4,-56.14,-1.1199999999999917,218.0,608.9113239724487,81.76668596991952,68.34245716911231,39.3700602511622,0.5627129069547511,0.5954022824118532,14.0,163.73922432411842,45.49455232393552,18.284191573233347,46.9672250233888,0.6674775499872602,0.7020960058665686,2.0,True,True,0.0,0.00038811305802358847,0.9999999246841244,1.2178312133603304,31.33529411764706,34.0,8.570945529312153,3.5133496562035083,1.0,1.0,86.0,0.1264705882352941,1.0,1.0,0.0,1.0,81.8182549665103,182.56078218653192,353.33079277369444,4780.342735148601,0.4135072561458256,1.0,1.0,150.0,8.38884463498843,1.199999932454496,32.0,0.04409928124738822,0.0,5614.0,0.0,0.0,51.12775309131851,32.53172008813747,2.92864883058034,3.5133496562035083,0.0,0.0,81.75982829370088,182.5629175237846,0.048498384922257165,0.009542927918210202,0.0,0.0,29.517564313162335,38.14067241366436,37.8,15.399999999999999,680.0,679.0,0.0,6.0,54492.0,10654.0,9.810539972873208,9.810539972873208,0.2595380945204553,True,True,0.8154835396262937,51.12774569106992,CORRIDOR_ONLY,False,False,False,57.2563129998812,119.43987852802624,True,0.5832674296516024,0.2326800485871924,-75.22702264864756,-0.020588235294117657,0.0,0.0,0.40489491886139933,0.0,0.0,0.0,0.020588235294117657,0.00029399520831592144,0.00013690451083414032,0.02181133101968205,0.00022241255730229482,77.99947333097333,703.7097736498034,76.44485386200789,0.14705882352941177,1.0,0.0,77.39117647058823,33.0,0.05190502225289483,0.08701475362117486,0.012338797689551723,-0.05176811774206069,-0.06520342260149281,-0.012116385132249429,0,86,0.0,False,False,False,False,False,False,False,0.0,0.0,0.0,0.0,86
M0_STRAIGHT,local_forward,126.0,2.116666666666664,LOCAL_FORWARD,675.0,-1.4,-56.14,-1.1199999999999917,218.0,610.8039104437413,81.76513664612239,70.0875492078672,39.08708633079353,0.5372265985786445,0.5367663571236353,27.0,637.083891908293,81.74019083038723,20.598285812063313,46.08885113214184,0.6123353648106222,0.7444125416194287,4.0,True,True,0.0,0.0003036028025529012,0.999999953912668,1.1342681366714527,31.011764705882353,34.0,8.57320602760108,3.5624257618642132,1.0,1.0,87.0,0.12794117647058822,1.0,1.0,0.0,1.0,81.80579212204916,185.9425925042398,353.2984805728503,4865.029870178764,0.422279612068912,1.0,1.0,150.0,8.369818994150023,1.199999988452008,32.0,0.02222171246510316,0.0,5968.0,0.0,0.0,52.173041136871625,32.53405956979102,2.9181551266122154,3.5624257618642132,0.0,0.0,81.75982829370088,185.9442390030381,0.04789567177927315,0.009603950265928389,0.0,0.0,29.23863878311281,37.87702271296824,37.8,15.399999999999999,680.0,679.0,0.0,6.0,53808.0,10544.0,10.324964180669731,10.324964180669731,0.2731472005468183,True,True,0.7376522954582458,52.1730398458134,CORRIDOR_ONLY,False,False,False,60.50897315617357,124.63365991459298,True,1.0479582404812018,0.9053219320857886,-75.31058572533644,-0.019117647058823545,0.0,0.0,0.40071447573442787,0.0,0.0,0.0,0.019117647058823545,0.00014814474976735439,6.845225541707016e-05,0.020464489039252798,0.0001852786535348246,77.99947333097333,703.7097736498034,76.44485386200789,0.14705882352941177,1.0,0.0,77.39117647058823,33.0,0.05190502225289483,0.08701475362117486,0.012338797689551723,-0.05183656999747776,-0.06655026458192206,-0.0121535190360169,0,87,0.0,False,False,False,False,False,False,False,0.0,0.0,0.0,0.0,87
M0_STRAIGHT,local_forward,132.0,2.2166666666666637,LOCAL_FORWARD,675.0,-1.4,-56.14,-1.1199999999999917,218.0,611.5673594262954,81.7654330892369,71.76105717922009,38.84135527841738,0.5393561588696341,0.537316467440968,27.0,635.8042543787354,81.74021626727443,21.203049590162586,45.50341828051855,0.6059901620755913,0.7368850458421758,4.0,True,True,0.0,0.00030969915482760536,0.9999999520432157,1.145186818691179,30.66764705882353,34.0,8.565396202787507,3.6120481027349505,1.0,1.0,88.0,0.12941176470588237,1.0,1.0,0.0,1.0,81.80744397992284,189.1397861352305,353.27178152780266,4997.611650188165,0.43867696716238563,1.0,1.0,150.0,8.366718719442957,1.1999999929933043,32.0,0.0035863555183014307,0.0,6327.0,0.0,0.0,50.70052099208646,32.53336897713456,2.9068587397419825,3.612048102734951,0.0,0.0,81.75982829370088,189.14144573569462,0.04733310941289031,0.009655586183985378,0.0,0.0,29.157287034944485,37.509885875521476,37.8,15.399999999999999,680.0,679.0,0.0,6.0,53213.0,10427.0,10.91456407094004,10.91456407094004,0.28874508124180004,True,True,0.6293346642527775,50.700520230851204,CORRIDOR_ONLY,False,False,False,63.76171454572371,129.78514209205073,True,1.0479585665973423,0.9035035154920831,-75.29966704331672,-0.017647058823529405,0.0,0.0,0.3962680044084673,0.0,0.0,0.0,0.017647058823529405,2.3909036788676205e-05,3.422612770853508e-05,0.0190557739313911,0.0001045938451617504,77.99947333097333,703.7097736498034,76.44485386200789,0.14705882352941177,1.0,0.0,77.39117647058823,33.0,0.05190502225289483,0.08701475362117486,0.012338797689551723,-0.051870796125186296,-0.06795897968978376,-0.012234203844389974,0,88,0.0,False,False,False,False,False,False,False,0.0,0.0,0.0,0.0,88
M0_STRAIGHT,local_forward,138.0,2.3166666666666633,LOCAL_FORWARD,675.0,-1.4,-56.14,-1.1199999999999917,218.0,613.3503664129134,81.7665425806898,73.1542138910313,38.61021632097303,0.534463387432178,0.5111531272467266,27.0,634.505435226136,81.74027506465082,21.581438905662917,44.9042816703532,0.540317827889815,0.5518620547649911,4.0,True,True,0.0,0.00035236677385927,0.9999999379188265,1.177494229558005,30.26764705882353,33.0,8.578640389610468,3.6605122518314115,1.0,1.0,89.0,0.13088235294117648,1.0,1.0,0.0,1.0,81.81505226757963,192.0275295547027,353.25431722502896,5089.336405851408,0.4474016739424781,1.0,1.0,150.0,8.367935818280642,1.1999999909372208,32.0,0.0019169158851894963,0.0,6687.0,0.0,0.0,47.49005718207915,32.529462560051094,2.8954298743963394,3.6605122518314115,0.0,0.0,81.75982829370088,192.0197625346113,0.04680007884285201,0.00970019155320645,0.0,0.0,29.31279260608062,37.06411730918564,37.8,15.399999999999999,680.0,679.0,0.0,6.0,52710.0,10291.0,11.013300306493907,11.013300306493907,0.2913571509654473,True,True,0.5936936606499273,47.34939503990565,CORRIDOR_ONLY,False,False,False,67.01416060570415,134.66742704170053,True,1.0479593204149498,0.9016578410375944,-75.26735963244988,-0.016176470588235292,0.0,0.0,0.39109945654239353,0.0,0.0,0.0,0.016176470588235292,1.2779439234596642e-05,1.711306385426754e-05,0.017616122259813197,5.8686642198173526e-05,77.99947333097333,703.7097736498034,76.44485386200789,0.14705882352941177,1.0,0.0,77.39117647058823,33.0,0.05190502225289483,0.08701475362117486,0.012338797689551723,-0.051887909189040564,-0.06939863136136167,-0.01228011104735355,0,89,0.0,False,False,False,False,False,False,False,0.0,0.0,0.0,0.0,89
M0_STRAIGHT,local_forward,144.0,2.416666666666663,LOCAL_FORWARD,675.0,-1.4,-56.14,-1.1199999999999917,218.0,615.1554033762743,81.76180108448062,74.29486110012141,38.41019267161423,0.5375537338209456,0.5323623212313108,27.0,633.4276186466867,81.7400150560834,21.615873763480636,44.32885708744749,0.4888523856048828,0.4047658411635671,4.0,True,True,0.0,0.00013324924683534093,0.9999999911223191,1.1439393040488537,29.96764705882353,33.0,8.593541370540859,3.7095358999668715,1.0,1.0,89.0,0.13088235294117648,1.0,1.0,0.0,1.0,81.77979225870675,194.61227722214562,353.24170205469494,5185.018034143527,0.4569624589791984,1.0,1.0,150.0,8.37791416790651,1.199999968029633,32.0,0.012216266147726036,0.0,7048.0,0.0,0.0,46.46130741066949,32.524594668837715,2.892593336257652,3.7095358999668715,0.0,0.0,81.75982829370088,194.60868852514017,0.04628964873159368,0.009738706789669638,0.0,0.0,29.52120431918306,36.72235478559486,37.8,15.399999999999999,680.0,679.0,0.0,6.0,52232.0,10189.0,10.849885565272697,10.849885565272697,0.2870340096632989,True,True,0.6176493384580699,44.102096764834414,CORRIDOR_ONLY,False,False,False,70.26613699795831,139.20426775093807,True,1.0479559869492696,0.9001262201623305,-75.30091455795903,-0.016176470588235292,0.0,0.0,0.38722304564283816,0.0,0.0,0.0,0.016176470588235292,8.144177431817358e-05,8.55653192713377e-06,0.016896296424024244,7.006420825817355e-05,77.99947333097333,703.7097736498034,76.44485386200789,0.14705882352941177,1.0,0.0,77.39117647058823,33.0,0.05190502225289483,0.08701475362117486,0.012338797689551723,-0.0518964657209677,-0.07011845719715062,-0.01226873348129355,0,89,0.0,False,False,False,False,False,False,False,0.0,0.0,0.0,0.0,89
M0_STRAIGHT,local_forward,150.0,2.5166666666666626,LOCAL_FORWARD,675.0,-1.4,-56.14,-1.1199999999999917,218.0,620.8772856850212,81.7672804432995,75.16753971222154,38.25654716600334,0.5469669003462935,0.5880239611126182,27.0,632.4409883427456,81.74013580061182,21.446118628829556,43.83504329392499,0.4736583828685458,0.33885493488016727,4.0,True,True,0.0,0.00024410514097014126,0.9999999702063397,1.165625379423169,29.694117647058825,32.0,8.633755272406454,3.758374988851149,1.0,1.0,90.0,0.1323529411764706,1.0,1.0,0.0,1.0,81.79851641607449,196.90612178861682,352.7891341906879,5238.816042383234,0.4619478844616047,1.0,1.0,150.0,8.400474832855565,1.1999998653361872,33.0,0.027332507449581597,0.0,7412.0,0.0,0.0,45.87036678165427,32.52217679389101,2.8834059890156665,3.758374988851149,0.0,0.0,81.75993691861628,196.8995804048136,0.04580320835294916,0.00976906286975589,0.0,0.0,29.731092199360447,36.50101153473914,37.8,15.399999999999999,680.0,679.0,0.0,6.0,51743.0,10096.0,10.56546054410021,10.56546054410021,0.2795095382037093,True,True,0.6689491869378994,42.47534527496387,CORRIDOR_ONLY,False,False,False,73.51775186837438,143.50341095194642,True,1.047957534966497,0.8987241786661269,-75.27922848258471,-0.01470588235294118,0.0,0.0,0.3836886709991259,0.0,0.0,0.0,0.01470588235294118,0.00018221671633054397,4.278265963566885e-06,0.015801089388482712,0.00012614046229435875,77.99947333097333,703.7097736498034,76.44485386200789,0.14705882352941177,1.0,0.0,77.39117647058823,33.0,0.05190502225289483,0.08701475362117486,0.012338797689551723,-0.051900743986931265,-0.07121366423269215,-0.012212657227257364,0,90,0.0,False,False,False,False,False,False,False,0.0,0.0,0.0,0.0,90
M0_STRAIGHT,local_forward,156.0,2.6166666666666623,LOCAL_FORWARD,675.0,-1.4,-56.14,-1.1199999999999917,218.0,622.4966276241789,81.75891895216688,76.0903238979597,38.12552182812645,0.4885000455797497,0.41101065767162887,27.0,631.4605186511894,81.73972738505276,21.296412698486908,43.446840151808345,0.44589876180096766,0.309697124064565,4.0,True,True,0.0,-0.00011737350976075969,0.9999999931117296,1.150885525400742,29.33823529411765,32.0,8.610373863095825,3.8066316359505254,1.0,1.0,91.0,0.1338235294117647,1.0,1.0,0.0,1.0,81.77638860461451,199.1519837072488,352.7738611996914,5311.092693695989,0.4687285998106288,1.0,1.0,150.0,8.413304641434337,1.1999997717713933,33.0,0.016238893886269937,0.0,7785.0,0.0,0.0,45.525704930235236,32.521673392944116,2.8739879591072284,3.8066316359505254,0.0,0.0,81.75993691861628,199.15419532853088,0.04533995600646299,0.009791234747316148,0.0,0.0,29.895424494792394,36.488570060686705,37.8,15.399999999999999,680.0,679.0,0.0,6.0,51253.0,9975.0,10.340996505528615,10.340996505528615,0.27357133612509565,True,True,0.7130919019477475,42.71313607131902,CORRIDOR_ONLY,False,False,False,76.76924595189433,147.75210344188122,True,1.0479522988342305,0.8973308916488513,-75.29396833660715,-0.013235294117647067,0.0,0.0,0.37909018355945734,0.0,0.0,0.0,0.013235294117647067,0.00010825929257513291,2.1391329817834425e-06,0.01451819175306489,0.00011719987743474583,77.99947333097333,703.7097736498034,76.44485386200789,0.14705882352941177,1.0,0.0,77.39117647058823,33.0,0.05190502225289483,0.08701475362117486,0.012338797689551723,-0.05190288311991305,-0.07249656186810997,-0.012221597812116977,0,91,0.0,False,False,False,False,False,False,False,0.0,0.0,0.0,0.0,91
M0_STRAIGHT,local_forward,162.0,2.716666666666662,LOCAL_FORWARD,675.0,-1.4,-56.14,-1.1199999999999917,218.0,627.7679028188165,81.7600023468299,77.03246526632498,38.03277019582002,0.46905051958235444,0.41705584322880684,28.0,609.7515590064579,81.73981958107632,22.03577467389687,43.08501297965237,0.4132650022596631,0.2772044052075254,4.0,True,True,0.0,-3.5697138541658554e-05,0.9999999993628571,1.1238410768775209,29.00588235294118,31.0,8.613598727882714,3.8559027180775587,1.0,1.0,92.0,0.13529411764705881,1.0,1.0,0.0,1.0,81.76441424797451,201.50162963607764,352.75896434563737,5374.076341434957,0.4734400533774078,1.0,1.0,150.0,8.405331181202456,1.1999998235542426,33.0,0.009302042462319804,0.0,8169.0,0.0,0.0,45.15190786722197,32.52288376071239,2.8735254666227488,3.8559027180775582,0.0,0.0,81.75993691861628,201.50230301430807,0.044901012119541624,0.009805416492641992,0.0,0.0,30.0838789110826,36.26861104234214,37.8,15.399999999999999,680.0,679.0,0.0,6.0,50779.0,9862.0,10.300501354724263,10.300501354724263,0.27250003583926624,True,True,0.7260844145845398,43.95134075547191,CORRIDOR_ONLY,False,False,False,80.02083406478145,152.09237022183885,True,1.0479534808425137,0.8664815835141388,-75.32101278513036,-0.011764705882352955,0.0,0.0,0.3747957283472048,0.0,0.0,0.0,0.011764705882352955,6.201361641546536e-05,1.0695664908917212e-06,0.013141448817708921,8.96067469251056e-05,77.99947333097333,703.7097736498034,76.44485386200789,0.14705882352941177,1.0,0.0,77.39117647058823,33.0,0.05190502225289483,0.08701475362117486,0.012338797689551723,-0.051903952686403944,-0.07387330480346593,-0.012249190942626617,0,92,0.0,False,False,False,False,False,False,False,0.0,0.0,0.0,0.0,92
M0_STRAIGHT,local_forward,168.0,2.8166666666666615,LOCAL_FORWARD,675.0,-1.4,-56.14,-1.1199999999999917,218.0,628.8353925053059,81.7684462061515,78.0689253001764,37.951296495985,0.43209420620811123,0.35624362281335037,28.0,608.7955696470079,81.74012202547387,22.277611293723666,42.72227188941514,0.39142022683974326,0.25783974829508255,4.0,True,True,0.0,0.00026558596592589167,0.9999999647320468,1.0974153673939042,28.694117647058825,31.0,8.582846818834119,3.9051767902484458,1.0,1.0,92.0,0.13529411764705881,1.0,1.0,0.0,1.0,81.80362892500457,203.9494907232807,352.739900567125,5461.211397446669,0.4815480345260008,1.0,1.0,150.0,8.386149363786984,1.1999999275615494,32.0,0.021785828758812187,0.0,8564.0,0.0,0.0,45.094084694588375,32.5243648750215,2.8597399884804156,3.9051767902484458,0.0,0.0,81.7599700245253,203.94447864560578,0.04448274340655867,0.009811591383922917,0.0,0.0,30.147109464072958,35.58134967616275,37.8,15.399999999999999,680.0,679.0,0.0,6.0,50267.0,9756.0,10.441345115764143,10.441345115764143,0.2762260612636017,True,True,0.7059719219678415,45.094077694848814,CORRIDOR_ONLY,False,False,False,83.27260051148131,156.55848593447138,True,1.0479573583609716,0.8651230840371574,-75.34743849461398,-0.011764705882352955,0.0,0.0,0.3707673013339414,0.0,0.0,0.0,0.011764705882352955,0.00014523885839208125,5.347832454458606e-07,0.012453077350030938,0.00011742280265859343,77.99947333097333,703.7097736498034,76.44485386200789,0.14705882352941177,1.0,0.0,77.39117647058823,33.0,0.05190502225289483,0.08701475362117486,0.012338797689551723,-0.05190448746964939,-0.07456167627114392,-0.01222137488689313,0,92,0.0,False,False,False,False,False,False,False,0.0,0.0,0.0,0.0,92
M0_STRAIGHT,local_forward,174.0,2.916666666666661,LOCAL_FORWARD,675.0,-1.4,-56.14,-1.1199999999999917,218.0,629.8298046790359,81.77343332337408,79.14837426647902,37.88094833676098,0.4135932443825265,0.34245072058561876,27.0,618.2799567574802,81.74024141951321,22.6285898822466,42.3655199181715,0.3787322768048148,0.23781066399409276,4.0,True,True,0.0,0.00041111814254170823,0.9999999154909328,1.0789407263900588,28.50294117647059,31.0,8.613088033169522,3.9543995722371093,1.0,1.0,93.0,0.13676470588235295,1.0,1.0,0.0,1.0,81.82944706857208,206.42798414351563,352.7117453473659,5530.233161660202,0.4869014346089271,1.0,1.0,150.0,8.374745217026287,1.1999999677822355,32.0,0.013190743117846399,0.0,8959.0,0.0,0.0,45.40340591149199,32.52486768215398,2.8651240098407675,3.9543995722371097,0.0,0.0,81.7599700245253,206.4202160319656,0.04408018761082935,0.00980965270999343,0.0,0.0,30.002381329298345,35.17620375595112,37.8,15.399999999999999,680.0,679.0,0.0,6.0,49785.0,9691.0,10.699948270208717,10.699948270208717,0.28306741455578616,True,True,0.6618969618847007,45.40340277692882,CORRIDOR_ONLY,False,False,False,86.52448512076214,161.09467624198035,True,1.0479588890641194,0.8786007810446629,-75.36591313561783,-0.010294117647058815,0.0,0.0,0.36829703948618553,0.0,0.0,0.0,0.010294117647058815,8.793828745230932e-05,2.673916227229303e-07,0.011373597498544876,0.00010268054505545137,77.99947333097333,703.7097736498034,76.44485386200789,0.14705882352941177,1.0,0.0,77.39117647058823,33.0,0.05190502225289483,0.08701475362117486,0.012338797689551723,-0.05190475486127211,-0.07564115612262999,-0.012236117144496272,0,93,0.0,False,False,False,False,False,False,False,0.0,0.0,0.0,0.0,93
M0_STRAIGHT,local_forward,180.0,3.016666666666661,LOCAL_FORWARD,675.0,-1.4,-56.14,-1.1199999999999917,218.0,630.5903369265194,81.78564827157093,80.19866762634823,37.81044941301087,0.36632278055731227,0.2515129120084941,27.0,617.4161575190569,81.74051628415114,22.977078140561662,41.96805660996906,0.3918099877859242,0.23905991675965965,4.0,True,True,0.0,0.0007665520238040584,0.9999997061989544,1.0645700557998006,28.258823529411764,30.0,8.609369644447872,4.002691718787853,1.0,1.0,94.0,0.13823529411764707,1.0,1.0,0.0,1.0,81.89267862875022,208.83843557904675,352.67238231351814,5575.874418022001,0.490023085023183,1.0,1.0,150.0,8.36870786203923,1.1999999824323515,32.0,0.0069747121715614336,0.0,9359.0,0.0,0.0,44.556286406736405,32.523571000605386,2.8964184769093833,4.002691718787854,0.0,0.0,81.7599700245253,208.82396526313389,0.043692984090518576,0.009798187997305814,0.0,0.0,29.840839763726034,34.69969521988474,37.8,15.399999999999999,680.0,679.0,0.0,6.0,49329.0,9608.0,10.98415494184432,10.98415494184432,0.29058610957260106,True,True,0.6082751262628423,44.556284729416795,CORRIDOR_ONLY,False,False,False,89.77633409239085,165.59506894704782,True,1.0479624129935279,0.8773732874517529,-75.38028380620808,-0.008823529411764702,0.0,0.0,0.3651427051267434,0.0,0.0,0.0,0.008823529411764702,4.649808114374289e-05,1.3369581136146515e-07,0.01009856345515479,7.458931309959713e-05,77.99947333097333,703.7097736498034,76.44485386200789,0.14705882352941177,1.0,0.0,77.39117647058823,33.0,0.05190502225289483,0.08701475362117486,0.012338797689551723,-0.05190488855708347,-0.07691619016602007,-0.012264208376452127,0,94,0.0,False,False,False,False,False,False,False,0.0,0.0,0.0,0.0,94
M0_STRAIGHT,local_forward,186.0,3.1166666666666605,LOCAL_FORWARD,675.0,-1.4,-56.14,-1.1199999999999917,218.0,631.2295586091988,81.79121680498295,81.11008053934748,37.743105384253646,0.34344027390615184,0.23904144610992445,23.0,708.1149075677796,81.74058537845363,22.028205189384323,41.720998919945245,0.42636804746301116,0.2647712026201049,3.0,True,True,0.0,0.0009183035620790125,0.999999578359195,1.0656391833749386,27.99705882352941,30.0,8.537115689192541,4.051175833776092,1.0,1.0,95.0,0.13970588235294118,1.0,1.0,0.0,1.0,81.92097370211002,211.0711604649603,352.62468449390377,5633.139696862892,0.4947301220948439,1.0,1.0,150.0,8.364803893453598,1.1999999895199767,32.0,0.004512460815722304,0.0,9761.0,0.0,0.0,43.630083423124795,32.520986797386925,2.934264070816014,4.051175833776092,0.0,0.0,81.7599700245253,211.05381327067656,0.043317646970853003,0.009778551608401883,0.0,0.0,29.56594820337269,34.19087835325904,37.8,15.399999999999999,680.0,679.0,0.0,6.0,48906.0,9519.0,11.17586167318639,11.17586167318639,0.29565771622186215,True,True,0.5675488927741966,42.71949417676279,CORRIDOR_ONLY,False,False,False,93.02797921274303,169.94957910399404,True,1.0479632988239,1.0062598731507293,-75.37921467863295,-0.00735294117647059,0.0,0.0,0.3617603465967392,0.0,0.0,0.003125053595377736,0.00735294117647059,3.008307210481536e-05,0.0015625936455945487,0.00872575231581269,5.2336192602206246e-05,77.99947333097333,703.7097736498034,76.44485386200789,0.14705882352941177,1.0,0.0,77.39117647058823,33.0,0.05190502225289483,0.08701475362117486,0.012338797689551723,-0.05034242860730028,-0.07828900130536218,-0.012286461496949517,0,95,0.0,False,False,False,False,False,False,False,0.0,0.0,0.0,0.0,95
M0_STRAIGHT,local_forward,192.0,3.21666666666666,LOCAL_FORWARD,675.0,-1.4,-56.14,-1.1199999999999917,218.0,631.7940534152743,81.80275043576512,81.87030967566676,37.67268610178863,0.31308257063956796,0.17579166338140287,23.0,707.0919037099904,81.74042257881476,21.983827752134815,41.33227924023767,0.4175218640466315,0.2559291588857604,3.0,True,True,0.0,0.0007662293337898455,0.999999706446261,1.0085766590961285,27.73235294117647,30.0,8.451878335899323,4.100541920622436,1.0,1.0,95.0,0.13970588235294118,1.0,1.0,0.0,1.0,81.8953018571356,213.05862635496163,352.56962034301085,5714.718201284225,0.5015028642821672,1.0,1.0,150.0,8.361997288068437,1.1999999934868988,32.0,0.0032460378769890693,0.0,10164.0,0.0,0.0,43.29676925945555,32.517269629175416,2.9551241834553226,4.100541920622436,0.0,0.0,81.7599700245253,213.04410991187902,0.04295273106866866,0.009752108075486335,0.0,0.0,29.2955564716349,34.06339273536004,37.8,15.399999999999999,680.0,679.0,0.0,6.0,48474.0,9429.0,11.195211077351098,11.195211077351098,0.29616960522092856,True,True,0.5579182890377283,40.528938867382955,CORRIDOR_ONLY,False,False,False,96.27931765281076,174.0931853262918,True,1.0479612116349497,1.0048061433659583,-75.43627720291175,-0.00735294117647059,0.0,0.0,0.358339984038308,0.0,0.0,0.0024001912240232404,0.00735294117647059,2.164025251326046e-05,0.0019813924348088944,0.00803934674614164,3.698822255773336e-05,77.99947333097333,703.7097736498034,76.44485386200789,0.14705882352941177,1.0,0.0,77.39117647058823,33.0,0.05190502225289483,0.08701475362117486,0.012338797689551723,-0.049923629818085936,-0.07897540687503322,-0.01230180946699399,0,95,0.0,False,False,False,False,False,False,False,0.0,0.0,0.0,0.0,95
M0_STRAIGHT,local_forward,198.0,3.3166666666666598,LOCAL_FORWARD,675.0,-1.4,-56.14,-1.1199999999999917,218.0,632.1319686752105,81.78952966094147,82.41042129456164,37.601054072056854,0.2951897397112965,0.15560645792274,23.0,706.0575110098373,81.74021762517896,21.826822880763395,40.990241282855976,0.4190716178746417,0.260931356658837,3.0,True,True,0.0,0.0005241729572899819,0.999999862621346,1.006673981466446,27.49411764705882,29.0,8.371166942915377,4.148432970003723,1.0,1.0,95.0,0.13970588235294118,1.0,1.0,0.0,1.0,81.852797385403,214.8135213510153,352.50456057590003,5794.803499419286,0.5080913044745414,1.0,1.0,150.0,8.366680547025965,1.1999999855126404,32.0,0.005821747661384988,0.0,10575.0,0.0,0.0,43.0005037833452,32.5146442839779,2.969323921383824,4.148432970003723,0.0,0.0,81.7599700245253,214.8035573248722,0.0426042396363106,0.009717305881322436,0.0,0.0,28.98497264024431,33.75362738914818,37.8,15.399999999999999,680.0,679.0,0.0,7.0,48079.0,9348.0,11.05111574120311,11.05111574120311,0.2923575592910876,True,True,0.5812320108371913,38.87039671439782,CORRIDOR_ONLY,False,False,False,99.53036357001987,178.0415048317886,True,1.0479585840064922,1.003336229576374,-75.43817988054144,-0.00735294117647059,0.0,0.0,0.35526165773572,0.0,0.0,0.0016667258007394548,0.00735294117647059,3.881165107589992e-05,0.0018240591177741746,0.007696143961306115,3.789993681681664e-05,77.99947333097333,703.7097736498034,76.44485386200789,0.14705882352941177,1.0,0.0,77.39117647058823,33.0,0.05190502225289483,0.08701475362117486,0.012338797689551723,-0.05008096313512066,-0.07931860965986874,-0.012300897752734907,0,95,0.0,False,False,False,False,False,False,False,0.0,0.0,0.0,0.0,95
M0_STRAIGHT,local_forward,204.0,3.4166666666666594,LOCAL_FORWARD,675.0,-1.4,-56.14,-1.1199999999999917,218.0,632.3437249733258,81.79348664644702,82.8338562066701,37.53893029578502,0.2869369168031591,0.14734416770063827,23.0,705.053975755801,81.74022455594582,21.621647600286522,40.728982361328754,0.41724573428552464,0.2543738301154866,3.0,True,True,0.0,0.0005862999772022332,0.9999998281261535,0.9657445763066554,27.176470588235293,29.0,8.308997915921148,4.1957131916207375,1.0,1.0,96.0,0.1411764705882353,1.0,1.0,0.0,1.0,81.86504311627067,216.4313283081906,352.4337766834423,5836.246891955481,0.510705710896342,1.0,1.0,150.0,8.37590219195377,1.1999999608110075,32.0,0.011360557405374392,0.0,10989.0,0.0,0.0,42.69097823453341,32.513347895283815,2.9659607092128333,4.1957131916207375,0.0,0.0,81.75999307357702,216.42016690306656,0.04226760823422308,0.009676878687091238,0.0,0.0,28.66104374231442,33.479499211729085,37.8,15.399999999999999,680.0,679.0,0.0,7.0,47710.0,9240.0,10.844656760127942,10.844656760127942,0.2868956814848662,True,True,0.6199278344602447,38.39792725159419,CORRIDOR_ONLY,False,False,False,102.78124331571757,181.89042112398647,True,1.0479586728630774,1.0019101654635632,-75.47910928570123,-0.0058823529411764774,0.0,0.0,0.35115722266560256,0.0,0.0,0.0009546270753550967,0.0058823529411764774,7.573704936916262e-05,0.0013893430965646355,0.006789248451241296,5.681849309298963e-05,77.99947333097333,703.7097736498034,76.44485386200789,0.14705882352941177,1.0,0.0,77.39117647058823,33.0,0.05190502225289483,0.08701475362117486,0.012338797689551723,-0.0505156791563302,-0.08022550516993357,-0.012281979196458733,0,96,0.0,False,False,False,False,False,False,False,0.0,0.0,0.0,0.0,96
M0_STRAIGHT,local_forward,210.0,3.516666666666659,LOCAL_FORWARD,675.0,-1.4,-56.14,-1.1199999999999917,218.0,632.4895724515155,81.80058087371975,83.26935242286899,37.483587841504075,0.2792963969712179,0.14379919552721857,23.0,704.0850101476246,81.74025187046219,21.46603773165029,40.57398557775315,0.4061983327907799,0.24349245010105286,3.0,True,True,0.0,0.0007008490450600475,0.9999997544052778,0.9427046353578252,26.894117647058824,28.0,8.245353100435727,4.242863014158902,1.0,1.0,97.0,0.1426470588235294,1.0,1.0,0.0,1.0,81.88718885507869,218.02441446407443,352.3562564294683,5871.0895853065795,0.5128685242446134,1.0,1.0,150.0,8.379629529685957,1.1999999464437379,32.0,0.005203683169863933,0.0,11408.0,0.0,0.0,42.395398944613014,32.51391244821398,2.963705048076691,4.242863014158902,0.0,0.0,81.75999307357702,218.01105965846853,0.04194170845072462,0.009629917449592105,0.0,0.0,28.298044185796655,33.04670327315524,37.8,15.399999999999999,680.0,679.0,0.0,7.0,47342.0,9144.0,10.689285898577669,10.689285898577669,0.2827853412322135,True,True,0.6516077760027225,39.07740323596266,CORRIDOR_ONLY,False,False,False,106.0321299105485,185.7623993589292,True,1.0479590230515494,1.0005332262132371,-75.50214922665006,-0.004411764705882365,0.0,0.0,0.3475088359366093,0.0,0.0,0.00026657757481696187,0.004411764705882365,3.4691221132426224e-05,0.0008279603356907987,0.00560050657856183,4.5754857112707925e-05,77.99947333097333,703.7097736498034,76.44485386200789,0.14705882352941177,1.0,0.0,77.39117647058823,33.0,0.05190502225289483,0.08701475362117486,0.012338797689551723,-0.051077061917204035,-0.08141424704261303,-0.012293042832439016,0,97,0.0,False,False,False,False,False,False,False,0.0,0.0,0.0,0.0,97
M0_STRAIGHT,local_forward,216.0,3.6166666666666587,LOCAL_FORWARD,675.0,-1.4,-56.14,-1.1199999999999917,218.0,632.603195041346,81.80492015839145,83.83148633922707,37.433460980928274,0.2675070151810945,0.13259518392185415,23.0,703.1282893867449,81.74026130528588,21.439062312473887,40.49551798731288,0.3892787436621781,0.22067991239659038,3.0,True,True,0.0,0.0007665582739542751,0.9999997061941632,0.925387916379861,26.576470588235296,28.0,8.120057186973696,4.2886016232503446,1.0,1.0,97.0,0.1426470588235294,1.0,1.0,0.0,1.0,81.90062537080681,219.6723844596629,352.2649398379465,5948.231245686781,0.5189095602776228,1.0,1.0,150.0,8.374347870297868,1.1999999633981682,32.0,0.006108365184655935,0.0,11828.0,0.0,0.0,42.122340042058795,32.51551080714341,2.962383382519057,4.2886016232503446,0.0,0.0,81.75999307357702,219.657762713261,0.04162488053002739,0.009577968042037671,0.0,0.0,27.924134325968065,32.383162956104705,37.8,15.399999999999999,680.0,679.0,0.0,7.0,46977.0,9036.0,10.654931199519106,10.654931199519106,0.28187648675976473,True,True,0.662064025602788,40.30244363421201,CORRIDOR_ONLY,False,False,False,109.2831558184147,189.74035268611777,True,1.0479591440116443,0.9991736873852943,-75.51946594562803,-0.004411764705882365,0.0,0.0,0.3434044008664919,0.0,0.0,0.0,0.004411764705882365,4.07224345643729e-05,0.00041398016784539935,0.005006135642222098,4.323864583854041e-05,77.99947333097333,703.7097736498034,76.44485386200789,0.14705882352941177,1.0,0.0,77.39117647058823,33.0,0.05190502225289483,0.08701475362117486,0.012338797689551723,-0.051491042085049434,-0.08200861797895276,-0.012295559043713183,0,97,0.0,False,False,False,False,False,False,False,0.0,0.0,0.0,0.0,97
M0_STRAIGHT,local_forward,222.0,3.7166666666666583,LOCAL_FORWARD,675.0,-1.4,-56.14,-1.1199999999999917,218.0,632.7222975397904,81.80780167837545,84.51130616772487,37.38759349538782,0.2523794613952882,0.12121316654339347,23.0,702.2453459748626,81.7402989694842,21.545565621704853,40.395265364496744,0.33866920798959943,0.1544128885857718,3.0,True,True,0.0,0.0008071074613462998,0.9999996742887199,0.9171744249462476,26.352941176470587,28.0,8.049232162654057,4.333221258751996,1.0,1.0,97.0,0.1426470588235294,1.0,1.0,0.0,1.0,81.90949796079482,221.393694524971,352.1744486468477,6025.236042429109,0.5247394458496003,1.0,1.0,150.0,8.364628504377663,1.1999999870125475,32.0,0.01131282938207807,0.0,12248.0,0.0,0.0,41.94194191494257,32.51712521445523,2.9611683145199597,4.333221258751997,0.0,0.0,81.75999307357702,221.37828445182953,0.04131511831340541,0.00951997828663973,0.0,0.0,27.5417865865033,31.866451220608123,37.8,15.399999999999999,680.0,679.0,0.0,7.0,46594.0,8960.0,10.75004144358225,10.75004144358225,0.28439263078259924,True,True,0.6481735715004242,41.34834958314351,CORRIDOR_ONLY,False,False,False,112.534358324002,193.83545301879417,True,1.0479596268892422,0.9979189891489705,-75.52767943706164,-0.004411764705882365,0.0,0.0,0.34051609470603883,0.0,0.0,0.0,0.004411764705882365,7.541886254718713e-05,0.00020699008392269968,0.004708950174052231,5.932875419286377e-05,77.99947333097333,703.7097736498034,76.44485386200789,0.14705882352941177,1.0,0.0,77.39117647058823,33.0,0.05190502225289483,0.08701475362117486,0.012338797689551723,-0.05169803216897213,-0.08230580344712263,-0.01227946893535886,0,97,0.0,False,False,False,False,False,False,False,0.0,0.0,0.0,0.0,97
M0_STRAIGHT,local_forward,228.0,3.816666666666658,LOCAL_FORWARD,675.0,-1.4,-56.14,-1.1199999999999917,218.0,632.854341899491,81.8086084469189,85.25738799070474,37.34362995684214,0.24665303447936432,0.11907126824253261,23.0,701.4575595156659,81.74031814054547,21.735465804472696,40.249665427159805,0.3045189206079247,0.11834635020603733,3.0,True,True,0.0,0.0008122090335201966,0.9999996701581886,0.934126066291228,26.155882352941177,28.0,7.955157083392715,4.3770244708962345,1.0,1.0,98.0,0.14411764705882352,1.0,1.0,0.0,1.0,81.91178157645159,223.14986095358904,352.0889456083994,6068.898885844503,0.5277298563489037,1.0,1.0,150.0,8.359016459225842,1.1999999951993567,32.0,0.006537185753540856,0.0,12668.0,0.0,0.0,41.712632089520575,32.517970303974394,2.9605798514490256,4.377024470896235,0.0,0.0,81.75999307357702,223.1343374413226,0.041010793453492234,0.009456235944708975,0.0,0.0,27.130024920690897,31.27514549120834,37.8,15.399999999999999,680.0,679.0,0.0,7.0,46238.0,8893.0,10.930231306403295,10.930231306403295,0.28915955837045754,True,True,0.6163321770832231,41.710104061776526,CORRIDOR_ONLY,False,False,False,115.78567593637679,197.99830959281763,True,1.0479598726737385,0.9967995127842885,-75.51072779571666,-0.0029411764705882526,0.0,0.0,0.33796982480142895,0.0,0.0,0.0,0.0029411764705882526,4.358123835693904e-05,0.00010349504196134984,0.0038250633223202418,5.14549962749014e-05,77.99947333097333,703.7097736498034,76.44485386200789,0.14705882352941177,1.0,0.0,77.39117647058823,33.0,0.05190502225289483,0.08701475362117486,0.012338797689551723,-0.05180152721093348,-0.08318969029885462,-0.012287342693276821,0,98,0.0,False,False,False,False,False,False,False,0.0,0.0,0.0,0.0,98
M0_STRAIGHT,local_forward,234.0,3.9166666666666576,LOCAL_FORWARD,675.0,-1.4,-56.14,-1.1199999999999917,218.0,632.9946888687205,81.80611145798152,85.98604472932868,37.29635790805227,0.24290331300348883,0.12183271205391452,23.0,700.6785701641759,81.74030873676135,21.9268596334153,40.069068660780815,0.2823908245698533,0.10368069031369039,3.0,True,True,0.0,0.0007631251051571638,0.9999997088199944,0.8388246594390394,25.891176470588235,27.0,7.856988932568583,4.41874810216016,1.0,1.0,100.0,0.14705882352941177,1.0,1.0,0.0,1.0,81.90369986986963,224.85542261534698,352.01373784910464,6082.017005997202,0.527722359394347,1.0,1.0,150.0,8.35624371087448,1.1999999977543974,32.0,0.0032203070336265286,0.0,13095.0,0.0,0.0,41.33548936035206,32.516548388821555,2.963214453463039,4.418748102160161,0.0,0.0,81.75999307357702,224.84081912047685,0.040715366269811225,0.009386547007721851,0.0,0.0,26.793745096946996,30.936896520213626,37.8,15.399999999999999,680.0,679.0,0.0,7.0,45888.0,8803.0,11.118644377888879,11.118644377888879,0.29414403116108145,True,True,0.579819258394628,41.182497523779325,CORRIDOR_ONLY,False,False,False,119.0369861147858,202.1456016400204,True,1.0479597521115895,0.9956925374648328,-75.60602920256885,0.0,0.0,0.0,0.33454946224299775,0.0,0.0,0.0,0.0,2.146871355751019e-05,5.174752098067492e-05,0.0019125316611601209,3.6461854916205796e-05,77.99947333097333,703.7097736498034,76.44485386200789,0.14705882352941177,1.0,0.0,77.39117647058823,33.0,0.05190502225289483,0.08701475362117486,0.012338797689551723,-0.05185327473191416,-0.08510222196001474,-0.012302335834635518,0,100,0.0,False,False,False,False,False,False,False,0.0,0.0,0.0,0.0,100
M0_STRAIGHT,local_forward,240.0,4.016666666666658,LOCAL_FORWARD,675.0,-1.4,-56.14,-1.1199999999999917,218.0,633.1652085443782,81.81819353147532,86.6161739049086,37.250436368119274,0.24095843382414767,0.12795683097434699,23.0,699.899369947121,81.7404394796225,22.026279835235208,39.850131489900356,0.2652183081577617,0.08850772880553089,3.0,True,True,0.0,0.0009527307772406965,0.9999995461519301,0.792821935601095,25.594117647058823,27.0,7.741786584217556,4.458517466851392,1.0,1.0,100.0,0.14705882352941177,1.0,1.0,0.0,1.0,81.94140580090703,226.44067047801886,351.9386521600069,6155.608274571614,0.533109227638638,1.0,1.0,150.0,8.35469331646945,1.199999998757076,32.0,0.0017968198511554216,0.0,13529.0,0.0,0.0,40.98269362510379,32.51447561218374,2.970236832949933,4.458517466851392,0.0,0.0,81.75999307357702,226.42244450833874,0.040428969304344906,0.009310356558704259,0.0,0.0,26.538811645991565,30.68440148846249,37.8,15.399999999999999,680.0,679.0,0.0,7.0,45554.0,8702.0,11.238354893068854,11.238354893068854,0.29731097600711254,True,True,0.5540427398250306,39.94293921768691,CORRIDOR_ONLY,False,False,False,122.2881639117769,206.19567025577498,True,1.047961428313435,0.994585262496896,-75.65203192640679,0.0,0.0,0.0,0.3307110553718694,0.0,0.0,0.0,0.0,1.1978799007702811e-05,2.587376049033746e-05,0.0009562658305800604,2.4220326961954305e-05,77.99947333097333,703.7097736498034,76.44485386200789,0.14705882352941177,1.0,0.0,77.39117647058823,33.0,0.05190502225289483,0.08701475362117486,0.012338797689551723,-0.05187914849240449,-0.0860584877905948,-0.01231457736258977,0,100,0.0,False,False,False,False,False,False,False,0.0,0.0,0.0,0.0,100
M0_STRAIGHT,local_forward,246.0,4.116666666666657,LOCAL_FORWARD,675.0,-1.4,-56.14,-1.1199999999999917,218.0,633.3858309257015,81.83071865794327,87.10086451467814,37.209212445106736,0.23909964750776913,0.1414219986065491,23.0,699.1434092237412,81.74057163369736,21.997987227908983,39.638245408135056,0.2455104621908489,0.07218035982773131,3.0,True,True,0.0,0.0011461514203572347,0.9999993431682451,0.7745053104880864,25.42058823529412,27.0,7.6809266985238756,4.497793360756428,1.0,1.0,100.0,0.14705882352941177,1.0,1.0,0.0,1.0,81.98041743949443,227.8698796759027,351.86011509122085,6228.456864724323,0.5383495363157578,1.0,1.0,150.0,8.353335473168471,1.19999999939839,32.0,0.0015778239261256901,0.0,13967.0,0.0,0.0,40.76123645039864,32.51221581011647,2.985140996659295,4.497793360756428,0.0,0.0,81.75999307357702,227.89652567116252,0.04014987110191648,0.009227891919276449,0.0,0.0,26.192759953569603,30.01599562054412,37.8,15.399999999999999,680.0,679.0,0.0,7.0,45174.0,8643.0,11.249874855655447,11.249874855655447,0.2976157369221018,True,True,0.5479905901829252,38.47124086107311,CORRIDOR_ONLY,False,False,False,125.53913743504597,210.10365396092988,True,1.0479631226078863,0.9935110117877449,-75.67034855151981,0.0,0.0,0.0,0.3284688176946757,0.0,0.0,0.0,0.0,1.0518826174171268e-05,1.293688024516873e-05,0.0004781329152900302,1.7369576568062787e-05,77.99947333097333,703.7097736498034,76.44485386200789,0.14705882352941177,1.0,0.0,77.39117647058823,33.0,0.05190502225289483,0.08701475362117486,0.012338797689551723,-0.051892085372649666,-0.08653662070588483,-0.012321428112983661,0,100,0.0,False,False,False,False,False,False,False,0.0,0.0,0.0,0.0,100
M0_STRAIGHT,local_forward,252.0,4.216666666666657,LOCAL_FORWARD,675.0,-1.4,-56.14,-1.1199999999999917,218.0,633.5277069192086,81.82696087862745,87.4528889929566,37.16986143899055,0.21582411744830443,0.08371687578364582,23.0,698.3614526767806,81.74054211100542,21.85662852321486,39.463169208915,0.23866313104830003,0.06846276663148267,3.0,True,True,0.0,0.0010759337906882153,0.9999994211830715,0.7216763653613956,25.211764705882352,26.0,7.595810172715666,4.53509042693819,1.0,1.0,100.0,0.14705882352941177,1.0,1.0,0.0,1.0,81.96840812198653,229.2016350699431,351.78171213376316,6300.600323622767,0.5434579944698612,1.0,1.0,150.0,8.355651473086738,1.199999998070433,32.0,0.002830917582175295,0.0,14407.0,0.0,0.0,40.57249578670558,32.51014506499083,3.0056859868346986,4.53509042693819,0.0,0.0,81.7599989154716,229.22669315368222,0.039876890027365976,0.00913960203472549,0.0,0.0,25.76859360135329,29.622109378182188,37.8,15.399999999999999,680.0,679.0,0.0,7.0,44856.0,8572.0,11.138446158554071,11.138446158554071,0.29466788779243575,True,True,0.5658992312931149,37.374913382970135,CORRIDOR_ONLY,False,False,False,128.78991690260793,213.8812795363151,True,1.04796274410928,0.9923998199637278,-75.7231774966465,0.0,0.0,0.0,0.32577053167635767,0.0,0.0,0.0,0.0,1.8872783881168633e-05,6.468440122584365e-06,0.0002390664576450151,1.812118022461571e-05,77.99947333097333,703.7097736498034,76.44485386200789,0.14705882352941177,1.0,0.0,77.39117647058823,33.0,0.05190502225289483,0.08701475362117486,0.012338797689551723,-0.051898553812772245,-0.08677568716352985,-0.012320676509327107,0,100,0.0,False,False,False,False,False,False,False,0.0,0.0,0.0,0.0,100
M0_STRAIGHT,local_forward,258.0,4.316666666666657,LOCAL_FORWARD,675.0,-1.4,-56.14,-1.1199999999999917,218.0,633.6271262430239,81.83318935661701,87.73348698029797,37.136756250809576,0.21040248526455807,0.07825045400462306,23.0,697.5623606562062,81.74060797292535,21.652721562466816,39.30927243327882,0.2271159246807523,0.06250573394947949,3.0,True,True,0.0,0.001165611209741953,0.9999993206750232,0.7102687245576365,25.038235294117648,26.0,7.555968217862127,4.571768942901472,1.0,1.0,100.0,0.14705882352941177,1.0,1.0,0.0,1.0,81.987675178802,230.4426348611566,351.7090612863168,6372.249497956242,0.548385973493034,1.0,1.0,150.0,8.360708842129952,1.1999999925604221,32.0,0.006176299614146213,0.0,14849.0,0.0,0.0,40.364143756575565,32.50952614798341,3.030185681562869,4.571768942901472,0.0,0.0,81.7599989154716,230.46984884296307,0.03960815922467569,0.009044148662172909,0.0,0.0,25.2151606512219,29.268509273024158,37.8,15.399999999999999,680.0,679.0,0.0,7.0,44567.0,8513.0,10.982724406299571,10.982724406299571,0.2905482647169199,True,True,0.5956087735448309,37.1289927554997,CORRIDOR_ONLY,False,False,False,132.04059163952863,217.59683038596734,True,1.0479635884985703,0.9912642779398764,-75.73458513745025,0.0,0.0,0.0,0.32352829399916394,0.0,0.0,0.0,0.0,4.117533076097475e-05,3.2342200612921824e-06,0.00011953322882250755,2.9648255492795233e-05,77.99947333097333,703.7097736498034,76.44485386200789,0.14705882352941177,1.0,0.0,77.39117647058823,33.0,0.05190502225289483,0.08701475362117486,0.012338797689551723,-0.05190178803283354,-0.08689522039235235,-0.012309149434058928,0,100,0.0,False,False,False,False,False,False,False,0.0,0.0,0.0,0.0,100
M0_STRAIGHT,local_forward,264.0,4.416666666666656,LOCAL_FORWARD,675.0,-1.4,-56.14,-1.1199999999999917,218.0,633.72489023721,81.82652416745037,88.03668314224245,37.110565728729235,0.20862104781925178,0.07717651245145817,22.0,705.9037219690337,81.74055529318565,21.49622116328446,39.228087092830044,0.20283292625403418,0.05404817119954688,3.0,True,True,0.0,0.0010511423028821587,0.9999994475497769,0.787416386072536,24.861764705882354,26.0,7.472007160292353,4.60743533288971,1.0,1.0,100.0,0.14705882352941177,1.0,1.0,0.0,1.0,81.96664451978509,231.69192349003046,351.64535202225034,6443.529235313613,0.553166037650743,1.0,1.0,150.0,8.36132185535223,1.1999999914429136,32.0,0.0011854681424806144,0.0,15292.0,0.0,0.0,40.14792148189664,32.5107480477796,3.059085707725152,4.60743533288971,0.0,0.0,81.7599989154716,231.7164992710978,0.039346143682143016,0.008944831254218563,0.0,0.0,24.655552330257557,28.80836940457123,37.8,15.399999999999999,680.0,679.0,0.0,7.0,44256.0,8453.0,10.875932131631508,10.875932131631508,0.28772307226538385,True,True,0.6180861135861532,37.69799510429899,CORRIDOR_ONLY,False,False,False,135.2912856580255,221.3377967677157,True,1.047962913112732,1.0031176891402989,-75.65743747593535,0.0,0.0,0.0,0.32124805229354314,0.0,0.0,0.001557631462263398,0.0,7.903120949870762e-06,0.0007804328411623451,5.976661441125378e-05,1.8775688221332997e-05,77.99947333097333,703.7097736498034,76.44485386200789,0.14705882352941177,1.0,0.0,77.39117647058823,33.0,0.05190502225289483,0.08701475362117486,0.012338797689551723,-0.051124589411732486,-0.08695498700676361,-0.01232002200133039,0,100,0.0,False,False,False,False,False,False,False,0.0,0.0,0.0,0.0,100
M0_STRAIGHT,local_forward,270.0,4.516666666666656,LOCAL_FORWARD,675.0,-1.4,-56.14,-1.1199999999999917,218.0,633.83538536999,81.83901315658953,88.4123390677794,37.085107666723296,0.20580366013155618,0.07622228682679372,22.0,705.1427578612601,81.7406722756104,21.424792065081025,39.16292773839283,0.19166218407752478,0.047714068649136784,3.0,True,True,0.0,0.0012377127038052398,0.9999992340333381,0.6700993484392548,24.66176470588235,25.0,7.372664723226418,4.642072878959547,1.0,1.0,100.0,0.14705882352941177,1.0,1.0,0.0,1.0,82.00545904716513,232.99909693911496,351.5862858614427,6514.624415520293,0.5578052009136729,1.0,1.0,150.0,8.357218761482358,1.1999999964079278,32.0,0.004774049155310539,0.0,15735.0,0.0,0.0,39.95107512178308,32.51124120292006,3.090481736590023,4.642072878959547,0.0,0.0,81.7599989154716,233.0281148150309,0.03908688526165523,0.008842527107694906,0.0,0.0,24.048292576947066,28.379267752804672,37.8,15.399999999999999,680.0,679.0,0.0,7.0,43974.0,8385.0,10.858424213303607,10.858424213303607,0.2872598998228468,True,True,0.6242930774492946,38.62235722406135,CORRIDOR_ONLY,False,False,False,138.5420907972323,225.16094792468851,True,1.047964412897535,1.0020363284199172,-75.77475451356864,0.0,0.0,0.0,0.3186637783605062,0.0,0.0,0.0010176464078528458,0.0,3.182699436873693e-05,0.0008990396245075955,2.988330720562689e-05,2.5301341295034965e-05,77.99947333097333,703.7097736498034,76.44485386200789,0.14705882352941177,1.0,0.0,77.39117647058823,33.0,0.05190502225289483,0.08701475362117486,0.012338797689551723,-0.051005982628387236,-0.08698487031396923,-0.012313496348256688,0,100,0.0,False,False,False,False,False,False,False,0.0,0.0,0.0,0.0,100
M0_STRAIGHT,local_forward,276.0,4.616666666666656,LOCAL_FORWARD,675.0,-1.4,-56.14,-1.1199999999999917,218.0,633.9625254477041,81.84001341551782,88.86208172373188,37.055408850404746,0.20603070364508258,0.07720800085626955,22.0,704.3771333016849,81.7406883243537,21.45546347984,39.085409805856735,0.1793709100383013,0.0440973839438018,3.0,True,True,0.0,0.001243538039960342,0.9999992268062726,0.6561900114136452,24.491176470588236,25.0,7.293021146236062,4.674881877670219,1.0,1.0,100.0,0.14705882352941177,1.0,1.0,0.0,0.99,82.00837664200837,234.38353702688954,351.53834691004215,6486.592141228636,0.5511951831204909,1.0,1.0,150.0,8.352546073774107,1.1999999995097292,32.0,0.005500565370058988,0.0,16183.0,0.0,0.0,39.8224547008608,32.51235491754264,3.1154233527740685,4.674881877670219,0.0,0.0,81.7599989154716,234.41273897898154,0.03883734149636003,0.00874054792502068,0.0,0.0,23.51315834272303,27.935772066333705,37.8,15.399999999999999,680.0,679.0,0.0,7.0,43667.0,8327.0,10.925420145158967,10.925420145158967,0.2890322789724595,True,True,0.6140236633072785,39.38470869855292,CORRIDOR_ONLY,False,False,False,141.7930275797309,229.07061647474495,True,1.0479646186520435,1.0009483450093641,-75.78866385059425,0.0,0.0,0.0,0.3164595447117395,0.0,0.0,0.0004740601381747478,0.0,3.667043580039325e-05,0.0006865498813411716,1.4941653602813444e-05,3.098588854771411e-05,77.99947333097333,703.7097736498034,76.44485386200789,0.14705882352941177,1.0,0.0,77.39117647058823,33.0,0.05190502225289483,0.08701475362117486,0.012338797689551723,-0.051218472371553664,-0.08699981196757205,-0.01230781180100401,0,100,0.0,False,False,False,False,False,False,False,0.0,0.0,0.0,0.0,100
M0_STRAIGHT,local_forward,282.0,4.716666666666655,LOCAL_FORWARD,675.0,-1.4,-56.14,-1.1199999999999917,218.0,634.0977269112683,81.8467521289387,89.35457265947579,37.022965635489626,0.2048962450070014,0.07573587126928644,22.0,703.6125107001585,81.74076242020632,21.541378890591147,39.010448054720236,0.17781139687681488,0.04393964955065252,3.0,True,True,0.0,0.0013377130365061726,0.9999991052615157,0.6611249002008404,24.30294117647059,25.0,7.1967715512753125,4.706327611351785,1.0,1.0,100.0,0.14705882352941177,1.0,1.0,0.0,1.0,82.02920095941826,235.80204145200364,351.4999145817317,6555.8720573981645,0.5557303674168288,1.0,1.0,150.0,8.351395321430715,1.199999999833138,32.0,0.0013466014203122336,0.0,16632.0,0.0,0.0,39.70830288582703,32.51292105458339,3.147925677031363,4.706327611351786,0.0,0.0,81.7599989154716,235.83351125053588,0.0385939702482998,0.008640384222824168,0.0,0.0,23.022309842989404,27.505085359917672,37.8,15.399999999999999,680.0,679.0,0.0,7.0,43366.0,8263.0,11.041804128208346,11.041804128208346,0.29211122032297215,True,True,0.5929722501286162,39.64975202375024,CORRIDOR_ONLY,False,False,False,145.044048008311,233.02939059858562,True,1.0479655686052862,0.9998617854216513,-75.78372896180704,0.0,0.0,0.0,0.3140272868924106,0.0,0.0,0.0,0.0,8.977342802081557e-06,0.0003432749406705858,7.470826801406722e-06,1.9981615674897834e-05,77.99947333097333,703.7097736498034,76.44485386200789,0.14705882352941177,1.0,0.0,77.39117647058823,33.0,0.05190502225289483,0.08701475362117486,0.012338797689551723,-0.051561747312224245,-0.08700728279437346,-0.012318816073876826,0,100,0.0,False,False,False,False,False,False,False,0.0,0.0,0.0,0.0,100
M0_STRAIGHT,local_forward,288.0,4.816666666666655,LOCAL_FORWARD,675.0,-1.4,-56.14,-1.1199999999999917,218.0,634.2366392299323,81.85596003658745,89.84434543939233,36.98580474460455,0.20195926739252712,0.07543105090890809,22.0,702.8455719355175,81.74083677381435,21.626088549939716,38.91388703456346,0.1722554882236305,0.04184768333693711,3.0,True,True,0.0,0.0014684205606125377,0.9999989218699473,0.6733478974071477,24.108823529411765,25.0,7.098875952739809,4.737230633513149,1.0,1.0,100.0,0.14705882352941177,1.0,1.0,0.0,1.0,82.05771651045163,237.19362797691713,351.47216613127256,6624.784624294734,0.5601307868347121,1.0,1.0,150.0,8.351230095607491,1.1999999998622033,32.0,0.00020225762531411975,0.0,17082.0,0.0,0.0,39.60547864733216,32.51256489029822,3.19160179209147,4.737230633513148,0.0,0.0,81.7599989154716,237.22823471982684,0.03835652685790194,0.008541579212262002,0.0,0.0,22.533225087530916,27.1647377876711,37.8,15.399999999999999,680.0,679.0,0.0,7.0,43065.0,8197.0,11.156495512799852,11.156495512799852,0.295145383936504,True,True,0.5703833361233432,39.31365352972508,CORRIDOR_ONLY,False,False,False,148.2950667424326,236.97936696938712,True,1.0479665218631078,0.9987719344726396,-75.77150596460073,0.0,0.0,0.0,0.31151902101622775,0.0,0.0,0.0,0.0,1.3483841687607983e-06,0.0001716374703352929,3.735413400703361e-06,1.0664999921829317e-05,77.99947333097333,703.7097736498034,76.44485386200789,0.14705882352941177,1.0,0.0,77.39117647058823,33.0,0.05190502225289483,0.08701475362117486,0.012338797689551723,-0.05173338478255954,-0.08701101820777415,-0.012328132689629893,0,100,0.0,False,False,False,False,False,False,False,0.0,0.0,0.0,0.0,100
M0_STRAIGHT,local_forward,294.0,4.9166666666666545,LOCAL_FORWARD,675.0,-1.4,-56.14,-1.1199999999999917,218.0,634.3844716569423,81.8670468033547,90.27445637341987,36.944530316419495,0.19725528992379815,0.07278758694803307,22.0,702.0838470284023,81.74095015389523,21.655773406722325,38.783255039913215,0.16287840738382056,0.03980252966442765,3.0,True,True,0.0,0.0016259072703475798,0.9999986782119005,0.7040207308009784,23.894117647058824,24.0,6.999199163285443,4.767123356661924,1.0,1.0,100.0,0.14705882352941177,1.0,1.0,0.0,1.0,82.09205827733862,238.49699993871138,351.4417705521857,6693.266118390415,0.564357336879863,1.0,1.0,150.0,8.350403124438344,1.1999999999743105,32.0,0.0009717089204886836,0.0,17531.0,0.0,0.0,39.543429870644225,32.51167540629759,3.2290886929921103,4.767123356661924,0.0,0.0,81.7599989154716,238.5353873325854,0.038123449206212974,0.008443687426818369,0.0,0.0,22.08313136541467,26.856089860519393,37.8,15.399999999999999,680.0,679.0,0.0,7.0,42800.0,8124.0,11.219850589371166,11.219850589371166,0.2968214441632584,True,True,0.5560985540185263,38.531397659186695,CORRIDOR_ONLY,False,False,False,151.54600243382797,240.86750679250565,True,1.0479679754637032,0.9976894926256769,-75.74083313120691,0.0,0.0,0.0,0.30874472694105576,0.0,0.0,0.0,0.0,6.478059469924557e-06,8.581873516764646e-05,1.8677067003516805e-06,8.571529695876936e-06,77.99947333097333,703.7097736498034,76.44485386200789,0.14705882352941177,1.0,0.0,77.39117647058823,33.0,0.05190502225289483,0.08701475362117486,0.012338797689551723,-0.05181920351772719,-0.08701288591447451,-0.012330226159855847,0,100,0.0,False,False,False,False,False,False,False,0.0,0.0,0.0,0.0,100
M0_STRAIGHT,local_forward,300.0,5.016666666666654,LOCAL_FORWARD,675.0,-1.4,-56.14,-1.1199999999999917,218.0,634.5405487857406,81.85113887417263,90.62562924895897,36.903987043480086,0.1943834069015437,0.07242432153859571,22.0,701.3054334215436,81.7408065544634,21.616547664883754,38.6612580699439,0.1582030329158762,0.04242331330336733,3.0,True,True,0.0,0.0013751214816565896,0.9999990545200084,0.6287562877995667,23.688235294117646,24.0,6.884542135481844,4.795944366892418,1.0,1.0,101.0,0.14852941176470588,1.0,1.0,0.0,1.0,82.04235571587915,239.72900226261675,351.41651849561384,6718.4754906847365,0.5656119186759554,1.0,1.0,150.0,8.350128738608106,1.1999999999920266,32.0,0.0011470120456488824,0.0,17985.0,0.0,0.0,39.35786617439335,32.50990965065096,3.2696130775832803,4.795944366892418,0.0,0.0,81.7599989154716,239.7614558116283,0.03789758486740394,0.00834722988133733,0.0,0.0,21.682786431083528,26.658561090273317,37.8,15.399999999999999,680.0,679.0,0.0,7.0,42540.0,8054.0,11.204404650936755,11.204404650936755,0.29641282145335335,True,True,0.5564892186268643,37.65228548765173,CORRIDOR_ONLY,False,False,False,154.79681361884042,244.66843594156956,True,1.0479661344329154,0.9965833354625876,-75.81609757420833,0.0014705882352941124,0.0,0.0,0.3060844449511648,0.0,0.0,0.0,0.0014705882352941124,7.64674697099255e-06,4.290936758382323e-05,0.000736227970997232,8.109138333434744e-06,77.99947333097333,703.7097736498034,76.44485386200789,0.14705882352941177,1.0,0.0,77.39117647058823,33.0,0.05190502225289483,0.08701475362117486,0.012338797689551723,-0.05186211288531101,-0.08627852565017763,-0.01233068855121829,0,101,0.0,False,False,False,False,False,False,False,0.0,0.0,0.0,0.0,101
M0_STRAIGHT,local_forward,306.0,5.116666666666654,LOCAL_FORWARD,675.0,-1.4,-56.14,-1.1199999999999917,218.0,637.2137325399142,81.83352547226201,90.81608909682453,36.8697976627478,0.1939949003406064,0.07171705540260567,22.0,700.4875899894497,81.74062076809058,21.51689760873119,38.56766308826194,0.1589692581730833,0.04395933563299787,3.0,True,True,0.0,0.0011025885037074922,0.999999392149111,0.5914628716901115,23.508823529411764,24.0,6.826413563894933,4.8238975855924044,1.0,1.0,101.0,0.14852941176470588,1.0,1.0,0.0,1.0,81.9874263046083,240.88909796463503,351.4028866942667,6784.805087881434,0.5696979039270602,1.0,1.0,150.0,8.349948104515846,1.1999999999982924,32.0,0.00022152821192030894,0.0,18448.0,0.0,0.0,39.26673227347719,32.50879222018453,3.2831948037623735,4.8238975855924044,0.0,0.0,81.7599989154716,240.91510414069555,0.03767883987930352,0.008253175249209686,0.0,0.0,21.30555805136017,26.43229365267122,37.8,15.399999999999999,680.0,679.0,0.0,7.0,42273.0,7993.0,11.125105161659594,11.125105161659594,0.2943149513666559,True,True,0.5701934390194806,37.08704048796767,CORRIDOR_ONLY,False,False,False,158.04751599181657,248.39677435314894,True,1.0479637525402579,0.9954211469258956,-75.85339099031778,0.0014705882352941124,0.0,0.0,0.303766199217117,0.0,0.0,0.0,0.0014705882352941124,1.4768547461353929e-06,2.1454683791911614e-05,0.0011034081031456723,4.792996539785068e-06,77.99947333097333,703.7097736498034,76.44485386200789,0.14705882352941177,1.0,0.0,77.39117647058823,33.0,0.05190502225289483,0.08701475362117486,0.012338797689551723,-0.05188356756910292,-0.08591134551802919,-0.012334004693011939,0,101,0.0,False,False,False,False,False,False,False,0.0,0.0,0.0,0.0,101
M0_STRAIGHT,local_forward,312.0,5.2166666666666535,LOCAL_FORWARD,675.0,-1.4,-56.14,-1.1199999999999917,218.0,637.374964571968,81.83955836698539,91.08613063986222,36.83419307885643,0.19624200436528108,0.07431596341489616,22.0,699.6714333929746,81.74068114808269,21.39155646576983,38.487059979328315,0.1621892050344461,0.04509466907592403,3.0,True,True,0.0,0.0011847739148610618,0.9999992981551391,0.5381252643056805,23.36764705882353,24.0,6.748647820478136,4.851297652348111,1.0,1.0,101.0,0.14852941176470588,1.0,1.0,0.0,1.0,82.00605167703381,241.99024849939065,351.3914578611688,6850.321131498169,0.5737233302398047,1.0,1.0,150.0,8.349971404693264,1.1999999999977284,32.0,0.00040899597318687516,0.0,18916.0,0.0,0.0,39.29924706362719,32.50835081961453,3.2853058455706643,4.851297652348111,0.0,0.0,81.7599989154716,242.01822364103674,0.03746791004200741,0.008161619989582529,0.0,0.0,20.93279551486882,26.19859667866459,37.8,15.399999999999999,680.0,679.0,0.0,7.0,41998.0,7945.0,11.034382419910978,11.034382419910978,0.29191487883362377,True,True,0.5878798866256766,37.06118621426746,CORRIDOR_ONLY,False,False,False,161.2981718993872,252.09952626557708,True,1.0479645266479476,0.9942613554507224,-75.90672859770221,0.0014705882352941124,0.0,0.0,0.3019420058526204,0.0,0.0,0.0,0.0014705882352941124,2.7266398212458346e-06,1.0727341895955807e-05,0.0012869981692198924,3.759818180515451e-06,77.99947333097333,703.7097736498034,76.44485386200789,0.14705882352941177,1.0,0.0,77.39117647058823,33.0,0.05190502225289483,0.08701475362117486,0.012338797689551723,-0.051894294910998874,-0.08572775545195498,-0.012335037871371208,0,101,0.0,False,False,False,False,False,False,False,0.0,0.0,0.0,0.0,101
M0_STRAIGHT,local_forward,318.0,5.316666666666653,LOCAL_FORWARD,675.0,-1.4,-56.14,-1.1199999999999917,218.0,637.5426162792367,81.83835296329579,91.40039818897333,36.80170340338744,0.20038834872552788,0.07955105057316243,22.0,698.8115083809748,81.74066104625683,21.29085545447644,38.453952779236374,0.16830223472235295,0.04575755219323066,3.0,True,True,0.0,0.0011592950195457015,0.999999328017303,0.5162778330239395,23.21470588235294,23.0,6.672446960666423,4.878026886104849,1.0,1.0,101.0,0.14852941176470588,1.0,1.0,0.0,1.0,82.00218361944887,243.10067143608154,351.3958967875809,6915.366781884233,0.5776760217154591,1.0,1.0,150.0,8.350558724241779,1.1999999999603084,32.0,0.0011347400260001608,0.0,19389.0,0.0,0.0,39.13949803230645,32.50877069444794,3.2855536896088404,4.878026886104849,0.0,0.0,81.7599989154716,243.12805694688606,0.037263929851059446,0.00807315105053992,0.0,0.0,20.58246918557072,26.009290956348924,37.8,15.399999999999999,680.0,679.0,0.0,7.0,41736.0,7893.0,10.977862491227352,10.977862491227352,0.29041964262506226,True,True,0.5999688407482978,37.48212803080776,CORRIDOR_ONLY,False,False,False,164.54885512597536,255.82761966838797,True,1.0479642689304915,0.9930393672899785,-75.92857602898395,0.0014705882352941124,0.0,0.0,0.29996579637441567,0.0,0.0,0.0,0.0014705882352941124,7.5649335066677385e-06,5.3636709479779035e-06,0.0013787932022570025,5.662375843591595e-06,77.99947333097333,703.7097736498034,76.44485386200789,0.14705882352941177,1.0,0.0,77.39117647058823,33.0,0.05190502225289483,0.08701475362117486,0.012338797689551723,-0.05189965858194685,-0.08563596041891786,-0.012333135313708131,0,101,0.0,False,False,False,False,False,False,False,0.0,0.0,0.0,0.0,101
M0_STRAIGHT,local_forward,324.0,5.416666666666653,LOCAL_FORWARD,675.0,-1.4,-56.14,-1.1199999999999917,218.0,637.7208298187844,81.83894809043596,91.77619679831355,36.7718263225842,0.20358924447295332,0.087669242484159,21.0,689.0369734622334,81.74064620521315,20.618341166362733,38.42055140794342,0.1590280379114787,0.03983331879939093,3.0,True,True,0.0,0.0011607299957454133,0.9999993263527116,0.5077864441622124,23.073529411764707,23.0,6.631289858716133,4.903917988612687,1.0,1.0,101.0,0.14852941176470588,1.0,1.0,0.0,1.0,82.00393257546617,244.25233870577506,351.3808198752781,6980.212919645768,0.5815439030699218,1.0,1.0,150.0,8.352893112261228,1.1999999993646275,32.0,0.002751300963429099,0.0,19862.0,0.0,0.0,39.05700250403768,32.509584959727746,3.284871670031981,4.903917988612688,0.0,0.0,81.7599989154716,244.27976959161302,0.03706485738063872,0.007987381163007888,0.0,0.0,20.24080053926417,25.776716201175237,37.8,15.399999999999999,680.0,679.0,0.0,7.0,41514.0,7845.0,10.969145409801389,10.969145409801389,0.29018903200532775,True,True,0.6031832250922541,38.0627176719904,CORRIDOR_ONLY,False,False,False,167.79961362564302,259.60968107034273,True,1.047964078659416,0.9791493585324682,-75.93706741784568,0.0014705882352941124,0.0,0.0,0.29814160300991904,0.0,0.0,0.0,0.0014705882352941124,1.834200642286066e-05,2.6818354739889518e-06,0.0014246907187755575,1.2002191133226128e-05,77.99947333097333,703.7097736498034,76.44485386200789,0.14705882352941177,1.0,0.0,77.39117647058823,33.0,0.05190502225289483,0.08701475362117486,0.012338797689551723,-0.051902340417420846,-0.0855900629023993,-0.012326795498418497,0,101,0.0,False,False,False,False,False,False,False,0.0,0.0,0.0,0.0,101
M0_STRAIGHT,local_forward,330.0,5.516666666666652,LOCAL_FORWARD,675.0,-1.4,-56.14,-1.1199999999999917,218.0,633.6107009625152,81.84291162882423,92.17434546391037,36.748094309888984,0.2033331317551551,0.0966309225204332,21.0,688.2609123486588,81.7406824813435,20.649691663848998,38.384963625813256,0.154544794166296,0.03916218799725842,3.0,True,True,0.0,0.001211193181930622,0.9999992665052689,0.5054799800464149,22.938235294117646,23.0,6.572604224930775,4.929640735577035,1.0,1.0,101.0,0.14852941176470588,1.0,1.0,0.0,1.0,82.01611234918227,245.44362390448313,351.3778640037673,7044.826963146795,0.5853154729667289,1.0,1.0,150.0,8.353082431538894,1.1999999993040178,32.0,0.0002942658930797827,0.0,20335.0,0.0,0.0,39.02108300858284,32.510311640858966,3.282784097827387,4.929640735577035,0.0,0.0,81.7599989154716,245.47226566178904,0.036870209049489275,0.007903718183198934,0.0,0.0,19.947045147945857,25.54741550679086,37.8,15.399999999999999,680.0,679.0,0.0,7.0,41274.0,7799.0,11.008907813701478,11.008907813701478,0.2912409474524201,True,True,0.5970920235316516,38.52133041814434,CORRIDOR_ONLY,False,False,False,171.0504534690565,263.44458461378224,True,1.0479645437411504,0.9780465443573154,-75.93937388196147,0.0014705882352941124,0.0,0.0,0.29639341770227645,0.0,0.0,0.0,0.0014705882352941124,1.961772620531885e-06,1.3409177369944759e-06,0.001447639477034835,6.981981876879007e-06,77.99947333097333,703.7097736498034,76.44485386200789,0.14705882352941177,1.0,0.0,77.39117647058823,33.0,0.05190502225289483,0.08701475362117486,0.012338797689551723,-0.05190368133515784,-0.08556711414414003,-0.012331815707674844,0,101,0.0,False,False,False,False,False,False,False,0.0,0.0,0.0,0.0,101
M0_STRAIGHT,local_forward,336.0,5.616666666666652,LOCAL_FORWARD,675.0,-1.4,-56.14,-1.1199999999999917,218.0,633.7684143115537,81.847195481766,92.53451874560986,36.718528231263384,0.18898179848045069,0.06454047444395472,21.0,687.4872912254659,81.74069701100089,20.716247224339956,38.35289603209035,0.15309115566942927,0.03763069557283361,3.0,True,True,0.0,0.0012657772584313874,0.9999991989036451,0.5276179697991886,22.761764705882353,23.0,6.514170738875741,4.955524639312192,1.0,1.0,101.0,0.14852941176470588,1.0,1.0,0.0,1.0,82.02927312648407,246.65459527539656,351.382242699657,7109.107695151102,0.58900229216597,1.0,1.0,150.0,8.35213673469886,1.1999999996636437,32.0,0.0011818573766314937,0.0,20810.0,0.0,0.0,38.960665106066344,32.51070294975668,3.2807087583105017,4.955524639312192,0.0,0.0,81.7599989154716,246.68454888189962,0.03668011412504441,0.007821560471199494,0.0,0.0,19.7054961200694,25.38523206654369,37.8,15.399999999999999,680.0,679.0,0.0,7.0,41036.0,7739.0,11.081066126117735,11.081066126117735,0.29314989751634224,True,True,0.5840410185980357,38.67238837019316,CORRIDOR_ONLY,False,False,False,174.3013431218816,267.30850168390174,True,1.0479647300200672,0.9769471975070073,-75.9172358922087,0.0014705882352941124,0.0,0.0,0.29411317599665565,0.0,0.0,0.0,0.0014705882352941124,7.87904917754329e-06,6.704588684972379e-07,0.0014591138561644737,7.430515527211149e-06,77.99947333097333,703.7097736498034,76.44485386200789,0.14705882352941177,1.0,0.0,77.39117647058823,33.0,0.05190502225289483,0.08701475362117486,0.012338797689551723,-0.05190435179402633,-0.08555563976501039,-0.012331367174024513,0,101,0.0,False,False,False,False,False,False,False,0.0,0.0,0.0,0.0,101
M0_STRAIGHT,local_forward,342.0,5.716666666666652,LOCAL_FORWARD,675.0,-1.4,-56.14,-1.1199999999999917,218.0,633.8409973817464,81.82096678469375,92.88652298523911,36.689162180458,0.1833414668429948,0.0601677983069117,21.0,686.7490099082855,81.74043476462762,20.76938640465447,38.273541279979945,0.15170592622952542,0.03583818422547937,3.0,True,True,0.0,0.0008809603572051687,0.9999996119543492,0.5377570166314527,22.605882352941176,23.0,6.422659389475515,4.981072328802362,1.0,1.0,101.0,0.14852941176470588,1.0,1.0,0.0,1.0,81.94782603030764,247.86246916358033,351.3915431004871,7172.879434659368,0.5926188109268433,1.0,1.0,150.0,8.351923817432919,1.1999999997322417,32.0,0.0003199968656715531,0.0,21289.0,0.0,0.0,38.86276432884845,32.510475680069604,3.277797138227203,4.9810723288023615,0.0,0.0,81.7599989154716,247.88328208197197,0.03649476832176331,0.007740961705780049,0.0,0.0,19.464124707901668,25.26502495769774,37.8,15.399999999999999,680.0,679.0,0.0,7.0,40825.0,7686.0,11.152199818055005,11.152199818055005,0.2950317412183864,True,True,0.5699506896562626,38.45332737356181,CORRIDOR_ONLY,False,False,False,177.55222984317476,271.1658043286348,True,1.0479613678643747,0.9758980699478557,-75.90709684537643,0.0014705882352941124,0.0,0.0,0.29209896249002393,0.0,0.0,0.0,0.0014705882352941124,2.133312437810354e-06,3.3522943424861897e-07,0.001464851045729293,4.7819139825107516e-06,77.99947333097333,703.7097736498034,76.44485386200789,0.14705882352941177,1.0,0.0,77.39117647058823,33.0,0.05190502225289483,0.08701475362117486,0.012338797689551723,-0.051904687023460586,-0.08554990257544556,-0.012334015775569213,0,101,0.0,False,False,False,False,False,False,False,0.0,0.0,0.0,0.0,101
M0_STRAIGHT,local_forward,348.0,5.816666666666651,LOCAL_FORWARD,675.0,-1.4,-56.14,-1.1199999999999917,218.0,633.8910317976781,81.8171677374263,93.20764040961006,36.65861407710094,0.1834017983013593,0.05971147578546612,21.0,686.0391246305752,81.74039358743892,20.803921205669244,38.199471711716534,0.14374290278116048,0.033767316209775786,3.0,True,True,0.0,0.000821582241913727,0.9999996625012529,0.5389696334280413,22.50294117647059,23.0,6.348690707730385,5.006274219252604,1.0,1.0,101.0,0.14852941176470588,1.0,1.0,0.0,1.0,81.93598404219497,249.0167106363491,351.41061643319506,7236.189639073265,0.5961348948273277,1.0,1.0,150.0,8.351682739447966,1.1999999997986461,32.0,0.0003378415967422931,0.0,21768.0,0.0,0.0,38.79943493117456,32.50978934191364,3.2642821024953403,5.006274219252604,0.0,0.0,81.7599989154716,249.03612010179828,0.036313211794371456,0.007661490357666833,0.0,0.0,19.211464659466895,25.01713691472029,37.8,15.399999999999999,680.0,679.0,0.0,7.0,40607.0,7651.0,11.188025223870724,11.188025223870724,0.2959795032770033,True,True,0.5616438008041,37.96273329197634,CORRIDOR_ONLY,False,False,False,180.8030636892255,274.98392794746,True,1.0479608399481344,0.9748892943072552,-75.90588422857985,0.0014705882352941124,0.0,0.0,0.2907688214950785,0.0,0.0,0.0,0.0014705882352941124,2.2522773116152873e-06,1.6761471712430948e-07,0.0014677196405117028,3.5170956470630194e-06,77.99947333097333,703.7097736498034,76.44485386200789,0.14705882352941177,1.0,0.0,77.39117647058823,33.0,0.05190502225289483,0.08701475362117486,0.012338797689551723,-0.051904854638177705,-0.08554703398066316,-0.01233528059390466,0,101,0.0,False,False,False,False,False,False,False,0.0,0.0,0.0,0.0,101
M0_STRAIGHT,local_forward,354.0,5.916666666666651,LOCAL_FORWARD,675.0,-1.4,-56.14,-1.1199999999999917,218.0,633.934939675376,81.82898872039804,93.48189112977786,36.62676921857072,0.18531756721072937,0.06077407329708573,21.0,685.333254614154,81.7404704887393,20.79397640321872,38.125273629222775,0.14277690035626747,0.03221411181134721,3.0,True,True,0.0,0.0009850139829723798,0.999999514873609,0.47706236033851496,22.352941176470587,22.0,6.25126976720907,5.031242387876222,1.0,1.0,101.0,0.14852941176470588,1.0,1.0,0.0,1.0,81.97253727081662,250.1051440082514,351.4234905991344,7298.9868919207465,0.5995633809201483,1.0,1.0,150.0,8.352819940748901,1.19999999945887,32.0,0.0013271596950526722,0.0,22248.0,0.0,0.0,38.73364383666778,32.508707179651175,3.2540769345116116,5.031242387876221,0.0,0.0,81.7599989154716,250.12844116526873,0.03613522293995765,0.007583039228641664,0.0,0.0,18.982896824163905,24.845873699651683,37.8,15.399999999999999,680.0,679.0,0.0,7.0,40364.0,7600.0,11.17267119171279,11.17267119171279,0.29557331195007386,True,True,0.5629544791405975,37.42939458040394,CORRIDOR_ONLY,False,False,False,184.05382059427325,278.7483126645715,True,1.047961825868899,0.9738862245150594,-75.96779150166937,0.0014705882352941124,0.0,0.0,0.2888306160453008,0.0,0.0,0.0,0.0014705882352941124,8.847731300351147e-06,8.380735856215474e-08,0.0014691539379029076,6.182413473707083e-06,77.99947333097333,703.7097736498034,76.44485386200789,0.14705882352941177,1.0,0.0,77.39117647058823,33.0,0.05190502225289483,0.08701475362117486,0.012338797689551723,-0.05190493844553627,-0.08554559968327195,-0.012332615276078016,0,101,0.0,False,False,False,False,False,False,False,0.0,0.0,0.0,0.0,101
M0_STRAIGHT,local_forward,360.0,6.016666666666651,LOCAL_FORWARD,675.0,-1.4,-56.14,-1.1199999999999917,218.0,633.9729649380683,81.83073390685243,93.7170652915579,36.59582876210375,0.1834205848091512,0.060148299793989744,21.0,684.6658943613064,81.74045920445008,20.74685183041168,38.05551092328705,0.13288933873076775,0.029678692022660016,3.0,True,True,0.0,0.0010043335320617703,0.9999994956569509,0.48928316719108855,22.229411764705883,22.0,6.204861917777472,5.055547032801697,1.0,1.0,101.0,0.14852941176470588,1.0,1.0,0.0,1.0,81.97788568820519,251.14828610244456,351.45043947660656,7361.362120950269,0.6028947273423482,1.0,1.0,150.0,8.35344925486271,1.1999999992121877,32.0,0.0007304438667980485,0.0,22728.0,0.0,0.0,38.659780387946306,32.50825719602581,3.2452763455138136,5.055547032801697,0.0,0.0,81.7599989154716,251.1720496521691,0.03596128121679039,0.007506131740820516,0.0,0.0,18.78625921503428,24.6654330958255,37.8,15.399999999999999,680.0,679.0,0.0,7.0,40143.0,7558.0,11.117688339641063,11.117688339641063,0.2941187391439435,True,True,0.5725549109280063,37.115203478349606,CORRIDOR_ONLY,False,False,False,187.30451317408424,282.4703201778742,True,1.0479616811975474,0.9729378786516981,-75.9555706948168,0.0014705882352941124,0.0,0.0,0.28723444685136623,0.0,0.0,0.0,0.0014705882352941124,4.869625778653656e-06,4.190367928107737e-08,0.00146987108659851,5.52601962618037e-06,77.99947333097333,703.7097736498034,76.44485386200789,0.14705882352941177,1.0,0.0,77.39117647058823,33.0,0.05190502225289483,0.08701475362117486,0.012338797689551723,-0.05190498034921555,-0.08554488253457636,-0.012333271669925544,0,101,0.0,False,False,False,False,False,False,False,0.0,0.0,0.0,0.0,101
M0_STRAIGHT,local_forward,366.0,6.11666666666665,LOCAL_FORWARD,675.0,-1.4,-56.14,-1.1199999999999917,218.0,634.0064346252362,81.84016311532105,93.94571649212102,36.56625538790912,0.18384916943408594,0.06046602309286321,21.0,684.0834417376334,81.75295939151948,20.694085766261015,38.00331518054693,0.12475328777022476,0.02728498922719885,3.0,True,True,0.0,0.0010216689398523553,0.9999994780961524,0.5109174109591988,22.094117647058823,22.0,6.130441936687791,5.079682778714802,1.0,1.0,101.0,0.14852941176470588,1.0,1.0,0.0,1.0,81.99064476514584,252.17451267691655,351.4733727777365,7423.530683654386,0.6061333651531831,1.0,1.0,150.0,8.353237254251695,1.1999999993253545,32.0,0.00037483872583033123,0.0,23207.0,0.0,0.0,38.5869964980929,32.50834113562582,3.2391538495922907,5.079682778714802,0.0,0.0,81.7599989154716,252.19869553678487,0.035790270298057994,0.007430676487302518,0.0,0.0,18.623347799658312,24.530302677634822,37.8,15.399999999999999,680.0,679.0,0.0,7.0,39940.0,7512.0,11.054952490886789,11.054952490886789,0.2924590606054706,True,True,0.5847383743009036,37.1530934489727,CORRIDOR_ONLY,False,False,False,190.555182970737,286.18118001148144,True,1.0481219410882312,0.9721101899574626,-75.9339364510487,0.0014705882352941124,0.0,0.0,0.28548626154372364,0.0,0.0,0.0,0.0014705882352941124,2.498924838868875e-06,2.0951839640538686e-08,0.0014702296609463111,4.012472232524623e-06,77.99947333097333,703.7097736498034,76.44485386200789,0.14705882352941177,1.0,0.0,77.39117647058823,33.0,0.05190502225289483,0.08701475362117486,0.012338797689551723,-0.051905001301055194,-0.08554452396022855,-0.012334785217319198,0,101,0.0,False,False,False,False,False,False,False,0.0,0.0,0.0,0.0,101
M0_STRAIGHT,local_forward,372.0,6.21666666666665,LOCAL_FORWARD,675.0,-1.4,-56.14,-1.1199999999999917,218.0,634.0267865243246,81.82296664306713,94.1964997323734,36.5397225562531,0.18440703804504952,0.06206539410292681,21.0,683.5355136036751,81.7604541905338,20.66088367905588,37.96580886384707,0.1148446323690236,0.023154853049808917,3.0,True,True,0.0,0.0007988776072582758,0.9999996808972335,0.46137174600474823,21.95,22.0,6.102350077682223,5.103944649653882,1.0,1.0,101.0,0.14852941176470588,1.0,1.0,0.0,1.0,81.94082982665714,253.22241453925585,351.50768728337835,7485.341676280977,0.6093292665248711,1.0,1.0,150.0,8.35288815095302,1.1999999994802697,32.0,0.000499852146849654,0.0,23689.0,0.0,0.0,38.47888184564682,32.508525715292414,3.233458374700452,5.103944649653882,0.0,0.0,81.7599989154716,253.24130667622995,0.035623360101210866,0.007357222069675775,0.0,0.0,18.473416013549087,24.492249400844674,37.8,15.399999999999999,680.0,679.0,0.0,7.0,39733.0,7463.0,11.014206236709002,11.014206236709002,0.29138111737325406,True,True,0.5933888331415615,37.47875385741297,CORRIDOR_ONLY,False,False,False,193.80587802523527,289.91383234976803,True,1.0482180289038825,0.9713315619570065,-75.98348211600315,0.0014705882352941124,0.0,0.0,0.2836240641508,0.0,0.0,0.0,0.0014705882352941124,3.3323476456643603e-06,1.0475919820269343e-08,0.0014704089481202118,3.6724099390944915e-06,77.99947333097333,703.7097736498034,76.44485386200789,0.14705882352941177,1.0,0.0,77.39117647058823,33.0,0.05190502225289483,0.08701475362117486,0.012338797689551723,-0.05190501177697501,-0.08554434467305465,-0.012335125279612629,0,101,0.0,False,False,False,False,False,False,False,0.0,0.0,0.0,0.0,101
M0_STRAIGHT,local_forward,378.0,6.3166666666666496,LOCAL_FORWARD,675.0,-1.4,-56.14,-1.1199999999999917,218.0,634.0273935017291,81.81519386805903,94.49155906659641,36.511895458078456,0.18633579637908992,0.06496052527207315,21.0,682.9924033666864,81.76038365863909,20.681448518798142,37.93666659533958,0.10742447819380596,0.022251483479992888,3.0,True,True,0.0,0.0006971584078076294,0.9999997569850476,0.47235464859503656,21.861764705882354,22.0,6.066179857396559,5.127471618223055,1.0,1.0,101.0,0.14852941176470588,1.0,1.0,0.0,1.0,81.9183273088386,254.30161356766973,351.5307525655265,7546.881473749787,0.6124762712792375,1.0,1.0,150.0,8.352954033161666,1.1999999994692514,32.0,0.00021986123592131356,0.0,24175.0,0.0,0.0,38.52114440966372,32.50919575335353,3.2286105085250965,5.127471618223055,0.0,0.0,81.7599989154716,254.31809527797833,0.0354612085723937,0.007285955156732323,0.0,0.0,18.31630559557158,24.410276672530433,37.8,15.399999999999999,680.0,679.0,0.0,8.0,39532.0,7433.0,11.007024103229131,11.007024103229131,0.29119111384204055,True,True,0.5959072256052645,37.904022041022465,CORRIDOR_ONLY,False,False,False,197.0566294411189,293.6865535367275,True,1.048217124642716,0.9705597803826626,-75.97249921341285,0.0014705882352941124,0.0,0.0,0.2824839432979896,0.0,0.0,0.0,0.0014705882352941124,1.465741572808757e-06,5.237959910134671e-09,0.0014704985917071622,2.5690757559516245e-06,77.99947333097333,703.7097736498034,76.44485386200789,0.14705882352941177,1.0,0.0,77.39117647058823,33.0,0.05190502225289483,0.08701475362117486,0.012338797689551723,-0.05190501701493492,-0.0855442550294677,-0.012336228613795772,0,101,0.0,False,False,False,False,False,False,False,0.0,0.0,0.0,0.0,101
M0_STRAIGHT,local_forward,384.0,6.416666666666649,LOCAL_FORWARD,675.0,-1.4,-56.14,-1.1199999999999917,218.0,634.014353203337,81.80945399587473,94.828854736051,36.483482815097425,0.18948711539404678,0.06893026122714954,22.0,659.6537170308088,81.76033881015246,20.746125645503433,37.888286728027865,0.1029579738017074,0.01960450373598005,3.0,True,True,0.0,0.0006219616001717642,0.9999998065818653,0.4964678133560186,21.729411764705883,21.5,6.015202769638077,5.150619297014467,1.0,1.0,101.0,0.14852941176470588,1.0,1.0,0.0,1.0,81.90171635678247,255.41227046189178,351.56128441132853,7608.346921050464,0.6155537189981836,1.0,1.0,150.0,8.352556606602093,1.199999999620348,32.0,0.0005468225813699274,0.0,24661.0,0.0,0.0,38.563017569878156,32.509839597472265,3.2242881900749865,5.150619297014467,0.0,0.0,81.7599989154716,255.42697234261604,0.035301936794914925,0.007216659991475791,0.0,0.0,18.130933031779286,24.226234277673715,37.8,15.399999999999999,680.0,679.0,0.0,8.0,39326.0,7388.0,11.038494995716272,11.038494995716272,0.29202367713535116,True,True,0.591116855669038,38.23639458971059,CORRIDOR_ONLY,False,False,False,200.30744024583345,297.4977551664051,True,1.048216549658236,0.9373945648210951,-75.94838604865187,0.0014705882352941124,0.0,0.0,0.280773762018774,0.0,0.0,0.0,0.0014705882352941124,3.6454838757995162e-06,2.6189799550673357e-09,0.0014705434135006373,3.1072798158755704e-06,77.99947333097333,703.7097736498034,76.44485386200789,0.14705882352941177,1.0,0.0,77.39117647058823,33.0,0.05190502225289483,0.08701475362117486,0.012338797689551723,-0.051905019633914876,-0.08554421020767422,-0.012335690409735848,0,101,0.0,False,False,False,False,False,False,False,0.0,0.0,0.0,0.0,101
M0_STRAIGHT,local_forward,390.0,6.516666666666649,LOCAL_FORWARD,675.0,-1.4,-56.14,-1.1199999999999917,218.0,633.9842690348645,81.81544115519601,95.19145568367725,36.453383643791184,0.19351484045573483,0.07377426551146683,22.0,659.2293398773116,81.76035686585885,20.83366086549485,37.84929068830927,0.09255159107888405,0.01622864915574697,3.0,True,True,0.0,0.0006941427115686717,0.9999997590829189,0.4401318694643485,21.597058823529412,21.0,5.934643321167749,5.17328304347301,1.0,1.0,101.0,0.14852941176470588,1.0,1.0,0.0,1.0,81.9191131236783,256.53378037898733,351.5780186433846,7669.505361621839,0.6185765975362011,1.0,1.0,150.0,8.35148730777695,1.1999999998891486,32.0,0.001306733532790558,0.0,25148.0,0.0,0.0,38.60478497336536,32.509787384330615,3.2202007904781027,5.17328304347301,0.0,0.0,81.7599989154716,256.55019922316376,0.035145818064933984,0.007148972766083213,0.0,0.0,17.96382233212663,24.279075580625335,37.8,15.399999999999999,680.0,679.0,0.0,8.0,39123.0,7343.0,11.091648055606194,11.091648055606194,0.2934298427409046,True,True,0.5811971343689774,38.33577051827112,CORRIDOR_ONLY,False,False,False,203.5582864034298,301.3294371807699,True,1.0482167811432144,0.936791507752133,-76.00472199254354,0.0014705882352941124,0.0,0.0,0.2790635807395584,0.0,0.0,0.0,0.0014705882352941124,8.711556885270387e-06,1.3094899775336679e-09,0.0014705658243973749,5.909418350572978e-06,77.99947333097333,703.7097736498034,76.44485386200789,0.14705882352941177,1.0,0.0,77.39117647058823,33.0,0.05190502225289483,0.08701475362117486,0.012338797689551723,-0.05190502094340486,-0.08554418779677748,-0.01233288827120115,0,101,0.0,False,False,False,False,False,False,False,0.0,0.0,0.0,0.0,101
M0_STRAIGHT,local_forward,396.0,6.6166666666666485,LOCAL_FORWARD,675.0,-1.4,-56.14,-1.1199999999999917,218.0,633.9346528653373,81.82078822635188,95.5504702536991,36.42089931914866,0.1931586221049729,0.07608045200817272,22.0,658.8097905105758,81.7603804523763,20.921507774668974,37.79763365611278,0.09651106632763141,0.01584565741233063,3.0,True,True,0.0,0.0007577654937023962,0.999999712895687,0.43046663521935175,21.46470588235294,21.0,5.849227317143048,5.195262868455006,1.0,1.0,101.0,0.14852941176470588,1.0,1.0,0.0,1.0,81.93465629240885,257.64599406729263,351.60877518628024,7730.182037178549,0.6215740760742307,1.0,1.0,150.0,8.350559768655756,1.1999999999919306,32.0,0.001118446850656617,0.0,25639.0,0.0,0.0,38.62806368371889,32.50955646660061,3.2160793072530245,5.195262868455006,0.0,0.0,81.7599989154716,257.66392772895483,0.03499489829486301,0.007083715841138238,0.0,0.0,17.799271807937625,24.043000026144753,37.8,15.399999999999999,680.0,679.0,0.0,8.0,38928.0,7298.0,11.123451626931915,11.123451626931915,0.2942712070616909,True,True,0.5740952802824276,38.175042417345786,CORRIDOR_ONLY,False,False,False,206.80912902096733,305.1553875365757,True,1.0482170835365054,0.9361953111630764,-76.01438722678854,0.0014705882352941124,0.0,0.0,0.2773533994603428,0.0,0.0,0.0,0.0014705882352941124,7.4563123377107795e-06,6.547449887668339e-10,0.0014705770298457438,6.682865344141879e-06,77.99947333097333,703.7097736498034,76.44485386200789,0.14705882352941177,1.0,0.0,77.39117647058823,33.0,0.05190502225289483,0.08701475362117486,0.012338797689551723,-0.051905021598149845,-0.08554417659132912,-0.01233211482420758,0,101,0.0,False,False,False,False,False,False,False,0.0,0.0,0.0,0.0,101
M0_STRAIGHT,local_forward,402.0,6.716666666666648,LOCAL_FORWARD,675.0,-1.4,-56.14,-1.1199999999999917,218.0,633.8709763460541,81.82167741910217,95.8865525502923,36.38755509283157,0.19595404678356088,0.08034389995810869,22.0,658.428411976014,81.76038588691372,20.975093718339796,37.72631209173758,0.0980531770424109,0.014313020948898069,3.0,True,True,0.0,0.000765652245059503,0.9999997068882768,0.4328744720003426,21.344117647058823,21.0,5.794961867431286,5.216805285513421,1.0,1.0,101.0,0.14852941176470588,1.0,1.0,0.0,1.0,81.93728006999447,258.727960241916,351.61817541840634,7790.453053220359,0.6245103740038671,1.0,1.0,150.0,8.350690739430831,1.199999999984521,32.0,0.0009847109003824845,0.0,26131.0,0.0,0.0,38.66173895481518,32.50916079835686,3.2142776588762616,5.216805285513421,0.0,0.0,81.7599989154716,258.7460861824379,0.0348474202170717,0.007020397345116872,0.0,0.0,17.643716196643165,23.943567856856433,37.8,15.399999999999999,680.0,679.0,0.0,8.0,38763.0,7257.0,11.136298040896248,11.136298040896248,0.29461105928296955,True,True,0.571358243516571,37.88159547022681,CORRIDOR_ONLY,False,False,False,210.05993787566698,308.9562111791172,True,1.0482171532105327,0.9356533568676518,-76.01197939000755,0.0014705882352941124,0.0,0.0,0.27579523429483527,0.0,0.0,0.0,0.0014705882352941124,6.56473933588323e-06,3.2737249438341696e-10,0.001470582632569928,6.623802340012555e-06,77.99947333097333,703.7097736498034,76.44485386200789,0.14705882352941177,1.0,0.0,77.39117647058823,33.0,0.05190502225289483,0.08701475362117486,0.012338797689551723,-0.051905021925522335,-0.08554417098860494,-0.01233217388721171,0,101,0.0,False,False,False,False,False,False,False,0.0,0.0,0.0,0.0,101
M0_STRAIGHT,local_forward,408.0,6.816666666666648,LOCAL_FORWARD,675.0,-1.4,-56.14,-1.1199999999999917,218.0,633.7929649176035,81.81992364486285,96.19344537672089,36.35456315223542,0.1964743118219434,0.08505693543257209,22.0,658.1353837417444,81.76035206205016,21.00555530697654,37.677975001320526,0.08821598163227175,0.011268520211163445,3.0,True,True,0.0,0.0007409156711208077,0.9999997255219464,0.43238432912899083,21.26764705882353,21.0,5.77791029740375,5.238028279396648,1.0,1.0,101.0,0.14852941176470588,1.0,1.0,0.0,1.0,81.93224164985746,259.77341222681275,351.6412755642454,7850.281784712981,0.6273789408208936,1.0,1.0,150.0,8.350968381722595,1.1999999999605893,32.0,0.00034299911967675063,0.0,26623.0,0.0,0.0,38.63841620989026,32.50874068284969,3.2093474716268817,5.238028279396647,0.0,0.0,81.7599989154716,259.79095443258495,0.03470320385972875,0.006958492830070901,0.0,0.0,17.472587788090454,23.820414961621196,37.8,15.399999999999999,680.0,679.0,0.0,8.0,38586.0,7231.0,11.12880304600952,11.12880304600952,0.2944127789949609,True,True,0.5716432898887127,37.59122899250598,CORRIDOR_ONLY,False,False,False,213.3107039120007,312.7269412405108,True,1.0482167195555074,0.9352369519160055,-76.0124695328789,0.0014705882352941124,0.0,0.0,0.27480712955573294,0.0,0.0,0.0,0.0014705882352941124,2.2866607978450044e-06,1.6368624719170848e-10,0.0014705854339320203,4.4552315689287795e-06,77.99947333097333,703.7097736498034,76.44485386200789,0.14705882352941177,1.0,0.0,77.39117647058823,33.0,0.05190502225289483,0.08701475362117486,0.012338797689551723,-0.05190502208920859,-0.08554416818724284,-0.012334342457982794,0,101,0.0,False,False,False,False,False,False,False,0.0,0.0,0.0,0.0,101
M0_STRAIGHT,local_forward,414.0,6.916666666666647,LOCAL_FORWARD,675.0,-1.4,-56.14,-1.1199999999999917,218.0,633.6961310846542,81.8161922789267,96.47822781557524,36.32231830272665,0.1967701683373768,0.09070076041800375,22.0,657.8788838972952,81.76032313853997,21.01752309428828,37.619643011686435,0.08442325655663337,0.011678189519836263,3.0,True,True,0.0,0.0006921120251521757,0.9999997604904436,0.43572298535551485,21.16470588235294,21.0,5.732973889647254,5.2588903436728796,1.0,1.0,101.0,0.14852941176470588,1.0,1.0,0.0,1.0,81.92146343304526,260.79198452934736,351.65090391418096,7909.711911374518,0.6301840325000627,1.0,1.0,150.0,8.353444461151128,1.1999999992820543,32.0,0.0029847360559680466,0.0,27115.0,0.0,0.0,38.593974211486724,32.50850732490695,3.208070230129403,5.2588903436728796,0.0,0.0,81.7599989154716,260.80837028474525,0.034562026810322825,0.006898433179501886,0.0,0.0,17.284997955955795,23.764129754838013,37.8,15.399999999999999,680.0,679.0,0.0,8.0,38421.0,7196.0,11.085449413584291,11.085449413584291,0.29326585750222994,True,True,0.5792223497574548,37.44122637569951,CORRIDOR_ONLY,False,False,False,216.56143625393244,316.4755706696991,True,1.0482163487387706,0.9348724552810947,-76.00913087665238,0.0014705882352941124,0.0,0.0,0.27347698856078745,0.0,0.0,0.0,0.0014705882352941124,1.9898240373120312e-05,8.184312359585424e-11,0.0014705868346130664,1.2176735971024546e-05,77.99947333097333,703.7097736498034,76.44485386200789,0.14705882352941177,1.0,0.0,77.39117647058823,33.0,0.05190502225289483,0.08701475362117486,0.012338797689551723,-0.05190502217105171,-0.08554416678656179,-0.012326620953580699,0,101,0.0,False,False,False,False,False,False,False,0.0,0.0,0.0,0.0,101
M0_STRAIGHT,local_forward,420.0,7.016666666666647,LOCAL_FORWARD,675.0,-1.4,-56.14,-1.1199999999999917,218.0,633.5863697363438,81.81496728613538,96.76174794445805,36.291418254166004,0.18549113733374115,0.07615469852407894,22.0,657.6493806298861,81.76031699131192,21.020521512399796,37.544212506042065,0.08645169120077116,0.011110513073159314,3.0,True,True,0.0,0.0006745123112021814,0.999999772516545,0.41615463207854,21.064705882352943,21.0,5.705151560235671,5.279394697334799,1.0,1.0,101.0,0.14852941176470588,1.0,1.0,0.0,1.0,81.91797116375226,261.8009540769508,351.6534560094426,7968.707415438135,0.6329263714186705,1.0,1.0,150.0,8.355485506282292,1.199999998061019,32.0,0.002524848975805148,0.0,27607.0,0.0,0.0,38.496334380832366,32.50848103619624,3.202023371922562,5.279394697334799,0.0,0.0,81.7599989154716,261.81692601750825,0.0344239337096686,0.006839213591661121,0.0,0.0,17.067114134689298,23.45491802066624,37.8,15.399999999999999,680.0,679.0,0.0,8.0,38274.0,7162.0,11.052323217059373,11.052323217059373,0.29238950309680883,True,True,0.5862921247306331,37.51684518231779,CORRIDOR_ONLY,False,False,False,219.81216177601317,320.222457608627,True,1.0482162699276223,0.9345463218721203,-76.02869922992934,0.0014705882352941124,0.0,0.0,0.27218485159426903,0.0,0.0,0.0,0.0014705882352941124,1.6832326505367655e-05,4.092156179792712e-11,0.0014705875349535894,1.4504531238196101e-05,77.99947333097333,703.7097736498034,76.44485386200789,0.14705882352941177,1.0,0.0,77.39117647058823,33.0,0.05190502225289483,0.08701475362117486,0.012338797689551723,-0.05190502221197327,-0.08554416608622127,-0.012324293158313527,0,101,0.0,False,False,False,False,False,False,False,0.0,0.0,0.0,0.0,101
M0_STRAIGHT,local_forward,426.0,7.116666666666647,LOCAL_FORWARD,675.0,-1.4,-56.14,-1.1199999999999917,218.0,633.4814022261409,81.81417422308736,97.06601199004488,36.26062133089988,0.17311627045414363,0.06514110052084188,22.0,657.4984616900824,81.76029173177704,21.057655220759745,37.50767183589362,0.08133847706553678,0.011658816094792331,3.0,True,True,0.0,0.0006623660483456895,0.999999780635585,0.4053351124309741,20.985294117647058,21.0,5.665407537022701,5.2993907482161005,1.0,1.0,101.0,0.14852941176470588,1.0,1.0,0.0,1.0,81.91573427422841,262.81913958534193,351.66138101015724,8027.466853203783,0.6356153565781768,1.0,1.0,150.0,8.355437411236068,1.1999999980439544,32.0,0.00043110046798149586,0.0,28099.0,0.0,0.0,38.52823694546736,32.50872481724138,3.195738592138159,5.2993907482161,0.0,0.0,81.7599989154716,262.8348271813225,0.03428873108425912,0.006781342618737865,0.0,0.0,16.88624200916746,23.323340485960134,37.8,15.399999999999999,680.0,679.0,0.0,8.0,38085.0,7135.0,11.03614969139543,11.03614969139543,0.29196163204749814,True,True,0.5898220761322842,37.73205847738563,CORRIDOR_ONLY,False,False,False,223.06290867957472,323.98606102970643,True,1.048215946085245,0.934331859965444,-76.03951874957691,0.0014705882352941124,0.0,0.0,0.27115874282673963,0.0,0.0,0.0,0.0014705882352941124,2.874003119876639e-06,2.046078089896356e-11,0.001470587885123851,8.68926717903637e-06,77.99947333097333,703.7097736498034,76.44485386200789,0.14705882352941177,1.0,0.0,77.39117647058823,33.0,0.05190502225289483,0.08701475362117486,0.012338797689551723,-0.05190502223243405,-0.08554416573605102,-0.012330108422372687,0,101,0.0,False,False,False,False,False,False,False,0.0,0.0,0.0,0.0,101
M0_STRAIGHT,local_forward,432.0,7.216666666666646,LOCAL_FORWARD,675.0,-1.4,-56.14,-1.1199999999999917,218.0,633.3744817416823,81.81260218189138,97.43631020199489,36.22876656788021,0.16856868283315635,0.05966077316652648,22.0,657.3827104004555,81.7602740872929,21.12581741624775,37.446071706751695,0.07847218432608304,0.013317690514792846,3.0,True,True,0.0,0.0006408557071585756,0.9999997946519602,0.394395684466886,20.902941176470588,21.0,5.64118183769603,5.319188508126638,1.0,1.0,101.0,0.14852941176470588,1.0,1.0,0.0,1.0,81.91123163416671,263.8565843213494,351.65544705237266,8085.966124761168,0.638255213883557,1.0,1.0,150.0,8.355284278836535,1.1999999981022569,32.0,0.0004333643991942261,0.0,28591.0,0.0,0.0,38.27932493658114,32.50902963750257,3.1994847345575295,5.319188508126638,0.0,0.0,81.7599989154716,263.8717641499751,0.03415612907348155,0.006725071004486255,0.0,0.0,16.681478528502595,23.117565030173896,37.8,15.399999999999999,680.0,679.0,0.0,8.0,37940.0,7107.0,11.044783994700355,11.044783994700355,0.29219005276985066,True,True,0.5891753334490556,37.96511391676494,CORRIDOR_ONLY,False,False,False,226.31368997929226,327.77321966582423,True,1.0482157198723823,0.9341673727095309,-76.050458177541,0.0014705882352941124,0.0,0.0,0.27009463003078327,0.0,0.0,0.0,0.0014705882352941124,2.889095994628174e-06,1.023039044948178e-11,0.0014705880602089816,5.789181586832272e-06,77.99947333097333,703.7097736498034,76.44485386200789,0.14705882352941177,1.0,0.0,77.39117647058823,33.0,0.05190502225289483,0.08701475362117486,0.012338797689551723,-0.05190502224266444,-0.08554416556096588,-0.012333008507964892,0,101,0.0,False,False,False,False,False,False,False,0.0,0.0,0.0,0.0,101
M0_STRAIGHT,local_forward,438.0,7.316666666666646,LOCAL_FORWARD,675.0,-1.4,-56.14,-1.1199999999999917,218.0,633.2634675371635,81.8118098416742,97.86649389303118,36.19580338561464,0.1577798983308284,0.047585790847918,22.0,657.2577679782506,81.7602749417906,21.21085363180336,37.3815862587163,0.07849086779604,0.01321866871486116,3.0,True,True,0.0,0.0006290407889040481,0.9999998021538233,0.38192822205487564,20.823529411764707,21.0,5.63743051729866,5.338391901731061,1.0,1.0,101.0,0.14852941176470588,1.0,1.0,0.0,1.0,81.90900217714935,264.90831439234097,351.6522886625997,8143.992188103503,0.6408377267517246,1.0,1.0,150.0,8.3546005915575,1.1999999985170136,32.0,0.0008067318127039474,0.0,29083.0,0.0,0.0,38.1882955067636,32.5091906153733,3.2095264544986386,5.338391901731061,0.0,0.0,81.7599989154716,264.92321660949636,0.0340263741430387,0.006669034240346334,0.0,0.0,16.495405956971606,22.995038312298412,37.8,15.399999999999999,680.0,679.0,0.0,8.0,37799.0,7080.0,11.081704408983326,11.081704408983326,0.2931667833064372,True,True,0.5828681158626542,38.09426298430032,CORRIDOR_ONLY,False,False,False,229.56450021755816,331.57856546809165,True,1.048215730827555,0.9339898244831408,-76.06292563995301,0.0014705882352941124,0.0,0.0,0.2690685212632539,0.0,0.0,0.0,0.0014705882352941124,5.378212084692983e-06,5.11519522474089e-12,0.001470588147751547,5.583696835762628e-06,77.99947333097333,703.7097736498034,76.44485386200789,0.14705882352941177,1.0,0.0,77.39117647058823,33.0,0.05190502225289483,0.08701475362117486,0.012338797689551723,-0.05190502224777964,-0.08554416547342332,-0.01233321399271596,0,101,0.0,False,False,False,False,False,False,False,0.0,0.0,0.0,0.0,101
M0_STRAIGHT,local_forward,444.0,7.416666666666646,LOCAL_FORWARD,675.0,-1.4,-56.14,-1.1199999999999917,218.0,633.1542022755807,81.81071847920448,98.30147828792227,36.162172279521265,0.15187153114738663,0.043732323221386815,22.0,657.1809884891253,81.7602592481474,21.3056307964626,37.32692627366346,0.07350634498018231,0.012466610692651193,3.0,True,True,0.0,0.0006137383937225057,0.9999998116625742,0.3779597190732502,20.73235294117647,20.0,5.588234520123785,5.357328290673025,1.0,1.0,101.0,0.14852941176470588,1.0,1.0,0.0,1.0,81.9059035396059,265.9577379285488,351.64559176937155,8201.710239273216,0.6433660783916156,1.0,1.0,150.0,8.353822018259791,1.1999999989373142,32.0,0.0009050955425904345,0.0,29575.0,0.0,0.0,38.154039470822816,32.50910553834957,3.2155236854903846,5.357328290673025,0.0,0.0,81.7599989154716,265.9722800484755,0.03389931581066942,0.006613973103090736,0.0,0.0,16.323761027209052,22.848954265257355,37.8,15.399999999999999,680.0,679.0,0.0,8.0,37643.0,7049.0,11.131509367923783,11.131509367923783,0.29448437481279854,True,True,0.5736083984121672,38.03016269128851,CORRIDOR_ONLY,False,False,False,232.81531651425763,335.38598921554814,True,1.0482155296256428,0.9338807177291915,-76.06689414293464,0.0014705882352941124,0.0,0.0,0.26789039638201645,0.0,0.0,0.0,0.0014705882352941124,6.03397028393623e-06,2.557597612370445e-12,0.0014705881915228298,5.808833559849429e-06,77.99947333097333,703.7097736498034,76.44485386200789,0.14705882352941177,1.0,0.0,77.39117647058823,33.0,0.05190502225289483,0.08701475362117486,0.012338797689551723,-0.05190502225033723,-0.08554416542965203,-0.012332988855991874,0,101,0.0,False,False,False,False,False,False,False,0.0,0.0,0.0,0.0,101
M0_STRAIGHT,local_forward,450.0,7.516666666666645,LOCAL_FORWARD,675.0,-1.4,-56.14,-1.1199999999999917,218.0,633.0446643600621,81.80906210478176,98.72150052536655,36.12702231202763,0.14795301068617261,0.04094837015754509,22.0,657.153756977601,81.76023665403298,21.38746662169391,37.24706551191239,0.07303869311825335,0.011951179064065153,3.0,True,True,0.0,0.00059174456538575,0.9999998249191694,0.3741968487475666,20.608823529411765,20.0,5.545526424226947,5.375731162387187,1.0,1.0,101.0,0.14852941176470588,1.0,1.0,0.0,1.0,81.90115580839894,266.982730692705,351.6351714929324,8259.025156490692,0.6458409339559217,1.0,1.0,150.0,8.35337606480735,1.1999999991385222,32.0,0.0005332476392486166,0.0,30067.0,0.0,0.0,38.0231028426972,32.508710191950215,3.2280371154938408,5.375731162387187,0.0,0.0,81.7599989154716,266.996754361117,0.033774746009986235,0.00655993311423153,0.0,0.0,16.164484740687673,22.726195925157235,37.8,15.399999999999999,680.0,679.0,0.0,8.0,37477.0,7007.0,11.182107705226894,11.182107705226894,0.29582295516473267,True,True,0.5636287859243643,37.758412893016306,CORRIDOR_ONLY,False,False,False,236.0661079781833,339.1747185941889,True,1.048215239955553,0.9338420206518679,-76.07065701326032,0.0014705882352941124,0.0,0.0,0.26629422718808193,0.0,0.0,0.0,0.0014705882352941124,3.5549842616574443e-06,1.2787988061852225e-12,0.0014705882134084711,4.681908910753437e-06,77.99947333097333,703.7097736498034,76.44485386200789,0.14705882352941177,1.0,0.0,77.39117647058823,33.0,0.05190502225289483,0.08701475362117486,0.012338797689551723,-0.051905022251616036,-0.0855441654077664,-0.01233411578064097,0,101,0.0,False,False,False,False,False,False,False,0.0,0.0,0.0,0.0,101
M0_STRAIGHT,local_forward,456.0,7.616666666666645,LOCAL_FORWARD,675.0,-1.4,-56.14,-1.1199999999999917,218.0,632.9311905015156,81.80842010883474,99.10901465079567,36.09121102687623,0.14439269181222164,0.0383886119968651,22.0,657.1082588697086,81.76023318883296,21.437601036443006,37.16526112272823,0.07447737532253129,0.012899061150657849,3.0,True,True,0.0,0.0005821418765588148,0.9999998305554035,0.37169944121326975,20.54705882352941,20.0,5.509950106217876,5.394049629598469,1.0,1.0,101.0,0.14852941176470588,1.0,1.0,0.0,1.0,81.89936663859746,267.9657494936257,351.62641610869684,8315.770464207806,0.648260145800178,1.0,1.0,150.0,8.353645389332286,1.199999998978796,32.0,0.0004502818585920486,0.0,30559.0,0.0,0.0,37.91210932442073,32.508103511955575,3.243503269758526,5.394049629598468,0.0,0.0,81.7599989154716,267.9795489151905,0.03365272786195127,0.0065060580794414425,0.0,0.0,16.01946772253599,22.648144045490376,37.8,15.399999999999999,680.0,679.0,0.0,8.0,37322.0,6986.0,11.197820077063525,11.197820077063525,0.29623862637734194,True,True,0.5592122587919683,37.34788964452056,CORRIDOR_ONLY,False,False,False,239.316847728026,342.92713861316145,True,1.048215195529612,0.933777366003608,-76.07315442079462,0.0014705882352941124,0.0,0.0,0.26549614259111465,0.0,0.0,0.0,0.0014705882352941124,3.001879057280324e-06,6.393994030926113e-13,0.0014705882243512918,3.84189398401688e-06,77.99947333097333,703.7097736498034,76.44485386200789,0.14705882352941177,1.0,0.0,77.39117647058823,33.0,0.05190502225289483,0.08701475362117486,0.012338797689551723,-0.051905022252255434,-0.08554416539682357,-0.012334955795567707,0,101,0.0,False,False,False,False,False,False,False,0.0,0.0,0.0,0.0,101
M0_STRAIGHT,local_forward,462.0,7.716666666666645,LOCAL_FORWARD,675.0,-1.4,-56.14,-1.1199999999999917,218.0,632.8181364187792,81.80842112091901,99.45928460533003,36.05538783814248,0.1387034760924734,0.03371081128943236,22.0,657.0830831482534,81.76023372989619,21.454297564791737,37.0788937090379,0.09253099766415285,0.01562695905243162,3.0,True,True,0.0,0.0005803422747619995,0.9999998316014078,0.36916252052540455,20.44705882352941,20.0,5.438438102666959,5.41198710120298,1.0,1.0,101.0,0.14852941176470588,1.0,1.0,0.0,1.0,81.8994547550152,268.9040421491144,351.61418045057945,8372.156459944497,0.6506311305432925,1.0,1.0,150.0,8.354792451051225,1.199999998249006,32.0,0.0014675123659289666,0.0,31051.0,0.0,0.0,37.79065600224562,32.507525866511536,3.2640867153711723,5.41198710120298,0.0,0.0,81.7599989154716,268.9178021143093,0.033533056170914254,0.006452885521268283,0.0,0.0,15.880300887224434,22.50491145698461,37.8,15.399999999999999,680.0,679.0,0.0,8.0,37167.0,6952.0,11.184649959152145,11.184649959152145,0.2958902105595806,True,True,0.5612743296975559,36.97108233505269,CORRIDOR_ONLY,False,False,False,242.56752784202394,346.6389406884559,True,1.0482152024663667,0.9337415902869732,-76.07569134148248,0.0014705882352941124,0.0,0.0,0.26420400562459617,0.0,0.0,0.0,0.0014705882352941124,9.783415772859778e-06,3.1969970154630563e-13,0.0014705882298227022,6.812654878438329e-06,77.99947333097333,703.7097736498034,76.44485386200789,0.14705882352941177,1.0,0.0,77.39117647058823,33.0,0.05190502225289483,0.08701475362117486,0.012338797689551723,-0.05190502225257513,-0.08554416539135216,-0.012331985034673285,0,101,0.0,False,False,False,False,False,False,False,0.0,0.0,0.0,0.0,101
M0_STRAIGHT,local_forward,468.0,7.816666666666644,LOCAL_FORWARD,675.0,-1.4,-56.14,-1.1199999999999917,218.0,632.708072816537,81.80690270097378,99.78284325946962,36.01952355557346,0.13157821306430087,0.03010139823995431,22.0,657.0902974983466,81.76022184744076,21.445464639516523,37.021132193486494,0.0785198056127878,0.012266622542259782,3.0,True,True,0.0,0.0005603916009145398,0.9999998429806146,0.3687099731461232,20.358823529411765,20.0,5.41001889999193,5.429339675003542,1.0,1.0,101.0,0.14852941176470588,1.0,1.0,0.0,1.0,81.89509954014954,269.8111627639082,351.6018031443615,8428.20595719286,0.6529554322488968,1.0,1.0,150.0,8.355784801785632,1.199999997441117,32.0,0.001323325505850469,0.0,31543.0,0.0,0.0,37.548717852495464,32.50718474644131,3.286639171843142,5.429339675003542,0.0,0.0,81.7599989154716,269.8244512055427,0.03341557350749201,0.006400822545576309,0.0,0.0,15.75872827755635,22.39908469604576,37.8,15.399999999999999,680.0,679.0,0.0,8.0,36999.0,6922.0,11.151042176382438,11.151042176382438,0.2950011157773132,True,True,0.5667415428024636,36.764487901345376,CORRIDOR_ONLY,False,False,False,245.81816411029263,350.3222791198085,True,1.048215050126166,0.9337518421697284,-76.07614388886176,0.0014705882352941124,0.0,0.0,0.2630638847717858,0.0,0.0,0.0,0.0014705882352941124,8.822170039003126e-06,1.5984985077315281e-13,0.0014705882325584073,7.817412458720728e-06,77.99947333097333,703.7097736498034,76.44485386200789,0.14705882352941177,1.0,0.0,77.39117647058823,33.0,0.05190502225289483,0.08701475362117486,0.012338797689551723,-0.05190502225273498,-0.08554416538861645,-0.012330980277093003,0,101,0.0,False,False,False,False,False,False,False,0.0,0.0,0.0,0.0,101
M0_STRAIGHT,local_forward,474.0,7.916666666666644,LOCAL_FORWARD,675.0,-1.4,-56.14,-1.1199999999999917,218.0,632.597025549733,81.80487958906792,100.10081208947936,35.98590790230283,0.1275541609700133,0.028693240798179205,22.0,657.0891628025173,81.76020853978257,21.434763535614735,36.96303706339418,0.08073035392112288,0.011404705916996511,3.0,True,True,0.0,0.0005346195438383478,0.9999998570909615,0.37166797991247436,20.258823529411764,20.0,5.364431752542077,5.446465943798138,1.0,1.0,101.0,0.14852941176470588,1.0,1.0,0.0,1.0,81.88927520038587,270.7083261684421,351.58927500101277,8483.77487094725,0.6552326054258327,1.0,1.0,150.0,8.356986330441714,1.1999999962590207,32.0,0.0016011181188915005,0.0,32035.0,0.0,0.0,37.38748826812235,32.50718848144166,3.317615770079623,5.446465943798138,0.0,0.0,81.7599989154716,270.7210043519117,0.03330043567502155,0.006349283763398585,0.0,0.0,15.653784933192656,22.3127987392791,37.8,15.399999999999999,680.0,679.0,0.0,8.0,36867.0,6888.0,11.10860944123486,11.10860944123486,0.29387855664642487,True,True,0.5755143493004062,36.797661439536405,CORRIDOR_ONLY,False,False,False,249.06878589159297,353.99866079101184,True,1.0482148795140116,0.9337502297211427,-76.07318588209542,0.0014705882352941124,0.0,0.0,0.26177174780526735,0.0,0.0,0.0,0.0014705882352941124,1.0674120792610003e-05,7.992492538657641e-14,0.00147058823392626,9.245766625665365e-06,77.99947333097333,703.7097736498034,76.44485386200789,0.14705882352941177,1.0,0.0,77.39117647058823,33.0,0.05190502225289483,0.08701475362117486,0.012338797689551723,-0.05190502225281491,-0.0855441653872486,-0.012329551922926058,0,101,0.0,False,False,False,False,False,False,False,0.0,0.0,0.0,0.0,101
M0_STRAIGHT,local_forward,480.0,8.016666666666644,LOCAL_FORWARD,675.0,-1.4,-56.14,-1.1199999999999917,218.0,632.4868339464764,81.804597749827,100.43578740811324,35.953044288704916,0.1262706903773936,0.027650956144714068,22.0,657.0974439359259,81.7601992817754,21.443399809506793,36.91687228974002,0.09895206496418836,0.014116922839537764,3.0,True,True,0.0,0.0005297190853820229,0.9999998596988355,0.3761154092108628,20.16764705882353,20.0,5.310213277440287,5.4634236959634,1.0,1.0,101.0,0.14852941176470588,1.0,1.0,0.0,1.0,81.88853921828405,271.61468247800855,351.57704030476594,8538.97399738778,0.6574621553388306,1.0,1.0,150.0,8.35623115642747,1.199999996891489,32.0,0.0009181710158830194,0.0,32527.0,0.0,0.0,37.324095786368915,32.50746578365471,3.356697824563115,5.4634236959633995,0.0,0.0,81.7599989154716,271.6272465925346,0.033187512082175186,0.006297912430411054,0.0,0.0,15.564869837735202,22.191507202400732,37.8,15.399999999999999,680.0,679.0,0.0,8.0,36712.0,6857.0,11.113105369944822,11.113105369944822,0.29399749655938684,True,True,0.5759704482524226,36.9930704391428,CORRIDOR_ONLY,False,False,False,252.3194250141069,357.68938411047634,True,1.0482147608208106,0.9337619975460596,-76.06873845279702,0.0014705882352941124,0.0,0.0,0.26059362292402993,0.0,0.0,0.0,0.0014705882352941124,6.121140105886796e-06,3.9962462693288203e-14,0.0014705882346101862,7.68345336577608e-06,77.99947333097333,703.7097736498034,76.44485386200789,0.14705882352941177,1.0,0.0,77.39117647058823,33.0,0.05190502225289483,0.08701475362117486,0.012338797689551723,-0.05190502225285487,-0.08554416538656467,-0.012331114236185946,0,101,0.0,False,False,False,False,False,False,False,0.0,0.0,0.0,0.0,101
M0_STRAIGHT,local_forward,486.0,8.11666666666665,LOCAL_FORWARD,675.0,-1.4,-56.14,-1.1199999999999917,218.0,632.3745996498915,81.80294184397277,100.79023318323303,35.921421205120694,0.12241108150216228,0.026221757516610298,21.0,655.1455224480948,81.76018429127382,18.228239780755104,36.89764592056898,0.08672214595903564,0.007778928431015906,3.0,True,True,0.0,0.0005086289108923159,0.9999998706483071,0.38027694671512996,20.1,20.0,5.287499130857945,5.480466468736855,1.0,1.0,102.0,0.15,1.0,1.0,0.0,1.0,81.88379179121895,272.53586882204166,351.56208276769155,8671.00503834564,0.6658952531037382,1.0,1.0,150.0,8.354027239309431,1.1999999985330827,32.0,0.002562806640902436,0.0,33019.0,0.0,0.0,37.219601982345,32.50774295108819,3.403565669753487,5.4804664687368545,0.0,0.0,81.7599989154716,272.54793315973745,0.03307651428465471,0.006247403954218106,0.0,0.0,15.484804225939284,22.15468108526937,37.8,15.399999999999999,680.0,679.0,0.0,8.0,36556.0,6834.0,11.117533241137473,11.117533241137473,0.29411463600892784,True,True,0.5745514841431748,37.16363923271314,CORRIDOR_ONLY,False,False,False,255.5700926408027,361.3992418521201,True,1.048214568633595,0.9309882383047925,-76.06457691529276,0.002941176470588225,0.0,0.0,0.25971953027020867,0.0,0.0,0.0,0.002941176470588225,1.7085377606016242e-05,1.9981231346644102e-14,0.0022058823525992056,1.2384415485896161e-05,77.99947333097333,703.7097736498034,76.44485386200789,0.14705882352941177,1.0,0.0,77.39117647058823,33.0,0.05190502225289483,0.08701475362117486,0.012338797689551723,-0.05190502225287485,-0.08480887126857566,-0.012326413274065827,0,102,0.0,False,False,False,False,False,False,False,0.0,0.0,0.0,0.0,102
M0_STRAIGHT,local_forward,492.0,8.216666666666654,LOCAL_FORWARD,675.0,-1.4,-56.14,-1.1199999999999917,218.0,632.2605325617717,81.80346799637795,101.15729492830562,35.89087097260557,0.12045875101208618,0.025497752007280057,21.0,655.2204102102941,81.76018302629814,18.263196535818828,36.8442717253585,0.0937466009106076,0.011434193510080374,3.0,True,True,0.0,0.0005134263561725723,0.9999998681966797,0.38357582657113815,20.03529411764706,20.0,5.247009364050725,5.497264390994039,1.0,1.0,102.0,0.15,1.0,1.0,0.0,1.0,81.88542195008667,273.46553719750636,351.5564373068696,8726.390503782715,0.6680212190921206,1.0,1.0,150.0,8.352562293027859,1.1999999992875026,32.0,0.0017041891488599446,0.0,33511.0,0.0,0.0,37.26290426624378,32.50792287714849,3.462906891426368,5.497264390994039,0.0,0.0,81.7599989154716,273.4777166904069,0.032967303301261505,0.00619780101768879,0.0,0.0,15.402872587634556,22.028433519984713,37.8,15.399999999999999,680.0,679.0,0.0,8.0,36416.0,6812.0,11.129719853748243,11.129719853748243,0.29443703316794295,True,True,0.5732097455471724,37.26290420935152,CORRIDOR_ONLY,False,False,False,258.820781508864,365.12198765906527,True,1.0482145524158486,0.9310946568384031,-76.06127803543676,0.002941176470588225,0.0,0.0,0.25888344164481436,0.0,0.0,0.0,0.002941176470588225,1.136126099239963e-05,9.990615673322051e-15,0.0025735294115937155,1.1872838239147896e-05,77.99947333097333,703.7097736498034,76.44485386200789,0.14705882352941177,1.0,0.0,77.39117647058823,33.0,0.05190502225289483,0.08701475362117486,0.012338797689551723,-0.05190502225288484,-0.08444122420958114,-0.012326924851312576,0,102,0.0,False,False,False,False,False,False,False,0.0,0.0,0.0,0.0,102
M0_STRAIGHT,local_forward,498.0,8.31666666666666,LOCAL_FORWARD,675.0,-1.4,-56.14,-1.1199999999999917,218.0,632.1482690644166,81.80360947762327,101.53043367274854,35.859035183477694,0.11921180287386736,0.02497399006690358,21.0,655.3292179300528,81.76017603412917,18.31550448103541,36.78723554738032,0.11003735688629737,0.014592633490353937,3.0,True,True,0.0,0.0005137039667031392,0.9999998680541087,0.3903341334441802,19.955882352941178,20.0,5.206426525231078,5.513858339025324,1.0,1.0,102.0,0.15,1.0,1.0,0.0,1.0,81.88593236359434,274.3942294379676,351.53921662514307,8781.416057768638,0.6701068315297093,1.0,1.0,150.0,8.35209548430393,1.199999999462137,32.0,0.0005459308945371709,0.0,34003.0,0.0,0.0,37.251103524078,32.507952657230405,3.525001946329342,5.513858339025323,0.0,0.0,81.7599989154716,274.4064154298489,0.03286021548832261,0.006148334784837418,0.0,0.0,15.3323065380247,21.951259948668902,37.8,15.399999999999999,680.0,679.0,0.0,8.0,36271.0,6785.0,11.17768362024272,11.17768362024272,0.29570591587943706,True,True,0.5649169476076138,37.25110348114375,CORRIDOR_ONLY,False,False,False,262.0714791518287,368.8488718931902,True,1.0482144627720515,0.9312492770011932,-76.0545197285637,0.002941176470588225,0.0,0.0,0.257857332877285,0.0,0.0,0.0,0.002941176470588225,3.6395392969144727e-06,4.9953078366610254e-15,0.00275735294109097,7.756188768031185e-06,77.99947333097333,703.7097736498034,76.44485386200789,0.14705882352941177,1.0,0.0,77.39117647058823,33.0,0.05190502225289483,0.08701475362117486,0.012338797689551723,-0.051905022252889836,-0.08425740068008389,-0.012331041500783691,0,102,0.0,False,False,False,False,False,False,False,0.0,0.0,0.0,0.0,102
M0_STRAIGHT,local_forward,504.0,8.416666666666664,LOCAL_FORWARD,675.0,-1.4,-56.14,-1.1199999999999917,218.0,632.0376708088568,81.8026055038886,101.89391140586503,35.82676143254029,0.1186762219443631,0.02490009286127606,21.0,655.4621202816094,81.76016569673399,18.36739489331272,36.75450585308097,0.10552396903898648,0.010260334269572898,3.0,True,True,0.0,0.0005005739090413316,0.999999874712873,0.3986420478960391,19.870588235294118,19.0,5.168429583525502,5.530416138136153,1.0,1.0,102.0,0.15,1.0,1.0,0.0,1.0,81.88309183023824,275.30477525184887,351.52258156920254,8836.222870303018,0.6721557609030698,1.0,1.0,150.0,8.351501912650889,1.1999999996543524,32.0,0.000687723667991216,0.0,34495.0,0.0,0.0,37.152419946178746,32.50770848243026,3.5940307389471284,5.530416138136153,0.0,0.0,81.7599989154716,275.31664752512086,0.032754694856673504,0.006099647518744972,0.0,0.0,15.270548232078422,21.86744080604077,37.8,15.399999999999999,680.0,679.0,0.0,8.0,36126.0,6756.0,11.22205955735482,11.22205955735482,0.29687988246970426,True,True,0.5554735498822682,37.05242054423634,CORRIDOR_ONLY,False,False,False,265.3221619691512,372.5639672137277,True,1.0482143302404492,0.931438136608567,-76.04621181411186,0.002941176470588225,0.0,0.0,0.25675521605290164,0.0,0.0,0.0,0.002941176470588225,4.5848244532747735e-06,2.4976539183305127e-15,0.0028492647058395975,6.170506610652979e-06,77.99947333097333,703.7097736498034,76.44485386200789,0.14705882352941177,1.0,0.0,77.39117647058823,33.0,0.05190502225289483,0.08701475362117486,0.012338797689551723,-0.051905022252892334,-0.08416548891533526,-0.01233262718294107,0,102,0.0,False,False,False,False,False,False,False,0.0,0.0,0.0,0.0,102
M0_STRAIGHT,local_forward,510.0,8.51666666666667,LOCAL_FORWARD,675.0,-1.4,-56.14,-1.1199999999999917,218.0,637.1641249438246,81.80044039505961,102.22008730428706,35.79759426227781,0.1173881843777244,0.02454702083042465,21.0,655.5874346415469,81.76015434807364,18.37690181540628,36.692373759305795,0.09556724308290153,0.008693699953656103,3.0,True,True,0.0,0.00047397701936792593,0.9999998876728863,0.39588819031067846,19.79705882352941,19.0,5.134942882672066,5.54674289045687,1.0,1.0,102.0,0.15,1.0,1.0,0.0,1.0,81.87685060844854,276.18078571487456,351.51372878353266,8890.622467365994,0.6741622521985728,1.0,1.0,150.0,8.3512124029225,1.1999999997296988,32.0,0.00034068414428062174,0.0,34986.0,0.0,0.0,37.10101824124052,32.50723029933452,3.661303946186892,5.54674289045687,0.0,0.0,81.7599989154716,276.1920233426335,0.03265073665991161,0.006051750165899393,0.0,0.0,15.19349030592053,21.74966081586676,37.8,15.399999999999999,680.0,679.0,0.0,8.0,36027.0,6731.0,11.220321672692085,11.220321672692085,0.29683390668497583,True,True,0.5544829956439479,36.7302740387546,CORRIDOR_ONLY,False,False,False,268.5728045967952,376.25065580019873,True,1.0482141847438213,0.9316162133734919,-76.04896567169722,0.002941176470588225,0.0,0.0,0.2558051153422263,0.0,0.0,0.0,0.002941176470588225,2.271227628537478e-06,1.2488269591652564e-15,0.002895220588213911,4.220867119595228e-06,77.99947333097333,703.7097736498034,76.44485386200789,0.14705882352941177,1.0,0.0,77.39117647058823,33.0,0.05190502225289483,0.08701475362117486,0.012338797689551723,-0.05190502225289358,-0.08411953303296095,-0.012334576822432127,0,102,0.0,False,False,False,False,False,False,False,0.0,0.0,0.0,0.0,102
M0_STRAIGHT,local_forward,516.0,8.616666666666674,LOCAL_FORWARD,675.0,-1.4,-56.14,-1.1199999999999917,218.0,637.0569108980403,81.80016857977631,102.47133958282711,35.768329887041695,0.11910065000787823,0.025231504929539184,21.0,655.7348005829894,81.76014507653845,18.37087233776714,36.64435777705459,0.11753712077931906,0.014811543355888317,3.0,True,True,0.0,0.0004696490466626586,0.9999998897148804,0.3874340587075698,19.726470588235294,19.0,5.091100009620561,5.562779916884293,1.0,1.0,102.0,0.15,1.0,1.0,0.0,1.0,81.87615867495765,277.0209281773715,351.49031139174843,8944.472556191853,0.6761274055419592,1.0,1.0,150.0,8.35194872522655,1.1999999994836295,32.0,0.0009253127211052635,0.0,35478.0,0.0,0.0,37.04882897526268,32.5068093377215,3.729508009573163,5.562779916884293,0.0,0.0,81.7599989154716,277.03206056586816,0.03254876838561156,0.006003518098930856,0.0,0.0,15.132918809250256,21.693904344564224,37.8,15.399999999999999,680.0,679.0,0.0,8.0,35905.0,6707.0,11.201784248628783,11.201784248628783,0.29634349864097315,True,True,0.5579999878549436,36.47410291359884,CORRIDOR_ONLY,False,False,False,271.8234032402459,379.9076087747919,True,1.0482140658771828,0.9318256263260477,-76.05741980330032,0.002941176470588225,0.0,0.0,0.254893018659978,0.0,0.0,0.0,0.002941176470588225,6.16875147403509e-06,6.244134795826282e-16,0.002918198529401068,5.194809296815159e-06,77.99947333097333,703.7097736498034,76.44485386200789,0.14705882352941177,1.0,0.0,77.39117647058823,33.0,0.05190502225289483,0.08701475362117486,0.012338797689551723,-0.05190502225289421,-0.0840965550917738,-0.012333602880254908,0,102,0.0,False,False,False,False,False,False,False,0.0,0.0,0.0,0.0,102
M0_STRAIGHT,local_forward,522.0,8.71666666666668,LOCAL_FORWARD,675.0,-1.4,-56.14,-1.1199999999999917,218.0,636.9498361973315,81.79895341731836,102.70560283365353,35.739199234519795,0.11940721589149822,0.025427682697014276,21.0,655.8995268464214,81.76013229685485,18.35764425651329,36.59569556540963,0.116954193698317,0.012691698168815834,3.0,True,True,0.0,0.00045439113795623726,0.9999998967643415,0.3914771565561985,19.66176470588235,19.0,5.068386139816474,5.579053350863512,1.0,1.0,102.0,0.15,1.0,1.0,0.0,1.0,81.87270171791835,277.84155569034317,351.48290824447423,8998.177906163892,0.6780627114269016,1.0,1.0,150.0,8.352547464420041,1.1999999992170878,32.0,0.000792834866047423,0.0,35970.0,0.0,0.0,36.979629837797155,32.50663933396691,3.7832237423621984,5.579053350863512,0.0,0.0,81.7599989154716,277.8523229832144,0.03244821870946511,0.005956479584562139,0.0,0.0,15.076299350143922,21.63602516284546,37.8,15.399999999999999,680.0,679.0,0.0,8.0,35765.0,6685.0,11.191488038343598,11.191488038343598,0.29607111212549203,True,True,0.5602596725641413,36.3649742262415,CORRIDOR_ONLY,False,False,False,275.07397499174033,383.54754712129267,True,1.0482139020339791,0.932059708997058,-76.0533767054517,0.002941176470588225,0.0,0.0,0.25405693003458363,0.0,0.0,0.0,0.002941176470588225,5.285565773649486e-06,3.122067397913141e-16,0.0029296874999946466,5.240187535232322e-06,77.99947333097333,703.7097736498034,76.44485386200789,0.14705882352941177,1.0,0.0,77.39117647058823,33.0,0.05190502225289483,0.08701475362117486,0.012338797689551723,-0.05190502225289452,-0.08408506612118022,-0.012333557502016491,0,102,0.0,False,False,False,False,False,False,False,0.0,0.0,0.0,0.0,102
M0_STRAIGHT,local_forward,528.0,8.816666666666684,LOCAL_FORWARD,675.0,-1.4,-56.14,-1.1199999999999917,218.0,636.8389216722117,81.7980401785876,102.93861142184721,35.71201005505697,0.11752405309465568,0.025187812980941863,21.0,656.0546149647514,81.76012485315586,18.33125945124047,36.5678073120467,0.10739602450964043,0.011697416599214042,3.0,True,True,0.0,0.00044275066011396317,0.9999999019859216,0.3983741589632149,19.594117647058823,19.0,5.020542575346319,5.595137450074296,1.0,1.0,102.0,0.15,1.0,1.0,0.0,1.0,81.87013161522619,278.6570900947359,351.45854869839445,9051.5907479595,0.6799669730318325,1.0,1.0,150.0,8.351176532440121,1.1999999997103092,32.0,0.001601771336915567,0.0,36462.0,0.0,0.0,36.99913043499532,32.50664885603854,3.8047200405240047,5.595137450074296,0.0,0.0,81.7599989154716,278.6675781432195,0.03234909008057038,0.005910186292221542,0.0,0.0,15.014342755754301,21.5420251976009,37.8,15.399999999999999,680.0,679.0,0.0,8.0,35634.0,6662.0,11.169631504137545,11.169631504137545,0.2954928969348557,True,True,0.5636241478832097,36.36990558404876,CORRIDOR_ONLY,False,False,False,278.3245389899308,387.18348016329793,True,1.0482138066012965,0.9322800954747471,-76.04647970304467,0.002941176470588225,0.0,0.0,0.25318283738076236,0.0,0.0,0.0,0.002941176470588225,1.0678475579437112e-05,1.5610336989565704e-16,0.0029354319852914357,7.959331557334718e-06,77.99947333097333,703.7097736498034,76.44485386200789,0.14705882352941177,1.0,0.0,77.39117647058823,33.0,0.05190502225289483,0.08701475362117486,0.012338797689551723,-0.05190502225289468,-0.08407932163588343,-0.012330838357994388,0,102,0.0,False,False,False,False,False,False,False,0.0,0.0,0.0,0.0,102
M0_STRAIGHT,local_forward,534.0,8.91666666666669,LOCAL_FORWARD,675.0,-1.4,-56.14,-1.1199999999999917,218.0,636.7286085623196,81.79533730018514,103.18015215052853,35.68650045739853,0.1195952566592856,0.026441180864465612,21.0,656.2288247687144,81.76010792168108,18.31694774184666,36.549379355993096,0.1182925243481145,0.017519571232832168,3.0,True,True,0.0,0.00041047923270612,0.9999999157533962,0.3827330072354529,19.51764705882353,19.0,4.963364050617478,5.611199525144195,1.0,1.0,102.0,0.15,1.0,1.0,0.0,1.0,81.8623029627676,279.4771780402221,351.4366597886104,9104.53699293045,0.6818324298203557,1.0,1.0,150.0,8.352089737871268,1.1999999993868076,32.0,0.001135913435887718,0.0,36954.0,0.0,0.0,36.953174513272224,32.506753982990375,3.826849046822935,5.611199525144194,0.0,0.0,81.7599989154716,279.4868972639421,0.03225175886924886,0.0058637940294503955,0.0,0.0,14.937547518001347,21.42858757189967,37.8,15.399999999999999,680.0,679.0,0.0,8.0,35524.0,6636.0,11.14613420311177,11.14613420311177,0.2948712752145971,True,True,0.5689586659052811,36.49115895211947,CORRIDOR_ONLY,False,False,False,281.5751114400931,390.8266312885559,True,1.0482135895296414,0.9325276546397413,-76.06212085477243,0.002941176470588225,0.0,0.0,0.25219473264166004,0.0,0.0,0.0,0.002941176470588225,7.572756239251453e-06,7.805168494782852e-17,0.0029383042279398303,7.766043898293085e-06,77.99947333097333,703.7097736498034,76.44485386200789,0.14705882352941177,1.0,0.0,77.39117647058823,33.0,0.05190502225289483,0.08701475362117486,0.012338797689551723,-0.051905022252894756,-0.08407644939323503,-0.012331031645653431,0,102,0.0,False,False,False,False,False,False,False,0.0,0.0,0.0,0.0,102
M0_STRAIGHT,local_forward,540.0,9.016666666666694,LOCAL_FORWARD,675.0,-1.4,-56.14,-1.1199999999999917,218.0,636.6174787291865,81.7926775842561,103.4400433802889,35.662180039060075,0.11924399649013094,0.026212329546806724,21.0,656.4133974562274,81.76009017274903,18.32965454801767,36.50320896562678,0.11508663358306831,0.012820167481687203,3.0,True,True,0.0,0.0003788917058148196,0.999999928220535,0.37152910333061034,19.441176470588236,19.0,4.9157081739268325,5.627127716911804,1.0,1.0,102.0,0.15,1.0,1.0,0.0,1.0,81.85459175554007,280.3104596436025,351.40990565794317,9157.332806594786,0.6836684437452498,1.0,1.0,150.0,8.352024968747429,1.1999999993960364,32.0,0.0002523200220715517,0.0,37446.0,0.0,0.0,36.865788742261046,32.506954053709585,3.8503477785213143,5.627127716911804,0.0,0.0,81.7599989154716,280.3194267125466,0.032155975277096335,0.005818167345023057,0.0,0.0,14.85017644003302,21.334898661167543,37.8,15.399999999999999,680.0,679.0,0.0,8.0,35413.0,6610.0,11.173663527651165,11.173663527651165,0.2955995642235758,True,True,0.5652989530983746,36.65272496723715,CORRIDOR_ONLY,False,False,False,284.8257060379872,394.48557740875424,True,1.0482133619776939,0.932789939880652,-76.07332475867727,0.002941176470588225,0.0,0.0,0.25120662790255766,0.0,0.0,0.0,0.002941176470588225,1.6821334804770115e-06,3.902584247391426e-17,0.0029397403492640276,4.724088689385049e-06,77.99947333097333,703.7097736498034,76.44485386200789,0.14705882352941177,1.0,0.0,77.39117647058823,33.0,0.05190502225289483,0.08701475362117486,0.012338797689551723,-0.05190502225289479,-0.08407501327191083,-0.012334073600862338,0,102,0.0,False,False,False,False,False,False,False,0.0,0.0,0.0,0.0,102
M0_STRAIGHT,local_forward,546.0,9.1166666666667,LOCAL_FORWARD,675.0,-1.4,-56.14,-1.1199999999999917,218.0,636.5048304715303,81.79060456549087,103.71194484284368,35.63817545460014,0.11871238205898693,0.0269165178204872,21.0,656.6006211306803,81.76007730352237,18.34719298297619,36.48882866855578,0.10936191078293107,0.013571694510526575,3.0,True,True,0.0,0.00035423657367223733,0.999999937258223,0.36642581257951407,19.361764705882354,19.0,4.881689359582419,5.642940944620143,1.0,1.0,102.0,0.15,1.0,1.0,0.0,1.0,81.84859712125882,281.1519181242862,351.3800754250672,9209.878056094456,0.6854757352207103,1.0,1.0,150.0,8.351029702619854,1.199999999722215,32.0,0.001159386553241188,0.0,37938.0,0.0,0.0,36.90812438690254,32.507006365597356,3.8745069035777298,5.642940944620143,0.0,0.0,81.7599989154716,281.16029769212474,0.03206158601763668,0.0057730049472663894,0.0,0.0,14.766710615704756,21.24438466413912,37.8,15.399999999999999,680.0,679.0,0.0,8.0,35272.0,6583.0,11.207141532270688,11.207141532270688,0.2964852257214468,True,True,0.5580689608361836,36.685136491072306,CORRIDOR_ONLY,False,False,False,288.07631644804655,398.1541974243262,True,1.0482131969864945,0.9330559922810356,-76.07842804942838,0.002941176470588225,0.0,0.0,0.2501805191350283,0.0,0.0,0.0,0.002941176470588225,7.729243688274587e-06,1.951292123695713e-17,0.002940458409926126,6.226666188829818e-06,77.99947333097333,703.7097736498034,76.44485386200789,0.14705882352941177,1.0,0.0,77.39117647058823,33.0,0.05190502225289483,0.08701475362117486,0.012338797689551723,-0.05190502225289481,-0.08407429521124873,-0.012332571023362894,0,102,0.0,False,False,False,False,False,False,False,0.0,0.0,0.0,0.0,102
M0_STRAIGHT,local_forward,552.0,9.216666666666704,LOCAL_FORWARD,675.0,-1.4,-56.14,-1.1199999999999917,218.0,636.3939359779746,81.7894169294554,103.97910033995223,35.614114255819494,0.11913204623542682,0.027531320527953727,21.0,656.8094048525685,81.76006501636223,18.35974649067061,36.46330633319957,0.10480523366432976,0.014338339807580577,3.0,True,True,0.0,0.00033990412452618475,0.9999999422325914,0.35984534014868036,19.308823529411764,19.0,4.845426445571779,5.658552290885828,1.0,1.0,102.0,0.15,1.0,1.0,0.0,1.0,81.84520576680772,281.9833356355397,351.35032529051006,9262.067642408938,0.6872503814044455,1.0,1.0,150.0,8.350537244772738,1.1999999998357873,32.0,0.0005710427735180169,0.0,38430.0,0.0,0.0,36.841759737597464,32.506844333932925,3.9020411973779616,5.658552290885828,0.0,0.0,81.7599989154716,281.99137283903235,0.03196884208080923,0.005727956589820886,0.0,0.0,14.674499773055073,21.16443440933051,37.8,15.399999999999999,680.0,679.0,0.0,8.0,35135.0,6565.0,11.215528246867986,11.215528246867986,0.2967070964779891,True,True,0.5562612036848572,36.57628774206094,CORRIDOR_ONLY,False,False,False,291.3269206863362,401.81706184485176,True,1.0482130394577367,0.933352682379292,-76.08500852185921,0.002941176470588225,0.0,0.0,0.24949644662334208,0.0,0.0,0.0,0.002941176470588225,3.806951823453446e-06,9.756460618478565e-18,0.0029408174402571754,5.016809006141631e-06,77.99947333097333,703.7097736498034,76.44485386200789,0.14705882352941177,1.0,0.0,77.39117647058823,33.0,0.05190502225289483,0.08701475362117486,0.012338797689551723,-0.051905022252894825,-0.08407393618091769,-0.012333780880545582,0,102,0.0,False,False,False,False,False,False,False,0.0,0.0,0.0,0.0,102
M0_STRAIGHT,local_forward,558.0,9.316666666666709,LOCAL_FORWARD,675.0,-1.4,-56.14,-1.1199999999999917,218.0,632.6314964110802,81.78754202703578,104.22044054129962,35.59290039608358,0.1204694339483237,0.028167832671511732,21.0,657.0173478996473,81.76005219356952,18.369327202637784,36.41863816019564,0.1046575613235101,0.012883561722499246,3.0,True,True,0.0,0.0003177503355492304,0.9999999495173609,0.3586070063529909,19.21764705882353,19.0,4.787205410272094,5.674120486691267,1.0,1.0,102.0,0.15,1.0,1.0,0.0,1.0,81.83977916125036,282.7973633691002,351.3154099788831,9314.171284598116,0.6890011218093621,1.0,1.0,150.0,8.350018137724362,1.1999999999244069,32.0,0.0006044680975652028,0.0,38922.0,0.0,0.0,36.8413538948758,32.506611637482294,3.9291039243952013,5.674120486691267,0.0,0.0,81.7599989154716,282.8048731294557,0.03187730415938146,0.005683751995714129,0.0,0.0,14.591260462330885,21.107210833759453,37.8,15.399999999999999,680.0,679.0,0.0,8.0,35037.0,6534.0,11.237861860568156,11.237861860568156,0.2972979328192634,True,True,0.5523342172684177,36.41195573339842,CORRIDOR_ONLY,False,False,False,294.57750534559653,405.4654564109265,True,1.0482128750618485,0.933648177844703,-76.08624685565489,0.002941176470588225,0.0,0.0,0.24831832174210466,0.0,0.0,0.0,0.002941176470588225,4.029787317101352e-06,4.878230309239283e-18,0.0029409969554227,4.523298161621492e-06,77.99947333097333,703.7097736498034,76.44485386200789,0.14705882352941177,1.0,0.0,77.39117647058823,33.0,0.05190502225289483,0.08701475362117486,0.012338797689551723,-0.051905022252894825,-0.08407375666575216,-0.012334274391390102,0,102,0.0,False,False,False,False,False,False,False,0.0,0.0,0.0,0.0,102
M0_STRAIGHT,local_forward,564.0,9.416666666666714,LOCAL_FORWARD,675.0,-1.4,-56.14,-1.1199999999999917,218.0,632.5174214404223,81.7860976895453,104.40798331746075,35.570845088966,0.11917040802206409,0.028560054817511997,21.0,657.2362603889268,81.76004296234561,18.358031496464626,36.371092033688114,0.0992717790758525,0.012953003401399644,3.0,True,True,0.0,0.0003006374109916604,0.9999999548085725,0.36236121470765986,19.13529411764706,19.0,4.7535672272602865,5.689586986526264,1.0,1.0,102.0,0.15,1.0,1.0,0.0,1.0,81.8356155363378,283.5901139196012,351.2810190995643,9365.964023937902,0.6907221872372933,1.0,1.0,150.0,8.349243161669932,1.1999999999942135,32.0,0.0009148689022189929,0.0,39414.0,0.0,0.0,36.85382393606318,32.506331951430774,3.96019695786506,5.689586986526264,0.0,0.0,81.7599989154716,283.59721596958127,0.03178711782800661,0.005640041295734133,0.0,0.0,14.507676271430805,20.994530326976577,37.8,15.399999999999999,680.0,679.0,0.0,8.0,34922.0,6506.0,11.249222661723342,11.249222661723342,0.29759848311437415,True,True,0.5495660072777938,36.209863371984696,CORRIDOR_ONLY,False,False,False,297.8280633763855,409.09503795796724,True,1.0482127567120247,0.9339592613303622,-76.08249264730023,0.002941176470588225,0.0,0.0,0.2472542089461483,0.0,0.0,0.0,0.002941176470588225,6.099126014793286e-06,2.4391151546196413e-18,0.0029410867130054627,5.311212088207389e-06,77.99947333097333,703.7097736498034,76.44485386200789,0.14705882352941177,1.0,0.0,77.39117647058823,33.0,0.05190502225289483,0.08701475362117486,0.012338797689551723,-0.05190502225289483,-0.08407366690816939,-0.012333486477463516,0,102,0.0,False,False,False,False,False,False,False,0.0,0.0,0.0,0.0,102
M0_STRAIGHT,local_forward,570.0,9.516666666666719,LOCAL_FORWARD,675.0,-1.4,-56.14,-1.1199999999999917,218.0,632.41998421172,81.78544926379436,104.57651694251632,35.54862428854364,0.118286381877278,0.027944417295574876,21.0,657.4844217304455,81.76003409590801,18.329231517365816,36.34122925802933,0.10900794142930817,0.015672442046603587,3.0,True,True,0.0,0.00029269660069378655,0.9999999571643492,0.3601889353932554,19.070588235294117,19.0,4.712719298174994,5.704848944313157,1.0,1.0,102.0,0.15,1.0,1.0,0.0,1.0,81.83379548492505,284.35856770263103,351.2431970541742,9417.324215491244,0.6924037068432038,1.0,1.0,150.0,8.349745794432607,1.1999999999577855,32.0,0.0012940045042702409,0.0,39905.0,0.0,0.0,36.781471686121186,32.50603977171462,3.993026625653467,5.704848944313157,0.0,0.0,81.75999926662783,284.3654794500671,0.031698449301280525,0.005595865900040794,0.0,0.0,14.425034754775904,20.912123487185095,37.8,15.399999999999999,680.0,679.0,0.0,8.0,34804.0,6484.0,11.24683527557906,11.24683527557906,0.2975353247507688,True,True,0.5495052541572437,36.018344112641905,CORRIDOR_ONLY,False,False,False,301.0785921649531,412.7045179617504,True,1.0482126430389802,0.9343119086159494,-76.08466492661464,0.002941176470588225,0.0,0.0,0.246418120320754,0.0,0.0,0.0,0.002941176470588225,8.62669669513494e-06,1.2195575773098207e-18,0.0029411315917968438,6.968954391671164e-06,77.99947333097333,703.7097736498034,76.44485386200789,0.14705882352941177,1.0,0.0,77.39117647058823,33.0,0.05190502225289483,0.08701475362117486,0.012338797689551723,-0.05190502225289483,-0.08407362202937801,-0.012331828735160052,0,102,0.0,False,False,False,False,False,False,False,0.0,0.0,0.0,0.0,102
M0_STRAIGHT,local_forward,576.0,9.616666666666724,LOCAL_FORWARD,675.0,-1.4,-56.14,-1.1199999999999917,218.0,632.3172299779889,81.78138355648218,104.73037996977308,35.52719149843982,0.11551179014614917,0.026950403130027372,21.0,657.7172474279121,81.76002133660955,18.294492133533275,36.33778817168827,0.10051617725110293,0.013408095892025695,3.0,True,True,0.0,0.00024569393461994703,0.9999999698172448,0.35387486648037153,19.00588235294118,19.0,4.676596372707184,5.71982696849347,1.0,1.0,102.0,0.15,1.0,1.0,0.0,1.0,81.82183208854504,285.11182184352344,351.20416177172956,9468.598676288902,0.6940687936265639,1.0,1.0,150.0,8.349889631358906,1.1999999999428355,32.0,0.00016993419582728028,0.0,40397.0,0.0,0.0,36.736542825348025,32.50585048109444,4.028518173193887,5.71982696849347,0.0,0.0,81.75999926662783,285.117619777664,0.031610905379690066,0.005552501099296969,0.0,0.0,14.351660827855142,20.758760093736253,37.8,15.399999999999999,680.0,679.0,0.0,8.0,34700.0,6462.0,11.210158183362203,11.210158183362203,0.2965650313058784,True,True,0.5554451364389076,35.91845795043879,CORRIDOR_ONLY,False,False,False,304.3290983364134,416.299267523796,True,1.0482124794571264,0.9346427633321756,-76.09097899552752,0.002941176470588225,0.0,0.0,0.24558203169535972,0.0,0.0,0.0,0.002941176470588225,1.1328946388485352e-06,6.097787886549103e-19,0.0029411540311925343,4.05092451525985e-06,77.99947333097333,703.7097736498034,76.44485386200789,0.14705882352941177,1.0,0.0,77.39117647058823,33.0,0.05190502225289483,0.08701475362117486,0.012338797689551723,-0.05190502225289483,-0.08407359958998233,-0.012334746765036464,0,102,0.0,False,False,False,False,False,False,False,0.0,0.0,0.0,0.0,102
M0_STRAIGHT,local_forward,582.0,9.716666666666729,LOCAL_FORWARD,675.0,-1.4,-56.14,-1.1199999999999917,218.0,632.2166002937141,81.77941368503839,104.88617805307072,35.506865319653656,0.11312970087075284,0.026226211554586227,21.0,657.9608032452431,81.76001214060736,18.25776673798389,36.272576965650444,0.10172582047720426,0.014513735214516457,3.0,True,True,0.0,0.000222812098307489,0.9999999751773841,0.35168202096001416,18.944117647058825,19.0,4.633299623154526,5.734358736331806,1.0,1.0,102.0,0.15,1.0,1.0,0.0,1.0,81.81606821055439,285.8633366197525,351.16379605744237,9519.688878635301,0.6957102635521659,1.0,1.0,150.0,8.349605628185401,1.1999999999725568,32.0,0.001860176535977034,0.0,40889.0,0.0,0.0,36.706918799945306,32.50592078635559,4.067118507836273,5.734358736331806,0.0,0.0,81.75999926662783,285.8685917920163,0.03152468767179594,0.005509586838901299,0.0,0.0,14.268665541524156,20.686816317909415,37.8,15.399999999999999,680.0,679.0,0.0,8.0,34564.0,6441.0,11.182920823478048,11.182920823478048,0.295844466229578,True,True,0.5619958974198629,36.00129054831677,CORRIDOR_ONLY,False,False,False,307.57960158574133,419.89454118313046,True,1.048212361558866,0.9349888659819482,-76.09317184104788,0.002941176470588225,0.0,0.0,0.24478394709839243,0.0,0.0,0.0,0.002941176470588225,1.2401176906513561e-05,3.0488939432745517e-19,0.0029411652508903796,8.226050710886705e-06,77.99947333097333,703.7097736498034,76.44485386200789,0.14705882352941177,1.0,0.0,77.39117647058823,33.0,0.05190502225289483,0.08701475362117486,0.012338797689551723,-0.05190502225289483,-0.08407358837028449,-0.012330571638840836,0,102,0.0,False,False,False,False,False,False,False,0.0,0.0,0.0,0.0,102
M0_STRAIGHT,local_forward,588.0,9.816666666666734,LOCAL_FORWARD,675.0,-1.4,-56.14,-1.1199999999999917,218.0,632.1164755730222,81.77593370369098,105.0569701405206,35.48727356428073,0.11090224562985102,0.025038471359025607,21.0,658.1985702855561,81.7600023158229,18.24332631509707,36.256710685851395,0.11266243973827092,0.015708567761213307,3.0,True,True,0.0,0.00018278107324094635,0.9999999832955394,0.34267792859254986,18.873529411764707,19.0,4.610270428684801,5.749030602823973,1.0,1.0,102.0,0.15,1.0,1.0,0.0,1.0,81.80579567936016,286.6272609570252,351.1245360183284,9570.695296389662,0.6973317662800123,1.0,1.0,150.0,8.349306864656228,1.199999999992107,32.0,0.001169713301750244,0.0,41381.0,0.0,0.0,36.65512740729325,32.50611723870808,4.086204962664346,5.749030602823973,0.0,0.0,81.75999926662783,286.6315695105355,0.031439817148547475,0.005466810064039108,0.0,0.0,14.180590469655176,20.567330156939523,37.8,15.399999999999999,680.0,679.0,0.0,8.0,34453.0,6417.0,11.207172969070726,11.207172969070726,0.29648605738282346,True,True,0.5585042531276396,36.16008930457858,CORRIDOR_ONLY,False,False,False,310.8301236240105,423.5041817717559,True,1.0482122355992407,0.9353267425458615,-76.10217593341534,0.002941176470588225,0.0,0.0,0.24387185041614412,0.0,0.0,0.0,0.002941176470588225,7.79808867833496e-06,1.5244469716372758e-19,0.002941170860739302,8.012069694610831e-06,77.99947333097333,703.7097736498034,76.44485386200789,0.14705882352941177,1.0,0.0,77.39117647058823,33.0,0.05190502225289483,0.08701475362117486,0.012338797689551723,-0.05190502225289483,-0.08407358276043556,-0.012330785619857112,0,102,0.0,False,False,False,False,False,False,False,0.0,0.0,0.0,0.0,102
M0_STRAIGHT,local_forward,594.0,9.916666666666739,LOCAL_FORWARD,675.0,-1.4,-56.14,-1.1199999999999917,218.0,632.0187577210049,81.77483881348456,105.24075433091194,35.467907361479426,0.10873281901420662,0.024730292546268715,21.0,658.4093478071654,81.75999689080345,18.24100839850177,36.28357362170417,0.11158287632278913,0.015839086666708364,3.0,True,True,0.0,0.00017004886069146548,0.9999999855416923,0.33254473023245934,18.83529411764706,19.0,4.572544815522905,5.763388440404573,1.0,1.0,102.0,0.15,1.0,1.0,0.0,1.0,81.80260211173899,287.4016553048915,351.08428712726686,9621.617729614469,0.6989342190040536,1.0,1.0,150.0,8.349926101977417,1.1999999999390683,32.0,0.0007278298170640222,0.0,41873.0,0.0,0.0,36.54621763812865,32.50620111882048,4.106475758086097,5.763388440404572,0.0,0.0,81.75999926662783,287.40566210448355,0.03135582523837301,0.005424751485265466,0.0,0.0,14.100478743726345,20.433984472770096,37.8,15.399999999999999,680.0,679.0,0.0,8.0,34352.0,6404.0,11.213849111276629,11.213849111276629,0.2966626749014981,True,True,0.5559595397523597,36.22864486457108,CORRIDOR_ONLY,False,False,False,314.0806632518984,427.12507178956866,True,1.0482121660472397,0.9356262659140194,-76.11230913177543,0.002941176470588225,0.0,0.0,0.24337779804659296,0.0,0.0,0.0,0.002941176470588225,4.852198780426814e-06,7.622234858186379e-20,0.0029411736656637637,6.432134237518823e-06,77.99947333097333,703.7097736498034,76.44485386200789,0.14705882352941177,1.0,0.0,77.39117647058823,33.0,0.05190502225289483,0.08701475362117486,0.012338797689551723,-0.05190502225289483,-0.0840735799555111,-0.012332365555314204,0,102,0.0,False,False,False,False,False,False,False,0.0,0.0,0.0,0.0,102
