ground_truth_count,detected_count,count_correct,matched_openings,false_positive,false_negative,precision,recall,f1,mean_iou,min_iou,center_mae_deg,start_mae_deg,end_mae_deg,boundary_mae_deg,expected_topology,detected_topology,topology_correct,failure_reasons,seed,way_count,noise_std_m,dropout_probability,occlusion_probability,visible_boundary_ratio,anchor_x,anchor_y,anchor_yaw_deg,condition
2,2,True,2,0,0,1.0,1.0,1.0,0.3703814697878914,0.3703814697878914,0.0,21.24898859588859,21.24898859588859,21.24898859588859,CORRIDOR,CORRIDOR,True,low_opening_iou,7,2,0.0,0.0,0.0,1.0,0.0,0.0,0.0,baseline
2,2,True,2,0,0,1.0,1.0,1.0,0.3703814697878914,0.3703814697878914,0.0,21.24898859588859,21.24898859588859,21.24898859588859,CORRIDOR,CORRIDOR,True,low_opening_iou,8,2,0.0,0.0,0.0,1.0,0.0,0.0,0.0,baseline
2,2,True,2,0,0,1.0,1.0,1.0,0.3703814697878914,0.3703814697878914,0.0,21.24898859588859,21.24898859588859,21.24898859588859,CORRIDOR,CORRIDOR,True,low_opening_iou,9,2,0.0,0.0,0.0,1.0,0.0,0.0,0.0,baseline
2,2,True,2,0,0,1.0,1.0,1.0,0.3703814697878914,0.3703814697878914,0.0,21.24898859588859,21.24898859588859,21.24898859588859,CORRIDOR,CORRIDOR,True,low_opening_iou,10,2,0.0,0.0,0.0,1.0,0.0,0.0,0.0,baseline
2,2,True,2,0,0,1.0,1.0,1.0,0.3703814697878914,0.3703814697878914,0.0,21.24898859588859,21.24898859588859,21.24898859588859,CORRIDOR,CORRIDOR,True,low_opening_iou,11,2,0.0,0.0,0.0,1.0,0.0,0.0,0.0,baseline
2,2,True,2,0,0,1.0,1.0,1.0,0.3703814697878914,0.3703814697878914,0.0,21.24898859588859,21.24898859588859,21.24898859588859,CORRIDOR,CORRIDOR,True,low_opening_iou,12,2,0.0,0.0,0.0,1.0,0.0,0.0,0.0,baseline
2,2,True,2,0,0,1.0,1.0,1.0,0.3703814697878914,0.3703814697878914,0.0,21.24898859588859,21.24898859588859,21.24898859588859,CORRIDOR,CORRIDOR,True,low_opening_iou,13,2,0.0,0.0,0.0,1.0,0.0,0.0,0.0,baseline
2,2,True,2,0,0,1.0,1.0,1.0,0.3703814697878914,0.3703814697878914,0.0,21.24898859588859,21.24898859588859,21.24898859588859,CORRIDOR,CORRIDOR,True,low_opening_iou,14,2,0.0,0.0,0.0,1.0,0.0,0.0,0.0,baseline
2,2,True,2,0,0,1.0,1.0,1.0,0.3703814697878914,0.3703814697878914,0.0,21.24898859588859,21.24898859588859,21.24898859588859,CORRIDOR,CORRIDOR,True,low_opening_iou,15,2,0.0,0.0,0.0,1.0,0.0,0.0,0.0,baseline
2,2,True,2,0,0,1.0,1.0,1.0,0.3703814697878914,0.3703814697878914,0.0,21.24898859588859,21.24898859588859,21.24898859588859,CORRIDOR,CORRIDOR,True,low_opening_iou,16,2,0.0,0.0,0.0,1.0,0.0,0.0,0.0,baseline
2,2,True,2,0,0,1.0,1.0,1.0,0.3703814697878914,0.3703814697878914,0.0,21.24898859588859,21.24898859588859,21.24898859588859,CORRIDOR,CORRIDOR,True,low_opening_iou,17,2,0.0,0.0,0.0,1.0,0.0,0.0,0.0,baseline
2,2,True,2,0,0,1.0,1.0,1.0,0.3703814697878914,0.3703814697878914,0.0,21.24898859588859,21.24898859588859,21.24898859588859,CORRIDOR,CORRIDOR,True,low_opening_iou,18,2,0.0,0.0,0.0,1.0,0.0,0.0,0.0,baseline
2,2,True,2,0,0,1.0,1.0,1.0,0.3703814697878914,0.3703814697878914,0.0,21.24898859588859,21.24898859588859,21.24898859588859,CORRIDOR,CORRIDOR,True,low_opening_iou,19,2,0.0,0.0,0.0,1.0,0.0,0.0,0.0,baseline
2,2,True,2,0,0,1.0,1.0,1.0,0.3703814697878914,0.3703814697878914,0.0,21.24898859588859,21.24898859588859,21.24898859588859,CORRIDOR,CORRIDOR,True,low_opening_iou,20,2,0.0,0.0,0.0,1.0,0.0,0.0,0.0,baseline
2,2,True,2,0,0,1.0,1.0,1.0,0.3703814697878914,0.3703814697878914,0.0,21.24898859588859,21.24898859588859,21.24898859588859,CORRIDOR,CORRIDOR,True,low_opening_iou,21,2,0.0,0.0,0.0,1.0,0.0,0.0,0.0,baseline
2,2,True,2,0,0,1.0,1.0,1.0,0.3703814697878914,0.3703814697878914,0.0,21.24898859588859,21.24898859588859,21.24898859588859,CORRIDOR,CORRIDOR,True,low_opening_iou,22,2,0.0,0.0,0.0,1.0,0.0,0.0,0.0,baseline
2,2,True,2,0,0,1.0,1.0,1.0,0.3703814697878914,0.3703814697878914,0.0,21.24898859588859,21.24898859588859,21.24898859588859,CORRIDOR,CORRIDOR,True,low_opening_iou,23,2,0.0,0.0,0.0,1.0,0.0,0.0,0.0,baseline
2,2,True,2,0,0,1.0,1.0,1.0,0.3703814697878914,0.3703814697878914,0.0,21.24898859588859,21.24898859588859,21.24898859588859,CORRIDOR,CORRIDOR,True,low_opening_iou,24,2,0.0,0.0,0.0,1.0,0.0,0.0,0.0,baseline
2,2,True,2,0,0,1.0,1.0,1.0,0.3703814697878914,0.3703814697878914,0.0,21.24898859588859,21.24898859588859,21.24898859588859,CORRIDOR,CORRIDOR,True,low_opening_iou,25,2,0.0,0.0,0.0,1.0,0.0,0.0,0.0,baseline
2,2,True,2,0,0,1.0,1.0,1.0,0.3703814697878914,0.3703814697878914,0.0,21.24898859588859,21.24898859588859,21.24898859588859,CORRIDOR,CORRIDOR,True,low_opening_iou,26,2,0.0,0.0,0.0,1.0,0.0,0.0,0.0,baseline
3,3,True,3,0,0,1.0,1.0,1.0,0.3703814697878913,0.37038146978789127,1.8947806286936004e-14,21.24898859588861,21.248988595888573,21.24898859588859,JUNCTION,JUNCTION,True,low_opening_iou,7,3,0.0,0.0,0.0,1.0,0.0,0.0,0.0,baseline
3,3,True,3,0,0,1.0,1.0,1.0,0.3703814697878913,0.37038146978789127,1.8947806286936004e-14,21.24898859588861,21.248988595888573,21.24898859588859,JUNCTION,JUNCTION,True,low_opening_iou,8,3,0.0,0.0,0.0,1.0,0.0,0.0,0.0,baseline
3,3,True,3,0,0,1.0,1.0,1.0,0.3703814697878913,0.37038146978789127,1.8947806286936004e-14,21.24898859588861,21.248988595888573,21.24898859588859,JUNCTION,JUNCTION,True,low_opening_iou,9,3,0.0,0.0,0.0,1.0,0.0,0.0,0.0,baseline
3,3,True,3,0,0,1.0,1.0,1.0,0.3703814697878913,0.37038146978789127,1.8947806286936004e-14,21.24898859588861,21.248988595888573,21.24898859588859,JUNCTION,JUNCTION,True,low_opening_iou,10,3,0.0,0.0,0.0,1.0,0.0,0.0,0.0,baseline
3,3,True,3,0,0,1.0,1.0,1.0,0.3703814697878913,0.37038146978789127,1.8947806286936004e-14,21.24898859588861,21.248988595888573,21.24898859588859,JUNCTION,JUNCTION,True,low_opening_iou,11,3,0.0,0.0,0.0,1.0,0.0,0.0,0.0,baseline
3,3,True,3,0,0,1.0,1.0,1.0,0.3703814697878913,0.37038146978789127,1.8947806286936004e-14,21.24898859588861,21.248988595888573,21.24898859588859,JUNCTION,JUNCTION,True,low_opening_iou,12,3,0.0,0.0,0.0,1.0,0.0,0.0,0.0,baseline
3,3,True,3,0,0,1.0,1.0,1.0,0.3703814697878913,0.37038146978789127,1.8947806286936004e-14,21.24898859588861,21.248988595888573,21.24898859588859,JUNCTION,JUNCTION,True,low_opening_iou,13,3,0.0,0.0,0.0,1.0,0.0,0.0,0.0,baseline
3,3,True,3,0,0,1.0,1.0,1.0,0.3703814697878913,0.37038146978789127,1.8947806286936004e-14,21.24898859588861,21.248988595888573,21.24898859588859,JUNCTION,JUNCTION,True,low_opening_iou,14,3,0.0,0.0,0.0,1.0,0.0,0.0,0.0,baseline
3,3,True,3,0,0,1.0,1.0,1.0,0.3703814697878913,0.37038146978789127,1.8947806286936004e-14,21.24898859588861,21.248988595888573,21.24898859588859,JUNCTION,JUNCTION,True,low_opening_iou,15,3,0.0,0.0,0.0,1.0,0.0,0.0,0.0,baseline
3,3,True,3,0,0,1.0,1.0,1.0,0.3703814697878913,0.37038146978789127,1.8947806286936004e-14,21.24898859588861,21.248988595888573,21.24898859588859,JUNCTION,JUNCTION,True,low_opening_iou,16,3,0.0,0.0,0.0,1.0,0.0,0.0,0.0,baseline
3,3,True,3,0,0,1.0,1.0,1.0,0.3703814697878913,0.37038146978789127,1.8947806286936004e-14,21.24898859588861,21.248988595888573,21.24898859588859,JUNCTION,JUNCTION,True,low_opening_iou,17,3,0.0,0.0,0.0,1.0,0.0,0.0,0.0,baseline
3,3,True,3,0,0,1.0,1.0,1.0,0.3703814697878913,0.37038146978789127,1.8947806286936004e-14,21.24898859588861,21.248988595888573,21.24898859588859,JUNCTION,JUNCTION,True,low_opening_iou,18,3,0.0,0.0,0.0,1.0,0.0,0.0,0.0,baseline
3,3,True,3,0,0,1.0,1.0,1.0,0.3703814697878913,0.37038146978789127,1.8947806286936004e-14,21.24898859588861,21.248988595888573,21.24898859588859,JUNCTION,JUNCTION,True,low_opening_iou,19,3,0.0,0.0,0.0,1.0,0.0,0.0,0.0,baseline
3,3,True,3,0,0,1.0,1.0,1.0,0.3703814697878913,0.37038146978789127,1.8947806286936004e-14,21.24898859588861,21.248988595888573,21.24898859588859,JUNCTION,JUNCTION,True,low_opening_iou,20,3,0.0,0.0,0.0,1.0,0.0,0.0,0.0,baseline
3,3,True,3,0,0,1.0,1.0,1.0,0.3703814697878913,0.37038146978789127,1.8947806286936004e-14,21.24898859588861,21.248988595888573,21.24898859588859,JUNCTION,JUNCTION,True,low_opening_iou,21,3,0.0,0.0,0.0,1.0,0.0,0.0,0.0,baseline
3,3,True,3,0,0,1.0,1.0,1.0,0.3703814697878913,0.37038146978789127,1.8947806286936004e-14,21.24898859588861,21.248988595888573,21.24898859588859,JUNCTION,JUNCTION,True,low_opening_iou,22,3,0.0,0.0,0.0,1.0,0.0,0.0,0.0,baseline
3,3,True,3,0,0,1.0,1.0,1.0,0.3703814697878913,0.37038146978789127,1.8947806286936004e-14,21.24898859588861,21.248988595888573,21.24898859588859,JUNCTION,JUNCTION,True,low_opening_iou,23,3,0.0,0.0,0.0,1.0,0.0,0.0,0.0,baseline
3,3,True,3,0,0,1.0,1.0,1.0,0.3703814697878913,0.37038146978789127,1.8947806286936004e-14,21.24898859588861,21.248988595888573,21.24898859588859,JUNCTION,JUNCTION,True,low_opening_iou,24,3,0.0,0.0,0.0,1.0,0.0,0.0,0.0,baseline
3,3,True,3,0,0,1.0,1.0,1.0,0.3703814697878913,0.37038146978789127,1.8947806286936004e-14,21.24898859588861,21.248988595888573,21.24898859588859,JUNCTION,JUNCTION,True,low_opening_iou,25,3,0.0,0.0,0.0,1.0,0.0,0.0,0.0,baseline
3,3,True,3,0,0,1.0,1.0,1.0,0.3703814697878913,0.37038146978789127,1.8947806286936004e-14,21.24898859588861,21.248988595888573,21.24898859588859,JUNCTION,JUNCTION,True,low_opening_iou,26,3,0.0,0.0,0.0,1.0,0.0,0.0,0.0,baseline
4,4,True,4,0,0,1.0,1.0,1.0,0.46235177177508907,0.4623517717750887,0.0,14.535691789412297,14.535691789412283,14.53569178941229,JUNCTION,JUNCTION,True,low_opening_iou,7,4,0.0,0.0,0.0,1.0,0.0,0.0,0.0,baseline
4,4,True,4,0,0,1.0,1.0,1.0,0.46235177177508907,0.4623517717750887,0.0,14.535691789412297,14.535691789412283,14.53569178941229,JUNCTION,JUNCTION,True,low_opening_iou,8,4,0.0,0.0,0.0,1.0,0.0,0.0,0.0,baseline
4,4,True,4,0,0,1.0,1.0,1.0,0.46235177177508907,0.4623517717750887,0.0,14.535691789412297,14.535691789412283,14.53569178941229,JUNCTION,JUNCTION,True,low_opening_iou,9,4,0.0,0.0,0.0,1.0,0.0,0.0,0.0,baseline
4,4,True,4,0,0,1.0,1.0,1.0,0.46235177177508907,0.4623517717750887,0.0,14.535691789412297,14.535691789412283,14.53569178941229,JUNCTION,JUNCTION,True,low_opening_iou,10,4,0.0,0.0,0.0,1.0,0.0,0.0,0.0,baseline
4,4,True,4,0,0,1.0,1.0,1.0,0.46235177177508907,0.4623517717750887,0.0,14.535691789412297,14.535691789412283,14.53569178941229,JUNCTION,JUNCTION,True,low_opening_iou,11,4,0.0,0.0,0.0,1.0,0.0,0.0,0.0,baseline
4,4,True,4,0,0,1.0,1.0,1.0,0.46235177177508907,0.4623517717750887,0.0,14.535691789412297,14.535691789412283,14.53569178941229,JUNCTION,JUNCTION,True,low_opening_iou,12,4,0.0,0.0,0.0,1.0,0.0,0.0,0.0,baseline
4,4,True,4,0,0,1.0,1.0,1.0,0.46235177177508907,0.4623517717750887,0.0,14.535691789412297,14.535691789412283,14.53569178941229,JUNCTION,JUNCTION,True,low_opening_iou,13,4,0.0,0.0,0.0,1.0,0.0,0.0,0.0,baseline
4,4,True,4,0,0,1.0,1.0,1.0,0.46235177177508907,0.4623517717750887,0.0,14.535691789412297,14.535691789412283,14.53569178941229,JUNCTION,JUNCTION,True,low_opening_iou,14,4,0.0,0.0,0.0,1.0,0.0,0.0,0.0,baseline
4,4,True,4,0,0,1.0,1.0,1.0,0.46235177177508907,0.4623517717750887,0.0,14.535691789412297,14.535691789412283,14.53569178941229,JUNCTION,JUNCTION,True,low_opening_iou,15,4,0.0,0.0,0.0,1.0,0.0,0.0,0.0,baseline
4,4,True,4,0,0,1.0,1.0,1.0,0.46235177177508907,0.4623517717750887,0.0,14.535691789412297,14.535691789412283,14.53569178941229,JUNCTION,JUNCTION,True,low_opening_iou,16,4,0.0,0.0,0.0,1.0,0.0,0.0,0.0,baseline
4,4,True,4,0,0,1.0,1.0,1.0,0.46235177177508907,0.4623517717750887,0.0,14.535691789412297,14.535691789412283,14.53569178941229,JUNCTION,JUNCTION,True,low_opening_iou,17,4,0.0,0.0,0.0,1.0,0.0,0.0,0.0,baseline
4,4,True,4,0,0,1.0,1.0,1.0,0.46235177177508907,0.4623517717750887,0.0,14.535691789412297,14.535691789412283,14.53569178941229,JUNCTION,JUNCTION,True,low_opening_iou,18,4,0.0,0.0,0.0,1.0,0.0,0.0,0.0,baseline
4,4,True,4,0,0,1.0,1.0,1.0,0.46235177177508907,0.4623517717750887,0.0,14.535691789412297,14.535691789412283,14.53569178941229,JUNCTION,JUNCTION,True,low_opening_iou,19,4,0.0,0.0,0.0,1.0,0.0,0.0,0.0,baseline
4,4,True,4,0,0,1.0,1.0,1.0,0.46235177177508907,0.4623517717750887,0.0,14.535691789412297,14.535691789412283,14.53569178941229,JUNCTION,JUNCTION,True,low_opening_iou,20,4,0.0,0.0,0.0,1.0,0.0,0.0,0.0,baseline
4,4,True,4,0,0,1.0,1.0,1.0,0.46235177177508907,0.4623517717750887,0.0,14.535691789412297,14.535691789412283,14.53569178941229,JUNCTION,JUNCTION,True,low_opening_iou,21,4,0.0,0.0,0.0,1.0,0.0,0.0,0.0,baseline
4,4,True,4,0,0,1.0,1.0,1.0,0.46235177177508907,0.4623517717750887,0.0,14.535691789412297,14.535691789412283,14.53569178941229,JUNCTION,JUNCTION,True,low_opening_iou,22,4,0.0,0.0,0.0,1.0,0.0,0.0,0.0,baseline
4,4,True,4,0,0,1.0,1.0,1.0,0.46235177177508907,0.4623517717750887,0.0,14.535691789412297,14.535691789412283,14.53569178941229,JUNCTION,JUNCTION,True,low_opening_iou,23,4,0.0,0.0,0.0,1.0,0.0,0.0,0.0,baseline
4,4,True,4,0,0,1.0,1.0,1.0,0.46235177177508907,0.4623517717750887,0.0,14.535691789412297,14.535691789412283,14.53569178941229,JUNCTION,JUNCTION,True,low_opening_iou,24,4,0.0,0.0,0.0,1.0,0.0,0.0,0.0,baseline
4,4,True,4,0,0,1.0,1.0,1.0,0.46235177177508907,0.4623517717750887,0.0,14.535691789412297,14.535691789412283,14.53569178941229,JUNCTION,JUNCTION,True,low_opening_iou,25,4,0.0,0.0,0.0,1.0,0.0,0.0,0.0,baseline
4,4,True,4,0,0,1.0,1.0,1.0,0.46235177177508907,0.4623517717750887,0.0,14.535691789412297,14.535691789412283,14.53569178941229,JUNCTION,JUNCTION,True,low_opening_iou,26,4,0.0,0.0,0.0,1.0,0.0,0.0,0.0,baseline
5,5,True,5,0,0,1.0,1.0,1.0,0.5862025845595751,0.5862025845595744,5.684341886080802e-15,8.823686263497944,8.823686263497933,8.823686263497938,JUNCTION,JUNCTION,True,NONE,7,5,0.0,0.0,0.0,1.0,0.0,0.0,0.0,baseline
5,5,True,5,0,0,1.0,1.0,1.0,0.5862025845595751,0.5862025845595744,5.684341886080802e-15,8.823686263497944,8.823686263497933,8.823686263497938,JUNCTION,JUNCTION,True,NONE,8,5,0.0,0.0,0.0,1.0,0.0,0.0,0.0,baseline
5,5,True,5,0,0,1.0,1.0,1.0,0.5862025845595751,0.5862025845595744,5.684341886080802e-15,8.823686263497944,8.823686263497933,8.823686263497938,JUNCTION,JUNCTION,True,NONE,9,5,0.0,0.0,0.0,1.0,0.0,0.0,0.0,baseline
5,5,True,5,0,0,1.0,1.0,1.0,0.5862025845595751,0.5862025845595744,5.684341886080802e-15,8.823686263497944,8.823686263497933,8.823686263497938,JUNCTION,JUNCTION,True,NONE,10,5,0.0,0.0,0.0,1.0,0.0,0.0,0.0,baseline
5,5,True,5,0,0,1.0,1.0,1.0,0.5862025845595751,0.5862025845595744,5.684341886080802e-15,8.823686263497944,8.823686263497933,8.823686263497938,JUNCTION,JUNCTION,True,NONE,11,5,0.0,0.0,0.0,1.0,0.0,0.0,0.0,baseline
5,5,True,5,0,0,1.0,1.0,1.0,0.5862025845595751,0.5862025845595744,5.684341886080802e-15,8.823686263497944,8.823686263497933,8.823686263497938,JUNCTION,JUNCTION,True,NONE,12,5,0.0,0.0,0.0,1.0,0.0,0.0,0.0,baseline
5,5,True,5,0,0,1.0,1.0,1.0,0.5862025845595751,0.5862025845595744,5.684341886080802e-15,8.823686263497944,8.823686263497933,8.823686263497938,JUNCTION,JUNCTION,True,NONE,13,5,0.0,0.0,0.0,1.0,0.0,0.0,0.0,baseline
5,5,True,5,0,0,1.0,1.0,1.0,0.5862025845595751,0.5862025845595744,5.684341886080802e-15,8.823686263497944,8.823686263497933,8.823686263497938,JUNCTION,JUNCTION,True,NONE,14,5,0.0,0.0,0.0,1.0,0.0,0.0,0.0,baseline
5,5,True,5,0,0,1.0,1.0,1.0,0.5862025845595751,0.5862025845595744,5.684341886080802e-15,8.823686263497944,8.823686263497933,8.823686263497938,JUNCTION,JUNCTION,True,NONE,15,5,0.0,0.0,0.0,1.0,0.0,0.0,0.0,baseline
5,5,True,5,0,0,1.0,1.0,1.0,0.5862025845595751,0.5862025845595744,5.684341886080802e-15,8.823686263497944,8.823686263497933,8.823686263497938,JUNCTION,JUNCTION,True,NONE,16,5,0.0,0.0,0.0,1.0,0.0,0.0,0.0,baseline
5,5,True,5,0,0,1.0,1.0,1.0,0.5862025845595751,0.5862025845595744,5.684341886080802e-15,8.823686263497944,8.823686263497933,8.823686263497938,JUNCTION,JUNCTION,True,NONE,17,5,0.0,0.0,0.0,1.0,0.0,0.0,0.0,baseline
5,5,True,5,0,0,1.0,1.0,1.0,0.5862025845595751,0.5862025845595744,5.684341886080802e-15,8.823686263497944,8.823686263497933,8.823686263497938,JUNCTION,JUNCTION,True,NONE,18,5,0.0,0.0,0.0,1.0,0.0,0.0,0.0,baseline
5,5,True,5,0,0,1.0,1.0,1.0,0.5862025845595751,0.5862025845595744,5.684341886080802e-15,8.823686263497944,8.823686263497933,8.823686263497938,JUNCTION,JUNCTION,True,NONE,19,5,0.0,0.0,0.0,1.0,0.0,0.0,0.0,baseline
5,5,True,5,0,0,1.0,1.0,1.0,0.5862025845595751,0.5862025845595744,5.684341886080802e-15,8.823686263497944,8.823686263497933,8.823686263497938,JUNCTION,JUNCTION,True,NONE,20,5,0.0,0.0,0.0,1.0,0.0,0.0,0.0,baseline
5,5,True,5,0,0,1.0,1.0,1.0,0.5862025845595751,0.5862025845595744,5.684341886080802e-15,8.823686263497944,8.823686263497933,8.823686263497938,JUNCTION,JUNCTION,True,NONE,21,5,0.0,0.0,0.0,1.0,0.0,0.0,0.0,baseline
5,5,True,5,0,0,1.0,1.0,1.0,0.5862025845595751,0.5862025845595744,5.684341886080802e-15,8.823686263497944,8.823686263497933,8.823686263497938,JUNCTION,JUNCTION,True,NONE,22,5,0.0,0.0,0.0,1.0,0.0,0.0,0.0,baseline
5,5,True,5,0,0,1.0,1.0,1.0,0.5862025845595751,0.5862025845595744,5.684341886080802e-15,8.823686263497944,8.823686263497933,8.823686263497938,JUNCTION,JUNCTION,True,NONE,23,5,0.0,0.0,0.0,1.0,0.0,0.0,0.0,baseline
5,5,True,5,0,0,1.0,1.0,1.0,0.5862025845595751,0.5862025845595744,5.684341886080802e-15,8.823686263497944,8.823686263497933,8.823686263497938,JUNCTION,JUNCTION,True,NONE,24,5,0.0,0.0,0.0,1.0,0.0,0.0,0.0,baseline
5,5,True,5,0,0,1.0,1.0,1.0,0.5862025845595751,0.5862025845595744,5.684341886080802e-15,8.823686263497944,8.823686263497933,8.823686263497938,JUNCTION,JUNCTION,True,NONE,25,5,0.0,0.0,0.0,1.0,0.0,0.0,0.0,baseline
5,5,True,5,0,0,1.0,1.0,1.0,0.5862025845595751,0.5862025845595744,5.684341886080802e-15,8.823686263497944,8.823686263497933,8.823686263497938,JUNCTION,JUNCTION,True,NONE,26,5,0.0,0.0,0.0,1.0,0.0,0.0,0.0,baseline
2,2,True,2,0,0,1.0,1.0,1.0,0.36297384039213354,0.3555662109963757,0.25,21.74898859588859,21.24898859588859,21.49898859588859,CORRIDOR,CORRIDOR,True,low_opening_iou,7,2,0.03,0.0,0.0,1.0,0.0,0.0,0.0,noise_0.03
2,2,True,2,0,0,1.0,1.0,1.0,0.3555662109963757,0.3555662109963757,0.5,21.74898859588859,21.74898859588859,21.74898859588859,CORRIDOR,CORRIDOR,True,low_opening_iou,8,2,0.03,0.0,0.0,1.0,0.0,0.0,0.0,noise_0.03
2,2,True,2,0,0,1.0,1.0,1.0,0.35556621099637575,0.34075095220486007,0.0,21.74898859588859,21.74898859588859,21.74898859588859,CORRIDOR,CORRIDOR,True,low_opening_iou,9,2,0.03,0.0,0.0,1.0,0.0,0.0,0.0,noise_0.03
2,2,True,2,0,0,1.0,1.0,1.0,0.3555662109963757,0.3555662109963757,0.5,21.24898859588859,22.24898859588859,21.74898859588859,CORRIDOR,CORRIDOR,True,low_opening_iou,10,2,0.03,0.0,0.0,1.0,0.0,0.0,0.0,noise_0.03
2,2,True,2,0,0,1.0,1.0,1.0,0.3703814697878914,0.3703814697878914,0.0,21.24898859588859,21.24898859588859,21.24898859588859,CORRIDOR,CORRIDOR,True,low_opening_iou,11,2,0.03,0.0,0.0,1.0,0.0,0.0,0.0,noise_0.03
2,2,True,2,0,0,1.0,1.0,1.0,0.3703814697878914,0.3703814697878914,0.0,21.24898859588859,21.24898859588859,21.24898859588859,CORRIDOR,CORRIDOR,True,low_opening_iou,12,2,0.03,0.0,0.0,1.0,0.0,0.0,0.0,noise_0.03
2,2,True,2,0,0,1.0,1.0,1.0,0.3703814697878914,0.3703814697878914,0.0,21.24898859588859,21.24898859588859,21.24898859588859,CORRIDOR,CORRIDOR,True,low_opening_iou,13,2,0.03,0.0,0.0,1.0,0.0,0.0,0.0,noise_0.03
2,2,True,2,0,0,1.0,1.0,1.0,0.3703814697878914,0.3703814697878914,0.0,21.24898859588859,21.24898859588859,21.24898859588859,CORRIDOR,CORRIDOR,True,low_opening_iou,14,2,0.03,0.0,0.0,1.0,0.0,0.0,0.0,noise_0.03
2,2,True,2,0,0,1.0,1.0,1.0,0.3555662109963757,0.3555662109963757,0.5,21.74898859588859,21.74898859588859,21.74898859588859,CORRIDOR,CORRIDOR,True,low_opening_iou,15,2,0.03,0.0,0.0,1.0,0.0,0.0,0.0,noise_0.03
2,2,True,2,0,0,1.0,1.0,1.0,0.3703814697878914,0.3703814697878914,0.0,21.24898859588859,21.24898859588859,21.24898859588859,CORRIDOR,CORRIDOR,True,low_opening_iou,16,2,0.03,0.0,0.0,1.0,0.0,0.0,0.0,noise_0.03
2,2,True,2,0,0,1.0,1.0,1.0,0.34815858160061786,0.34075095220486007,0.25,22.24898859588859,21.74898859588859,21.99898859588859,CORRIDOR,CORRIDOR,True,low_opening_iou,17,2,0.03,0.0,0.0,1.0,0.0,0.0,0.0,noise_0.03
2,2,True,2,0,0,1.0,1.0,1.0,0.36297384039213354,0.3555662109963757,0.25,21.74898859588859,21.24898859588859,21.49898859588859,CORRIDOR,CORRIDOR,True,low_opening_iou,18,2,0.03,0.0,0.0,1.0,0.0,0.0,0.0,noise_0.03
2,2,True,2,0,0,1.0,1.0,1.0,0.36297384039213354,0.3555662109963757,0.25,21.74898859588859,21.24898859588859,21.49898859588859,CORRIDOR,CORRIDOR,True,low_opening_iou,19,2,0.03,0.0,0.0,1.0,0.0,0.0,0.0,noise_0.03
2,2,True,2,0,0,1.0,1.0,1.0,0.3703814697878914,0.3703814697878914,0.0,21.24898859588859,21.24898859588859,21.24898859588859,CORRIDOR,CORRIDOR,True,low_opening_iou,20,2,0.03,0.0,0.0,1.0,0.0,0.0,0.0,noise_0.03
2,2,True,2,0,0,1.0,1.0,1.0,0.3703814697878914,0.3703814697878914,0.0,21.24898859588859,21.24898859588859,21.24898859588859,CORRIDOR,CORRIDOR,True,low_opening_iou,21,2,0.03,0.0,0.0,1.0,0.0,0.0,0.0,noise_0.03
2,2,True,2,0,0,1.0,1.0,1.0,0.36297384039213354,0.3555662109963757,0.25,21.24898859588859,21.74898859588859,21.49898859588859,CORRIDOR,CORRIDOR,True,low_opening_iou,22,2,0.03,0.0,0.0,1.0,0.0,0.0,0.0,noise_0.03
2,2,True,2,0,0,1.0,1.0,1.0,0.3703814697878914,0.3703814697878914,0.0,21.24898859588859,21.24898859588859,21.24898859588859,CORRIDOR,CORRIDOR,True,low_opening_iou,23,2,0.03,0.0,0.0,1.0,0.0,0.0,0.0,noise_0.03
2,2,True,2,0,0,1.0,1.0,1.0,0.3555662109963757,0.3555662109963757,0.5,21.74898859588859,21.74898859588859,21.74898859588859,CORRIDOR,CORRIDOR,True,low_opening_iou,24,2,0.03,0.0,0.0,1.0,0.0,0.0,0.0,noise_0.03
2,2,True,2,0,0,1.0,1.0,1.0,0.36297384039213354,0.3555662109963757,0.25,21.74898859588859,21.24898859588859,21.49898859588859,CORRIDOR,CORRIDOR,True,low_opening_iou,25,2,0.03,0.0,0.0,1.0,0.0,0.0,0.0,noise_0.03
2,2,True,2,0,0,1.0,1.0,1.0,0.36297384039213354,0.3555662109963757,0.25,21.74898859588859,21.24898859588859,21.49898859588859,CORRIDOR,CORRIDOR,True,low_opening_iou,26,2,0.03,0.0,0.0,1.0,0.0,0.0,0.0,noise_0.03
3,3,True,3,0,0,1.0,1.0,1.0,0.3605046305935476,0.34075095220486007,1.8947806286936004e-14,21.582321929221944,21.582321929221905,21.582321929221923,JUNCTION,JUNCTION,True,low_opening_iou,7,3,0.03,0.0,0.0,1.0,0.0,0.0,0.0,noise_0.03
3,3,True,3,0,0,1.0,1.0,1.0,0.3703814697878913,0.37038146978789127,1.8947806286936004e-14,21.24898859588861,21.248988595888573,21.24898859588859,JUNCTION,JUNCTION,True,low_opening_iou,8,3,0.03,0.0,0.0,1.0,0.0,0.0,0.0,noise_0.03
3,3,True,3,0,0,1.0,1.0,1.0,0.3654430501907195,0.3555662109963757,0.16666666666668561,21.24898859588861,21.582321929221905,21.41565526255526,JUNCTION,JUNCTION,True,low_opening_iou,9,3,0.03,0.0,0.0,1.0,0.0,0.0,0.0,noise_0.03
3,3,True,3,0,0,1.0,1.0,1.0,0.3605046305935476,0.35556621099637564,0.3333333333333523,21.582321929221944,21.582321929221905,21.582321929221923,JUNCTION,JUNCTION,True,low_opening_iou,10,3,0.03,0.0,0.0,1.0,0.0,0.0,0.0,noise_0.03
3,3,True,3,0,0,1.0,1.0,1.0,0.3555662109963757,0.34075095220486007,0.16666666666664773,21.582321929221944,21.915655262555237,21.74898859588859,JUNCTION,JUNCTION,True,low_opening_iou,11,3,0.03,0.0,0.0,1.0,0.0,0.0,0.0,noise_0.03
3,3,True,3,0,0,1.0,1.0,1.0,0.3605046305935476,0.35556621099637564,0.3333333333333523,21.582321929221944,21.582321929221905,21.582321929221923,JUNCTION,JUNCTION,True,low_opening_iou,12,3,0.03,0.0,0.0,1.0,0.0,0.0,0.0,noise_0.03
3,3,True,3,0,0,1.0,1.0,1.0,0.36050463059354754,0.3555662109963757,0.3333333333333523,21.582321929221944,21.582321929221905,21.582321929221923,JUNCTION,JUNCTION,True,low_opening_iou,13,3,0.03,0.0,0.0,1.0,0.0,0.0,0.0,noise_0.03
3,3,True,3,0,0,1.0,1.0,1.0,0.3703814697878913,0.37038146978789127,1.8947806286936004e-14,21.24898859588861,21.248988595888573,21.24898859588859,JUNCTION,JUNCTION,True,low_opening_iou,14,3,0.03,0.0,0.0,1.0,0.0,0.0,0.0,noise_0.03
3,3,True,3,0,0,1.0,1.0,1.0,0.3703814697878913,0.37038146978789127,1.8947806286936004e-14,21.24898859588861,21.248988595888573,21.24898859588859,JUNCTION,JUNCTION,True,low_opening_iou,15,3,0.03,0.0,0.0,1.0,0.0,0.0,0.0,noise_0.03
3,3,True,3,0,0,1.0,1.0,1.0,0.3654430501907195,0.3555662109963757,0.16666666666668561,21.582321929221944,21.248988595888573,21.41565526255526,JUNCTION,JUNCTION,True,low_opening_iou,16,3,0.03,0.0,0.0,1.0,0.0,0.0,0.0,noise_0.03
3,3,True,3,0,0,1.0,1.0,1.0,0.3654430501907195,0.35556621099637564,0.16666666666668561,21.582321929221944,21.248988595888573,21.41565526255526,JUNCTION,JUNCTION,True,low_opening_iou,17,3,0.03,0.0,0.0,1.0,0.0,0.0,0.0,noise_0.03
3,3,True,3,0,0,1.0,1.0,1.0,0.35062779139920375,0.34075095220486007,0.3333333333333523,22.24898859588861,21.582321929221905,21.91565526255526,JUNCTION,JUNCTION,True,low_opening_iou,18,3,0.03,0.0,0.0,1.0,0.0,0.0,0.0,noise_0.03
3,3,True,3,0,0,1.0,1.0,1.0,0.3555662109963757,0.35556621099637564,0.49999999999998107,21.582321929221944,21.915655262555237,21.74898859588859,JUNCTION,JUNCTION,True,low_opening_iou,19,3,0.03,0.0,0.0,1.0,0.0,0.0,0.0,noise_0.03
3,3,True,3,0,0,1.0,1.0,1.0,0.3605046305935476,0.35556621099637564,0.3333333333333144,21.582321929221944,21.582321929221905,21.582321929221923,JUNCTION,JUNCTION,True,low_opening_iou,20,3,0.03,0.0,0.0,1.0,0.0,0.0,0.0,noise_0.03
3,3,True,3,0,0,1.0,1.0,1.0,0.3605046305935476,0.35556621099637564,0.3333333333333523,21.915655262555276,21.248988595888573,21.582321929221923,JUNCTION,JUNCTION,True,low_opening_iou,21,3,0.03,0.0,0.0,1.0,0.0,0.0,0.0,noise_0.03
3,3,True,3,0,0,1.0,1.0,1.0,0.3654430501907195,0.3555662109963757,0.16666666666668561,21.24898859588861,21.582321929221905,21.41565526255526,JUNCTION,JUNCTION,True,low_opening_iou,22,3,0.03,0.0,0.0,1.0,0.0,0.0,0.0,noise_0.03
3,3,True,3,0,0,1.0,1.0,1.0,0.3605046305935476,0.35556621099637564,0.3333333333333523,21.582321929221944,21.582321929221905,21.582321929221923,JUNCTION,JUNCTION,True,low_opening_iou,23,3,0.03,0.0,0.0,1.0,0.0,0.0,0.0,noise_0.03
3,3,True,3,0,0,1.0,1.0,1.0,0.3654430501907195,0.35556621099637564,0.16666666666668561,21.582321929221944,21.248988595888573,21.41565526255526,JUNCTION,JUNCTION,True,low_opening_iou,24,3,0.03,0.0,0.0,1.0,0.0,0.0,0.0,noise_0.03
3,3,True,3,0,0,1.0,1.0,1.0,0.3654430501907195,0.3555662109963757,0.16666666666668561,21.24898859588861,21.582321929221905,21.41565526255526,JUNCTION,JUNCTION,True,low_opening_iou,25,3,0.03,0.0,0.0,1.0,0.0,0.0,0.0,noise_0.03
3,3,True,3,0,0,1.0,1.0,1.0,0.3703814697878913,0.37038146978789127,1.8947806286936004e-14,21.24898859588861,21.248988595888573,21.24898859588859,JUNCTION,JUNCTION,True,low_opening_iou,26,3,0.03,0.0,0.0,1.0,0.0,0.0,0.0,noise_0.03
4,4,True,4,0,0,1.0,1.0,1.0,0.45310473633958726,0.4438577009040856,0.25,14.535691789412297,15.035691789412283,14.78569178941229,JUNCTION,JUNCTION,True,low_opening_iou,7,4,0.03,0.0,0.0,1.0,0.0,0.0,0.0,noise_0.03
4,4,True,4,0,0,1.0,1.0,1.0,0.4531047363395873,0.44385770090408516,0.25,14.535691789412297,15.035691789412283,14.78569178941229,JUNCTION,JUNCTION,True,low_opening_iou,8,4,0.03,0.0,0.0,1.0,0.0,0.0,0.0,noise_0.03
4,4,True,4,0,0,1.0,1.0,1.0,0.46235177177508907,0.4623517717750887,0.0,14.535691789412297,14.535691789412283,14.53569178941229,JUNCTION,JUNCTION,True,low_opening_iou,9,4,0.03,0.0,0.0,1.0,0.0,0.0,0.0,noise_0.03
4,4,True,4,0,0,1.0,1.0,1.0,0.43461066546858373,0.4253636300330816,0.25,15.035691789412297,15.535691789412283,15.28569178941229,JUNCTION,JUNCTION,True,low_opening_iou,10,4,0.03,0.0,0.0,1.0,0.0,0.0,0.0,noise_0.03
4,4,True,4,0,0,1.0,1.0,1.0,0.45772825405733814,0.4438577009040856,0.125,14.785691789412297,14.535691789412283,14.66069178941229,JUNCTION,JUNCTION,True,low_opening_iou,11,4,0.03,0.0,0.0,1.0,0.0,0.0,0.0,noise_0.03
4,4,True,4,0,0,1.0,1.0,1.0,0.45310473633958726,0.42536363003308203,0.0,14.785691789412297,14.785691789412283,14.78569178941229,JUNCTION,JUNCTION,True,low_opening_iou,12,4,0.03,0.0,0.0,1.0,0.0,0.0,0.0,noise_0.03
4,4,True,4,0,0,1.0,1.0,1.0,0.4531047363395873,0.44385770090408516,0.25,15.035691789412297,14.535691789412283,14.78569178941229,JUNCTION,JUNCTION,True,low_opening_iou,13,4,0.03,0.0,0.0,1.0,0.0,0.0,0.0,noise_0.03
4,4,True,4,0,0,1.0,1.0,1.0,0.4531047363395873,0.44385770090408516,0.25,14.785691789412297,14.785691789412283,14.78569178941229,JUNCTION,JUNCTION,True,low_opening_iou,14,4,0.03,0.0,0.0,1.0,0.0,0.0,0.0,noise_0.03
4,4,True,4,0,0,1.0,1.0,1.0,0.4531047363395873,0.44385770090408516,0.25,14.785691789412297,14.785691789412283,14.78569178941229,JUNCTION,JUNCTION,True,low_opening_iou,15,4,0.03,0.0,0.0,1.0,0.0,0.0,0.0,noise_0.03
4,4,True,4,0,0,1.0,1.0,1.0,0.45772825405733814,0.4438577009040856,0.125,14.535691789412297,14.785691789412283,14.66069178941229,JUNCTION,JUNCTION,True,low_opening_iou,16,4,0.03,0.0,0.0,1.0,0.0,0.0,0.0,noise_0.03
4,4,True,4,0,0,1.0,1.0,1.0,0.4531047363395873,0.44385770090408516,0.25,15.035691789412297,14.535691789412283,14.78569178941229,JUNCTION,JUNCTION,True,low_opening_iou,17,4,0.03,0.0,0.0,1.0,0.0,0.0,0.0,noise_0.03
4,4,True,4,0,0,1.0,1.0,1.0,0.4531047363395873,0.44385770090408516,0.25,15.035691789412297,14.535691789412283,14.78569178941229,JUNCTION,JUNCTION,True,low_opening_iou,18,4,0.03,0.0,0.0,1.0,0.0,0.0,0.0,noise_0.03
4,4,True,4,0,0,1.0,1.0,1.0,0.46235177177508907,0.4623517717750887,0.0,14.535691789412297,14.535691789412283,14.53569178941229,JUNCTION,JUNCTION,True,low_opening_iou,19,4,0.03,0.0,0.0,1.0,0.0,0.0,0.0,noise_0.03
4,4,True,4,0,0,1.0,1.0,1.0,0.45310473633958726,0.4438577009040856,0.25,14.785691789412297,14.785691789412283,14.78569178941229,JUNCTION,JUNCTION,True,low_opening_iou,20,4,0.03,0.0,0.0,1.0,0.0,0.0,0.0,noise_0.03
4,4,True,4,0,0,1.0,1.0,1.0,0.4484812186218364,0.42536363003308203,0.125,14.785691789412297,15.035691789412283,14.91069178941229,JUNCTION,JUNCTION,True,low_opening_iou,21,4,0.03,0.0,0.0,1.0,0.0,0.0,0.0,noise_0.03
4,4,True,4,0,0,1.0,1.0,1.0,0.4577282540573382,0.44385770090408516,0.125,14.785691789412297,14.535691789412283,14.66069178941229,JUNCTION,JUNCTION,True,low_opening_iou,22,4,0.03,0.0,0.0,1.0,0.0,0.0,0.0,noise_0.03
4,4,True,4,0,0,1.0,1.0,1.0,0.4484812186218364,0.4438577009040856,0.375,14.785691789412297,15.035691789412283,14.91069178941229,JUNCTION,JUNCTION,True,low_opening_iou,23,4,0.03,0.0,0.0,1.0,0.0,0.0,0.0,noise_0.03
4,4,True,4,0,0,1.0,1.0,1.0,0.4484812186218364,0.4438577009040856,0.375,14.535691789412297,15.285691789412283,14.91069178941229,JUNCTION,JUNCTION,True,low_opening_iou,24,4,0.03,0.0,0.0,1.0,0.0,0.0,0.0,noise_0.03
4,4,True,4,0,0,1.0,1.0,1.0,0.4484812186218364,0.44385770090408516,0.375,15.035691789412297,14.785691789412283,14.91069178941229,JUNCTION,JUNCTION,True,low_opening_iou,25,4,0.03,0.0,0.0,1.0,0.0,0.0,0.0,noise_0.03
4,4,True,4,0,0,1.0,1.0,1.0,0.45310473633958726,0.4438577009040856,0.25,14.535691789412297,15.035691789412283,14.78569178941229,JUNCTION,JUNCTION,True,low_opening_iou,26,4,0.03,0.0,0.0,1.0,0.0,0.0,0.0,noise_0.03
5,5,True,5,0,0,1.0,1.0,1.0,0.5627544811771921,0.5393063777948092,0.3000000000000057,9.223686263497944,9.423686263497933,9.323686263497938,JUNCTION,JUNCTION,True,NONE,7,5,0.03,0.0,0.0,1.0,0.0,0.0,0.0,noise_0.03
5,5,True,5,0,0,1.0,1.0,1.0,0.5674441018536687,0.5393063777948096,0.20000000000000567,9.223686263497944,9.223686263497934,9.223686263497939,JUNCTION,JUNCTION,True,NONE,8,5,0.03,0.0,0.0,1.0,0.0,0.0,0.0,noise_0.03
5,5,True,5,0,0,1.0,1.0,1.0,0.5768233432066219,0.5627544811771918,0.20000000000000567,8.823686263497944,9.223686263497934,9.02368626349794,JUNCTION,JUNCTION,True,NONE,9,5,0.03,0.0,0.0,1.0,0.0,0.0,0.0,noise_0.03
5,5,True,5,0,0,1.0,1.0,1.0,0.5580648605007156,0.5393063777948094,0.3999999999999943,9.423686263497945,9.423686263497933,9.423686263497938,JUNCTION,JUNCTION,True,NONE,10,5,0.03,0.0,0.0,1.0,0.0,0.0,0.0,noise_0.03
5,5,True,5,0,0,1.0,1.0,1.0,0.5815129638830985,0.5627544811771915,0.10000000000000568,9.023686263497945,8.823686263497933,8.923686263497938,JUNCTION,JUNCTION,True,NONE,11,5,0.03,0.0,0.0,1.0,0.0,0.0,0.0,noise_0.03
5,5,True,5,0,0,1.0,1.0,1.0,0.5768233432066219,0.5627544811771915,0.20000000000000567,8.823686263497944,9.223686263497934,9.02368626349794,JUNCTION,JUNCTION,True,NONE,12,5,0.03,0.0,0.0,1.0,0.0,0.0,0.0,noise_0.03
5,5,True,5,0,0,1.0,1.0,1.0,0.576823343206622,0.5393063777948085,5.684341886080802e-15,9.023686263497945,9.023686263497932,9.02368626349794,JUNCTION,JUNCTION,True,NONE,13,5,0.03,0.0,0.0,1.0,0.0,0.0,0.0,noise_0.03
5,5,True,5,0,0,1.0,1.0,1.0,0.5721337225301453,0.5627544811771915,0.3000000000000057,9.223686263497944,9.023686263497932,9.12368626349794,JUNCTION,JUNCTION,True,NONE,14,5,0.03,0.0,0.0,1.0,0.0,0.0,0.0,noise_0.03
5,5,True,5,0,0,1.0,1.0,1.0,0.5721337225301453,0.5627544811771918,0.2999999999999943,9.023686263497945,9.223686263497934,9.12368626349794,JUNCTION,JUNCTION,True,NONE,15,5,0.03,0.0,0.0,1.0,0.0,0.0,0.0,noise_0.03
5,5,True,5,0,0,1.0,1.0,1.0,0.5721337225301453,0.5627544811771915,0.2999999999999943,9.023686263497945,9.223686263497934,9.12368626349794,JUNCTION,JUNCTION,True,NONE,16,5,0.03,0.0,0.0,1.0,0.0,0.0,0.0,noise_0.03
5,5,True,5,0,0,1.0,1.0,1.0,0.5627544811771921,0.5393063777948092,0.3000000000000057,9.423686263497945,9.223686263497934,9.323686263497938,JUNCTION,JUNCTION,True,NONE,17,5,0.03,0.0,0.0,1.0,0.0,0.0,0.0,noise_0.03
5,5,True,5,0,0,1.0,1.0,1.0,0.5721337225301453,0.5393063777948094,0.10000000000000568,9.023686263497945,9.223686263497934,9.12368626349794,JUNCTION,JUNCTION,True,NONE,18,5,0.03,0.0,0.0,1.0,0.0,0.0,0.0,noise_0.03
5,5,True,5,0,0,1.0,1.0,1.0,0.5627544811771921,0.5393063777948092,0.10000000000000568,9.223686263497944,9.423686263497933,9.323686263497938,JUNCTION,JUNCTION,True,NONE,19,5,0.03,0.0,0.0,1.0,0.0,0.0,0.0,noise_0.03
5,5,True,5,0,0,1.0,1.0,1.0,0.5721337225301453,0.5627544811771915,0.3000000000000057,9.023686263497945,9.223686263497934,9.12368626349794,JUNCTION,JUNCTION,True,NONE,20,5,0.03,0.0,0.0,1.0,0.0,0.0,0.0,noise_0.03
5,5,True,5,0,0,1.0,1.0,1.0,0.5674441018536688,0.5393063777948085,5.684341886080802e-15,9.223686263497944,9.223686263497934,9.223686263497939,JUNCTION,JUNCTION,True,NONE,21,5,0.03,0.0,0.0,1.0,0.0,0.0,0.0,noise_0.03
5,5,True,5,0,0,1.0,1.0,1.0,0.5721337225301453,0.5627544811771915,0.2999999999999943,9.223686263497944,9.023686263497932,9.12368626349794,JUNCTION,JUNCTION,True,NONE,22,5,0.03,0.0,0.0,1.0,0.0,0.0,0.0,noise_0.03
5,5,True,5,0,0,1.0,1.0,1.0,0.5674441018536688,0.5393063777948085,0.19999999999999432,9.023686263497945,9.423686263497933,9.223686263497939,JUNCTION,JUNCTION,True,NONE,23,5,0.03,0.0,0.0,1.0,0.0,0.0,0.0,noise_0.03
5,5,True,5,0,0,1.0,1.0,1.0,0.5627544811771921,0.5393063777948096,0.3000000000000057,9.623686263497945,9.023686263497932,9.323686263497938,JUNCTION,JUNCTION,True,NONE,24,5,0.03,0.0,0.0,1.0,0.0,0.0,0.0,noise_0.03
5,5,True,5,0,0,1.0,1.0,1.0,0.5721337225301453,0.5627544811771915,0.3000000000000057,9.223686263497944,9.023686263497932,9.12368626349794,JUNCTION,JUNCTION,True,NONE,25,5,0.03,0.0,0.0,1.0,0.0,0.0,0.0,noise_0.03
5,5,True,5,0,0,1.0,1.0,1.0,0.5627544811771921,0.5393063777948085,0.10000000000000568,9.423686263497945,9.223686263497934,9.323686263497938,JUNCTION,JUNCTION,True,NONE,26,5,0.03,0.0,0.0,1.0,0.0,0.0,0.0,noise_0.03
2,2,True,2,0,0,1.0,1.0,1.0,0.36297384039213354,0.3555662109963757,0.25,21.74898859588859,21.24898859588859,21.49898859588859,CORRIDOR,CORRIDOR,True,low_opening_iou,7,2,0.08,0.0,0.0,1.0,0.0,0.0,0.0,noise_0.08
2,2,True,2,0,0,1.0,1.0,1.0,0.34815858160061786,0.34075095220486007,0.25,22.24898859588859,21.74898859588859,21.99898859588859,CORRIDOR,CORRIDOR,True,low_opening_iou,8,2,0.08,0.0,0.0,1.0,0.0,0.0,0.0,noise_0.08
2,2,True,2,0,0,1.0,1.0,1.0,0.35556621099637575,0.34075095220486007,0.0,21.74898859588859,21.74898859588859,21.74898859588859,CORRIDOR,CORRIDOR,True,low_opening_iou,9,2,0.08,0.0,0.0,1.0,0.0,0.0,0.0,noise_0.08
2,2,True,2,0,0,1.0,1.0,1.0,0.34815858160061786,0.34075095220486007,0.25,21.74898859588859,22.24898859588859,21.99898859588859,CORRIDOR,CORRIDOR,True,low_opening_iou,10,2,0.08,0.0,0.0,1.0,0.0,0.0,0.0,noise_0.08
2,2,True,2,0,0,1.0,1.0,1.0,0.36297384039213354,0.3555662109963757,0.25,21.74898859588859,21.24898859588859,21.49898859588859,CORRIDOR,CORRIDOR,True,low_opening_iou,11,2,0.08,0.0,0.0,1.0,0.0,0.0,0.0,noise_0.08
2,2,True,2,0,0,1.0,1.0,1.0,0.3703814697878914,0.3703814697878914,0.0,21.24898859588859,21.24898859588859,21.24898859588859,CORRIDOR,CORRIDOR,True,low_opening_iou,12,2,0.08,0.0,0.0,1.0,0.0,0.0,0.0,noise_0.08
2,2,True,2,0,0,1.0,1.0,1.0,0.3777890991836492,0.3703814697878914,0.25,20.74898859588859,21.24898859588859,20.99898859588859,CORRIDOR,CORRIDOR,True,low_opening_iou,13,2,0.08,0.0,0.0,1.0,0.0,0.0,0.0,noise_0.08
2,2,True,2,0,0,1.0,1.0,1.0,0.34815858160061786,0.34075095220486007,0.25,22.24898859588859,21.74898859588859,21.99898859588859,CORRIDOR,CORRIDOR,True,low_opening_iou,14,2,0.08,0.0,0.0,1.0,0.0,0.0,0.0,noise_0.08
2,2,True,2,0,0,1.0,1.0,1.0,0.3555662109963757,0.3555662109963757,0.5,21.74898859588859,21.74898859588859,21.74898859588859,CORRIDOR,CORRIDOR,True,low_opening_iou,15,2,0.08,0.0,0.0,1.0,0.0,0.0,0.0,noise_0.08
2,2,True,2,0,0,1.0,1.0,1.0,0.35556621099637575,0.34075095220486007,0.0,21.74898859588859,21.74898859588859,21.74898859588859,CORRIDOR,CORRIDOR,True,low_opening_iou,16,2,0.08,0.0,0.0,1.0,0.0,0.0,0.0,noise_0.08
2,2,True,2,0,0,1.0,1.0,1.0,0.34075095220486007,0.34075095220486007,0.0,22.24898859588859,22.24898859588859,22.24898859588859,CORRIDOR,CORRIDOR,True,low_opening_iou,17,2,0.08,0.0,0.0,1.0,0.0,0.0,0.0,noise_0.08
2,2,True,2,0,0,1.0,1.0,1.0,0.36297384039213354,0.3555662109963757,0.25,21.74898859588859,21.24898859588859,21.49898859588859,CORRIDOR,CORRIDOR,True,low_opening_iou,18,2,0.08,0.0,0.0,1.0,0.0,0.0,0.0,noise_0.08
2,2,True,2,0,0,1.0,1.0,1.0,0.3555662109963757,0.3555662109963757,0.5,21.74898859588859,21.74898859588859,21.74898859588859,CORRIDOR,CORRIDOR,True,low_opening_iou,19,2,0.08,0.0,0.0,1.0,0.0,0.0,0.0,noise_0.08
2,2,True,2,0,0,1.0,1.0,1.0,0.3703814697878914,0.3703814697878914,0.0,21.24898859588859,21.24898859588859,21.24898859588859,CORRIDOR,CORRIDOR,True,low_opening_iou,20,2,0.08,0.0,0.0,1.0,0.0,0.0,0.0,noise_0.08
2,2,True,2,0,0,1.0,1.0,1.0,0.3703814697878914,0.3703814697878914,0.0,21.24898859588859,21.24898859588859,21.24898859588859,CORRIDOR,CORRIDOR,True,low_opening_iou,21,2,0.08,0.0,0.0,1.0,0.0,0.0,0.0,noise_0.08
2,2,True,2,0,0,1.0,1.0,1.0,0.3555662109963757,0.3555662109963757,0.5,21.74898859588859,21.74898859588859,21.74898859588859,CORRIDOR,CORRIDOR,True,low_opening_iou,22,2,0.08,0.0,0.0,1.0,0.0,0.0,0.0,noise_0.08
2,2,True,2,0,0,1.0,1.0,1.0,0.3703814697878914,0.3703814697878914,0.0,21.24898859588859,21.24898859588859,21.24898859588859,CORRIDOR,CORRIDOR,True,low_opening_iou,23,2,0.08,0.0,0.0,1.0,0.0,0.0,0.0,noise_0.08
2,2,True,2,0,0,1.0,1.0,1.0,0.3555662109963757,0.3555662109963757,0.5,21.74898859588859,21.74898859588859,21.74898859588859,CORRIDOR,CORRIDOR,True,low_opening_iou,24,2,0.08,0.0,0.0,1.0,0.0,0.0,0.0,noise_0.08
2,2,True,2,0,0,1.0,1.0,1.0,0.3555662109963757,0.3555662109963757,0.5,21.74898859588859,21.74898859588859,21.74898859588859,CORRIDOR,CORRIDOR,True,low_opening_iou,25,2,0.08,0.0,0.0,1.0,0.0,0.0,0.0,noise_0.08
2,2,True,2,0,0,1.0,1.0,1.0,0.36297384039213354,0.3555662109963757,0.25,21.74898859588859,21.24898859588859,21.49898859588859,CORRIDOR,CORRIDOR,True,low_opening_iou,26,2,0.08,0.0,0.0,1.0,0.0,0.0,0.0,noise_0.08
3,3,True,3,0,0,1.0,1.0,1.0,0.3555662109963757,0.34075095220486007,0.16666666666664773,21.582321929221944,21.915655262555237,21.74898859588859,JUNCTION,JUNCTION,True,low_opening_iou,7,3,0.08,0.0,0.0,1.0,0.0,0.0,0.0,noise_0.08
3,3,True,3,0,0,1.0,1.0,1.0,0.3605046305935476,0.35556621099637564,0.3333333333333144,21.24898859588861,21.915655262555237,21.582321929221923,JUNCTION,JUNCTION,True,low_opening_iou,8,3,0.08,0.0,0.0,1.0,0.0,0.0,0.0,noise_0.08
3,3,True,3,0,0,1.0,1.0,1.0,0.3506277913992038,0.34075095220485996,1.8947806286936004e-14,21.915655262555276,21.915655262555237,21.91565526255526,JUNCTION,JUNCTION,True,low_opening_iou,9,3,0.08,0.0,0.0,1.0,0.0,0.0,0.0,noise_0.08
3,3,True,3,0,0,1.0,1.0,1.0,0.3555662109963757,0.34075095220485996,0.16666666666668561,21.582321929221944,21.915655262555237,21.74898859588859,JUNCTION,JUNCTION,True,low_opening_iou,10,3,0.08,0.0,0.0,1.0,0.0,0.0,0.0,noise_0.08
3,3,True,3,0,0,1.0,1.0,1.0,0.35062779139920375,0.34075095220486007,0.3333333333333144,21.582321929221944,22.248988595888573,21.91565526255526,JUNCTION,JUNCTION,True,low_opening_iou,11,3,0.08,0.0,0.0,1.0,0.0,0.0,0.0,noise_0.08
3,3,True,3,0,0,1.0,1.0,1.0,0.3555662109963757,0.35556621099637564,0.500000000000019,21.915655262555276,21.582321929221905,21.74898859588859,JUNCTION,JUNCTION,True,low_opening_iou,12,3,0.08,0.0,0.0,1.0,0.0,0.0,0.0,noise_0.08
3,3,True,3,0,0,1.0,1.0,1.0,0.36050463059354754,0.3555662109963757,0.3333333333333523,21.582321929221944,21.582321929221905,21.582321929221923,JUNCTION,JUNCTION,True,low_opening_iou,13,3,0.08,0.0,0.0,1.0,0.0,0.0,0.0,noise_0.08
3,3,True,3,0,0,1.0,1.0,1.0,0.3703814697878913,0.37038146978789127,1.8947806286936004e-14,21.24898859588861,21.248988595888573,21.24898859588859,JUNCTION,JUNCTION,True,low_opening_iou,14,3,0.08,0.0,0.0,1.0,0.0,0.0,0.0,noise_0.08
3,3,True,3,0,0,1.0,1.0,1.0,0.3654430501907195,0.35556621099637564,0.16666666666668561,21.582321929221944,21.248988595888573,21.41565526255526,JUNCTION,JUNCTION,True,low_opening_iou,15,3,0.08,0.0,0.0,1.0,0.0,0.0,0.0,noise_0.08
3,3,True,3,0,0,1.0,1.0,1.0,0.3654430501907195,0.3555662109963757,0.16666666666668561,21.582321929221944,21.248988595888573,21.41565526255526,JUNCTION,JUNCTION,True,low_opening_iou,16,3,0.08,0.0,0.0,1.0,0.0,0.0,0.0,noise_0.08
3,3,True,3,0,0,1.0,1.0,1.0,0.3605046305935476,0.35556621099637564,0.3333333333333523,21.915655262555276,21.248988595888573,21.582321929221923,JUNCTION,JUNCTION,True,low_opening_iou,17,3,0.08,0.0,0.0,1.0,0.0,0.0,0.0,noise_0.08
3,3,True,3,0,0,1.0,1.0,1.0,0.35062779139920375,0.34075095220486007,0.3333333333333523,22.24898859588861,21.582321929221905,21.91565526255526,JUNCTION,JUNCTION,True,low_opening_iou,18,3,0.08,0.0,0.0,1.0,0.0,0.0,0.0,noise_0.08
3,3,True,3,0,0,1.0,1.0,1.0,0.3555662109963757,0.35556621099637564,0.49999999999998107,21.582321929221944,21.915655262555237,21.74898859588859,JUNCTION,JUNCTION,True,low_opening_iou,19,3,0.08,0.0,0.0,1.0,0.0,0.0,0.0,noise_0.08
3,3,True,3,0,0,1.0,1.0,1.0,0.3654430501907194,0.35556621099637564,0.49999999999998107,21.582321929221944,21.248988595888573,21.41565526255526,JUNCTION,JUNCTION,True,low_opening_iou,20,3,0.08,0.0,0.0,1.0,0.0,0.0,0.0,noise_0.08
3,3,True,3,0,0,1.0,1.0,1.0,0.3605046305935476,0.35556621099637564,0.3333333333333523,21.915655262555276,21.248988595888573,21.582321929221923,JUNCTION,JUNCTION,True,low_opening_iou,21,3,0.08,0.0,0.0,1.0,0.0,0.0,0.0,noise_0.08
3,3,True,3,0,0,1.0,1.0,1.0,0.36050463059354754,0.3555662109963757,0.3333333333333523,21.582321929221944,21.582321929221905,21.582321929221923,JUNCTION,JUNCTION,True,low_opening_iou,22,3,0.08,0.0,0.0,1.0,0.0,0.0,0.0,noise_0.08
3,3,True,3,0,0,1.0,1.0,1.0,0.3605046305935476,0.35556621099637564,0.3333333333333523,21.582321929221944,21.582321929221905,21.582321929221923,JUNCTION,JUNCTION,True,low_opening_iou,23,3,0.08,0.0,0.0,1.0,0.0,0.0,0.0,noise_0.08
3,3,True,3,0,0,1.0,1.0,1.0,0.3555662109963757,0.35556621099637564,0.500000000000019,21.915655262555276,21.582321929221905,21.74898859588859,JUNCTION,JUNCTION,True,low_opening_iou,24,3,0.08,0.0,0.0,1.0,0.0,0.0,0.0,noise_0.08
3,3,True,3,0,0,1.0,1.0,1.0,0.3605046305935476,0.35556621099637564,0.3333333333333523,21.582321929221944,21.582321929221905,21.582321929221923,JUNCTION,JUNCTION,True,low_opening_iou,25,3,0.08,0.0,0.0,1.0,0.0,0.0,0.0,noise_0.08
3,3,True,3,0,0,1.0,1.0,1.0,0.3703814697878913,0.37038146978789127,1.8947806286936004e-14,21.24898859588861,21.248988595888573,21.24898859588859,JUNCTION,JUNCTION,True,low_opening_iou,26,3,0.08,0.0,0.0,1.0,0.0,0.0,0.0,noise_0.08
4,4,True,4,0,0,1.0,1.0,1.0,0.4438577009040855,0.44385770090408516,0.5,15.035691789412297,15.035691789412283,15.03569178941229,JUNCTION,JUNCTION,True,low_opening_iou,7,4,0.08,0.0,0.0,1.0,0.0,0.0,0.0,noise_0.08
4,4,True,4,0,0,1.0,1.0,1.0,0.4484812186218364,0.44385770090408516,0.375,14.535691789412297,15.285691789412283,14.91069178941229,JUNCTION,JUNCTION,True,low_opening_iou,8,4,0.08,0.0,0.0,1.0,0.0,0.0,0.0,noise_0.08
4,4,True,4,0,0,1.0,1.0,1.0,0.4531047363395873,0.44385770090408516,0.25,15.035691789412297,14.535691789412283,14.78569178941229,JUNCTION,JUNCTION,True,low_opening_iou,9,4,0.08,0.0,0.0,1.0,0.0,0.0,0.0,noise_0.08
4,4,True,4,0,0,1.0,1.0,1.0,0.43461066546858373,0.4253636300330816,0.25,15.035691789412297,15.535691789412283,15.28569178941229,JUNCTION,JUNCTION,True,low_opening_iou,10,4,0.08,0.0,0.0,1.0,0.0,0.0,0.0,noise_0.08
4,4,True,4,0,0,1.0,1.0,1.0,0.45772825405733814,0.4438577009040856,0.125,14.785691789412297,14.535691789412283,14.66069178941229,JUNCTION,JUNCTION,True,low_opening_iou,11,4,0.08,0.0,0.0,1.0,0.0,0.0,0.0,noise_0.08
4,4,True,4,0,0,1.0,1.0,1.0,0.4438577009040855,0.42536363003308203,0.25,14.785691789412297,15.285691789412283,15.03569178941229,JUNCTION,JUNCTION,True,low_opening_iou,12,4,0.08,0.0,0.0,1.0,0.0,0.0,0.0,noise_0.08
4,4,True,4,0,0,1.0,1.0,1.0,0.4531047363395873,0.44385770090408516,0.25,15.035691789412297,14.535691789412283,14.78569178941229,JUNCTION,JUNCTION,True,low_opening_iou,13,4,0.08,0.0,0.0,1.0,0.0,0.0,0.0,noise_0.08
4,4,True,4,0,0,1.0,1.0,1.0,0.4438577009040855,0.4253636300330816,0.25,14.785691789412297,15.285691789412283,15.03569178941229,JUNCTION,JUNCTION,True,low_opening_iou,14,4,0.08,0.0,0.0,1.0,0.0,0.0,0.0,noise_0.08
4,4,True,4,0,0,1.0,1.0,1.0,0.4438577009040855,0.4253636300330816,0.25,15.035691789412297,15.035691789412283,15.03569178941229,JUNCTION,JUNCTION,True,low_opening_iou,15,4,0.08,0.0,0.0,1.0,0.0,0.0,0.0,noise_0.08
4,4,True,4,0,0,1.0,1.0,1.0,0.4484812186218364,0.4438577009040856,0.375,14.785691789412297,15.035691789412283,14.91069178941229,JUNCTION,JUNCTION,True,low_opening_iou,16,4,0.08,0.0,0.0,1.0,0.0,0.0,0.0,noise_0.08
4,4,True,4,0,0,1.0,1.0,1.0,0.44848121862183643,0.4253636300330816,0.125,15.035691789412297,14.785691789412283,14.91069178941229,JUNCTION,JUNCTION,True,low_opening_iou,17,4,0.08,0.0,0.0,1.0,0.0,0.0,0.0,noise_0.08
4,4,True,4,0,0,1.0,1.0,1.0,0.4484812186218364,0.44385770090408516,0.375,15.035691789412297,14.785691789412283,14.91069178941229,JUNCTION,JUNCTION,True,low_opening_iou,18,4,0.08,0.0,0.0,1.0,0.0,0.0,0.0,noise_0.08
4,4,True,4,0,0,1.0,1.0,1.0,0.4577282540573382,0.44385770090408516,0.125,14.785691789412297,14.535691789412283,14.66069178941229,JUNCTION,JUNCTION,True,low_opening_iou,19,4,0.08,0.0,0.0,1.0,0.0,0.0,0.0,noise_0.08
4,4,True,4,0,0,1.0,1.0,1.0,0.4438577009040855,0.42536363003308203,0.25,15.035691789412297,15.035691789412283,15.03569178941229,JUNCTION,JUNCTION,True,low_opening_iou,20,4,0.08,0.0,0.0,1.0,0.0,0.0,0.0,noise_0.08
4,4,True,4,0,0,1.0,1.0,1.0,0.4484812186218364,0.42536363003308203,0.125,14.785691789412297,15.035691789412283,14.91069178941229,JUNCTION,JUNCTION,True,low_opening_iou,21,4,0.08,0.0,0.0,1.0,0.0,0.0,0.0,noise_0.08
4,4,True,4,0,0,1.0,1.0,1.0,0.4531047363395873,0.44385770090408516,0.25,15.035691789412297,14.535691789412283,14.78569178941229,JUNCTION,JUNCTION,True,low_opening_iou,22,4,0.08,0.0,0.0,1.0,0.0,0.0,0.0,noise_0.08
4,4,True,4,0,0,1.0,1.0,1.0,0.4392341831863346,0.42536363003308203,0.125,15.285691789412297,15.035691789412283,15.16069178941229,JUNCTION,JUNCTION,True,low_opening_iou,23,4,0.08,0.0,0.0,1.0,0.0,0.0,0.0,noise_0.08
4,4,True,4,0,0,1.0,1.0,1.0,0.4438577009040855,0.42536363003308203,0.25,14.785691789412297,15.285691789412283,15.03569178941229,JUNCTION,JUNCTION,True,low_opening_iou,24,4,0.08,0.0,0.0,1.0,0.0,0.0,0.0,noise_0.08
4,4,True,4,0,0,1.0,1.0,1.0,0.4392341831863346,0.4253636300330816,0.375,15.285691789412297,15.035691789412283,15.16069178941229,JUNCTION,JUNCTION,True,low_opening_iou,25,4,0.08,0.0,0.0,1.0,0.0,0.0,0.0,noise_0.08
4,4,True,4,0,0,1.0,1.0,1.0,0.4484812186218364,0.4438577009040856,0.375,14.535691789412297,15.285691789412283,14.91069178941229,JUNCTION,JUNCTION,True,low_opening_iou,26,4,0.08,0.0,0.0,1.0,0.0,0.0,0.0,noise_0.08
5,5,True,5,0,0,1.0,1.0,1.0,0.5627544811771921,0.5393063777948092,0.3000000000000057,9.223686263497944,9.423686263497933,9.323686263497938,JUNCTION,JUNCTION,True,NONE,7,5,0.08,0.0,0.0,1.0,0.0,0.0,0.0,noise_0.08
5,5,True,5,0,0,1.0,1.0,1.0,0.5580648605007155,0.5393063777948096,0.4000000000000057,9.223686263497944,9.623686263497934,9.423686263497938,JUNCTION,JUNCTION,True,NONE,8,5,0.08,0.0,0.0,1.0,0.0,0.0,0.0,noise_0.08
5,5,True,5,0,0,1.0,1.0,1.0,0.5721337225301453,0.5627544811771918,0.3000000000000057,9.023686263497945,9.223686263497934,9.12368626349794,JUNCTION,JUNCTION,True,NONE,9,5,0.08,0.0,0.0,1.0,0.0,0.0,0.0,noise_0.08
5,5,True,5,0,0,1.0,1.0,1.0,0.5533752398242389,0.5393063777948085,0.2999999999999943,9.623686263497945,9.423686263497933,9.52368626349794,JUNCTION,JUNCTION,True,NONE,10,5,0.08,0.0,0.0,1.0,0.0,0.0,0.0,noise_0.08
5,5,True,5,0,0,1.0,1.0,1.0,0.5627544811771921,0.5393063777948092,0.2999999999999943,9.223686263497944,9.423686263497933,9.323686263497938,JUNCTION,JUNCTION,True,NONE,11,5,0.08,0.0,0.0,1.0,0.0,0.0,0.0,noise_0.08
5,5,True,5,0,0,1.0,1.0,1.0,0.5580648605007156,0.5393063777948088,0.20000000000000567,9.423686263497945,9.423686263497933,9.423686263497938,JUNCTION,JUNCTION,True,NONE,12,5,0.08,0.0,0.0,1.0,0.0,0.0,0.0,noise_0.08
5,5,True,5,0,0,1.0,1.0,1.0,0.5721337225301453,0.5393063777948085,0.10000000000000568,9.023686263497945,9.223686263497934,9.12368626349794,JUNCTION,JUNCTION,True,NONE,13,5,0.08,0.0,0.0,1.0,0.0,0.0,0.0,noise_0.08
5,5,True,5,0,0,1.0,1.0,1.0,0.5674441018536687,0.5627544811771915,0.3999999999999943,9.223686263497944,9.223686263497934,9.223686263497939,JUNCTION,JUNCTION,True,NONE,14,5,0.08,0.0,0.0,1.0,0.0,0.0,0.0,noise_0.08
5,5,True,5,0,0,1.0,1.0,1.0,0.5627544811771921,0.5393063777948094,0.2999999999999943,9.223686263497944,9.423686263497933,9.323686263497938,JUNCTION,JUNCTION,True,NONE,15,5,0.08,0.0,0.0,1.0,0.0,0.0,0.0,noise_0.08
5,5,True,5,0,0,1.0,1.0,1.0,0.5627544811771921,0.5393063777948085,0.2999999999999943,9.223686263497944,9.423686263497933,9.323686263497938,JUNCTION,JUNCTION,True,NONE,16,5,0.08,0.0,0.0,1.0,0.0,0.0,0.0,noise_0.08
5,5,True,5,0,0,1.0,1.0,1.0,0.5721337225301453,0.5393063777948092,0.3000000000000057,9.423686263497945,8.823686263497933,9.12368626349794,JUNCTION,JUNCTION,True,NONE,17,5,0.08,0.0,0.0,1.0,0.0,0.0,0.0,noise_0.08
5,5,True,5,0,0,1.0,1.0,1.0,0.5674441018536688,0.5393063777948094,0.20000000000000567,9.223686263497944,9.223686263497934,9.223686263497939,JUNCTION,JUNCTION,True,NONE,18,5,0.08,0.0,0.0,1.0,0.0,0.0,0.0,noise_0.08
5,5,True,5,0,0,1.0,1.0,1.0,0.5580648605007155,0.5393063777948092,0.20000000000000567,9.223686263497944,9.623686263497934,9.423686263497938,JUNCTION,JUNCTION,True,NONE,19,5,0.08,0.0,0.0,1.0,0.0,0.0,0.0,noise_0.08
5,5,True,5,0,0,1.0,1.0,1.0,0.5627544811771921,0.5393063777948096,0.3000000000000057,9.223686263497944,9.423686263497933,9.323686263497938,JUNCTION,JUNCTION,True,NONE,20,5,0.08,0.0,0.0,1.0,0.0,0.0,0.0,noise_0.08
5,5,True,5,0,0,1.0,1.0,1.0,0.553375239824239,0.5393063777948085,0.10000000000000568,9.623686263497945,9.423686263497933,9.52368626349794,JUNCTION,JUNCTION,True,NONE,21,5,0.08,0.0,0.0,1.0,0.0,0.0,0.0,noise_0.08
5,5,True,5,0,0,1.0,1.0,1.0,0.5721337225301453,0.5627544811771915,0.2999999999999943,9.223686263497944,9.023686263497932,9.12368626349794,JUNCTION,JUNCTION,True,NONE,22,5,0.08,0.0,0.0,1.0,0.0,0.0,0.0,noise_0.08
5,5,True,5,0,0,1.0,1.0,1.0,0.5627544811771921,0.5393063777948085,0.09999999999999432,9.223686263497944,9.423686263497933,9.323686263497938,JUNCTION,JUNCTION,True,NONE,23,5,0.08,0.0,0.0,1.0,0.0,0.0,0.0,noise_0.08
5,5,True,5,0,0,1.0,1.0,1.0,0.5580648605007155,0.5393063777948096,0.4000000000000057,9.623686263497945,9.223686263497934,9.423686263497938,JUNCTION,JUNCTION,True,NONE,24,5,0.08,0.0,0.0,1.0,0.0,0.0,0.0,noise_0.08
5,5,True,5,0,0,1.0,1.0,1.0,0.5674441018536687,0.5627544811771915,0.4000000000000057,9.423686263497945,9.023686263497932,9.223686263497939,JUNCTION,JUNCTION,True,NONE,25,5,0.08,0.0,0.0,1.0,0.0,0.0,0.0,noise_0.08
5,5,True,5,0,0,1.0,1.0,1.0,0.5580648605007156,0.5393063777948085,5.684341886080802e-15,9.423686263497945,9.423686263497933,9.423686263497938,JUNCTION,JUNCTION,True,NONE,26,5,0.08,0.0,0.0,1.0,0.0,0.0,0.0,noise_0.08
2,2,True,2,0,0,1.0,1.0,1.0,0.4148272461624383,0.3703814697878914,1.5,21.24898859588859,18.24898859588859,19.74898859588859,CORRIDOR,CORRIDOR,True,low_opening_iou,7,2,0.0,0.05,0.0,1.0,0.0,0.0,0.0,dropout_0.05
2,2,True,2,0,0,1.0,1.0,1.0,0.42223487555819617,0.3703814697878914,1.75,17.74898859588859,21.24898859588859,19.49898859588859,CORRIDOR,CORRIDOR,True,low_opening_iou,8,2,0.0,0.05,0.0,1.0,0.0,0.0,0.0,dropout_0.05
2,2,True,2,0,0,1.0,1.0,1.0,0.385196728579407,0.3703814697878914,0.5,21.24898859588859,20.24898859588859,20.74898859588859,CORRIDOR,CORRIDOR,True,low_opening_iou,9,2,0.0,0.05,0.0,1.0,0.0,0.0,0.0,dropout_0.05
2,2,True,2,0,0,1.0,1.0,1.0,0.4148272461624383,0.3703814697878914,1.5,18.24898859588859,21.24898859588859,19.74898859588859,CORRIDOR,CORRIDOR,True,low_opening_iou,10,2,0.0,0.05,0.0,1.0,0.0,0.0,0.0,dropout_0.05
2,2,True,2,0,0,1.0,1.0,1.0,0.385196728579407,0.3703814697878914,0.5,20.24898859588859,21.24898859588859,20.74898859588859,CORRIDOR,CORRIDOR,True,low_opening_iou,11,2,0.0,0.05,0.0,1.0,0.0,0.0,0.0,dropout_0.05
2,2,True,2,0,0,1.0,1.0,1.0,0.385196728579407,0.3703814697878914,0.5,20.24898859588859,21.24898859588859,20.74898859588859,CORRIDOR,CORRIDOR,True,low_opening_iou,12,2,0.0,0.05,0.0,1.0,0.0,0.0,0.0,dropout_0.05
2,2,True,2,0,0,1.0,1.0,1.0,0.3703814697878914,0.3703814697878914,0.0,21.24898859588859,21.24898859588859,21.24898859588859,CORRIDOR,CORRIDOR,True,low_opening_iou,13,2,0.0,0.05,0.0,1.0,0.0,0.0,0.0,dropout_0.05
2,2,True,2,0,0,1.0,1.0,1.0,0.39260435797516485,0.3703814697878914,0.75,21.24898859588859,19.74898859588859,20.49898859588859,CORRIDOR,CORRIDOR,True,low_opening_iou,14,2,0.0,0.05,0.0,1.0,0.0,0.0,0.0,dropout_0.05
2,2,True,2,0,0,1.0,1.0,1.0,0.4000119873709227,0.3703814697878914,1.0,21.24898859588859,19.24898859588859,20.24898859588859,CORRIDOR,CORRIDOR,True,low_opening_iou,15,2,0.0,0.05,0.0,1.0,0.0,0.0,0.0,dropout_0.05
2,2,True,2,0,0,1.0,1.0,1.0,0.4592730225369853,0.44445776374546964,3.0,15.24898859588859,21.24898859588859,18.24898859588859,CORRIDOR,CORRIDOR,True,low_opening_iou,16,2,0.0,0.05,0.0,1.0,0.0,0.0,0.0,dropout_0.05
2,2,True,2,0,0,1.0,1.0,1.0,0.42964250495395395,0.3703814697878914,2.0,21.24898859588859,17.24898859588859,19.24898859588859,CORRIDOR,CORRIDOR,True,low_opening_iou,17,2,0.0,0.05,0.0,1.0,0.0,0.0,0.0,dropout_0.05
2,2,True,2,0,0,1.0,1.0,1.0,0.4074196167666805,0.3703814697878914,1.25,21.24898859588859,18.74898859588859,19.99898859588859,CORRIDOR,CORRIDOR,True,low_opening_iou,18,2,0.0,0.05,0.0,1.0,0.0,0.0,0.0,dropout_0.05
2,2,True,2,0,0,1.0,1.0,1.0,0.3703814697878914,0.3703814697878914,0.0,21.24898859588859,21.24898859588859,21.24898859588859,CORRIDOR,CORRIDOR,True,low_opening_iou,19,2,0.0,0.05,0.0,1.0,0.0,0.0,0.0,dropout_0.05
2,2,True,2,0,0,1.0,1.0,1.0,0.43705013434971185,0.3703814697878914,1.25,20.24898859588859,17.74898859588859,18.99898859588859,CORRIDOR,CORRIDOR,True,low_opening_iou,20,2,0.0,0.05,0.0,1.0,0.0,0.0,0.0,dropout_0.05
2,2,True,2,0,0,1.0,1.0,1.0,0.39260435797516485,0.3703814697878914,0.75,19.74898859588859,21.24898859588859,20.49898859588859,CORRIDOR,CORRIDOR,True,low_opening_iou,21,2,0.0,0.05,0.0,1.0,0.0,0.0,0.0,dropout_0.05
2,2,True,2,0,0,1.0,1.0,1.0,0.42964250495395395,0.3703814697878914,2.0,21.24898859588859,17.24898859588859,19.24898859588859,CORRIDOR,CORRIDOR,True,low_opening_iou,22,2,0.0,0.05,0.0,1.0,0.0,0.0,0.0,dropout_0.05
2,2,True,2,0,0,1.0,1.0,1.0,0.3703814697878914,0.3703814697878914,0.0,21.24898859588859,21.24898859588859,21.24898859588859,CORRIDOR,CORRIDOR,True,low_opening_iou,23,2,0.0,0.05,0.0,1.0,0.0,0.0,0.0,dropout_0.05
2,2,True,2,0,0,1.0,1.0,1.0,0.4518653931412274,0.44445776374546964,2.75,21.24898859588859,15.74898859588859,18.49898859588859,CORRIDOR,CORRIDOR,True,low_opening_iou,24,2,0.0,0.05,0.0,1.0,0.0,0.0,0.0,dropout_0.05
2,2,True,2,0,0,1.0,1.0,1.0,0.4000119873709227,0.3703814697878914,1.0,19.24898859588859,21.24898859588859,20.24898859588859,CORRIDOR,CORRIDOR,True,low_opening_iou,25,2,0.0,0.05,0.0,1.0,0.0,0.0,0.0,dropout_0.05
2,2,True,2,0,0,1.0,1.0,1.0,0.39260435797516485,0.3703814697878914,0.75,19.74898859588859,21.24898859588859,20.49898859588859,CORRIDOR,CORRIDOR,True,low_opening_iou,26,2,0.0,0.05,0.0,1.0,0.0,0.0,0.0,dropout_0.05
3,3,True,3,0,0,1.0,1.0,1.0,0.40001198737092264,0.37038146978789127,1.0000000000000189,21.24898859588861,19.248988595888573,20.24898859588859,JUNCTION,JUNCTION,True,low_opening_iou,7,3,0.0,0.05,0.0,1.0,0.0,0.0,0.0,dropout_0.05
3,3,True,3,0,0,1.0,1.0,1.0,0.3703814697878913,0.37038146978789127,1.8947806286936004e-14,21.24898859588861,21.248988595888573,21.24898859588859,JUNCTION,JUNCTION,True,low_opening_iou,8,3,0.0,0.05,0.0,1.0,0.0,0.0,0.0,dropout_0.05
3,3,True,3,0,0,1.0,1.0,1.0,0.3703814697878913,0.37038146978789127,1.8947806286936004e-14,21.24898859588861,21.248988595888573,21.24898859588859,JUNCTION,JUNCTION,True,low_opening_iou,9,3,0.0,0.05,0.0,1.0,0.0,0.0,0.0,dropout_0.05
3,3,True,3,0,0,1.0,1.0,1.0,0.3753198893850633,0.37038146978789127,0.16666666666668561,21.24898859588861,20.915655262555237,21.082321929221923,JUNCTION,JUNCTION,True,low_opening_iou,10,3,0.0,0.05,0.0,1.0,0.0,0.0,0.0,dropout_0.05
3,3,True,3,0,0,1.0,1.0,1.0,0.44445776374546964,0.3703814697878914,0.8333333333333522,19.582321929221944,17.915655262555237,18.74898859588859,JUNCTION,JUNCTION,True,low_opening_iou,11,3,0.0,0.05,0.0,1.0,0.0,0.0,0.0,dropout_0.05
3,3,True,3,0,0,1.0,1.0,1.0,0.38519672857940696,0.37038146978789127,0.500000000000019,20.582321929221944,20.915655262555237,20.74898859588859,JUNCTION,JUNCTION,True,low_opening_iou,12,3,0.0,0.05,0.0,1.0,0.0,0.0,0.0,dropout_0.05
3,3,True,3,0,0,1.0,1.0,1.0,0.39507356777375074,0.3703814697878914,0.8333333333333522,21.24898859588861,19.582321929221905,20.41565526255526,JUNCTION,JUNCTION,True,low_opening_iou,13,3,0.0,0.05,0.0,1.0,0.0,0.0,0.0,dropout_0.05
3,3,True,3,0,0,1.0,1.0,1.0,0.39507356777375074,0.3703814697878914,0.8333333333333522,21.24898859588861,19.582321929221905,20.41565526255526,JUNCTION,JUNCTION,True,low_opening_iou,14,3,0.0,0.05,0.0,1.0,0.0,0.0,0.0,dropout_0.05
3,3,True,3,0,0,1.0,1.0,1.0,0.40495040696809453,0.3703814697878914,1.1666666666666476,19.915655262555276,20.248988595888573,20.082321929221923,JUNCTION,JUNCTION,True,low_opening_iou,15,3,0.0,0.05,0.0,1.0,0.0,0.0,0.0,dropout_0.05
3,3,True,3,0,0,1.0,1.0,1.0,0.4543346029398134,0.4444577637454695,2.8333333333333144,17.24898859588861,19.582321929221905,18.41565526255526,JUNCTION,JUNCTION,True,low_opening_iou,16,3,0.0,0.05,0.0,1.0,0.0,0.0,0.0,dropout_0.05
3,3,True,3,0,0,1.0,1.0,1.0,0.40001198737092264,0.3703814697878914,0.999999999999981,19.24898859588861,21.248988595888573,20.24898859588859,JUNCTION,JUNCTION,True,low_opening_iou,17,3,0.0,0.05,0.0,1.0,0.0,0.0,0.0,dropout_0.05
3,3,True,3,0,0,1.0,1.0,1.0,0.3802583089822351,0.3703814697878914,0.3333333333333144,20.915655262555276,20.915655262555237,20.91565526255526,JUNCTION,JUNCTION,True,low_opening_iou,18,3,0.0,0.05,0.0,1.0,0.0,0.0,0.0,dropout_0.05
3,3,True,3,0,0,1.0,1.0,1.0,0.4049504069680945,0.3703814697878914,1.1666666666666476,19.582321929221944,20.582321929221905,20.082321929221923,JUNCTION,JUNCTION,True,low_opening_iou,19,3,0.0,0.05,0.0,1.0,0.0,0.0,0.0,dropout_0.05
3,3,True,3,0,0,1.0,1.0,1.0,0.42470408535678206,0.3703814697878914,1.8333333333333524,17.915655262555276,20.915655262555237,19.41565526255526,JUNCTION,JUNCTION,True,low_opening_iou,20,3,0.0,0.05,0.0,1.0,0.0,0.0,0.0,dropout_0.05
3,3,True,3,0,0,1.0,1.0,1.0,0.40495040696809453,0.38519672857940696,1.1666666666666476,18.915655262555276,21.248988595888573,20.082321929221923,JUNCTION,JUNCTION,True,low_opening_iou,21,3,0.0,0.05,0.0,1.0,0.0,0.0,0.0,dropout_0.05
3,3,True,3,0,0,1.0,1.0,1.0,0.46914986173132905,0.37038146978789127,3.333333333333352,21.24898859588861,14.582321929221905,17.91565526255526,JUNCTION,JUNCTION,True,low_opening_iou,22,3,0.0,0.05,0.0,1.0,0.0,0.0,0.0,dropout_0.05
3,3,True,3,0,0,1.0,1.0,1.0,0.41482724616243827,0.3703814697878914,1.5000000000000189,20.24898859588861,19.248988595888573,19.74898859588859,JUNCTION,JUNCTION,True,low_opening_iou,23,3,0.0,0.05,0.0,1.0,0.0,0.0,0.0,dropout_0.05
3,3,True,3,0,0,1.0,1.0,1.0,0.4444577637454696,0.4296425049539539,2.500000000000019,19.24898859588861,18.248988595888573,18.74898859588859,JUNCTION,JUNCTION,True,low_opening_iou,24,3,0.0,0.05,0.0,1.0,0.0,0.0,0.0,dropout_0.05
3,3,True,3,0,0,1.0,1.0,1.0,0.4296425049539539,0.37038146978789127,2.000000000000019,19.915655262555276,18.582321929221905,19.24898859588859,JUNCTION,JUNCTION,True,low_opening_iou,25,3,0.0,0.05,0.0,1.0,0.0,0.0,0.0,dropout_0.05
3,3,True,3,0,0,1.0,1.0,1.0,0.40495040696809453,0.3703814697878914,1.1666666666666856,21.24898859588861,18.915655262555237,20.082321929221923,JUNCTION,JUNCTION,True,low_opening_iou,26,3,0.0,0.05,0.0,1.0,0.0,0.0,0.0,dropout_0.05
4,4,True,4,0,0,1.0,1.0,1.0,0.4900928780815944,0.4623517717750887,0.75,14.535691789412297,13.035691789412283,13.78569178941229,JUNCTION,JUNCTION,True,low_opening_iou,7,4,0.0,0.05,0.0,1.0,0.0,0.0,0.0,dropout_0.05
4,4,True,4,0,0,1.0,1.0,1.0,0.5132104666703489,0.4623517717750892,1.375,12.785691789412297,13.535691789412283,13.16069178941229,JUNCTION,JUNCTION,True,low_opening_iou,8,4,0.0,0.05,0.0,1.0,0.0,0.0,0.0,dropout_0.05
4,4,True,4,0,0,1.0,1.0,1.0,0.4808458426460926,0.4623517717750892,0.5,14.535691789412297,13.535691789412283,14.03569178941229,JUNCTION,JUNCTION,True,low_opening_iou,9,4,0.0,0.05,0.0,1.0,0.0,0.0,0.0,dropout_0.05
4,4,True,4,0,0,1.0,1.0,1.0,0.49009287808159435,0.4623517717750892,0.75,13.035691789412297,14.535691789412283,13.78569178941229,JUNCTION,JUNCTION,True,low_opening_iou,10,4,0.0,0.05,0.0,1.0,0.0,0.0,0.0,dropout_0.05
4,4,True,4,0,0,1.0,1.0,1.0,0.5270810198236016,0.4623517717750892,0.5,12.285691789412297,13.285691789412283,12.78569178941229,JUNCTION,JUNCTION,True,low_opening_iou,11,4,0.0,0.05,0.0,1.0,0.0,0.0,0.0,dropout_0.05
4,4,True,4,0,0,1.0,1.0,1.0,0.49933991351709617,0.4623517717750887,1.0,14.035691789412297,13.035691789412283,13.53569178941229,JUNCTION,JUNCTION,True,low_opening_iou,12,4,0.0,0.05,0.0,1.0,0.0,0.0,0.0,dropout_0.05
4,4,True,4,0,0,1.0,1.0,1.0,0.5132104666703489,0.4623517717750887,1.375,11.785691789412297,14.535691789412283,13.16069178941229,JUNCTION,JUNCTION,True,low_opening_iou,13,4,0.0,0.05,0.0,1.0,0.0,0.0,0.0,dropout_0.05
4,4,True,4,0,0,1.0,1.0,1.0,0.48546936036384347,0.4623517717750887,0.625,14.035691789412297,13.785691789412283,13.91069178941229,JUNCTION,JUNCTION,True,low_opening_iou,14,4,0.0,0.05,0.0,1.0,0.0,0.0,0.0,dropout_0.05
4,4,True,4,0,0,1.0,1.0,1.0,0.4808458426460926,0.4623517717750892,0.5,14.535691789412297,13.535691789412283,14.03569178941229,JUNCTION,JUNCTION,True,low_opening_iou,15,4,0.0,0.05,0.0,1.0,0.0,0.0,0.0,dropout_0.05
4,4,True,4,0,0,1.0,1.0,1.0,0.5178339843880997,0.4623517717750892,1.5,11.535691789412297,14.535691789412283,13.03569178941229,JUNCTION,JUNCTION,True,low_opening_iou,16,4,0.0,0.05,0.0,1.0,0.0,0.0,0.0,dropout_0.05
4,4,True,4,0,0,1.0,1.0,1.0,0.503963431234847,0.4623517717750892,1.125,14.285691789412297,12.535691789412283,13.41069178941229,JUNCTION,JUNCTION,True,low_opening_iou,17,4,0.0,0.05,0.0,1.0,0.0,0.0,0.0,dropout_0.05
4,4,True,4,0,0,1.0,1.0,1.0,0.48546936036384347,0.4623517717750892,0.625,14.535691789412297,13.285691789412283,13.91069178941229,JUNCTION,JUNCTION,True,low_opening_iou,18,4,0.0,0.05,0.0,1.0,0.0,0.0,0.0,dropout_0.05
4,4,True,4,0,0,1.0,1.0,1.0,0.46235177177508907,0.4623517717750887,0.0,14.535691789412297,14.535691789412283,14.53569178941229,JUNCTION,JUNCTION,True,low_opening_iou,19,4,0.0,0.05,0.0,1.0,0.0,0.0,0.0,dropout_0.05
4,4,True,4,0,0,1.0,1.0,1.0,0.5363280552591032,0.4623517717750892,1.0,12.785691789412297,12.285691789412283,12.53569178941229,JUNCTION,JUNCTION,True,low_opening_iou,20,4,0.0,0.05,0.0,1.0,0.0,0.0,0.0,dropout_0.05
4,4,True,4,0,0,1.0,1.0,1.0,0.5132104666703489,0.4623517717750887,1.375,13.535691789412297,12.785691789412283,13.16069178941229,JUNCTION,JUNCTION,True,low_opening_iou,21,4,0.0,0.05,0.0,1.0,0.0,0.0,0.0,dropout_0.05
4,4,True,4,0,0,1.0,1.0,1.0,0.46697528949283995,0.4623517717750887,0.125,14.285691789412297,14.535691789412283,14.41069178941229,JUNCTION,JUNCTION,True,low_opening_iou,22,4,0.0,0.05,0.0,1.0,0.0,0.0,0.0,dropout_0.05
4,4,True,4,0,0,1.0,1.0,1.0,0.5224575021058506,0.4623517717750887,1.125,13.535691789412297,12.285691789412283,12.91069178941229,JUNCTION,JUNCTION,True,low_opening_iou,23,4,0.0,0.05,0.0,1.0,0.0,0.0,0.0,dropout_0.05
4,4,True,4,0,0,1.0,1.0,1.0,0.5825632324366121,0.554822126130107,3.25,13.035691789412297,9.535691789412283,11.28569178941229,JUNCTION,JUNCTION,True,NONE,24,4,0.0,0.05,0.0,1.0,0.0,0.0,0.0,dropout_0.05
4,4,True,4,0,0,1.0,1.0,1.0,0.4808458426460926,0.4623517717750887,0.5,13.535691789412297,14.535691789412283,14.03569178941229,JUNCTION,JUNCTION,True,low_opening_iou,25,4,0.0,0.05,0.0,1.0,0.0,0.0,0.0,dropout_0.05
4,4,True,4,0,0,1.0,1.0,1.0,0.5317045375413524,0.4623517717750892,1.875,10.785691789412297,14.535691789412283,12.66069178941229,JUNCTION,JUNCTION,True,low_opening_iou,26,4,0.0,0.05,0.0,1.0,0.0,0.0,0.0,dropout_0.05
5,5,True,5,0,0,1.0,1.0,1.0,0.6987534807950135,0.5862025845595749,0.9999999999999943,6.6236862634979445,6.2236862634979335,6.423686263497939,JUNCTION,JUNCTION,True,NONE,7,5,0.0,0.05,0.0,1.0,0.0,0.0,0.0,dropout_0.05
5,5,True,5,0,0,1.0,1.0,1.0,0.6330987913243412,0.5862025845595744,0.9999999999999943,8.423686263497945,7.2236862634979335,7.8236862634979385,JUNCTION,JUNCTION,True,NONE,8,5,0.0,0.05,0.0,1.0,0.0,0.0,0.0,dropout_0.05
5,5,True,5,0,0,1.0,1.0,1.0,0.5862025845595751,0.5862025845595744,5.684341886080802e-15,8.823686263497944,8.823686263497933,8.823686263497938,JUNCTION,JUNCTION,True,NONE,9,5,0.0,0.05,0.0,1.0,0.0,0.0,0.0,dropout_0.05
5,5,True,5,0,0,1.0,1.0,1.0,0.6471676533537709,0.5862025845595749,0.7000000000000057,7.023686263497945,8.023686263497932,7.523686263497939,JUNCTION,JUNCTION,True,NONE,10,5,0.0,0.05,0.0,1.0,0.0,0.0,0.0,dropout_0.05
5,5,True,5,0,0,1.0,1.0,1.0,0.6471676533537709,0.5862025845595749,1.3000000000000056,8.023686263497945,7.023686263497933,7.523686263497939,JUNCTION,JUNCTION,True,NONE,11,5,0.0,0.05,0.0,1.0,0.0,0.0,0.0,dropout_0.05
5,5,True,5,0,0,1.0,1.0,1.0,0.6143403086184347,0.5862025845595754,0.6000000000000056,7.6236862634979445,8.823686263497933,8.223686263497939,JUNCTION,JUNCTION,True,NONE,12,5,0.0,0.05,0.0,1.0,0.0,0.0,0.0,dropout_0.05
5,5,True,5,0,0,1.0,1.0,1.0,0.5862025845595751,0.5862025845595744,5.684341886080802e-15,8.823686263497944,8.823686263497933,8.823686263497938,JUNCTION,JUNCTION,True,NONE,13,5,0.0,0.05,0.0,1.0,0.0,0.0,0.0,dropout_0.05
5,5,True,5,0,0,1.0,1.0,1.0,0.6330987913243412,0.5862025845595744,0.8000000000000057,8.623686263497945,7.023686263497933,7.8236862634979385,JUNCTION,JUNCTION,True,NONE,14,5,0.0,0.05,0.0,1.0,0.0,0.0,0.0,dropout_0.05
5,5,True,5,0,0,1.0,1.0,1.0,0.6377884120008176,0.5862025845595749,0.9000000000000057,8.623686263497945,6.823686263497933,7.723686263497939,JUNCTION,JUNCTION,True,NONE,15,5,0.0,0.05,0.0,1.0,0.0,0.0,0.0,dropout_0.05
5,5,True,5,0,0,1.0,1.0,1.0,0.5862025845595751,0.5862025845595744,5.684341886080802e-15,8.823686263497944,8.823686263497933,8.823686263497938,JUNCTION,JUNCTION,True,NONE,16,5,0.0,0.05,0.0,1.0,0.0,0.0,0.0,dropout_0.05
5,5,True,5,0,0,1.0,1.0,1.0,0.6002714465890049,0.5862025845595744,0.3000000000000057,8.223686263497944,8.823686263497933,8.52368626349794,JUNCTION,JUNCTION,True,NONE,17,5,0.0,0.05,0.0,1.0,0.0,0.0,0.0,dropout_0.05
5,5,True,5,0,0,1.0,1.0,1.0,0.6565468947067241,0.5862025845595752,0.9000000000000057,6.423686263497944,8.223686263497934,7.3236862634979385,JUNCTION,JUNCTION,True,NONE,18,5,0.0,0.05,0.0,1.0,0.0,0.0,0.0,dropout_0.05
5,5,True,5,0,0,1.0,1.0,1.0,0.6893742394420603,0.5862025845595752,2.1999999999999944,4.423686263497944,8.823686263497933,6.623686263497939,JUNCTION,JUNCTION,True,NONE,19,5,0.0,0.05,0.0,1.0,0.0,0.0,0.0,dropout_0.05
5,5,True,5,0,0,1.0,1.0,1.0,0.6659261360596773,0.5862025845595752,0.9000000000000057,7.823686263497945,6.423686263497933,7.123686263497939,JUNCTION,JUNCTION,True,NONE,20,5,0.0,0.05,0.0,1.0,0.0,0.0,0.0,dropout_0.05
5,5,True,5,0,0,1.0,1.0,1.0,0.6799949980891071,0.5862025845595744,0.4000000000000057,6.423686263497944,7.2236862634979335,6.8236862634979385,JUNCTION,JUNCTION,True,NONE,21,5,0.0,0.05,0.0,1.0,0.0,0.0,0.0,dropout_0.05
5,5,True,5,0,0,1.0,1.0,1.0,0.6096506879419581,0.5862025845595744,0.5000000000000057,7.823686263497945,8.823686263497933,8.323686263497938,JUNCTION,JUNCTION,True,NONE,22,5,0.0,0.05,0.0,1.0,0.0,0.0,0.0,dropout_0.05
5,5,True,5,0,0,1.0,1.0,1.0,0.6424780326772943,0.5862025845595744,1.1999999999999944,7.6236862634979445,7.623686263497933,7.623686263497939,JUNCTION,JUNCTION,True,NONE,23,5,0.0,0.05,0.0,1.0,0.0,0.0,0.0,dropout_0.05
5,5,True,5,0,0,1.0,1.0,1.0,0.6096506879419581,0.5862025845595744,0.5000000000000057,8.823686263497944,7.823686263497933,8.323686263497938,JUNCTION,JUNCTION,True,NONE,24,5,0.0,0.05,0.0,1.0,0.0,0.0,0.0,dropout_0.05
5,5,True,5,0,0,1.0,1.0,1.0,0.6471676533537709,0.5862025845595754,0.7000000000000057,7.423686263497944,7.623686263497933,7.523686263497939,JUNCTION,JUNCTION,True,NONE,25,5,0.0,0.05,0.0,1.0,0.0,0.0,0.0,dropout_0.05
5,5,True,5,0,0,1.0,1.0,1.0,0.6096506879419581,0.5862025845595749,0.5000000000000057,8.823686263497944,7.823686263497933,8.323686263497938,JUNCTION,JUNCTION,True,NONE,26,5,0.0,0.05,0.0,1.0,0.0,0.0,0.0,dropout_0.05
2,3,False,2,1,0,0.6666666666666666,1.0,0.8,0.4963111695157745,0.3703814697878914,1.25,15.74898859588859,18.24898859588859,16.99898859588859,CORRIDOR,JUNCTION,False,opening_count_mismatch;false_positive_opening;low_opening_iou;topology_mismatch,7,2,0.0,0.15,0.0,1.0,0.0,0.0,0.0,dropout_0.15
2,2,True,2,0,0,1.0,1.0,1.0,0.5259416870988057,0.47408828132850095,4.75,17.24898859588859,14.74898859588859,15.99898859588859,CORRIDOR,CORRIDOR,True,low_opening_iou,8,2,0.0,0.15,0.0,1.0,0.0,0.0,0.0,dropout_0.15
2,2,True,2,0,0,1.0,1.0,1.0,0.47408828132850095,0.42964250495395395,1.5,19.24898859588859,16.24898859588859,17.74898859588859,CORRIDOR,CORRIDOR,True,low_opening_iou,9,2,0.0,0.15,0.0,1.0,0.0,0.0,0.0,dropout_0.15
2,2,True,2,0,0,1.0,1.0,1.0,0.6592790162224467,0.6370561280351731,1.75,9.74898859588859,13.24898859588859,11.49898859588859,CORRIDOR,CORRIDOR,True,NONE,10,2,0.0,0.15,0.0,1.0,0.0,0.0,0.0,dropout_0.15
2,2,True,2,0,0,1.0,1.0,1.0,0.44445776374546964,0.4148272461624383,0.5,18.74898859588859,18.74898859588859,18.74898859588859,CORRIDOR,CORRIDOR,True,low_opening_iou,11,2,0.0,0.15,0.0,1.0,0.0,0.0,0.0,dropout_0.15
2,4,False,2,2,0,0.5,1.0,0.6666666666666666,0.45927302253698526,0.45927302253698526,1.0,18.24898859588859,18.24898859588859,18.24898859588859,CORRIDOR,JUNCTION,False,opening_count_mismatch;false_positive_opening;low_opening_iou;topology_mismatch,12,2,0.0,0.15,0.0,1.0,0.0,0.0,0.0,dropout_0.15
2,3,False,2,1,0,0.6666666666666666,1.0,0.8,0.5777950928691105,0.5037187989115323,3.5,10.74898859588859,17.74898859588859,14.24898859588859,CORRIDOR,JUNCTION,False,opening_count_mismatch;false_positive_opening;topology_mismatch,13,2,0.0,0.15,0.0,1.0,0.0,0.0,0.0,dropout_0.15
2,2,True,2,0,0,1.0,1.0,1.0,0.51112642830729,0.5037187989115323,3.25,15.74898859588859,17.24898859588859,16.49898859588859,CORRIDOR,CORRIDOR,True,NONE,14,2,0.0,0.15,0.0,1.0,0.0,0.0,0.0,dropout_0.15
2,2,True,2,0,0,1.0,1.0,1.0,0.4370501343497118,0.42964250495395395,2.25,18.74898859588859,19.24898859588859,18.99898859588859,CORRIDOR,CORRIDOR,True,low_opening_iou,15,2,0.0,0.15,0.0,1.0,0.0,0.0,0.0,dropout_0.15
2,3,False,2,1,0,0.6666666666666666,1.0,0.8,0.518534057703048,0.44445776374546964,1.5,15.24898859588859,17.24898859588859,16.24898859588859,CORRIDOR,JUNCTION,False,opening_count_mismatch;false_positive_opening;low_opening_iou;topology_mismatch,16,2,0.0,0.15,0.0,1.0,0.0,0.0,0.0,dropout_0.15
2,2,True,2,0,0,1.0,1.0,1.0,0.5926103516606261,0.4889035401200166,2.5,16.24898859588859,11.24898859588859,13.74898859588859,CORRIDOR,CORRIDOR,True,low_opening_iou,17,2,0.0,0.15,0.0,1.0,0.0,0.0,0.0,dropout_0.15
2,3,False,2,1,0,0.6666666666666666,1.0,0.8,0.4592730225369853,0.44445776374546964,3.5,17.24898859588859,19.24898859588859,18.24898859588859,CORRIDOR,JUNCTION,False,opening_count_mismatch;false_positive_opening;low_opening_iou;topology_mismatch,18,2,0.0,0.15,0.0,1.0,0.0,0.0,0.0,dropout_0.15
2,4,False,2,2,0,0.5,1.0,0.6666666666666666,0.4889035401200166,0.44445776374546964,4.0,15.74898859588859,18.74898859588859,17.24898859588859,CORRIDOR,JUNCTION,False,opening_count_mismatch;false_positive_opening;low_opening_iou;topology_mismatch,19,2,0.0,0.15,0.0,1.0,0.0,0.0,0.0,dropout_0.15
2,3,False,2,1,0,0.6666666666666666,1.0,0.8,0.5037187989115323,0.4148272461624383,3.5,20.24898859588859,13.24898859588859,16.74898859588859,CORRIDOR,JUNCTION,False,opening_count_mismatch;false_positive_opening;low_opening_iou;topology_mismatch,20,2,0.0,0.15,0.0,1.0,0.0,0.0,0.0,dropout_0.15
2,2,True,2,0,0,1.0,1.0,1.0,0.4148272461624383,0.3703814697878914,1.5,18.24898859588859,21.24898859588859,19.74898859588859,CORRIDOR,CORRIDOR,True,low_opening_iou,21,2,0.0,0.15,0.0,1.0,0.0,0.0,0.0,dropout_0.15
2,2,True,2,0,0,1.0,1.0,1.0,0.4889035401200166,0.385196728579407,2.5,19.74898859588859,14.74898859588859,17.24898859588859,CORRIDOR,CORRIDOR,True,low_opening_iou,22,2,0.0,0.15,0.0,1.0,0.0,0.0,0.0,dropout_0.15
2,2,True,2,0,0,1.0,1.0,1.0,0.4889035401200166,0.45927302253698526,3.0,14.24898859588859,20.24898859588859,17.24898859588859,CORRIDOR,CORRIDOR,True,low_opening_iou,23,2,0.0,0.15,0.0,1.0,0.0,0.0,0.0,dropout_0.15
2,2,True,2,0,0,1.0,1.0,1.0,0.5629798340775949,0.518534057703048,3.5,16.24898859588859,13.24898859588859,14.74898859588859,CORRIDOR,CORRIDOR,True,NONE,24,2,0.0,0.15,0.0,1.0,0.0,0.0,0.0,dropout_0.15
2,2,True,2,0,0,1.0,1.0,1.0,0.4666806519327431,0.42964250495395395,3.25,16.74898859588859,19.24898859588859,17.99898859588859,CORRIDOR,CORRIDOR,True,low_opening_iou,25,2,0.0,0.15,0.0,1.0,0.0,0.0,0.0,dropout_0.15
2,2,True,2,0,0,1.0,1.0,1.0,0.44445776374546964,0.44445776374546964,2.5,18.74898859588859,18.74898859588859,18.74898859588859,CORRIDOR,CORRIDOR,True,low_opening_iou,26,2,0.0,0.15,0.0,1.0,0.0,0.0,0.0,dropout_0.15
3,3,True,3,0,0,1.0,1.0,1.0,0.47408828132850095,0.40001198737092264,0.49999999999998107,17.24898859588861,18.248988595888573,17.74898859588859,JUNCTION,JUNCTION,True,low_opening_iou,7,3,0.0,0.15,0.0,1.0,0.0,0.0,0.0,dropout_0.15
3,3,True,3,0,0,1.0,1.0,1.0,0.5037187989115323,0.45927302253698526,4.166666666666647,16.582321929221944,16.915655262555237,16.74898859588859,JUNCTION,JUNCTION,True,low_opening_iou,8,3,0.0,0.15,0.0,1.0,0.0,0.0,0.0,dropout_0.15
3,3,True,3,0,0,1.0,1.0,1.0,0.43458092455112585,0.4148272461624382,1.4999999999999811,19.24898859588861,18.915655262555237,19.082321929221923,JUNCTION,JUNCTION,True,low_opening_iou,9,3,0.0,0.15,0.0,1.0,0.0,0.0,0.0,dropout_0.15
3,3,True,3,0,0,1.0,1.0,1.0,0.5284108968973916,0.42964250495395395,2.3333333333333144,13.582321929221942,18.248988595888573,15.915655262555257,JUNCTION,JUNCTION,True,low_opening_iou,10,3,0.0,0.15,0.0,1.0,0.0,0.0,0.0,dropout_0.15
3,3,True,3,0,0,1.0,1.0,1.0,0.48396512052284474,0.4148272461624383,1.5000000000000189,18.582321929221944,16.248988595888573,17.41565526255526,JUNCTION,JUNCTION,True,low_opening_iou,11,3,0.0,0.15,0.0,1.0,0.0,0.0,0.0,dropout_0.15
3,3,True,3,0,0,1.0,1.0,1.0,0.4493961833426415,0.40001198737092264,1.3333333333333524,19.915655262555276,17.248988595888573,18.582321929221923,JUNCTION,JUNCTION,True,low_opening_iou,12,3,0.0,0.15,0.0,1.0,0.0,0.0,0.0,dropout_0.15
3,4,False,3,1,0,0.75,1.0,0.8571428571428571,0.5333493164945634,0.5037187989115323,2.1666666666666856,14.582321929221942,16.915655262555237,15.74898859588859,JUNCTION,JUNCTION,True,opening_count_mismatch;false_positive_opening,13,3,0.0,0.15,0.0,1.0,0.0,0.0,0.0,dropout_0.15
3,3,True,3,0,0,1.0,1.0,1.0,0.4938419597171884,0.4296425049539539,1.5000000000000189,18.582321929221944,15.582321929221905,17.082321929221923,JUNCTION,JUNCTION,True,low_opening_iou,14,3,0.0,0.15,0.0,1.0,0.0,0.0,0.0,dropout_0.15
3,3,True,3,0,0,1.0,1.0,1.0,0.4938419597171884,0.4296425049539539,2.499999999999981,16.582321929221944,17.582321929221905,17.082321929221923,JUNCTION,JUNCTION,True,low_opening_iou,15,3,0.0,0.15,0.0,1.0,0.0,0.0,0.0,dropout_0.15
3,4,False,3,1,0,0.75,1.0,0.8571428571428571,0.5679182536747668,0.44445776374546964,1.3333333333333524,15.915655262555276,13.248988595888571,14.582321929221925,JUNCTION,JUNCTION,True,opening_count_mismatch;false_positive_opening;low_opening_iou,16,3,0.0,0.15,0.0,1.0,0.0,0.0,0.0,dropout_0.15
3,3,True,3,0,0,1.0,1.0,1.0,0.4987803793143603,0.3703814697878914,1.6666666666666476,15.24898859588861,18.582321929221905,16.91565526255526,JUNCTION,JUNCTION,True,low_opening_iou,17,3,0.0,0.15,0.0,1.0,0.0,0.0,0.0,dropout_0.15
3,4,False,3,1,0,0.75,1.0,0.8571428571428571,0.4395193441482978,0.4000119873709226,1.3333333333333144,19.582321929221944,18.248988595888573,18.91565526255526,JUNCTION,JUNCTION,True,opening_count_mismatch;false_positive_opening;low_opening_iou,18,3,0.0,0.15,0.0,1.0,0.0,0.0,0.0,dropout_0.15
3,3,True,3,0,0,1.0,1.0,1.0,0.4493961833426415,0.4296425049539539,1.6666666666666476,19.582321929221944,17.582321929221905,18.582321929221923,JUNCTION,JUNCTION,True,low_opening_iou,19,3,0.0,0.15,0.0,1.0,0.0,0.0,0.0,dropout_0.15
3,3,True,3,0,0,1.0,1.0,1.0,0.4444577637454696,0.4148272461624383,1.8333333333333144,18.582321929221944,18.915655262555237,18.74898859588859,JUNCTION,JUNCTION,True,low_opening_iou,20,3,0.0,0.15,0.0,1.0,0.0,0.0,0.0,dropout_0.15
3,3,True,3,0,0,1.0,1.0,1.0,0.4987803793143603,0.45927302253698526,3.6666666666666856,16.24898859588861,17.582321929221905,16.91565526255526,JUNCTION,JUNCTION,True,low_opening_iou,21,3,0.0,0.15,0.0,1.0,0.0,0.0,0.0,dropout_0.15
3,3,True,3,0,0,1.0,1.0,1.0,0.46421144213415716,0.4000119873709226,2.1666666666666856,19.582321929221944,16.582321929221905,18.082321929221923,JUNCTION,JUNCTION,True,low_opening_iou,22,3,0.0,0.15,0.0,1.0,0.0,0.0,0.0,dropout_0.15
3,3,True,3,0,0,1.0,1.0,1.0,0.4395193441482977,0.40001198737092264,1.0000000000000189,19.24898859588861,18.582321929221905,18.91565526255526,JUNCTION,JUNCTION,True,low_opening_iou,23,3,0.0,0.15,0.0,1.0,0.0,0.0,0.0,dropout_0.15
3,3,True,3,0,0,1.0,1.0,1.0,0.45433460293981337,0.4296425049539539,1.5000000000000189,19.582321929221944,17.248988595888573,18.41565526255526,JUNCTION,JUNCTION,True,low_opening_iou,24,3,0.0,0.15,0.0,1.0,0.0,0.0,0.0,dropout_0.15
3,3,True,3,0,0,1.0,1.0,1.0,0.42470408535678206,0.3703814697878914,1.4999999999999811,20.582321929221944,18.248988595888573,19.41565526255526,JUNCTION,JUNCTION,True,low_opening_iou,25,3,0.0,0.15,0.0,1.0,0.0,0.0,0.0,dropout_0.15
3,3,True,3,0,0,1.0,1.0,1.0,0.5333493164945635,0.44445776374546964,2.8333333333333144,14.582321929221942,16.915655262555237,15.74898859588859,JUNCTION,JUNCTION,True,low_opening_iou,26,3,0.0,0.15,0.0,1.0,0.0,0.0,0.0,dropout_0.15
4,4,True,4,0,0,1.0,1.0,1.0,0.5455750906946051,0.4623517717750887,1.75,12.035691789412297,12.535691789412283,12.28569178941229,JUNCTION,JUNCTION,True,low_opening_iou,7,4,0.0,0.15,0.0,1.0,0.0,0.0,0.0,dropout_0.15
4,4,True,4,0,0,1.0,1.0,1.0,0.6056808210253667,0.4623517717750892,3.125,12.035691789412297,9.285691789412283,10.66069178941229,JUNCTION,JUNCTION,True,low_opening_iou,8,4,0.0,0.15,0.0,1.0,0.0,0.0,0.0,dropout_0.15
4,4,True,4,0,0,1.0,1.0,1.0,0.5132104666703488,0.4993399135170963,0.875,12.785691789412297,13.535691789412283,13.16069178941229,JUNCTION,JUNCTION,True,low_opening_iou,9,4,0.0,0.15,0.0,1.0,0.0,0.0,0.0,dropout_0.15
4,4,True,4,0,0,1.0,1.0,1.0,0.6149278564608684,0.5363280552591034,2.625,13.035691789412297,7.785691789412283,10.41069178941229,JUNCTION,JUNCTION,True,NONE,10,4,0.0,0.15,0.0,1.0,0.0,0.0,0.0,dropout_0.15
4,4,True,4,0,0,1.0,1.0,1.0,0.6287984096141211,0.5178339843880999,1.75,10.035691789412297,10.035691789412283,10.03569178941229,JUNCTION,JUNCTION,True,NONE,11,4,0.0,0.15,0.0,1.0,0.0,0.0,0.0,dropout_0.15
4,4,True,4,0,0,1.0,1.0,1.0,0.5779397147188613,0.4623517717750892,1.375,12.285691789412297,10.535691789412283,11.41069178941229,JUNCTION,JUNCTION,True,low_opening_iou,12,4,0.0,0.15,0.0,1.0,0.0,0.0,0.0,dropout_0.15
4,4,True,4,0,0,1.0,1.0,1.0,0.5825632324366122,0.5178339843880999,2.0,11.035691789412297,11.535691789412283,11.28569178941229,JUNCTION,JUNCTION,True,NONE,13,4,0.0,0.15,0.0,1.0,0.0,0.0,0.0,dropout_0.15
4,4,True,4,0,0,1.0,1.0,1.0,0.628798409614121,0.48084584264609276,2.5,8.785691789412297,11.285691789412283,10.03569178941229,JUNCTION,JUNCTION,True,low_opening_iou,14,4,0.0,0.15,0.0,1.0,0.0,0.0,0.0,dropout_0.15
4,4,True,4,0,0,1.0,1.0,1.0,0.5270810198236014,0.4623517717750892,1.75,13.285691789412297,12.285691789412283,12.78569178941229,JUNCTION,JUNCTION,True,low_opening_iou,15,4,0.0,0.15,0.0,1.0,0.0,0.0,0.0,dropout_0.15
4,4,True,4,0,0,1.0,1.0,1.0,0.591810267872114,0.4623517717750892,1.75,9.535691789412297,12.535691789412283,11.03569178941229,JUNCTION,JUNCTION,True,low_opening_iou,16,4,0.0,0.15,0.0,1.0,0.0,0.0,0.0,dropout_0.15
4,4,True,4,0,0,1.0,1.0,1.0,0.550198608412356,0.4623517717750892,2.375,11.785691789412297,12.535691789412283,12.16069178941229,JUNCTION,JUNCTION,True,low_opening_iou,17,4,0.0,0.15,0.0,1.0,0.0,0.0,0.0,dropout_0.15
4,4,True,4,0,0,1.0,1.0,1.0,0.4900928780815944,0.48084584264609226,0.5,14.035691789412297,13.535691789412283,13.78569178941229,JUNCTION,JUNCTION,True,low_opening_iou,18,4,0.0,0.15,0.0,1.0,0.0,0.0,0.0,dropout_0.15
4,4,True,4,0,0,1.0,1.0,1.0,0.5363280552591033,0.4623517717750887,2.0,14.535691789412297,10.535691789412283,12.53569178941229,JUNCTION,JUNCTION,True,low_opening_iou,19,4,0.0,0.15,0.0,1.0,0.0,0.0,0.0,dropout_0.15
4,4,True,4,0,0,1.0,1.0,1.0,0.5825632324366121,0.5178339843880999,2.25,12.785691789412297,9.785691789412283,11.28569178941229,JUNCTION,JUNCTION,True,NONE,20,4,0.0,0.15,0.0,1.0,0.0,0.0,0.0,dropout_0.15
4,4,True,4,0,0,1.0,1.0,1.0,0.5686926792833595,0.4623517717750887,1.875,12.035691789412297,11.285691789412283,11.66069178941229,JUNCTION,JUNCTION,True,low_opening_iou,21,4,0.0,0.15,0.0,1.0,0.0,0.0,0.0,dropout_0.15
4,4,True,4,0,0,1.0,1.0,1.0,0.5178339843880998,0.4623517717750892,1.5,11.785691789412297,14.285691789412283,13.03569178941229,JUNCTION,JUNCTION,True,low_opening_iou,22,4,0.0,0.15,0.0,1.0,0.0,0.0,0.0,dropout_0.15
4,4,True,4,0,0,1.0,1.0,1.0,0.5270810198236014,0.4623517717750892,0.5,12.285691789412297,13.285691789412283,12.78569178941229,JUNCTION,JUNCTION,True,low_opening_iou,23,4,0.0,0.15,0.0,1.0,0.0,0.0,0.0,dropout_0.15
4,4,True,4,0,0,1.0,1.0,1.0,0.6103043387431175,0.5363280552591034,2.25,11.535691789412297,9.535691789412283,10.53569178941229,JUNCTION,JUNCTION,True,NONE,24,4,0.0,0.15,0.0,1.0,0.0,0.0,0.0,dropout_0.15
4,4,True,4,0,0,1.0,1.0,1.0,0.4808458426460926,0.4623517717750892,0.5,14.535691789412297,13.535691789412283,14.03569178941229,JUNCTION,JUNCTION,True,low_opening_iou,25,4,0.0,0.15,0.0,1.0,0.0,0.0,0.0,dropout_0.15
4,4,True,4,0,0,1.0,1.0,1.0,0.5733161970011105,0.5178339843880999,2.5,10.285691789412297,12.785691789412283,11.53569178941229,JUNCTION,JUNCTION,True,NONE,26,4,0.0,0.15,0.0,1.0,0.0,0.0,0.0,dropout_0.15
5,5,True,5,0,0,1.0,1.0,1.0,0.7315808255303498,0.6565468947067238,1.5000000000000058,6.6236862634979445,4.823686263497933,5.723686263497939,JUNCTION,JUNCTION,True,NONE,7,5,0.0,0.15,0.0,1.0,0.0,0.0,0.0,dropout_0.15
5,5,True,5,0,0,1.0,1.0,1.0,0.7569146621574967,0.6330987913243417,2.7999999999999945,5.823686263497945,4.764737252699598,5.294211758098771,JUNCTION,JUNCTION,True,NONE,8,5,0.0,0.15,0.0,1.0,0.0,0.0,0.0,dropout_0.15
5,5,True,5,0,0,1.0,1.0,1.0,0.6330987913243411,0.5862025845595756,0.8000000000000057,7.023686263497945,8.623686263497934,7.8236862634979385,JUNCTION,JUNCTION,True,NONE,9,5,0.0,0.15,0.0,1.0,0.0,0.0,0.0,dropout_0.15
5,5,True,5,0,0,1.0,1.0,1.0,0.6987534807950135,0.6096506879419579,1.8000000000000056,6.823686263497945,6.023686263497933,6.423686263497939,JUNCTION,JUNCTION,True,NONE,10,5,0.0,0.15,0.0,1.0,0.0,0.0,0.0,dropout_0.15
5,5,True,5,0,0,1.0,1.0,1.0,0.6987534807950135,0.6565468947067242,2.0000000000000058,6.223686263497944,6.623686263497933,6.423686263497939,JUNCTION,JUNCTION,True,NONE,11,5,0.0,0.15,0.0,1.0,0.0,0.0,0.0,dropout_0.15
5,5,True,5,0,0,1.0,1.0,1.0,0.7362704462068264,0.6330987913243417,1.1999999999999944,5.223686263497944,6.023686263497933,5.623686263497939,JUNCTION,JUNCTION,True,NONE,12,5,0.0,0.15,0.0,1.0,0.0,0.0,0.0,dropout_0.15
5,5,True,5,0,0,1.0,1.0,1.0,0.6565468947067241,0.5862025845595754,0.7000000000000057,7.423686263497944,7.2236862634979335,7.3236862634979385,JUNCTION,JUNCTION,True,NONE,13,5,0.0,0.15,0.0,1.0,0.0,0.0,0.0,dropout_0.15
5,5,True,5,0,0,1.0,1.0,1.0,0.7160320474232884,0.5862025845595754,2.2000000000000055,7.6236862634979445,4.494211758098748,6.058949010798346,JUNCTION,JUNCTION,True,NONE,14,5,0.0,0.15,0.0,1.0,0.0,0.0,0.0,dropout_0.15
5,5,True,5,0,0,1.0,1.0,1.0,0.6846846187655837,0.5862025845595756,1.9000000000000057,6.6236862634979445,6.823686263497933,6.723686263497939,JUNCTION,JUNCTION,True,NONE,15,5,0.0,0.15,0.0,1.0,0.0,0.0,0.0,dropout_0.15
5,5,True,5,0,0,1.0,1.0,1.0,0.7034431014714901,0.5862025845595754,0.7000000000000057,6.423686263497944,6.2236862634979335,6.3236862634979385,JUNCTION,JUNCTION,True,NONE,16,5,0.0,0.15,0.0,1.0,0.0,0.0,0.0,dropout_0.15
5,5,True,5,0,0,1.0,1.0,1.0,0.6565468947067241,0.5862025845595754,1.5000000000000058,7.023686263497945,7.623686263497933,7.3236862634979385,JUNCTION,JUNCTION,True,NONE,17,5,0.0,0.15,0.0,1.0,0.0,0.0,0.0,dropout_0.15
5,5,True,5,0,0,1.0,1.0,1.0,0.7081327221479667,0.5862025845595754,1.0000000000000058,6.423686263497944,6.023686263497933,6.223686263497939,JUNCTION,JUNCTION,True,NONE,18,5,0.0,0.15,0.0,1.0,0.0,0.0,0.0,dropout_0.15
5,5,True,5,0,0,1.0,1.0,1.0,0.7362704462068264,0.6799949980891075,1.9999999999999942,5.223686263497944,6.023686263497933,5.623686263497939,JUNCTION,JUNCTION,True,NONE,19,5,0.0,0.15,0.0,1.0,0.0,0.0,0.0,dropout_0.15
5,5,True,5,0,0,1.0,1.0,1.0,0.7299850607788099,0.6096506879419579,1.0999999999999943,6.094211758098771,5.423686263497933,5.758949010798352,JUNCTION,JUNCTION,True,NONE,20,5,0.0,0.15,0.0,1.0,0.0,0.0,0.0,dropout_0.15
5,5,True,5,0,0,1.0,1.0,1.0,0.726891204853873,0.6096506879419584,1.0000000000000058,5.023686263497945,6.623686263497933,5.8236862634979385,JUNCTION,JUNCTION,True,NONE,21,5,0.0,0.15,0.0,1.0,0.0,0.0,0.0,dropout_0.15
5,5,True,5,0,0,1.0,1.0,1.0,0.6846846187655837,0.5862025845595756,1.5000000000000058,5.223686263497944,8.223686263497934,6.723686263497939,JUNCTION,JUNCTION,True,NONE,22,5,0.0,0.15,0.0,1.0,0.0,0.0,0.0,dropout_0.15
5,5,True,5,0,0,1.0,1.0,1.0,0.6846846187655837,0.5862025845595752,1.6999999999999944,5.423686263497944,8.023686263497932,6.723686263497939,JUNCTION,JUNCTION,True,NONE,23,5,0.0,0.15,0.0,1.0,0.0,0.0,0.0,dropout_0.15
5,5,True,5,0,0,1.0,1.0,1.0,0.7315808255303498,0.6799949980891072,1.9000000000000057,7.6236862634979445,3.823686263497933,5.723686263497939,JUNCTION,JUNCTION,True,NONE,24,5,0.0,0.15,0.0,1.0,0.0,0.0,0.0,dropout_0.15
5,5,True,5,0,0,1.0,1.0,1.0,0.6893742394420603,0.5862025845595752,0.7999999999999943,6.423686263497944,6.823686263497933,6.623686263497939,JUNCTION,JUNCTION,True,NONE,25,5,0.0,0.15,0.0,1.0,0.0,0.0,0.0,dropout_0.15
5,5,True,5,0,0,1.0,1.0,1.0,0.6706157567361539,0.5862025845595754,1.2000000000000057,8.223686263497944,5.823686263497933,7.023686263497939,JUNCTION,JUNCTION,True,NONE,26,5,0.0,0.15,0.0,1.0,0.0,0.0,0.0,dropout_0.15
2,2,True,2,0,0,1.0,1.0,1.0,0.3703814697878914,0.3703814697878914,0.0,21.24898859588859,21.24898859588859,21.24898859588859,CORRIDOR,CORRIDOR,True,low_opening_iou,7,2,0.0,0.0,0.4,1.0,0.0,0.0,0.0,occlusion_0.40
2,2,True,2,0,0,1.0,1.0,1.0,0.4592730225369853,0.3703814697878914,3.0,21.24898859588859,15.24898859588859,18.24898859588859,CORRIDOR,CORRIDOR,True,low_opening_iou,8,2,0.0,0.0,0.4,1.0,0.0,0.0,0.0,occlusion_0.40
2,2,True,2,0,0,1.0,1.0,1.0,0.3703814697878914,0.3703814697878914,0.0,21.24898859588859,21.24898859588859,21.24898859588859,CORRIDOR,CORRIDOR,True,low_opening_iou,9,2,0.0,0.0,0.4,1.0,0.0,0.0,0.0,occlusion_0.40
2,2,True,2,0,0,1.0,1.0,1.0,0.3703814697878914,0.3703814697878914,0.0,21.24898859588859,21.24898859588859,21.24898859588859,CORRIDOR,CORRIDOR,True,low_opening_iou,10,2,0.0,0.0,0.4,1.0,0.0,0.0,0.0,occlusion_0.40
2,2,True,2,0,0,1.0,1.0,1.0,0.4279701558498388,0.3703814697878914,12.25,21.24898859588859,24.5,22.874494297944295,CORRIDOR,CORRIDOR,True,low_opening_iou,11,2,0.0,0.0,0.4,1.0,0.0,0.0,0.0,occlusion_0.40
2,2,True,2,0,0,1.0,1.0,1.0,0.5151007404104297,0.3703814697878914,7.25,16.24898859588859,19.5,17.874494297944295,CORRIDOR,CORRIDOR,True,low_opening_iou,12,2,0.0,0.0,0.4,1.0,0.0,0.0,0.0,occlusion_0.40
2,2,True,2,0,0,1.0,1.0,1.0,0.3703814697878914,0.3703814697878914,0.0,21.24898859588859,21.24898859588859,21.24898859588859,CORRIDOR,CORRIDOR,True,low_opening_iou,13,2,0.0,0.0,0.4,1.0,0.0,0.0,0.0,occlusion_0.40
2,2,True,2,0,0,1.0,1.0,1.0,0.3703814697878914,0.3703814697878914,0.0,21.24898859588859,21.24898859588859,21.24898859588859,CORRIDOR,CORRIDOR,True,low_opening_iou,14,2,0.0,0.0,0.4,1.0,0.0,0.0,0.0,occlusion_0.40
2,2,True,2,0,0,1.0,1.0,1.0,0.3703814697878914,0.3703814697878914,0.0,21.24898859588859,21.24898859588859,21.24898859588859,CORRIDOR,CORRIDOR,True,low_opening_iou,15,2,0.0,0.0,0.4,1.0,0.0,0.0,0.0,occlusion_0.40
2,2,True,2,0,0,1.0,1.0,1.0,0.3703814697878914,0.3703814697878914,0.0,21.24898859588859,21.24898859588859,21.24898859588859,CORRIDOR,CORRIDOR,True,low_opening_iou,16,2,0.0,0.0,0.4,1.0,0.0,0.0,0.0,occlusion_0.40
2,2,True,2,0,0,1.0,1.0,1.0,0.3703814697878914,0.3703814697878914,0.0,21.24898859588859,21.24898859588859,21.24898859588859,CORRIDOR,CORRIDOR,True,low_opening_iou,17,2,0.0,0.0,0.4,1.0,0.0,0.0,0.0,occlusion_0.40
2,3,False,2,1,0,0.6666666666666666,1.0,0.8,0.3703814697878914,0.3703814697878914,0.0,21.24898859588859,21.24898859588859,21.24898859588859,CORRIDOR,JUNCTION,False,opening_count_mismatch;false_positive_opening;low_opening_iou;topology_mismatch,18,2,0.0,0.0,0.4,1.0,0.0,0.0,0.0,occlusion_0.40
2,2,True,2,0,0,1.0,1.0,1.0,0.3703814697878914,0.3703814697878914,0.0,21.24898859588859,21.24898859588859,21.24898859588859,CORRIDOR,CORRIDOR,True,low_opening_iou,19,2,0.0,0.0,0.4,1.0,0.0,0.0,0.0,occlusion_0.40
2,2,True,2,0,0,1.0,1.0,1.0,0.43705013434971185,0.3703814697878914,0.25,19.24898859588859,18.74898859588859,18.99898859588859,CORRIDOR,CORRIDOR,True,low_opening_iou,20,2,0.0,0.0,0.4,1.0,0.0,0.0,0.0,occlusion_0.40
2,2,True,2,0,0,1.0,1.0,1.0,0.3703814697878914,0.3703814697878914,0.0,21.24898859588859,21.24898859588859,21.24898859588859,CORRIDOR,CORRIDOR,True,low_opening_iou,21,2,0.0,0.0,0.4,1.0,0.0,0.0,0.0,occlusion_0.40
2,3,False,2,1,0,0.6666666666666666,1.0,0.8,0.3703814697878914,0.3703814697878914,0.0,21.24898859588859,21.24898859588859,21.24898859588859,CORRIDOR,JUNCTION,False,opening_count_mismatch;false_positive_opening;low_opening_iou;topology_mismatch,22,2,0.0,0.0,0.4,1.0,0.0,0.0,0.0,occlusion_0.40
2,2,True,2,0,0,1.0,1.0,1.0,0.3703814697878914,0.3703814697878914,0.0,21.24898859588859,21.24898859588859,21.24898859588859,CORRIDOR,CORRIDOR,True,low_opening_iou,23,2,0.0,0.0,0.4,1.0,0.0,0.0,0.0,occlusion_0.40
2,2,True,2,0,0,1.0,1.0,1.0,0.6119295759688564,0.3703814697878914,2.5,11.0,15.24898859588859,13.124494297944295,CORRIDOR,CORRIDOR,True,low_opening_iou,24,2,0.0,0.0,0.4,1.0,0.0,0.0,0.0,occlusion_0.40
2,2,True,2,0,0,1.0,1.0,1.0,0.4181854950934691,0.3703814697878914,13.25,21.24898859588859,26.5,23.874494297944295,CORRIDOR,CORRIDOR,True,low_opening_iou,25,2,0.0,0.0,0.4,1.0,0.0,0.0,0.0,occlusion_0.40
2,2,True,2,0,0,1.0,1.0,1.0,0.3703814697878914,0.3703814697878914,0.0,21.24898859588859,21.24898859588859,21.24898859588859,CORRIDOR,CORRIDOR,True,low_opening_iou,26,2,0.0,0.0,0.4,1.0,0.0,0.0,0.0,occlusion_0.40
3,3,True,3,0,0,1.0,1.0,1.0,0.3703814697878913,0.37038146978789127,1.8947806286936004e-14,21.24898859588861,21.248988595888573,21.24898859588859,JUNCTION,JUNCTION,True,low_opening_iou,7,3,0.0,0.0,0.4,1.0,0.0,0.0,0.0,occlusion_0.40
3,4,False,3,1,0,0.75,1.0,0.8571428571428571,0.3703814697878913,0.37038146978789127,1.8947806286936004e-14,21.24898859588861,21.248988595888573,21.24898859588859,JUNCTION,JUNCTION,True,opening_count_mismatch;false_positive_opening;low_opening_iou,8,3,0.0,0.0,0.4,1.0,0.0,0.0,0.0,occlusion_0.40
3,3,True,3,0,0,1.0,1.0,1.0,0.3703814697878913,0.37038146978789127,1.8947806286936004e-14,21.24898859588861,21.248988595888573,21.24898859588859,JUNCTION,JUNCTION,True,low_opening_iou,9,3,0.0,0.0,0.4,1.0,0.0,0.0,0.0,occlusion_0.40
3,3,True,3,0,0,1.0,1.0,1.0,0.3703814697878913,0.37038146978789127,1.8947806286936004e-14,21.24898859588861,21.248988595888573,21.24898859588859,JUNCTION,JUNCTION,True,low_opening_iou,10,3,0.0,0.0,0.4,1.0,0.0,0.0,0.0,occlusion_0.40
3,3,True,3,0,0,1.0,1.0,1.0,0.41586892952011495,0.37038146978789127,7.500000000000019,21.24898859588861,22.082996198629512,21.66599239725906,JUNCTION,JUNCTION,True,low_opening_iou,11,3,0.0,0.0,0.4,1.0,0.0,0.0,0.0,occlusion_0.40
3,3,True,3,0,0,1.0,1.0,1.0,0.3795357210117756,0.3703814697878914,11.666666666666648,30.416329531962845,21.248988595888573,25.832659063925707,JUNCTION,JUNCTION,True,low_opening_iou,12,3,0.0,0.0,0.4,1.0,0.0,0.0,0.0,occlusion_0.40
3,3,True,3,0,0,1.0,1.0,1.0,0.3703814697878913,0.37038146978789127,1.8947806286936004e-14,21.24898859588861,21.248988595888573,21.24898859588859,JUNCTION,JUNCTION,True,low_opening_iou,13,3,0.0,0.0,0.4,1.0,0.0,0.0,0.0,occlusion_0.40
3,3,True,3,0,0,1.0,1.0,1.0,0.3703814697878913,0.37038146978789127,1.8947806286936004e-14,21.24898859588861,21.248988595888573,21.24898859588859,JUNCTION,JUNCTION,True,low_opening_iou,14,3,0.0,0.0,0.4,1.0,0.0,0.0,0.0,occlusion_0.40
3,3,True,3,0,0,1.0,1.0,1.0,0.3703814697878913,0.37038146978789127,1.8947806286936004e-14,21.24898859588861,21.248988595888573,21.24898859588859,JUNCTION,JUNCTION,True,low_opening_iou,15,3,0.0,0.0,0.4,1.0,0.0,0.0,0.0,occlusion_0.40
3,3,True,3,0,0,1.0,1.0,1.0,0.3703814697878913,0.37038146978789127,1.8947806286936004e-14,21.24898859588861,21.248988595888573,21.24898859588859,JUNCTION,JUNCTION,True,low_opening_iou,16,3,0.0,0.0,0.4,1.0,0.0,0.0,0.0,occlusion_0.40
3,3,True,3,0,0,1.0,1.0,1.0,0.3703814697878913,0.37038146978789127,1.8947806286936004e-14,21.24898859588861,21.248988595888573,21.24898859588859,JUNCTION,JUNCTION,True,low_opening_iou,17,3,0.0,0.0,0.4,1.0,0.0,0.0,0.0,occlusion_0.40
3,3,True,3,0,0,1.0,1.0,1.0,0.44648772904427053,0.37038146978789127,5.166666666666686,17.416329531962884,21.248988595888573,19.33265906392573,JUNCTION,JUNCTION,True,low_opening_iou,18,3,0.0,0.0,0.4,1.0,0.0,0.0,0.0,occlusion_0.40
3,3,True,3,0,0,1.0,1.0,1.0,0.3703814697878913,0.37038146978789127,1.8947806286936004e-14,21.24898859588861,21.248988595888573,21.24898859588859,JUNCTION,JUNCTION,True,low_opening_iou,19,3,0.0,0.0,0.4,1.0,0.0,0.0,0.0,occlusion_0.40
3,3,True,3,0,0,1.0,1.0,1.0,0.4148272461624383,0.37038146978789127,0.16666666666668561,19.915655262555276,19.582321929221905,19.74898859588859,JUNCTION,JUNCTION,True,low_opening_iou,20,3,0.0,0.0,0.4,1.0,0.0,0.0,0.0,occlusion_0.40
3,3,True,3,0,0,1.0,1.0,1.0,0.3703814697878913,0.37038146978789127,1.8947806286936004e-14,21.24898859588861,21.248988595888573,21.24898859588859,JUNCTION,JUNCTION,True,low_opening_iou,21,3,0.0,0.0,0.4,1.0,0.0,0.0,0.0,occlusion_0.40
3,3,True,3,0,0,1.0,1.0,1.0,0.40877392716252264,0.3703814697878914,8.166666666666686,21.24898859588861,23.416329531962884,22.332659063925746,JUNCTION,JUNCTION,True,low_opening_iou,22,3,0.0,0.0,0.4,1.0,0.0,0.0,0.0,occlusion_0.40
3,3,True,3,0,0,1.0,1.0,1.0,0.3703814697878913,0.37038146978789127,1.8947806286936004e-14,21.24898859588861,21.248988595888573,21.24898859588859,JUNCTION,JUNCTION,True,low_opening_iou,23,3,0.0,0.0,0.4,1.0,0.0,0.0,0.0,occlusion_0.40
3,3,True,3,0,0,1.0,1.0,1.0,0.5314135405752014,0.37038146978789127,1.6666666666666856,14.416329531962882,17.248988595888573,15.832659063925727,JUNCTION,JUNCTION,True,low_opening_iou,24,3,0.0,0.0,0.4,1.0,0.0,0.0,0.0,occlusion_0.40
3,3,True,3,0,0,1.0,1.0,1.0,0.4122453416999044,0.3703814697878914,7.833333333333314,22.749662865296177,21.248988595888573,21.999325730592375,JUNCTION,JUNCTION,True,low_opening_iou,25,3,0.0,0.0,0.4,1.0,0.0,0.0,0.0,occlusion_0.40
3,3,True,3,0,0,1.0,1.0,1.0,0.3703814697878913,0.37038146978789127,1.8947806286936004e-14,21.24898859588861,21.248988595888573,21.24898859588859,JUNCTION,JUNCTION,True,low_opening_iou,26,3,0.0,0.0,0.4,1.0,0.0,0.0,0.0,occlusion_0.40
4,4,True,4,0,0,1.0,1.0,1.0,0.46235177177508907,0.4623517717750887,0.0,14.535691789412297,14.535691789412283,14.53569178941229,JUNCTION,JUNCTION,True,low_opening_iou,7,4,0.0,0.0,0.4,1.0,0.0,0.0,0.0,occlusion_0.40
4,4,True,4,0,0,1.0,1.0,1.0,0.5178339843880997,0.4623517717750892,1.5,14.535691789412297,11.535691789412283,13.03569178941229,JUNCTION,JUNCTION,True,low_opening_iou,8,4,0.0,0.0,0.4,1.0,0.0,0.0,0.0,occlusion_0.40
4,4,True,4,0,0,1.0,1.0,1.0,0.46235177177508907,0.4623517717750887,0.0,14.535691789412297,14.535691789412283,14.53569178941229,JUNCTION,JUNCTION,True,low_opening_iou,9,4,0.0,0.0,0.4,1.0,0.0,0.0,0.0,occlusion_0.40
4,4,True,4,0,0,1.0,1.0,1.0,0.46235177177508907,0.4623517717750887,0.0,14.535691789412297,14.535691789412283,14.53569178941229,JUNCTION,JUNCTION,True,low_opening_iou,10,4,0.0,0.0,0.4,1.0,0.0,0.0,0.0,occlusion_0.40
4,4,True,4,0,0,1.0,1.0,1.0,0.46368394550789177,0.4623517717750887,5.625,14.535691789412297,18.51784589470614,16.52676884205922,JUNCTION,JUNCTION,True,low_opening_iou,11,4,0.0,0.0,0.4,1.0,0.0,0.0,0.0,occlusion_0.40
4,4,True,4,0,0,1.0,1.0,1.0,0.5085696825162537,0.4623517717750892,3.375,12.035691789412297,16.51784589470614,14.27676884205922,JUNCTION,JUNCTION,True,low_opening_iou,12,4,0.0,0.0,0.4,1.0,0.0,0.0,0.0,occlusion_0.40
4,4,True,4,0,0,1.0,1.0,1.0,0.46235177177508907,0.4623517717750887,0.0,14.535691789412297,14.535691789412283,14.53569178941229,JUNCTION,JUNCTION,True,low_opening_iou,13,4,0.0,0.0,0.4,1.0,0.0,0.0,0.0,occlusion_0.40
4,4,True,4,0,0,1.0,1.0,1.0,0.46235177177508907,0.4623517717750887,0.0,14.535691789412297,14.535691789412283,14.53569178941229,JUNCTION,JUNCTION,True,low_opening_iou,14,4,0.0,0.0,0.4,1.0,0.0,0.0,0.0,occlusion_0.40
4,4,True,4,0,0,1.0,1.0,1.0,0.46235177177508907,0.4623517717750887,0.0,14.535691789412297,14.535691789412283,14.53569178941229,JUNCTION,JUNCTION,True,low_opening_iou,15,4,0.0,0.0,0.4,1.0,0.0,0.0,0.0,occlusion_0.40
4,4,True,4,0,0,1.0,1.0,1.0,0.46235177177508907,0.4623517717750887,0.0,14.535691789412297,14.535691789412283,14.53569178941229,JUNCTION,JUNCTION,True,low_opening_iou,16,4,0.0,0.0,0.4,1.0,0.0,0.0,0.0,occlusion_0.40
4,4,True,4,0,0,1.0,1.0,1.0,0.46235177177508907,0.4623517717750887,0.0,14.535691789412297,14.535691789412283,14.53569178941229,JUNCTION,JUNCTION,True,low_opening_iou,17,4,0.0,0.0,0.4,1.0,0.0,0.0,0.0,occlusion_0.40
4,4,True,4,0,0,1.0,1.0,1.0,0.4900928780815944,0.4623517717750887,0.25,14.035691789412297,13.535691789412283,13.78569178941229,JUNCTION,JUNCTION,True,low_opening_iou,18,4,0.0,0.0,0.4,1.0,0.0,0.0,0.0,occlusion_0.40
4,4,True,4,0,0,1.0,1.0,1.0,0.46235177177508907,0.4623517717750887,0.0,14.535691789412297,14.535691789412283,14.53569178941229,JUNCTION,JUNCTION,True,low_opening_iou,19,4,0.0,0.0,0.4,1.0,0.0,0.0,0.0,occlusion_0.40
4,4,True,4,0,0,1.0,1.0,1.0,0.5039634312348471,0.4623517717750887,0.125,13.535691789412297,13.285691789412283,13.41069178941229,JUNCTION,JUNCTION,True,low_opening_iou,20,4,0.0,0.0,0.4,1.0,0.0,0.0,0.0,occlusion_0.40
4,4,True,4,0,0,1.0,1.0,1.0,0.46235177177508907,0.4623517717750887,0.0,14.535691789412297,14.535691789412283,14.53569178941229,JUNCTION,JUNCTION,True,low_opening_iou,21,4,0.0,0.0,0.4,1.0,0.0,0.0,0.0,occlusion_0.40
4,4,True,4,0,0,1.0,1.0,1.0,0.5407957904223681,0.4623517717750887,1.75,12.285691789412297,13.017845894706142,12.65176884205922,JUNCTION,JUNCTION,True,low_opening_iou,22,4,0.0,0.0,0.4,1.0,0.0,0.0,0.0,occlusion_0.40
4,4,True,4,0,0,1.0,1.0,1.0,0.46235177177508907,0.4623517717750887,0.0,14.535691789412297,14.535691789412283,14.53569178941229,JUNCTION,JUNCTION,True,low_opening_iou,23,4,0.0,0.0,0.4,1.0,0.0,0.0,0.0,occlusion_0.40
4,4,True,4,0,0,1.0,1.0,1.0,0.5464040990463608,0.4623517717750887,1.625,13.517845894706156,11.535691789412283,12.52676884205922,JUNCTION,JUNCTION,True,low_opening_iou,24,4,0.0,0.0,0.4,1.0,0.0,0.0,0.0,occlusion_0.40
4,4,True,4,0,0,1.0,1.0,1.0,0.45840155083458084,0.4465508880130557,6.125,14.535691789412297,19.51784589470614,17.02676884205922,JUNCTION,JUNCTION,True,low_opening_iou,25,4,0.0,0.0,0.4,1.0,0.0,0.0,0.0,occlusion_0.40
4,4,True,4,0,0,1.0,1.0,1.0,0.46235177177508907,0.4623517717750887,0.0,14.535691789412297,14.535691789412283,14.53569178941229,JUNCTION,JUNCTION,True,low_opening_iou,26,4,0.0,0.0,0.4,1.0,0.0,0.0,0.0,occlusion_0.40
5,5,True,5,0,0,1.0,1.0,1.0,0.5862025845595751,0.5862025845595744,5.684341886080802e-15,8.823686263497944,8.823686263497933,8.823686263497938,JUNCTION,JUNCTION,True,NONE,7,5,0.0,0.0,0.4,1.0,0.0,0.0,0.0,occlusion_0.40
5,5,True,5,0,0,1.0,1.0,1.0,0.5801808652620247,0.5560939880718234,2.6999999999999944,10.694211758098765,8.823686263497933,9.75894901079835,JUNCTION,JUNCTION,True,NONE,8,5,0.0,0.0,0.4,1.0,0.0,0.0,0.0,occlusion_0.40
5,5,True,5,0,0,1.0,1.0,1.0,0.5862025845595751,0.5862025845595744,5.684341886080802e-15,8.823686263497944,8.823686263497933,8.823686263497938,JUNCTION,JUNCTION,True,NONE,9,5,0.0,0.0,0.4,1.0,0.0,0.0,0.0,occlusion_0.40
5,5,True,5,0,0,1.0,1.0,1.0,0.5862025845595751,0.5862025845595744,5.684341886080802e-15,8.823686263497944,8.823686263497933,8.823686263497938,JUNCTION,JUNCTION,True,NONE,10,5,0.0,0.0,0.4,1.0,0.0,0.0,0.0,occlusion_0.40
5,4,False,4,0,1,1.0,0.8,0.888888888888889,0.5195576935907824,0.3196230206844044,9.000000000000007,22.41184313174898,8.823686263497933,15.617764697623457,JUNCTION,JUNCTION,True,opening_count_mismatch;missed_opening;low_opening_iou,11,5,0.0,0.0,0.4,1.0,0.0,0.0,0.0,occlusion_0.40
5,4,False,4,0,1,1.0,0.8,0.888888888888889,0.5290073738590547,0.35742174175749325,8.499999999999993,22.411843131748967,7.823686263497926,15.117764697623446,JUNCTION,JUNCTION,True,opening_count_mismatch;missed_opening;low_opening_iou,12,5,0.0,0.0,0.4,1.0,0.0,0.0,0.0,occlusion_0.40
5,5,True,5,0,0,1.0,1.0,1.0,0.5862025845595751,0.5862025845595744,5.684341886080802e-15,8.823686263497944,8.823686263497933,8.823686263497938,JUNCTION,JUNCTION,True,NONE,13,5,0.0,0.0,0.4,1.0,0.0,0.0,0.0,occlusion_0.40
5,5,True,5,0,0,1.0,1.0,1.0,0.5862025845595751,0.5862025845595744,5.684341886080802e-15,8.823686263497944,8.823686263497933,8.823686263497938,JUNCTION,JUNCTION,True,NONE,14,5,0.0,0.0,0.4,1.0,0.0,0.0,0.0,occlusion_0.40
5,5,True,5,0,0,1.0,1.0,1.0,0.5862025845595751,0.5862025845595744,5.684341886080802e-15,8.823686263497944,8.823686263497933,8.823686263497938,JUNCTION,JUNCTION,True,NONE,15,5,0.0,0.0,0.4,1.0,0.0,0.0,0.0,occlusion_0.40
5,5,True,5,0,0,1.0,1.0,1.0,0.5862025845595751,0.5862025845595744,5.684341886080802e-15,8.823686263497944,8.823686263497933,8.823686263497938,JUNCTION,JUNCTION,True,NONE,16,5,0.0,0.0,0.4,1.0,0.0,0.0,0.0,occlusion_0.40
5,5,True,5,0,0,1.0,1.0,1.0,0.5862025845595751,0.5862025845595744,5.684341886080802e-15,8.823686263497944,8.823686263497933,8.823686263497938,JUNCTION,JUNCTION,True,NONE,17,5,0.0,0.0,0.4,1.0,0.0,0.0,0.0,occlusion_0.40
5,5,True,5,0,0,1.0,1.0,1.0,0.5923528447688187,0.5862025845595744,2.100000000000006,8.823686263497944,9.494211758098748,9.158949010798347,JUNCTION,JUNCTION,True,NONE,18,5,0.0,0.0,0.4,1.0,0.0,0.0,0.0,occlusion_0.40
5,5,True,5,0,0,1.0,1.0,1.0,0.5862025845595751,0.5862025845595744,5.684341886080802e-15,8.823686263497944,8.823686263497933,8.823686263497938,JUNCTION,JUNCTION,True,NONE,19,5,0.0,0.0,0.4,1.0,0.0,0.0,0.0,occlusion_0.40
5,5,True,5,0,0,1.0,1.0,1.0,0.6284091706478645,0.5862025845595744,0.10000000000000568,8.023686263497945,7.823686263497933,7.923686263497939,JUNCTION,JUNCTION,True,NONE,20,5,0.0,0.0,0.4,1.0,0.0,0.0,0.0,occlusion_0.40
5,5,True,5,0,0,1.0,1.0,1.0,0.5862025845595751,0.5862025845595744,5.684341886080802e-15,8.823686263497944,8.823686263497933,8.823686263497938,JUNCTION,JUNCTION,True,NONE,21,5,0.0,0.0,0.4,1.0,0.0,0.0,0.0,occlusion_0.40
5,5,True,5,0,0,1.0,1.0,1.0,0.6056082052581914,0.5862025845595744,1.8000000000000056,9.89421175809876,7.823686263497933,8.858949010798346,JUNCTION,JUNCTION,True,NONE,22,5,0.0,0.0,0.4,1.0,0.0,0.0,0.0,occlusion_0.40
5,5,True,5,0,0,1.0,1.0,1.0,0.5862025845595751,0.5862025845595744,5.684341886080802e-15,8.823686263497944,8.823686263497933,8.823686263497938,JUNCTION,JUNCTION,True,NONE,23,5,0.0,0.0,0.4,1.0,0.0,0.0,0.0,occlusion_0.40
5,5,True,5,0,0,1.0,1.0,1.0,0.6186019712511543,0.5862025845595744,1.0000000000000058,9.494211758098771,7.49421175809876,8.494211758098766,JUNCTION,JUNCTION,True,NONE,24,5,0.0,0.0,0.4,1.0,0.0,0.0,0.0,occlusion_0.40
5,5,True,5,0,0,1.0,1.0,1.0,0.6001847523461086,0.5862025845595744,0.5999999999999943,9.894211758098772,8.69421175809877,9.294211758098772,JUNCTION,JUNCTION,True,NONE,25,5,0.0,0.0,0.4,1.0,0.0,0.0,0.0,occlusion_0.40
5,5,True,5,0,0,1.0,1.0,1.0,0.5862025845595751,0.5862025845595744,5.684341886080802e-15,8.823686263497944,8.823686263497933,8.823686263497938,JUNCTION,JUNCTION,True,NONE,26,5,0.0,0.0,0.4,1.0,0.0,0.0,0.0,occlusion_0.40
2,2,True,2,0,0,1.0,1.0,1.0,0.5499574711860608,0.3703814697878914,4.75,12.0,18.74898859588859,15.374494297944295,CORRIDOR,CORRIDOR,True,low_opening_iou,7,2,0.0,0.0,0.8,1.0,0.0,0.0,0.0,occlusion_0.80
2,2,True,2,0,0,1.0,1.0,1.0,0.4592730225369853,0.3703814697878914,3.0,21.24898859588859,15.24898859588859,18.24898859588859,CORRIDOR,CORRIDOR,True,low_opening_iou,8,2,0.0,0.0,0.8,1.0,0.0,0.0,0.0,occlusion_0.80
2,2,True,2,0,0,1.0,1.0,1.0,0.3703814697878914,0.3703814697878914,0.0,21.24898859588859,21.24898859588859,21.24898859588859,CORRIDOR,CORRIDOR,True,low_opening_iou,9,2,0.0,0.0,0.8,1.0,0.0,0.0,0.0,occlusion_0.80
2,2,True,2,0,0,1.0,1.0,1.0,0.3703814697878914,0.3703814697878914,0.0,21.24898859588859,21.24898859588859,21.24898859588859,CORRIDOR,CORRIDOR,True,low_opening_iou,10,2,0.0,0.0,0.8,1.0,0.0,0.0,0.0,occlusion_0.80
2,2,True,2,0,0,1.0,1.0,1.0,0.4279701558498388,0.3703814697878914,12.25,21.24898859588859,24.5,22.874494297944295,CORRIDOR,CORRIDOR,True,low_opening_iou,11,2,0.0,0.0,0.8,1.0,0.0,0.0,0.0,occlusion_0.80
2,2,True,2,0,0,1.0,1.0,1.0,0.5151007404104297,0.3703814697878914,7.25,16.24898859588859,19.5,17.874494297944295,CORRIDOR,CORRIDOR,True,low_opening_iou,12,2,0.0,0.0,0.8,1.0,0.0,0.0,0.0,occlusion_0.80
2,2,True,2,0,0,1.0,1.0,1.0,0.3703814697878914,0.3703814697878914,0.0,21.24898859588859,21.24898859588859,21.24898859588859,CORRIDOR,CORRIDOR,True,low_opening_iou,13,2,0.0,0.0,0.8,1.0,0.0,0.0,0.0,occlusion_0.80
2,2,True,2,0,0,1.0,1.0,1.0,0.3703814697878914,0.3703814697878914,0.0,21.24898859588859,21.24898859588859,21.24898859588859,CORRIDOR,CORRIDOR,True,low_opening_iou,14,2,0.0,0.0,0.8,1.0,0.0,0.0,0.0,occlusion_0.80
2,2,True,2,0,0,1.0,1.0,1.0,0.40915897528468126,0.3703814697878914,14.25,28.5,21.24898859588859,24.874494297944295,CORRIDOR,CORRIDOR,True,low_opening_iou,15,2,0.0,0.0,0.8,1.0,0.0,0.0,0.0,occlusion_0.80
2,2,True,2,0,0,1.0,1.0,1.0,0.6339079236463832,0.3703814697878914,1.75,13.74898859588859,11.0,12.374494297944295,CORRIDOR,CORRIDOR,True,low_opening_iou,16,2,0.0,0.0,0.8,1.0,0.0,0.0,0.0,occlusion_0.80
2,2,True,2,0,0,1.0,1.0,1.0,0.3703814697878914,0.3703814697878914,0.0,21.24898859588859,21.24898859588859,21.24898859588859,CORRIDOR,CORRIDOR,True,low_opening_iou,17,2,0.0,0.0,0.8,1.0,0.0,0.0,0.0,occlusion_0.80
2,3,False,2,1,0,0.6666666666666666,1.0,0.8,0.3703814697878914,0.3703814697878914,0.0,21.24898859588859,21.24898859588859,21.24898859588859,CORRIDOR,JUNCTION,False,opening_count_mismatch;false_positive_opening;low_opening_iou;topology_mismatch,18,2,0.0,0.0,0.8,1.0,0.0,0.0,0.0,occlusion_0.80
2,2,True,2,0,0,1.0,1.0,1.0,0.4963111695157745,0.3703814697878914,4.25,12.74898859588859,21.24898859588859,16.99898859588859,CORRIDOR,CORRIDOR,True,low_opening_iou,19,2,0.0,0.0,0.8,1.0,0.0,0.0,0.0,occlusion_0.80
2,2,True,2,0,0,1.0,1.0,1.0,0.43705013434971185,0.3703814697878914,0.25,19.24898859588859,18.74898859588859,18.99898859588859,CORRIDOR,CORRIDOR,True,low_opening_iou,20,2,0.0,0.0,0.8,1.0,0.0,0.0,0.0,occlusion_0.80
2,3,False,2,1,0,0.6666666666666666,1.0,0.8,0.3703814697878914,0.3703814697878914,0.0,21.24898859588859,21.24898859588859,21.24898859588859,CORRIDOR,JUNCTION,False,opening_count_mismatch;false_positive_opening;low_opening_iou;topology_mismatch,21,2,0.0,0.0,0.8,1.0,0.0,0.0,0.0,occlusion_0.80
2,3,False,2,1,0,0.6666666666666666,1.0,0.8,0.3703814697878914,0.3703814697878914,0.0,21.24898859588859,21.24898859588859,21.24898859588859,CORRIDOR,JUNCTION,False,opening_count_mismatch;false_positive_opening;low_opening_iou;topology_mismatch,22,2,0.0,0.0,0.8,1.0,0.0,0.0,0.0,occlusion_0.80
2,3,False,2,1,0,0.6666666666666666,1.0,0.8,0.3703814697878914,0.3703814697878914,0.0,21.24898859588859,21.24898859588859,21.24898859588859,CORRIDOR,JUNCTION,False,opening_count_mismatch;false_positive_opening;low_opening_iou;topology_mismatch,23,2,0.0,0.0,0.8,1.0,0.0,0.0,0.0,occlusion_0.80
2,2,True,2,0,0,1.0,1.0,1.0,0.6119295759688564,0.3703814697878914,2.5,11.0,15.24898859588859,13.124494297944295,CORRIDOR,CORRIDOR,True,low_opening_iou,24,2,0.0,0.0,0.8,1.0,0.0,0.0,0.0,occlusion_0.80
2,2,True,2,0,0,1.0,1.0,1.0,0.4181854950934691,0.3703814697878914,13.25,21.24898859588859,26.5,23.874494297944295,CORRIDOR,CORRIDOR,True,low_opening_iou,25,2,0.0,0.0,0.8,1.0,0.0,0.0,0.0,occlusion_0.80
2,3,False,2,1,0,0.6666666666666666,1.0,0.8,0.3703814697878914,0.3703814697878914,0.0,21.24898859588859,21.24898859588859,21.24898859588859,CORRIDOR,JUNCTION,False,opening_count_mismatch;false_positive_opening;low_opening_iou;topology_mismatch,26,2,0.0,0.0,0.8,1.0,0.0,0.0,0.0,occlusion_0.80
3,4,False,3,1,0,0.75,1.0,0.8571428571428571,0.3703814697878913,0.37038146978789127,1.8947806286936004e-14,21.24898859588861,21.248988595888573,21.24898859588859,JUNCTION,JUNCTION,True,opening_count_mismatch;false_positive_opening;low_opening_iou,7,3,0.0,0.0,0.8,1.0,0.0,0.0,0.0,occlusion_0.80
3,4,False,3,1,0,0.75,1.0,0.8571428571428571,0.3703814697878913,0.37038146978789127,1.8947806286936004e-14,21.24898859588861,21.248988595888573,21.24898859588859,JUNCTION,JUNCTION,True,opening_count_mismatch;false_positive_opening;low_opening_iou,8,3,0.0,0.0,0.8,1.0,0.0,0.0,0.0,occlusion_0.80
3,3,True,3,0,0,1.0,1.0,1.0,0.3703814697878913,0.37038146978789127,1.8947806286936004e-14,21.24898859588861,21.248988595888573,21.24898859588859,JUNCTION,JUNCTION,True,low_opening_iou,9,3,0.0,0.0,0.8,1.0,0.0,0.0,0.0,occlusion_0.80
3,3,True,3,0,0,1.0,1.0,1.0,0.3703814697878913,0.37038146978789127,1.8947806286936004e-14,21.24898859588861,21.248988595888573,21.24898859588859,JUNCTION,JUNCTION,True,low_opening_iou,10,3,0.0,0.0,0.8,1.0,0.0,0.0,0.0,occlusion_0.80
3,3,True,3,0,0,1.0,1.0,1.0,0.41586892952011495,0.37038146978789127,7.500000000000019,21.24898859588861,22.082996198629512,21.66599239725906,JUNCTION,JUNCTION,True,low_opening_iou,11,3,0.0,0.0,0.8,1.0,0.0,0.0,0.0,occlusion_0.80
3,3,True,3,0,0,1.0,1.0,1.0,0.3795357210117756,0.3703814697878914,11.666666666666648,30.416329531962845,21.248988595888573,25.832659063925707,JUNCTION,JUNCTION,True,low_opening_iou,12,3,0.0,0.0,0.8,1.0,0.0,0.0,0.0,occlusion_0.80
3,3,True,3,0,0,1.0,1.0,1.0,0.3703814697878913,0.37038146978789127,1.8947806286936004e-14,21.24898859588861,21.248988595888573,21.24898859588859,JUNCTION,JUNCTION,True,low_opening_iou,13,3,0.0,0.0,0.8,1.0,0.0,0.0,0.0,occlusion_0.80
3,3,True,3,0,0,1.0,1.0,1.0,0.3703814697878913,0.37038146978789127,1.8947806286936004e-14,21.24898859588861,21.248988595888573,21.24898859588859,JUNCTION,JUNCTION,True,low_opening_iou,14,3,0.0,0.0,0.8,1.0,0.0,0.0,0.0,occlusion_0.80
3,3,True,3,0,0,1.0,1.0,1.0,0.43210436517030754,0.37038146978789127,6.166666666666686,21.24898859588861,19.416329531962845,20.33265906392573,JUNCTION,JUNCTION,True,low_opening_iou,15,3,0.0,0.0,0.8,1.0,0.0,0.0,0.0,occlusion_0.80
3,3,True,3,0,0,1.0,1.0,1.0,0.5460657723602192,0.37038146978789127,1.1666666666666856,16.24898859588861,14.416329531962845,15.332659063925727,JUNCTION,JUNCTION,True,low_opening_iou,16,3,0.0,0.0,0.8,1.0,0.0,0.0,0.0,occlusion_0.80
3,3,True,3,0,0,1.0,1.0,1.0,0.3703814697878913,0.37038146978789127,1.8947806286936004e-14,21.24898859588861,21.248988595888573,21.24898859588859,JUNCTION,JUNCTION,True,low_opening_iou,17,3,0.0,0.0,0.8,1.0,0.0,0.0,0.0,occlusion_0.80
3,3,True,3,0,0,1.0,1.0,1.0,0.44648772904427053,0.37038146978789127,5.166666666666686,17.416329531962884,21.248988595888573,19.33265906392573,JUNCTION,JUNCTION,True,low_opening_iou,18,3,0.0,0.0,0.8,1.0,0.0,0.0,0.0,occlusion_0.80
3,4,False,3,1,0,0.75,1.0,0.8571428571428571,0.3703814697878913,0.37038146978789127,1.8947806286936004e-14,21.24898859588861,21.248988595888573,21.24898859588859,JUNCTION,JUNCTION,True,opening_count_mismatch;false_positive_opening;low_opening_iou,19,3,0.0,0.0,0.8,1.0,0.0,0.0,0.0,occlusion_0.80
3,3,True,3,0,0,1.0,1.0,1.0,0.4148272461624383,0.37038146978789127,0.16666666666668561,19.915655262555276,19.582321929221905,19.74898859588859,JUNCTION,JUNCTION,True,low_opening_iou,20,3,0.0,0.0,0.8,1.0,0.0,0.0,0.0,occlusion_0.80
3,4,False,3,1,0,0.75,1.0,0.8571428571428571,0.3703814697878913,0.37038146978789127,1.8947806286936004e-14,21.24898859588861,21.248988595888573,21.24898859588859,JUNCTION,JUNCTION,True,opening_count_mismatch;false_positive_opening;low_opening_iou,21,3,0.0,0.0,0.8,1.0,0.0,0.0,0.0,occlusion_0.80
3,3,True,3,0,0,1.0,1.0,1.0,0.40877392716252264,0.3703814697878914,8.166666666666686,21.24898859588861,23.416329531962884,22.332659063925746,JUNCTION,JUNCTION,True,low_opening_iou,22,3,0.0,0.0,0.8,1.0,0.0,0.0,0.0,occlusion_0.80
3,4,False,3,1,0,0.75,1.0,0.8571428571428571,0.3703814697878913,0.37038146978789127,1.8947806286936004e-14,21.24898859588861,21.248988595888573,21.24898859588859,JUNCTION,JUNCTION,True,opening_count_mismatch;false_positive_opening;low_opening_iou,23,3,0.0,0.0,0.8,1.0,0.0,0.0,0.0,occlusion_0.80
3,3,True,3,0,0,1.0,1.0,1.0,0.5314135405752014,0.37038146978789127,1.6666666666666856,14.416329531962882,17.248988595888573,15.832659063925727,JUNCTION,JUNCTION,True,low_opening_iou,24,3,0.0,0.0,0.8,1.0,0.0,0.0,0.0,occlusion_0.80
3,3,True,3,0,0,1.0,1.0,1.0,0.4122453416999044,0.3703814697878914,7.833333333333314,22.749662865296177,21.248988595888573,21.999325730592375,JUNCTION,JUNCTION,True,low_opening_iou,25,3,0.0,0.0,0.8,1.0,0.0,0.0,0.0,occlusion_0.80
3,4,False,3,1,0,0.75,1.0,0.8571428571428571,0.3703814697878913,0.37038146978789127,1.8947806286936004e-14,21.24898859588861,21.248988595888573,21.24898859588859,JUNCTION,JUNCTION,True,opening_count_mismatch;false_positive_opening;low_opening_iou,26,3,0.0,0.0,0.8,1.0,0.0,0.0,0.0,occlusion_0.80
4,4,True,4,0,0,1.0,1.0,1.0,0.5141014283649976,0.4623517717750892,2.75,14.017845894706127,13.285691789412283,13.651768842059205,JUNCTION,JUNCTION,True,low_opening_iou,7,4,0.0,0.0,0.8,1.0,0.0,0.0,0.0,occlusion_0.80
4,4,True,4,0,0,1.0,1.0,1.0,0.5178339843880997,0.4623517717750892,1.5,14.535691789412297,11.535691789412283,13.03569178941229,JUNCTION,JUNCTION,True,low_opening_iou,8,4,0.0,0.0,0.8,1.0,0.0,0.0,0.0,occlusion_0.80
4,4,True,4,0,0,1.0,1.0,1.0,0.46235177177508907,0.4623517717750887,0.0,14.535691789412297,14.535691789412283,14.53569178941229,JUNCTION,JUNCTION,True,low_opening_iou,9,4,0.0,0.0,0.8,1.0,0.0,0.0,0.0,occlusion_0.80
4,4,True,4,0,0,1.0,1.0,1.0,0.46235177177508907,0.4623517717750887,0.0,14.535691789412297,14.535691789412283,14.53569178941229,JUNCTION,JUNCTION,True,low_opening_iou,10,4,0.0,0.0,0.8,1.0,0.0,0.0,0.0,occlusion_0.80
4,4,True,4,0,0,1.0,1.0,1.0,0.46368394550789177,0.4623517717750887,5.625,14.535691789412297,18.51784589470614,16.52676884205922,JUNCTION,JUNCTION,True,low_opening_iou,11,4,0.0,0.0,0.8,1.0,0.0,0.0,0.0,occlusion_0.80
4,4,True,4,0,0,1.0,1.0,1.0,0.5085696825162537,0.4623517717750892,3.375,12.035691789412297,16.51784589470614,14.27676884205922,JUNCTION,JUNCTION,True,low_opening_iou,12,4,0.0,0.0,0.8,1.0,0.0,0.0,0.0,occlusion_0.80
4,4,True,4,0,0,1.0,1.0,1.0,0.46235177177508907,0.4623517717750887,0.0,14.535691789412297,14.535691789412283,14.53569178941229,JUNCTION,JUNCTION,True,low_opening_iou,13,4,0.0,0.0,0.8,1.0,0.0,0.0,0.0,occlusion_0.80
4,4,True,4,0,0,1.0,1.0,1.0,0.46235177177508907,0.4623517717750887,0.0,14.535691789412297,14.535691789412283,14.53569178941229,JUNCTION,JUNCTION,True,low_opening_iou,14,4,0.0,0.0,0.8,1.0,0.0,0.0,0.0,occlusion_0.80
4,4,True,4,0,0,1.0,1.0,1.0,0.4535758357037179,0.427248027489604,6.625,20.517845894706127,14.535691789412283,17.526768842059205,JUNCTION,JUNCTION,True,low_opening_iou,15,4,0.0,0.0,0.8,1.0,0.0,0.0,0.0,occlusion_0.80
4,4,True,4,0,0,1.0,1.0,1.0,0.5547306887498727,0.4623517717750887,1.25,11.017845894706156,13.517845894706142,12.267845894706149,JUNCTION,JUNCTION,True,low_opening_iou,16,4,0.0,0.0,0.8,1.0,0.0,0.0,0.0,occlusion_0.80
4,4,True,4,0,0,1.0,1.0,1.0,0.46235177177508907,0.4623517717750887,0.0,14.535691789412297,14.535691789412283,14.53569178941229,JUNCTION,JUNCTION,True,low_opening_iou,17,4,0.0,0.0,0.8,1.0,0.0,0.0,0.0,occlusion_0.80
4,4,True,4,0,0,1.0,1.0,1.0,0.4900928780815944,0.4623517717750887,0.25,14.035691789412297,13.535691789412283,13.78569178941229,JUNCTION,JUNCTION,True,low_opening_iou,18,4,0.0,0.0,0.8,1.0,0.0,0.0,0.0,occlusion_0.80
4,4,True,4,0,0,1.0,1.0,1.0,0.5215900781353733,0.4623517717750892,2.125,11.517845894706127,14.535691789412283,13.026768842059205,JUNCTION,JUNCTION,True,low_opening_iou,19,4,0.0,0.0,0.8,1.0,0.0,0.0,0.0,occlusion_0.80
4,4,True,4,0,0,1.0,1.0,1.0,0.5039634312348471,0.4623517717750887,0.125,13.535691789412297,13.285691789412283,13.41069178941229,JUNCTION,JUNCTION,True,low_opening_iou,20,4,0.0,0.0,0.8,1.0,0.0,0.0,0.0,occlusion_0.80
4,4,True,4,0,0,1.0,1.0,1.0,0.472616453569838,0.4623517717750887,4.875,17.017845894706156,14.535691789412283,15.77676884205922,JUNCTION,JUNCTION,True,low_opening_iou,21,4,0.0,0.0,0.8,1.0,0.0,0.0,0.0,occlusion_0.80
4,4,True,4,0,0,1.0,1.0,1.0,0.5407957904223681,0.4623517717750887,1.75,12.285691789412297,13.017845894706142,12.65176884205922,JUNCTION,JUNCTION,True,low_opening_iou,22,4,0.0,0.0,0.8,1.0,0.0,0.0,0.0,occlusion_0.80
4,4,True,4,0,0,1.0,1.0,1.0,0.4909795314716742,0.4623517717750887,3.625,14.517845894706156,14.535691789412283,14.52676884205922,JUNCTION,JUNCTION,True,low_opening_iou,23,4,0.0,0.0,0.8,1.0,0.0,0.0,0.0,occlusion_0.80
4,4,True,4,0,0,1.0,1.0,1.0,0.5464040990463608,0.4623517717750887,1.625,13.517845894706156,11.535691789412283,12.52676884205922,JUNCTION,JUNCTION,True,low_opening_iou,24,4,0.0,0.0,0.8,1.0,0.0,0.0,0.0,occlusion_0.80
4,4,True,4,0,0,1.0,1.0,1.0,0.45840155083458084,0.4465508880130557,6.125,14.535691789412297,19.51784589470614,17.02676884205922,JUNCTION,JUNCTION,True,low_opening_iou,25,4,0.0,0.0,0.8,1.0,0.0,0.0,0.0,occlusion_0.80
4,4,True,4,0,0,1.0,1.0,1.0,0.4909795314716742,0.4623517717750887,3.625,14.535691789412297,14.517845894706142,14.52676884205922,JUNCTION,JUNCTION,True,low_opening_iou,26,4,0.0,0.0,0.8,1.0,0.0,0.0,0.0,occlusion_0.80
5,5,True,5,0,0,1.0,1.0,1.0,0.5644772492146226,0.47757590783481224,3.7000000000000055,8.823686263497944,12.69421175809875,10.758949010798347,JUNCTION,JUNCTION,True,low_opening_iou,7,5,0.0,0.0,0.8,1.0,0.0,0.0,0.0,occlusion_0.80
5,5,True,5,0,0,1.0,1.0,1.0,0.5801808652620247,0.5560939880718234,2.6999999999999944,10.694211758098765,8.823686263497933,9.75894901079835,JUNCTION,JUNCTION,True,NONE,8,5,0.0,0.0,0.8,1.0,0.0,0.0,0.0,occlusion_0.80
5,5,True,5,0,0,1.0,1.0,1.0,0.5862025845595751,0.5862025845595744,5.684341886080802e-15,8.823686263497944,8.823686263497933,8.823686263497938,JUNCTION,JUNCTION,True,NONE,9,5,0.0,0.0,0.8,1.0,0.0,0.0,0.0,occlusion_0.80
5,5,True,5,0,0,1.0,1.0,1.0,0.5862025845595751,0.5862025845595744,5.684341886080802e-15,8.823686263497944,8.823686263497933,8.823686263497938,JUNCTION,JUNCTION,True,NONE,10,5,0.0,0.0,0.8,1.0,0.0,0.0,0.0,occlusion_0.80
5,4,False,4,0,1,1.0,0.8,0.888888888888889,0.5195576935907824,0.3196230206844044,9.000000000000007,22.41184313174898,8.823686263497933,15.617764697623457,JUNCTION,JUNCTION,True,opening_count_mismatch;missed_opening;low_opening_iou,11,5,0.0,0.0,0.8,1.0,0.0,0.0,0.0,occlusion_0.80
5,4,False,4,0,1,1.0,0.8,0.888888888888889,0.5290073738590547,0.35742174175749325,8.499999999999993,22.411843131748967,7.823686263497926,15.117764697623446,JUNCTION,JUNCTION,True,opening_count_mismatch;missed_opening;low_opening_iou,12,5,0.0,0.0,0.8,1.0,0.0,0.0,0.0,occlusion_0.80
5,5,True,5,0,0,1.0,1.0,1.0,0.5862025845595751,0.5862025845595744,5.684341886080802e-15,8.823686263497944,8.823686263497933,8.823686263497938,JUNCTION,JUNCTION,True,NONE,13,5,0.0,0.0,0.8,1.0,0.0,0.0,0.0,occlusion_0.80
5,5,True,5,0,0,1.0,1.0,1.0,0.5862025845595751,0.5862025845595744,5.684341886080802e-15,8.823686263497944,8.823686263497933,8.823686263497938,JUNCTION,JUNCTION,True,NONE,14,5,0.0,0.0,0.8,1.0,0.0,0.0,0.0,occlusion_0.80
5,5,True,5,0,0,1.0,1.0,1.0,0.6135294321459515,0.5862025845595749,0.8000000000000057,9.49421175809876,7.8942117580987485,8.694211758098755,JUNCTION,JUNCTION,True,NONE,15,5,0.0,0.0,0.8,1.0,0.0,0.0,0.0,occlusion_0.80
5,5,True,5,0,0,1.0,1.0,1.0,0.6043505518603454,0.5862025845595744,0.8000000000000057,8.294211758098772,9.89421175809876,9.094211758098766,JUNCTION,JUNCTION,True,NONE,16,5,0.0,0.0,0.8,1.0,0.0,0.0,0.0,occlusion_0.80
5,5,True,5,0,0,1.0,1.0,1.0,0.5862025845595751,0.5862025845595744,5.684341886080802e-15,8.823686263497944,8.823686263497933,8.823686263497938,JUNCTION,JUNCTION,True,NONE,17,5,0.0,0.0,0.8,1.0,0.0,0.0,0.0,occlusion_0.80
5,5,True,5,0,0,1.0,1.0,1.0,0.5923528447688187,0.5862025845595744,2.100000000000006,8.823686263497944,9.494211758098748,9.158949010798347,JUNCTION,JUNCTION,True,NONE,18,5,0.0,0.0,0.8,1.0,0.0,0.0,0.0,occlusion_0.80
5,5,True,5,0,0,1.0,1.0,1.0,0.5766402007697222,0.5383906656103101,2.9000000000000057,8.823686263497944,11.094211758098748,9.958949010798346,JUNCTION,JUNCTION,True,NONE,19,5,0.0,0.0,0.8,1.0,0.0,0.0,0.0,occlusion_0.80
5,5,True,5,0,0,1.0,1.0,1.0,0.6284091706478645,0.5862025845595744,0.10000000000000568,8.023686263497945,7.823686263497933,7.923686263497939,JUNCTION,JUNCTION,True,NONE,20,5,0.0,0.0,0.8,1.0,0.0,0.0,0.0,occlusion_0.80
5,5,True,5,0,0,1.0,1.0,1.0,0.5923528447688184,0.5862025845595744,2.100000000000006,9.494211758098771,8.823686263497933,9.158949010798352,JUNCTION,JUNCTION,True,NONE,21,5,0.0,0.0,0.8,1.0,0.0,0.0,0.0,occlusion_0.80
5,5,True,5,0,0,1.0,1.0,1.0,0.6056082052581914,0.5862025845595744,1.8000000000000056,9.89421175809876,7.823686263497933,8.858949010798346,JUNCTION,JUNCTION,True,NONE,22,5,0.0,0.0,0.8,1.0,0.0,0.0,0.0,occlusion_0.80
5,5,True,5,0,0,1.0,1.0,1.0,0.6466524344300468,0.5862025845595744,0.5000000000000057,7.494211758098771,7.623686263497933,7.558949010798353,JUNCTION,JUNCTION,True,NONE,23,5,0.0,0.0,0.8,1.0,0.0,0.0,0.0,occlusion_0.80
5,5,True,5,0,0,1.0,1.0,1.0,0.6186019712511543,0.5862025845595744,1.0000000000000058,9.494211758098771,7.49421175809876,8.494211758098766,JUNCTION,JUNCTION,True,NONE,24,5,0.0,0.0,0.8,1.0,0.0,0.0,0.0,occlusion_0.80
5,5,True,5,0,0,1.0,1.0,1.0,0.6001847523461086,0.5862025845595744,0.5999999999999943,9.894211758098772,8.69421175809877,9.294211758098772,JUNCTION,JUNCTION,True,NONE,25,5,0.0,0.0,0.8,1.0,0.0,0.0,0.0,occlusion_0.80
5,5,True,5,0,0,1.0,1.0,1.0,0.6430329759211124,0.5862025845595744,0.20000000000000567,7.89421175809876,7.494211758098771,7.694211758098765,JUNCTION,JUNCTION,True,NONE,26,5,0.0,0.0,0.8,1.0,0.0,0.0,0.0,occlusion_0.80
2,3,False,2,1,0,0.6666666666666666,1.0,0.8,0.4666806519327431,0.3703814697878914,3.25,21.24898859588859,14.74898859588859,17.99898859588859,CORRIDOR,JUNCTION,False,opening_count_mismatch;false_positive_opening;low_opening_iou;topology_mismatch,7,2,0.0,0.0,0.0,0.9,0.0,0.0,0.0,visibility_0.90
2,2,True,2,0,0,1.0,1.0,1.0,0.4000119873709227,0.3703814697878914,1.0,21.24898859588859,19.24898859588859,20.24898859588859,CORRIDOR,CORRIDOR,True,low_opening_iou,8,2,0.0,0.0,0.0,0.9,0.0,0.0,0.0,visibility_0.90
2,2,True,2,0,0,1.0,1.0,1.0,0.4889035401200166,0.385196728579407,1.0,16.24898859588859,18.24898859588859,17.24898859588859,CORRIDOR,CORRIDOR,True,low_opening_iou,9,2,0.0,0.0,0.0,0.9,0.0,0.0,0.0,visibility_0.90
2,4,False,2,2,0,0.5,1.0,0.6666666666666666,0.5629798340775949,0.5481645752860792,2.5,12.24898859588859,17.24898859588859,14.74898859588859,CORRIDOR,JUNCTION,False,opening_count_mismatch;false_positive_opening;topology_mismatch,10,2,0.0,0.0,0.0,0.9,0.0,0.0,0.0,visibility_0.90
2,2,True,2,0,0,1.0,1.0,1.0,0.4666806519327431,0.3703814697878914,2.75,20.74898859588859,15.24898859588859,17.99898859588859,CORRIDOR,CORRIDOR,True,low_opening_iou,11,2,0.0,0.0,0.0,0.9,0.0,0.0,0.0,visibility_0.90
2,2,True,2,0,0,1.0,1.0,1.0,0.4074196167666805,0.40001198737092264,1.25,20.24898859588859,19.74898859588859,19.99898859588859,CORRIDOR,CORRIDOR,True,low_opening_iou,12,2,0.0,0.0,0.0,0.9,0.0,0.0,0.0,visibility_0.90
2,2,True,2,0,0,1.0,1.0,1.0,0.4666806519327431,0.3703814697878914,0.25,17.74898859588859,18.24898859588859,17.99898859588859,CORRIDOR,CORRIDOR,True,low_opening_iou,13,2,0.0,0.0,0.0,0.9,0.0,0.0,0.0,visibility_0.90
2,2,True,2,0,0,1.0,1.0,1.0,0.49631116951577436,0.45927302253698526,4.25,12.74898859588859,21.24898859588859,16.99898859588859,CORRIDOR,CORRIDOR,True,low_opening_iou,14,2,0.0,0.0,0.0,0.9,0.0,0.0,0.0,visibility_0.90
2,2,True,2,0,0,1.0,1.0,1.0,0.555572204681837,0.518534057703048,1.75,13.74898859588859,16.24898859588859,14.99898859588859,CORRIDOR,CORRIDOR,True,NONE,15,2,0.0,0.0,0.0,0.9,0.0,0.0,0.0,visibility_0.90
2,2,True,2,0,0,1.0,1.0,1.0,0.4370501343497118,0.385196728579407,2.25,21.24898859588859,16.74898859588859,18.99898859588859,CORRIDOR,CORRIDOR,True,low_opening_iou,16,2,0.0,0.0,0.0,0.9,0.0,0.0,0.0,visibility_0.90
2,2,True,2,0,0,1.0,1.0,1.0,0.4592730225369853,0.3703814697878914,1.0,19.24898859588859,17.24898859588859,18.24898859588859,CORRIDOR,CORRIDOR,True,low_opening_iou,17,2,0.0,0.0,0.0,0.9,0.0,0.0,0.0,visibility_0.90
2,2,True,2,0,0,1.0,1.0,1.0,0.4148272461624383,0.3703814697878914,1.5,18.24898859588859,21.24898859588859,19.74898859588859,CORRIDOR,CORRIDOR,True,low_opening_iou,18,2,0.0,0.0,0.0,0.9,0.0,0.0,0.0,visibility_0.90
2,2,True,2,0,0,1.0,1.0,1.0,0.43705013434971185,0.3703814697878914,0.25,19.24898859588859,18.74898859588859,18.99898859588859,CORRIDOR,CORRIDOR,True,low_opening_iou,19,2,0.0,0.0,0.0,0.9,0.0,0.0,0.0,visibility_0.90
2,2,True,2,0,0,1.0,1.0,1.0,0.5777950928691105,0.5037187989115323,3.0,11.24898859588859,17.24898859588859,14.24898859588859,CORRIDOR,CORRIDOR,True,NONE,20,2,0.0,0.0,0.0,0.9,0.0,0.0,0.0,visibility_0.90
2,2,True,2,0,0,1.0,1.0,1.0,0.4518653931412274,0.3703814697878914,1.25,19.74898859588859,17.24898859588859,18.49898859588859,CORRIDOR,CORRIDOR,True,low_opening_iou,21,2,0.0,0.0,0.0,0.9,0.0,0.0,0.0,visibility_0.90
2,2,True,2,0,0,1.0,1.0,1.0,0.42964250495395395,0.3703814697878914,2.0,17.24898859588859,21.24898859588859,19.24898859588859,CORRIDOR,CORRIDOR,True,low_opening_iou,22,2,0.0,0.0,0.0,0.9,0.0,0.0,0.0,visibility_0.90
2,2,True,2,0,0,1.0,1.0,1.0,0.4740882813285009,0.40001198737092264,0.5,18.24898859588859,17.24898859588859,17.74898859588859,CORRIDOR,CORRIDOR,True,low_opening_iou,23,2,0.0,0.0,0.0,0.9,0.0,0.0,0.0,visibility_0.90
2,2,True,2,0,0,1.0,1.0,1.0,0.4814959107242588,0.47408828132850095,2.75,16.24898859588859,18.74898859588859,17.49898859588859,CORRIDOR,CORRIDOR,True,low_opening_iou,24,2,0.0,0.0,0.0,0.9,0.0,0.0,0.0,visibility_0.90
2,2,True,2,0,0,1.0,1.0,1.0,0.4148272461624383,0.385196728579407,1.5,18.24898859588859,21.24898859588859,19.74898859588859,CORRIDOR,CORRIDOR,True,low_opening_iou,25,2,0.0,0.0,0.0,0.9,0.0,0.0,0.0,visibility_0.90
2,2,True,2,0,0,1.0,1.0,1.0,0.4740882813285009,0.45927302253698526,3.0,14.74898859588859,20.74898859588859,17.74898859588859,CORRIDOR,CORRIDOR,True,low_opening_iou,26,2,0.0,0.0,0.0,0.9,0.0,0.0,0.0,visibility_0.90
3,3,True,3,0,0,1.0,1.0,1.0,0.45433460293981337,0.4148272461624383,2.8333333333333144,18.915655262555276,17.915655262555237,18.41565526255526,JUNCTION,JUNCTION,True,low_opening_iou,7,3,0.0,0.0,0.0,0.9,0.0,0.0,0.0,visibility_0.90
3,3,True,3,0,0,1.0,1.0,1.0,0.4296425049539539,0.4000119873709226,1.0000000000000189,20.24898859588861,18.248988595888573,19.24898859588859,JUNCTION,JUNCTION,True,low_opening_iou,8,3,0.0,0.0,0.0,0.9,0.0,0.0,0.0,visibility_0.90
3,3,True,3,0,0,1.0,1.0,1.0,0.40001198737092264,0.3703814697878914,0.3333333333333523,20.582321929221944,19.915655262555237,20.24898859588859,JUNCTION,JUNCTION,True,low_opening_iou,9,3,0.0,0.0,0.0,0.9,0.0,0.0,0.0,visibility_0.90
3,3,True,3,0,0,1.0,1.0,1.0,0.43458092455112585,0.3703814697878914,2.166666666666648,19.915655262555276,18.248988595888573,19.082321929221923,JUNCTION,JUNCTION,True,low_opening_iou,10,3,0.0,0.0,0.0,0.9,0.0,0.0,0.0,visibility_0.90
3,3,True,3,0,0,1.0,1.0,1.0,0.49878037931436037,0.42964250495395395,2.000000000000019,17.582321929221944,16.248988595888573,16.91565526255526,JUNCTION,JUNCTION,True,low_opening_iou,11,3,0.0,0.0,0.0,0.9,0.0,0.0,0.0,visibility_0.90
3,3,True,3,0,0,1.0,1.0,1.0,0.4987803793143603,0.47408828132850084,4.333333333333353,18.582321929221944,15.248988595888571,16.91565526255526,JUNCTION,JUNCTION,True,low_opening_iou,12,3,0.0,0.0,0.0,0.9,0.0,0.0,0.0,visibility_0.90
3,3,True,3,0,0,1.0,1.0,1.0,0.4938419597171884,0.45927302253698526,3.499999999999981,17.24898859588861,16.915655262555237,17.082321929221923,JUNCTION,JUNCTION,True,low_opening_iou,13,3,0.0,0.0,0.0,0.9,0.0,0.0,0.0,visibility_0.90
3,3,True,3,0,0,1.0,1.0,1.0,0.4197656657596102,0.40001198737092264,1.6666666666666856,18.915655262555276,20.248988595888573,19.582321929221923,JUNCTION,JUNCTION,True,low_opening_iou,14,3,0.0,0.0,0.0,0.9,0.0,0.0,0.0,visibility_0.90
3,4,False,3,1,0,0.75,1.0,0.8571428571428571,0.44445776374546964,0.40001198737092264,2.499999999999981,18.582321929221944,18.915655262555237,18.74898859588859,JUNCTION,JUNCTION,True,opening_count_mismatch;false_positive_opening;low_opening_iou,15,3,0.0,0.0,0.0,0.9,0.0,0.0,0.0,visibility_0.90
3,3,True,3,0,0,1.0,1.0,1.0,0.469149861731329,0.4148272461624382,3.333333333333352,18.582321929221944,17.248988595888573,17.91565526255526,JUNCTION,JUNCTION,True,low_opening_iou,16,3,0.0,0.0,0.0,0.9,0.0,0.0,0.0,visibility_0.90
3,3,True,3,0,0,1.0,1.0,1.0,0.45433460293981337,0.4296425049539539,1.8333333333333144,17.915655262555276,18.915655262555237,18.41565526255526,JUNCTION,JUNCTION,True,low_opening_iou,17,3,0.0,0.0,0.0,0.9,0.0,0.0,0.0,visibility_0.90
3,3,True,3,0,0,1.0,1.0,1.0,0.47408828132850084,0.42964250495395395,2.833333333333352,19.24898859588861,16.248988595888573,17.74898859588859,JUNCTION,JUNCTION,True,low_opening_iou,18,3,0.0,0.0,0.0,0.9,0.0,0.0,0.0,visibility_0.90
3,3,True,3,0,0,1.0,1.0,1.0,0.4938419597171884,0.44445776374546964,4.166666666666647,12.915655262555276,21.248988595888573,17.082321929221923,JUNCTION,JUNCTION,True,low_opening_iou,19,3,0.0,0.0,0.0,0.9,0.0,0.0,0.0,visibility_0.90
3,3,True,3,0,0,1.0,1.0,1.0,0.4790267009256728,0.4148272461624382,1.9999999999999811,18.582321929221944,16.582321929221905,17.582321929221923,JUNCTION,JUNCTION,True,low_opening_iou,20,3,0.0,0.0,0.0,0.9,0.0,0.0,0.0,visibility_0.90
3,3,True,3,0,0,1.0,1.0,1.0,0.47408828132850095,0.4148272461624382,1.8333333333333524,17.582321929221944,17.915655262555237,17.74898859588859,JUNCTION,JUNCTION,True,low_opening_iou,21,3,0.0,0.0,0.0,0.9,0.0,0.0,0.0,visibility_0.90
3,3,True,3,0,0,1.0,1.0,1.0,0.5531029948832511,0.4296425049539539,1.5000000000000189,16.582321929221944,13.582321929221905,15.082321929221925,JUNCTION,JUNCTION,True,low_opening_iou,22,3,0.0,0.0,0.0,0.9,0.0,0.0,0.0,visibility_0.90
3,3,True,3,0,0,1.0,1.0,1.0,0.4197656657596102,0.3703814697878914,1.6666666666666476,17.915655262555276,21.248988595888573,19.582321929221923,JUNCTION,JUNCTION,True,low_opening_iou,23,3,0.0,0.0,0.0,0.9,0.0,0.0,0.0,visibility_0.90
3,3,True,3,0,0,1.0,1.0,1.0,0.45433460293981337,0.4296425049539539,2.833333333333352,21.24898859588861,15.582321929221905,18.41565526255526,JUNCTION,JUNCTION,True,low_opening_iou,24,3,0.0,0.0,0.0,0.9,0.0,0.0,0.0,visibility_0.90
3,3,True,3,0,0,1.0,1.0,1.0,0.45433460293981337,0.3703814697878914,0.8333333333333522,18.582321929221944,18.248988595888573,18.41565526255526,JUNCTION,JUNCTION,True,low_opening_iou,25,3,0.0,0.0,0.0,0.9,0.0,0.0,0.0,visibility_0.90
3,3,True,3,0,0,1.0,1.0,1.0,0.49878037931436037,0.47408828132850095,3.333333333333352,19.915655262555276,13.915655262555239,16.91565526255526,JUNCTION,JUNCTION,True,low_opening_iou,26,3,0.0,0.0,0.0,0.9,0.0,0.0,0.0,visibility_0.90
4,4,True,4,0,0,1.0,1.0,1.0,0.503963431234847,0.4623517717750892,0.625,13.285691789412297,13.535691789412283,13.41069178941229,JUNCTION,JUNCTION,True,low_opening_iou,7,4,0.0,0.0,0.0,0.9,0.0,0.0,0.0,visibility_0.90
4,4,True,4,0,0,1.0,1.0,1.0,0.5640691615656086,0.4623517717750892,2.5,13.035691789412297,10.535691789412283,11.78569178941229,JUNCTION,JUNCTION,True,low_opening_iou,8,4,0.0,0.0,0.0,0.9,0.0,0.0,0.0,visibility_0.90
4,4,True,4,0,0,1.0,1.0,1.0,0.5871867501543631,0.4623517717750892,1.125,10.285691789412297,12.035691789412283,11.16069178941229,JUNCTION,JUNCTION,True,low_opening_iou,9,4,0.0,0.0,0.0,0.9,0.0,0.0,0.0,visibility_0.90
4,4,True,4,0,0,1.0,1.0,1.0,0.6241748918963702,0.48084584264609276,1.125,9.285691789412297,11.035691789412283,10.16069178941229,JUNCTION,JUNCTION,True,low_opening_iou,10,4,0.0,0.0,0.0,0.9,0.0,0.0,0.0,visibility_0.90
4,4,True,4,0,0,1.0,1.0,1.0,0.6796571045093809,0.6657865513561277,1.875,8.785691789412297,8.535691789412283,8.66069178941229,JUNCTION,JUNCTION,True,NONE,11,4,0.0,0.0,0.0,0.9,0.0,0.0,0.0,visibility_0.90
4,4,True,4,0,0,1.0,1.0,1.0,0.5640691615656086,0.4623517717750892,1.25,12.035691789412297,11.535691789412283,11.78569178941229,JUNCTION,JUNCTION,True,low_opening_iou,12,4,0.0,0.0,0.0,0.9,0.0,0.0,0.0,visibility_0.90
4,4,True,4,0,0,1.0,1.0,1.0,0.5686926792833595,0.5363280552591034,2.125,9.785691789412297,13.535691789412283,11.66069178941229,JUNCTION,JUNCTION,True,NONE,13,4,0.0,0.0,0.0,0.9,0.0,0.0,0.0,visibility_0.90
4,4,True,4,0,0,1.0,1.0,1.0,0.5733161970011105,0.5363280552591034,3.0,11.285691789412297,11.785691789412283,11.53569178941229,JUNCTION,JUNCTION,True,NONE,14,4,0.0,0.0,0.0,0.9,0.0,0.0,0.0,visibility_0.90
4,4,True,4,0,0,1.0,1.0,1.0,0.5640691615656086,0.4993399135170963,1.5,11.535691789412297,12.035691789412283,11.78569178941229,JUNCTION,JUNCTION,True,low_opening_iou,15,4,0.0,0.0,0.0,0.9,0.0,0.0,0.0,visibility_0.90
4,4,True,4,0,0,1.0,1.0,1.0,0.5363280552591033,0.4623517717750892,0.75,13.285691789412297,11.785691789412283,12.53569178941229,JUNCTION,JUNCTION,True,low_opening_iou,16,4,0.0,0.0,0.0,0.9,0.0,0.0,0.0,visibility_0.90
4,4,True,4,0,0,1.0,1.0,1.0,0.6149278564608684,0.48084584264609226,2.625,10.535691789412297,10.285691789412283,10.41069178941229,JUNCTION,JUNCTION,True,low_opening_iou,17,4,0.0,0.0,0.0,0.9,0.0,0.0,0.0,visibility_0.90
4,4,True,4,0,0,1.0,1.0,1.0,0.550198608412356,0.5363280552591034,2.125,12.535691789412297,11.785691789412283,12.16069178941229,JUNCTION,JUNCTION,True,NONE,18,4,0.0,0.0,0.0,0.9,0.0,0.0,0.0,visibility_0.90
4,4,True,4,0,0,1.0,1.0,1.0,0.49933991351709617,0.4623517717750887,0.75,12.785691789412297,14.285691789412283,13.53569178941229,JUNCTION,JUNCTION,True,low_opening_iou,19,4,0.0,0.0,0.0,0.9,0.0,0.0,0.0,visibility_0.90
4,4,True,4,0,0,1.0,1.0,1.0,0.550198608412356,0.4623517717750887,1.375,10.785691789412297,13.535691789412283,12.16069178941229,JUNCTION,JUNCTION,True,low_opening_iou,20,4,0.0,0.0,0.0,0.9,0.0,0.0,0.0,visibility_0.90
4,4,True,4,0,0,1.0,1.0,1.0,0.6195513741786193,0.4993399135170963,3.0,7.785691789412297,12.785691789412283,10.28569178941229,JUNCTION,JUNCTION,True,low_opening_iou,21,4,0.0,0.0,0.0,0.9,0.0,0.0,0.0,visibility_0.90
4,4,True,4,0,0,1.0,1.0,1.0,0.6842806222271317,0.5918102678721141,1.25,9.285691789412297,7.785691789412283,8.53569178941229,JUNCTION,JUNCTION,True,NONE,22,4,0.0,0.0,0.0,0.9,0.0,0.0,0.0,visibility_0.90
4,4,True,4,0,0,1.0,1.0,1.0,0.5455750906946051,0.4623517717750887,1.25,11.535691789412297,13.035691789412283,12.28569178941229,JUNCTION,JUNCTION,True,low_opening_iou,23,4,0.0,0.0,0.0,0.9,0.0,0.0,0.0,visibility_0.90
4,4,True,4,0,0,1.0,1.0,1.0,0.5501986084123559,0.4623517717750892,1.875,13.035691789412297,11.285691789412283,12.16069178941229,JUNCTION,JUNCTION,True,low_opening_iou,24,4,0.0,0.0,0.0,0.9,0.0,0.0,0.0,visibility_0.90
4,4,True,4,0,0,1.0,1.0,1.0,0.48546936036384347,0.4623517717750887,0.625,13.785691789412297,14.035691789412283,13.91069178941229,JUNCTION,JUNCTION,True,low_opening_iou,25,4,0.0,0.0,0.0,0.9,0.0,0.0,0.0,visibility_0.90
4,4,True,4,0,0,1.0,1.0,1.0,0.5224575021058506,0.4623517717750892,1.125,13.535691789412297,12.285691789412283,12.91069178941229,JUNCTION,JUNCTION,True,low_opening_iou,26,4,0.0,0.0,0.0,0.9,0.0,0.0,0.0,visibility_0.90
5,6,False,5,1,0,0.8333333333333334,1.0,0.9090909090909091,0.6471676533537709,0.5862025845595754,0.7000000000000057,7.423686263497944,7.623686263497933,7.523686263497939,JUNCTION,JUNCTION,True,opening_count_mismatch;false_positive_opening,7,5,0.0,0.0,0.0,0.9,0.0,0.0,0.0,visibility_0.90
5,5,True,5,0,0,1.0,1.0,1.0,0.679994998089107,0.5862025845595752,1.1999999999999944,5.823686263497945,7.823686263497933,6.8236862634979385,JUNCTION,JUNCTION,True,NONE,8,5,0.0,0.0,0.0,0.9,0.0,0.0,0.0,visibility_0.90
5,5,True,5,0,0,1.0,1.0,1.0,0.5955818259125282,0.5862025845595744,0.20000000000000567,8.823686263497944,8.423686263497933,8.62368626349794,JUNCTION,JUNCTION,True,NONE,9,5,0.0,0.0,0.0,0.9,0.0,0.0,0.0,visibility_0.90
5,5,True,5,0,0,1.0,1.0,1.0,0.7768619594312582,0.7034431014714898,1.6999999999999944,4.2942117580987595,5.2236862634979335,4.7589490107983465,JUNCTION,JUNCTION,True,NONE,10,5,0.0,0.0,0.0,0.9,0.0,0.0,0.0,visibility_0.90
5,5,True,5,0,0,1.0,1.0,1.0,0.6644462199820458,0.5862025845595752,1.7000000000000057,6.2942117580987595,8.023686263497932,7.158949010798347,JUNCTION,JUNCTION,True,NONE,11,5,0.0,0.0,0.0,0.9,0.0,0.0,0.0,visibility_0.90
5,6,False,5,1,0,0.8333333333333334,1.0,0.9090909090909091,0.6846846187655837,0.5862025845595744,1.2999999999999943,6.423686263497944,7.023686263497933,6.723686263497939,JUNCTION,JUNCTION,True,opening_count_mismatch;false_positive_opening,12,5,0.0,0.0,0.0,0.9,0.0,0.0,0.0,visibility_0.90
5,5,True,5,0,0,1.0,1.0,1.0,0.6612365153832007,0.5862025845595744,1.3999999999999944,7.6236862634979445,6.823686263497933,7.223686263497939,JUNCTION,JUNCTION,True,NONE,13,5,0.0,0.0,0.0,0.9,0.0,0.0,0.0,visibility_0.90
5,5,True,5,0,0,1.0,1.0,1.0,0.6893742394420603,0.5862025845595752,0.9999999999999943,6.6236862634979445,6.623686263497933,6.623686263497939,JUNCTION,JUNCTION,True,NONE,14,5,0.0,0.0,0.0,0.9,0.0,0.0,0.0,visibility_0.90
5,5,True,5,0,0,1.0,1.0,1.0,0.7503393082362562,0.6096506879419574,1.3000000000000056,4.023686263497945,6.623686263497933,5.3236862634979385,JUNCTION,JUNCTION,True,NONE,15,5,0.0,0.0,0.0,0.9,0.0,0.0,0.0,visibility_0.90
5,5,True,5,0,0,1.0,1.0,1.0,0.7268912048538732,0.6096506879419574,1.0000000000000058,6.423686263497944,5.2236862634979335,5.8236862634979385,JUNCTION,JUNCTION,True,NONE,16,5,0.0,0.0,0.0,0.9,0.0,0.0,0.0,visibility_0.90
5,5,True,5,0,0,1.0,1.0,1.0,0.6987534807950135,0.5862025845595754,1.5999999999999943,5.423686263497944,7.423686263497933,6.423686263497939,JUNCTION,JUNCTION,True,NONE,17,5,0.0,0.0,0.0,0.9,0.0,0.0,0.0,visibility_0.90
5,6,False,5,1,0,0.8333333333333334,1.0,0.9090909090909091,0.7456496875597796,0.6565468947067242,2.1999999999999944,4.823686263497945,6.023686263497933,5.423686263497939,JUNCTION,JUNCTION,True,opening_count_mismatch;false_positive_opening,18,5,0.0,0.0,0.0,0.9,0.0,0.0,0.0,visibility_0.90
5,5,True,5,0,0,1.0,1.0,1.0,0.6753053774126305,0.5627544811771918,2.100000000000006,6.023686263497945,7.823686263497933,6.923686263497939,JUNCTION,JUNCTION,True,NONE,19,5,0.0,0.0,0.0,0.9,0.0,0.0,0.0,visibility_0.90
5,5,True,5,0,0,1.0,1.0,1.0,0.6284091706478645,0.5862025845595744,0.7000000000000057,7.423686263497944,8.423686263497933,7.923686263497939,JUNCTION,JUNCTION,True,NONE,20,5,0.0,0.0,0.0,0.9,0.0,0.0,0.0,visibility_0.90
5,5,True,5,0,0,1.0,1.0,1.0,0.7315808255303498,0.5862025845595749,1.0999999999999943,5.023686263497945,6.423686263497933,5.723686263497939,JUNCTION,JUNCTION,True,NONE,21,5,0.0,0.0,0.0,0.9,0.0,0.0,0.0,visibility_0.90
5,5,True,5,0,0,1.0,1.0,1.0,0.6940638601185369,0.5862025845595754,1.1000000000000056,6.6236862634979445,6.423686263497933,6.523686263497939,JUNCTION,JUNCTION,True,NONE,22,5,0.0,0.0,0.0,0.9,0.0,0.0,0.0,visibility_0.90
5,5,True,5,0,0,1.0,1.0,1.0,0.6659261360596773,0.6330987913243412,1.7000000000000057,7.6236862634979445,6.623686263497933,7.123686263497939,JUNCTION,JUNCTION,True,NONE,23,5,0.0,0.0,0.0,0.9,0.0,0.0,0.0,visibility_0.90
5,5,True,5,0,0,1.0,1.0,1.0,0.6377884120008177,0.5862025845595744,1.0999999999999943,7.023686263497945,8.423686263497933,7.723686263497939,JUNCTION,JUNCTION,True,NONE,24,5,0.0,0.0,0.0,0.9,0.0,0.0,0.0,visibility_0.90
5,5,True,5,0,0,1.0,1.0,1.0,0.6471676533537709,0.5862025845595749,1.0999999999999943,6.423686263497944,8.623686263497934,7.523686263497939,JUNCTION,JUNCTION,True,NONE,25,5,0.0,0.0,0.0,0.9,0.0,0.0,0.0,visibility_0.90
5,5,True,5,0,0,1.0,1.0,1.0,0.6424780326772943,0.5862025845595754,0.6000000000000056,7.423686263497944,7.823686263497933,7.623686263497939,JUNCTION,JUNCTION,True,NONE,26,5,0.0,0.0,0.0,0.9,0.0,0.0,0.0,visibility_0.90
2,3,False,2,1,0,0.6666666666666666,1.0,0.8,0.5629798340775949,0.40001198737092264,4.0,11.74898859588859,17.74898859588859,14.74898859588859,CORRIDOR,JUNCTION,False,opening_count_mismatch;false_positive_opening;low_opening_iou;topology_mismatch,7,2,0.0,0.0,0.0,0.7,0.0,0.0,0.0,visibility_0.70
2,2,True,2,0,0,1.0,1.0,1.0,0.6370561280351732,0.5333493164945635,4.0,16.24898859588859,8.24898859588859,12.24898859588859,CORRIDOR,CORRIDOR,True,NONE,8,2,0.0,0.0,0.0,0.7,0.0,0.0,0.0,visibility_0.70
2,3,False,2,1,0,0.6666666666666666,1.0,0.8,0.555572204681837,0.5481645752860792,3.75,18.74898859588859,11.24898859588859,14.99898859588859,CORRIDOR,JUNCTION,False,opening_count_mismatch;false_positive_opening;topology_mismatch,9,2,0.0,0.0,0.0,0.7,0.0,0.0,0.0,visibility_0.70
2,2,True,2,0,0,1.0,1.0,1.0,0.5629798340775949,0.45927302253698526,3.0,14.74898859588859,14.74898859588859,14.74898859588859,CORRIDOR,CORRIDOR,True,low_opening_iou,10,2,0.0,0.0,0.0,0.7,0.0,0.0,0.0,visibility_0.70
2,2,True,2,0,0,1.0,1.0,1.0,0.555572204681837,0.5333493164945635,3.25,13.74898859588859,16.24898859588859,14.99898859588859,CORRIDOR,CORRIDOR,True,NONE,11,2,0.0,0.0,0.0,0.7,0.0,0.0,0.0,visibility_0.70
2,3,False,2,1,0,0.6666666666666666,1.0,0.8,0.5926103516606263,0.5777950928691106,4.5,18.24898859588859,9.24898859588859,13.74898859588859,CORRIDOR,JUNCTION,False,opening_count_mismatch;false_positive_opening;topology_mismatch,12,2,0.0,0.0,0.0,0.7,0.0,0.0,0.0,visibility_0.70
2,4,False,2,2,0,0.5,1.0,0.6666666666666666,0.44445776374546964,0.44445776374546964,1.5,20.24898859588859,17.24898859588859,18.74898859588859,CORRIDOR,JUNCTION,False,opening_count_mismatch;false_positive_opening;low_opening_iou;topology_mismatch,13,2,0.0,0.0,0.0,0.7,0.0,0.0,0.0,visibility_0.70
2,2,True,2,0,0,1.0,1.0,1.0,0.555572204681837,0.45927302253698526,5.25,20.24898859588859,9.74898859588859,14.99898859588859,CORRIDOR,CORRIDOR,True,low_opening_iou,14,2,0.0,0.0,0.0,0.7,0.0,0.0,0.0,visibility_0.70
2,2,True,2,0,0,1.0,1.0,1.0,0.5333493164945635,0.4889035401200166,3.0,18.74898859588859,12.74898859588859,15.74898859588859,CORRIDOR,CORRIDOR,True,low_opening_iou,15,2,0.0,0.0,0.0,0.7,0.0,0.0,0.0,visibility_0.70
2,2,True,2,0,0,1.0,1.0,1.0,0.644463757430931,0.5481645752860792,1.25,11.74898859588859,12.24898859588859,11.99898859588859,CORRIDOR,CORRIDOR,True,NONE,16,2,0.0,0.0,0.0,0.7,0.0,0.0,0.0,visibility_0.70
2,2,True,2,0,0,1.0,1.0,1.0,0.5259416870988057,0.45927302253698526,3.25,12.74898859588859,19.24898859588859,15.99898859588859,CORRIDOR,CORRIDOR,True,low_opening_iou,17,2,0.0,0.0,0.0,0.7,0.0,0.0,0.0,visibility_0.70
2,2,True,2,0,0,1.0,1.0,1.0,0.5407569458903214,0.47408828132850095,1.75,13.74898859588859,17.24898859588859,15.49898859588859,CORRIDOR,CORRIDOR,True,low_opening_iou,18,2,0.0,0.0,0.0,0.7,0.0,0.0,0.0,visibility_0.70
2,2,True,2,0,0,1.0,1.0,1.0,0.5703874634733527,0.47408828132850095,2.75,17.24898859588859,11.74898859588859,14.49898859588859,CORRIDOR,CORRIDOR,True,low_opening_iou,19,2,0.0,0.0,0.0,0.7,0.0,0.0,0.0,visibility_0.70
2,2,True,2,0,0,1.0,1.0,1.0,0.6074256104521418,0.4889035401200166,4.5,9.74898859588859,16.74898859588859,13.24898859588859,CORRIDOR,CORRIDOR,True,low_opening_iou,20,2,0.0,0.0,0.0,0.7,0.0,0.0,0.0,visibility_0.70
2,2,True,2,0,0,1.0,1.0,1.0,0.4814959107242588,0.4148272461624383,1.25,17.74898859588859,17.24898859588859,17.49898859588859,CORRIDOR,CORRIDOR,True,low_opening_iou,21,2,0.0,0.0,0.0,0.7,0.0,0.0,0.0,visibility_0.70
2,2,True,2,0,0,1.0,1.0,1.0,0.4963111695157745,0.47408828132850095,3.25,15.24898859588859,18.74898859588859,16.99898859588859,CORRIDOR,CORRIDOR,True,low_opening_iou,22,2,0.0,0.0,0.0,0.7,0.0,0.0,0.0,visibility_0.70
2,2,True,2,0,0,1.0,1.0,1.0,0.5852027222648684,0.4889035401200166,1.25,12.74898859588859,15.24898859588859,13.99898859588859,CORRIDOR,CORRIDOR,True,low_opening_iou,23,2,0.0,0.0,0.0,0.7,0.0,0.0,0.0,visibility_0.70
2,3,False,2,1,0,0.6666666666666666,1.0,0.8,0.4740882813285009,0.45927302253698526,1.0,17.74898859588859,17.74898859588859,17.74898859588859,CORRIDOR,JUNCTION,False,opening_count_mismatch;false_positive_opening;low_opening_iou;topology_mismatch,24,2,0.0,0.0,0.0,0.7,0.0,0.0,0.0,visibility_0.70
2,2,True,2,0,0,1.0,1.0,1.0,0.6444637574309309,0.6370561280351731,2.25,14.24898859588859,9.74898859588859,11.99898859588859,CORRIDOR,CORRIDOR,True,NONE,25,2,0.0,0.0,0.0,0.7,0.0,0.0,0.0,visibility_0.70
2,4,False,2,2,0,0.5,1.0,0.6666666666666666,0.555572204681837,0.518534057703048,2.75,12.24898859588859,17.74898859588859,14.99898859588859,CORRIDOR,JUNCTION,False,opening_count_mismatch;false_positive_opening;topology_mismatch,26,2,0.0,0.0,0.0,0.7,0.0,0.0,0.0,visibility_0.70
3,4,False,3,1,0,0.75,1.0,0.8571428571428571,0.5728566732719386,0.47408828132850095,2.499999999999981,15.24898859588861,13.582321929221905,14.415655262555257,JUNCTION,JUNCTION,True,opening_count_mismatch;false_positive_opening;low_opening_iou,7,3,0.0,0.0,0.0,0.7,0.0,0.0,0.0,visibility_0.70
3,4,False,3,1,0,0.75,1.0,0.8571428571428571,0.5234724773002197,0.4889035401200166,1.8333333333333524,15.915655262555276,16.248988595888573,16.082321929221923,JUNCTION,JUNCTION,True,opening_count_mismatch;false_positive_opening;low_opening_iou,8,3,0.0,0.0,0.0,0.7,0.0,0.0,0.0,visibility_0.70
3,3,True,3,0,0,1.0,1.0,1.0,0.4296425049539539,0.3703814697878914,0.3333333333333144,18.915655262555276,19.582321929221905,19.24898859588859,JUNCTION,JUNCTION,True,low_opening_iou,9,3,0.0,0.0,0.0,0.7,0.0,0.0,0.0,visibility_0.70
3,3,True,3,0,0,1.0,1.0,1.0,0.5185340577030478,0.47408828132850095,1.6666666666666856,17.915655262555276,14.582321929221905,16.24898859588859,JUNCTION,JUNCTION,True,low_opening_iou,10,3,0.0,0.0,0.0,0.7,0.0,0.0,0.0,visibility_0.70
3,3,True,3,0,0,1.0,1.0,1.0,0.5728566732719386,0.47408828132850095,1.8333333333333524,15.24898859588861,13.582321929221905,14.415655262555257,JUNCTION,JUNCTION,True,low_opening_iou,11,3,0.0,0.0,0.0,0.7,0.0,0.0,0.0,visibility_0.70
3,4,False,3,1,0,0.75,1.0,0.8571428571428571,0.45927302253698526,0.4148272461624382,0.999999999999981,17.24898859588861,19.248988595888573,18.24898859588859,JUNCTION,JUNCTION,True,opening_count_mismatch;false_positive_opening;low_opening_iou,12,3,0.0,0.0,0.0,0.7,0.0,0.0,0.0,visibility_0.70
3,5,False,3,2,0,0.6,1.0,0.7499999999999999,0.5531029948832511,0.47408828132850095,1.4999999999999811,13.915655262555276,16.248988595888573,15.082321929221925,JUNCTION,JUNCTION,True,opening_count_mismatch;false_positive_opening;low_opening_iou,13,3,0.0,0.0,0.0,0.7,0.0,0.0,0.0,visibility_0.70
3,4,False,3,1,0,0.75,1.0,0.8571428571428571,0.6271792888408293,0.5629798340775949,2.999999999999981,11.24898859588861,13.915655262555239,12.582321929221925,JUNCTION,JUNCTION,True,opening_count_mismatch;false_positive_opening,14,3,0.0,0.0,0.0,0.7,0.0,0.0,0.0,visibility_0.70
3,4,False,3,1,0,0.75,1.0,0.8571428571428571,0.45927302253698526,0.40001198737092264,0.3333333333333523,18.582321929221944,17.915655262555237,18.24898859588859,JUNCTION,JUNCTION,True,opening_count_mismatch;false_positive_opening;low_opening_iou,15,3,0.0,0.0,0.0,0.7,0.0,0.0,0.0,visibility_0.70
3,4,False,3,1,0,0.75,1.0,0.8571428571428571,0.469149861731329,0.40001198737092264,1.6666666666666856,19.582321929221944,16.248988595888573,17.91565526255526,JUNCTION,JUNCTION,True,opening_count_mismatch;false_positive_opening;low_opening_iou,16,3,0.0,0.0,0.0,0.7,0.0,0.0,0.0,visibility_0.70
3,4,False,3,1,0,0.75,1.0,0.8571428571428571,0.47408828132850095,0.38519672857940696,2.166666666666648,17.915655262555276,17.582321929221905,17.74898859588859,JUNCTION,JUNCTION,True,opening_count_mismatch;false_positive_opening;low_opening_iou,17,3,0.0,0.0,0.0,0.7,0.0,0.0,0.0,visibility_0.70
3,3,True,3,0,0,1.0,1.0,1.0,0.5728566732719386,0.4889035401200166,2.499999999999981,15.24898859588861,13.582321929221905,14.415655262555257,JUNCTION,JUNCTION,True,low_opening_iou,18,3,0.0,0.0,0.0,0.7,0.0,0.0,0.0,visibility_0.70
3,4,False,3,1,0,0.75,1.0,0.8571428571428571,0.6074256104521418,0.42964250495395395,3.333333333333352,14.915655262555276,11.582321929221905,13.24898859588859,JUNCTION,JUNCTION,True,opening_count_mismatch;false_positive_opening;low_opening_iou,19,3,0.0,0.0,0.0,0.7,0.0,0.0,0.0,visibility_0.70
3,3,True,3,0,0,1.0,1.0,1.0,0.5629798340775948,0.47408828132850084,1.8333333333333144,13.582321929221942,15.915655262555239,14.74898859588859,JUNCTION,JUNCTION,True,low_opening_iou,20,3,0.0,0.0,0.0,0.7,0.0,0.0,0.0,visibility_0.70
3,4,False,3,1,0,0.75,1.0,0.8571428571428571,0.5481645752860792,0.42964250495395395,1.6666666666666476,14.582321929221942,15.915655262555239,15.24898859588859,JUNCTION,JUNCTION,True,opening_count_mismatch;false_positive_opening;low_opening_iou,21,3,0.0,0.0,0.0,0.7,0.0,0.0,0.0,visibility_0.70
3,3,True,3,0,0,1.0,1.0,1.0,0.5234724773002197,0.4148272461624383,1.5000000000000189,17.582321929221944,14.582321929221905,16.082321929221923,JUNCTION,JUNCTION,True,low_opening_iou,22,3,0.0,0.0,0.0,0.7,0.0,0.0,0.0,visibility_0.70
3,4,False,3,1,0,0.75,1.0,0.8571428571428571,0.5333493164945635,0.518534057703048,2.833333333333352,18.582321929221944,12.915655262555239,15.74898859588859,JUNCTION,JUNCTION,True,opening_count_mismatch;false_positive_opening,23,3,0.0,0.0,0.0,0.7,0.0,0.0,0.0,visibility_0.70
3,4,False,3,1,0,0.75,1.0,0.8571428571428571,0.42470408535678206,0.40001198737092264,0.49999999999998107,19.24898859588861,19.582321929221905,19.41565526255526,JUNCTION,JUNCTION,True,opening_count_mismatch;false_positive_opening;low_opening_iou,24,3,0.0,0.0,0.0,0.7,0.0,0.0,0.0,visibility_0.70
3,3,True,3,0,0,1.0,1.0,1.0,0.5432261556889073,0.45927302253698526,3.8333333333333144,13.582321929221942,17.248988595888573,15.415655262555257,JUNCTION,JUNCTION,True,low_opening_iou,25,3,0.0,0.0,0.0,0.7,0.0,0.0,0.0,visibility_0.70
3,4,False,3,1,0,0.75,1.0,0.8571428571428571,0.4839651205228446,0.44445776374546964,2.8333333333333144,14.582321929221942,20.248988595888573,17.41565526255526,JUNCTION,JUNCTION,True,opening_count_mismatch;false_positive_opening;low_opening_iou,26,3,0.0,0.0,0.0,0.7,0.0,0.0,0.0,visibility_0.70
4,4,True,4,0,0,1.0,1.0,1.0,0.49933991351709617,0.48084584264609276,0.5,13.535691789412297,13.535691789412283,13.53569178941229,JUNCTION,JUNCTION,True,low_opening_iou,7,4,0.0,0.0,0.0,0.7,0.0,0.0,0.0,visibility_0.70
4,4,True,4,0,0,1.0,1.0,1.0,0.5640691615656086,0.4623517717750892,1.25,12.785691789412297,10.785691789412283,11.78569178941229,JUNCTION,JUNCTION,True,low_opening_iou,8,4,0.0,0.0,0.0,0.7,0.0,0.0,0.0,visibility_0.70
4,4,True,4,0,0,1.0,1.0,1.0,0.550198608412356,0.5178339843880999,1.375,13.535691789412297,10.785691789412283,12.16069178941229,JUNCTION,JUNCTION,True,NONE,9,4,0.0,0.0,0.0,0.7,0.0,0.0,0.0,visibility_0.70
4,4,True,4,0,0,1.0,1.0,1.0,0.679657104509381,0.48084584264609276,1.625,9.785691789412297,7.535691789412283,8.66069178941229,JUNCTION,JUNCTION,True,low_opening_iou,10,4,0.0,0.0,0.0,0.7,0.0,0.0,0.0,visibility_0.70
4,4,True,4,0,0,1.0,1.0,1.0,0.6149278564608684,0.4993399135170963,1.875,8.785691789412297,12.035691789412283,10.41069178941229,JUNCTION,JUNCTION,True,low_opening_iou,11,4,0.0,0.0,0.0,0.7,0.0,0.0,0.0,visibility_0.70
4,4,True,4,0,0,1.0,1.0,1.0,0.722149901738742,0.554822126130107,2.625,8.535691789412297,6.5178458947061415,7.526768842059219,JUNCTION,JUNCTION,True,NONE,12,4,0.0,0.0,0.0,0.7,0.0,0.0,0.0,visibility_0.70
4,4,True,4,0,0,1.0,1.0,1.0,0.6519159982028756,0.5733161970011106,3.625,9.035691789412297,9.785691789412283,9.41069178941229,JUNCTION,JUNCTION,True,NONE,13,4,0.0,0.0,0.0,0.7,0.0,0.0,0.0,visibility_0.70
4,4,True,4,0,0,1.0,1.0,1.0,0.6889041399448826,0.5918102678721141,1.875,7.785691789412297,9.035691789412283,8.41069178941229,JUNCTION,JUNCTION,True,NONE,14,4,0.0,0.0,0.0,0.7,0.0,0.0,0.0,visibility_0.70
4,4,True,4,0,0,1.0,1.0,1.0,0.6565395159206264,0.48084584264609276,2.75,6.785691789412297,11.785691789412283,9.28569178941229,JUNCTION,JUNCTION,True,low_opening_iou,15,4,0.0,0.0,0.0,0.7,0.0,0.0,0.0,visibility_0.70
4,5,False,4,1,0,0.8,1.0,0.888888888888889,0.591810267872114,0.4623517717750892,1.75,9.285691789412297,12.785691789412283,11.03569178941229,JUNCTION,JUNCTION,True,opening_count_mismatch;false_positive_opening;low_opening_iou,16,4,0.0,0.0,0.0,0.7,0.0,0.0,0.0,visibility_0.70
4,5,False,4,1,0,0.8,1.0,0.888888888888889,0.46697528949283995,0.4623517717750887,0.875,13.535691789412297,15.285691789412283,14.41069178941229,JUNCTION,JUNCTION,True,opening_count_mismatch;false_positive_opening;low_opening_iou,17,4,0.0,0.0,0.0,0.7,0.0,0.0,0.0,visibility_0.70
4,4,True,4,0,0,1.0,1.0,1.0,0.5317045375413524,0.48084584264609276,0.875,12.285691789412297,13.035691789412283,12.66069178941229,JUNCTION,JUNCTION,True,low_opening_iou,18,4,0.0,0.0,0.0,0.7,0.0,0.0,0.0,visibility_0.70
4,4,True,4,0,0,1.0,1.0,1.0,0.601859713287483,0.4993399135170963,2.625,8.267845894706156,13.285691789412283,10.77676884205922,JUNCTION,JUNCTION,True,low_opening_iou,19,4,0.0,0.0,0.0,0.7,0.0,0.0,0.0,visibility_0.70
4,4,True,4,0,0,1.0,1.0,1.0,0.6519159982028755,0.554822126130107,1.625,7.785691789412297,11.035691789412283,9.41069178941229,JUNCTION,JUNCTION,True,NONE,20,4,0.0,0.0,0.0,0.7,0.0,0.0,0.0,visibility_0.70
4,4,True,4,0,0,1.0,1.0,1.0,0.5501986084123559,0.4993399135170963,1.125,11.785691789412297,12.535691789412283,12.16069178941229,JUNCTION,JUNCTION,True,low_opening_iou,21,4,0.0,0.0,0.0,0.7,0.0,0.0,0.0,visibility_0.70
4,4,True,4,0,0,1.0,1.0,1.0,0.6472924804851247,0.4993399135170963,3.5,9.285691789412297,9.785691789412283,9.53569178941229,JUNCTION,JUNCTION,True,low_opening_iou,22,4,0.0,0.0,0.0,0.7,0.0,0.0,0.0,visibility_0.70
4,4,True,4,0,0,1.0,1.0,1.0,0.633421927331872,0.48084584264609276,2.375,8.785691789412297,11.035691789412283,9.91069178941229,JUNCTION,JUNCTION,True,low_opening_iou,23,4,0.0,0.0,0.0,0.7,0.0,0.0,0.0,visibility_0.70
4,5,False,4,1,0,0.8,1.0,0.888888888888889,0.6380454450496229,0.5548221261301064,1.5,10.035691789412297,9.535691789412283,9.78569178941229,JUNCTION,JUNCTION,True,opening_count_mismatch;false_positive_opening,24,4,0.0,0.0,0.0,0.7,0.0,0.0,0.0,visibility_0.70
4,4,True,4,0,0,1.0,1.0,1.0,0.6426689627673737,0.4993399135170963,2.625,7.535691789412297,11.785691789412283,9.66069178941229,JUNCTION,JUNCTION,True,low_opening_iou,25,4,0.0,0.0,0.0,0.7,0.0,0.0,0.0,visibility_0.70
4,4,True,4,0,0,1.0,1.0,1.0,0.6380454450496229,0.48084584264609276,1.75,11.035691789412297,8.535691789412283,9.78569178941229,JUNCTION,JUNCTION,True,low_opening_iou,26,4,0.0,0.0,0.0,0.7,0.0,0.0,0.0,visibility_0.70
5,6,False,5,1,0,0.8333333333333334,1.0,0.9090909090909091,0.7851257038102875,0.6330987913243414,1.7000000000000057,5.894211758098772,3.294211758098771,4.594211758098771,JUNCTION,JUNCTION,True,opening_count_mismatch;false_positive_opening,7,5,0.0,0.0,0.0,0.7,0.0,0.0,0.0,visibility_0.70
5,5,True,5,0,0,1.0,1.0,1.0,0.764408170265686,0.7034431014714894,1.5999999999999943,4.6236862634979445,5.423686263497933,5.023686263497939,JUNCTION,JUNCTION,True,NONE,8,5,0.0,0.0,0.0,0.7,0.0,0.0,0.0,visibility_0.70
5,5,True,5,0,0,1.0,1.0,1.0,0.7704935947487305,0.6565468947067233,1.2000000000000057,4.6942117580987714,5.094211758098771,4.894211758098772,JUNCTION,JUNCTION,True,NONE,9,5,0.0,0.0,0.0,0.7,0.0,0.0,0.0,visibility_0.70
5,5,True,5,0,0,1.0,1.0,1.0,0.750339308236256,0.6799949980891068,1.5000000000000058,6.223686263497944,4.423686263497933,5.3236862634979385,JUNCTION,JUNCTION,True,NONE,10,5,0.0,0.0,0.0,0.7,0.0,0.0,0.0,visibility_0.70
5,5,True,5,0,0,1.0,1.0,1.0,0.6330987913243411,0.5393063777948092,1.3999999999999944,7.423686263497944,8.223686263497934,7.8236862634979385,JUNCTION,JUNCTION,True,NONE,11,5,0.0,0.0,0.0,0.7,0.0,0.0,0.0,visibility_0.70
5,5,True,5,0,0,1.0,1.0,1.0,0.7268912048538733,0.6330987913243409,1.9999999999999942,5.6236862634979445,6.023686263497933,5.8236862634979385,JUNCTION,JUNCTION,True,NONE,12,5,0.0,0.0,0.0,0.7,0.0,0.0,0.0,visibility_0.70
5,5,True,5,0,0,1.0,1.0,1.0,0.6424780326772943,0.5862025845595744,1.8000000000000056,8.023686263497945,7.2236862634979335,7.623686263497939,JUNCTION,JUNCTION,True,NONE,13,5,0.0,0.0,0.0,0.7,0.0,0.0,0.0,visibility_0.70
5,5,True,5,0,0,1.0,1.0,1.0,0.6362891878108676,0.5393063777948085,1.3000000000000056,9.023686263497945,6.494211758098771,7.758949010798358,JUNCTION,JUNCTION,True,NONE,14,5,0.0,0.0,0.0,0.7,0.0,0.0,0.0,visibility_0.70
5,5,True,5,0,0,1.0,1.0,1.0,0.8394421010893115,0.7737874116186393,2.399999999999994,4.023686263497945,2.823686263497933,3.423686263497939,JUNCTION,JUNCTION,True,NONE,15,5,0.0,0.0,0.0,0.7,0.0,0.0,0.0,visibility_0.70
5,5,True,5,0,0,1.0,1.0,1.0,0.7721530306424632,0.6799949980891072,1.4000000000000057,4.294211758098771,5.423686263497933,4.858949010798352,JUNCTION,JUNCTION,True,NONE,16,5,0.0,0.0,0.0,0.7,0.0,0.0,0.0,visibility_0.70
5,5,True,5,0,0,1.0,1.0,1.0,0.7488207759339887,0.6799949980891075,2.100000000000006,4.6942117580987714,6.023686263497933,5.358949010798352,JUNCTION,JUNCTION,True,NONE,17,5,0.0,0.0,0.0,0.7,0.0,0.0,0.0,visibility_0.70
5,5,True,5,0,0,1.0,1.0,1.0,0.576823343206622,0.5627544811771922,0.4000000000000057,9.223686263497944,8.823686263497933,9.02368626349794,JUNCTION,JUNCTION,True,NONE,18,5,0.0,0.0,0.0,0.7,0.0,0.0,0.0,visibility_0.70
5,5,True,5,0,0,1.0,1.0,1.0,0.6363278040355037,0.5393063777948092,1.3000000000000056,8.823686263497944,6.6942117580987714,7.758949010798358,JUNCTION,JUNCTION,True,NONE,19,5,0.0,0.0,0.0,0.7,0.0,0.0,0.0,visibility_0.70
5,5,True,5,0,0,1.0,1.0,1.0,0.8425552651265663,0.7737874116186383,1.5000000000000058,2.894211758098771,3.823686263497933,3.3589490107983524,JUNCTION,JUNCTION,True,NONE,20,5,0.0,0.0,0.0,0.7,0.0,0.0,0.0,visibility_0.70
5,5,True,5,0,0,1.0,1.0,1.0,0.7299850607788101,0.5862025845595756,1.1000000000000056,5.6942117580987714,5.823686263497933,5.758949010798352,JUNCTION,JUNCTION,True,NONE,21,5,0.0,0.0,0.0,0.7,0.0,0.0,0.0,visibility_0.70
5,5,True,5,0,0,1.0,1.0,1.0,0.7315808255303498,0.5862025845595744,1.4999999999999942,6.023686263497945,5.423686263497933,5.723686263497939,JUNCTION,JUNCTION,True,NONE,22,5,0.0,0.0,0.0,0.7,0.0,0.0,0.0,visibility_0.70
5,5,True,5,0,0,1.0,1.0,1.0,0.7644081702656859,0.6799949980891077,1.0000000000000058,5.823686263497945,4.2236862634979335,5.023686263497939,JUNCTION,JUNCTION,True,NONE,23,5,0.0,0.0,0.0,0.7,0.0,0.0,0.0,visibility_0.70
5,5,True,5,0,0,1.0,1.0,1.0,0.7175119635009198,0.5862025845595752,1.3999999999999944,5.6236862634979445,6.423686263497933,6.023686263497939,JUNCTION,JUNCTION,True,NONE,24,5,0.0,0.0,0.0,0.7,0.0,0.0,0.0,visibility_0.70
5,6,False,5,1,0,0.8333333333333334,1.0,0.9090909090909091,0.809689304166594,0.7503393082362553,2.0000000000000058,6.023686263497945,2.0942117580987714,4.058949010798358,JUNCTION,JUNCTION,True,opening_count_mismatch;false_positive_opening,25,5,0.0,0.0,0.0,0.7,0.0,0.0,0.0,visibility_0.70
5,5,True,5,0,0,1.0,1.0,1.0,0.8128990087654394,0.6565468947067247,1.6999999999999944,4.09421175809876,3.8942117580987485,3.9942117580987544,JUNCTION,JUNCTION,True,NONE,26,5,0.0,0.0,0.0,0.7,0.0,0.0,0.0,visibility_0.70
2,2,True,2,0,0,1.0,1.0,1.0,0.362310328110652,0.29755828570988213,7.504586944875157,21.64075555075317,22.786418036990824,22.213586793871997,CORRIDOR,CORRIDOR,True,low_opening_iou,7,2,0.0,0.0,0.0,1.0,0.35,-0.25,0.0,anchor_offset
2,2,True,2,0,0,1.0,1.0,1.0,0.362310328110652,0.29755828570988213,7.504586944875157,21.64075555075317,22.786418036990824,22.213586793871997,CORRIDOR,CORRIDOR,True,low_opening_iou,8,2,0.0,0.0,0.0,1.0,0.35,-0.25,0.0,anchor_offset
2,2,True,2,0,0,1.0,1.0,1.0,0.362310328110652,0.29755828570988213,7.504586944875157,21.64075555075317,22.786418036990824,22.213586793871997,CORRIDOR,CORRIDOR,True,low_opening_iou,9,2,0.0,0.0,0.0,1.0,0.35,-0.25,0.0,anchor_offset
2,2,True,2,0,0,1.0,1.0,1.0,0.362310328110652,0.29755828570988213,7.504586944875157,21.64075555075317,22.786418036990824,22.213586793871997,CORRIDOR,CORRIDOR,True,low_opening_iou,10,2,0.0,0.0,0.0,1.0,0.35,-0.25,0.0,anchor_offset
2,2,True,2,0,0,1.0,1.0,1.0,0.362310328110652,0.29755828570988213,7.504586944875157,21.64075555075317,22.786418036990824,22.213586793871997,CORRIDOR,CORRIDOR,True,low_opening_iou,11,2,0.0,0.0,0.0,1.0,0.35,-0.25,0.0,anchor_offset
2,2,True,2,0,0,1.0,1.0,1.0,0.362310328110652,0.29755828570988213,7.504586944875157,21.64075555075317,22.786418036990824,22.213586793871997,CORRIDOR,CORRIDOR,True,low_opening_iou,12,2,0.0,0.0,0.0,1.0,0.35,-0.25,0.0,anchor_offset
2,2,True,2,0,0,1.0,1.0,1.0,0.362310328110652,0.29755828570988213,7.504586944875157,21.64075555075317,22.786418036990824,22.213586793871997,CORRIDOR,CORRIDOR,True,low_opening_iou,13,2,0.0,0.0,0.0,1.0,0.35,-0.25,0.0,anchor_offset
2,2,True,2,0,0,1.0,1.0,1.0,0.362310328110652,0.29755828570988213,7.504586944875157,21.64075555075317,22.786418036990824,22.213586793871997,CORRIDOR,CORRIDOR,True,low_opening_iou,14,2,0.0,0.0,0.0,1.0,0.35,-0.25,0.0,anchor_offset
2,2,True,2,0,0,1.0,1.0,1.0,0.362310328110652,0.29755828570988213,7.504586944875157,21.64075555075317,22.786418036990824,22.213586793871997,CORRIDOR,CORRIDOR,True,low_opening_iou,15,2,0.0,0.0,0.0,1.0,0.35,-0.25,0.0,anchor_offset
2,2,True,2,0,0,1.0,1.0,1.0,0.362310328110652,0.29755828570988213,7.504586944875157,21.64075555075317,22.786418036990824,22.213586793871997,CORRIDOR,CORRIDOR,True,low_opening_iou,16,2,0.0,0.0,0.0,1.0,0.35,-0.25,0.0,anchor_offset
2,2,True,2,0,0,1.0,1.0,1.0,0.362310328110652,0.29755828570988213,7.504586944875157,21.64075555075317,22.786418036990824,22.213586793871997,CORRIDOR,CORRIDOR,True,low_opening_iou,17,2,0.0,0.0,0.0,1.0,0.35,-0.25,0.0,anchor_offset
2,2,True,2,0,0,1.0,1.0,1.0,0.362310328110652,0.29755828570988213,7.504586944875157,21.64075555075317,22.786418036990824,22.213586793871997,CORRIDOR,CORRIDOR,True,low_opening_iou,18,2,0.0,0.0,0.0,1.0,0.35,-0.25,0.0,anchor_offset
2,2,True,2,0,0,1.0,1.0,1.0,0.362310328110652,0.29755828570988213,7.504586944875157,21.64075555075317,22.786418036990824,22.213586793871997,CORRIDOR,CORRIDOR,True,low_opening_iou,19,2,0.0,0.0,0.0,1.0,0.35,-0.25,0.0,anchor_offset
2,2,True,2,0,0,1.0,1.0,1.0,0.362310328110652,0.29755828570988213,7.504586944875157,21.64075555075317,22.786418036990824,22.213586793871997,CORRIDOR,CORRIDOR,True,low_opening_iou,20,2,0.0,0.0,0.0,1.0,0.35,-0.25,0.0,anchor_offset
2,2,True,2,0,0,1.0,1.0,1.0,0.362310328110652,0.29755828570988213,7.504586944875157,21.64075555075317,22.786418036990824,22.213586793871997,CORRIDOR,CORRIDOR,True,low_opening_iou,21,2,0.0,0.0,0.0,1.0,0.35,-0.25,0.0,anchor_offset
2,2,True,2,0,0,1.0,1.0,1.0,0.362310328110652,0.29755828570988213,7.504586944875157,21.64075555075317,22.786418036990824,22.213586793871997,CORRIDOR,CORRIDOR,True,low_opening_iou,22,2,0.0,0.0,0.0,1.0,0.35,-0.25,0.0,anchor_offset
2,2,True,2,0,0,1.0,1.0,1.0,0.362310328110652,0.29755828570988213,7.504586944875157,21.64075555075317,22.786418036990824,22.213586793871997,CORRIDOR,CORRIDOR,True,low_opening_iou,23,2,0.0,0.0,0.0,1.0,0.35,-0.25,0.0,anchor_offset
2,2,True,2,0,0,1.0,1.0,1.0,0.362310328110652,0.29755828570988213,7.504586944875157,21.64075555075317,22.786418036990824,22.213586793871997,CORRIDOR,CORRIDOR,True,low_opening_iou,24,2,0.0,0.0,0.0,1.0,0.35,-0.25,0.0,anchor_offset
2,2,True,2,0,0,1.0,1.0,1.0,0.362310328110652,0.29755828570988213,7.504586944875157,21.64075555075317,22.786418036990824,22.213586793871997,CORRIDOR,CORRIDOR,True,low_opening_iou,25,2,0.0,0.0,0.0,1.0,0.35,-0.25,0.0,anchor_offset
2,2,True,2,0,0,1.0,1.0,1.0,0.362310328110652,0.29755828570988213,7.504586944875157,21.64075555075317,22.786418036990824,22.213586793871997,CORRIDOR,CORRIDOR,True,low_opening_iou,26,2,0.0,0.0,0.0,1.0,0.35,-0.25,0.0,anchor_offset
3,3,True,3,0,0,1.0,1.0,1.0,0.3647335801734663,0.29755828570988213,8.527344161184866,21.55761722829331,21.795335778954797,21.676476503624055,JUNCTION,JUNCTION,True,low_opening_iou,7,3,0.0,0.0,0.0,1.0,0.35,-0.25,0.0,anchor_offset
3,3,True,3,0,0,1.0,1.0,1.0,0.3647335801734663,0.29755828570988213,8.527344161184866,21.55761722829331,21.795335778954797,21.676476503624055,JUNCTION,JUNCTION,True,low_opening_iou,8,3,0.0,0.0,0.0,1.0,0.35,-0.25,0.0,anchor_offset
3,3,True,3,0,0,1.0,1.0,1.0,0.3647335801734663,0.29755828570988213,8.527344161184866,21.55761722829331,21.795335778954797,21.676476503624055,JUNCTION,JUNCTION,True,low_opening_iou,9,3,0.0,0.0,0.0,1.0,0.35,-0.25,0.0,anchor_offset
3,3,True,3,0,0,1.0,1.0,1.0,0.3647335801734663,0.29755828570988213,8.527344161184866,21.55761722829331,21.795335778954797,21.676476503624055,JUNCTION,JUNCTION,True,low_opening_iou,10,3,0.0,0.0,0.0,1.0,0.35,-0.25,0.0,anchor_offset
3,3,True,3,0,0,1.0,1.0,1.0,0.3647335801734663,0.29755828570988213,8.527344161184866,21.55761722829331,21.795335778954797,21.676476503624055,JUNCTION,JUNCTION,True,low_opening_iou,11,3,0.0,0.0,0.0,1.0,0.35,-0.25,0.0,anchor_offset
3,3,True,3,0,0,1.0,1.0,1.0,0.3647335801734663,0.29755828570988213,8.527344161184866,21.55761722829331,21.795335778954797,21.676476503624055,JUNCTION,JUNCTION,True,low_opening_iou,12,3,0.0,0.0,0.0,1.0,0.35,-0.25,0.0,anchor_offset
3,3,True,3,0,0,1.0,1.0,1.0,0.3647335801734663,0.29755828570988213,8.527344161184866,21.55761722829331,21.795335778954797,21.676476503624055,JUNCTION,JUNCTION,True,low_opening_iou,13,3,0.0,0.0,0.0,1.0,0.35,-0.25,0.0,anchor_offset
3,3,True,3,0,0,1.0,1.0,1.0,0.3647335801734663,0.29755828570988213,8.527344161184866,21.55761722829331,21.795335778954797,21.676476503624055,JUNCTION,JUNCTION,True,low_opening_iou,14,3,0.0,0.0,0.0,1.0,0.35,-0.25,0.0,anchor_offset
3,3,True,3,0,0,1.0,1.0,1.0,0.3647335801734663,0.29755828570988213,8.527344161184866,21.55761722829331,21.795335778954797,21.676476503624055,JUNCTION,JUNCTION,True,low_opening_iou,15,3,0.0,0.0,0.0,1.0,0.35,-0.25,0.0,anchor_offset
3,3,True,3,0,0,1.0,1.0,1.0,0.3647335801734663,0.29755828570988213,8.527344161184866,21.55761722829331,21.795335778954797,21.676476503624055,JUNCTION,JUNCTION,True,low_opening_iou,16,3,0.0,0.0,0.0,1.0,0.35,-0.25,0.0,anchor_offset
3,3,True,3,0,0,1.0,1.0,1.0,0.3647335801734663,0.29755828570988213,8.527344161184866,21.55761722829331,21.795335778954797,21.676476503624055,JUNCTION,JUNCTION,True,low_opening_iou,17,3,0.0,0.0,0.0,1.0,0.35,-0.25,0.0,anchor_offset
3,3,True,3,0,0,1.0,1.0,1.0,0.3647335801734663,0.29755828570988213,8.527344161184866,21.55761722829331,21.795335778954797,21.676476503624055,JUNCTION,JUNCTION,True,low_opening_iou,18,3,0.0,0.0,0.0,1.0,0.35,-0.25,0.0,anchor_offset
3,3,True,3,0,0,1.0,1.0,1.0,0.3647335801734663,0.29755828570988213,8.527344161184866,21.55761722829331,21.795335778954797,21.676476503624055,JUNCTION,JUNCTION,True,low_opening_iou,19,3,0.0,0.0,0.0,1.0,0.35,-0.25,0.0,anchor_offset
3,3,True,3,0,0,1.0,1.0,1.0,0.3647335801734663,0.29755828570988213,8.527344161184866,21.55761722829331,21.795335778954797,21.676476503624055,JUNCTION,JUNCTION,True,low_opening_iou,20,3,0.0,0.0,0.0,1.0,0.35,-0.25,0.0,anchor_offset
3,3,True,3,0,0,1.0,1.0,1.0,0.3647335801734663,0.29755828570988213,8.527344161184866,21.55761722829331,21.795335778954797,21.676476503624055,JUNCTION,JUNCTION,True,low_opening_iou,21,3,0.0,0.0,0.0,1.0,0.35,-0.25,0.0,anchor_offset
3,3,True,3,0,0,1.0,1.0,1.0,0.3647335801734663,0.29755828570988213,8.527344161184866,21.55761722829331,21.795335778954797,21.676476503624055,JUNCTION,JUNCTION,True,low_opening_iou,22,3,0.0,0.0,0.0,1.0,0.35,-0.25,0.0,anchor_offset
3,3,True,3,0,0,1.0,1.0,1.0,0.3647335801734663,0.29755828570988213,8.527344161184866,21.55761722829331,21.795335778954797,21.676476503624055,JUNCTION,JUNCTION,True,low_opening_iou,23,3,0.0,0.0,0.0,1.0,0.35,-0.25,0.0,anchor_offset
3,3,True,3,0,0,1.0,1.0,1.0,0.3647335801734663,0.29755828570988213,8.527344161184866,21.55761722829331,21.795335778954797,21.676476503624055,JUNCTION,JUNCTION,True,low_opening_iou,24,3,0.0,0.0,0.0,1.0,0.35,-0.25,0.0,anchor_offset
3,3,True,3,0,0,1.0,1.0,1.0,0.3647335801734663,0.29755828570988213,8.527344161184866,21.55761722829331,21.795335778954797,21.676476503624055,JUNCTION,JUNCTION,True,low_opening_iou,25,3,0.0,0.0,0.0,1.0,0.35,-0.25,0.0,anchor_offset
3,3,True,3,0,0,1.0,1.0,1.0,0.3647335801734663,0.29755828570988213,8.527344161184866,21.55761722829331,21.795335778954797,21.676476503624055,JUNCTION,JUNCTION,True,low_opening_iou,26,3,0.0,0.0,0.0,1.0,0.35,-0.25,0.0,anchor_offset
4,4,True,4,0,0,1.0,1.0,1.0,0.4517688027761607,0.3820670933491219,5.894368089432007,15.023972737235894,15.015999771132755,15.019986254184325,JUNCTION,JUNCTION,True,low_opening_iou,7,4,0.0,0.0,0.0,1.0,0.35,-0.25,0.0,anchor_offset
4,4,True,4,0,0,1.0,1.0,1.0,0.4517688027761607,0.3820670933491219,5.894368089432007,15.023972737235894,15.015999771132755,15.019986254184325,JUNCTION,JUNCTION,True,low_opening_iou,8,4,0.0,0.0,0.0,1.0,0.35,-0.25,0.0,anchor_offset
4,4,True,4,0,0,1.0,1.0,1.0,0.4517688027761607,0.3820670933491219,5.894368089432007,15.023972737235894,15.015999771132755,15.019986254184325,JUNCTION,JUNCTION,True,low_opening_iou,9,4,0.0,0.0,0.0,1.0,0.35,-0.25,0.0,anchor_offset
4,4,True,4,0,0,1.0,1.0,1.0,0.4517688027761607,0.3820670933491219,5.894368089432007,15.023972737235894,15.015999771132755,15.019986254184325,JUNCTION,JUNCTION,True,low_opening_iou,10,4,0.0,0.0,0.0,1.0,0.35,-0.25,0.0,anchor_offset
4,4,True,4,0,0,1.0,1.0,1.0,0.4517688027761607,0.3820670933491219,5.894368089432007,15.023972737235894,15.015999771132755,15.019986254184325,JUNCTION,JUNCTION,True,low_opening_iou,11,4,0.0,0.0,0.0,1.0,0.35,-0.25,0.0,anchor_offset
4,4,True,4,0,0,1.0,1.0,1.0,0.4517688027761607,0.3820670933491219,5.894368089432007,15.023972737235894,15.015999771132755,15.019986254184325,JUNCTION,JUNCTION,True,low_opening_iou,12,4,0.0,0.0,0.0,1.0,0.35,-0.25,0.0,anchor_offset
4,4,True,4,0,0,1.0,1.0,1.0,0.4517688027761607,0.3820670933491219,5.894368089432007,15.023972737235894,15.015999771132755,15.019986254184325,JUNCTION,JUNCTION,True,low_opening_iou,13,4,0.0,0.0,0.0,1.0,0.35,-0.25,0.0,anchor_offset
4,4,True,4,0,0,1.0,1.0,1.0,0.4517688027761607,0.3820670933491219,5.894368089432007,15.023972737235894,15.015999771132755,15.019986254184325,JUNCTION,JUNCTION,True,low_opening_iou,14,4,0.0,0.0,0.0,1.0,0.35,-0.25,0.0,anchor_offset
4,4,True,4,0,0,1.0,1.0,1.0,0.4517688027761607,0.3820670933491219,5.894368089432007,15.023972737235894,15.015999771132755,15.019986254184325,JUNCTION,JUNCTION,True,low_opening_iou,15,4,0.0,0.0,0.0,1.0,0.35,-0.25,0.0,anchor_offset
4,4,True,4,0,0,1.0,1.0,1.0,0.4517688027761607,0.3820670933491219,5.894368089432007,15.023972737235894,15.015999771132755,15.019986254184325,JUNCTION,JUNCTION,True,low_opening_iou,16,4,0.0,0.0,0.0,1.0,0.35,-0.25,0.0,anchor_offset
4,4,True,4,0,0,1.0,1.0,1.0,0.4517688027761607,0.3820670933491219,5.894368089432007,15.023972737235894,15.015999771132755,15.019986254184325,JUNCTION,JUNCTION,True,low_opening_iou,17,4,0.0,0.0,0.0,1.0,0.35,-0.25,0.0,anchor_offset
4,4,True,4,0,0,1.0,1.0,1.0,0.4517688027761607,0.3820670933491219,5.894368089432007,15.023972737235894,15.015999771132755,15.019986254184325,JUNCTION,JUNCTION,True,low_opening_iou,18,4,0.0,0.0,0.0,1.0,0.35,-0.25,0.0,anchor_offset
4,4,True,4,0,0,1.0,1.0,1.0,0.4517688027761607,0.3820670933491219,5.894368089432007,15.023972737235894,15.015999771132755,15.019986254184325,JUNCTION,JUNCTION,True,low_opening_iou,19,4,0.0,0.0,0.0,1.0,0.35,-0.25,0.0,anchor_offset
4,4,True,4,0,0,1.0,1.0,1.0,0.4517688027761607,0.3820670933491219,5.894368089432007,15.023972737235894,15.015999771132755,15.019986254184325,JUNCTION,JUNCTION,True,low_opening_iou,20,4,0.0,0.0,0.0,1.0,0.35,-0.25,0.0,anchor_offset
4,4,True,4,0,0,1.0,1.0,1.0,0.4517688027761607,0.3820670933491219,5.894368089432007,15.023972737235894,15.015999771132755,15.019986254184325,JUNCTION,JUNCTION,True,low_opening_iou,21,4,0.0,0.0,0.0,1.0,0.35,-0.25,0.0,anchor_offset
4,4,True,4,0,0,1.0,1.0,1.0,0.4517688027761607,0.3820670933491219,5.894368089432007,15.023972737235894,15.015999771132755,15.019986254184325,JUNCTION,JUNCTION,True,low_opening_iou,22,4,0.0,0.0,0.0,1.0,0.35,-0.25,0.0,anchor_offset
4,4,True,4,0,0,1.0,1.0,1.0,0.4517688027761607,0.3820670933491219,5.894368089432007,15.023972737235894,15.015999771132755,15.019986254184325,JUNCTION,JUNCTION,True,low_opening_iou,23,4,0.0,0.0,0.0,1.0,0.35,-0.25,0.0,anchor_offset
4,4,True,4,0,0,1.0,1.0,1.0,0.4517688027761607,0.3820670933491219,5.894368089432007,15.023972737235894,15.015999771132755,15.019986254184325,JUNCTION,JUNCTION,True,low_opening_iou,24,4,0.0,0.0,0.0,1.0,0.35,-0.25,0.0,anchor_offset
4,4,True,4,0,0,1.0,1.0,1.0,0.4517688027761607,0.3820670933491219,5.894368089432007,15.023972737235894,15.015999771132755,15.019986254184325,JUNCTION,JUNCTION,True,low_opening_iou,25,4,0.0,0.0,0.0,1.0,0.35,-0.25,0.0,anchor_offset
4,4,True,4,0,0,1.0,1.0,1.0,0.4517688027761607,0.3820670933491219,5.894368089432007,15.023972737235894,15.015999771132755,15.019986254184325,JUNCTION,JUNCTION,True,low_opening_iou,26,4,0.0,0.0,0.0,1.0,0.35,-0.25,0.0,anchor_offset
5,5,True,5,0,0,1.0,1.0,1.0,0.5747690782253281,0.49786881055360577,3.2718796451275183,9.222671688966903,9.222646950949677,9.222659319958291,JUNCTION,JUNCTION,True,low_opening_iou,7,5,0.0,0.0,0.0,1.0,0.35,-0.25,0.0,anchor_offset
5,5,True,5,0,0,1.0,1.0,1.0,0.5747690782253281,0.49786881055360577,3.2718796451275183,9.222671688966903,9.222646950949677,9.222659319958291,JUNCTION,JUNCTION,True,low_opening_iou,8,5,0.0,0.0,0.0,1.0,0.35,-0.25,0.0,anchor_offset
5,5,True,5,0,0,1.0,1.0,1.0,0.5747690782253281,0.49786881055360577,3.2718796451275183,9.222671688966903,9.222646950949677,9.222659319958291,JUNCTION,JUNCTION,True,low_opening_iou,9,5,0.0,0.0,0.0,1.0,0.35,-0.25,0.0,anchor_offset
5,5,True,5,0,0,1.0,1.0,1.0,0.5747690782253281,0.49786881055360577,3.2718796451275183,9.222671688966903,9.222646950949677,9.222659319958291,JUNCTION,JUNCTION,True,low_opening_iou,10,5,0.0,0.0,0.0,1.0,0.35,-0.25,0.0,anchor_offset
5,5,True,5,0,0,1.0,1.0,1.0,0.5747690782253281,0.49786881055360577,3.2718796451275183,9.222671688966903,9.222646950949677,9.222659319958291,JUNCTION,JUNCTION,True,low_opening_iou,11,5,0.0,0.0,0.0,1.0,0.35,-0.25,0.0,anchor_offset
5,5,True,5,0,0,1.0,1.0,1.0,0.5747690782253281,0.49786881055360577,3.2718796451275183,9.222671688966903,9.222646950949677,9.222659319958291,JUNCTION,JUNCTION,True,low_opening_iou,12,5,0.0,0.0,0.0,1.0,0.35,-0.25,0.0,anchor_offset
5,5,True,5,0,0,1.0,1.0,1.0,0.5747690782253281,0.49786881055360577,3.2718796451275183,9.222671688966903,9.222646950949677,9.222659319958291,JUNCTION,JUNCTION,True,low_opening_iou,13,5,0.0,0.0,0.0,1.0,0.35,-0.25,0.0,anchor_offset
5,5,True,5,0,0,1.0,1.0,1.0,0.5747690782253281,0.49786881055360577,3.2718796451275183,9.222671688966903,9.222646950949677,9.222659319958291,JUNCTION,JUNCTION,True,low_opening_iou,14,5,0.0,0.0,0.0,1.0,0.35,-0.25,0.0,anchor_offset
5,5,True,5,0,0,1.0,1.0,1.0,0.5747690782253281,0.49786881055360577,3.2718796451275183,9.222671688966903,9.222646950949677,9.222659319958291,JUNCTION,JUNCTION,True,low_opening_iou,15,5,0.0,0.0,0.0,1.0,0.35,-0.25,0.0,anchor_offset
5,5,True,5,0,0,1.0,1.0,1.0,0.5747690782253281,0.49786881055360577,3.2718796451275183,9.222671688966903,9.222646950949677,9.222659319958291,JUNCTION,JUNCTION,True,low_opening_iou,16,5,0.0,0.0,0.0,1.0,0.35,-0.25,0.0,anchor_offset
5,5,True,5,0,0,1.0,1.0,1.0,0.5747690782253281,0.49786881055360577,3.2718796451275183,9.222671688966903,9.222646950949677,9.222659319958291,JUNCTION,JUNCTION,True,low_opening_iou,17,5,0.0,0.0,0.0,1.0,0.35,-0.25,0.0,anchor_offset
5,5,True,5,0,0,1.0,1.0,1.0,0.5747690782253281,0.49786881055360577,3.2718796451275183,9.222671688966903,9.222646950949677,9.222659319958291,JUNCTION,JUNCTION,True,low_opening_iou,18,5,0.0,0.0,0.0,1.0,0.35,-0.25,0.0,anchor_offset
5,5,True,5,0,0,1.0,1.0,1.0,0.5747690782253281,0.49786881055360577,3.2718796451275183,9.222671688966903,9.222646950949677,9.222659319958291,JUNCTION,JUNCTION,True,low_opening_iou,19,5,0.0,0.0,0.0,1.0,0.35,-0.25,0.0,anchor_offset
5,5,True,5,0,0,1.0,1.0,1.0,0.5747690782253281,0.49786881055360577,3.2718796451275183,9.222671688966903,9.222646950949677,9.222659319958291,JUNCTION,JUNCTION,True,low_opening_iou,20,5,0.0,0.0,0.0,1.0,0.35,-0.25,0.0,anchor_offset
5,5,True,5,0,0,1.0,1.0,1.0,0.5747690782253281,0.49786881055360577,3.2718796451275183,9.222671688966903,9.222646950949677,9.222659319958291,JUNCTION,JUNCTION,True,low_opening_iou,21,5,0.0,0.0,0.0,1.0,0.35,-0.25,0.0,anchor_offset
5,5,True,5,0,0,1.0,1.0,1.0,0.5747690782253281,0.49786881055360577,3.2718796451275183,9.222671688966903,9.222646950949677,9.222659319958291,JUNCTION,JUNCTION,True,low_opening_iou,22,5,0.0,0.0,0.0,1.0,0.35,-0.25,0.0,anchor_offset
5,5,True,5,0,0,1.0,1.0,1.0,0.5747690782253281,0.49786881055360577,3.2718796451275183,9.222671688966903,9.222646950949677,9.222659319958291,JUNCTION,JUNCTION,True,low_opening_iou,23,5,0.0,0.0,0.0,1.0,0.35,-0.25,0.0,anchor_offset
5,5,True,5,0,0,1.0,1.0,1.0,0.5747690782253281,0.49786881055360577,3.2718796451275183,9.222671688966903,9.222646950949677,9.222659319958291,JUNCTION,JUNCTION,True,low_opening_iou,24,5,0.0,0.0,0.0,1.0,0.35,-0.25,0.0,anchor_offset
5,5,True,5,0,0,1.0,1.0,1.0,0.5747690782253281,0.49786881055360577,3.2718796451275183,9.222671688966903,9.222646950949677,9.222659319958291,JUNCTION,JUNCTION,True,low_opening_iou,25,5,0.0,0.0,0.0,1.0,0.35,-0.25,0.0,anchor_offset
5,5,True,5,0,0,1.0,1.0,1.0,0.5747690782253281,0.49786881055360577,3.2718796451275183,9.222671688966903,9.222646950949677,9.222659319958291,JUNCTION,JUNCTION,True,low_opening_iou,26,5,0.0,0.0,0.0,1.0,0.35,-0.25,0.0,anchor_offset
2,3,False,2,1,0,0.6666666666666666,1.0,0.8,0.4551928417098176,0.33415508505611713,4.825525968232554,19.687730301865244,18.089836045707344,18.888783173786294,CORRIDOR,JUNCTION,False,opening_count_mismatch;false_positive_opening;low_opening_iou;topology_mismatch,7,2,0.03,0.05,0.4,0.9,0.2,-0.15,0.0,combined_mild
2,2,True,2,0,0,1.0,1.0,1.0,0.4481980294415331,0.3876198986650959,13.575525968232554,18.187730301865244,26.979726210432787,22.583728256149016,CORRIDOR,CORRIDOR,True,low_opening_iou,8,2,0.03,0.05,0.4,0.9,0.2,-0.15,0.0,combined_mild
2,2,True,2,0,0,1.0,1.0,1.0,0.5302557244119485,0.467817119078564,2.0755259682325544,18.187730301865244,14.089836045707344,16.138783173786294,CORRIDOR,CORRIDOR,True,low_opening_iou,9,2,0.03,0.05,0.4,0.9,0.2,-0.15,0.0,combined_mild
2,3,False,2,1,0,0.6666666666666666,1.0,0.8,0.5277308689381992,0.34752128845836183,4.023208542664278,13.187730301865244,20.089836045707344,16.638783173786294,CORRIDOR,JUNCTION,False,opening_count_mismatch;false_positive_opening;low_opening_iou;topology_mismatch,10,2,0.03,0.05,0.4,0.9,0.2,-0.15,0.0,combined_mild
2,2,True,2,0,0,1.0,1.0,1.0,0.5220238587210411,0.467817119078564,2.2732085426642783,14.687730301865244,18.089836045707344,16.388783173786294,CORRIDOR,CORRIDOR,True,low_opening_iou,11,2,0.03,0.05,0.4,0.9,0.2,-0.15,0.0,combined_mild
2,3,False,2,1,0,0.6666666666666666,1.0,0.8,0.5067121518648727,0.4865848995116718,13.773208542664278,16.941732005330962,22.089836045707344,19.515784025519153,CORRIDOR,JUNCTION,False,opening_count_mismatch;false_positive_opening;low_opening_iou;topology_mismatch,12,2,0.03,0.05,0.4,0.9,0.2,-0.15,0.0,combined_mild
2,2,True,2,0,0,1.0,1.0,1.0,0.4798884387825398,0.33415508505611713,4.075525968232554,17.187730301865244,19.089836045707344,18.138783173786294,CORRIDOR,CORRIDOR,True,low_opening_iou,13,2,0.03,0.05,0.4,0.9,0.2,-0.15,0.0,combined_mild
2,4,False,2,2,0,0.5,1.0,0.6666666666666666,0.6125743813210224,0.467817119078564,2.5755259682325544,14.187730301865244,13.089836045707344,13.638783173786294,CORRIDOR,JUNCTION,False,opening_count_mismatch;false_positive_opening;low_opening_iou;topology_mismatch,14,2,0.03,0.05,0.4,0.9,0.2,-0.15,0.0,combined_mild
2,3,False,2,1,0,0.6666666666666666,1.0,0.8,0.505072081597244,0.40098610206734053,5.075525968232554,20.687730301865244,13.589836045707344,17.138783173786294,CORRIDOR,JUNCTION,False,opening_count_mismatch;false_positive_opening;low_opening_iou;topology_mismatch,15,2,0.03,0.05,0.4,0.9,0.2,-0.15,0.0,combined_mild
2,3,False,2,1,0,0.6666666666666666,1.0,0.8,0.4561689331937818,0.44452074730899965,2.8255259682325544,20.187730301865244,16.589836045707344,18.388783173786294,CORRIDOR,JUNCTION,False,opening_count_mismatch;false_positive_opening;low_opening_iou;topology_mismatch,16,2,0.03,0.05,0.4,0.9,0.2,-0.15,0.0,combined_mild
2,2,True,2,0,0,1.0,1.0,1.0,0.4770626932759689,0.45957586066888445,16.77320854266428,24.558267994669038,20.589836045707344,22.57405202018819,CORRIDOR,CORRIDOR,True,low_opening_iou,17,2,0.03,0.05,0.4,0.9,0.2,-0.15,0.0,combined_mild
2,2,True,2,0,0,1.0,1.0,1.0,0.524633340958629,0.3742536952628512,3.5232085426642783,13.687730301865244,19.589836045707344,16.638783173786294,CORRIDOR,CORRIDOR,True,low_opening_iou,18,2,0.03,0.05,0.4,0.9,0.2,-0.15,0.0,combined_mild
2,2,True,2,0,0,1.0,1.0,1.0,0.5271581964323784,0.49454952588305334,4.075525968232554,15.187730301865244,17.089836045707344,16.138783173786294,CORRIDOR,CORRIDOR,True,low_opening_iou,19,2,0.03,0.05,0.4,0.9,0.2,-0.15,0.0,combined_mild
2,4,False,2,2,0,0.5,1.0,0.6666666666666666,0.5173775667516858,0.507915729285298,7.325525968232554,17.187730301865244,15.589836045707344,16.388783173786294,CORRIDOR,JUNCTION,False,opening_count_mismatch;false_positive_opening;topology_mismatch,20,2,0.03,0.05,0.4,0.9,0.2,-0.15,0.0,combined_mild
2,2,True,2,0,0,1.0,1.0,1.0,0.3542499691165977,0.3207888816538724,19.52320854266428,38.55826799466904,22.089836045707344,30.32405202018819,CORRIDOR,CORRIDOR,True,low_opening_iou,21,2,0.03,0.05,0.4,0.9,0.2,-0.15,0.0,combined_mild
2,2,True,2,0,0,1.0,1.0,1.0,0.5308283969177692,0.3207888816538724,5.075525968232554,17.187730301865244,16.089836045707344,16.638783173786294,CORRIDOR,CORRIDOR,True,low_opening_iou,22,2,0.03,0.05,0.4,0.9,0.2,-0.15,0.0,combined_mild
2,3,False,2,1,0,0.6666666666666666,1.0,0.8,0.43253405436886255,0.3876198986650959,1.8255259682325544,19.187730301865244,19.589836045707344,19.388783173786294,CORRIDOR,JUNCTION,False,opening_count_mismatch;false_positive_opening;low_opening_iou;topology_mismatch,23,2,0.03,0.05,0.4,0.9,0.2,-0.15,0.0,combined_mild
2,2,True,2,0,0,1.0,1.0,1.0,0.45771769718356686,0.4544509156763193,4.325525968232554,20.187730301865244,16.589836045707344,18.388783173786294,CORRIDOR,CORRIDOR,True,low_opening_iou,24,2,0.03,0.05,0.4,0.9,0.2,-0.15,0.0,combined_mild
2,3,False,2,1,0,0.6666666666666666,1.0,0.8,0.6544700333746688,0.44452074730899965,2.9767914573357217,12.687730301865244,9.520273789567213,11.104002045716229,CORRIDOR,JUNCTION,False,opening_count_mismatch;false_positive_opening;low_opening_iou;topology_mismatch,25,2,0.03,0.05,0.4,0.9,0.2,-0.15,0.0,combined_mild
2,3,False,2,1,0,0.6666666666666666,1.0,0.8,0.46187594341093996,0.34752128845836183,5.575525968232554,20.687730301865244,16.589836045707344,18.638783173786294,CORRIDOR,JUNCTION,False,opening_count_mismatch;false_positive_opening;low_opening_iou;topology_mismatch,26,2,0.03,0.05,0.4,0.9,0.2,-0.15,0.0,combined_mild
3,3,True,3,0,0,1.0,1.0,1.0,0.5376133762176468,0.45901943414013296,7.1529170951788785,14.188440549296226,18.222043327621254,16.20524193845874,JUNCTION,JUNCTION,True,low_opening_iou,7,3,0.03,0.05,0.4,0.9,0.2,-0.15,0.0,combined_mild
3,4,False,3,1,0,0.75,1.0,0.8571428571428571,0.41786522266933107,0.3207888816538724,3.319583761845545,18.57397554023088,20.88870999428792,19.731342767259402,JUNCTION,JUNCTION,True,opening_count_mismatch;false_positive_opening;low_opening_iou,8,3,0.03,0.05,0.4,0.9,0.2,-0.15,0.0,combined_mild
3,3,True,3,0,0,1.0,1.0,1.0,0.49092898024969256,0.3849840415368857,3.1493112706834743,18.240642206897547,15.888709994287922,17.064676100592735,JUNCTION,JUNCTION,True,low_opening_iou,9,3,0.03,0.05,0.4,0.9,0.2,-0.15,0.0,combined_mild
3,4,False,3,1,0,0.75,1.0,0.8571428571428571,0.42588300405921103,0.3207888816538724,4.1529170951788785,17.57397554023088,21.55537666095459,19.564676100592735,JUNCTION,JUNCTION,True,opening_count_mismatch;false_positive_opening;low_opening_iou,10,3,0.03,0.05,0.4,0.9,0.2,-0.15,0.0,combined_mild
3,3,True,3,0,0,1.0,1.0,1.0,0.4739983947200006,0.3207888816538724,4.8195837618455455,17.57397554023088,18.88870999428792,18.231342767259402,JUNCTION,JUNCTION,True,low_opening_iou,11,3,0.03,0.05,0.4,0.9,0.2,-0.15,0.0,combined_mild
3,4,False,3,1,0,0.75,1.0,0.8571428571428571,0.44205569377859316,0.3553698844955868,4.982644604016808,19.240642206897547,18.55537666095459,18.898009433926067,JUNCTION,JUNCTION,True,opening_count_mismatch;false_positive_opening;low_opening_iou,12,3,0.03,0.05,0.4,0.9,0.2,-0.15,0.0,combined_mild
3,3,True,3,0,0,1.0,1.0,1.0,0.6019788926383615,0.467817119078564,2.25376075458099,12.573975540230881,14.888709994287922,13.7313427672594,JUNCTION,JUNCTION,True,low_opening_iou,13,3,0.03,0.05,0.4,0.9,0.2,-0.15,0.0,combined_mild
3,4,False,3,1,0,0.75,1.0,0.8571428571428571,0.5387045563688999,0.3849840415368857,4.1529170951788785,15.573975540230881,15.555376660954588,15.564676100592735,JUNCTION,JUNCTION,True,opening_count_mismatch;false_positive_opening;low_opening_iou,14,3,0.03,0.05,0.4,0.9,0.2,-0.15,0.0,combined_mild
3,3,True,3,0,0,1.0,1.0,1.0,0.5180798157403668,0.34752128845836183,5.486250428512212,15.573975540230881,17.55537666095459,16.564676100592735,JUNCTION,JUNCTION,True,low_opening_iou,15,3,0.03,0.05,0.4,0.9,0.2,-0.15,0.0,combined_mild
3,3,True,3,0,0,1.0,1.0,1.0,0.5590028833555728,0.42771850887182994,6.986250428512212,11.907308873564213,18.222043327621254,15.064676100592735,JUNCTION,JUNCTION,True,low_opening_iou,16,3,0.03,0.05,0.4,0.9,0.2,-0.15,0.0,combined_mild
3,3,True,3,0,0,1.0,1.0,1.0,0.45159061514237436,0.3608874918606065,4.8195837618455455,18.907308873564215,18.222043327621254,18.564676100592735,JUNCTION,JUNCTION,True,low_opening_iou,17,3,0.03,0.05,0.4,0.9,0.2,-0.15,0.0,combined_mild
3,3,True,3,0,0,1.0,1.0,1.0,0.4366430594571722,0.34752128845836183,4.982644604016808,20.240642206897547,18.222043327621254,19.231342767259402,JUNCTION,JUNCTION,True,low_opening_iou,18,3,0.03,0.05,0.4,0.9,0.2,-0.15,0.0,combined_mild
3,4,False,3,1,0,0.75,1.0,0.8571428571428571,0.4124492381229797,0.33415508505611713,5.8195837618455455,20.240642206897547,19.55537666095459,19.898009433926067,JUNCTION,JUNCTION,True,opening_count_mismatch;false_positive_opening;low_opening_iou,19,3,0.03,0.05,0.4,0.9,0.2,-0.15,0.0,combined_mild
3,4,False,3,1,0,0.75,1.0,0.8571428571428571,0.45398437228736355,0.41435230546958524,3.6493112706834743,17.907308873564215,19.222043327621254,18.564676100592735,JUNCTION,JUNCTION,True,opening_count_mismatch;false_positive_opening;low_opening_iou,20,3,0.03,0.05,0.4,0.9,0.2,-0.15,0.0,combined_mild
3,3,True,3,0,0,1.0,1.0,1.0,0.43897260429310525,0.33415508505611713,5.315977937350141,20.907308873564215,17.55537666095459,19.231342767259402,JUNCTION,JUNCTION,True,low_opening_iou,21,3,0.03,0.05,0.4,0.9,0.2,-0.15,0.0,combined_mild
3,3,True,3,0,0,1.0,1.0,1.0,0.41806556098218506,0.37017696301623626,5.482644604016808,19.907308873564215,19.55537666095459,19.731342767259402,JUNCTION,JUNCTION,True,low_opening_iou,22,3,0.03,0.05,0.4,0.9,0.2,-0.15,0.0,combined_mild
3,3,True,3,0,0,1.0,1.0,1.0,0.5108172828585171,0.34752128845836183,7.986250428512212,16.188440549296228,19.222043327621254,17.70524193845874,JUNCTION,JUNCTION,True,low_opening_iou,23,3,0.03,0.05,0.4,0.9,0.2,-0.15,0.0,combined_mild
3,3,True,3,0,0,1.0,1.0,1.0,0.5134839374417325,0.3207888816538724,3.819583761845545,14.573975540230881,19.222043327621254,16.898009433926067,JUNCTION,JUNCTION,True,low_opening_iou,24,3,0.03,0.05,0.4,0.9,0.2,-0.15,0.0,combined_mild
3,3,True,3,0,0,1.0,1.0,1.0,0.5756558647810899,0.548014339492032,5.482644604016808,16.907308873564215,11.888709994287922,14.398009433926068,JUNCTION,JUNCTION,True,NONE,25,3,0.03,0.05,0.4,0.9,0.2,-0.15,0.0,combined_mild
3,4,False,3,1,0,0.75,1.0,0.8571428571428571,0.571340940811561,0.4996899495134258,8.986250428512212,11.240642206897547,17.55537666095459,14.398009433926068,JUNCTION,JUNCTION,True,opening_count_mismatch;false_positive_opening;low_opening_iou,26,3,0.03,0.05,0.4,0.9,0.2,-0.15,0.0,combined_mild
4,5,False,4,1,0,0.8,1.0,0.888888888888889,0.5548910354977418,0.45296681462181604,1.1363382973916671,13.034177552947178,11.283378157009551,12.158777854978364,JUNCTION,JUNCTION,True,opening_count_mismatch;false_positive_opening;low_opening_iou,7,4,0.03,0.05,0.4,0.9,0.2,-0.15,0.0,combined_mild
4,4,True,4,0,0,1.0,1.0,1.0,0.5047679138757081,0.4007014129346834,2.767090148866906,13.034177552947178,13.783378157009551,13.408777854978364,JUNCTION,JUNCTION,True,low_opening_iou,8,4,0.03,0.05,0.4,0.9,0.2,-0.15,0.0,combined_mild
4,4,True,4,0,0,1.0,1.0,1.0,0.6317959207834036,0.5729805967987333,6.905789909503817,15.009342282100484,8.283378157009551,11.646360219555017,JUNCTION,JUNCTION,True,NONE,9,4,0.03,0.05,0.4,0.9,0.2,-0.15,0.0,combined_mild
4,4,True,4,0,0,1.0,1.0,1.0,0.5371323363607505,0.45296681462181604,2.9054679405115493,11.534177552947178,13.533378157009551,12.533777854978364,JUNCTION,JUNCTION,True,low_opening_iou,10,4,0.03,0.05,0.4,0.9,0.2,-0.15,0.0,combined_mild
4,4,True,4,0,0,1.0,1.0,1.0,0.6251268253171396,0.4919365834849611,1.6975961474070331,11.534177552947178,9.033378157009551,10.283777854978364,JUNCTION,JUNCTION,True,low_opening_iou,11,4,0.03,0.05,0.4,0.9,0.2,-0.15,0.0,combined_mild
4,4,True,4,0,0,1.0,1.0,1.0,0.5973204749105191,0.5654291722166186,3.08083229885154,12.784177552947178,9.033378157009551,10.908777854978364,JUNCTION,JUNCTION,True,NONE,12,4,0.03,0.05,0.4,0.9,0.2,-0.15,0.0,combined_mild
4,4,True,4,0,0,1.0,1.0,1.0,0.6265831056290287,0.48465357618567306,2.267090148866906,10.784177552947178,9.533378157009551,10.158777854978364,JUNCTION,JUNCTION,True,low_opening_iou,13,4,0.03,0.05,0.4,0.9,0.2,-0.15,0.0,combined_mild
4,4,True,4,0,0,1.0,1.0,1.0,0.5557813625816377,0.5048474751934094,2.392090148866906,11.034177552947178,13.033378157009551,12.033777854978364,JUNCTION,JUNCTION,True,NONE,14,4,0.03,0.05,0.4,0.9,0.2,-0.15,0.0,combined_mild
4,4,True,4,0,0,1.0,1.0,1.0,0.5286982170940839,0.42408326162496646,2.892090148866906,12.534177552947178,13.033378157009551,12.783777854978364,JUNCTION,JUNCTION,True,low_opening_iou,15,4,0.03,0.05,0.4,0.9,0.2,-0.15,0.0,combined_mild
4,4,True,4,0,0,1.0,1.0,1.0,0.5852345690451406,0.47038861518419356,3.642090148866906,11.034177552947178,11.533378157009551,11.283777854978364,JUNCTION,JUNCTION,True,low_opening_iou,16,4,0.03,0.05,0.4,0.9,0.2,-0.15,0.0,combined_mild
4,5,False,4,1,0,0.8,1.0,0.888888888888889,0.584025087046657,0.5226540168713262,5.30921835576239,11.642359580389062,11.533378157009551,11.587868868699307,JUNCTION,JUNCTION,True,opening_count_mismatch;false_positive_opening,17,4,0.03,0.05,0.4,0.9,0.2,-0.15,0.0,combined_mild
4,5,False,4,1,0,0.8,1.0,0.888888888888889,0.5036375324172702,0.48781041574657114,3.267090148866906,13.034177552947178,13.783378157009551,13.408777854978364,JUNCTION,JUNCTION,True,opening_count_mismatch;false_positive_opening;low_opening_iou,18,4,0.03,0.05,0.4,0.9,0.2,-0.15,0.0,combined_mild
4,4,True,4,0,0,1.0,1.0,1.0,0.5842014394529418,0.4919365834849611,2.517090148866906,10.534177552947178,12.283378157009551,11.408777854978364,JUNCTION,JUNCTION,True,low_opening_iou,19,4,0.03,0.05,0.4,0.9,0.2,-0.15,0.0,combined_mild
4,4,True,4,0,0,1.0,1.0,1.0,0.5896130650997317,0.45296681462181604,1.70583229885154,11.784177552947178,10.783378157009551,11.283777854978364,JUNCTION,JUNCTION,True,low_opening_iou,20,4,0.03,0.05,0.4,0.9,0.2,-0.15,0.0,combined_mild
4,4,True,4,0,0,1.0,1.0,1.0,0.6180629614881431,0.48781041574657114,4.142090148866906,9.284177552947178,11.783378157009551,10.533777854978364,JUNCTION,JUNCTION,True,low_opening_iou,21,4,0.03,0.05,0.4,0.9,0.2,-0.15,0.0,combined_mild
4,4,True,4,0,0,1.0,1.0,1.0,0.5396176722318529,0.4410465920899651,4.93421835576239,13.284177552947178,12.717110107184695,13.000643830065936,JUNCTION,JUNCTION,True,low_opening_iou,22,4,0.03,0.05,0.4,0.9,0.2,-0.15,0.0,combined_mild
4,4,True,4,0,0,1.0,1.0,1.0,0.5378166547052635,0.42408326162496646,2.767090148866906,13.034177552947178,12.283378157009551,12.658777854978364,JUNCTION,JUNCTION,True,low_opening_iou,23,4,0.03,0.05,0.4,0.9,0.2,-0.15,0.0,combined_mild
4,4,True,4,0,0,1.0,1.0,1.0,0.5620395169386658,0.5226540168713262,4.33083229885154,11.784177552947178,12.033378157009551,11.908777854978364,JUNCTION,JUNCTION,True,NONE,24,4,0.03,0.05,0.4,0.9,0.2,-0.15,0.0,combined_mild
4,4,True,4,0,0,1.0,1.0,1.0,0.6678327928159753,0.6106798967399517,5.252039494252976,6.516347437468092,12.283378157009551,9.399862797238821,JUNCTION,JUNCTION,True,NONE,25,4,0.03,0.05,0.4,0.9,0.2,-0.15,0.0,combined_mild
4,4,True,4,0,0,1.0,1.0,1.0,0.5693696874624465,0.47038861518419356,2.267090148866906,12.534177552947178,10.783378157009551,11.658777854978364,JUNCTION,JUNCTION,True,low_opening_iou,26,4,0.03,0.05,0.4,0.9,0.2,-0.15,0.0,combined_mild
5,5,True,5,0,0,1.0,1.0,1.0,0.7577463482472319,0.6761862025167232,2.3969081077335717,5.0236167361190045,5.423619822649533,5.223618279384269,JUNCTION,JUNCTION,True,NONE,7,5,0.03,0.05,0.4,0.9,0.2,-0.15,0.0,combined_mild
5,6,False,5,1,0,0.8333333333333334,1.0,0.9090909090909091,0.6434513925957986,0.523498995496818,1.7536557810467286,9.023616736119004,6.423619822649533,7.723618279384269,JUNCTION,JUNCTION,True,opening_count_mismatch;false_positive_opening,8,5,0.03,0.05,0.4,0.9,0.2,-0.15,0.0,combined_mild
5,5,True,5,0,0,1.0,1.0,1.0,0.7461129769367808,0.6337848365070651,1.9183386058737084,5.423616736119004,5.623619822649533,5.5236182793842685,JUNCTION,JUNCTION,True,NONE,9,5,0.03,0.05,0.4,0.9,0.2,-0.15,0.0,combined_mild
5,5,True,5,0,0,1.0,1.0,1.0,0.7429430154429092,0.638465718899239,1.6000076926127746,7.0236167361190045,3.980176257326201,5.501896496722603,JUNCTION,JUNCTION,True,NONE,10,5,0.03,0.05,0.4,0.9,0.2,-0.15,0.0,combined_mild
5,5,True,5,0,0,1.0,1.0,1.0,0.7096474156675903,0.6325612862253217,1.2689024946540086,5.623616736119004,6.823619822649533,6.223618279384269,JUNCTION,JUNCTION,True,NONE,11,5,0.03,0.05,0.4,0.9,0.2,-0.15,0.0,combined_mild
5,5,True,5,0,0,1.0,1.0,1.0,0.7534702740584407,0.5245115888334332,2.468902494654009,5.519348319829805,5.423619822649533,5.4714840712396695,JUNCTION,JUNCTION,True,NONE,12,5,0.03,0.05,0.4,0.9,0.2,-0.15,0.0,combined_mild
5,5,True,5,0,0,1.0,1.0,1.0,0.6316667030489868,0.5671239117882195,4.12784529701724,9.552183040088044,7.623619822649533,8.587901431368788,JUNCTION,JUNCTION,True,NONE,13,5,0.03,0.05,0.4,0.9,0.2,-0.15,0.0,combined_mild
5,5,True,5,0,0,1.0,1.0,1.0,0.6207873987807793,0.5453114536425188,1.1461915955037227,8.223616736119004,8.023619822649533,8.123618279384269,JUNCTION,JUNCTION,True,NONE,14,5,0.03,0.05,0.4,0.9,0.2,-0.15,0.0,combined_mild
5,5,True,5,0,0,1.0,1.0,1.0,0.8057112100819899,0.6337848365070651,2.2719866943076625,3.1780856810262548,5.423619822649533,4.300852751837894,JUNCTION,JUNCTION,True,NONE,15,5,0.03,0.05,0.4,0.9,0.2,-0.15,0.0,combined_mild
5,5,True,5,0,0,1.0,1.0,1.0,0.7237450425138935,0.5900755374376123,2.5029238835913303,6.423616736119004,5.623619822649533,6.0236182793842685,JUNCTION,JUNCTION,True,NONE,16,5,0.03,0.05,0.4,0.9,0.2,-0.15,0.0,combined_mild
5,5,True,5,0,0,1.0,1.0,1.0,0.7535963794597078,0.6761862025167232,2.5278452970172394,4.623616736119004,6.023619822649533,5.323618279384268,JUNCTION,JUNCTION,True,NONE,17,5,0.03,0.05,0.4,0.9,0.2,-0.15,0.0,combined_mild
5,5,True,5,0,0,1.0,1.0,1.0,0.6790910656937379,0.5245115888334332,2.7998396839376767,8.023616736119004,5.823619822649533,6.923618279384269,JUNCTION,JUNCTION,True,NONE,18,5,0.03,0.05,0.4,0.9,0.2,-0.15,0.0,combined_mild
5,5,True,5,0,0,1.0,1.0,1.0,0.7258022275613973,0.6797699493154417,2.0183386058737085,4.623616736119004,7.023619822649533,5.823618279384268,JUNCTION,JUNCTION,True,NONE,19,5,0.03,0.05,0.4,0.9,0.2,-0.15,0.0,combined_mild
5,5,True,5,0,0,1.0,1.0,1.0,0.6357298197331884,0.523498995496818,2.3689024946540087,7.423616736119004,8.423619822649533,7.923618279384269,JUNCTION,JUNCTION,True,NONE,20,5,0.03,0.05,0.4,0.9,0.2,-0.15,0.0,combined_mild
5,5,True,5,0,0,1.0,1.0,1.0,0.664742270665589,0.60693745474593,1.5463442189532715,8.26969807411391,7.439394414503584,7.8545462443087475,JUNCTION,JUNCTION,True,NONE,21,5,0.03,0.05,0.4,0.9,0.2,-0.15,0.0,combined_mild
5,5,True,5,0,0,1.0,1.0,1.0,0.6625297080285262,0.5245115888334332,2.0998396839376765,7.0236167361190045,7.423619822649533,7.223618279384269,JUNCTION,JUNCTION,True,NONE,22,5,0.03,0.05,0.4,0.9,0.2,-0.15,0.0,combined_mild
5,5,True,5,0,0,1.0,1.0,1.0,0.6269960190719047,0.5178423447502716,5.315254406220054,11.564879374922555,6.623619822649533,9.094249598786044,JUNCTION,JUNCTION,True,NONE,23,5,0.03,0.05,0.4,0.9,0.2,-0.15,0.0,combined_mild
5,5,True,5,0,0,1.0,1.0,1.0,0.6949445977185946,0.6129270901432694,1.7970761164086695,7.223616736119004,5.823619822649533,6.5236182793842685,JUNCTION,JUNCTION,True,NONE,24,5,0.03,0.05,0.4,0.9,0.2,-0.15,0.0,combined_mild
5,5,True,5,0,0,1.0,1.0,1.0,0.6239525990566256,0.523498995496818,2.568902494654009,8.223616736119004,8.023619822649533,8.123618279384269,JUNCTION,JUNCTION,True,NONE,25,5,0.03,0.05,0.4,0.9,0.2,-0.15,0.0,combined_mild
5,5,True,5,0,0,1.0,1.0,1.0,0.672373231631928,0.523498995496818,2.8689024946540087,6.0236167361190045,8.023619822649533,7.0236182793842685,JUNCTION,JUNCTION,True,NONE,26,5,0.03,0.05,0.4,0.9,0.2,-0.15,0.0,combined_mild
2,6,False,2,4,0,0.3333333333333333,1.0,0.5,0.5577586284183634,0.42154090475566636,7.754586944875157,13.64075555075317,18.286418036990824,15.963586793871997,CORRIDOR,JUNCTION,False,opening_count_mismatch;false_positive_opening;low_opening_iou;topology_mismatch,7,2,0.08,0.15,0.8,0.7,0.35,-0.25,0.0,combined_hard
2,2,True,2,0,0,1.0,1.0,1.0,0.511141439579315,0.4643610934526011,14.504586944875186,17.14075555075317,24.68247796346668,20.911616757109925,CORRIDOR,CORRIDOR,True,low_opening_iou,8,2,0.08,0.15,0.8,0.7,0.35,-0.25,0.0,combined_hard
2,6,False,2,4,0,0.3333333333333333,1.0,0.5,0.6627639193969,0.6583878212051087,13.254586944875157,10.95318472575019,13.286418036990824,12.119801381370507,CORRIDOR,JUNCTION,False,opening_count_mismatch;false_positive_opening;topology_mismatch,9,2,0.08,0.15,0.8,0.7,0.35,-0.25,0.0,combined_hard
2,2,True,2,0,0,1.0,1.0,1.0,0.6518373396316169,0.5207269999922938,7.294795057218167,7.14075555075317,18.286418036990824,12.713586793871997,CORRIDOR,CORRIDOR,True,NONE,10,2,0.08,0.15,0.8,0.7,0.35,-0.25,0.0,combined_hard
2,5,False,2,3,0,0.4,1.0,0.5714285714285715,0.4992684480810618,0.32235480951903894,9.004586944875186,19.14075555075317,17.286418036990824,18.213586793871997,CORRIDOR,JUNCTION,False,opening_count_mismatch;false_positive_opening;low_opening_iou;topology_mismatch,11,2,0.08,0.15,0.8,0.7,0.35,-0.25,0.0,combined_hard
2,4,False,2,2,0,0.5,1.0,0.6666666666666666,0.6783046810514299,0.6092502137078716,12.254586944875157,11.45318472575019,14.786418036990824,13.119801381370507,CORRIDOR,JUNCTION,False,opening_count_mismatch;false_positive_opening;topology_mismatch,12,2,0.08,0.15,0.8,0.7,0.35,-0.25,0.0,combined_hard
2,4,False,2,2,0,0.5,1.0,0.6666666666666666,0.6162488087556651,0.5207269999922938,7.004586944875186,17.64075555075317,9.786418036990824,13.713586793871997,CORRIDOR,JUNCTION,False,opening_count_mismatch;false_positive_opening;topology_mismatch,13,2,0.08,0.15,0.8,0.7,0.35,-0.25,0.0,combined_hard
2,5,False,2,3,0,0.4,1.0,0.5714285714285715,0.6607344723506049,0.5207269999922938,9.254586944875157,9.64075555075317,15.286418036990824,12.463586793871997,CORRIDOR,JUNCTION,False,opening_count_mismatch;false_positive_opening;topology_mismatch,14,2,0.08,0.15,0.8,0.7,0.35,-0.25,0.0,combined_hard
2,5,False,2,3,0,0.4,1.0,0.5714285714285715,0.6294501980791352,0.5827183095151858,5.754586944875186,19.14075555075317,6.786418036990824,12.963586793871997,CORRIDOR,JUNCTION,False,opening_count_mismatch;false_positive_opening;topology_mismatch,15,2,0.08,0.15,0.8,0.7,0.35,-0.25,0.0,combined_hard
2,3,False,2,1,0,0.6666666666666666,1.0,0.8,0.49897982857103823,0.44633742856482317,5.754586944875157,20.14075555075317,14.786418036990824,17.463586793871997,CORRIDOR,JUNCTION,False,opening_count_mismatch;false_positive_opening;low_opening_iou;topology_mismatch,16,2,0.08,0.15,0.8,0.7,0.35,-0.25,0.0,combined_hard
2,5,False,2,3,0,0.4,1.0,0.5714285714285715,0.448349051257417,0.3719478571373527,13.544795057218167,30.04681527424981,17.286418036990824,23.666616655620317,CORRIDOR,JUNCTION,False,opening_count_mismatch;false_positive_opening;low_opening_iou;topology_mismatch,17,2,0.08,0.15,0.8,0.7,0.35,-0.25,0.0,combined_hard
2,3,False,2,1,0,0.6666666666666666,1.0,0.8,0.5121812178945084,0.5083287380877153,7.004586944875157,16.14075555075317,17.286418036990824,16.713586793871997,CORRIDOR,JUNCTION,False,opening_count_mismatch;false_positive_opening;topology_mismatch,18,2,0.08,0.15,0.8,0.7,0.35,-0.25,0.0,combined_hard
2,3,False,2,1,0,0.6666666666666666,1.0,0.8,0.5372663612136888,0.4339391666602448,11.254586944875186,16.14075555075317,16.786418036990824,16.463586793871997,CORRIDOR,JUNCTION,False,opening_count_mismatch;false_positive_opening;low_opening_iou;topology_mismatch,19,2,0.08,0.15,0.8,0.7,0.35,-0.25,0.0,combined_hard
2,4,False,2,2,0,0.5,1.0,0.6666666666666666,0.6634324741173037,0.5083287380877153,4.754586944875157,10.64075555075317,14.286418036990824,12.463586793871997,CORRIDOR,JUNCTION,False,opening_count_mismatch;false_positive_opening;topology_mismatch,20,2,0.08,0.15,0.8,0.7,0.35,-0.25,0.0,combined_hard
2,4,False,2,2,0,0.5,1.0,0.6666666666666666,0.4729135928038244,0.46229497132909037,17.794795057218167,37.04681527424981,13.786418036990824,25.416616655620317,CORRIDOR,JUNCTION,False,opening_count_mismatch;false_positive_opening;low_opening_iou;topology_mismatch,21,2,0.08,0.15,0.8,0.7,0.35,-0.25,0.0,combined_hard
2,5,False,2,3,0,0.4,1.0,0.5714285714285715,0.5550606266516647,0.4339391666602448,3.544795057218167,14.14075555075317,17.786418036990824,15.963586793871997,CORRIDOR,JUNCTION,False,opening_count_mismatch;false_positive_opening;low_opening_iou;topology_mismatch,22,2,0.08,0.15,0.8,0.7,0.35,-0.25,0.0,combined_hard
2,3,False,2,1,0,0.6666666666666666,1.0,0.8,0.4765926870185565,0.4448566359493978,7.504586944875157,17.64075555075317,17.786418036990824,17.713586793871997,CORRIDOR,JUNCTION,False,opening_count_mismatch;false_positive_opening;low_opening_iou;topology_mismatch,23,2,0.08,0.15,0.8,0.7,0.35,-0.25,0.0,combined_hard
2,3,False,2,1,0,0.6666666666666666,1.0,0.8,0.5925440318754236,0.38434611904193106,5.004586944875157,13.64075555075317,16.786418036990824,15.213586793871997,CORRIDOR,JUNCTION,False,opening_count_mismatch;false_positive_opening;low_opening_iou;topology_mismatch,24,2,0.08,0.15,0.8,0.7,0.35,-0.25,0.0,combined_hard
2,2,True,2,0,0,1.0,1.0,1.0,0.7035482423643067,0.4982394322633255,3.7545869448751574,11.14075555075317,6.817522036533319,8.979138793643244,CORRIDOR,CORRIDOR,True,low_opening_iou,25,2,0.08,0.15,0.8,0.7,0.35,-0.25,0.0,combined_hard
2,2,True,2,0,0,1.0,1.0,1.0,0.4913374145353322,0.41235478146005705,20.504586944875157,13.14075555075317,36.68247796346668,24.911616757109925,CORRIDOR,CORRIDOR,True,low_opening_iou,26,2,0.08,0.15,0.8,0.7,0.35,-0.25,0.0,combined_hard
3,2,False,2,0,1,1.0,0.6666666666666666,0.8,0.3534631555812493,0.3473767159297244,27.705340228637468,13.355161814529623,61.75355405035893,37.554357932444276,JUNCTION,CORRIDOR,False,opening_count_mismatch;missed_opening;low_opening_iou;topology_mismatch,7,3,0.08,0.15,0.8,0.7,0.35,-0.25,0.0,combined_hard
3,4,False,3,1,0,0.75,1.0,0.8571428571428571,0.4629910736356128,0.3965014875231969,14.694010827851534,29.87578202558913,15.795335778954799,22.835558902271966,JUNCTION,JUNCTION,True,opening_count_mismatch;false_positive_opening;low_opening_iou,8,3,0.08,0.15,0.8,0.7,0.35,-0.25,0.0,combined_hard
3,5,False,3,2,0,0.6,1.0,0.7499999999999999,0.6931994851655104,0.5827183095151858,6.8606774945182,11.542448692255798,10.462002445621465,11.002225568938632,JUNCTION,JUNCTION,True,opening_count_mismatch;false_positive_opening,9,3,0.08,0.15,0.8,0.7,0.35,-0.25,0.0,combined_hard
3,7,False,3,4,0,0.42857142857142855,1.0,0.6,0.5229891471253821,0.4091426428510879,5.8606774945182,16.890950561626642,15.795335778954799,16.34314317029072,JUNCTION,JUNCTION,True,opening_count_mismatch;false_positive_opening;low_opening_iou,10,3,0.08,0.15,0.8,0.7,0.35,-0.25,0.0,combined_hard
3,4,False,3,1,0,0.75,1.0,0.8571428571428571,0.5391734880799279,0.47113395237398004,12.434876464639274,15.55761722829331,19.154143845795033,17.35588053704417,JUNCTION,JUNCTION,True,opening_count_mismatch;false_positive_opening;low_opening_iou,11,3,0.08,0.15,0.8,0.7,0.35,-0.25,0.0,combined_hard
3,6,False,3,3,0,0.5,1.0,0.6666666666666666,0.595873941448426,0.49593047618313685,4.601543131305941,14.55761722829331,13.462002445621465,14.009809836957388,JUNCTION,JUNCTION,True,opening_count_mismatch;false_positive_opening;low_opening_iou,12,3,0.08,0.15,0.8,0.7,0.35,-0.25,0.0,combined_hard
3,5,False,3,2,0,0.6,1.0,0.7499999999999999,0.5453327854126478,0.424771125970192,8.8606774945182,13.890950561626644,17.462002445621465,15.676476503624054,JUNCTION,JUNCTION,True,opening_count_mismatch;false_positive_opening;low_opening_iou,13,3,0.08,0.15,0.8,0.7,0.35,-0.25,0.0,combined_hard
3,5,False,3,2,0,0.6,1.0,0.7499999999999999,0.5334488304435259,0.4091426428510879,6.8606774945182,16.890950561626642,15.795335778954799,16.34314317029072,JUNCTION,JUNCTION,True,opening_count_mismatch;false_positive_opening;low_opening_iou,14,3,0.08,0.15,0.8,0.7,0.35,-0.25,0.0,combined_hard
3,4,False,3,1,0,0.75,1.0,0.8571428571428571,0.6028325011704176,0.49593047618313685,5.3606774945182,16.55761722829331,11.128669112288131,13.843143170290721,JUNCTION,JUNCTION,True,opening_count_mismatch;false_positive_opening;low_opening_iou,15,3,0.08,0.15,0.8,0.7,0.35,-0.25,0.0,combined_hard
3,4,False,3,1,0,0.75,1.0,0.8571428571428571,0.6962042898270183,0.5613047021748966,9.494422826455983,15.224283894959976,5.816071778649795,10.520177836804885,JUNCTION,JUNCTION,True,opening_count_mismatch;false_positive_opening,16,3,0.08,0.15,0.8,0.7,0.35,-0.25,0.0,combined_hard
3,5,False,3,2,0,0.6,1.0,0.7499999999999999,0.6601717967815456,0.42154090475566636,6.268209797972607,12.249265191079521,12.491786821176637,12.37052600612808,JUNCTION,JUNCTION,True,opening_count_mismatch;false_positive_opening;low_opening_iou,17,3,0.08,0.15,0.8,0.7,0.35,-0.25,0.0,combined_hard
3,4,False,3,1,0,0.75,1.0,0.8571428571428571,0.43623092082866766,0.32235480951903894,6.768209797972607,20.890950561626642,18.128669112288133,19.509809836957388,JUNCTION,JUNCTION,True,opening_count_mismatch;false_positive_opening;low_opening_iou,18,3,0.08,0.15,0.8,0.7,0.35,-0.25,0.0,combined_hard
3,4,False,3,1,0,0.75,1.0,0.8571428571428571,0.6234615344232746,0.49350390107778647,11.3606774945182,15.224283894959976,13.158453487843303,14.19136869140164,JUNCTION,JUNCTION,True,opening_count_mismatch;false_positive_opening;low_opening_iou,19,3,0.08,0.15,0.8,0.7,0.35,-0.25,0.0,combined_hard
3,6,False,3,3,0,0.5,1.0,0.6666666666666666,0.4726062301123159,0.3347530714236174,8.8606774945182,18.224283894959978,18.462002445621465,18.34314317029072,JUNCTION,JUNCTION,True,opening_count_mismatch;false_positive_opening;low_opening_iou,20,3,0.08,0.15,0.8,0.7,0.35,-0.25,0.0,combined_hard
3,5,False,3,2,0,0.6,1.0,0.7499999999999999,0.6261242478751478,0.4339391666602448,8.694010827851534,12.224283894959976,14.795335778954799,13.509809836957388,JUNCTION,JUNCTION,True,opening_count_mismatch;false_positive_opening;low_opening_iou,21,3,0.08,0.15,0.8,0.7,0.35,-0.25,0.0,combined_hard
3,5,False,3,2,0,0.6,1.0,0.7499999999999999,0.5227310525924436,0.40311284755284627,16.268209797972606,15.224283894959976,27.491786821176635,21.358035358068307,JUNCTION,JUNCTION,True,opening_count_mismatch;false_positive_opening;low_opening_iou,22,3,0.08,0.15,0.8,0.7,0.35,-0.25,0.0,combined_hard
3,5,False,3,2,0,0.6,1.0,0.7499999999999999,0.5753811653463452,0.5331252618968721,7.527344161184867,10.890950561626644,17.795335778954797,14.343143170290721,JUNCTION,JUNCTION,True,opening_count_mismatch;false_positive_opening,23,3,0.08,0.15,0.8,0.7,0.35,-0.25,0.0,combined_hard
3,3,True,3,0,0,1.0,1.0,1.0,0.4437745100570865,0.36909147758479605,17.8606774945182,17.890950561626642,29.491786821176635,23.69136869140164,JUNCTION,JUNCTION,True,low_opening_iou,24,3,0.08,0.15,0.8,0.7,0.35,-0.25,0.0,combined_hard
3,4,False,3,1,0,0.75,1.0,0.8571428571428571,0.5866038829080921,0.44633742856482317,6.8606774945182,16.890950561626642,11.795335778954799,14.343143170290721,JUNCTION,JUNCTION,True,opening_count_mismatch;false_positive_opening;low_opening_iou,25,3,0.08,0.15,0.8,0.7,0.35,-0.25,0.0,combined_hard
3,4,False,3,1,0,0.75,1.0,0.8571428571428571,0.5723306955513643,0.42154090475566636,8.694010827851534,16.224283894959978,13.462002445621465,14.843143170290721,JUNCTION,JUNCTION,True,opening_count_mismatch;false_positive_opening;low_opening_iou,26,3,0.08,0.15,0.8,0.7,0.35,-0.25,0.0,combined_hard
4,4,True,4,0,0,1.0,1.0,1.0,0.7386161041085285,0.5571811778008028,3.393924901921409,9.523972737235894,5.554106649886535,7.5390396935612145,JUNCTION,JUNCTION,True,NONE,7,4,0.08,0.15,0.8,0.7,0.35,-0.25,0.0,combined_hard
4,4,True,4,0,0,1.0,1.0,1.0,0.5928126446800122,0.49350332890928245,6.019368089432007,8.077769911917159,14.265999771132755,11.171884841524957,JUNCTION,JUNCTION,True,low_opening_iou,8,4,0.08,0.15,0.8,0.7,0.35,-0.25,0.0,combined_hard
4,4,True,4,0,0,1.0,1.0,1.0,0.7048795948328217,0.5864862335496479,7.859304391847303,11.62556464681893,8.015999771132755,9.820782208975842,JUNCTION,JUNCTION,True,NONE,9,4,0.08,0.15,0.8,0.7,0.35,-0.25,0.0,combined_hard
4,3,False,3,0,1,1.0,0.75,0.8571428571428571,0.5771566355457719,0.35367147794345194,13.919777705110468,31.193022651502314,9.524563380336739,20.358793015919527,JUNCTION,JUNCTION,True,opening_count_mismatch;missed_opening;low_opening_iou,10,4,0.08,0.15,0.8,0.7,0.35,-0.25,0.0,combined_hard
4,4,True,4,0,0,1.0,1.0,1.0,0.7147261035891066,0.6258779541193835,7.644368089432007,7.327769911917159,10.60740471994204,8.967587315929599,JUNCTION,JUNCTION,True,NONE,11,4,0.08,0.15,0.8,0.7,0.35,-0.25,0.0,combined_hard
4,5,False,4,1,0,0.8,1.0,0.888888888888889,0.6398739639064499,0.5192162464507502,7.768924901921409,8.773972737235894,14.554106649886535,11.664039693561215,JUNCTION,JUNCTION,True,opening_count_mismatch;false_positive_opening,12,4,0.08,0.15,0.8,0.7,0.35,-0.25,0.0,combined_hard
4,6,False,4,2,0,0.6666666666666666,1.0,0.8,0.583027232391787,0.4905774760225339,7.018924901921409,13.273972737235894,11.554106649886535,12.414039693561215,JUNCTION,JUNCTION,True,opening_count_mismatch;false_positive_opening;low_opening_iou,13,4,0.08,0.15,0.8,0.7,0.35,-0.25,0.0,combined_hard
4,5,False,4,1,0,0.8,1.0,0.888888888888889,0.6420353794644104,0.507493940712966,5.019368089432007,11.773972737235894,7.515999771132755,9.644986254184325,JUNCTION,JUNCTION,True,opening_count_mismatch;false_positive_opening,14,4,0.08,0.15,0.8,0.7,0.35,-0.25,0.0,combined_hard
4,5,False,4,1,0,0.8,1.0,0.888888888888889,0.5480573650999196,0.40651916779458097,10.269368089432007,10.773972737235894,18.770845299372354,14.772409018304124,JUNCTION,JUNCTION,True,opening_count_mismatch;false_positive_opening;low_opening_iou,15,4,0.08,0.15,0.8,0.7,0.35,-0.25,0.0,combined_hard
4,5,False,4,1,0,0.8,1.0,0.888888888888889,0.604430545219631,0.42591300098553536,12.144368089432007,15.827769911917159,10.765999771132755,13.296884841524957,JUNCTION,JUNCTION,True,opening_count_mismatch;false_positive_opening;low_opening_iou,16,4,0.08,0.15,0.8,0.7,0.35,-0.25,0.0,combined_hard
4,4,True,4,0,0,1.0,1.0,1.0,0.6386488968405287,0.5413268700938305,6.019368089432007,13.077769911917159,7.265999771132755,10.171884841524957,JUNCTION,JUNCTION,True,NONE,17,4,0.08,0.15,0.8,0.7,0.35,-0.25,0.0,combined_hard
4,5,False,4,1,0,0.8,1.0,0.888888888888889,0.5881431579501595,0.5412617155779227,7.519368089432007,8.523972737235894,16.020845299372354,12.272409018304124,JUNCTION,JUNCTION,True,opening_count_mismatch;false_positive_opening,18,4,0.08,0.15,0.8,0.7,0.35,-0.25,0.0,combined_hard
4,5,False,4,1,0,0.8,1.0,0.888888888888889,0.6618027460880794,0.507493940712966,5.8054258634031015,8.273972737235894,10.765999771132755,9.519986254184325,JUNCTION,JUNCTION,True,opening_count_mismatch;false_positive_opening,19,4,0.08,0.15,0.8,0.7,0.35,-0.25,0.0,combined_hard
4,5,False,4,1,0,0.8,1.0,0.888888888888889,0.7877336402793174,0.4616644044635223,2.2693680894320067,5.37556464681893,7.015999771132755,6.195782208975842,JUNCTION,JUNCTION,True,opening_count_mismatch;false_positive_opening;low_opening_iou,20,4,0.08,0.15,0.8,0.7,0.35,-0.25,0.0,combined_hard
4,4,True,4,0,0,1.0,1.0,1.0,0.768150782561001,0.5751597994746949,5.019368089432007,8.577769911917159,4.765999771132755,6.671884841524957,JUNCTION,JUNCTION,True,NONE,21,4,0.08,0.15,0.8,0.7,0.35,-0.25,0.0,combined_hard
4,5,False,4,1,0,0.8,1.0,0.888888888888889,0.6642908616858487,0.4775838666864024,6.1804258634031015,7.773972737235894,11.85740471994204,9.815688728588967,JUNCTION,JUNCTION,True,opening_count_mismatch;false_positive_opening;low_opening_iou,22,4,0.08,0.15,0.8,0.7,0.35,-0.25,0.0,combined_hard
4,5,False,4,1,0,0.8,1.0,0.888888888888889,0.5642617082053644,0.47366101133210164,9.8550810216922,12.273972737235894,16.34964287306458,14.311807805150238,JUNCTION,JUNCTION,True,opening_count_mismatch;false_positive_opening;low_opening_iou,23,4,0.08,0.15,0.8,0.7,0.35,-0.25,0.0,combined_hard
4,5,False,4,1,0,0.8,1.0,0.888888888888889,0.7324942303409864,0.604939564469443,4.144368089432007,9.827769911917159,5.304106649886535,7.565938280901847,JUNCTION,JUNCTION,True,opening_count_mismatch;false_positive_opening,24,4,0.08,0.15,0.8,0.7,0.35,-0.25,0.0,combined_hard
4,5,False,4,1,0,0.8,1.0,0.888888888888889,0.7528828618004024,0.604939564469443,4.019368089432007,6.812377420851519,7.270845299372354,7.041611360111936,JUNCTION,JUNCTION,True,opening_count_mismatch;false_positive_opening,25,4,0.08,0.15,0.8,0.7,0.35,-0.25,0.0,combined_hard
4,4,True,4,0,0,1.0,1.0,1.0,0.38679488779655125,0.0,53.3593043918473,66.91396933043455,45.520845299372354,56.217407314903454,JUNCTION,JUNCTION,True,low_opening_iou,26,4,0.08,0.15,0.8,0.7,0.35,-0.25,0.0,combined_hard
5,5,True,5,0,0,1.0,1.0,1.0,0.5224880822537916,0.0,25.026523990811057,25.25386719034762,29.572303762322434,27.413085476335027,JUNCTION,JUNCTION,True,low_opening_iou,7,5,0.08,0.15,0.8,0.7,0.35,-0.25,0.0,combined_hard
5,6,False,5,1,0,0.8333333333333334,1.0,0.9090909090909091,0.7856876941813518,0.6235992195709628,2.5795217905977266,5.422671688966903,4.206014390606623,4.814343039786763,JUNCTION,JUNCTION,True,opening_count_mismatch;false_positive_opening,8,5,0.08,0.15,0.8,0.7,0.35,-0.25,0.0,combined_hard
5,5,True,5,0,0,1.0,1.0,1.0,0.8042030165508773,0.6997461909031334,2.1657105376016546,5.422671688966903,2.882586414481915,4.152629051724409,JUNCTION,JUNCTION,True,NONE,9,5,0.08,0.15,0.8,0.7,0.35,-0.25,0.0,combined_hard
5,5,True,5,0,0,1.0,1.0,1.0,0.6990890109820661,0.5601024118728064,5.4452939912579215,8.677740180820416,6.272057656227725,7.474898918524071,JUNCTION,JUNCTION,True,NONE,10,5,0.08,0.15,0.8,0.7,0.35,-0.25,0.0,combined_hard
5,5,True,5,0,0,1.0,1.0,1.0,0.7133257035437393,0.457798172437876,7.239670640582614,10.677740180820416,5.472057656227724,8.07489891852407,JUNCTION,JUNCTION,True,low_opening_iou,11,5,0.08,0.15,0.8,0.7,0.35,-0.25,0.0,combined_hard
5,4,False,4,0,1,1.0,0.8,0.888888888888889,0.6921531831279838,0.4194061977204241,9.916030546589447,6.062757418617075,16.73263396927512,11.397695693946098,JUNCTION,JUNCTION,True,opening_count_mismatch;missed_opening;low_opening_iou,12,5,0.08,0.15,0.8,0.7,0.35,-0.25,0.0,combined_hard
5,7,False,5,2,0,0.7142857142857143,1.0,0.8333333333333333,0.7845927459672324,0.582025938266232,4.579521790597727,8.929954939612667,1.8554250958846694,5.392690017748668,JUNCTION,JUNCTION,True,opening_count_mismatch;false_positive_opening,13,5,0.08,0.15,0.8,0.7,0.35,-0.25,0.0,combined_hard
5,8,False,5,3,0,0.625,1.0,0.7692307692307693,0.8112607207741889,0.7067457821804245,2.971879645127518,4.022671688966904,4.272057656227725,4.147364672597314,JUNCTION,JUNCTION,True,opening_count_mismatch;false_positive_opening,14,5,0.08,0.15,0.8,0.7,0.35,-0.25,0.0,combined_hard
5,7,False,5,2,0,0.7142857142857143,1.0,0.8333333333333333,0.7571833707767233,0.5435822448147919,5.745293991257921,3.3089356822011324,9.455425095884669,6.382180389042901,JUNCTION,JUNCTION,True,opening_count_mismatch;false_positive_opening,15,5,0.08,0.15,0.8,0.7,0.35,-0.25,0.0,combined_hard
5,4,False,4,0,1,1.0,0.8,0.888888888888889,0.606346152588077,0.35619591960440083,11.298741930996776,22.85175179534297,3.802027103483759,13.326889449413365,JUNCTION,JUNCTION,True,opening_count_mismatch;missed_opening;low_opening_iou,16,5,0.08,0.15,0.8,0.7,0.35,-0.25,0.0,combined_hard
5,6,False,5,1,0,0.8333333333333334,1.0,0.9090909090909091,0.7601246812988279,0.663825080738141,3.145293991257921,5.077740180820416,5.622646950949678,5.350193565885047,JUNCTION,JUNCTION,True,opening_count_mismatch;false_positive_opening,17,5,0.08,0.15,0.8,0.7,0.35,-0.25,0.0,combined_hard
5,6,False,5,1,0,0.8333333333333334,1.0,0.9090909090909091,0.7868361877013196,0.5393578780997396,3.2452939912579213,4.454249337580069,5.272057656227725,4.863153496903896,JUNCTION,JUNCTION,True,opening_count_mismatch;false_positive_opening,18,5,0.08,0.15,0.8,0.7,0.35,-0.25,0.0,combined_hard
5,6,False,5,1,0,0.8333333333333334,1.0,0.9090909090909091,0.7026952736865123,0.5799204150372436,3.3061074444673237,6.108935682201133,9.81118570934629,7.960060695773711,JUNCTION,JUNCTION,True,opening_count_mismatch;false_positive_opening,19,5,0.08,0.15,0.8,0.7,0.35,-0.25,0.0,combined_hard
5,6,False,5,1,0,0.8333333333333334,1.0,0.9090909090909091,0.7800146047691776,0.6427395997033348,4.0718796451275185,9.329954939612668,2.282586414481915,5.806270677047292,JUNCTION,JUNCTION,True,opening_count_mismatch;false_positive_opening,20,5,0.08,0.15,0.8,0.7,0.35,-0.25,0.0,combined_hard
5,5,True,5,0,0,1.0,1.0,1.0,0.567798481998544,0.0,13.300061663058539,16.238849559006617,12.422646950949678,14.330748254978147,JUNCTION,JUNCTION,True,low_opening_iou,21,5,0.08,0.15,0.8,0.7,0.35,-0.25,0.0,combined_hard
5,7,False,5,2,0,0.7142857142857143,1.0,0.8333333333333333,0.7523676637775364,0.6443858602233282,2.7452939912579213,5.6226716889669035,5.406014390606623,5.514343039786763,JUNCTION,JUNCTION,True,opening_count_mismatch;false_positive_opening,22,5,0.08,0.15,0.8,0.7,0.35,-0.25,0.0,combined_hard
5,6,False,5,1,0,0.8333333333333334,1.0,0.9090909090909091,0.7400705724913476,0.5795659102473867,6.871879645127518,3.0538671903476198,10.64432879802062,6.84909799418412,JUNCTION,JUNCTION,True,opening_count_mismatch;false_positive_opening,23,5,0.08,0.15,0.8,0.7,0.35,-0.25,0.0,combined_hard
5,5,True,5,0,0,1.0,1.0,1.0,0.8427396894569356,0.7275324228327898,2.8657105376016547,4.054249337580069,3.2331757092038687,3.6437125233919687,JUNCTION,JUNCTION,True,NONE,24,5,0.08,0.15,0.8,0.7,0.35,-0.25,0.0,combined_hard
5,6,False,5,1,0,0.8333333333333334,1.0,0.9090909090909091,0.7465420391841234,0.6760952685052498,3.071879645127518,5.25386719034762,5.622646950949678,5.438257070648649,JUNCTION,JUNCTION,True,opening_count_mismatch;false_positive_opening,25,5,0.08,0.15,0.8,0.7,0.35,-0.25,0.0,combined_hard
5,5,True,5,0,0,1.0,1.0,1.0,0.7555602788330942,0.6235992195709628,4.0056850137338476,6.529954939612668,5.406014390606623,5.967984665109645,JUNCTION,JUNCTION,True,NONE,26,5,0.08,0.15,0.8,0.7,0.35,-0.25,0.0,combined_hard
