ground_truth_count,detected_count,count_correct,matched_openings,false_positive,false_negative,precision,recall,f1,mean_iou,min_iou,center_mae_deg,start_mae_deg,end_mae_deg,boundary_mae_deg,expected_topology,detected_topology,topology_correct,failure_reasons,evaluation_boundary_definition,evaluation_free_path_threshold_m,physical_mouth_mean_iou,physical_mouth_boundary_mae_deg,seed,way_count,noise_std_m,dropout_probability,occlusion_probability,visible_boundary_ratio,anchor_x,anchor_y,anchor_yaw_deg,condition
2,2,True,2,0,0,1.0,1.0,1.0,0.8872995935184522,0.8872995935184513,0.0,1.587688184813814,1.5876881848137998,1.587688184813807,CORRIDOR,CORRIDOR,True,NONE,ideal_free_path_sector,4.109901768910688,0.3703814697878914,21.24898859588859,7,2,0.0,0.0,0.0,1.0,0.0,0.0,0.0,baseline
2,2,True,2,0,0,1.0,1.0,1.0,0.8872995935184522,0.8872995935184513,0.0,1.587688184813814,1.5876881848137998,1.587688184813807,CORRIDOR,CORRIDOR,True,NONE,ideal_free_path_sector,4.109901768910688,0.3703814697878914,21.24898859588859,8,2,0.0,0.0,0.0,1.0,0.0,0.0,0.0,baseline
2,2,True,2,0,0,1.0,1.0,1.0,0.8872995935184522,0.8872995935184513,0.0,1.587688184813814,1.5876881848137998,1.587688184813807,CORRIDOR,CORRIDOR,True,NONE,ideal_free_path_sector,4.109901768910688,0.3703814697878914,21.24898859588859,9,2,0.0,0.0,0.0,1.0,0.0,0.0,0.0,baseline
2,2,True,2,0,0,1.0,1.0,1.0,0.8872995935184522,0.8872995935184513,0.0,1.587688184813814,1.5876881848137998,1.587688184813807,CORRIDOR,CORRIDOR,True,NONE,ideal_free_path_sector,4.109901768910688,0.3703814697878914,21.24898859588859,10,2,0.0,0.0,0.0,1.0,0.0,0.0,0.0,baseline
2,2,True,2,0,0,1.0,1.0,1.0,0.8872995935184522,0.8872995935184513,0.0,1.587688184813814,1.5876881848137998,1.587688184813807,CORRIDOR,CORRIDOR,True,NONE,ideal_free_path_sector,4.109901768910688,0.3703814697878914,21.24898859588859,11,2,0.0,0.0,0.0,1.0,0.0,0.0,0.0,baseline
2,2,True,2,0,0,1.0,1.0,1.0,0.8872995935184522,0.8872995935184513,0.0,1.587688184813814,1.5876881848137998,1.587688184813807,CORRIDOR,CORRIDOR,True,NONE,ideal_free_path_sector,4.109901768910688,0.3703814697878914,21.24898859588859,12,2,0.0,0.0,0.0,1.0,0.0,0.0,0.0,baseline
2,2,True,2,0,0,1.0,1.0,1.0,0.8872995935184522,0.8872995935184513,0.0,1.587688184813814,1.5876881848137998,1.587688184813807,CORRIDOR,CORRIDOR,True,NONE,ideal_free_path_sector,4.109901768910688,0.3703814697878914,21.24898859588859,13,2,0.0,0.0,0.0,1.0,0.0,0.0,0.0,baseline
2,2,True,2,0,0,1.0,1.0,1.0,0.8872995935184522,0.8872995935184513,0.0,1.587688184813814,1.5876881848137998,1.587688184813807,CORRIDOR,CORRIDOR,True,NONE,ideal_free_path_sector,4.109901768910688,0.3703814697878914,21.24898859588859,14,2,0.0,0.0,0.0,1.0,0.0,0.0,0.0,baseline
2,2,True,2,0,0,1.0,1.0,1.0,0.8872995935184522,0.8872995935184513,0.0,1.587688184813814,1.5876881848137998,1.587688184813807,CORRIDOR,CORRIDOR,True,NONE,ideal_free_path_sector,4.109901768910688,0.3703814697878914,21.24898859588859,15,2,0.0,0.0,0.0,1.0,0.0,0.0,0.0,baseline
2,2,True,2,0,0,1.0,1.0,1.0,0.8872995935184522,0.8872995935184513,0.0,1.587688184813814,1.5876881848137998,1.587688184813807,CORRIDOR,CORRIDOR,True,NONE,ideal_free_path_sector,4.109901768910688,0.3703814697878914,21.24898859588859,16,2,0.0,0.0,0.0,1.0,0.0,0.0,0.0,baseline
2,2,True,2,0,0,1.0,1.0,1.0,0.8872995935184522,0.8872995935184513,0.0,1.587688184813814,1.5876881848137998,1.587688184813807,CORRIDOR,CORRIDOR,True,NONE,ideal_free_path_sector,4.109901768910688,0.3703814697878914,21.24898859588859,17,2,0.0,0.0,0.0,1.0,0.0,0.0,0.0,baseline
2,2,True,2,0,0,1.0,1.0,1.0,0.8872995935184522,0.8872995935184513,0.0,1.587688184813814,1.5876881848137998,1.587688184813807,CORRIDOR,CORRIDOR,True,NONE,ideal_free_path_sector,4.109901768910688,0.3703814697878914,21.24898859588859,18,2,0.0,0.0,0.0,1.0,0.0,0.0,0.0,baseline
2,2,True,2,0,0,1.0,1.0,1.0,0.8872995935184522,0.8872995935184513,0.0,1.587688184813814,1.5876881848137998,1.587688184813807,CORRIDOR,CORRIDOR,True,NONE,ideal_free_path_sector,4.109901768910688,0.3703814697878914,21.24898859588859,19,2,0.0,0.0,0.0,1.0,0.0,0.0,0.0,baseline
2,2,True,2,0,0,1.0,1.0,1.0,0.8872995935184522,0.8872995935184513,0.0,1.587688184813814,1.5876881848137998,1.587688184813807,CORRIDOR,CORRIDOR,True,NONE,ideal_free_path_sector,4.109901768910688,0.3703814697878914,21.24898859588859,20,2,0.0,0.0,0.0,1.0,0.0,0.0,0.0,baseline
2,2,True,2,0,0,1.0,1.0,1.0,0.8872995935184522,0.8872995935184513,0.0,1.587688184813814,1.5876881848137998,1.587688184813807,CORRIDOR,CORRIDOR,True,NONE,ideal_free_path_sector,4.109901768910688,0.3703814697878914,21.24898859588859,21,2,0.0,0.0,0.0,1.0,0.0,0.0,0.0,baseline
2,2,True,2,0,0,1.0,1.0,1.0,0.8872995935184522,0.8872995935184513,0.0,1.587688184813814,1.5876881848137998,1.587688184813807,CORRIDOR,CORRIDOR,True,NONE,ideal_free_path_sector,4.109901768910688,0.3703814697878914,21.24898859588859,22,2,0.0,0.0,0.0,1.0,0.0,0.0,0.0,baseline
2,2,True,2,0,0,1.0,1.0,1.0,0.8872995935184522,0.8872995935184513,0.0,1.587688184813814,1.5876881848137998,1.587688184813807,CORRIDOR,CORRIDOR,True,NONE,ideal_free_path_sector,4.109901768910688,0.3703814697878914,21.24898859588859,23,2,0.0,0.0,0.0,1.0,0.0,0.0,0.0,baseline
2,2,True,2,0,0,1.0,1.0,1.0,0.8872995935184522,0.8872995935184513,0.0,1.587688184813814,1.5876881848137998,1.587688184813807,CORRIDOR,CORRIDOR,True,NONE,ideal_free_path_sector,4.109901768910688,0.3703814697878914,21.24898859588859,24,2,0.0,0.0,0.0,1.0,0.0,0.0,0.0,baseline
2,2,True,2,0,0,1.0,1.0,1.0,0.8872995935184522,0.8872995935184513,0.0,1.587688184813814,1.5876881848137998,1.587688184813807,CORRIDOR,CORRIDOR,True,NONE,ideal_free_path_sector,4.109901768910688,0.3703814697878914,21.24898859588859,25,2,0.0,0.0,0.0,1.0,0.0,0.0,0.0,baseline
2,2,True,2,0,0,1.0,1.0,1.0,0.8872995935184522,0.8872995935184513,0.0,1.587688184813814,1.5876881848137998,1.587688184813807,CORRIDOR,CORRIDOR,True,NONE,ideal_free_path_sector,4.109901768910688,0.3703814697878914,21.24898859588859,26,2,0.0,0.0,0.0,1.0,0.0,0.0,0.0,baseline
3,3,True,3,0,0,1.0,1.0,1.0,0.8873041643437123,0.8873041643437122,9.473903143468002e-15,1.5876156140274038,1.587615614027366,1.587615614027385,JUNCTION,JUNCTION,True,NONE,ideal_free_path_sector,4.109921353021991,0.3703814697878913,21.24898859588859,7,3,0.0,0.0,0.0,1.0,0.0,0.0,0.0,baseline
3,3,True,3,0,0,1.0,1.0,1.0,0.8873041643437123,0.8873041643437122,9.473903143468002e-15,1.5876156140274038,1.587615614027366,1.587615614027385,JUNCTION,JUNCTION,True,NONE,ideal_free_path_sector,4.109921353021991,0.3703814697878913,21.24898859588859,8,3,0.0,0.0,0.0,1.0,0.0,0.0,0.0,baseline
3,3,True,3,0,0,1.0,1.0,1.0,0.8873041643437123,0.8873041643437122,9.473903143468002e-15,1.5876156140274038,1.587615614027366,1.587615614027385,JUNCTION,JUNCTION,True,NONE,ideal_free_path_sector,4.109921353021991,0.3703814697878913,21.24898859588859,9,3,0.0,0.0,0.0,1.0,0.0,0.0,0.0,baseline
3,3,True,3,0,0,1.0,1.0,1.0,0.8873041643437123,0.8873041643437122,9.473903143468002e-15,1.5876156140274038,1.587615614027366,1.587615614027385,JUNCTION,JUNCTION,True,NONE,ideal_free_path_sector,4.109921353021991,0.3703814697878913,21.24898859588859,10,3,0.0,0.0,0.0,1.0,0.0,0.0,0.0,baseline
3,3,True,3,0,0,1.0,1.0,1.0,0.8873041643437123,0.8873041643437122,9.473903143468002e-15,1.5876156140274038,1.587615614027366,1.587615614027385,JUNCTION,JUNCTION,True,NONE,ideal_free_path_sector,4.109921353021991,0.3703814697878913,21.24898859588859,11,3,0.0,0.0,0.0,1.0,0.0,0.0,0.0,baseline
3,3,True,3,0,0,1.0,1.0,1.0,0.8873041643437123,0.8873041643437122,9.473903143468002e-15,1.5876156140274038,1.587615614027366,1.587615614027385,JUNCTION,JUNCTION,True,NONE,ideal_free_path_sector,4.109921353021991,0.3703814697878913,21.24898859588859,12,3,0.0,0.0,0.0,1.0,0.0,0.0,0.0,baseline
3,3,True,3,0,0,1.0,1.0,1.0,0.8873041643437123,0.8873041643437122,9.473903143468002e-15,1.5876156140274038,1.587615614027366,1.587615614027385,JUNCTION,JUNCTION,True,NONE,ideal_free_path_sector,4.109921353021991,0.3703814697878913,21.24898859588859,13,3,0.0,0.0,0.0,1.0,0.0,0.0,0.0,baseline
3,3,True,3,0,0,1.0,1.0,1.0,0.8873041643437123,0.8873041643437122,9.473903143468002e-15,1.5876156140274038,1.587615614027366,1.587615614027385,JUNCTION,JUNCTION,True,NONE,ideal_free_path_sector,4.109921353021991,0.3703814697878913,21.24898859588859,14,3,0.0,0.0,0.0,1.0,0.0,0.0,0.0,baseline
3,3,True,3,0,0,1.0,1.0,1.0,0.8873041643437123,0.8873041643437122,9.473903143468002e-15,1.5876156140274038,1.587615614027366,1.587615614027385,JUNCTION,JUNCTION,True,NONE,ideal_free_path_sector,4.109921353021991,0.3703814697878913,21.24898859588859,15,3,0.0,0.0,0.0,1.0,0.0,0.0,0.0,baseline
3,3,True,3,0,0,1.0,1.0,1.0,0.8873041643437123,0.8873041643437122,9.473903143468002e-15,1.5876156140274038,1.587615614027366,1.587615614027385,JUNCTION,JUNCTION,True,NONE,ideal_free_path_sector,4.109921353021991,0.3703814697878913,21.24898859588859,16,3,0.0,0.0,0.0,1.0,0.0,0.0,0.0,baseline
3,3,True,3,0,0,1.0,1.0,1.0,0.8873041643437123,0.8873041643437122,9.473903143468002e-15,1.5876156140274038,1.587615614027366,1.587615614027385,JUNCTION,JUNCTION,True,NONE,ideal_free_path_sector,4.109921353021991,0.3703814697878913,21.24898859588859,17,3,0.0,0.0,0.0,1.0,0.0,0.0,0.0,baseline
3,3,True,3,0,0,1.0,1.0,1.0,0.8873041643437123,0.8873041643437122,9.473903143468002e-15,1.5876156140274038,1.587615614027366,1.587615614027385,JUNCTION,JUNCTION,True,NONE,ideal_free_path_sector,4.109921353021991,0.3703814697878913,21.24898859588859,18,3,0.0,0.0,0.0,1.0,0.0,0.0,0.0,baseline
3,3,True,3,0,0,1.0,1.0,1.0,0.8873041643437123,0.8873041643437122,9.473903143468002e-15,1.5876156140274038,1.587615614027366,1.587615614027385,JUNCTION,JUNCTION,True,NONE,ideal_free_path_sector,4.109921353021991,0.3703814697878913,21.24898859588859,19,3,0.0,0.0,0.0,1.0,0.0,0.0,0.0,baseline
3,3,True,3,0,0,1.0,1.0,1.0,0.8873041643437123,0.8873041643437122,9.473903143468002e-15,1.5876156140274038,1.587615614027366,1.587615614027385,JUNCTION,JUNCTION,True,NONE,ideal_free_path_sector,4.109921353021991,0.3703814697878913,21.24898859588859,20,3,0.0,0.0,0.0,1.0,0.0,0.0,0.0,baseline
3,3,True,3,0,0,1.0,1.0,1.0,0.8873041643437123,0.8873041643437122,9.473903143468002e-15,1.5876156140274038,1.587615614027366,1.587615614027385,JUNCTION,JUNCTION,True,NONE,ideal_free_path_sector,4.109921353021991,0.3703814697878913,21.24898859588859,21,3,0.0,0.0,0.0,1.0,0.0,0.0,0.0,baseline
3,3,True,3,0,0,1.0,1.0,1.0,0.8873041643437123,0.8873041643437122,9.473903143468002e-15,1.5876156140274038,1.587615614027366,1.587615614027385,JUNCTION,JUNCTION,True,NONE,ideal_free_path_sector,4.109921353021991,0.3703814697878913,21.24898859588859,22,3,0.0,0.0,0.0,1.0,0.0,0.0,0.0,baseline
3,3,True,3,0,0,1.0,1.0,1.0,0.8873041643437123,0.8873041643437122,9.473903143468002e-15,1.5876156140274038,1.587615614027366,1.587615614027385,JUNCTION,JUNCTION,True,NONE,ideal_free_path_sector,4.109921353021991,0.3703814697878913,21.24898859588859,23,3,0.0,0.0,0.0,1.0,0.0,0.0,0.0,baseline
3,3,True,3,0,0,1.0,1.0,1.0,0.8873041643437123,0.8873041643437122,9.473903143468002e-15,1.5876156140274038,1.587615614027366,1.587615614027385,JUNCTION,JUNCTION,True,NONE,ideal_free_path_sector,4.109921353021991,0.3703814697878913,21.24898859588859,24,3,0.0,0.0,0.0,1.0,0.0,0.0,0.0,baseline
3,3,True,3,0,0,1.0,1.0,1.0,0.8873041643437123,0.8873041643437122,9.473903143468002e-15,1.5876156140274038,1.587615614027366,1.587615614027385,JUNCTION,JUNCTION,True,NONE,ideal_free_path_sector,4.109921353021991,0.3703814697878913,21.24898859588859,25,3,0.0,0.0,0.0,1.0,0.0,0.0,0.0,baseline
3,3,True,3,0,0,1.0,1.0,1.0,0.8873041643437123,0.8873041643437122,9.473903143468002e-15,1.5876156140274038,1.587615614027366,1.587615614027385,JUNCTION,JUNCTION,True,NONE,ideal_free_path_sector,4.109921353021991,0.3703814697878913,21.24898859588859,26,3,0.0,0.0,0.0,1.0,0.0,0.0,0.0,baseline
4,4,True,4,0,0,1.0,1.0,1.0,0.9260368840953028,0.9260368840953018,0.0,0.9983824237324512,0.9983824237324441,0.9983824237324477,JUNCTION,JUNCTION,True,NONE,ideal_free_path_sector,4.289992923181831,0.46235177177508907,14.53569178941229,7,4,0.0,0.0,0.0,1.0,0.0,0.0,0.0,baseline
4,4,True,4,0,0,1.0,1.0,1.0,0.9260368840953028,0.9260368840953018,0.0,0.9983824237324512,0.9983824237324441,0.9983824237324477,JUNCTION,JUNCTION,True,NONE,ideal_free_path_sector,4.289992923181831,0.46235177177508907,14.53569178941229,8,4,0.0,0.0,0.0,1.0,0.0,0.0,0.0,baseline
4,4,True,4,0,0,1.0,1.0,1.0,0.9260368840953028,0.9260368840953018,0.0,0.9983824237324512,0.9983824237324441,0.9983824237324477,JUNCTION,JUNCTION,True,NONE,ideal_free_path_sector,4.289992923181831,0.46235177177508907,14.53569178941229,9,4,0.0,0.0,0.0,1.0,0.0,0.0,0.0,baseline
4,4,True,4,0,0,1.0,1.0,1.0,0.9260368840953028,0.9260368840953018,0.0,0.9983824237324512,0.9983824237324441,0.9983824237324477,JUNCTION,JUNCTION,True,NONE,ideal_free_path_sector,4.289992923181831,0.46235177177508907,14.53569178941229,10,4,0.0,0.0,0.0,1.0,0.0,0.0,0.0,baseline
4,4,True,4,0,0,1.0,1.0,1.0,0.9260368840953028,0.9260368840953018,0.0,0.9983824237324512,0.9983824237324441,0.9983824237324477,JUNCTION,JUNCTION,True,NONE,ideal_free_path_sector,4.289992923181831,0.46235177177508907,14.53569178941229,11,4,0.0,0.0,0.0,1.0,0.0,0.0,0.0,baseline
4,4,True,4,0,0,1.0,1.0,1.0,0.9260368840953028,0.9260368840953018,0.0,0.9983824237324512,0.9983824237324441,0.9983824237324477,JUNCTION,JUNCTION,True,NONE,ideal_free_path_sector,4.289992923181831,0.46235177177508907,14.53569178941229,12,4,0.0,0.0,0.0,1.0,0.0,0.0,0.0,baseline
4,4,True,4,0,0,1.0,1.0,1.0,0.9260368840953028,0.9260368840953018,0.0,0.9983824237324512,0.9983824237324441,0.9983824237324477,JUNCTION,JUNCTION,True,NONE,ideal_free_path_sector,4.289992923181831,0.46235177177508907,14.53569178941229,13,4,0.0,0.0,0.0,1.0,0.0,0.0,0.0,baseline
4,4,True,4,0,0,1.0,1.0,1.0,0.9260368840953028,0.9260368840953018,0.0,0.9983824237324512,0.9983824237324441,0.9983824237324477,JUNCTION,JUNCTION,True,NONE,ideal_free_path_sector,4.289992923181831,0.46235177177508907,14.53569178941229,14,4,0.0,0.0,0.0,1.0,0.0,0.0,0.0,baseline
4,4,True,4,0,0,1.0,1.0,1.0,0.9260368840953028,0.9260368840953018,0.0,0.9983824237324512,0.9983824237324441,0.9983824237324477,JUNCTION,JUNCTION,True,NONE,ideal_free_path_sector,4.289992923181831,0.46235177177508907,14.53569178941229,15,4,0.0,0.0,0.0,1.0,0.0,0.0,0.0,baseline
4,4,True,4,0,0,1.0,1.0,1.0,0.9260368840953028,0.9260368840953018,0.0,0.9983824237324512,0.9983824237324441,0.9983824237324477,JUNCTION,JUNCTION,True,NONE,ideal_free_path_sector,4.289992923181831,0.46235177177508907,14.53569178941229,16,4,0.0,0.0,0.0,1.0,0.0,0.0,0.0,baseline
4,4,True,4,0,0,1.0,1.0,1.0,0.9260368840953028,0.9260368840953018,0.0,0.9983824237324512,0.9983824237324441,0.9983824237324477,JUNCTION,JUNCTION,True,NONE,ideal_free_path_sector,4.289992923181831,0.46235177177508907,14.53569178941229,17,4,0.0,0.0,0.0,1.0,0.0,0.0,0.0,baseline
4,4,True,4,0,0,1.0,1.0,1.0,0.9260368840953028,0.9260368840953018,0.0,0.9983824237324512,0.9983824237324441,0.9983824237324477,JUNCTION,JUNCTION,True,NONE,ideal_free_path_sector,4.289992923181831,0.46235177177508907,14.53569178941229,18,4,0.0,0.0,0.0,1.0,0.0,0.0,0.0,baseline
4,4,True,4,0,0,1.0,1.0,1.0,0.9260368840953028,0.9260368840953018,0.0,0.9983824237324512,0.9983824237324441,0.9983824237324477,JUNCTION,JUNCTION,True,NONE,ideal_free_path_sector,4.289992923181831,0.46235177177508907,14.53569178941229,19,4,0.0,0.0,0.0,1.0,0.0,0.0,0.0,baseline
4,4,True,4,0,0,1.0,1.0,1.0,0.9260368840953028,0.9260368840953018,0.0,0.9983824237324512,0.9983824237324441,0.9983824237324477,JUNCTION,JUNCTION,True,NONE,ideal_free_path_sector,4.289992923181831,0.46235177177508907,14.53569178941229,20,4,0.0,0.0,0.0,1.0,0.0,0.0,0.0,baseline
4,4,True,4,0,0,1.0,1.0,1.0,0.9260368840953028,0.9260368840953018,0.0,0.9983824237324512,0.9983824237324441,0.9983824237324477,JUNCTION,JUNCTION,True,NONE,ideal_free_path_sector,4.289992923181831,0.46235177177508907,14.53569178941229,21,4,0.0,0.0,0.0,1.0,0.0,0.0,0.0,baseline
4,4,True,4,0,0,1.0,1.0,1.0,0.9260368840953028,0.9260368840953018,0.0,0.9983824237324512,0.9983824237324441,0.9983824237324477,JUNCTION,JUNCTION,True,NONE,ideal_free_path_sector,4.289992923181831,0.46235177177508907,14.53569178941229,22,4,0.0,0.0,0.0,1.0,0.0,0.0,0.0,baseline
4,4,True,4,0,0,1.0,1.0,1.0,0.9260368840953028,0.9260368840953018,0.0,0.9983824237324512,0.9983824237324441,0.9983824237324477,JUNCTION,JUNCTION,True,NONE,ideal_free_path_sector,4.289992923181831,0.46235177177508907,14.53569178941229,23,4,0.0,0.0,0.0,1.0,0.0,0.0,0.0,baseline
4,4,True,4,0,0,1.0,1.0,1.0,0.9260368840953028,0.9260368840953018,0.0,0.9983824237324512,0.9983824237324441,0.9983824237324477,JUNCTION,JUNCTION,True,NONE,ideal_free_path_sector,4.289992923181831,0.46235177177508907,14.53569178941229,24,4,0.0,0.0,0.0,1.0,0.0,0.0,0.0,baseline
4,4,True,4,0,0,1.0,1.0,1.0,0.9260368840953028,0.9260368840953018,0.0,0.9983824237324512,0.9983824237324441,0.9983824237324477,JUNCTION,JUNCTION,True,NONE,ideal_free_path_sector,4.289992923181831,0.46235177177508907,14.53569178941229,25,4,0.0,0.0,0.0,1.0,0.0,0.0,0.0,baseline
4,4,True,4,0,0,1.0,1.0,1.0,0.9260368840953028,0.9260368840953018,0.0,0.9983824237324512,0.9983824237324441,0.9983824237324477,JUNCTION,JUNCTION,True,NONE,ideal_free_path_sector,4.289992923181831,0.46235177177508907,14.53569178941229,26,4,0.0,0.0,0.0,1.0,0.0,0.0,0.0,baseline
5,5,True,5,0,0,1.0,1.0,1.0,0.9805886642816845,0.9805886642816837,0.0,0.24744493314807983,0.24744493314807414,0.24744493314807697,JUNCTION,JUNCTION,True,NONE,ideal_free_path_sector,4.537423067393879,0.5862025845595751,8.823686263497938,7,5,0.0,0.0,0.0,1.0,0.0,0.0,0.0,baseline
5,5,True,5,0,0,1.0,1.0,1.0,0.9805886642816845,0.9805886642816837,0.0,0.24744493314807983,0.24744493314807414,0.24744493314807697,JUNCTION,JUNCTION,True,NONE,ideal_free_path_sector,4.537423067393879,0.5862025845595751,8.823686263497938,8,5,0.0,0.0,0.0,1.0,0.0,0.0,0.0,baseline
5,5,True,5,0,0,1.0,1.0,1.0,0.9805886642816845,0.9805886642816837,0.0,0.24744493314807983,0.24744493314807414,0.24744493314807697,JUNCTION,JUNCTION,True,NONE,ideal_free_path_sector,4.537423067393879,0.5862025845595751,8.823686263497938,9,5,0.0,0.0,0.0,1.0,0.0,0.0,0.0,baseline
5,5,True,5,0,0,1.0,1.0,1.0,0.9805886642816845,0.9805886642816837,0.0,0.24744493314807983,0.24744493314807414,0.24744493314807697,JUNCTION,JUNCTION,True,NONE,ideal_free_path_sector,4.537423067393879,0.5862025845595751,8.823686263497938,10,5,0.0,0.0,0.0,1.0,0.0,0.0,0.0,baseline
5,5,True,5,0,0,1.0,1.0,1.0,0.9805886642816845,0.9805886642816837,0.0,0.24744493314807983,0.24744493314807414,0.24744493314807697,JUNCTION,JUNCTION,True,NONE,ideal_free_path_sector,4.537423067393879,0.5862025845595751,8.823686263497938,11,5,0.0,0.0,0.0,1.0,0.0,0.0,0.0,baseline
5,5,True,5,0,0,1.0,1.0,1.0,0.9805886642816845,0.9805886642816837,0.0,0.24744493314807983,0.24744493314807414,0.24744493314807697,JUNCTION,JUNCTION,True,NONE,ideal_free_path_sector,4.537423067393879,0.5862025845595751,8.823686263497938,12,5,0.0,0.0,0.0,1.0,0.0,0.0,0.0,baseline
5,5,True,5,0,0,1.0,1.0,1.0,0.9805886642816845,0.9805886642816837,0.0,0.24744493314807983,0.24744493314807414,0.24744493314807697,JUNCTION,JUNCTION,True,NONE,ideal_free_path_sector,4.537423067393879,0.5862025845595751,8.823686263497938,13,5,0.0,0.0,0.0,1.0,0.0,0.0,0.0,baseline
5,5,True,5,0,0,1.0,1.0,1.0,0.9805886642816845,0.9805886642816837,0.0,0.24744493314807983,0.24744493314807414,0.24744493314807697,JUNCTION,JUNCTION,True,NONE,ideal_free_path_sector,4.537423067393879,0.5862025845595751,8.823686263497938,14,5,0.0,0.0,0.0,1.0,0.0,0.0,0.0,baseline
5,5,True,5,0,0,1.0,1.0,1.0,0.9805886642816845,0.9805886642816837,0.0,0.24744493314807983,0.24744493314807414,0.24744493314807697,JUNCTION,JUNCTION,True,NONE,ideal_free_path_sector,4.537423067393879,0.5862025845595751,8.823686263497938,15,5,0.0,0.0,0.0,1.0,0.0,0.0,0.0,baseline
5,5,True,5,0,0,1.0,1.0,1.0,0.9805886642816845,0.9805886642816837,0.0,0.24744493314807983,0.24744493314807414,0.24744493314807697,JUNCTION,JUNCTION,True,NONE,ideal_free_path_sector,4.537423067393879,0.5862025845595751,8.823686263497938,16,5,0.0,0.0,0.0,1.0,0.0,0.0,0.0,baseline
5,5,True,5,0,0,1.0,1.0,1.0,0.9805886642816845,0.9805886642816837,0.0,0.24744493314807983,0.24744493314807414,0.24744493314807697,JUNCTION,JUNCTION,True,NONE,ideal_free_path_sector,4.537423067393879,0.5862025845595751,8.823686263497938,17,5,0.0,0.0,0.0,1.0,0.0,0.0,0.0,baseline
5,5,True,5,0,0,1.0,1.0,1.0,0.9805886642816845,0.9805886642816837,0.0,0.24744493314807983,0.24744493314807414,0.24744493314807697,JUNCTION,JUNCTION,True,NONE,ideal_free_path_sector,4.537423067393879,0.5862025845595751,8.823686263497938,18,5,0.0,0.0,0.0,1.0,0.0,0.0,0.0,baseline
5,5,True,5,0,0,1.0,1.0,1.0,0.9805886642816845,0.9805886642816837,0.0,0.24744493314807983,0.24744493314807414,0.24744493314807697,JUNCTION,JUNCTION,True,NONE,ideal_free_path_sector,4.537423067393879,0.5862025845595751,8.823686263497938,19,5,0.0,0.0,0.0,1.0,0.0,0.0,0.0,baseline
5,5,True,5,0,0,1.0,1.0,1.0,0.9805886642816845,0.9805886642816837,0.0,0.24744493314807983,0.24744493314807414,0.24744493314807697,JUNCTION,JUNCTION,True,NONE,ideal_free_path_sector,4.537423067393879,0.5862025845595751,8.823686263497938,20,5,0.0,0.0,0.0,1.0,0.0,0.0,0.0,baseline
5,5,True,5,0,0,1.0,1.0,1.0,0.9805886642816845,0.9805886642816837,0.0,0.24744493314807983,0.24744493314807414,0.24744493314807697,JUNCTION,JUNCTION,True,NONE,ideal_free_path_sector,4.537423067393879,0.5862025845595751,8.823686263497938,21,5,0.0,0.0,0.0,1.0,0.0,0.0,0.0,baseline
5,5,True,5,0,0,1.0,1.0,1.0,0.9805886642816845,0.9805886642816837,0.0,0.24744493314807983,0.24744493314807414,0.24744493314807697,JUNCTION,JUNCTION,True,NONE,ideal_free_path_sector,4.537423067393879,0.5862025845595751,8.823686263497938,22,5,0.0,0.0,0.0,1.0,0.0,0.0,0.0,baseline
5,5,True,5,0,0,1.0,1.0,1.0,0.9805886642816845,0.9805886642816837,0.0,0.24744493314807983,0.24744493314807414,0.24744493314807697,JUNCTION,JUNCTION,True,NONE,ideal_free_path_sector,4.537423067393879,0.5862025845595751,8.823686263497938,23,5,0.0,0.0,0.0,1.0,0.0,0.0,0.0,baseline
5,5,True,5,0,0,1.0,1.0,1.0,0.9805886642816845,0.9805886642816837,0.0,0.24744493314807983,0.24744493314807414,0.24744493314807697,JUNCTION,JUNCTION,True,NONE,ideal_free_path_sector,4.537423067393879,0.5862025845595751,8.823686263497938,24,5,0.0,0.0,0.0,1.0,0.0,0.0,0.0,baseline
5,5,True,5,0,0,1.0,1.0,1.0,0.9805886642816845,0.9805886642816837,0.0,0.24744493314807983,0.24744493314807414,0.24744493314807697,JUNCTION,JUNCTION,True,NONE,ideal_free_path_sector,4.537423067393879,0.5862025845595751,8.823686263497938,25,5,0.0,0.0,0.0,1.0,0.0,0.0,0.0,baseline
5,5,True,5,0,0,1.0,1.0,1.0,0.9805886642816845,0.9805886642816837,0.0,0.24744493314807983,0.24744493314807414,0.24744493314807697,JUNCTION,JUNCTION,True,NONE,ideal_free_path_sector,4.537423067393879,0.5862025845595751,8.823686263497938,26,5,0.0,0.0,0.0,1.0,0.0,0.0,0.0,baseline
2,2,True,2,0,0,1.0,1.0,1.0,0.8695536016480832,0.8518076097777151,0.25,2.087688184813814,1.5876881848137998,1.837688184813807,CORRIDOR,CORRIDOR,True,NONE,ideal_free_path_sector,4.109901768910688,0.36297384039213354,21.49898859588859,7,2,0.03,0.0,0.0,1.0,0.0,0.0,0.0,noise_0.03
2,2,True,2,0,0,1.0,1.0,1.0,0.8518076097777142,0.8518076097777133,0.5,2.087688184813814,2.0876881848138,2.087688184813807,CORRIDOR,CORRIDOR,True,NONE,ideal_free_path_sector,4.109901768910688,0.3555662109963757,21.74898859588859,8,2,0.03,0.0,0.0,1.0,0.0,0.0,0.0,noise_0.03
2,2,True,2,0,0,1.0,1.0,1.0,0.8518076097777141,0.8163156260369769,0.0,2.087688184813814,2.0876881848138,2.087688184813807,CORRIDOR,CORRIDOR,True,NONE,ideal_free_path_sector,4.109901768910688,0.35556621099637575,21.74898859588859,9,2,0.03,0.0,0.0,1.0,0.0,0.0,0.0,noise_0.03
2,2,True,2,0,0,1.0,1.0,1.0,0.8518076097777142,0.8518076097777133,0.5,1.587688184813814,2.5876881848138,2.087688184813807,CORRIDOR,CORRIDOR,True,NONE,ideal_free_path_sector,4.109901768910688,0.3555662109963757,21.74898859588859,10,2,0.03,0.0,0.0,1.0,0.0,0.0,0.0,noise_0.03
2,2,True,2,0,0,1.0,1.0,1.0,0.8872995935184522,0.8872995935184513,0.0,1.587688184813814,1.5876881848137998,1.587688184813807,CORRIDOR,CORRIDOR,True,NONE,ideal_free_path_sector,4.109901768910688,0.3703814697878914,21.24898859588859,11,2,0.03,0.0,0.0,1.0,0.0,0.0,0.0,noise_0.03
2,2,True,2,0,0,1.0,1.0,1.0,0.8872995935184522,0.8872995935184513,0.0,1.587688184813814,1.5876881848137998,1.587688184813807,CORRIDOR,CORRIDOR,True,NONE,ideal_free_path_sector,4.109901768910688,0.3703814697878914,21.24898859588859,12,2,0.03,0.0,0.0,1.0,0.0,0.0,0.0,noise_0.03
2,2,True,2,0,0,1.0,1.0,1.0,0.8872995935184522,0.8872995935184513,0.0,1.587688184813814,1.5876881848137998,1.587688184813807,CORRIDOR,CORRIDOR,True,NONE,ideal_free_path_sector,4.109901768910688,0.3703814697878914,21.24898859588859,13,2,0.03,0.0,0.0,1.0,0.0,0.0,0.0,noise_0.03
2,2,True,2,0,0,1.0,1.0,1.0,0.8872995935184522,0.8872995935184513,0.0,1.587688184813814,1.5876881848137998,1.587688184813807,CORRIDOR,CORRIDOR,True,NONE,ideal_free_path_sector,4.109901768910688,0.3703814697878914,21.24898859588859,14,2,0.03,0.0,0.0,1.0,0.0,0.0,0.0,noise_0.03
2,2,True,2,0,0,1.0,1.0,1.0,0.8518076097777142,0.8518076097777133,0.5,2.087688184813814,2.0876881848138,2.087688184813807,CORRIDOR,CORRIDOR,True,NONE,ideal_free_path_sector,4.109901768910688,0.3555662109963757,21.74898859588859,15,2,0.03,0.0,0.0,1.0,0.0,0.0,0.0,noise_0.03
2,2,True,2,0,0,1.0,1.0,1.0,0.8872995935184522,0.8872995935184513,0.0,1.587688184813814,1.5876881848137998,1.587688184813807,CORRIDOR,CORRIDOR,True,NONE,ideal_free_path_sector,4.109901768910688,0.3703814697878914,21.24898859588859,16,2,0.03,0.0,0.0,1.0,0.0,0.0,0.0,noise_0.03
2,2,True,2,0,0,1.0,1.0,1.0,0.8340616179073451,0.8163156260369769,0.25,2.587688184813814,2.0876881848138,2.337688184813807,CORRIDOR,CORRIDOR,True,NONE,ideal_free_path_sector,4.109901768910688,0.34815858160061786,21.99898859588859,17,2,0.03,0.0,0.0,1.0,0.0,0.0,0.0,noise_0.03
2,2,True,2,0,0,1.0,1.0,1.0,0.8695536016480833,0.8518076097777133,0.25,2.087688184813814,1.5876881848137998,1.837688184813807,CORRIDOR,CORRIDOR,True,NONE,ideal_free_path_sector,4.109901768910688,0.36297384039213354,21.49898859588859,18,2,0.03,0.0,0.0,1.0,0.0,0.0,0.0,noise_0.03
2,2,True,2,0,0,1.0,1.0,1.0,0.8695536016480833,0.8518076097777133,0.25,2.087688184813814,1.5876881848137998,1.837688184813807,CORRIDOR,CORRIDOR,True,NONE,ideal_free_path_sector,4.109901768910688,0.36297384039213354,21.49898859588859,19,2,0.03,0.0,0.0,1.0,0.0,0.0,0.0,noise_0.03
2,2,True,2,0,0,1.0,1.0,1.0,0.8872995935184522,0.8872995935184513,0.0,1.587688184813814,1.5876881848137998,1.587688184813807,CORRIDOR,CORRIDOR,True,NONE,ideal_free_path_sector,4.109901768910688,0.3703814697878914,21.24898859588859,20,2,0.03,0.0,0.0,1.0,0.0,0.0,0.0,noise_0.03
2,2,True,2,0,0,1.0,1.0,1.0,0.8872995935184522,0.8872995935184513,0.0,1.587688184813814,1.5876881848137998,1.587688184813807,CORRIDOR,CORRIDOR,True,NONE,ideal_free_path_sector,4.109901768910688,0.3703814697878914,21.24898859588859,21,2,0.03,0.0,0.0,1.0,0.0,0.0,0.0,noise_0.03
2,2,True,2,0,0,1.0,1.0,1.0,0.8695536016480832,0.8518076097777151,0.25,1.587688184813814,2.0876881848138,1.837688184813807,CORRIDOR,CORRIDOR,True,NONE,ideal_free_path_sector,4.109901768910688,0.36297384039213354,21.49898859588859,22,2,0.03,0.0,0.0,1.0,0.0,0.0,0.0,noise_0.03
2,2,True,2,0,0,1.0,1.0,1.0,0.8872995935184522,0.8872995935184513,0.0,1.587688184813814,1.5876881848137998,1.587688184813807,CORRIDOR,CORRIDOR,True,NONE,ideal_free_path_sector,4.109901768910688,0.3703814697878914,21.24898859588859,23,2,0.03,0.0,0.0,1.0,0.0,0.0,0.0,noise_0.03
2,2,True,2,0,0,1.0,1.0,1.0,0.8518076097777142,0.8518076097777133,0.5,2.087688184813814,2.0876881848138,2.087688184813807,CORRIDOR,CORRIDOR,True,NONE,ideal_free_path_sector,4.109901768910688,0.3555662109963757,21.74898859588859,24,2,0.03,0.0,0.0,1.0,0.0,0.0,0.0,noise_0.03
2,2,True,2,0,0,1.0,1.0,1.0,0.8695536016480832,0.8518076097777151,0.25,2.087688184813814,1.5876881848137998,1.837688184813807,CORRIDOR,CORRIDOR,True,NONE,ideal_free_path_sector,4.109901768910688,0.36297384039213354,21.49898859588859,25,2,0.03,0.0,0.0,1.0,0.0,0.0,0.0,noise_0.03
2,2,True,2,0,0,1.0,1.0,1.0,0.8695536016480833,0.8518076097777133,0.25,2.087688184813814,1.5876881848137998,1.837688184813807,CORRIDOR,CORRIDOR,True,NONE,ideal_free_path_sector,4.109901768910688,0.36297384039213354,21.49898859588859,26,2,0.03,0.0,0.0,1.0,0.0,0.0,0.0,noise_0.03
3,3,True,3,0,0,1.0,1.0,1.0,0.8636427199612133,0.8163198311962152,9.473903143468002e-15,1.9209489473607373,1.9209489473606993,1.9209489473607182,JUNCTION,JUNCTION,True,NONE,ideal_free_path_sector,4.109921353021991,0.3605046305935476,21.582321929221923,7,3,0.03,0.0,0.0,1.0,0.0,0.0,0.0,noise_0.03
3,3,True,3,0,0,1.0,1.0,1.0,0.8873041643437123,0.8873041643437122,9.473903143468002e-15,1.5876156140274038,1.587615614027366,1.587615614027385,JUNCTION,JUNCTION,True,NONE,ideal_free_path_sector,4.109921353021991,0.3703814697878913,21.24898859588859,8,3,0.03,0.0,0.0,1.0,0.0,0.0,0.0,noise_0.03
3,3,True,3,0,0,1.0,1.0,1.0,0.8754734421524629,0.8518119977699636,0.16666666666667615,1.5876156140274038,1.9209489473606993,1.7542822806940517,JUNCTION,JUNCTION,True,NONE,ideal_free_path_sector,4.109921353021991,0.3654430501907195,21.41565526255526,9,3,0.03,0.0,0.0,1.0,0.0,0.0,0.0,noise_0.03
3,3,True,3,0,0,1.0,1.0,1.0,0.8636427199612133,0.8518119977699636,0.3333333333333428,1.9209489473607373,1.9209489473606993,1.9209489473607182,JUNCTION,JUNCTION,True,NONE,ideal_free_path_sector,4.109921353021991,0.3605046305935476,21.582321929221923,10,3,0.03,0.0,0.0,1.0,0.0,0.0,0.0,noise_0.03
3,3,True,3,0,0,1.0,1.0,1.0,0.8518119977699637,0.8163198311962152,0.1666666666666572,1.9209489473607373,2.254282280694033,2.087615614027385,JUNCTION,JUNCTION,True,NONE,ideal_free_path_sector,4.109921353021991,0.3555662109963757,21.74898859588859,11,3,0.03,0.0,0.0,1.0,0.0,0.0,0.0,noise_0.03
3,3,True,3,0,0,1.0,1.0,1.0,0.8636427199612133,0.8518119977699636,0.3333333333333428,1.9209489473607373,1.9209489473606993,1.9209489473607182,JUNCTION,JUNCTION,True,NONE,ideal_free_path_sector,4.109921353021991,0.3605046305935476,21.582321929221923,12,3,0.03,0.0,0.0,1.0,0.0,0.0,0.0,noise_0.03
3,3,True,3,0,0,1.0,1.0,1.0,0.8636427199612133,0.8518119977699636,0.3333333333333428,1.9209489473607373,1.9209489473606993,1.9209489473607182,JUNCTION,JUNCTION,True,NONE,ideal_free_path_sector,4.109921353021991,0.36050463059354754,21.582321929221923,13,3,0.03,0.0,0.0,1.0,0.0,0.0,0.0,noise_0.03
3,3,True,3,0,0,1.0,1.0,1.0,0.8873041643437123,0.8873041643437122,9.473903143468002e-15,1.5876156140274038,1.587615614027366,1.587615614027385,JUNCTION,JUNCTION,True,NONE,ideal_free_path_sector,4.109921353021991,0.3703814697878913,21.24898859588859,14,3,0.03,0.0,0.0,1.0,0.0,0.0,0.0,noise_0.03
3,3,True,3,0,0,1.0,1.0,1.0,0.8873041643437123,0.8873041643437122,9.473903143468002e-15,1.5876156140274038,1.587615614027366,1.587615614027385,JUNCTION,JUNCTION,True,NONE,ideal_free_path_sector,4.109921353021991,0.3703814697878913,21.24898859588859,15,3,0.03,0.0,0.0,1.0,0.0,0.0,0.0,noise_0.03
3,3,True,3,0,0,1.0,1.0,1.0,0.8754734421524629,0.8518119977699636,0.16666666666667615,1.9209489473607373,1.587615614027366,1.7542822806940517,JUNCTION,JUNCTION,True,NONE,ideal_free_path_sector,4.109921353021991,0.3654430501907195,21.41565526255526,16,3,0.03,0.0,0.0,1.0,0.0,0.0,0.0,noise_0.03
3,3,True,3,0,0,1.0,1.0,1.0,0.8754734421524629,0.8518119977699641,0.16666666666667615,1.9209489473607373,1.587615614027366,1.7542822806940517,JUNCTION,JUNCTION,True,NONE,ideal_free_path_sector,4.109921353021991,0.3654430501907195,21.41565526255526,17,3,0.03,0.0,0.0,1.0,0.0,0.0,0.0,noise_0.03
3,3,True,3,0,0,1.0,1.0,1.0,0.8399812755787144,0.8163198311962152,0.3333333333333428,2.587615614027404,1.9209489473606993,2.2542822806940515,JUNCTION,JUNCTION,True,NONE,ideal_free_path_sector,4.109921353021991,0.35062779139920375,21.91565526255526,18,3,0.03,0.0,0.0,1.0,0.0,0.0,0.0,noise_0.03
3,3,True,3,0,0,1.0,1.0,1.0,0.8518119977699637,0.8518119977699636,0.4999999999999905,1.9209489473607373,2.254282280694033,2.087615614027385,JUNCTION,JUNCTION,True,NONE,ideal_free_path_sector,4.109921353021991,0.3555662109963757,21.74898859588859,19,3,0.03,0.0,0.0,1.0,0.0,0.0,0.0,noise_0.03
3,3,True,3,0,0,1.0,1.0,1.0,0.8636427199612133,0.8518119977699636,0.3333333333333239,1.9209489473607373,1.9209489473606993,1.9209489473607182,JUNCTION,JUNCTION,True,NONE,ideal_free_path_sector,4.109921353021991,0.3605046305935476,21.582321929221923,20,3,0.03,0.0,0.0,1.0,0.0,0.0,0.0,noise_0.03
3,3,True,3,0,0,1.0,1.0,1.0,0.8636427199612133,0.8518119977699636,0.3333333333333428,2.2542822806940706,1.587615614027366,1.9209489473607182,JUNCTION,JUNCTION,True,NONE,ideal_free_path_sector,4.109921353021991,0.3605046305935476,21.582321929221923,21,3,0.03,0.0,0.0,1.0,0.0,0.0,0.0,noise_0.03
3,3,True,3,0,0,1.0,1.0,1.0,0.8754734421524629,0.8518119977699636,0.16666666666667615,1.5876156140274038,1.9209489473606993,1.7542822806940517,JUNCTION,JUNCTION,True,NONE,ideal_free_path_sector,4.109921353021991,0.3654430501907195,21.41565526255526,22,3,0.03,0.0,0.0,1.0,0.0,0.0,0.0,noise_0.03
3,3,True,3,0,0,1.0,1.0,1.0,0.8636427199612133,0.8518119977699636,0.3333333333333428,1.9209489473607373,1.9209489473606993,1.9209489473607182,JUNCTION,JUNCTION,True,NONE,ideal_free_path_sector,4.109921353021991,0.3605046305935476,21.582321929221923,23,3,0.03,0.0,0.0,1.0,0.0,0.0,0.0,noise_0.03
3,3,True,3,0,0,1.0,1.0,1.0,0.8754734421524629,0.8518119977699641,0.16666666666667615,1.9209489473607373,1.587615614027366,1.7542822806940517,JUNCTION,JUNCTION,True,NONE,ideal_free_path_sector,4.109921353021991,0.3654430501907195,21.41565526255526,24,3,0.03,0.0,0.0,1.0,0.0,0.0,0.0,noise_0.03
3,3,True,3,0,0,1.0,1.0,1.0,0.8754734421524629,0.8518119977699636,0.16666666666667615,1.5876156140274038,1.9209489473606993,1.7542822806940517,JUNCTION,JUNCTION,True,NONE,ideal_free_path_sector,4.109921353021991,0.3654430501907195,21.41565526255526,25,3,0.03,0.0,0.0,1.0,0.0,0.0,0.0,noise_0.03
3,3,True,3,0,0,1.0,1.0,1.0,0.8873041643437123,0.8873041643437122,9.473903143468002e-15,1.5876156140274038,1.587615614027366,1.587615614027385,JUNCTION,JUNCTION,True,NONE,ideal_free_path_sector,4.109921353021991,0.3703814697878913,21.24898859588859,26,3,0.03,0.0,0.0,1.0,0.0,0.0,0.0,noise_0.03
4,4,True,4,0,0,1.0,1.0,1.0,0.907516146413397,0.8889954087314902,0.25,0.9983824237324512,1.4983824237324441,1.2483824237324477,JUNCTION,JUNCTION,True,NONE,ideal_free_path_sector,4.289992923181831,0.45310473633958726,14.78569178941229,7,4,0.03,0.0,0.0,1.0,0.0,0.0,0.0,noise_0.03
4,4,True,4,0,0,1.0,1.0,1.0,0.907516146413397,0.8889954087314902,0.25,0.9983824237324512,1.4983824237324441,1.2483824237324477,JUNCTION,JUNCTION,True,NONE,ideal_free_path_sector,4.289992923181831,0.4531047363395873,14.78569178941229,8,4,0.03,0.0,0.0,1.0,0.0,0.0,0.0,noise_0.03
4,4,True,4,0,0,1.0,1.0,1.0,0.9260368840953028,0.9260368840953018,0.0,0.9983824237324512,0.9983824237324441,0.9983824237324477,JUNCTION,JUNCTION,True,NONE,ideal_free_path_sector,4.289992923181831,0.46235177177508907,14.53569178941229,9,4,0.03,0.0,0.0,1.0,0.0,0.0,0.0,noise_0.03
4,4,True,4,0,0,1.0,1.0,1.0,0.8704746710495848,0.8519539333676794,0.25,1.4983824237324512,1.9983824237324441,1.7483824237324477,JUNCTION,JUNCTION,True,NONE,ideal_free_path_sector,4.289992923181831,0.43461066546858373,15.28569178941229,10,4,0.03,0.0,0.0,1.0,0.0,0.0,0.0,noise_0.03
4,4,True,4,0,0,1.0,1.0,1.0,0.9167765152543499,0.8889954087314897,0.125,1.2483824237324512,0.9983824237324441,1.1233824237324477,JUNCTION,JUNCTION,True,NONE,ideal_free_path_sector,4.289992923181831,0.45772825405733814,14.66069178941229,11,4,0.03,0.0,0.0,1.0,0.0,0.0,0.0,noise_0.03
4,4,True,4,0,0,1.0,1.0,1.0,0.9075161464133968,0.8519539333676794,0.0,1.2483824237324512,1.2483824237324441,1.2483824237324477,JUNCTION,JUNCTION,True,NONE,ideal_free_path_sector,4.289992923181831,0.45310473633958726,14.78569178941229,12,4,0.03,0.0,0.0,1.0,0.0,0.0,0.0,noise_0.03
4,4,True,4,0,0,1.0,1.0,1.0,0.907516146413397,0.8889954087314902,0.25,1.4983824237324512,0.9983824237324441,1.2483824237324477,JUNCTION,JUNCTION,True,NONE,ideal_free_path_sector,4.289992923181831,0.4531047363395873,14.78569178941229,13,4,0.03,0.0,0.0,1.0,0.0,0.0,0.0,noise_0.03
4,4,True,4,0,0,1.0,1.0,1.0,0.907516146413397,0.8889954087314902,0.25,1.2483824237324512,1.2483824237324441,1.2483824237324477,JUNCTION,JUNCTION,True,NONE,ideal_free_path_sector,4.289992923181831,0.4531047363395873,14.78569178941229,14,4,0.03,0.0,0.0,1.0,0.0,0.0,0.0,noise_0.03
4,4,True,4,0,0,1.0,1.0,1.0,0.907516146413397,0.8889954087314897,0.25,1.2483824237324512,1.2483824237324441,1.2483824237324477,JUNCTION,JUNCTION,True,NONE,ideal_free_path_sector,4.289992923181831,0.4531047363395873,14.78569178941229,15,4,0.03,0.0,0.0,1.0,0.0,0.0,0.0,noise_0.03
4,4,True,4,0,0,1.0,1.0,1.0,0.9167765152543499,0.8889954087314902,0.125,0.9983824237324512,1.2483824237324441,1.1233824237324477,JUNCTION,JUNCTION,True,NONE,ideal_free_path_sector,4.289992923181831,0.45772825405733814,14.66069178941229,16,4,0.03,0.0,0.0,1.0,0.0,0.0,0.0,noise_0.03
4,4,True,4,0,0,1.0,1.0,1.0,0.907516146413397,0.8889954087314902,0.25,1.4983824237324512,0.9983824237324441,1.2483824237324477,JUNCTION,JUNCTION,True,NONE,ideal_free_path_sector,4.289992923181831,0.4531047363395873,14.78569178941229,17,4,0.03,0.0,0.0,1.0,0.0,0.0,0.0,noise_0.03
4,4,True,4,0,0,1.0,1.0,1.0,0.907516146413397,0.8889954087314902,0.25,1.4983824237324512,0.9983824237324441,1.2483824237324477,JUNCTION,JUNCTION,True,NONE,ideal_free_path_sector,4.289992923181831,0.4531047363395873,14.78569178941229,18,4,0.03,0.0,0.0,1.0,0.0,0.0,0.0,noise_0.03
4,4,True,4,0,0,1.0,1.0,1.0,0.9260368840953028,0.9260368840953018,0.0,0.9983824237324512,0.9983824237324441,0.9983824237324477,JUNCTION,JUNCTION,True,NONE,ideal_free_path_sector,4.289992923181831,0.46235177177508907,14.53569178941229,19,4,0.03,0.0,0.0,1.0,0.0,0.0,0.0,noise_0.03
4,4,True,4,0,0,1.0,1.0,1.0,0.907516146413397,0.8889954087314902,0.25,1.2483824237324512,1.2483824237324441,1.2483824237324477,JUNCTION,JUNCTION,True,NONE,ideal_free_path_sector,4.289992923181831,0.45310473633958726,14.78569178941229,20,4,0.03,0.0,0.0,1.0,0.0,0.0,0.0,noise_0.03
4,4,True,4,0,0,1.0,1.0,1.0,0.8982557775724439,0.8519539333676781,0.125,1.2483824237324512,1.4983824237324441,1.3733824237324477,JUNCTION,JUNCTION,True,NONE,ideal_free_path_sector,4.289992923181831,0.4484812186218364,14.91069178941229,21,4,0.03,0.0,0.0,1.0,0.0,0.0,0.0,noise_0.03
4,4,True,4,0,0,1.0,1.0,1.0,0.9167765152543499,0.8889954087314916,0.125,1.2483824237324512,0.9983824237324441,1.1233824237324477,JUNCTION,JUNCTION,True,NONE,ideal_free_path_sector,4.289992923181831,0.4577282540573382,14.66069178941229,22,4,0.03,0.0,0.0,1.0,0.0,0.0,0.0,noise_0.03
4,4,True,4,0,0,1.0,1.0,1.0,0.8982557775724438,0.8889954087314897,0.375,1.2483824237324512,1.4983824237324441,1.3733824237324477,JUNCTION,JUNCTION,True,NONE,ideal_free_path_sector,4.289992923181831,0.4484812186218364,14.91069178941229,23,4,0.03,0.0,0.0,1.0,0.0,0.0,0.0,noise_0.03
4,4,True,4,0,0,1.0,1.0,1.0,0.8982557775724438,0.8889954087314897,0.375,0.9983824237324512,1.7483824237324441,1.3733824237324477,JUNCTION,JUNCTION,True,NONE,ideal_free_path_sector,4.289992923181831,0.4484812186218364,14.91069178941229,24,4,0.03,0.0,0.0,1.0,0.0,0.0,0.0,noise_0.03
4,4,True,4,0,0,1.0,1.0,1.0,0.8982557775724438,0.8889954087314902,0.375,1.4983824237324512,1.2483824237324441,1.3733824237324477,JUNCTION,JUNCTION,True,NONE,ideal_free_path_sector,4.289992923181831,0.4484812186218364,14.91069178941229,25,4,0.03,0.0,0.0,1.0,0.0,0.0,0.0,noise_0.03
4,4,True,4,0,0,1.0,1.0,1.0,0.907516146413397,0.8889954087314897,0.25,0.9983824237324512,1.4983824237324441,1.2483824237324477,JUNCTION,JUNCTION,True,NONE,ideal_free_path_sector,4.289992923181831,0.45310473633958726,14.78569178941229,26,4,0.03,0.0,0.0,1.0,0.0,0.0,0.0,noise_0.03
5,5,True,5,0,0,1.0,1.0,1.0,0.941365117710417,0.90214157113915,0.3,0.6474449331480798,0.8474449331480741,0.747444933148077,JUNCTION,JUNCTION,True,NONE,ideal_free_path_sector,4.537423067393879,0.5627544811771921,9.323686263497938,7,5,0.03,0.0,0.0,1.0,0.0,0.0,0.0,noise_0.03
5,5,True,5,0,0,1.0,1.0,1.0,0.9492098270246705,0.902141571139149,0.2,0.6474449331480798,0.6474449331480742,0.6474449331480769,JUNCTION,JUNCTION,True,NONE,ideal_free_path_sector,4.537423067393879,0.5674441018536687,9.223686263497939,8,5,0.03,0.0,0.0,1.0,0.0,0.0,0.0,noise_0.03
5,5,True,5,0,0,1.0,1.0,1.0,0.9648992456531775,0.9413651177104169,0.2,0.24744493314807983,0.6474449331480742,0.447444933148077,JUNCTION,JUNCTION,True,NONE,ideal_free_path_sector,4.537423067393879,0.5768233432066219,9.02368626349794,9,5,0.03,0.0,0.0,1.0,0.0,0.0,0.0,noise_0.03
5,5,True,5,0,0,1.0,1.0,1.0,0.9335204083961635,0.9021415711391495,0.4,0.8474449331480798,0.8474449331480741,0.847444933148077,JUNCTION,JUNCTION,True,NONE,ideal_free_path_sector,4.537423067393879,0.5580648605007156,9.423686263497938,10,5,0.03,0.0,0.0,1.0,0.0,0.0,0.0,noise_0.03
5,5,True,5,0,0,1.0,1.0,1.0,0.972743954967431,0.9413651177104173,0.1,0.4474449331480798,0.24744493314807414,0.347444933148077,JUNCTION,JUNCTION,True,NONE,ideal_free_path_sector,4.537423067393879,0.5815129638830985,8.923686263497938,11,5,0.03,0.0,0.0,1.0,0.0,0.0,0.0,noise_0.03
5,5,True,5,0,0,1.0,1.0,1.0,0.9648992456531774,0.9413651177104173,0.2,0.24744493314807983,0.6474449331480742,0.447444933148077,JUNCTION,JUNCTION,True,NONE,ideal_free_path_sector,4.537423067393879,0.5768233432066219,9.02368626349794,12,5,0.03,0.0,0.0,1.0,0.0,0.0,0.0,noise_0.03
5,5,True,5,0,0,1.0,1.0,1.0,0.9648992456531774,0.90214157113915,0.0,0.4474449331480798,0.44744493314807415,0.447444933148077,JUNCTION,JUNCTION,True,NONE,ideal_free_path_sector,4.537423067393879,0.576823343206622,9.02368626349794,13,5,0.03,0.0,0.0,1.0,0.0,0.0,0.0,noise_0.03
5,5,True,5,0,0,1.0,1.0,1.0,0.957054536338924,0.9413651177104173,0.3,0.6474449331480798,0.44744493314807415,0.547444933148077,JUNCTION,JUNCTION,True,NONE,ideal_free_path_sector,4.537423067393879,0.5721337225301453,9.12368626349794,14,5,0.03,0.0,0.0,1.0,0.0,0.0,0.0,noise_0.03
5,5,True,5,0,0,1.0,1.0,1.0,0.957054536338924,0.9413651177104163,0.3,0.4474449331480798,0.6474449331480742,0.547444933148077,JUNCTION,JUNCTION,True,NONE,ideal_free_path_sector,4.537423067393879,0.5721337225301453,9.12368626349794,15,5,0.03,0.0,0.0,1.0,0.0,0.0,0.0,noise_0.03
5,5,True,5,0,0,1.0,1.0,1.0,0.957054536338924,0.9413651177104163,0.3,0.4474449331480798,0.6474449331480742,0.547444933148077,JUNCTION,JUNCTION,True,NONE,ideal_free_path_sector,4.537423067393879,0.5721337225301453,9.12368626349794,16,5,0.03,0.0,0.0,1.0,0.0,0.0,0.0,noise_0.03
5,5,True,5,0,0,1.0,1.0,1.0,0.941365117710417,0.90214157113915,0.3,0.8474449331480798,0.6474449331480742,0.747444933148077,JUNCTION,JUNCTION,True,NONE,ideal_free_path_sector,4.537423067393879,0.5627544811771921,9.323686263497938,17,5,0.03,0.0,0.0,1.0,0.0,0.0,0.0,noise_0.03
5,5,True,5,0,0,1.0,1.0,1.0,0.957054536338924,0.9021415711391495,0.1,0.4474449331480798,0.6474449331480742,0.547444933148077,JUNCTION,JUNCTION,True,NONE,ideal_free_path_sector,4.537423067393879,0.5721337225301453,9.12368626349794,18,5,0.03,0.0,0.0,1.0,0.0,0.0,0.0,noise_0.03
5,5,True,5,0,0,1.0,1.0,1.0,0.9413651177104171,0.902141571139149,0.1,0.6474449331480798,0.8474449331480741,0.747444933148077,JUNCTION,JUNCTION,True,NONE,ideal_free_path_sector,4.537423067393879,0.5627544811771921,9.323686263497938,19,5,0.03,0.0,0.0,1.0,0.0,0.0,0.0,noise_0.03
5,5,True,5,0,0,1.0,1.0,1.0,0.957054536338924,0.9413651177104163,0.3,0.4474449331480798,0.6474449331480742,0.547444933148077,JUNCTION,JUNCTION,True,NONE,ideal_free_path_sector,4.537423067393879,0.5721337225301453,9.12368626349794,20,5,0.03,0.0,0.0,1.0,0.0,0.0,0.0,noise_0.03
5,5,True,5,0,0,1.0,1.0,1.0,0.9492098270246705,0.90214157113915,0.0,0.6474449331480798,0.6474449331480742,0.6474449331480769,JUNCTION,JUNCTION,True,NONE,ideal_free_path_sector,4.537423067393879,0.5674441018536688,9.223686263497939,21,5,0.03,0.0,0.0,1.0,0.0,0.0,0.0,noise_0.03
5,5,True,5,0,0,1.0,1.0,1.0,0.957054536338924,0.9413651177104163,0.3,0.6474449331480798,0.44744493314807415,0.547444933148077,JUNCTION,JUNCTION,True,NONE,ideal_free_path_sector,4.537423067393879,0.5721337225301453,9.12368626349794,22,5,0.03,0.0,0.0,1.0,0.0,0.0,0.0,noise_0.03
5,5,True,5,0,0,1.0,1.0,1.0,0.9492098270246705,0.90214157113915,0.2,0.4474449331480798,0.8474449331480741,0.6474449331480769,JUNCTION,JUNCTION,True,NONE,ideal_free_path_sector,4.537423067393879,0.5674441018536688,9.223686263497939,23,5,0.03,0.0,0.0,1.0,0.0,0.0,0.0,noise_0.03
5,5,True,5,0,0,1.0,1.0,1.0,0.941365117710417,0.902141571139149,0.3,1.0474449331480797,0.44744493314807415,0.747444933148077,JUNCTION,JUNCTION,True,NONE,ideal_free_path_sector,4.537423067393879,0.5627544811771921,9.323686263497938,24,5,0.03,0.0,0.0,1.0,0.0,0.0,0.0,noise_0.03
5,5,True,5,0,0,1.0,1.0,1.0,0.957054536338924,0.9413651177104163,0.3,0.6474449331480798,0.44744493314807415,0.547444933148077,JUNCTION,JUNCTION,True,NONE,ideal_free_path_sector,4.537423067393879,0.5721337225301453,9.12368626349794,25,5,0.03,0.0,0.0,1.0,0.0,0.0,0.0,noise_0.03
5,5,True,5,0,0,1.0,1.0,1.0,0.9413651177104171,0.902141571139149,0.1,0.8474449331480798,0.6474449331480742,0.747444933148077,JUNCTION,JUNCTION,True,NONE,ideal_free_path_sector,4.537423067393879,0.5627544811771921,9.323686263497938,26,5,0.03,0.0,0.0,1.0,0.0,0.0,0.0,noise_0.03
2,2,True,2,0,0,1.0,1.0,1.0,0.8695536016480832,0.8518076097777151,0.25,2.087688184813814,1.5876881848137998,1.837688184813807,CORRIDOR,CORRIDOR,True,NONE,ideal_free_path_sector,4.109901768910688,0.36297384039213354,21.49898859588859,7,2,0.08,0.0,0.0,1.0,0.0,0.0,0.0,noise_0.08
2,2,True,2,0,0,1.0,1.0,1.0,0.8340616179073452,0.8163156260369753,0.25,2.587688184813814,2.0876881848138,2.337688184813807,CORRIDOR,CORRIDOR,True,NONE,ideal_free_path_sector,4.109901768910688,0.34815858160061786,21.99898859588859,8,2,0.08,0.0,0.0,1.0,0.0,0.0,0.0,noise_0.08
2,2,True,2,0,0,1.0,1.0,1.0,0.8518076097777141,0.8163156260369769,0.0,2.087688184813814,2.0876881848138,2.087688184813807,CORRIDOR,CORRIDOR,True,NONE,ideal_free_path_sector,4.109901768910688,0.35556621099637575,21.74898859588859,9,2,0.08,0.0,0.0,1.0,0.0,0.0,0.0,noise_0.08
2,2,True,2,0,0,1.0,1.0,1.0,0.8340616179073452,0.8163156260369753,0.25,2.087688184813814,2.5876881848138,2.337688184813807,CORRIDOR,CORRIDOR,True,NONE,ideal_free_path_sector,4.109901768910688,0.34815858160061786,21.99898859588859,10,2,0.08,0.0,0.0,1.0,0.0,0.0,0.0,noise_0.08
2,2,True,2,0,0,1.0,1.0,1.0,0.8695536016480832,0.8518076097777151,0.25,2.087688184813814,1.5876881848137998,1.837688184813807,CORRIDOR,CORRIDOR,True,NONE,ideal_free_path_sector,4.109901768910688,0.36297384039213354,21.49898859588859,11,2,0.08,0.0,0.0,1.0,0.0,0.0,0.0,noise_0.08
2,2,True,2,0,0,1.0,1.0,1.0,0.8872995935184522,0.8872995935184513,0.0,1.587688184813814,1.5876881848137998,1.587688184813807,CORRIDOR,CORRIDOR,True,NONE,ideal_free_path_sector,4.109901768910688,0.3703814697878914,21.24898859588859,12,2,0.08,0.0,0.0,1.0,0.0,0.0,0.0,noise_0.08
2,2,True,2,0,0,1.0,1.0,1.0,0.9050455853888213,0.8872995935184513,0.25,1.087688184813814,1.5876881848137998,1.337688184813807,CORRIDOR,CORRIDOR,True,NONE,ideal_free_path_sector,4.109901768910688,0.3777890991836492,20.99898859588859,13,2,0.08,0.0,0.0,1.0,0.0,0.0,0.0,noise_0.08
2,2,True,2,0,0,1.0,1.0,1.0,0.8340616179073452,0.8163156260369753,0.25,2.587688184813814,2.0876881848138,2.337688184813807,CORRIDOR,CORRIDOR,True,NONE,ideal_free_path_sector,4.109901768910688,0.34815858160061786,21.99898859588859,14,2,0.08,0.0,0.0,1.0,0.0,0.0,0.0,noise_0.08
2,2,True,2,0,0,1.0,1.0,1.0,0.8518076097777142,0.8518076097777133,0.5,2.087688184813814,2.0876881848138,2.087688184813807,CORRIDOR,CORRIDOR,True,NONE,ideal_free_path_sector,4.109901768910688,0.3555662109963757,21.74898859588859,15,2,0.08,0.0,0.0,1.0,0.0,0.0,0.0,noise_0.08
2,2,True,2,0,0,1.0,1.0,1.0,0.8518076097777141,0.8163156260369769,0.0,2.087688184813814,2.0876881848138,2.087688184813807,CORRIDOR,CORRIDOR,True,NONE,ideal_free_path_sector,4.109901768910688,0.35556621099637575,21.74898859588859,16,2,0.08,0.0,0.0,1.0,0.0,0.0,0.0,noise_0.08
2,2,True,2,0,0,1.0,1.0,1.0,0.8163156260369762,0.8163156260369753,0.0,2.587688184813814,2.5876881848138,2.587688184813807,CORRIDOR,CORRIDOR,True,NONE,ideal_free_path_sector,4.109901768910688,0.34075095220486007,22.24898859588859,17,2,0.08,0.0,0.0,1.0,0.0,0.0,0.0,noise_0.08
2,2,True,2,0,0,1.0,1.0,1.0,0.8695536016480833,0.8518076097777133,0.25,2.087688184813814,1.5876881848137998,1.837688184813807,CORRIDOR,CORRIDOR,True,NONE,ideal_free_path_sector,4.109901768910688,0.36297384039213354,21.49898859588859,18,2,0.08,0.0,0.0,1.0,0.0,0.0,0.0,noise_0.08
2,2,True,2,0,0,1.0,1.0,1.0,0.8518076097777142,0.8518076097777133,0.5,2.087688184813814,2.0876881848138,2.087688184813807,CORRIDOR,CORRIDOR,True,NONE,ideal_free_path_sector,4.109901768910688,0.3555662109963757,21.74898859588859,19,2,0.08,0.0,0.0,1.0,0.0,0.0,0.0,noise_0.08
2,2,True,2,0,0,1.0,1.0,1.0,0.8872995935184522,0.8872995935184513,0.0,1.587688184813814,1.5876881848137998,1.587688184813807,CORRIDOR,CORRIDOR,True,NONE,ideal_free_path_sector,4.109901768910688,0.3703814697878914,21.24898859588859,20,2,0.08,0.0,0.0,1.0,0.0,0.0,0.0,noise_0.08
2,2,True,2,0,0,1.0,1.0,1.0,0.8872995935184522,0.8872995935184513,0.0,1.587688184813814,1.5876881848137998,1.587688184813807,CORRIDOR,CORRIDOR,True,NONE,ideal_free_path_sector,4.109901768910688,0.3703814697878914,21.24898859588859,21,2,0.08,0.0,0.0,1.0,0.0,0.0,0.0,noise_0.08
2,2,True,2,0,0,1.0,1.0,1.0,0.8518076097777142,0.8518076097777133,0.5,2.087688184813814,2.0876881848138,2.087688184813807,CORRIDOR,CORRIDOR,True,NONE,ideal_free_path_sector,4.109901768910688,0.3555662109963757,21.74898859588859,22,2,0.08,0.0,0.0,1.0,0.0,0.0,0.0,noise_0.08
2,2,True,2,0,0,1.0,1.0,1.0,0.8872995935184522,0.8872995935184513,0.0,1.587688184813814,1.5876881848137998,1.587688184813807,CORRIDOR,CORRIDOR,True,NONE,ideal_free_path_sector,4.109901768910688,0.3703814697878914,21.24898859588859,23,2,0.08,0.0,0.0,1.0,0.0,0.0,0.0,noise_0.08
2,2,True,2,0,0,1.0,1.0,1.0,0.8518076097777142,0.8518076097777133,0.5,2.087688184813814,2.0876881848138,2.087688184813807,CORRIDOR,CORRIDOR,True,NONE,ideal_free_path_sector,4.109901768910688,0.3555662109963757,21.74898859588859,24,2,0.08,0.0,0.0,1.0,0.0,0.0,0.0,noise_0.08
2,2,True,2,0,0,1.0,1.0,1.0,0.8518076097777142,0.8518076097777133,0.5,2.087688184813814,2.0876881848138,2.087688184813807,CORRIDOR,CORRIDOR,True,NONE,ideal_free_path_sector,4.109901768910688,0.3555662109963757,21.74898859588859,25,2,0.08,0.0,0.0,1.0,0.0,0.0,0.0,noise_0.08
2,2,True,2,0,0,1.0,1.0,1.0,0.8695536016480833,0.8518076097777133,0.25,2.087688184813814,1.5876881848137998,1.837688184813807,CORRIDOR,CORRIDOR,True,NONE,ideal_free_path_sector,4.109901768910688,0.36297384039213354,21.49898859588859,26,2,0.08,0.0,0.0,1.0,0.0,0.0,0.0,noise_0.08
3,3,True,3,0,0,1.0,1.0,1.0,0.8518119977699637,0.8163198311962152,0.1666666666666572,1.9209489473607373,2.254282280694033,2.087615614027385,JUNCTION,JUNCTION,True,NONE,ideal_free_path_sector,4.109921353021991,0.3555662109963757,21.74898859588859,7,3,0.08,0.0,0.0,1.0,0.0,0.0,0.0,noise_0.08
3,3,True,3,0,0,1.0,1.0,1.0,0.8636427199612133,0.8518119977699636,0.3333333333333239,1.5876156140274038,2.254282280694033,1.9209489473607182,JUNCTION,JUNCTION,True,NONE,ideal_free_path_sector,4.109921353021991,0.3605046305935476,21.582321929221923,8,3,0.08,0.0,0.0,1.0,0.0,0.0,0.0,noise_0.08
3,3,True,3,0,0,1.0,1.0,1.0,0.8399812755787144,0.8163198311962152,9.473903143468002e-15,2.2542822806940706,2.254282280694033,2.2542822806940515,JUNCTION,JUNCTION,True,NONE,ideal_free_path_sector,4.109921353021991,0.3506277913992038,21.91565526255526,9,3,0.08,0.0,0.0,1.0,0.0,0.0,0.0,noise_0.08
3,3,True,3,0,0,1.0,1.0,1.0,0.8518119977699637,0.8163198311962155,0.16666666666667615,1.9209489473607373,2.254282280694033,2.087615614027385,JUNCTION,JUNCTION,True,NONE,ideal_free_path_sector,4.109921353021991,0.3555662109963757,21.74898859588859,10,3,0.08,0.0,0.0,1.0,0.0,0.0,0.0,noise_0.08
3,3,True,3,0,0,1.0,1.0,1.0,0.8399812755787144,0.8163198311962152,0.3333333333333239,1.9209489473607373,2.587615614027366,2.2542822806940515,JUNCTION,JUNCTION,True,NONE,ideal_free_path_sector,4.109921353021991,0.35062779139920375,21.91565526255526,11,3,0.08,0.0,0.0,1.0,0.0,0.0,0.0,noise_0.08
3,3,True,3,0,0,1.0,1.0,1.0,0.8518119977699637,0.8518119977699636,0.5000000000000094,2.2542822806940706,1.9209489473606993,2.087615614027385,JUNCTION,JUNCTION,True,NONE,ideal_free_path_sector,4.109921353021991,0.3555662109963757,21.74898859588859,12,3,0.08,0.0,0.0,1.0,0.0,0.0,0.0,noise_0.08
3,3,True,3,0,0,1.0,1.0,1.0,0.8636427199612133,0.8518119977699636,0.3333333333333428,1.9209489473607373,1.9209489473606993,1.9209489473607182,JUNCTION,JUNCTION,True,NONE,ideal_free_path_sector,4.109921353021991,0.36050463059354754,21.582321929221923,13,3,0.08,0.0,0.0,1.0,0.0,0.0,0.0,noise_0.08
3,3,True,3,0,0,1.0,1.0,1.0,0.8873041643437123,0.8873041643437122,9.473903143468002e-15,1.5876156140274038,1.587615614027366,1.587615614027385,JUNCTION,JUNCTION,True,NONE,ideal_free_path_sector,4.109921353021991,0.3703814697878913,21.24898859588859,14,3,0.08,0.0,0.0,1.0,0.0,0.0,0.0,noise_0.08
3,3,True,3,0,0,1.0,1.0,1.0,0.8754734421524629,0.8518119977699641,0.16666666666667615,1.9209489473607373,1.587615614027366,1.7542822806940517,JUNCTION,JUNCTION,True,NONE,ideal_free_path_sector,4.109921353021991,0.3654430501907195,21.41565526255526,15,3,0.08,0.0,0.0,1.0,0.0,0.0,0.0,noise_0.08
3,3,True,3,0,0,1.0,1.0,1.0,0.8754734421524629,0.8518119977699636,0.16666666666667615,1.9209489473607373,1.587615614027366,1.7542822806940517,JUNCTION,JUNCTION,True,NONE,ideal_free_path_sector,4.109921353021991,0.3654430501907195,21.41565526255526,16,3,0.08,0.0,0.0,1.0,0.0,0.0,0.0,noise_0.08
3,3,True,3,0,0,1.0,1.0,1.0,0.8636427199612133,0.8518119977699636,0.3333333333333428,2.2542822806940706,1.587615614027366,1.9209489473607182,JUNCTION,JUNCTION,True,NONE,ideal_free_path_sector,4.109921353021991,0.3605046305935476,21.582321929221923,17,3,0.08,0.0,0.0,1.0,0.0,0.0,0.0,noise_0.08
3,3,True,3,0,0,1.0,1.0,1.0,0.8399812755787144,0.8163198311962152,0.3333333333333428,2.587615614027404,1.9209489473606993,2.2542822806940515,JUNCTION,JUNCTION,True,NONE,ideal_free_path_sector,4.109921353021991,0.35062779139920375,21.91565526255526,18,3,0.08,0.0,0.0,1.0,0.0,0.0,0.0,noise_0.08
3,3,True,3,0,0,1.0,1.0,1.0,0.8518119977699637,0.8518119977699636,0.4999999999999905,1.9209489473607373,2.254282280694033,2.087615614027385,JUNCTION,JUNCTION,True,NONE,ideal_free_path_sector,4.109921353021991,0.3555662109963757,21.74898859588859,19,3,0.08,0.0,0.0,1.0,0.0,0.0,0.0,noise_0.08
3,3,True,3,0,0,1.0,1.0,1.0,0.8754734421524627,0.8518119977699636,0.4999999999999905,1.9209489473607373,1.587615614027366,1.7542822806940517,JUNCTION,JUNCTION,True,NONE,ideal_free_path_sector,4.109921353021991,0.3654430501907194,21.41565526255526,20,3,0.08,0.0,0.0,1.0,0.0,0.0,0.0,noise_0.08
3,3,True,3,0,0,1.0,1.0,1.0,0.8636427199612133,0.8518119977699636,0.3333333333333428,2.2542822806940706,1.587615614027366,1.9209489473607182,JUNCTION,JUNCTION,True,NONE,ideal_free_path_sector,4.109921353021991,0.3605046305935476,21.582321929221923,21,3,0.08,0.0,0.0,1.0,0.0,0.0,0.0,noise_0.08
3,3,True,3,0,0,1.0,1.0,1.0,0.8636427199612133,0.8518119977699636,0.3333333333333428,1.9209489473607373,1.9209489473606993,1.9209489473607182,JUNCTION,JUNCTION,True,NONE,ideal_free_path_sector,4.109921353021991,0.36050463059354754,21.582321929221923,22,3,0.08,0.0,0.0,1.0,0.0,0.0,0.0,noise_0.08
3,3,True,3,0,0,1.0,1.0,1.0,0.8636427199612133,0.8518119977699636,0.3333333333333428,1.9209489473607373,1.9209489473606993,1.9209489473607182,JUNCTION,JUNCTION,True,NONE,ideal_free_path_sector,4.109921353021991,0.3605046305935476,21.582321929221923,23,3,0.08,0.0,0.0,1.0,0.0,0.0,0.0,noise_0.08
3,3,True,3,0,0,1.0,1.0,1.0,0.8518119977699637,0.8518119977699636,0.5000000000000094,2.2542822806940706,1.9209489473606993,2.087615614027385,JUNCTION,JUNCTION,True,NONE,ideal_free_path_sector,4.109921353021991,0.3555662109963757,21.74898859588859,24,3,0.08,0.0,0.0,1.0,0.0,0.0,0.0,noise_0.08
3,3,True,3,0,0,1.0,1.0,1.0,0.8636427199612133,0.8518119977699636,0.3333333333333428,1.9209489473607373,1.9209489473606993,1.9209489473607182,JUNCTION,JUNCTION,True,NONE,ideal_free_path_sector,4.109921353021991,0.3605046305935476,21.582321929221923,25,3,0.08,0.0,0.0,1.0,0.0,0.0,0.0,noise_0.08
3,3,True,3,0,0,1.0,1.0,1.0,0.8873041643437123,0.8873041643437122,9.473903143468002e-15,1.5876156140274038,1.587615614027366,1.587615614027385,JUNCTION,JUNCTION,True,NONE,ideal_free_path_sector,4.109921353021991,0.3703814697878913,21.24898859588859,26,3,0.08,0.0,0.0,1.0,0.0,0.0,0.0,noise_0.08
4,4,True,4,0,0,1.0,1.0,1.0,0.8889954087314909,0.8889954087314897,0.5,1.4983824237324512,1.4983824237324441,1.4983824237324477,JUNCTION,JUNCTION,True,NONE,ideal_free_path_sector,4.289992923181831,0.4438577009040855,15.03569178941229,7,4,0.08,0.0,0.0,1.0,0.0,0.0,0.0,noise_0.08
4,4,True,4,0,0,1.0,1.0,1.0,0.8982557775724438,0.8889954087314897,0.375,0.9983824237324512,1.7483824237324441,1.3733824237324477,JUNCTION,JUNCTION,True,NONE,ideal_free_path_sector,4.289992923181831,0.4484812186218364,14.91069178941229,8,4,0.08,0.0,0.0,1.0,0.0,0.0,0.0,noise_0.08
4,4,True,4,0,0,1.0,1.0,1.0,0.907516146413397,0.8889954087314902,0.25,1.4983824237324512,0.9983824237324441,1.2483824237324477,JUNCTION,JUNCTION,True,NONE,ideal_free_path_sector,4.289992923181831,0.4531047363395873,14.78569178941229,9,4,0.08,0.0,0.0,1.0,0.0,0.0,0.0,noise_0.08
4,4,True,4,0,0,1.0,1.0,1.0,0.8704746710495848,0.8519539333676794,0.25,1.4983824237324512,1.9983824237324441,1.7483824237324477,JUNCTION,JUNCTION,True,NONE,ideal_free_path_sector,4.289992923181831,0.43461066546858373,15.28569178941229,10,4,0.08,0.0,0.0,1.0,0.0,0.0,0.0,noise_0.08
4,4,True,4,0,0,1.0,1.0,1.0,0.9167765152543499,0.8889954087314897,0.125,1.2483824237324512,0.9983824237324441,1.1233824237324477,JUNCTION,JUNCTION,True,NONE,ideal_free_path_sector,4.289992923181831,0.45772825405733814,14.66069178941229,11,4,0.08,0.0,0.0,1.0,0.0,0.0,0.0,noise_0.08
4,4,True,4,0,0,1.0,1.0,1.0,0.8889954087314907,0.8519539333676794,0.25,1.2483824237324512,1.7483824237324441,1.4983824237324477,JUNCTION,JUNCTION,True,NONE,ideal_free_path_sector,4.289992923181831,0.4438577009040855,15.03569178941229,12,4,0.08,0.0,0.0,1.0,0.0,0.0,0.0,noise_0.08
4,4,True,4,0,0,1.0,1.0,1.0,0.907516146413397,0.8889954087314902,0.25,1.4983824237324512,0.9983824237324441,1.2483824237324477,JUNCTION,JUNCTION,True,NONE,ideal_free_path_sector,4.289992923181831,0.4531047363395873,14.78569178941229,13,4,0.08,0.0,0.0,1.0,0.0,0.0,0.0,noise_0.08
4,4,True,4,0,0,1.0,1.0,1.0,0.8889954087314907,0.8519539333676794,0.25,1.2483824237324512,1.7483824237324441,1.4983824237324477,JUNCTION,JUNCTION,True,NONE,ideal_free_path_sector,4.289992923181831,0.4438577009040855,15.03569178941229,14,4,0.08,0.0,0.0,1.0,0.0,0.0,0.0,noise_0.08
4,4,True,4,0,0,1.0,1.0,1.0,0.8889954087314907,0.8519539333676794,0.25,1.4983824237324512,1.4983824237324441,1.4983824237324477,JUNCTION,JUNCTION,True,NONE,ideal_free_path_sector,4.289992923181831,0.4438577009040855,15.03569178941229,15,4,0.08,0.0,0.0,1.0,0.0,0.0,0.0,noise_0.08
4,4,True,4,0,0,1.0,1.0,1.0,0.8982557775724438,0.8889954087314897,0.375,1.2483824237324512,1.4983824237324441,1.3733824237324477,JUNCTION,JUNCTION,True,NONE,ideal_free_path_sector,4.289992923181831,0.4484812186218364,14.91069178941229,16,4,0.08,0.0,0.0,1.0,0.0,0.0,0.0,noise_0.08
4,4,True,4,0,0,1.0,1.0,1.0,0.8982557775724439,0.8519539333676794,0.125,1.4983824237324512,1.2483824237324441,1.3733824237324477,JUNCTION,JUNCTION,True,NONE,ideal_free_path_sector,4.289992923181831,0.44848121862183643,14.91069178941229,17,4,0.08,0.0,0.0,1.0,0.0,0.0,0.0,noise_0.08
4,4,True,4,0,0,1.0,1.0,1.0,0.8982557775724438,0.8889954087314897,0.375,1.4983824237324512,1.2483824237324441,1.3733824237324477,JUNCTION,JUNCTION,True,NONE,ideal_free_path_sector,4.289992923181831,0.4484812186218364,14.91069178941229,18,4,0.08,0.0,0.0,1.0,0.0,0.0,0.0,noise_0.08
4,4,True,4,0,0,1.0,1.0,1.0,0.9167765152543499,0.8889954087314916,0.125,1.2483824237324512,0.9983824237324441,1.1233824237324477,JUNCTION,JUNCTION,True,NONE,ideal_free_path_sector,4.289992923181831,0.4577282540573382,14.66069178941229,19,4,0.08,0.0,0.0,1.0,0.0,0.0,0.0,noise_0.08
4,4,True,4,0,0,1.0,1.0,1.0,0.8889954087314907,0.8519539333676794,0.25,1.4983824237324512,1.4983824237324441,1.4983824237324477,JUNCTION,JUNCTION,True,NONE,ideal_free_path_sector,4.289992923181831,0.4438577009040855,15.03569178941229,20,4,0.08,0.0,0.0,1.0,0.0,0.0,0.0,noise_0.08
4,4,True,4,0,0,1.0,1.0,1.0,0.8982557775724439,0.8519539333676781,0.125,1.2483824237324512,1.4983824237324441,1.3733824237324477,JUNCTION,JUNCTION,True,NONE,ideal_free_path_sector,4.289992923181831,0.4484812186218364,14.91069178941229,21,4,0.08,0.0,0.0,1.0,0.0,0.0,0.0,noise_0.08
4,4,True,4,0,0,1.0,1.0,1.0,0.9075161464133968,0.8889954087314916,0.25,1.4983824237324512,0.9983824237324441,1.2483824237324477,JUNCTION,JUNCTION,True,NONE,ideal_free_path_sector,4.289992923181831,0.4531047363395873,14.78569178941229,22,4,0.08,0.0,0.0,1.0,0.0,0.0,0.0,noise_0.08
4,4,True,4,0,0,1.0,1.0,1.0,0.8797350398905378,0.8519539333676777,0.125,1.7483824237324512,1.4983824237324441,1.6233824237324477,JUNCTION,JUNCTION,True,NONE,ideal_free_path_sector,4.289992923181831,0.4392341831863346,15.16069178941229,23,4,0.08,0.0,0.0,1.0,0.0,0.0,0.0,noise_0.08
4,4,True,4,0,0,1.0,1.0,1.0,0.8889954087314907,0.8519539333676794,0.25,1.2483824237324512,1.7483824237324441,1.4983824237324477,JUNCTION,JUNCTION,True,NONE,ideal_free_path_sector,4.289992923181831,0.4438577009040855,15.03569178941229,24,4,0.08,0.0,0.0,1.0,0.0,0.0,0.0,noise_0.08
4,4,True,4,0,0,1.0,1.0,1.0,0.8797350398905378,0.8519539333676794,0.375,1.7483824237324512,1.4983824237324441,1.6233824237324477,JUNCTION,JUNCTION,True,NONE,ideal_free_path_sector,4.289992923181831,0.4392341831863346,15.16069178941229,25,4,0.08,0.0,0.0,1.0,0.0,0.0,0.0,noise_0.08
4,4,True,4,0,0,1.0,1.0,1.0,0.8982557775724438,0.8889954087314897,0.375,0.9983824237324512,1.7483824237324441,1.3733824237324477,JUNCTION,JUNCTION,True,NONE,ideal_free_path_sector,4.289992923181831,0.4484812186218364,14.91069178941229,26,4,0.08,0.0,0.0,1.0,0.0,0.0,0.0,noise_0.08
5,5,True,5,0,0,1.0,1.0,1.0,0.941365117710417,0.90214157113915,0.3,0.6474449331480798,0.8474449331480741,0.747444933148077,JUNCTION,JUNCTION,True,NONE,ideal_free_path_sector,4.537423067393879,0.5627544811771921,9.323686263497938,7,5,0.08,0.0,0.0,1.0,0.0,0.0,0.0,noise_0.08
5,5,True,5,0,0,1.0,1.0,1.0,0.9335204083961635,0.902141571139149,0.4,0.6474449331480798,1.0474449331480742,0.847444933148077,JUNCTION,JUNCTION,True,NONE,ideal_free_path_sector,4.537423067393879,0.5580648605007155,9.423686263497938,8,5,0.08,0.0,0.0,1.0,0.0,0.0,0.0,noise_0.08
5,5,True,5,0,0,1.0,1.0,1.0,0.957054536338924,0.9413651177104163,0.3,0.4474449331480798,0.6474449331480742,0.547444933148077,JUNCTION,JUNCTION,True,NONE,ideal_free_path_sector,4.537423067393879,0.5721337225301453,9.12368626349794,9,5,0.08,0.0,0.0,1.0,0.0,0.0,0.0,noise_0.08
5,5,True,5,0,0,1.0,1.0,1.0,0.92567569908191,0.9021415711391495,0.3,1.0474449331480797,0.8474449331480741,0.947444933148077,JUNCTION,JUNCTION,True,NONE,ideal_free_path_sector,4.537423067393879,0.5533752398242389,9.52368626349794,10,5,0.08,0.0,0.0,1.0,0.0,0.0,0.0,noise_0.08
5,5,True,5,0,0,1.0,1.0,1.0,0.941365117710417,0.90214157113915,0.3,0.6474449331480798,0.8474449331480741,0.747444933148077,JUNCTION,JUNCTION,True,NONE,ideal_free_path_sector,4.537423067393879,0.5627544811771921,9.323686263497938,11,5,0.08,0.0,0.0,1.0,0.0,0.0,0.0,noise_0.08
5,5,True,5,0,0,1.0,1.0,1.0,0.9335204083961635,0.902141571139149,0.2,0.8474449331480798,0.8474449331480741,0.847444933148077,JUNCTION,JUNCTION,True,NONE,ideal_free_path_sector,4.537423067393879,0.5580648605007156,9.423686263497938,12,5,0.08,0.0,0.0,1.0,0.0,0.0,0.0,noise_0.08
5,5,True,5,0,0,1.0,1.0,1.0,0.957054536338924,0.90214157113915,0.1,0.4474449331480798,0.6474449331480742,0.547444933148077,JUNCTION,JUNCTION,True,NONE,ideal_free_path_sector,4.537423067393879,0.5721337225301453,9.12368626349794,13,5,0.08,0.0,0.0,1.0,0.0,0.0,0.0,noise_0.08
5,5,True,5,0,0,1.0,1.0,1.0,0.9492098270246704,0.9413651177104163,0.4,0.6474449331480798,0.6474449331480742,0.6474449331480769,JUNCTION,JUNCTION,True,NONE,ideal_free_path_sector,4.537423067393879,0.5674441018536687,9.223686263497939,14,5,0.08,0.0,0.0,1.0,0.0,0.0,0.0,noise_0.08
5,5,True,5,0,0,1.0,1.0,1.0,0.941365117710417,0.9021415711391495,0.3,0.6474449331480798,0.8474449331480741,0.747444933148077,JUNCTION,JUNCTION,True,NONE,ideal_free_path_sector,4.537423067393879,0.5627544811771921,9.323686263497938,15,5,0.08,0.0,0.0,1.0,0.0,0.0,0.0,noise_0.08
5,5,True,5,0,0,1.0,1.0,1.0,0.941365117710417,0.90214157113915,0.3,0.6474449331480798,0.8474449331480741,0.747444933148077,JUNCTION,JUNCTION,True,NONE,ideal_free_path_sector,4.537423067393879,0.5627544811771921,9.323686263497938,16,5,0.08,0.0,0.0,1.0,0.0,0.0,0.0,noise_0.08
5,5,True,5,0,0,1.0,1.0,1.0,0.9454723048703887,0.90214157113915,0.3,0.8474449331480798,0.5484669598888445,0.6979559465184622,JUNCTION,JUNCTION,True,NONE,ideal_free_path_sector,4.537423067393879,0.5721337225301453,9.12368626349794,17,5,0.08,0.0,0.0,1.0,0.0,0.0,0.0,noise_0.08
5,5,True,5,0,0,1.0,1.0,1.0,0.9492098270246705,0.9021415711391495,0.2,0.6474449331480798,0.6474449331480742,0.6474449331480769,JUNCTION,JUNCTION,True,NONE,ideal_free_path_sector,4.537423067393879,0.5674441018536688,9.223686263497939,18,5,0.08,0.0,0.0,1.0,0.0,0.0,0.0,noise_0.08
5,5,True,5,0,0,1.0,1.0,1.0,0.9335204083961635,0.902141571139149,0.2,0.6474449331480798,1.0474449331480742,0.847444933148077,JUNCTION,JUNCTION,True,NONE,ideal_free_path_sector,4.537423067393879,0.5580648605007155,9.423686263497938,19,5,0.08,0.0,0.0,1.0,0.0,0.0,0.0,noise_0.08
5,5,True,5,0,0,1.0,1.0,1.0,0.941365117710417,0.902141571139149,0.3,0.6474449331480798,0.8474449331480741,0.747444933148077,JUNCTION,JUNCTION,True,NONE,ideal_free_path_sector,4.537423067393879,0.5627544811771921,9.323686263497938,20,5,0.08,0.0,0.0,1.0,0.0,0.0,0.0,noise_0.08
5,5,True,5,0,0,1.0,1.0,1.0,0.92567569908191,0.90214157113915,0.1,1.0474449331480797,0.8474449331480741,0.947444933148077,JUNCTION,JUNCTION,True,NONE,ideal_free_path_sector,4.537423067393879,0.553375239824239,9.52368626349794,21,5,0.08,0.0,0.0,1.0,0.0,0.0,0.0,noise_0.08
5,5,True,5,0,0,1.0,1.0,1.0,0.957054536338924,0.9413651177104163,0.3,0.6474449331480798,0.44744493314807415,0.547444933148077,JUNCTION,JUNCTION,True,NONE,ideal_free_path_sector,4.537423067393879,0.5721337225301453,9.12368626349794,22,5,0.08,0.0,0.0,1.0,0.0,0.0,0.0,noise_0.08
5,5,True,5,0,0,1.0,1.0,1.0,0.9413651177104171,0.90214157113915,0.1,0.6474449331480798,0.8474449331480741,0.747444933148077,JUNCTION,JUNCTION,True,NONE,ideal_free_path_sector,4.537423067393879,0.5627544811771921,9.323686263497938,23,5,0.08,0.0,0.0,1.0,0.0,0.0,0.0,noise_0.08
5,5,True,5,0,0,1.0,1.0,1.0,0.9335204083961635,0.902141571139149,0.4,1.0474449331480797,0.6474449331480742,0.847444933148077,JUNCTION,JUNCTION,True,NONE,ideal_free_path_sector,4.537423067393879,0.5580648605007155,9.423686263497938,24,5,0.08,0.0,0.0,1.0,0.0,0.0,0.0,noise_0.08
5,5,True,5,0,0,1.0,1.0,1.0,0.9492098270246704,0.9413651177104163,0.4,0.8474449331480798,0.44744493314807415,0.6474449331480769,JUNCTION,JUNCTION,True,NONE,ideal_free_path_sector,4.537423067393879,0.5674441018536687,9.223686263497939,25,5,0.08,0.0,0.0,1.0,0.0,0.0,0.0,noise_0.08
5,5,True,5,0,0,1.0,1.0,1.0,0.9335204083961637,0.902141571139149,0.0,0.8474449331480798,0.8474449331480741,0.847444933148077,JUNCTION,JUNCTION,True,NONE,ideal_free_path_sector,4.537423067393879,0.5580648605007156,9.423686263497938,26,5,0.08,0.0,0.0,1.0,0.0,0.0,0.0,noise_0.08
2,2,True,2,0,0,1.0,1.0,1.0,0.8515904894838462,0.8158813854492412,1.5,1.587688184813814,3.0,2.293844092406907,CORRIDOR,CORRIDOR,True,NONE,ideal_free_path_sector,4.109901768910688,0.4148272461624383,19.74898859588859,7,2,0.0,0.05,0.0,1.0,0.0,0.0,0.0,dropout_0.05
2,2,True,2,0,0,1.0,1.0,1.0,0.8394449470315078,0.7915903005445625,1.75,3.499999999999986,1.5876881848137998,2.543844092406893,CORRIDOR,CORRIDOR,True,NONE,ideal_free_path_sector,4.109901768910688,0.42223487555819617,19.49898859588859,8,2,0.0,0.05,0.0,1.0,0.0,0.0,0.0,dropout_0.05
2,2,True,2,0,0,1.0,1.0,1.0,0.9086697034569913,0.8872995935184532,0.5,1.587688184813814,1.0,1.293844092406907,CORRIDOR,CORRIDOR,True,NONE,ideal_free_path_sector,4.109901768910688,0.385196728579407,20.74898859588859,9,2,0.0,0.05,0.0,1.0,0.0,0.0,0.0,dropout_0.05
2,2,True,2,0,0,1.0,1.0,1.0,0.851590489483848,0.8158813854492428,1.5,2.999999999999986,1.5876881848137998,2.293844092406893,CORRIDOR,CORRIDOR,True,NONE,ideal_free_path_sector,4.109901768910688,0.4148272461624383,19.74898859588859,10,2,0.0,0.05,0.0,1.0,0.0,0.0,0.0,dropout_0.05
2,2,True,2,0,0,1.0,1.0,1.0,0.9086697034569913,0.8872995935184532,0.5,0.9999999999999858,1.5876881848137998,1.2938440924068928,CORRIDOR,CORRIDOR,True,NONE,ideal_free_path_sector,4.109901768910688,0.385196728579407,20.74898859588859,11,2,0.0,0.05,0.0,1.0,0.0,0.0,0.0,dropout_0.05
2,2,True,2,0,0,1.0,1.0,1.0,0.9086697034569913,0.8872995935184513,0.5,1.0000000000000142,1.5876881848137998,1.293844092406907,CORRIDOR,CORRIDOR,True,NONE,ideal_free_path_sector,4.109901768910688,0.385196728579407,20.74898859588859,12,2,0.0,0.05,0.0,1.0,0.0,0.0,0.0,dropout_0.05
2,2,True,2,0,0,1.0,1.0,1.0,0.8872995935184522,0.8872995935184513,0.0,1.587688184813814,1.5876881848137998,1.587688184813807,CORRIDOR,CORRIDOR,True,NONE,ideal_free_path_sector,4.109901768910688,0.3703814697878914,21.24898859588859,13,2,0.0,0.05,0.0,1.0,0.0,0.0,0.0,dropout_0.05
2,2,True,2,0,0,1.0,1.0,1.0,0.8929530342872621,0.8872995935184513,0.75,1.587688184813814,1.5,1.543844092406907,CORRIDOR,CORRIDOR,True,NONE,ideal_free_path_sector,4.109901768910688,0.39260435797516485,20.49898859588859,14,2,0.0,0.05,0.0,1.0,0.0,0.0,0.0,dropout_0.05
2,2,True,2,0,0,1.0,1.0,1.0,0.8782640118670895,0.8692284302157258,1.0,1.587688184813814,2.0,1.793844092406907,CORRIDOR,CORRIDOR,True,NONE,ideal_free_path_sector,4.109901768910688,0.4000119873709227,20.24898859588859,15,2,0.0,0.05,0.0,1.0,0.0,0.0,0.0,dropout_0.05
2,2,True,2,0,0,1.0,1.0,1.0,0.8166503902831066,0.7915903005445638,3.0,4.412311815186186,1.5876881848137998,2.999999999999993,CORRIDOR,CORRIDOR,True,NONE,ideal_free_path_sector,4.109901768910688,0.4592730225369853,18.24898859588859,16,2,0.0,0.05,0.0,1.0,0.0,0.0,0.0,dropout_0.05
2,2,True,2,0,0,1.0,1.0,1.0,0.8280017089591217,0.7687038243997902,2.0,1.587688184813814,4.0,2.793844092406907,CORRIDOR,CORRIDOR,True,NONE,ideal_free_path_sector,4.109901768910688,0.42964250495395395,19.24898859588859,17,2,0.0,0.05,0.0,1.0,0.0,0.0,0.0,dropout_0.05
2,2,True,2,0,0,1.0,1.0,1.0,0.8645050367700513,0.8417104800216493,1.25,1.587688184813814,2.5,2.043844092406907,CORRIDOR,CORRIDOR,True,NONE,ideal_free_path_sector,4.109901768910688,0.4074196167666805,19.99898859588859,18,2,0.0,0.05,0.0,1.0,0.0,0.0,0.0,dropout_0.05
2,2,True,2,0,0,1.0,1.0,1.0,0.8872995935184522,0.8872995935184513,0.0,1.587688184813814,1.5876881848137998,1.587688184813807,CORRIDOR,CORRIDOR,True,NONE,ideal_free_path_sector,4.109901768910688,0.3703814697878914,21.24898859588859,19,2,0.0,0.05,0.0,1.0,0.0,0.0,0.0,dropout_0.05
2,2,True,2,0,0,1.0,1.0,1.0,0.8579935669008099,0.8286875402831664,1.25,0.9999999999999858,3.5,2.249999999999993,CORRIDOR,CORRIDOR,True,NONE,ideal_free_path_sector,4.109901768910688,0.43705013434971185,18.99898859588859,20,2,0.0,0.05,0.0,1.0,0.0,0.0,0.0,dropout_0.05
2,2,True,2,0,0,1.0,1.0,1.0,0.892953034287264,0.8872995935184513,0.75,1.5000000000000142,1.5876881848137998,1.543844092406907,CORRIDOR,CORRIDOR,True,NONE,ideal_free_path_sector,4.109901768910688,0.39260435797516485,20.49898859588859,21,2,0.0,0.05,0.0,1.0,0.0,0.0,0.0,dropout_0.05
2,2,True,2,0,0,1.0,1.0,1.0,0.82800170895912,0.7687038243997886,2.0,1.587688184813814,4.0,2.793844092406907,CORRIDOR,CORRIDOR,True,NONE,ideal_free_path_sector,4.109901768910688,0.42964250495395395,19.24898859588859,22,2,0.0,0.05,0.0,1.0,0.0,0.0,0.0,dropout_0.05
2,2,True,2,0,0,1.0,1.0,1.0,0.8872995935184522,0.8872995935184513,0.0,1.587688184813814,1.5876881848137998,1.587688184813807,CORRIDOR,CORRIDOR,True,NONE,ideal_free_path_sector,4.109901768910688,0.3703814697878914,21.24898859588859,23,2,0.0,0.05,0.0,1.0,0.0,0.0,0.0,dropout_0.05
2,2,True,2,0,0,1.0,1.0,1.0,0.8287959327354452,0.8158813854492428,2.75,1.587688184813814,3.9123118151862,2.750000000000007,CORRIDOR,CORRIDOR,True,NONE,ideal_free_path_sector,4.109901768910688,0.4518653931412274,18.49898859588859,24,2,0.0,0.05,0.0,1.0,0.0,0.0,0.0,dropout_0.05
2,2,True,2,0,0,1.0,1.0,1.0,0.8782640118670895,0.8692284302157275,1.0,2.000000000000014,1.5876881848137998,1.793844092406907,CORRIDOR,CORRIDOR,True,NONE,ideal_free_path_sector,4.109901768910688,0.4000119873709227,20.24898859588859,25,2,0.0,0.05,0.0,1.0,0.0,0.0,0.0,dropout_0.05
2,2,True,2,0,0,1.0,1.0,1.0,0.892953034287264,0.8872995935184532,0.75,1.4999999999999858,1.5876881848137998,1.5438440924068928,CORRIDOR,CORRIDOR,True,NONE,ideal_free_path_sector,4.109901768910688,0.39260435797516485,20.49898859588859,26,2,0.0,0.05,0.0,1.0,0.0,0.0,0.0,dropout_0.05
3,3,True,3,0,0,1.0,1.0,1.0,0.863496434704957,0.815880975427446,1.0000000000000095,1.5876156140274038,2.529205204675776,2.05841040935159,JUNCTION,JUNCTION,True,NONE,ideal_free_path_sector,4.109921353021991,0.40001198737092264,20.24898859588859,7,3,0.0,0.05,0.0,1.0,0.0,0.0,0.0,dropout_0.05
3,3,True,3,0,0,1.0,1.0,1.0,0.8873041643437123,0.8873041643437122,9.473903143468002e-15,1.5876156140274038,1.587615614027366,1.587615614027385,JUNCTION,JUNCTION,True,NONE,ideal_free_path_sector,4.109921353021991,0.3703814697878913,21.24898859588859,8,3,0.0,0.05,0.0,1.0,0.0,0.0,0.0,dropout_0.05
3,3,True,3,0,0,1.0,1.0,1.0,0.8873041643437123,0.8873041643437122,9.473903143468002e-15,1.5876156140274038,1.587615614027366,1.587615614027385,JUNCTION,JUNCTION,True,NONE,ideal_free_path_sector,4.109921353021991,0.3703814697878913,21.24898859588859,9,3,0.0,0.05,0.0,1.0,0.0,0.0,0.0,dropout_0.05
3,3,True,3,0,0,1.0,1.0,1.0,0.8991348865349619,0.8873041643437122,0.16666666666667615,1.5876156140274038,1.2542822806940326,1.4209489473607182,JUNCTION,JUNCTION,True,NONE,ideal_free_path_sector,4.109921353021991,0.3753198893850633,21.082321929221923,10,3,0.0,0.05,0.0,1.0,0.0,0.0,0.0,dropout_0.05
3,3,True,3,0,0,1.0,1.0,1.0,0.8749552874895108,0.8286832714133756,0.8333333333333428,1.1374614619908527,2.8041281286575575,1.970794795324205,JUNCTION,JUNCTION,True,NONE,ideal_free_path_sector,4.109921353021991,0.44445776374546964,18.74898859588859,11,3,0.0,0.05,0.0,1.0,0.0,0.0,0.0,dropout_0.05
3,3,True,3,0,0,1.0,1.0,1.0,0.9133800436866731,0.8873041643437126,0.5000000000000094,1.1958718713424805,1.2542822806940326,1.2250770760182565,JUNCTION,JUNCTION,True,NONE,ideal_free_path_sector,4.109921353021991,0.38519672857940696,20.74898859588859,12,3,0.0,0.05,0.0,1.0,0.0,0.0,0.0,dropout_0.05
3,3,True,3,0,0,1.0,1.0,1.0,0.8721061483492406,0.8417101163602977,0.8333333333333428,1.5876156140274038,2.1958718713424616,1.8917437426849328,JUNCTION,JUNCTION,True,NONE,ideal_free_path_sector,4.109921353021991,0.39507356777375074,20.41565526255526,13,3,0.0,0.05,0.0,1.0,0.0,0.0,0.0,dropout_0.05
3,3,True,3,0,0,1.0,1.0,1.0,0.9053166755021582,0.8873041643437122,0.8333333333333428,1.5876156140274038,1.1374614619908716,1.3625385380091377,JUNCTION,JUNCTION,True,NONE,ideal_free_path_sector,4.109921353021991,0.39507356777375074,20.41565526255526,14,3,0.0,0.05,0.0,1.0,0.0,0.0,0.0,dropout_0.05
3,3,True,3,0,0,1.0,1.0,1.0,0.8850461702202258,0.8692281199530457,1.1666666666666572,1.8625385380091284,1.529205204675795,1.6958718713424616,JUNCTION,JUNCTION,True,NONE,ideal_free_path_sector,4.109921353021991,0.40495040696809453,20.082321929221923,15,3,0.0,0.05,0.0,1.0,0.0,0.0,0.0,dropout_0.05
3,3,True,3,0,0,1.0,1.0,1.0,0.825003360988859,0.7915898502459787,2.8333333333333237,3.470794795324205,2.1958718713424616,2.8333333333333335,JUNCTION,JUNCTION,True,NONE,ideal_free_path_sector,4.109921353021991,0.4543346029398134,18.41565526255526,16,3,0.0,0.05,0.0,1.0,0.0,0.0,0.0,dropout_0.05
3,3,True,3,0,0,1.0,1.0,1.0,0.863496434704958,0.8158809754274495,0.9999999999999906,2.529205204675795,1.587615614027366,2.0584104093515805,JUNCTION,JUNCTION,True,NONE,ideal_free_path_sector,4.109921353021991,0.40001198737092264,20.24898859588859,17,3,0.0,0.05,0.0,1.0,0.0,0.0,0.0,dropout_0.05
3,3,True,3,0,0,1.0,1.0,1.0,0.9109656087262112,0.8873041643437122,0.3333333333333239,1.2542822806940706,1.2542822806940326,1.2542822806940517,JUNCTION,JUNCTION,True,NONE,ideal_free_path_sector,4.109921353021991,0.3802583089822351,20.91565526255526,18,3,0.0,0.05,0.0,1.0,0.0,0.0,0.0,dropout_0.05
3,3,True,3,0,0,1.0,1.0,1.0,0.8863513055009519,0.8417101163603009,1.1666666666666572,2.1958718713424616,1.1958718713424616,1.6958718713424616,JUNCTION,JUNCTION,True,NONE,ideal_free_path_sector,4.109921353021991,0.4049504069680945,20.082321929221923,19,3,0.0,0.05,0.0,1.0,0.0,0.0,0.0,dropout_0.05
3,3,True,3,0,0,1.0,1.0,1.0,0.8455946563679997,0.7266834738428258,1.8333333333333428,3.862538538009128,1.2542822806940326,2.5584104093515805,JUNCTION,JUNCTION,True,NONE,ideal_free_path_sector,4.109921353021991,0.42470408535678206,19.41565526255526,20,3,0.0,0.05,0.0,1.0,0.0,0.0,0.0,dropout_0.05
3,3,True,3,0,0,1.0,1.0,1.0,0.9066695945484358,0.8986062263639232,1.1666666666666572,1.1374614619908716,1.587615614027366,1.3625385380091188,JUNCTION,JUNCTION,True,NONE,ideal_free_path_sector,4.109921353021991,0.40495040696809453,20.082321929221923,21,3,0.0,0.05,0.0,1.0,0.0,0.0,0.0,dropout_0.05
3,3,True,3,0,0,1.0,1.0,1.0,0.7816756332393774,0.6890193962739226,3.333333333333343,1.5876156140274038,6.137461461990871,3.862538538009138,JUNCTION,JUNCTION,True,NONE,ideal_free_path_sector,4.109921353021991,0.46914986173132905,17.91565526255526,22,3,0.0,0.05,0.0,1.0,0.0,0.0,0.0,dropout_0.05
3,3,True,3,0,0,1.0,1.0,1.0,0.867263788711694,0.8158809754274464,1.5000000000000095,1.529205204675795,2.529205204675795,2.029205204675795,JUNCTION,JUNCTION,True,NONE,ideal_free_path_sector,4.109921353021991,0.41482724616243827,19.74898859588859,23,3,0.0,0.05,0.0,1.0,0.0,0.0,0.0,dropout_0.05
3,3,True,3,0,0,1.0,1.0,1.0,0.842273070580263,0.8158809754274492,2.5000000000000093,2.529205204675795,2.470794795324205,2.5,JUNCTION,JUNCTION,True,NONE,ideal_free_path_sector,4.109921353021991,0.4444577637454696,18.74898859588859,24,3,0.0,0.05,0.0,1.0,0.0,0.0,0.0,dropout_0.05
3,3,True,3,0,0,1.0,1.0,1.0,0.841745207799085,0.7687033391004969,2.0000000000000093,1.8625385380091473,3.1958718713424616,2.5292052046758045,JUNCTION,JUNCTION,True,NONE,ideal_free_path_sector,4.109921353021991,0.4296425049539539,19.24898859588859,25,3,0.0,0.05,0.0,1.0,0.0,0.0,0.0,dropout_0.05
3,3,True,3,0,0,1.0,1.0,1.0,0.8553993929778002,0.7915898502459761,1.166666666666676,1.5876156140274038,2.862538538009128,2.225077076018266,JUNCTION,JUNCTION,True,NONE,ideal_free_path_sector,4.109921353021991,0.40495040696809453,20.082321929221923,26,3,0.0,0.05,0.0,1.0,0.0,0.0,0.0,dropout_0.05
4,4,True,4,0,0,1.0,1.0,1.0,0.8976502934552097,0.8124905215349296,0.75,0.9983824237324512,1.9991912118662114,1.4987868177993313,JUNCTION,JUNCTION,True,NONE,ideal_free_path_sector,4.289992923181831,0.4900928780815944,13.78569178941229,7,4,0.0,0.05,0.0,1.0,0.0,0.0,0.0,dropout_0.05
4,4,True,4,0,0,1.0,1.0,1.0,0.8766504087418161,0.7878683897255037,1.375,2.2491912118662327,1.4991912118662256,1.8741912118662292,JUNCTION,JUNCTION,True,NONE,ideal_free_path_sector,4.289992923181831,0.5132104666703489,13.16069178941229,8,4,0.0,0.05,0.0,1.0,0.0,0.0,0.0,dropout_0.05
4,4,True,4,0,0,1.0,1.0,1.0,0.92730209297913,0.9260368840953018,0.5,0.9983824237324512,1.000000000000007,0.9991912118662292,JUNCTION,JUNCTION,True,NONE,ideal_free_path_sector,4.289992923181831,0.4808458426460926,14.03569178941229,9,4,0.0,0.05,0.0,1.0,0.0,0.0,0.0,dropout_0.05
4,4,True,4,0,0,1.0,1.0,1.0,0.8976502934552089,0.8124905215349278,0.75,1.9991912118662327,0.9983824237324441,1.4987868177993384,JUNCTION,JUNCTION,True,NONE,ideal_free_path_sector,4.289992923181831,0.49009287808159435,13.78569178941229,10,4,0.0,0.05,0.0,1.0,0.0,0.0,0.0,dropout_0.05
4,4,True,4,0,0,1.0,1.0,1.0,0.8775708408070724,0.7296422931747282,0.5,2.25,1.7491912118662256,1.9995956059331128,JUNCTION,JUNCTION,True,NONE,ideal_free_path_sector,4.289992923181831,0.5270810198236016,12.78569178941229,11,4,0.0,0.05,0.0,1.0,0.0,0.0,0.0,dropout_0.05
4,4,True,4,0,0,1.0,1.0,1.0,0.8982828978971228,0.81249052153493,1.0,0.9991912118662185,1.9991912118662256,1.499191211866222,JUNCTION,JUNCTION,True,NONE,ideal_free_path_sector,4.289992923181831,0.49933991351709617,13.53569178941229,12,4,0.0,0.05,0.0,1.0,0.0,0.0,0.0,dropout_0.05
4,4,True,4,0,0,1.0,1.0,1.0,0.875816387649025,0.8124905215349278,1.375,2.75,0.9983824237324441,1.874191211866222,JUNCTION,JUNCTION,True,NONE,ideal_free_path_sector,4.289992923181831,0.5132104666703489,13.16069178941229,13,4,0.0,0.05,0.0,1.0,0.0,0.0,0.0,dropout_0.05
4,4,True,4,0,0,1.0,1.0,1.0,0.9192967559201995,0.8965459536272365,0.625,0.9991912118662327,1.2491912118662114,1.124191211866222,JUNCTION,JUNCTION,True,NONE,ideal_free_path_sector,4.289992923181831,0.48546936036384347,13.91069178941229,14,4,0.0,0.05,0.0,1.0,0.0,0.0,0.0,dropout_0.05
4,4,True,4,0,0,1.0,1.0,1.0,0.9111925323342651,0.8666594770511524,0.5,0.9983824237324512,1.4991912118662256,1.2487868177993384,JUNCTION,JUNCTION,True,NONE,ideal_free_path_sector,4.289992923181831,0.4808458426460926,14.03569178941229,15,4,0.0,0.05,0.0,1.0,0.0,0.0,0.0,dropout_0.05
4,4,True,4,0,0,1.0,1.0,1.0,0.8696608546966691,0.7878683897255023,1.5,3.0,0.9983824237324441,1.999191211866222,JUNCTION,JUNCTION,True,NONE,ideal_free_path_sector,4.289992923181831,0.5178339843880997,13.03569178941229,16,4,0.0,0.05,0.0,1.0,0.0,0.0,0.0,dropout_0.05
4,4,True,4,0,0,1.0,1.0,1.0,0.8949322999110116,0.7646946875209089,1.125,0.7491912118662185,2.4991912118662256,1.624191211866222,JUNCTION,JUNCTION,True,NONE,ideal_free_path_sector,4.289992923181831,0.503963431234847,13.41069178941229,17,4,0.0,0.05,0.0,1.0,0.0,0.0,0.0,dropout_0.05
4,4,True,4,0,0,1.0,1.0,1.0,0.9042029782891189,0.8387012608705676,0.625,0.9983824237324512,1.7491912118662256,1.3737868177993384,JUNCTION,JUNCTION,True,NONE,ideal_free_path_sector,4.289992923181831,0.48546936036384347,13.91069178941229,18,4,0.0,0.05,0.0,1.0,0.0,0.0,0.0,dropout_0.05
4,4,True,4,0,0,1.0,1.0,1.0,0.9260368840953028,0.9260368840953018,0.0,0.9983824237324512,0.9983824237324441,0.9983824237324477,JUNCTION,JUNCTION,True,NONE,ideal_free_path_sector,4.289992923181831,0.46235177177508907,14.53569178941229,19,4,0.0,0.05,0.0,1.0,0.0,0.0,0.0,dropout_0.05
4,4,True,4,0,0,1.0,1.0,1.0,0.8724362912968886,0.7940224955136728,1.0,1.7500000000000142,2.250000000000007,2.0000000000000107,JUNCTION,JUNCTION,True,NONE,ideal_free_path_sector,4.289992923181831,0.5363280552591032,12.53569178941229,20,4,0.0,0.05,0.0,1.0,0.0,0.0,0.0,dropout_0.05
4,4,True,4,0,0,1.0,1.0,1.0,0.8933529928451431,0.7878683897255037,1.375,0.9999999999999858,2.2491912118662256,1.6245956059331057,JUNCTION,JUNCTION,True,NONE,ideal_free_path_sector,4.289992923181831,0.5132104666703489,13.16069178941229,21,4,0.0,0.05,0.0,1.0,0.0,0.0,0.0,dropout_0.05
4,4,True,4,0,0,1.0,1.0,1.0,0.9352678490546104,0.9260368840953018,0.125,0.7491912118662327,0.9983824237324441,0.8737868177993384,JUNCTION,JUNCTION,True,NONE,ideal_free_path_sector,4.289992923181831,0.46697528949283995,14.41069178941229,22,4,0.0,0.05,0.0,1.0,0.0,0.0,0.0,dropout_0.05
4,4,True,4,0,0,1.0,1.0,1.0,0.8777013850230995,0.7878683897255037,1.125,1.4991912118662185,2.250000000000007,1.8745956059331128,JUNCTION,JUNCTION,True,NONE,ideal_free_path_sector,4.289992923181831,0.5224575021058506,12.91069178941229,23,4,0.0,0.05,0.0,1.0,0.0,0.0,0.0,dropout_0.05
4,4,True,4,0,0,1.0,1.0,1.0,0.801631890503623,0.7428452580740676,3.25,1.9991912118662185,4.500808788133774,3.2499999999999964,JUNCTION,JUNCTION,True,NONE,ideal_free_path_sector,4.289992923181831,0.5825632324366121,11.28569178941229,24,4,0.0,0.05,0.0,1.0,0.0,0.0,0.0,dropout_0.05
4,4,True,4,0,0,1.0,1.0,1.0,0.9111925323342651,0.8666594770511508,0.5,1.4991912118662185,0.9983824237324441,1.2487868177993313,JUNCTION,JUNCTION,True,NONE,ideal_free_path_sector,4.289992923181831,0.4808458426460926,14.03569178941229,25,4,0.0,0.05,0.0,1.0,0.0,0.0,0.0,dropout_0.05
4,4,True,4,0,0,1.0,1.0,1.0,0.8654935123559593,0.7428452580740676,1.875,3.2508087881337815,0.9983824237324441,2.124595605933113,JUNCTION,JUNCTION,True,NONE,ideal_free_path_sector,4.289992923181831,0.5317045375413524,12.66069178941229,26,4,0.0,0.05,0.0,1.0,0.0,0.0,0.0,dropout_0.05
5,5,True,5,0,0,1.0,1.0,1.0,0.8539388374532537,0.708191385174893,1.0,2.1505110133703793,2.550511013370385,2.350511013370382,JUNCTION,JUNCTION,True,NONE,ideal_free_path_sector,4.537423067393879,0.6987534807950135,6.423686263497939,7,5,0.0,0.05,0.0,1.0,0.0,0.0,0.0,dropout_0.05
5,5,True,5,0,0,1.0,1.0,1.0,0.9244717746642607,0.8079843003856273,1.0,0.5484669598888388,1.6494889866296147,1.0989779732592269,JUNCTION,JUNCTION,True,NONE,ideal_free_path_sector,4.537423067393879,0.6330987913243412,7.8236862634979385,8,5,0.0,0.05,0.0,1.0,0.0,0.0,0.0,dropout_0.05
5,5,True,5,0,0,1.0,1.0,1.0,0.9805886642816845,0.9805886642816837,0.0,0.24744493314807983,0.24744493314807414,0.24744493314807697,JUNCTION,JUNCTION,True,NONE,ideal_free_path_sector,4.537423067393879,0.5862025845595751,8.823686263497938,9,5,0.0,0.05,0.0,1.0,0.0,0.0,0.0,dropout_0.05
5,5,True,5,0,0,1.0,1.0,1.0,0.9092931203104871,0.7967153083217546,0.7,1.8494889866296205,0.9484669598888444,1.3989779732592325,JUNCTION,JUNCTION,True,NONE,ideal_free_path_sector,4.537423067393879,0.6471676533537709,7.523686263497939,10,5,0.0,0.05,0.0,1.0,0.0,0.0,0.0,dropout_0.05
5,5,True,5,0,0,1.0,1.0,1.0,0.9067880811646674,0.7829285385396683,1.3,0.9484669598888502,1.849488986629615,1.3989779732592325,JUNCTION,JUNCTION,True,NONE,ideal_free_path_sector,4.537423067393879,0.6471676533537709,7.523686263497939,11,5,0.0,0.05,0.0,1.0,0.0,0.0,0.0,dropout_0.05
5,5,True,5,0,0,1.0,1.0,1.0,0.9486945416726602,0.8937957041035053,0.6,1.1505110133703909,0.24744493314807414,0.6989779732592325,JUNCTION,JUNCTION,True,NONE,ideal_free_path_sector,4.537423067393879,0.6143403086184347,8.223686263497939,12,5,0.0,0.05,0.0,1.0,0.0,0.0,0.0,dropout_0.05
5,5,True,5,0,0,1.0,1.0,1.0,0.9805886642816845,0.9805886642816837,0.0,0.24744493314807983,0.24744493314807414,0.24744493314807697,JUNCTION,JUNCTION,True,NONE,ideal_free_path_sector,4.537423067393879,0.5862025845595751,8.823686263497938,13,5,0.0,0.05,0.0,1.0,0.0,0.0,0.0,dropout_0.05
5,5,True,5,0,0,1.0,1.0,1.0,0.9264554010540629,0.7967153083217555,0.8,0.3484669598888388,1.849488986629615,1.0989779732592269,JUNCTION,JUNCTION,True,NONE,ideal_free_path_sector,4.537423067393879,0.6330987913243412,7.8236862634979385,14,5,0.0,0.05,0.0,1.0,0.0,0.0,0.0,dropout_0.05
5,5,True,5,0,0,1.0,1.0,1.0,0.9203434435401909,0.7967153083217546,0.9,0.3484669598888502,2.0494889866296147,1.1989779732592325,JUNCTION,JUNCTION,True,NONE,ideal_free_path_sector,4.537423067393879,0.6377884120008176,7.723686263497939,15,5,0.0,0.05,0.0,1.0,0.0,0.0,0.0,dropout_0.05
5,5,True,5,0,0,1.0,1.0,1.0,0.9805886642816845,0.9805886642816837,0.0,0.24744493314807983,0.24744493314807414,0.24744493314807697,JUNCTION,JUNCTION,True,NONE,ideal_free_path_sector,4.537423067393879,0.5862025845595751,8.823686263497938,16,5,0.0,0.05,0.0,1.0,0.0,0.0,0.0,dropout_0.05
5,5,True,5,0,0,1.0,1.0,1.0,0.9632300722460485,0.8937957041035053,0.3,0.7484669598888501,0.24744493314807414,0.49795594651846214,JUNCTION,JUNCTION,True,NONE,ideal_free_path_sector,4.537423067393879,0.6002714465890049,8.52368626349794,17,5,0.0,0.05,0.0,1.0,0.0,0.0,0.0,dropout_0.05
5,5,True,5,0,0,1.0,1.0,1.0,0.8970746270382177,0.8079843003856277,0.9,2.3505110133703795,0.7484669598888445,1.549488986629612,JUNCTION,JUNCTION,True,NONE,ideal_free_path_sector,4.537423067393879,0.6565468947067241,7.3236862634979385,18,5,0.0,0.05,0.0,1.0,0.0,0.0,0.0,dropout_0.05
5,5,True,5,0,0,1.0,1.0,1.0,0.8535554963945431,0.8079843003856277,2.2,4.25153304011115,0.24744493314807414,2.249488986629612,JUNCTION,JUNCTION,True,NONE,ideal_free_path_sector,4.537423067393879,0.6893742394420603,6.623686263497939,19,5,0.0,0.05,0.0,1.0,0.0,0.0,0.0,dropout_0.05
5,5,True,5,0,0,1.0,1.0,1.0,0.891897621442118,0.7284254247513186,0.9,1.0494889866296204,2.449488986629615,1.7494889866296177,JUNCTION,JUNCTION,True,NONE,ideal_free_path_sector,4.537423067393879,0.6659261360596773,7.123686263497939,20,5,0.0,0.05,0.0,1.0,0.0,0.0,0.0,dropout_0.05
5,5,True,5,0,0,1.0,1.0,1.0,0.877425329757074,0.7284254247513186,0.4,2.2515330401111497,1.6494889866296147,1.9505110133703822,JUNCTION,JUNCTION,True,NONE,ideal_free_path_sector,4.537423067393879,0.6799949980891071,6.8236862634979385,21,5,0.0,0.05,0.0,1.0,0.0,0.0,0.0,dropout_0.05
5,5,True,5,0,0,1.0,1.0,1.0,0.9514102877177495,0.8346967814620098,0.5,1.1484669598888502,0.24744493314807414,0.6979559465184622,JUNCTION,JUNCTION,True,NONE,ideal_free_path_sector,4.537423067393879,0.6096506879419581,8.323686263497938,22,5,0.0,0.05,0.0,1.0,0.0,0.0,0.0,dropout_0.05
5,5,True,5,0,0,1.0,1.0,1.0,0.911546918723262,0.8079843003856273,1.2,1.3484669598888388,1.3484669598888446,1.3484669598888417,JUNCTION,JUNCTION,True,NONE,ideal_free_path_sector,4.537423067393879,0.6424780326772943,7.623686263497939,23,5,0.0,0.05,0.0,1.0,0.0,0.0,0.0,dropout_0.05
5,5,True,5,0,0,1.0,1.0,1.0,0.9514102877177495,0.8346967814620098,0.5,0.24744493314807983,1.1484669598888444,0.6979559465184622,JUNCTION,JUNCTION,True,NONE,ideal_free_path_sector,4.537423067393879,0.6096506879419581,8.323686263497938,24,5,0.0,0.05,0.0,1.0,0.0,0.0,0.0,dropout_0.05
5,5,True,5,0,0,1.0,1.0,1.0,0.9081249502679212,0.8224158021385855,0.7,1.4494889866296206,1.2494889866296148,1.3494889866296176,JUNCTION,JUNCTION,True,NONE,ideal_free_path_sector,4.537423067393879,0.6471676533537709,7.523686263497939,25,5,0.0,0.05,0.0,1.0,0.0,0.0,0.0,dropout_0.05
5,5,True,5,0,0,1.0,1.0,1.0,0.9514102877177495,0.8346967814620098,0.5,0.24744493314807983,1.1484669598888444,0.6979559465184622,JUNCTION,JUNCTION,True,NONE,ideal_free_path_sector,4.537423067393879,0.6096506879419581,8.323686263497938,26,5,0.0,0.05,0.0,1.0,0.0,0.0,0.0,dropout_0.05
2,3,False,2,1,0,0.6666666666666666,1.0,0.8,0.7790709440166971,0.6708422945149428,1.25,5.500000000000014,3.0,4.250000000000007,CORRIDOR,JUNCTION,False,opening_count_mismatch;false_positive_opening;topology_mismatch,ideal_free_path_sector,4.109901768910688,0.4963111695157745,16.99898859588859,7,2,0.0,0.15,0.0,1.0,0.0,0.0,0.0,dropout_0.15
2,2,True,2,0,0,1.0,1.0,1.0,0.7442328773759903,0.696875454207418,4.75,2.999999999999986,6.5,4.749999999999993,CORRIDOR,CORRIDOR,True,NONE,ideal_free_path_sector,4.109901768910688,0.5259416870988057,15.99898859588859,8,2,0.0,0.15,0.0,1.0,0.0,0.0,0.0,dropout_0.15
2,2,True,2,0,0,1.0,1.0,1.0,0.8882877279094425,0.8050107534179314,1.5,0.412311815186186,3.4123118151862,1.912311815186193,CORRIDOR,CORRIDOR,True,NONE,ideal_free_path_sector,4.109901768910688,0.47408828132850095,17.74898859588859,9,2,0.0,0.15,0.0,1.0,0.0,0.0,0.0,dropout_0.15
2,2,True,2,0,0,1.0,1.0,1.0,0.6338747464349997,0.612508181948426,1.75,9.912311815186186,6.4123118151862,8.162311815186193,CORRIDOR,CORRIDOR,True,NONE,ideal_free_path_sector,4.109901768910688,0.6592790162224467,11.49898859588859,10,2,0.0,0.15,0.0,1.0,0.0,0.0,0.0,dropout_0.15
2,2,True,2,0,0,1.0,1.0,1.0,0.9227502091243154,0.8804805115508643,0.5,0.912311815186186,1.5,1.206155907593093,CORRIDOR,CORRIDOR,True,NONE,ideal_free_path_sector,4.109901768910688,0.44445776374546964,18.74898859588859,11,2,0.0,0.15,0.0,1.0,0.0,0.0,0.0,dropout_0.15
2,4,False,2,2,0,0.5,1.0,0.6666666666666666,0.9088831086976654,0.9088831086976645,1.0,1.412311815186186,1.4123118151862002,1.412311815186193,CORRIDOR,JUNCTION,False,opening_count_mismatch;false_positive_opening;topology_mismatch,ideal_free_path_sector,4.109901768910688,0.45927302253698526,18.24898859588859,12,2,0.0,0.15,0.0,1.0,0.0,0.0,0.0,dropout_0.15
2,3,False,2,1,0,0.6666666666666666,1.0,0.8,0.6937265065523723,0.6403494629460831,3.5,8.912311815186186,3.5,6.206155907593093,CORRIDOR,JUNCTION,False,opening_count_mismatch;false_positive_opening;topology_mismatch,ideal_free_path_sector,4.109901768910688,0.5777950928691105,14.24898859588859,13,2,0.0,0.15,0.0,1.0,0.0,0.0,0.0,dropout_0.15
2,2,True,2,0,0,1.0,1.0,1.0,0.8019453479898759,0.7752031556965872,3.25,3.912311815186186,3.0,3.456155907593093,CORRIDOR,CORRIDOR,True,NONE,ideal_free_path_sector,4.109901768910688,0.51112642830729,16.49898859588859,14,2,0.0,0.15,0.0,1.0,0.0,0.0,0.0,dropout_0.15
2,2,True,2,0,0,1.0,1.0,1.0,0.8554694551186883,0.8417104800216508,2.25,2.500000000000014,2.0,2.250000000000007,CORRIDOR,CORRIDOR,True,NONE,ideal_free_path_sector,4.109901768910688,0.4370501343497118,18.99898859588859,15,2,0.0,0.15,0.0,1.0,0.0,0.0,0.0,dropout_0.15
2,3,False,2,1,0,0.6666666666666666,1.0,0.8,0.7730474446311697,0.70438440924069,1.5,4.412311815186186,4.0,4.206155907593093,CORRIDOR,JUNCTION,False,opening_count_mismatch;false_positive_opening;topology_mismatch,ideal_free_path_sector,4.109901768910688,0.518534057703048,16.24898859588859,16,2,0.0,0.15,0.0,1.0,0.0,0.0,0.0,dropout_0.15
2,2,True,2,0,0,1.0,1.0,1.0,0.6840899586852951,0.5994760929708,2.5,5.000000000000014,8.4123118151862,6.706155907593107,CORRIDOR,CORRIDOR,True,NONE,ideal_free_path_sector,4.109901768910688,0.5926103516606261,13.74898859588859,17,2,0.0,0.15,0.0,1.0,0.0,0.0,0.0,dropout_0.15
2,3,False,2,1,0,0.6666666666666666,1.0,0.8,0.7907511412357058,0.7397918024497641,3.5,3.999999999999986,3.0,3.499999999999993,CORRIDOR,JUNCTION,False,opening_count_mismatch;false_positive_opening;topology_mismatch,ideal_free_path_sector,4.109901768910688,0.4592730225369853,18.24898859588859,18,2,0.0,0.15,0.0,1.0,0.0,0.0,0.0,dropout_0.15
2,4,False,2,2,0,0.5,1.0,0.6666666666666666,0.7745307314920448,0.707350982962442,4.0,5.499999999999986,2.5,3.999999999999993,CORRIDOR,JUNCTION,False,opening_count_mismatch;false_positive_opening;topology_mismatch,ideal_free_path_sector,4.109901768910688,0.4889035401200166,17.24898859588859,19,2,0.0,0.15,0.0,1.0,0.0,0.0,0.0,dropout_0.15
2,3,False,2,1,0,0.6666666666666666,1.0,0.8,0.8014954421483822,0.7043844092406915,3.5,0.9999999999999858,6.4123118151862,3.706155907593093,CORRIDOR,JUNCTION,False,opening_count_mismatch;false_positive_opening;topology_mismatch,ideal_free_path_sector,4.109901768910688,0.5037187989115323,16.74898859588859,20,2,0.0,0.15,0.0,1.0,0.0,0.0,0.0,dropout_0.15
2,2,True,2,0,0,1.0,1.0,1.0,0.8515904894838477,0.8158813854492443,1.5,3.000000000000014,1.5876881848137998,2.293844092406907,CORRIDOR,CORRIDOR,True,NONE,ideal_free_path_sector,4.109901768910688,0.4148272461624383,19.74898859588859,21,2,0.0,0.15,0.0,1.0,0.0,0.0,0.0,dropout_0.15
2,2,True,2,0,0,1.0,1.0,1.0,0.8135879932499397,0.70438440924069,2.5,1.5000000000000142,5.5,3.500000000000007,CORRIDOR,CORRIDOR,True,NONE,ideal_free_path_sector,4.109901768910688,0.4889035401200166,17.24898859588859,22,2,0.0,0.15,0.0,1.0,0.0,0.0,0.0,dropout_0.15
2,2,True,2,0,0,1.0,1.0,1.0,0.8177835623285751,0.7266840159594838,3.0,5.412311815186186,1.0,3.206155907593093,CORRIDOR,CORRIDOR,True,NONE,ideal_free_path_sector,4.109901768910688,0.4889035401200166,17.24898859588859,23,2,0.0,0.15,0.0,1.0,0.0,0.0,0.0,dropout_0.15
2,2,True,2,0,0,1.0,1.0,1.0,0.7069441588288583,0.6872043016982355,3.5,4.999999999999986,6.4123118151862,5.706155907593093,CORRIDOR,CORRIDOR,True,NONE,ideal_free_path_sector,4.109901768910688,0.5629798340775949,14.74898859588859,24,2,0.0,0.15,0.0,1.0,0.0,0.0,0.0,dropout_0.15
2,2,True,2,0,0,1.0,1.0,1.0,0.8081659901871938,0.7471035501586617,3.25,4.500000000000014,2.0,3.250000000000007,CORRIDOR,CORRIDOR,True,NONE,ideal_free_path_sector,4.109901768910688,0.4666806519327431,17.99898859588859,25,2,0.0,0.15,0.0,1.0,0.0,0.0,0.0,dropout_0.15
2,2,True,2,0,0,1.0,1.0,1.0,0.8417104800216484,0.8417104800216475,2.5,2.499999999999986,2.5,2.499999999999993,CORRIDOR,CORRIDOR,True,NONE,ideal_free_path_sector,4.109901768910688,0.44445776374546964,18.74898859588859,26,2,0.0,0.15,0.0,1.0,0.0,0.0,0.0,dropout_0.15
3,3,True,3,0,0,1.0,1.0,1.0,0.8695401258575054,0.7414534533698623,0.4999999999999905,2.8041281286575384,1.8041281286575384,2.3041281286575384,JUNCTION,JUNCTION,True,NONE,ideal_free_path_sector,4.109921353021991,0.47408828132850095,17.74898859588859,7,3,0.0,0.15,0.0,1.0,0.0,0.0,0.0,dropout_0.15
3,3,True,3,0,0,1.0,1.0,1.0,0.7681152414007837,0.6968748985289229,4.166666666666657,3.470794795324186,4.862538538009109,4.166666666666647,JUNCTION,JUNCTION,True,NONE,ideal_free_path_sector,4.109921353021991,0.5037187989115323,16.74898859588859,8,3,0.0,0.15,0.0,1.0,0.0,0.0,0.0,dropout_0.15
3,3,True,3,0,0,1.0,1.0,1.0,0.903397841262073,0.8465674795228714,1.4999999999999905,0.8041281286575384,2.1958718713424616,1.5,JUNCTION,JUNCTION,True,NONE,ideal_free_path_sector,4.109921353021991,0.43458092455112585,19.082321929221923,9,3,0.0,0.15,0.0,1.0,0.0,0.0,0.0,dropout_0.15
3,3,True,3,0,0,1.0,1.0,1.0,0.7788330092840349,0.6125050266968428,2.3333333333333237,6.0790510526392625,2.8625385380091095,4.470794795324186,JUNCTION,JUNCTION,True,NONE,ideal_free_path_sector,4.109921353021991,0.5284108968973916,15.915655262555257,10,3,0.0,0.15,0.0,1.0,0.0,0.0,0.0,dropout_0.15
3,3,True,3,0,0,1.0,1.0,1.0,0.8654466903237491,0.7224418263603787,1.5000000000000095,1.0790510526392627,3.8041281286575575,2.44158959064841,JUNCTION,JUNCTION,True,NONE,ideal_free_path_sector,4.109921353021991,0.48396512052284474,17.41565526255526,11,3,0.0,0.15,0.0,1.0,0.0,0.0,0.0,dropout_0.15
3,3,True,3,0,0,1.0,1.0,1.0,0.8961765509949727,0.821362728782265,1.3333333333333428,0.5292052046758139,2.8041281286575384,1.666666666666676,JUNCTION,JUNCTION,True,NONE,ideal_free_path_sector,4.109921353021991,0.4493961833426415,18.582321929221923,12,3,0.0,0.15,0.0,1.0,0.0,0.0,0.0,dropout_0.15
3,4,False,3,1,0,0.75,1.0,0.8571428571428571,0.7600556955210888,0.7043807807013694,2.1666666666666763,5.0790510526392625,3.8041281286575575,4.44158959064841,JUNCTION,JUNCTION,True,opening_count_mismatch;false_positive_opening,ideal_free_path_sector,4.109921353021991,0.5333493164945634,15.74898859588859,13,3,0.0,0.15,0.0,1.0,0.0,0.0,0.0,dropout_0.15
3,3,True,3,0,0,1.0,1.0,1.0,0.8408600527386757,0.7614927358933722,1.5000000000000095,1.470794795324205,4.079051052639301,2.774922923981753,JUNCTION,JUNCTION,True,NONE,ideal_free_path_sector,4.109921353021991,0.4938419597171884,17.082321929221923,14,3,0.0,0.15,0.0,1.0,0.0,0.0,0.0,dropout_0.15
3,3,True,3,0,0,1.0,1.0,1.0,0.7993796659910729,0.6872007616598724,2.4999999999999907,3.079051052639263,4.195871871342462,3.637461461990862,JUNCTION,JUNCTION,True,NONE,ideal_free_path_sector,4.109921353021991,0.4938419597171884,17.082321929221923,15,3,0.0,0.15,0.0,1.0,0.0,0.0,0.0,dropout_0.15
3,4,False,3,1,0,0.75,1.0,0.8571428571428571,0.7240690488579983,0.6261162495123285,1.3333333333333428,4.804128128657538,6.412384385972634,5.6082562573150865,JUNCTION,JUNCTION,True,opening_count_mismatch;false_positive_opening,ideal_free_path_sector,4.109921353021991,0.5679182536747668,14.582321929221925,16,3,0.0,0.15,0.0,1.0,0.0,0.0,0.0,dropout_0.15
3,3,True,3,0,0,1.0,1.0,1.0,0.77041514632679,0.6552379355361574,1.6666666666666572,5.470794795324205,3.1958718713424425,4.333333333333324,JUNCTION,JUNCTION,True,NONE,ideal_free_path_sector,4.109921353021991,0.4987803793143603,16.91565526255526,17,3,0.0,0.15,0.0,1.0,0.0,0.0,0.0,dropout_0.15
3,4,False,3,1,0,0.75,1.0,0.8571428571428571,0.8840752426786186,0.8417101163602972,1.333333333333324,1.1374614619908527,2.470794795324205,1.8041281286575288,JUNCTION,JUNCTION,True,opening_count_mismatch;false_positive_opening,ideal_free_path_sector,4.109921353021991,0.4395193441482978,18.91565526255526,18,3,0.0,0.15,0.0,1.0,0.0,0.0,0.0,dropout_0.15
3,3,True,3,0,0,1.0,1.0,1.0,0.893046779028586,0.8733680930882375,1.6666666666666572,0.8625385380091283,2.470794795324205,1.6666666666666667,JUNCTION,JUNCTION,True,NONE,ideal_free_path_sector,4.109921353021991,0.4493961833426415,18.582321929221923,19,3,0.0,0.15,0.0,1.0,0.0,0.0,0.0,dropout_0.15
3,3,True,3,0,0,1.0,1.0,1.0,0.8841243686851555,0.8213627287822681,1.833333333333324,2.529205204675795,1.1374614619908716,1.8333333333333333,JUNCTION,JUNCTION,True,NONE,ideal_free_path_sector,4.109921353021991,0.4444577637454696,18.74898859588859,20,3,0.0,0.15,0.0,1.0,0.0,0.0,0.0,dropout_0.15
3,3,True,3,0,0,1.0,1.0,1.0,0.7891705078663093,0.754015126458541,3.6666666666666763,3.8041281286575384,3.529205204675795,3.6666666666666665,JUNCTION,JUNCTION,True,NONE,ideal_free_path_sector,4.109921353021991,0.4987803793143603,16.91565526255526,21,3,0.0,0.15,0.0,1.0,0.0,0.0,0.0,dropout_0.15
3,3,True,3,0,0,1.0,1.0,1.0,0.8685423649949738,0.714934446584429,2.1666666666666763,0.8625385380091473,3.862538538009128,2.362538538009138,JUNCTION,JUNCTION,True,NONE,ideal_free_path_sector,4.109921353021991,0.46421144213415716,18.082321929221923,22,3,0.0,0.15,0.0,1.0,0.0,0.0,0.0,dropout_0.15
3,3,True,3,0,0,1.0,1.0,1.0,0.9148291780330405,0.8537948856986297,1.0000000000000095,0.8041281286575194,1.8625385380091284,1.333333333333324,JUNCTION,JUNCTION,True,NONE,ideal_free_path_sector,4.109921353021991,0.4395193441482977,18.91565526255526,23,3,0.0,0.15,0.0,1.0,0.0,0.0,0.0,dropout_0.15
3,3,True,3,0,0,1.0,1.0,1.0,0.8557131704398199,0.8286832714133756,1.5000000000000095,2.1958718713424616,2.412384385972634,2.3041281286575477,JUNCTION,JUNCTION,True,NONE,ideal_free_path_sector,4.109921353021991,0.45433460293981337,18.41565526255526,24,3,0.0,0.15,0.0,1.0,0.0,0.0,0.0,dropout_0.15
3,3,True,3,0,0,1.0,1.0,1.0,0.8617677308495817,0.7752026972875719,1.4999999999999905,0.9209489473607372,3.529205204675795,2.225077076018266,JUNCTION,JUNCTION,True,NONE,ideal_free_path_sector,4.109921353021991,0.42470408535678206,19.41565526255526,25,3,0.0,0.15,0.0,1.0,0.0,0.0,0.0,dropout_0.15
3,3,True,3,0,0,1.0,1.0,1.0,0.743053105027597,0.6403461642739721,2.8333333333333237,6.137461461990853,3.8041281286575384,4.9707947953241955,JUNCTION,JUNCTION,True,NONE,ideal_free_path_sector,4.109921353021991,0.5333493164945635,15.74898859588859,26,3,0.0,0.15,0.0,1.0,0.0,0.0,0.0,dropout_0.15
4,4,True,4,0,0,1.0,1.0,1.0,0.8554703273353617,0.8124905215349267,1.75,2.5,1.999999999999993,2.2499999999999964,JUNCTION,JUNCTION,True,NONE,ideal_free_path_sector,4.289992923181831,0.5455750906946051,12.28569178941229,7,4,0.0,0.15,0.0,1.0,0.0,0.0,0.0,dropout_0.15
4,4,True,4,0,0,1.0,1.0,1.0,0.7943665379995977,0.692224739678588,3.125,2.0008087881337815,5.249999999999993,3.625404394066887,JUNCTION,JUNCTION,True,NONE,ideal_free_path_sector,4.289992923181831,0.6056808210253667,10.66069178941229,8,4,0.0,0.15,0.0,1.0,0.0,0.0,0.0,dropout_0.15
4,4,True,4,0,0,1.0,1.0,1.0,0.9211508707819495,0.8965459536272347,0.875,1.2508087881337815,1.000000000000007,1.1254043940668943,JUNCTION,JUNCTION,True,NONE,ideal_free_path_sector,4.289992923181831,0.5132104666703488,13.16069178941229,9,4,0.0,0.15,0.0,1.0,0.0,0.0,0.0,dropout_0.15
4,4,True,4,0,0,1.0,1.0,1.0,0.7778618234940389,0.6922247396785866,2.625,1.9991912118662327,5.751617576267556,3.8754043940668943,JUNCTION,JUNCTION,True,NONE,ideal_free_path_sector,4.289992923181831,0.6149278564608684,10.41069178941229,10,4,0.0,0.15,0.0,1.0,0.0,0.0,0.0,dropout_0.15
4,4,True,4,0,0,1.0,1.0,1.0,0.8094032230781208,0.6584576792064619,1.75,3.5016175762675488,3.501617576267556,3.5016175762675523,JUNCTION,JUNCTION,True,NONE,ideal_free_path_sector,4.289992923181831,0.6287984096141211,10.03569178941229,11,4,0.0,0.15,0.0,1.0,0.0,0.0,0.0,dropout_0.15
4,4,True,4,0,0,1.0,1.0,1.0,0.844551207161081,0.7104411801964459,1.375,1.7508087881337673,3.5008087881337744,2.625808788133771,JUNCTION,JUNCTION,True,NONE,ideal_free_path_sector,4.289992923181831,0.5779397147188613,11.41069178941229,12,4,0.0,0.15,0.0,1.0,0.0,0.0,0.0,dropout_0.15
4,4,True,4,0,0,1.0,1.0,1.0,0.8182564347187763,0.749910134651802,2.0,3.0008087881337673,3.000000000000007,3.000404394066887,JUNCTION,JUNCTION,True,NONE,ideal_free_path_sector,4.289992923181831,0.5825632324366122,11.28569178941229,13,4,0.0,0.15,0.0,1.0,0.0,0.0,0.0,dropout_0.15
4,4,True,4,0,0,1.0,1.0,1.0,0.7791668165033917,0.6584576792064619,2.5,4.751617576267549,3.2508087881337744,4.001213182200662,JUNCTION,JUNCTION,True,NONE,ideal_free_path_sector,4.289992923181831,0.628798409614121,10.03569178941229,14,4,0.0,0.15,0.0,1.0,0.0,0.0,0.0,dropout_0.15
4,4,True,4,0,0,1.0,1.0,1.0,0.8675247207218971,0.8387012608705661,1.75,1.7491912118662185,2.250000000000007,1.9995956059331128,JUNCTION,JUNCTION,True,NONE,ideal_free_path_sector,4.289992923181831,0.5270810198236014,12.78569178941229,15,4,0.0,0.15,0.0,1.0,0.0,0.0,0.0,dropout_0.15
4,4,True,4,0,0,1.0,1.0,1.0,0.8010879884183506,0.6749191211866232,1.75,4.500808788133767,2.4991912118662114,3.4999999999999893,JUNCTION,JUNCTION,True,NONE,ideal_free_path_sector,4.289992923181831,0.591810267872114,11.03569178941229,16,4,0.0,0.15,0.0,1.0,0.0,0.0,0.0,dropout_0.15
4,4,True,4,0,0,1.0,1.0,1.0,0.8439755139779405,0.722209740363017,2.375,2.749999999999986,2.4991912118662256,2.6245956059331057,JUNCTION,JUNCTION,True,NONE,ideal_free_path_sector,4.289992923181831,0.550198608412356,12.16069178941229,17,4,0.0,0.15,0.0,1.0,0.0,0.0,0.0,dropout_0.15
4,4,True,4,0,0,1.0,1.0,1.0,0.963263101230338,0.962960743932534,0.5,0.5,0.5008087881337744,0.5004043940668872,JUNCTION,JUNCTION,True,NONE,ideal_free_path_sector,4.289992923181831,0.4900928780815944,13.78569178941229,18,4,0.0,0.15,0.0,1.0,0.0,0.0,0.0,dropout_0.15
4,4,True,4,0,0,1.0,1.0,1.0,0.8483661834674731,0.7026897048087152,2.0,0.9983824237324512,3.999999999999993,2.499191211866222,JUNCTION,JUNCTION,True,NONE,ideal_free_path_sector,4.289992923181831,0.5363280552591033,12.53569178941229,19,4,0.0,0.15,0.0,1.0,0.0,0.0,0.0,dropout_0.15
4,4,True,4,0,0,1.0,1.0,1.0,0.8322015626582214,0.749910134651802,2.25,1.7500000000000142,3.751617576267556,2.750808788133785,JUNCTION,JUNCTION,True,NONE,ideal_free_path_sector,4.289992923181831,0.5825632324366121,11.28569178941229,20,4,0.0,0.15,0.0,1.0,0.0,0.0,0.0,dropout_0.15
4,4,True,4,0,0,1.0,1.0,1.0,0.8376584211001041,0.7940224955136748,1.875,2.0008087881337673,3.250000000000007,2.625404394066887,JUNCTION,JUNCTION,True,NONE,ideal_free_path_sector,4.289992923181831,0.5686926792833595,11.66069178941229,21,4,0.0,0.15,0.0,1.0,0.0,0.0,0.0,dropout_0.15
4,4,True,4,0,0,1.0,1.0,1.0,0.8875595672939944,0.7646946875209089,1.5,2.75,0.7491912118662256,1.7495956059331128,JUNCTION,JUNCTION,True,NONE,ideal_free_path_sector,4.289992923181831,0.5178339843880998,13.03569178941229,22,4,0.0,0.15,0.0,1.0,0.0,0.0,0.0,dropout_0.15
4,4,True,4,0,0,1.0,1.0,1.0,0.9008774779218504,0.8436489014832794,0.5,1.7508087881337815,1.250000000000007,1.5004043940668943,JUNCTION,JUNCTION,True,NONE,ideal_free_path_sector,4.289992923181831,0.5270810198236014,12.78569178941229,23,4,0.0,0.15,0.0,1.0,0.0,0.0,0.0,dropout_0.15
4,4,True,4,0,0,1.0,1.0,1.0,0.795698982445807,0.7296422931747263,2.25,3.0,4.001617576267556,3.500808788133778,JUNCTION,JUNCTION,True,NONE,ideal_free_path_sector,4.289992923181831,0.6103043387431175,10.53569178941229,24,4,0.0,0.15,0.0,1.0,0.0,0.0,0.0,dropout_0.15
4,4,True,4,0,0,1.0,1.0,1.0,0.9111925323342651,0.8666594770511524,0.5,0.9983824237324512,1.4991912118662256,1.2487868177993384,JUNCTION,JUNCTION,True,NONE,ideal_free_path_sector,4.289992923181831,0.4808458426460926,14.03569178941229,25,4,0.0,0.15,0.0,1.0,0.0,0.0,0.0,dropout_0.15
4,4,True,4,0,0,1.0,1.0,1.0,0.8309646525050431,0.749910134651802,2.5,3.7508087881337815,1.749999999999993,2.750404394066887,JUNCTION,JUNCTION,True,NONE,ideal_free_path_sector,4.289992923181831,0.5733161970011105,11.53569178941229,26,4,0.0,0.15,0.0,1.0,0.0,0.0,0.0,dropout_0.15
5,5,True,5,0,0,1.0,1.0,1.0,0.8161227083418927,0.7498497019498868,1.5,2.1505110133703793,3.752555066851926,2.9515330401111526,JUNCTION,JUNCTION,True,NONE,ideal_free_path_sector,4.537423067393879,0.7315808255303498,5.723686263497939,7,5,0.0,0.15,0.0,1.0,0.0,0.0,0.0,dropout_0.15
5,5,True,5,0,0,1.0,1.0,1.0,0.7611864652125138,0.6537151247768244,2.8,2.85153304011115,5.750511013370385,4.3010220267407675,JUNCTION,JUNCTION,True,NONE,ideal_free_path_sector,4.537423067393879,0.7569146621574967,5.294211758098771,8,5,0.0,0.15,0.0,1.0,0.0,0.0,0.0,dropout_0.15
5,5,True,5,0,0,1.0,1.0,1.0,0.9278067749816075,0.8937957041035047,0.8,1.6515330401111612,0.34846695988884446,1.0000000000000029,JUNCTION,JUNCTION,True,NONE,ideal_free_path_sector,4.537423067393879,0.6330987913243411,7.8236862634979385,9,5,0.0,0.15,0.0,1.0,0.0,0.0,0.0,dropout_0.15
5,5,True,5,0,0,1.0,1.0,1.0,0.8496455082822607,0.7498497019498868,1.8,1.950511013370391,2.750511013370385,2.350511013370388,JUNCTION,JUNCTION,True,NONE,ideal_free_path_sector,4.537423067393879,0.6987534807950135,6.423686263497939,10,5,0.0,0.15,0.0,1.0,0.0,0.0,0.0,dropout_0.15
5,5,True,5,0,0,1.0,1.0,1.0,0.8496240244306439,0.7725724201907924,2.0,2.5505110133703908,2.0515330401111553,2.3010220267407733,JUNCTION,JUNCTION,True,NONE,ideal_free_path_sector,4.537423067393879,0.6987534807950135,6.423686263497939,11,5,0.0,0.15,0.0,1.0,0.0,0.0,0.0,dropout_0.15
5,5,True,5,0,0,1.0,1.0,1.0,0.817451198554689,0.653715124776824,1.2,3.35255506685192,2.750511013370385,3.0515330401111527,JUNCTION,JUNCTION,True,NONE,ideal_free_path_sector,4.537423067393879,0.7362704462068264,5.623686263497939,12,5,0.0,0.15,0.0,1.0,0.0,0.0,0.0,dropout_0.15
5,5,True,5,0,0,1.0,1.0,1.0,0.9050130942704083,0.708191385174893,0.7,1.4494889866296206,1.6494889866296147,1.5494889866296178,JUNCTION,JUNCTION,True,NONE,ideal_free_path_sector,4.537423067393879,0.6565468947067241,7.3236862634979385,13,5,0.0,0.15,0.0,1.0,0.0,0.0,0.0,dropout_0.15
5,5,True,5,0,0,1.0,1.0,1.0,0.8316312103035177,0.7372066728607568,2.2,1.1505110133703795,4.350511013370385,2.7505110133703825,JUNCTION,JUNCTION,True,NONE,ideal_free_path_sector,4.537423067393879,0.7160320474232884,6.058949010798346,14,5,0.0,0.15,0.0,1.0,0.0,0.0,0.0,dropout_0.15
5,5,True,5,0,0,1.0,1.0,1.0,0.861986690412321,0.7967153083217546,1.9,2.150511013370391,2.0494889866296147,2.1000000000000028,JUNCTION,JUNCTION,True,NONE,ideal_free_path_sector,4.537423067393879,0.6846846187655837,6.723686263497939,15,5,0.0,0.15,0.0,1.0,0.0,0.0,0.0,dropout_0.15
5,5,True,5,0,0,1.0,1.0,1.0,0.8569372904933312,0.6373722466574037,0.7,2.3505110133703795,2.550511013370385,2.4505110133703822,JUNCTION,JUNCTION,True,NONE,ideal_free_path_sector,4.537423067393879,0.7034431014714901,6.3236862634979385,16,5,0.0,0.15,0.0,1.0,0.0,0.0,0.0,dropout_0.15
5,5,True,5,0,0,1.0,1.0,1.0,0.8941883266876257,0.8079843003856277,1.5,1.8494889866296205,1.3484669598888446,1.5989779732592324,JUNCTION,JUNCTION,True,NONE,ideal_free_path_sector,4.537423067393879,0.6565468947067241,7.3236862634979385,17,5,0.0,0.15,0.0,1.0,0.0,0.0,0.0,dropout_0.15
5,5,True,5,0,0,1.0,1.0,1.0,0.8427975686687695,0.708191385174893,1.0,2.3505110133703795,2.750511013370385,2.5505110133703823,JUNCTION,JUNCTION,True,NONE,ideal_free_path_sector,4.537423067393879,0.7081327221479667,6.223686263497939,18,5,0.0,0.15,0.0,1.0,0.0,0.0,0.0,dropout_0.15
5,5,True,5,0,0,1.0,1.0,1.0,0.8062115462909716,0.7284254247513193,2.0,3.45153304011115,2.750511013370385,3.1010220267407673,JUNCTION,JUNCTION,True,NONE,ideal_free_path_sector,4.537423067393879,0.7362704462068264,5.623686263497939,19,5,0.0,0.15,0.0,1.0,0.0,0.0,0.0,dropout_0.15
5,5,True,5,0,0,1.0,1.0,1.0,0.8296186102417312,0.6373722466574044,1.1,2.7505110133703794,3.2515330401111555,3.0010220267407677,JUNCTION,JUNCTION,True,NONE,ideal_free_path_sector,4.537423067393879,0.7299850607788099,5.758949010798352,20,5,0.0,0.15,0.0,1.0,0.0,0.0,0.0,dropout_0.15
5,5,True,5,0,0,1.0,1.0,1.0,0.8229446556350336,0.7498497019498868,1.0,3.5525550668519204,2.150511013370385,2.8515330401111525,JUNCTION,JUNCTION,True,NONE,ideal_free_path_sector,4.537423067393879,0.726891204853873,5.8236862634979385,21,5,0.0,0.15,0.0,1.0,0.0,0.0,0.0,dropout_0.15
5,5,True,5,0,0,1.0,1.0,1.0,0.8644333536662465,0.7498497019498864,1.5,3.451533040111161,0.7484669598888445,2.1000000000000028,JUNCTION,JUNCTION,True,NONE,ideal_free_path_sector,4.537423067393879,0.6846846187655837,6.723686263497939,22,5,0.0,0.15,0.0,1.0,0.0,0.0,0.0,dropout_0.15
5,5,True,5,0,0,1.0,1.0,1.0,0.8651848323464894,0.7725724201907932,1.7,3.3505110133703795,0.8494889866296148,2.099999999999997,JUNCTION,JUNCTION,True,NONE,ideal_free_path_sector,4.537423067393879,0.6846846187655837,6.723686263497939,23,5,0.0,0.15,0.0,1.0,0.0,0.0,0.0,dropout_0.15
5,5,True,5,0,0,1.0,1.0,1.0,0.8104964017306854,0.7498497019498868,1.9,1.249488986629609,4.752555066851926,3.0010220267407677,JUNCTION,JUNCTION,True,NONE,ideal_free_path_sector,4.537423067393879,0.7315808255303498,5.723686263497939,24,5,0.0,0.15,0.0,1.0,0.0,0.0,0.0,dropout_0.15
5,5,True,5,0,0,1.0,1.0,1.0,0.8619771578015619,0.7498497019498875,0.8,2.3505110133703795,1.9505110133703851,2.1505110133703824,JUNCTION,JUNCTION,True,NONE,ideal_free_path_sector,4.537423067393879,0.6893742394420603,6.623686263497939,25,5,0.0,0.15,0.0,1.0,0.0,0.0,0.0,dropout_0.15
5,5,True,5,0,0,1.0,1.0,1.0,0.8806286623356361,0.7725724201907924,1.2,0.7484669598888501,2.9505110133703853,1.8494889866296176,JUNCTION,JUNCTION,True,NONE,ideal_free_path_sector,4.537423067393879,0.6706157567361539,7.023686263497939,26,5,0.0,0.15,0.0,1.0,0.0,0.0,0.0,dropout_0.15
2,2,True,2,0,0,1.0,1.0,1.0,0.8872995935184522,0.8872995935184513,0.0,1.587688184813814,1.5876881848137998,1.587688184813807,CORRIDOR,CORRIDOR,True,NONE,ideal_free_path_sector,4.109901768910688,0.3703814697878914,21.24898859588859,7,2,0.0,0.0,0.4,1.0,0.0,0.0,0.0,occlusion_0.40
2,2,True,2,0,0,1.0,1.0,1.0,0.7881597873224524,0.6890199811264517,3.0,1.587688184813814,6.0,3.793844092406907,CORRIDOR,CORRIDOR,True,NONE,ideal_free_path_sector,4.109901768910688,0.4592730225369853,18.24898859588859,8,2,0.0,0.0,0.4,1.0,0.0,0.0,0.0,occlusion_0.40
2,2,True,2,0,0,1.0,1.0,1.0,0.8872995935184522,0.8872995935184513,0.0,1.587688184813814,1.5876881848137998,1.587688184813807,CORRIDOR,CORRIDOR,True,NONE,ideal_free_path_sector,4.109901768910688,0.3703814697878914,21.24898859588859,9,2,0.0,0.0,0.4,1.0,0.0,0.0,0.0,occlusion_0.40
2,2,True,2,0,0,1.0,1.0,1.0,0.8872995935184522,0.8872995935184513,0.0,1.587688184813814,1.5876881848137998,1.587688184813807,CORRIDOR,CORRIDOR,True,NONE,ideal_free_path_sector,4.109901768910688,0.3703814697878914,21.24898859588859,10,2,0.0,0.0,0.4,1.0,0.0,0.0,0.0,occlusion_0.40
2,2,True,2,0,0,1.0,1.0,1.0,0.6195229371032338,0.3517462806880162,12.25,1.587688184813814,24.5,13.043844092406907,CORRIDOR,CORRIDOR,True,low_opening_iou,ideal_free_path_sector,4.109901768910688,0.4279701558498388,22.874494297944295,11,2,0.0,0.0,0.4,1.0,0.0,0.0,0.0,occlusion_0.40
2,2,True,2,0,0,1.0,1.0,1.0,0.634023961418873,0.38074832931929264,7.25,4.999999999999986,19.5,12.249999999999993,CORRIDOR,CORRIDOR,True,low_opening_iou,ideal_free_path_sector,4.109901768910688,0.5151007404104297,17.874494297944295,12,2,0.0,0.0,0.4,1.0,0.0,0.0,0.0,occlusion_0.40
2,2,True,2,0,0,1.0,1.0,1.0,0.8872995935184522,0.8872995935184513,0.0,1.587688184813814,1.5876881848137998,1.587688184813807,CORRIDOR,CORRIDOR,True,NONE,ideal_free_path_sector,4.109901768910688,0.3703814697878914,21.24898859588859,13,2,0.0,0.0,0.4,1.0,0.0,0.0,0.0,occlusion_0.40
2,2,True,2,0,0,1.0,1.0,1.0,0.8872995935184522,0.8872995935184513,0.0,1.587688184813814,1.5876881848137998,1.587688184813807,CORRIDOR,CORRIDOR,True,NONE,ideal_free_path_sector,4.109901768910688,0.3703814697878914,21.24898859588859,14,2,0.0,0.0,0.4,1.0,0.0,0.0,0.0,occlusion_0.40
2,2,True,2,0,0,1.0,1.0,1.0,0.8872995935184522,0.8872995935184513,0.0,1.587688184813814,1.5876881848137998,1.587688184813807,CORRIDOR,CORRIDOR,True,NONE,ideal_free_path_sector,4.109901768910688,0.3703814697878914,21.24898859588859,15,2,0.0,0.0,0.4,1.0,0.0,0.0,0.0,occlusion_0.40
2,2,True,2,0,0,1.0,1.0,1.0,0.8872995935184522,0.8872995935184513,0.0,1.587688184813814,1.5876881848137998,1.587688184813807,CORRIDOR,CORRIDOR,True,NONE,ideal_free_path_sector,4.109901768910688,0.3703814697878914,21.24898859588859,16,2,0.0,0.0,0.4,1.0,0.0,0.0,0.0,occlusion_0.40
2,2,True,2,0,0,1.0,1.0,1.0,0.8872995935184522,0.8872995935184513,0.0,1.587688184813814,1.5876881848137998,1.587688184813807,CORRIDOR,CORRIDOR,True,NONE,ideal_free_path_sector,4.109901768910688,0.3703814697878914,21.24898859588859,17,2,0.0,0.0,0.4,1.0,0.0,0.0,0.0,occlusion_0.40
2,3,False,2,1,0,0.6666666666666666,1.0,0.8,0.8872995935184522,0.8872995935184513,0.0,1.587688184813814,1.5876881848137998,1.587688184813807,CORRIDOR,JUNCTION,False,opening_count_mismatch;false_positive_opening;topology_mismatch,ideal_free_path_sector,4.109901768910688,0.3703814697878914,21.24898859588859,18,2,0.0,0.0,0.4,1.0,0.0,0.0,0.0,occlusion_0.40
2,2,True,2,0,0,1.0,1.0,1.0,0.8872995935184522,0.8872995935184513,0.0,1.587688184813814,1.5876881848137998,1.587688184813807,CORRIDOR,CORRIDOR,True,NONE,ideal_free_path_sector,4.109901768910688,0.3703814697878914,21.24898859588859,19,2,0.0,0.0,0.4,1.0,0.0,0.0,0.0,occlusion_0.40
2,2,True,2,0,0,1.0,1.0,1.0,0.8579935669008081,0.8286875402831647,0.25,2.000000000000014,2.5,2.250000000000007,CORRIDOR,CORRIDOR,True,NONE,ideal_free_path_sector,4.109901768910688,0.43705013434971185,18.99898859588859,20,2,0.0,0.0,0.4,1.0,0.0,0.0,0.0,occlusion_0.40
2,2,True,2,0,0,1.0,1.0,1.0,0.8872995935184522,0.8872995935184513,0.0,1.587688184813814,1.5876881848137998,1.587688184813807,CORRIDOR,CORRIDOR,True,NONE,ideal_free_path_sector,4.109901768910688,0.3703814697878914,21.24898859588859,21,2,0.0,0.0,0.4,1.0,0.0,0.0,0.0,occlusion_0.40
2,3,False,2,1,0,0.6666666666666666,1.0,0.8,0.8872995935184522,0.8872995935184513,0.0,1.587688184813814,1.5876881848137998,1.587688184813807,CORRIDOR,JUNCTION,False,opening_count_mismatch;false_positive_opening;topology_mismatch,ideal_free_path_sector,4.109901768910688,0.3703814697878914,21.24898859588859,22,2,0.0,0.0,0.4,1.0,0.0,0.0,0.0,occlusion_0.40
2,2,True,2,0,0,1.0,1.0,1.0,0.8872995935184522,0.8872995935184513,0.0,1.587688184813814,1.5876881848137998,1.587688184813807,CORRIDOR,CORRIDOR,True,NONE,ideal_free_path_sector,4.109901768910688,0.3703814697878914,21.24898859588859,23,2,0.0,0.0,0.4,1.0,0.0,0.0,0.0,occlusion_0.40
2,2,True,2,0,0,1.0,1.0,1.0,0.6824241727730189,0.47754875202758645,2.5,11.000000000000014,6.0,8.500000000000007,CORRIDOR,CORRIDOR,True,low_opening_iou,ideal_free_path_sector,4.109901768910688,0.6119295759688564,13.124494297944295,24,2,0.0,0.0,0.4,1.0,0.0,0.0,0.0,occlusion_0.40
2,2,True,2,0,0,1.0,1.0,1.0,0.6106837236844156,0.33406785385037785,13.25,1.587688184813814,26.5,14.043844092406907,CORRIDOR,CORRIDOR,True,low_opening_iou,ideal_free_path_sector,4.109901768910688,0.4181854950934691,23.874494297944295,25,2,0.0,0.0,0.4,1.0,0.0,0.0,0.0,occlusion_0.40
2,2,True,2,0,0,1.0,1.0,1.0,0.8872995935184522,0.8872995935184513,0.0,1.587688184813814,1.5876881848137998,1.587688184813807,CORRIDOR,CORRIDOR,True,NONE,ideal_free_path_sector,4.109901768910688,0.3703814697878914,21.24898859588859,26,2,0.0,0.0,0.4,1.0,0.0,0.0,0.0,occlusion_0.40
3,3,True,3,0,0,1.0,1.0,1.0,0.8873041643437123,0.8873041643437122,9.473903143468002e-15,1.5876156140274038,1.587615614027366,1.587615614027385,JUNCTION,JUNCTION,True,NONE,ideal_free_path_sector,4.109921353021991,0.3703814697878913,21.24898859588859,7,3,0.0,0.0,0.4,1.0,0.0,0.0,0.0,occlusion_0.40
3,4,False,3,1,0,0.75,1.0,0.8571428571428571,0.8873041643437123,0.8873041643437122,9.473903143468002e-15,1.5876156140274038,1.587615614027366,1.587615614027385,JUNCTION,JUNCTION,True,opening_count_mismatch;false_positive_opening,ideal_free_path_sector,4.109921353021991,0.3703814697878913,21.24898859588859,8,3,0.0,0.0,0.4,1.0,0.0,0.0,0.0,occlusion_0.40
3,3,True,3,0,0,1.0,1.0,1.0,0.8873041643437123,0.8873041643437122,9.473903143468002e-15,1.5876156140274038,1.587615614027366,1.587615614027385,JUNCTION,JUNCTION,True,NONE,ideal_free_path_sector,4.109921353021991,0.3703814697878913,21.24898859588859,9,3,0.0,0.0,0.4,1.0,0.0,0.0,0.0,occlusion_0.40
3,3,True,3,0,0,1.0,1.0,1.0,0.8873041643437123,0.8873041643437122,9.473903143468002e-15,1.5876156140274038,1.587615614027366,1.587615614027385,JUNCTION,JUNCTION,True,NONE,ideal_free_path_sector,4.109921353021991,0.3703814697878913,21.24898859588859,10,3,0.0,0.0,0.4,1.0,0.0,0.0,0.0,occlusion_0.40
3,3,True,3,0,0,1.0,1.0,1.0,0.7153359939697511,0.3713996532218288,7.50000000000001,1.5876156140274038,15.529205204675776,8.55841040935159,JUNCTION,JUNCTION,True,low_opening_iou,ideal_free_path_sector,4.109921353021991,0.41586892952011495,21.66599239725906,11,3,0.0,0.0,0.4,1.0,0.0,0.0,0.0,occlusion_0.40
3,3,True,3,0,0,1.0,1.0,1.0,0.6832925783568244,0.2752694063830489,11.666666666666657,23.86253853800913,1.587615614027366,12.725077076018247,JUNCTION,JUNCTION,True,low_opening_iou,ideal_free_path_sector,4.109921353021991,0.3795357210117756,25.832659063925707,12,3,0.0,0.0,0.4,1.0,0.0,0.0,0.0,occlusion_0.40
3,3,True,3,0,0,1.0,1.0,1.0,0.8873041643437123,0.8873041643437122,9.473903143468002e-15,1.5876156140274038,1.587615614027366,1.587615614027385,JUNCTION,JUNCTION,True,NONE,ideal_free_path_sector,4.109921353021991,0.3703814697878913,21.24898859588859,13,3,0.0,0.0,0.4,1.0,0.0,0.0,0.0,occlusion_0.40
3,3,True,3,0,0,1.0,1.0,1.0,0.8873041643437123,0.8873041643437122,9.473903143468002e-15,1.5876156140274038,1.587615614027366,1.587615614027385,JUNCTION,JUNCTION,True,NONE,ideal_free_path_sector,4.109921353021991,0.3703814697878913,21.24898859588859,14,3,0.0,0.0,0.4,1.0,0.0,0.0,0.0,occlusion_0.40
3,3,True,3,0,0,1.0,1.0,1.0,0.8873041643437123,0.8873041643437122,9.473903143468002e-15,1.5876156140274038,1.587615614027366,1.587615614027385,JUNCTION,JUNCTION,True,NONE,ideal_free_path_sector,4.109921353021991,0.3703814697878913,21.24898859588859,15,3,0.0,0.0,0.4,1.0,0.0,0.0,0.0,occlusion_0.40
3,3,True,3,0,0,1.0,1.0,1.0,0.8873041643437123,0.8873041643437122,9.473903143468002e-15,1.5876156140274038,1.587615614027366,1.587615614027385,JUNCTION,JUNCTION,True,NONE,ideal_free_path_sector,4.109921353021991,0.3703814697878913,21.24898859588859,16,3,0.0,0.0,0.4,1.0,0.0,0.0,0.0,occlusion_0.40
3,3,True,3,0,0,1.0,1.0,1.0,0.8873041643437123,0.8873041643437122,9.473903143468002e-15,1.5876156140274038,1.587615614027366,1.587615614027385,JUNCTION,JUNCTION,True,NONE,ideal_free_path_sector,4.109921353021991,0.3703814697878913,21.24898859588859,17,3,0.0,0.0,0.4,1.0,0.0,0.0,0.0,occlusion_0.40
3,3,True,3,0,0,1.0,1.0,1.0,0.7454327146486972,0.4616898152586669,5.166666666666676,10.862538538009128,1.587615614027366,6.2250770760182474,JUNCTION,JUNCTION,True,low_opening_iou,ideal_free_path_sector,4.109921353021991,0.44648772904427053,19.33265906392573,18,3,0.0,0.0,0.4,1.0,0.0,0.0,0.0,occlusion_0.40
3,3,True,3,0,0,1.0,1.0,1.0,0.8873041643437123,0.8873041643437122,9.473903143468002e-15,1.5876156140274038,1.587615614027366,1.587615614027385,JUNCTION,JUNCTION,True,NONE,ideal_free_path_sector,4.109921353021991,0.3703814697878913,21.24898859588859,19,3,0.0,0.0,0.4,1.0,0.0,0.0,0.0,occlusion_0.40
3,3,True,3,0,0,1.0,1.0,1.0,0.8677638667002668,0.8286832714133756,0.16666666666667615,1.8625385380091473,2.1958718713424425,2.029205204675795,JUNCTION,JUNCTION,True,NONE,ideal_free_path_sector,4.109921353021991,0.4148272461624383,19.74898859588859,20,3,0.0,0.0,0.4,1.0,0.0,0.0,0.0,occlusion_0.40
3,3,True,3,0,0,1.0,1.0,1.0,0.8873041643437123,0.8873041643437122,9.473903143468002e-15,1.5876156140274038,1.587615614027366,1.587615614027385,JUNCTION,JUNCTION,True,NONE,ideal_free_path_sector,4.109921353021991,0.3703814697878913,21.24898859588859,21,3,0.0,0.0,0.4,1.0,0.0,0.0,0.0,occlusion_0.40
3,3,True,3,0,0,1.0,1.0,1.0,0.70878466233154,0.351745658307196,8.166666666666677,1.5876156140274038,16.86253853800913,9.225077076018266,JUNCTION,JUNCTION,True,low_opening_iou,ideal_free_path_sector,4.109921353021991,0.40877392716252264,22.332659063925746,22,3,0.0,0.0,0.4,1.0,0.0,0.0,0.0,occlusion_0.40
3,3,True,3,0,0,1.0,1.0,1.0,0.8873041643437123,0.8873041643437122,9.473903143468002e-15,1.5876156140274038,1.587615614027366,1.587615614027385,JUNCTION,JUNCTION,True,NONE,ideal_free_path_sector,4.109921353021991,0.3703814697878913,21.24898859588859,23,3,0.0,0.0,0.4,1.0,0.0,0.0,0.0,occlusion_0.40
3,3,True,3,0,0,1.0,1.0,1.0,0.7507182068961177,0.4775462920009283,1.666666666666676,7.862538538009147,4.529205204675776,6.195871871342462,JUNCTION,JUNCTION,True,low_opening_iou,ideal_free_path_sector,4.109921353021991,0.5314135405752014,15.832659063925727,24,3,0.0,0.0,0.4,1.0,0.0,0.0,0.0,occlusion_0.40
3,3,True,3,0,0,1.0,1.0,1.0,0.7119713005121833,0.3613055728491257,7.833333333333324,16.19587187134246,1.587615614027366,8.891743742684914,JUNCTION,JUNCTION,True,low_opening_iou,ideal_free_path_sector,4.109921353021991,0.4122453416999044,21.999325730592375,25,3,0.0,0.0,0.4,1.0,0.0,0.0,0.0,occlusion_0.40
3,3,True,3,0,0,1.0,1.0,1.0,0.8873041643437123,0.8873041643437122,9.473903143468002e-15,1.5876156140274038,1.587615614027366,1.587615614027385,JUNCTION,JUNCTION,True,NONE,ideal_free_path_sector,4.109921353021991,0.3703814697878913,21.24898859588859,26,3,0.0,0.0,0.4,1.0,0.0,0.0,0.0,occlusion_0.40
4,4,True,4,0,0,1.0,1.0,1.0,0.9260368840953028,0.9260368840953018,0.0,0.9983824237324512,0.9983824237324441,0.9983824237324477,JUNCTION,JUNCTION,True,NONE,ideal_free_path_sector,4.289992923181831,0.46235177177508907,14.53569178941229,7,4,0.0,0.0,0.4,1.0,0.0,0.0,0.0,occlusion_0.40
4,4,True,4,0,0,1.0,1.0,1.0,0.86557693389185,0.6841970832814919,1.5,0.9983824237324512,3.4991912118662256,2.2487868177993384,JUNCTION,JUNCTION,True,NONE,ideal_free_path_sector,4.289992923181831,0.5178339843880997,13.03569178941229,8,4,0.0,0.0,0.4,1.0,0.0,0.0,0.0,occlusion_0.40
4,4,True,4,0,0,1.0,1.0,1.0,0.9260368840953028,0.9260368840953018,0.0,0.9983824237324512,0.9983824237324441,0.9983824237324477,JUNCTION,JUNCTION,True,NONE,ideal_free_path_sector,4.289992923181831,0.46235177177508907,14.53569178941229,9,4,0.0,0.0,0.4,1.0,0.0,0.0,0.0,occlusion_0.40
4,4,True,4,0,0,1.0,1.0,1.0,0.9260368840953028,0.9260368840953018,0.0,0.9983824237324512,0.9983824237324441,0.9983824237324477,JUNCTION,JUNCTION,True,NONE,ideal_free_path_sector,4.289992923181831,0.46235177177508907,14.53569178941229,10,4,0.0,0.0,0.4,1.0,0.0,0.0,0.0,occlusion_0.40
4,4,True,4,0,0,1.0,1.0,1.0,0.7860733488188265,0.3661827429893964,5.625,0.9983824237324512,11.749191211866211,6.373786817799331,JUNCTION,JUNCTION,True,low_opening_iou,ideal_free_path_sector,4.289992923181831,0.46368394550789177,16.52676884205922,11,4,0.0,0.0,0.4,1.0,0.0,0.0,0.0,occlusion_0.40
4,4,True,4,0,0,1.0,1.0,1.0,0.7882664299029523,0.374955067325901,3.375,2.9991912118662327,9.749191211866226,6.374191211866229,JUNCTION,JUNCTION,True,low_opening_iou,ideal_free_path_sector,4.289992923181831,0.5085696825162537,14.27676884205922,12,4,0.0,0.0,0.4,1.0,0.0,0.0,0.0,occlusion_0.40
4,4,True,4,0,0,1.0,1.0,1.0,0.9260368840953028,0.9260368840953018,0.0,0.9983824237324512,0.9983824237324441,0.9983824237324477,JUNCTION,JUNCTION,True,NONE,ideal_free_path_sector,4.289992923181831,0.46235177177508907,14.53569178941229,13,4,0.0,0.0,0.4,1.0,0.0,0.0,0.0,occlusion_0.40
4,4,True,4,0,0,1.0,1.0,1.0,0.9260368840953028,0.9260368840953018,0.0,0.9983824237324512,0.9983824237324441,0.9983824237324477,JUNCTION,JUNCTION,True,NONE,ideal_free_path_sector,4.289992923181831,0.46235177177508907,14.53569178941229,14,4,0.0,0.0,0.4,1.0,0.0,0.0,0.0,occlusion_0.40
4,4,True,4,0,0,1.0,1.0,1.0,0.9260368840953028,0.9260368840953018,0.0,0.9983824237324512,0.9983824237324441,0.9983824237324477,JUNCTION,JUNCTION,True,NONE,ideal_free_path_sector,4.289992923181831,0.46235177177508907,14.53569178941229,15,4,0.0,0.0,0.4,1.0,0.0,0.0,0.0,occlusion_0.40
4,4,True,4,0,0,1.0,1.0,1.0,0.9260368840953028,0.9260368840953018,0.0,0.9983824237324512,0.9983824237324441,0.9983824237324477,JUNCTION,JUNCTION,True,NONE,ideal_free_path_sector,4.289992923181831,0.46235177177508907,14.53569178941229,16,4,0.0,0.0,0.4,1.0,0.0,0.0,0.0,occlusion_0.40
4,4,True,4,0,0,1.0,1.0,1.0,0.9260368840953028,0.9260368840953018,0.0,0.9983824237324512,0.9983824237324441,0.9983824237324477,JUNCTION,JUNCTION,True,NONE,ideal_free_path_sector,4.289992923181831,0.46235177177508907,14.53569178941229,17,4,0.0,0.0,0.4,1.0,0.0,0.0,0.0,occlusion_0.40
4,4,True,4,0,0,1.0,1.0,1.0,0.9122435086155485,0.8708633821762862,0.25,0.9991912118662327,1.4991912118662256,1.2491912118662292,JUNCTION,JUNCTION,True,NONE,ideal_free_path_sector,4.289992923181831,0.4900928780815944,13.78569178941229,18,4,0.0,0.0,0.4,1.0,0.0,0.0,0.0,occlusion_0.40
4,4,True,4,0,0,1.0,1.0,1.0,0.9260368840953028,0.9260368840953018,0.0,0.9983824237324512,0.9983824237324441,0.9983824237324477,JUNCTION,JUNCTION,True,NONE,ideal_free_path_sector,4.289992923181831,0.46235177177508907,14.53569178941229,19,4,0.0,0.0,0.4,1.0,0.0,0.0,0.0,occlusion_0.40
4,4,True,4,0,0,1.0,1.0,1.0,0.893033286949896,0.7940224955136744,0.125,1.4991912118662185,1.7491912118662114,1.624191211866215,JUNCTION,JUNCTION,True,NONE,ideal_free_path_sector,4.289992923181831,0.5039634312348471,13.41069178941229,20,4,0.0,0.0,0.4,1.0,0.0,0.0,0.0,occlusion_0.40
4,4,True,4,0,0,1.0,1.0,1.0,0.9260368840953028,0.9260368840953018,0.0,0.9983824237324512,0.9983824237324441,0.9983824237324477,JUNCTION,JUNCTION,True,NONE,ideal_free_path_sector,4.289992923181831,0.46235177177508907,14.53569178941229,21,4,0.0,0.0,0.4,1.0,0.0,0.0,0.0,occlusion_0.40
4,4,True,4,0,0,1.0,1.0,1.0,0.8129345264375516,0.47362745346429713,1.75,2.7491912118662185,6.249191211866226,4.499191211866222,JUNCTION,JUNCTION,True,low_opening_iou,ideal_free_path_sector,4.289992923181831,0.5407957904223681,12.65176884205922,22,4,0.0,0.0,0.4,1.0,0.0,0.0,0.0,occlusion_0.40
4,4,True,4,0,0,1.0,1.0,1.0,0.9260368840953028,0.9260368840953018,0.0,0.9983824237324512,0.9983824237324441,0.9983824237324477,JUNCTION,JUNCTION,True,NONE,ideal_free_path_sector,4.289992923181831,0.46235177177508907,14.53569178941229,23,4,0.0,0.0,0.4,1.0,0.0,0.0,0.0,occlusion_0.40
4,4,True,4,0,0,1.0,1.0,1.0,0.8033855858435134,0.43543169108814406,1.625,6.7491912118662185,3.4991912118662114,5.124191211866215,JUNCTION,JUNCTION,True,low_opening_iou,ideal_free_path_sector,4.289992923181831,0.5464040990463608,12.52676884205922,24,4,0.0,0.0,0.4,1.0,0.0,0.0,0.0,occlusion_0.40
4,4,True,4,0,0,1.0,1.0,1.0,0.7811908069405157,0.3466525754761549,6.125,0.9983824237324512,12.749191211866226,6.873786817799338,JUNCTION,JUNCTION,True,low_opening_iou,ideal_free_path_sector,4.289992923181831,0.45840155083458084,17.02676884205922,25,4,0.0,0.0,0.4,1.0,0.0,0.0,0.0,occlusion_0.40
4,4,True,4,0,0,1.0,1.0,1.0,0.9260368840953028,0.9260368840953018,0.0,0.9983824237324512,0.9983824237324441,0.9983824237324477,JUNCTION,JUNCTION,True,NONE,ideal_free_path_sector,4.289992923181831,0.46235177177508907,14.53569178941229,26,4,0.0,0.0,0.4,1.0,0.0,0.0,0.0,occlusion_0.40
5,5,True,5,0,0,1.0,1.0,1.0,0.9805886642816845,0.9805886642816837,0.0,0.24744493314807983,0.24744493314807414,0.24744493314807697,JUNCTION,JUNCTION,True,NONE,ideal_free_path_sector,4.537423067393879,0.5862025845595751,8.823686263497938,7,5,0.0,0.0,0.4,1.0,0.0,0.0,0.0,occlusion_0.40
5,5,True,5,0,0,1.0,1.0,1.0,0.8811165950188606,0.48322831796756466,2.7,5.548466959888833,0.24744493314807414,2.8979559465184535,JUNCTION,JUNCTION,True,low_opening_iou,ideal_free_path_sector,4.537423067393879,0.5801808652620247,9.75894901079835,8,5,0.0,0.0,0.4,1.0,0.0,0.0,0.0,occlusion_0.40
5,5,True,5,0,0,1.0,1.0,1.0,0.9805886642816845,0.9805886642816837,0.0,0.24744493314807983,0.24744493314807414,0.24744493314807697,JUNCTION,JUNCTION,True,NONE,ideal_free_path_sector,4.537423067393879,0.5862025845595751,8.823686263497938,9,5,0.0,0.0,0.4,1.0,0.0,0.0,0.0,occlusion_0.40
5,5,True,5,0,0,1.0,1.0,1.0,0.9805886642816845,0.9805886642816837,0.0,0.24744493314807983,0.24744493314807414,0.24744493314807697,JUNCTION,JUNCTION,True,NONE,ideal_free_path_sector,4.537423067393879,0.5862025845595751,8.823686263497938,10,5,0.0,0.0,0.4,1.0,0.0,0.0,0.0,occlusion_0.40
5,4,False,4,0,1,1.0,0.8,0.888888888888889,0.8003466608880415,0.2596206507071133,9.0,0.24744493314808125,18.123722466574037,9.18558369986106,JUNCTION,JUNCTION,True,opening_count_mismatch;missed_opening;low_opening_iou,ideal_free_path_sector,4.537423067393879,0.5195576935907824,15.617764697623457,11,5,0.0,0.0,0.4,1.0,0.0,0.0,0.0,occlusion_0.40
5,4,False,4,0,1,1.0,0.8,0.888888888888889,0.79854766124665,0.2524246521415463,8.5,18.123722466574023,1.123722466574037,9.62372246657403,JUNCTION,JUNCTION,True,opening_count_mismatch;missed_opening;low_opening_iou,ideal_free_path_sector,4.537423067393879,0.5290073738590547,15.117764697623446,12,5,0.0,0.0,0.4,1.0,0.0,0.0,0.0,occlusion_0.40
5,5,True,5,0,0,1.0,1.0,1.0,0.9805886642816845,0.9805886642816837,0.0,0.24744493314807983,0.24744493314807414,0.24744493314807697,JUNCTION,JUNCTION,True,NONE,ideal_free_path_sector,4.537423067393879,0.5862025845595751,8.823686263497938,13,5,0.0,0.0,0.4,1.0,0.0,0.0,0.0,occlusion_0.40
5,5,True,5,0,0,1.0,1.0,1.0,0.9805886642816845,0.9805886642816837,0.0,0.24744493314807983,0.24744493314807414,0.24744493314807697,JUNCTION,JUNCTION,True,NONE,ideal_free_path_sector,4.537423067393879,0.5862025845595751,8.823686263497938,14,5,0.0,0.0,0.4,1.0,0.0,0.0,0.0,occlusion_0.40
5,5,True,5,0,0,1.0,1.0,1.0,0.9805886642816845,0.9805886642816837,0.0,0.24744493314807983,0.24744493314807414,0.24744493314807697,JUNCTION,JUNCTION,True,NONE,ideal_free_path_sector,4.537423067393879,0.5862025845595751,8.823686263497938,15,5,0.0,0.0,0.4,1.0,0.0,0.0,0.0,occlusion_0.40
5,5,True,5,0,0,1.0,1.0,1.0,0.9805886642816845,0.9805886642816837,0.0,0.24744493314807983,0.24744493314807414,0.24744493314807697,JUNCTION,JUNCTION,True,NONE,ideal_free_path_sector,4.537423067393879,0.5862025845595751,8.823686263497938,16,5,0.0,0.0,0.4,1.0,0.0,0.0,0.0,occlusion_0.40
5,5,True,5,0,0,1.0,1.0,1.0,0.9805886642816845,0.9805886642816837,0.0,0.24744493314807983,0.24744493314807414,0.24744493314807697,JUNCTION,JUNCTION,True,NONE,ideal_free_path_sector,4.537423067393879,0.5862025845595751,8.823686263497938,17,5,0.0,0.0,0.4,1.0,0.0,0.0,0.0,occlusion_0.40
5,5,True,5,0,0,1.0,1.0,1.0,0.8936551035223961,0.5459208604852427,2.1,0.24744493314807983,4.348466959888844,2.2979559465184622,JUNCTION,JUNCTION,True,NONE,ideal_free_path_sector,4.537423067393879,0.5923528447688187,9.158949010798347,18,5,0.0,0.0,0.4,1.0,0.0,0.0,0.0,occlusion_0.40
5,5,True,5,0,0,1.0,1.0,1.0,0.9805886642816845,0.9805886642816837,0.0,0.24744493314807983,0.24744493314807414,0.24744493314807697,JUNCTION,JUNCTION,True,NONE,ideal_free_path_sector,4.537423067393879,0.5862025845595751,8.823686263497938,19,5,0.0,0.0,0.4,1.0,0.0,0.0,0.0,occlusion_0.40
5,5,True,5,0,0,1.0,1.0,1.0,0.9344408718153249,0.7498497019498868,0.1,0.9484669598888502,1.1484669598888444,1.0484669598888474,JUNCTION,JUNCTION,True,NONE,ideal_free_path_sector,4.537423067393879,0.6284091706478645,7.923686263497939,20,5,0.0,0.0,0.4,1.0,0.0,0.0,0.0,occlusion_0.40
5,5,True,5,0,0,1.0,1.0,1.0,0.9805886642816845,0.9805886642816837,0.0,0.24744493314807983,0.24744493314807414,0.24744493314807697,JUNCTION,JUNCTION,True,NONE,ideal_free_path_sector,4.537423067393879,0.5862025845595751,8.823686263497938,21,5,0.0,0.0,0.4,1.0,0.0,0.0,0.0,occlusion_0.40
5,5,True,5,0,0,1.0,1.0,1.0,0.8806780629962765,0.4810356578546442,1.8,4.74846695988885,1.1484669598888444,2.9484669598888473,JUNCTION,JUNCTION,True,low_opening_iou,ideal_free_path_sector,4.537423067393879,0.6056082052581914,8.858949010798346,22,5,0.0,0.0,0.4,1.0,0.0,0.0,0.0,occlusion_0.40
5,5,True,5,0,0,1.0,1.0,1.0,0.9805886642816845,0.9805886642816837,0.0,0.24744493314807983,0.24744493314807414,0.24744493314807697,JUNCTION,JUNCTION,True,NONE,ideal_free_path_sector,4.537423067393879,0.5862025845595751,8.823686263497938,23,5,0.0,0.0,0.4,1.0,0.0,0.0,0.0,occlusion_0.40
5,5,True,5,0,0,1.0,1.0,1.0,0.8739266853421761,0.447278769584143,1.0,4.34846695988885,2.3484669598888446,3.3484669598888472,JUNCTION,JUNCTION,True,low_opening_iou,ideal_free_path_sector,4.537423067393879,0.6186019712511543,8.494211758098766,24,5,0.0,0.0,0.4,1.0,0.0,0.0,0.0,occlusion_0.40
5,5,True,5,0,0,1.0,1.0,1.0,0.8629167463985666,0.39222907486609504,0.6,4.748466959888839,3.5484669598888443,4.148466959888841,JUNCTION,JUNCTION,True,low_opening_iou,ideal_free_path_sector,4.537423067393879,0.6001847523461086,9.294211758098772,25,5,0.0,0.0,0.4,1.0,0.0,0.0,0.0,occlusion_0.40
5,5,True,5,0,0,1.0,1.0,1.0,0.9805886642816845,0.9805886642816837,0.0,0.24744493314807983,0.24744493314807414,0.24744493314807697,JUNCTION,JUNCTION,True,NONE,ideal_free_path_sector,4.537423067393879,0.5862025845595751,8.823686263497938,26,5,0.0,0.0,0.4,1.0,0.0,0.0,0.0,occlusion_0.40
2,2,True,2,0,0,1.0,1.0,1.0,0.704532911292816,0.5217662290671788,4.75,11.999999999999986,2.5,7.249999999999993,CORRIDOR,CORRIDOR,True,NONE,ideal_free_path_sector,4.109901768910688,0.5499574711860608,15.374494297944295,7,2,0.0,0.0,0.8,1.0,0.0,0.0,0.0,occlusion_0.80
2,2,True,2,0,0,1.0,1.0,1.0,0.7881597873224524,0.6890199811264517,3.0,1.587688184813814,6.0,3.793844092406907,CORRIDOR,CORRIDOR,True,NONE,ideal_free_path_sector,4.109901768910688,0.4592730225369853,18.24898859588859,8,2,0.0,0.0,0.8,1.0,0.0,0.0,0.0,occlusion_0.80
2,2,True,2,0,0,1.0,1.0,1.0,0.8872995935184522,0.8872995935184513,0.0,1.587688184813814,1.5876881848137998,1.587688184813807,CORRIDOR,CORRIDOR,True,NONE,ideal_free_path_sector,4.109901768910688,0.3703814697878914,21.24898859588859,9,2,0.0,0.0,0.8,1.0,0.0,0.0,0.0,occlusion_0.80
2,2,True,2,0,0,1.0,1.0,1.0,0.8872995935184522,0.8872995935184513,0.0,1.587688184813814,1.5876881848137998,1.587688184813807,CORRIDOR,CORRIDOR,True,NONE,ideal_free_path_sector,4.109901768910688,0.3703814697878914,21.24898859588859,10,2,0.0,0.0,0.8,1.0,0.0,0.0,0.0,occlusion_0.80
2,2,True,2,0,0,1.0,1.0,1.0,0.6195229371032338,0.3517462806880162,12.25,1.587688184813814,24.5,13.043844092406907,CORRIDOR,CORRIDOR,True,low_opening_iou,ideal_free_path_sector,4.109901768910688,0.4279701558498388,22.874494297944295,11,2,0.0,0.0,0.8,1.0,0.0,0.0,0.0,occlusion_0.80
2,2,True,2,0,0,1.0,1.0,1.0,0.634023961418873,0.38074832931929264,7.25,4.999999999999986,19.5,12.249999999999993,CORRIDOR,CORRIDOR,True,low_opening_iou,ideal_free_path_sector,4.109901768910688,0.5151007404104297,17.874494297944295,12,2,0.0,0.0,0.8,1.0,0.0,0.0,0.0,occlusion_0.80
2,2,True,2,0,0,1.0,1.0,1.0,0.8872995935184522,0.8872995935184513,0.0,1.587688184813814,1.5876881848137998,1.587688184813807,CORRIDOR,CORRIDOR,True,NONE,ideal_free_path_sector,4.109901768910688,0.3703814697878914,21.24898859588859,13,2,0.0,0.0,0.8,1.0,0.0,0.0,0.0,occlusion_0.80
2,2,True,2,0,0,1.0,1.0,1.0,0.8872995935184522,0.8872995935184513,0.0,1.587688184813814,1.5876881848137998,1.587688184813807,CORRIDOR,CORRIDOR,True,NONE,ideal_free_path_sector,4.109901768910688,0.3703814697878914,21.24898859588859,14,2,0.0,0.0,0.8,1.0,0.0,0.0,0.0,occlusion_0.80
2,2,True,2,0,0,1.0,1.0,1.0,0.6026904925972787,0.3180813916761041,14.25,28.499999999999986,1.5876881848137998,15.043844092406893,CORRIDOR,CORRIDOR,True,low_opening_iou,ideal_free_path_sector,4.109901768910688,0.40915897528468126,24.874494297944295,15,2,0.0,0.0,0.8,1.0,0.0,0.0,0.0,occlusion_0.80
2,2,True,2,0,0,1.0,1.0,1.0,0.6708705739336418,0.45444155434883227,1.75,7.500000000000014,11.0,9.250000000000007,CORRIDOR,CORRIDOR,True,low_opening_iou,ideal_free_path_sector,4.109901768910688,0.6339079236463832,12.374494297944295,16,2,0.0,0.0,0.8,1.0,0.0,0.0,0.0,occlusion_0.80
2,2,True,2,0,0,1.0,1.0,1.0,0.8872995935184522,0.8872995935184513,0.0,1.587688184813814,1.5876881848137998,1.587688184813807,CORRIDOR,CORRIDOR,True,NONE,ideal_free_path_sector,4.109901768910688,0.3703814697878914,21.24898859588859,17,2,0.0,0.0,0.8,1.0,0.0,0.0,0.0,occlusion_0.80
2,3,False,2,1,0,0.6666666666666666,1.0,0.8,0.8872995935184522,0.8872995935184513,0.0,1.587688184813814,1.5876881848137998,1.587688184813807,CORRIDOR,JUNCTION,False,opening_count_mismatch;false_positive_opening;topology_mismatch,ideal_free_path_sector,4.109901768910688,0.3703814697878914,21.24898859588859,18,2,0.0,0.0,0.8,1.0,0.0,0.0,0.0,occlusion_0.80
2,2,True,2,0,0,1.0,1.0,1.0,0.7486406014112282,0.6099816093040032,4.25,8.499999999999986,1.5876881848137998,5.043844092406893,CORRIDOR,CORRIDOR,True,NONE,ideal_free_path_sector,4.109901768910688,0.4963111695157745,16.99898859588859,19,2,0.0,0.0,0.8,1.0,0.0,0.0,0.0,occlusion_0.80
2,2,True,2,0,0,1.0,1.0,1.0,0.8579935669008081,0.8286875402831647,0.25,2.000000000000014,2.5,2.250000000000007,CORRIDOR,CORRIDOR,True,NONE,ideal_free_path_sector,4.109901768910688,0.43705013434971185,18.99898859588859,20,2,0.0,0.0,0.8,1.0,0.0,0.0,0.0,occlusion_0.80
2,3,False,2,1,0,0.6666666666666666,1.0,0.8,0.8872995935184522,0.8872995935184513,0.0,1.587688184813814,1.5876881848137998,1.587688184813807,CORRIDOR,JUNCTION,False,opening_count_mismatch;false_positive_opening;topology_mismatch,ideal_free_path_sector,4.109901768910688,0.3703814697878914,21.24898859588859,21,2,0.0,0.0,0.8,1.0,0.0,0.0,0.0,occlusion_0.80
2,3,False,2,1,0,0.6666666666666666,1.0,0.8,0.8872995935184522,0.8872995935184513,0.0,1.587688184813814,1.5876881848137998,1.587688184813807,CORRIDOR,JUNCTION,False,opening_count_mismatch;false_positive_opening;topology_mismatch,ideal_free_path_sector,4.109901768910688,0.3703814697878914,21.24898859588859,22,2,0.0,0.0,0.8,1.0,0.0,0.0,0.0,occlusion_0.80
2,3,False,2,1,0,0.6666666666666666,1.0,0.8,0.8872995935184522,0.8872995935184513,0.0,1.587688184813814,1.5876881848137998,1.587688184813807,CORRIDOR,JUNCTION,False,opening_count_mismatch;false_positive_opening;topology_mismatch,ideal_free_path_sector,4.109901768910688,0.3703814697878914,21.24898859588859,23,2,0.0,0.0,0.8,1.0,0.0,0.0,0.0,occlusion_0.80
2,2,True,2,0,0,1.0,1.0,1.0,0.6824241727730189,0.47754875202758645,2.5,11.000000000000014,6.0,8.500000000000007,CORRIDOR,CORRIDOR,True,low_opening_iou,ideal_free_path_sector,4.109901768910688,0.6119295759688564,13.124494297944295,24,2,0.0,0.0,0.8,1.0,0.0,0.0,0.0,occlusion_0.80
2,2,True,2,0,0,1.0,1.0,1.0,0.6106837236844156,0.33406785385037785,13.25,1.587688184813814,26.5,14.043844092406907,CORRIDOR,CORRIDOR,True,low_opening_iou,ideal_free_path_sector,4.109901768910688,0.4181854950934691,23.874494297944295,25,2,0.0,0.0,0.8,1.0,0.0,0.0,0.0,occlusion_0.80
2,3,False,2,1,0,0.6666666666666666,1.0,0.8,0.8872995935184522,0.8872995935184513,0.0,1.587688184813814,1.5876881848137998,1.587688184813807,CORRIDOR,JUNCTION,False,opening_count_mismatch;false_positive_opening;topology_mismatch,ideal_free_path_sector,4.109901768910688,0.3703814697878914,21.24898859588859,26,2,0.0,0.0,0.8,1.0,0.0,0.0,0.0,occlusion_0.80
3,4,False,3,1,0,0.75,1.0,0.8571428571428571,0.8873041643437123,0.8873041643437122,9.473903143468002e-15,1.5876156140274038,1.587615614027366,1.587615614027385,JUNCTION,JUNCTION,True,opening_count_mismatch;false_positive_opening,ideal_free_path_sector,4.109921353021991,0.3703814697878913,21.24898859588859,7,3,0.0,0.0,0.8,1.0,0.0,0.0,0.0,occlusion_0.80
3,4,False,3,1,0,0.75,1.0,0.8571428571428571,0.8873041643437123,0.8873041643437122,9.473903143468002e-15,1.5876156140274038,1.587615614027366,1.587615614027385,JUNCTION,JUNCTION,True,opening_count_mismatch;false_positive_opening,ideal_free_path_sector,4.109921353021991,0.3703814697878913,21.24898859588859,8,3,0.0,0.0,0.8,1.0,0.0,0.0,0.0,occlusion_0.80
3,3,True,3,0,0,1.0,1.0,1.0,0.8873041643437123,0.8873041643437122,9.473903143468002e-15,1.5876156140274038,1.587615614027366,1.587615614027385,JUNCTION,JUNCTION,True,NONE,ideal_free_path_sector,4.109921353021991,0.3703814697878913,21.24898859588859,9,3,0.0,0.0,0.8,1.0,0.0,0.0,0.0,occlusion_0.80
3,3,True,3,0,0,1.0,1.0,1.0,0.8873041643437123,0.8873041643437122,9.473903143468002e-15,1.5876156140274038,1.587615614027366,1.587615614027385,JUNCTION,JUNCTION,True,NONE,ideal_free_path_sector,4.109921353021991,0.3703814697878913,21.24898859588859,10,3,0.0,0.0,0.8,1.0,0.0,0.0,0.0,occlusion_0.80
3,3,True,3,0,0,1.0,1.0,1.0,0.7153359939697511,0.3713996532218288,7.50000000000001,1.5876156140274038,15.529205204675776,8.55841040935159,JUNCTION,JUNCTION,True,low_opening_iou,ideal_free_path_sector,4.109921353021991,0.41586892952011495,21.66599239725906,11,3,0.0,0.0,0.8,1.0,0.0,0.0,0.0,occlusion_0.80
3,3,True,3,0,0,1.0,1.0,1.0,0.6832925783568244,0.2752694063830489,11.666666666666657,23.86253853800913,1.587615614027366,12.725077076018247,JUNCTION,JUNCTION,True,low_opening_iou,ideal_free_path_sector,4.109921353021991,0.3795357210117756,25.832659063925707,12,3,0.0,0.0,0.8,1.0,0.0,0.0,0.0,occlusion_0.80
3,3,True,3,0,0,1.0,1.0,1.0,0.8873041643437123,0.8873041643437122,9.473903143468002e-15,1.5876156140274038,1.587615614027366,1.587615614027385,JUNCTION,JUNCTION,True,NONE,ideal_free_path_sector,4.109921353021991,0.3703814697878913,21.24898859588859,13,3,0.0,0.0,0.8,1.0,0.0,0.0,0.0,occlusion_0.80
3,3,True,3,0,0,1.0,1.0,1.0,0.8873041643437123,0.8873041643437122,9.473903143468002e-15,1.5876156140274038,1.587615614027366,1.587615614027385,JUNCTION,JUNCTION,True,NONE,ideal_free_path_sector,4.109921353021991,0.3703814697878913,21.24898859588859,14,3,0.0,0.0,0.8,1.0,0.0,0.0,0.0,occlusion_0.80
3,3,True,3,0,0,1.0,1.0,1.0,0.7309113393525669,0.4181256893702763,6.166666666666676,1.5876156140274038,12.862538538009128,7.225077076018266,JUNCTION,JUNCTION,True,low_opening_iou,ideal_free_path_sector,4.109921353021991,0.43210436517030754,20.33265906392573,15,3,0.0,0.0,0.8,1.0,0.0,0.0,0.0,occlusion_0.80
3,3,True,3,0,0,1.0,1.0,1.0,0.7430158473477156,0.45443921335572207,1.166666666666676,5.529205204675814,7.862538538009109,6.695871871342462,JUNCTION,JUNCTION,True,low_opening_iou,ideal_free_path_sector,4.109921353021991,0.5460657723602192,15.332659063925727,16,3,0.0,0.0,0.8,1.0,0.0,0.0,0.0,occlusion_0.80
3,3,True,3,0,0,1.0,1.0,1.0,0.8873041643437123,0.8873041643437122,9.473903143468002e-15,1.5876156140274038,1.587615614027366,1.587615614027385,JUNCTION,JUNCTION,True,NONE,ideal_free_path_sector,4.109921353021991,0.3703814697878913,21.24898859588859,17,3,0.0,0.0,0.8,1.0,0.0,0.0,0.0,occlusion_0.80
3,3,True,3,0,0,1.0,1.0,1.0,0.7454327146486972,0.4616898152586669,5.166666666666676,10.862538538009128,1.587615614027366,6.2250770760182474,JUNCTION,JUNCTION,True,low_opening_iou,ideal_free_path_sector,4.109921353021991,0.44648772904427053,19.33265906392573,18,3,0.0,0.0,0.8,1.0,0.0,0.0,0.0,occlusion_0.80
3,4,False,3,1,0,0.75,1.0,0.8571428571428571,0.8873041643437123,0.8873041643437122,9.473903143468002e-15,1.5876156140274038,1.587615614027366,1.587615614027385,JUNCTION,JUNCTION,True,opening_count_mismatch;false_positive_opening,ideal_free_path_sector,4.109921353021991,0.3703814697878913,21.24898859588859,19,3,0.0,0.0,0.8,1.0,0.0,0.0,0.0,occlusion_0.80
3,3,True,3,0,0,1.0,1.0,1.0,0.8677638667002668,0.8286832714133756,0.16666666666667615,1.8625385380091473,2.1958718713424425,2.029205204675795,JUNCTION,JUNCTION,True,NONE,ideal_free_path_sector,4.109921353021991,0.4148272461624383,19.74898859588859,20,3,0.0,0.0,0.8,1.0,0.0,0.0,0.0,occlusion_0.80
3,4,False,3,1,0,0.75,1.0,0.8571428571428571,0.8873041643437123,0.8873041643437122,9.473903143468002e-15,1.5876156140274038,1.587615614027366,1.587615614027385,JUNCTION,JUNCTION,True,opening_count_mismatch;false_positive_opening,ideal_free_path_sector,4.109921353021991,0.3703814697878913,21.24898859588859,21,3,0.0,0.0,0.8,1.0,0.0,0.0,0.0,occlusion_0.80
3,3,True,3,0,0,1.0,1.0,1.0,0.70878466233154,0.351745658307196,8.166666666666677,1.5876156140274038,16.86253853800913,9.225077076018266,JUNCTION,JUNCTION,True,low_opening_iou,ideal_free_path_sector,4.109921353021991,0.40877392716252264,22.332659063925746,22,3,0.0,0.0,0.8,1.0,0.0,0.0,0.0,occlusion_0.80
3,4,False,3,1,0,0.75,1.0,0.8571428571428571,0.8873041643437123,0.8873041643437122,9.473903143468002e-15,1.5876156140274038,1.587615614027366,1.587615614027385,JUNCTION,JUNCTION,True,opening_count_mismatch;false_positive_opening,ideal_free_path_sector,4.109921353021991,0.3703814697878913,21.24898859588859,23,3,0.0,0.0,0.8,1.0,0.0,0.0,0.0,occlusion_0.80
3,3,True,3,0,0,1.0,1.0,1.0,0.7507182068961177,0.4775462920009283,1.666666666666676,7.862538538009147,4.529205204675776,6.195871871342462,JUNCTION,JUNCTION,True,low_opening_iou,ideal_free_path_sector,4.109921353021991,0.5314135405752014,15.832659063925727,24,3,0.0,0.0,0.8,1.0,0.0,0.0,0.0,occlusion_0.80
3,3,True,3,0,0,1.0,1.0,1.0,0.7119713005121833,0.3613055728491257,7.833333333333324,16.19587187134246,1.587615614027366,8.891743742684914,JUNCTION,JUNCTION,True,low_opening_iou,ideal_free_path_sector,4.109921353021991,0.4122453416999044,21.999325730592375,25,3,0.0,0.0,0.8,1.0,0.0,0.0,0.0,occlusion_0.80
3,4,False,3,1,0,0.75,1.0,0.8571428571428571,0.8873041643437123,0.8873041643437122,9.473903143468002e-15,1.5876156140274038,1.587615614027366,1.587615614027385,JUNCTION,JUNCTION,True,opening_count_mismatch;false_positive_opening,ideal_free_path_sector,4.109921353021991,0.3703814697878913,21.24898859588859,26,3,0.0,0.0,0.8,1.0,0.0,0.0,0.0,occlusion_0.80
4,4,True,4,0,0,1.0,1.0,1.0,0.8129345264375509,0.473627453464296,2.75,7.249191211866233,1.7491912118662256,4.499191211866229,JUNCTION,JUNCTION,True,low_opening_iou,ideal_free_path_sector,4.289992923181831,0.5141014283649976,13.651768842059205,7,4,0.0,0.0,0.8,1.0,0.0,0.0,0.0,occlusion_0.80
4,4,True,4,0,0,1.0,1.0,1.0,0.86557693389185,0.6841970832814919,1.5,0.9983824237324512,3.4991912118662256,2.2487868177993384,JUNCTION,JUNCTION,True,NONE,ideal_free_path_sector,4.289992923181831,0.5178339843880997,13.03569178941229,8,4,0.0,0.0,0.8,1.0,0.0,0.0,0.0,occlusion_0.80
4,4,True,4,0,0,1.0,1.0,1.0,0.9260368840953028,0.9260368840953018,0.0,0.9983824237324512,0.9983824237324441,0.9983824237324477,JUNCTION,JUNCTION,True,NONE,ideal_free_path_sector,4.289992923181831,0.46235177177508907,14.53569178941229,9,4,0.0,0.0,0.8,1.0,0.0,0.0,0.0,occlusion_0.80
4,4,True,4,0,0,1.0,1.0,1.0,0.9260368840953028,0.9260368840953018,0.0,0.9983824237324512,0.9983824237324441,0.9983824237324477,JUNCTION,JUNCTION,True,NONE,ideal_free_path_sector,4.289992923181831,0.46235177177508907,14.53569178941229,10,4,0.0,0.0,0.8,1.0,0.0,0.0,0.0,occlusion_0.80
4,4,True,4,0,0,1.0,1.0,1.0,0.7860733488188265,0.3661827429893964,5.625,0.9983824237324512,11.749191211866211,6.373786817799331,JUNCTION,JUNCTION,True,low_opening_iou,ideal_free_path_sector,4.289992923181831,0.46368394550789177,16.52676884205922,11,4,0.0,0.0,0.8,1.0,0.0,0.0,0.0,occlusion_0.80
4,4,True,4,0,0,1.0,1.0,1.0,0.7882664299029523,0.374955067325901,3.375,2.9991912118662327,9.749191211866226,6.374191211866229,JUNCTION,JUNCTION,True,low_opening_iou,ideal_free_path_sector,4.289992923181831,0.5085696825162537,14.27676884205922,12,4,0.0,0.0,0.8,1.0,0.0,0.0,0.0,occlusion_0.80
4,4,True,4,0,0,1.0,1.0,1.0,0.9260368840953028,0.9260368840953018,0.0,0.9983824237324512,0.9983824237324441,0.9983824237324477,JUNCTION,JUNCTION,True,NONE,ideal_free_path_sector,4.289992923181831,0.46235177177508907,14.53569178941229,13,4,0.0,0.0,0.8,1.0,0.0,0.0,0.0,occlusion_0.80
4,4,True,4,0,0,1.0,1.0,1.0,0.9260368840953028,0.9260368840953018,0.0,0.9983824237324512,0.9983824237324441,0.9983824237324477,JUNCTION,JUNCTION,True,NONE,ideal_free_path_sector,4.289992923181831,0.46235177177508907,14.53569178941229,14,4,0.0,0.0,0.8,1.0,0.0,0.0,0.0,occlusion_0.80
4,4,True,4,0,0,1.0,1.0,1.0,0.7768027098068708,0.3291001869415757,6.625,13.749191211866233,0.9983824237324441,7.373786817799338,JUNCTION,JUNCTION,True,low_opening_iou,ideal_free_path_sector,4.289992923181831,0.4535758357037179,17.526768842059205,15,4,0.0,0.0,0.8,1.0,0.0,0.0,0.0,occlusion_0.80
4,4,True,4,0,0,1.0,1.0,1.0,0.7983613740232656,0.4153348438071528,1.25,4.2491912118662185,6.749191211866211,5.499191211866215,JUNCTION,JUNCTION,True,low_opening_iou,ideal_free_path_sector,4.289992923181831,0.5547306887498727,12.267845894706149,16,4,0.0,0.0,0.8,1.0,0.0,0.0,0.0,occlusion_0.80
4,4,True,4,0,0,1.0,1.0,1.0,0.9260368840953028,0.9260368840953018,0.0,0.9983824237324512,0.9983824237324441,0.9983824237324477,JUNCTION,JUNCTION,True,NONE,ideal_free_path_sector,4.289992923181831,0.46235177177508907,14.53569178941229,17,4,0.0,0.0,0.8,1.0,0.0,0.0,0.0,occlusion_0.80
4,4,True,4,0,0,1.0,1.0,1.0,0.9122435086155485,0.8708633821762862,0.25,0.9991912118662327,1.4991912118662256,1.2491912118662292,JUNCTION,JUNCTION,True,NONE,ideal_free_path_sector,4.289992923181831,0.4900928780815944,13.78569178941229,18,4,0.0,0.0,0.8,1.0,0.0,0.0,0.0,occlusion_0.80
4,4,True,4,0,0,1.0,1.0,1.0,0.8456867355659282,0.6046362899778049,2.125,4.749191211866233,0.9983824237324441,2.8737868177993384,JUNCTION,JUNCTION,True,NONE,ideal_free_path_sector,4.289992923181831,0.5215900781353733,13.026768842059205,19,4,0.0,0.0,0.8,1.0,0.0,0.0,0.0,occlusion_0.80
4,4,True,4,0,0,1.0,1.0,1.0,0.893033286949896,0.7940224955136744,0.125,1.4991912118662185,1.7491912118662114,1.624191211866215,JUNCTION,JUNCTION,True,NONE,ideal_free_path_sector,4.289992923181831,0.5039634312348471,13.41069178941229,20,4,0.0,0.0,0.8,1.0,0.0,0.0,0.0,occlusion_0.80
4,4,True,4,0,0,1.0,1.0,1.0,0.7945239301102696,0.3999850681551702,4.875,10.249191211866233,0.9983824237324441,5.623786817799338,JUNCTION,JUNCTION,True,low_opening_iou,ideal_free_path_sector,4.289992923181831,0.472616453569838,15.77676884205922,21,4,0.0,0.0,0.8,1.0,0.0,0.0,0.0,occlusion_0.80
4,4,True,4,0,0,1.0,1.0,1.0,0.8129345264375516,0.47362745346429713,1.75,2.7491912118662185,6.249191211866226,4.499191211866222,JUNCTION,JUNCTION,True,low_opening_iou,ideal_free_path_sector,4.289992923181831,0.5407957904223681,12.65176884205922,22,4,0.0,0.0,0.8,1.0,0.0,0.0,0.0,occlusion_0.80
4,4,True,4,0,0,1.0,1.0,1.0,0.8127056043035896,0.47271176492845063,3.625,7.749191211866233,0.9983824237324441,4.373786817799338,JUNCTION,JUNCTION,True,low_opening_iou,ideal_free_path_sector,4.289992923181831,0.4909795314716742,14.52676884205922,23,4,0.0,0.0,0.8,1.0,0.0,0.0,0.0,occlusion_0.80
4,4,True,4,0,0,1.0,1.0,1.0,0.8033855858435134,0.43543169108814406,1.625,6.7491912118662185,3.4991912118662114,5.124191211866215,JUNCTION,JUNCTION,True,low_opening_iou,ideal_free_path_sector,4.289992923181831,0.5464040990463608,12.52676884205922,24,4,0.0,0.0,0.8,1.0,0.0,0.0,0.0,occlusion_0.80
4,4,True,4,0,0,1.0,1.0,1.0,0.7811908069405157,0.3466525754761549,6.125,0.9983824237324512,12.749191211866226,6.873786817799338,JUNCTION,JUNCTION,True,low_opening_iou,ideal_free_path_sector,4.289992923181831,0.45840155083458084,17.02676884205922,25,4,0.0,0.0,0.8,1.0,0.0,0.0,0.0,occlusion_0.80
4,4,True,4,0,0,1.0,1.0,1.0,0.8127056043035902,0.47271176492845174,3.625,0.9983824237324512,7.749191211866226,4.373786817799338,JUNCTION,JUNCTION,True,low_opening_iou,ideal_free_path_sector,4.289992923181831,0.4909795314716742,14.52676884205922,26,4,0.0,0.0,0.8,1.0,0.0,0.0,0.0,occlusion_0.80
5,5,True,5,0,0,1.0,1.0,1.0,0.8655905499422619,0.4055980925845726,3.7,0.24744493314807983,7.548466959888844,3.8979559465184623,JUNCTION,JUNCTION,True,low_opening_iou,ideal_free_path_sector,4.537423067393879,0.5644772492146226,10.758949010798347,7,5,0.0,0.0,0.8,1.0,0.0,0.0,0.0,occlusion_0.80
5,5,True,5,0,0,1.0,1.0,1.0,0.8811165950188606,0.48322831796756466,2.7,5.548466959888833,0.24744493314807414,2.8979559465184535,JUNCTION,JUNCTION,True,low_opening_iou,ideal_free_path_sector,4.537423067393879,0.5801808652620247,9.75894901079835,8,5,0.0,0.0,0.8,1.0,0.0,0.0,0.0,occlusion_0.80
5,5,True,5,0,0,1.0,1.0,1.0,0.9805886642816845,0.9805886642816837,0.0,0.24744493314807983,0.24744493314807414,0.24744493314807697,JUNCTION,JUNCTION,True,NONE,ideal_free_path_sector,4.537423067393879,0.5862025845595751,8.823686263497938,9,5,0.0,0.0,0.8,1.0,0.0,0.0,0.0,occlusion_0.80
5,5,True,5,0,0,1.0,1.0,1.0,0.9805886642816845,0.9805886642816837,0.0,0.24744493314807983,0.24744493314807414,0.24744493314807697,JUNCTION,JUNCTION,True,NONE,ideal_free_path_sector,4.537423067393879,0.5862025845595751,8.823686263497938,10,5,0.0,0.0,0.8,1.0,0.0,0.0,0.0,occlusion_0.80
5,4,False,4,0,1,1.0,0.8,0.888888888888889,0.8003466608880415,0.2596206507071133,9.0,0.24744493314808125,18.123722466574037,9.18558369986106,JUNCTION,JUNCTION,True,opening_count_mismatch;missed_opening;low_opening_iou,ideal_free_path_sector,4.537423067393879,0.5195576935907824,15.617764697623457,11,5,0.0,0.0,0.8,1.0,0.0,0.0,0.0,occlusion_0.80
5,4,False,4,0,1,1.0,0.8,0.888888888888889,0.79854766124665,0.2524246521415463,8.5,18.123722466574023,1.123722466574037,9.62372246657403,JUNCTION,JUNCTION,True,opening_count_mismatch;missed_opening;low_opening_iou,ideal_free_path_sector,4.537423067393879,0.5290073738590547,15.117764697623446,12,5,0.0,0.0,0.8,1.0,0.0,0.0,0.0,occlusion_0.80
5,5,True,5,0,0,1.0,1.0,1.0,0.9805886642816845,0.9805886642816837,0.0,0.24744493314807983,0.24744493314807414,0.24744493314807697,JUNCTION,JUNCTION,True,NONE,ideal_free_path_sector,4.537423067393879,0.5862025845595751,8.823686263497938,13,5,0.0,0.0,0.8,1.0,0.0,0.0,0.0,occlusion_0.80
5,5,True,5,0,0,1.0,1.0,1.0,0.9805886642816845,0.9805886642816837,0.0,0.24744493314807983,0.24744493314807414,0.24744493314807697,JUNCTION,JUNCTION,True,NONE,ideal_free_path_sector,4.537423067393879,0.5862025845595751,8.823686263497938,14,5,0.0,0.0,0.8,1.0,0.0,0.0,0.0,occlusion_0.80
5,5,True,5,0,0,1.0,1.0,1.0,0.8708942869043174,0.43211677739485,0.8,4.34846695988885,2.7484669598888445,3.5484669598888474,JUNCTION,JUNCTION,True,low_opening_iou,ideal_free_path_sector,4.537423067393879,0.6135294321459515,8.694211758098755,15,5,0.0,0.0,0.8,1.0,0.0,0.0,0.0,occlusion_0.80
5,5,True,5,0,0,1.0,1.0,1.0,0.8654070897310495,0.4046807915285103,0.8,3.14846695988885,4.7484669598888445,3.9484669598888473,JUNCTION,JUNCTION,True,low_opening_iou,ideal_free_path_sector,4.537423067393879,0.6043505518603454,9.094211758098766,16,5,0.0,0.0,0.8,1.0,0.0,0.0,0.0,occlusion_0.80
5,5,True,5,0,0,1.0,1.0,1.0,0.9805886642816845,0.9805886642816837,0.0,0.24744493314807983,0.24744493314807414,0.24744493314807697,JUNCTION,JUNCTION,True,NONE,ideal_free_path_sector,4.537423067393879,0.5862025845595751,8.823686263497938,17,5,0.0,0.0,0.8,1.0,0.0,0.0,0.0,occlusion_0.80
5,5,True,5,0,0,1.0,1.0,1.0,0.8936551035223961,0.5459208604852427,2.1,0.24744493314807983,4.348466959888844,2.2979559465184622,JUNCTION,JUNCTION,True,NONE,ideal_free_path_sector,4.537423067393879,0.5923528447688187,9.158949010798347,18,5,0.0,0.0,0.8,1.0,0.0,0.0,0.0,occlusion_0.80
5,5,True,5,0,0,1.0,1.0,1.0,0.877553453428962,0.4654126100180719,2.9,0.24744493314807983,5.948466959888845,3.097955946518462,JUNCTION,JUNCTION,True,low_opening_iou,ideal_free_path_sector,4.537423067393879,0.5766402007697222,9.958949010798346,19,5,0.0,0.0,0.8,1.0,0.0,0.0,0.0,occlusion_0.80
5,5,True,5,0,0,1.0,1.0,1.0,0.9344408718153249,0.7498497019498868,0.1,0.9484669598888502,1.1484669598888444,1.0484669598888474,JUNCTION,JUNCTION,True,NONE,ideal_free_path_sector,4.537423067393879,0.6284091706478645,7.923686263497939,20,5,0.0,0.0,0.8,1.0,0.0,0.0,0.0,occlusion_0.80
5,5,True,5,0,0,1.0,1.0,1.0,0.8936551035223961,0.5459208604852427,2.1,4.34846695988885,0.24744493314807414,2.2979559465184622,JUNCTION,JUNCTION,True,NONE,ideal_free_path_sector,4.537423067393879,0.5923528447688184,9.158949010798352,21,5,0.0,0.0,0.8,1.0,0.0,0.0,0.0,occlusion_0.80
5,5,True,5,0,0,1.0,1.0,1.0,0.8806780629962765,0.4810356578546442,1.8,4.74846695988885,1.1484669598888444,2.9484669598888473,JUNCTION,JUNCTION,True,low_opening_iou,ideal_free_path_sector,4.537423067393879,0.6056082052581914,8.858949010798346,22,5,0.0,0.0,0.8,1.0,0.0,0.0,0.0,occlusion_0.80
5,5,True,5,0,0,1.0,1.0,1.0,0.9058751688839006,0.6070211872927654,0.5,2.3484669598888503,1.3484669598888446,1.8484669598888472,JUNCTION,JUNCTION,True,NONE,ideal_free_path_sector,4.537423067393879,0.6466524344300468,7.558949010798353,23,5,0.0,0.0,0.8,1.0,0.0,0.0,0.0,occlusion_0.80
5,5,True,5,0,0,1.0,1.0,1.0,0.8739266853421761,0.447278769584143,1.0,4.34846695988885,2.3484669598888446,3.3484669598888472,JUNCTION,JUNCTION,True,low_opening_iou,ideal_free_path_sector,4.537423067393879,0.6186019712511543,8.494211758098766,24,5,0.0,0.0,0.8,1.0,0.0,0.0,0.0,occlusion_0.80
5,5,True,5,0,0,1.0,1.0,1.0,0.8629167463985666,0.39222907486609504,0.6,4.748466959888839,3.5484669598888443,4.148466959888841,JUNCTION,JUNCTION,True,low_opening_iou,ideal_free_path_sector,4.537423067393879,0.6001847523461086,9.294211758098772,25,5,0.0,0.0,0.8,1.0,0.0,0.0,0.0,occlusion_0.80
5,5,True,5,0,0,1.0,1.0,1.0,0.8885317063898217,0.5203038748223702,0.2,2.7484669598888503,2.3484669598888446,2.5484669598888474,JUNCTION,JUNCTION,True,NONE,ideal_free_path_sector,4.537423067393879,0.6430329759211124,7.694211758098765,26,5,0.0,0.0,0.8,1.0,0.0,0.0,0.0,occlusion_0.80
2,3,False,2,1,0,0.6666666666666666,1.0,0.8,0.779457334454912,0.671615075391371,3.25,1.587688184813814,6.5,4.043844092406907,CORRIDOR,JUNCTION,False,opening_count_mismatch;false_positive_opening;topology_mismatch,ideal_free_path_sector,4.109901768910688,0.4666806519327431,17.99898859588859,7,2,0.0,0.0,0.0,0.9,0.0,0.0,0.0,visibility_0.90
2,2,True,2,0,0,1.0,1.0,1.0,0.8782640118670895,0.8692284302157258,1.0,1.587688184813814,2.0,1.793844092406907,CORRIDOR,CORRIDOR,True,NONE,ideal_free_path_sector,4.109901768910688,0.4000119873709227,20.24898859588859,8,2,0.0,0.0,0.0,0.9,0.0,0.0,0.0,visibility_0.90
2,2,True,2,0,0,1.0,1.0,1.0,0.8135879932499397,0.70438440924069,1.0,4.000000000000014,3.0,3.500000000000007,CORRIDOR,CORRIDOR,True,NONE,ideal_free_path_sector,4.109901768910688,0.4889035401200166,17.24898859588859,9,2,0.0,0.0,0.0,0.9,0.0,0.0,0.0,visibility_0.90
2,4,False,2,2,0,0.5,1.0,0.6666666666666666,0.7282004934979673,0.7224455479391693,2.5,7.412311815186186,3.0,5.206155907593093,CORRIDOR,JUNCTION,False,opening_count_mismatch;false_positive_opening;topology_mismatch,ideal_free_path_sector,4.109901768910688,0.5629798340775949,14.74898859588859,10,2,0.0,0.0,0.0,0.9,0.0,0.0,0.0,visibility_0.90
2,2,True,2,0,0,1.0,1.0,1.0,0.8011172881088503,0.7149349826992474,2.75,1.087688184813814,6.0,3.543844092406907,CORRIDOR,CORRIDOR,True,NONE,ideal_free_path_sector,4.109901768910688,0.4666806519327431,17.99898859588859,11,2,0.0,0.0,0.0,0.9,0.0,0.0,0.0,visibility_0.90
2,2,True,2,0,0,1.0,1.0,1.0,0.914323144225803,0.8986064750560748,1.25,1.0000000000000142,1.5,1.250000000000007,CORRIDOR,CORRIDOR,True,NONE,ideal_free_path_sector,4.109901768910688,0.4074196167666805,19.99898859588859,12,2,0.0,0.0,0.0,0.9,0.0,0.0,0.0,visibility_0.90
2,2,True,2,0,0,1.0,1.0,1.0,0.8143784332016941,0.7414572728849368,0.25,3.500000000000014,3.0,3.250000000000007,CORRIDOR,CORRIDOR,True,NONE,ideal_free_path_sector,4.109901768910688,0.4666806519327431,17.99898859588859,13,2,0.0,0.0,0.0,0.9,0.0,0.0,0.0,visibility_0.90
2,2,True,2,0,0,1.0,1.0,1.0,0.7616161842058429,0.707350982962443,4.25,6.912311815186186,1.5876881848137998,4.249999999999993,CORRIDOR,CORRIDOR,True,NONE,ideal_free_path_sector,4.109901768910688,0.49631116951577436,16.99898859588859,14,2,0.0,0.0,0.0,0.9,0.0,0.0,0.0,visibility_0.90
2,2,True,2,0,0,1.0,1.0,1.0,0.7546975813293115,0.70438440924069,1.75,5.912311815186186,3.4123118151862,4.662311815186193,CORRIDOR,CORRIDOR,True,NONE,ideal_free_path_sector,4.109901768910688,0.555572204681837,14.99898859588859,15,2,0.0,0.0,0.0,0.9,0.0,0.0,0.0,visibility_0.90
2,2,True,2,0,0,1.0,1.0,1.0,0.845747700829489,0.7687038243997886,2.25,1.587688184813814,3.5,2.543844092406907,CORRIDOR,CORRIDOR,True,NONE,ideal_free_path_sector,4.109901768910688,0.4370501343497118,18.99898859588859,16,2,0.0,0.0,0.0,0.9,0.0,0.0,0.0,visibility_0.90
2,2,True,2,0,0,1.0,1.0,1.0,0.8243981260785176,0.7614966586385837,1.0,2.000000000000014,4.0,3.000000000000007,CORRIDOR,CORRIDOR,True,NONE,ideal_free_path_sector,4.109901768910688,0.4592730225369853,18.24898859588859,17,2,0.0,0.0,0.0,0.9,0.0,0.0,0.0,visibility_0.90
2,2,True,2,0,0,1.0,1.0,1.0,0.851590489483848,0.8158813854492428,1.5,2.999999999999986,1.5876881848137998,2.293844092406893,CORRIDOR,CORRIDOR,True,NONE,ideal_free_path_sector,4.109901768910688,0.4148272461624383,19.74898859588859,18,2,0.0,0.0,0.0,0.9,0.0,0.0,0.0,visibility_0.90
2,2,True,2,0,0,1.0,1.0,1.0,0.8579935669008099,0.8286875402831664,0.25,1.9999999999999858,2.5,2.249999999999993,CORRIDOR,CORRIDOR,True,NONE,ideal_free_path_sector,4.109901768910688,0.43705013434971185,18.99898859588859,19,2,0.0,0.0,0.0,0.9,0.0,0.0,0.0,visibility_0.90
2,2,True,2,0,0,1.0,1.0,1.0,0.6937265065523723,0.6403494629460831,3.0,8.412311815186186,4.0,6.206155907593093,CORRIDOR,CORRIDOR,True,NONE,ideal_free_path_sector,4.109901768910688,0.5777950928691105,14.24898859588859,20,2,0.0,0.0,0.0,0.9,0.0,0.0,0.0,visibility_0.90
2,2,True,2,0,0,1.0,1.0,1.0,0.8349744685596108,0.7826493436007682,1.25,1.4999999999999858,4.0,2.749999999999993,CORRIDOR,CORRIDOR,True,NONE,ideal_free_path_sector,4.109901768910688,0.4518653931412274,18.49898859588859,21,2,0.0,0.0,0.0,0.9,0.0,0.0,0.0,visibility_0.90
2,2,True,2,0,0,1.0,1.0,1.0,0.8280017089591214,0.7687038243997915,2.0,4.000000000000014,1.5876881848137998,2.793844092406907,CORRIDOR,CORRIDOR,True,NONE,ideal_free_path_sector,4.109901768910688,0.42964250495395395,19.24898859588859,22,2,0.0,0.0,0.0,0.9,0.0,0.0,0.0,visibility_0.90
2,2,True,2,0,0,1.0,1.0,1.0,0.8457682360170564,0.7614966586385837,0.5,3.000000000000014,2.4123118151862,2.706155907593107,CORRIDOR,CORRIDOR,True,NONE,ideal_free_path_sector,4.109901768910688,0.4740882813285009,17.74898859588859,23,2,0.0,0.0,0.0,0.9,0.0,0.0,0.0,visibility_0.90
2,2,True,2,0,0,1.0,1.0,1.0,0.8245921679753279,0.7687038243997915,2.75,3.412311815186186,2.5,2.956155907593093,CORRIDOR,CORRIDOR,True,NONE,ideal_free_path_sector,4.109901768910688,0.4814959107242588,17.49898859588859,24,2,0.0,0.0,0.0,0.9,0.0,0.0,0.0,visibility_0.90
2,2,True,2,0,0,1.0,1.0,1.0,0.8822510286404202,0.8417104800216508,1.5,2.000000000000014,1.5876881848137998,1.793844092406907,CORRIDOR,CORRIDOR,True,NONE,ideal_free_path_sector,4.109901768910688,0.4148272461624383,19.74898859588859,25,2,0.0,0.0,0.0,0.9,0.0,0.0,0.0,visibility_0.90
2,2,True,2,0,0,1.0,1.0,1.0,0.8210361042085554,0.7687038243997915,3.0,4.912311815186186,1.0876881848137998,2.999999999999993,CORRIDOR,CORRIDOR,True,NONE,ideal_free_path_sector,4.109901768910688,0.4740882813285009,17.74898859588859,26,2,0.0,0.0,0.0,0.9,0.0,0.0,0.0,visibility_0.90
3,3,True,3,0,0,1.0,1.0,1.0,0.8272619756186247,0.7915898502459757,2.8333333333333237,2.862538538009128,2.8041281286575384,2.8333333333333335,JUNCTION,JUNCTION,True,NONE,ideal_free_path_sector,4.109921353021991,0.45433460293981337,18.41565526255526,7,3,0.0,0.0,0.0,0.9,0.0,0.0,0.0,visibility_0.90
3,3,True,3,0,0,1.0,1.0,1.0,0.9126465745882278,0.8213627287822647,1.0000000000000095,0.5876156140274039,2.1958718713424616,1.3917437426849328,JUNCTION,JUNCTION,True,NONE,ideal_free_path_sector,4.109921353021991,0.4296425049539539,19.24898859588859,8,3,0.0,0.0,0.0,0.9,0.0,0.0,0.0,visibility_0.90
3,3,True,3,0,0,1.0,1.0,1.0,0.9296344992205617,0.8873041643437122,0.3333333333333428,1.1958718713424805,0.8041281286575384,1.0000000000000095,JUNCTION,JUNCTION,True,NONE,ideal_free_path_sector,4.109921353021991,0.40001198737092264,20.24898859588859,9,3,0.0,0.0,0.0,0.9,0.0,0.0,0.0,visibility_0.90
3,3,True,3,0,0,1.0,1.0,1.0,0.8345451062484255,0.7471030344485184,2.166666666666657,1.8625385380091284,3.529205204675776,2.6958718713424523,JUNCTION,JUNCTION,True,NONE,ideal_free_path_sector,4.109921353021991,0.43458092455112585,19.082321929221923,10,3,0.0,0.0,0.0,0.9,0.0,0.0,0.0,visibility_0.90
3,3,True,3,0,0,1.0,1.0,1.0,0.7867910951379739,0.722441826360379,2.0000000000000093,3.137461461990872,4.470794795324224,3.8041281286575477,JUNCTION,JUNCTION,True,NONE,ideal_free_path_sector,4.109921353021991,0.49878037931436037,16.91565526255526,11,3,0.0,0.0,0.0,0.9,0.0,0.0,0.0,visibility_0.90
3,3,True,3,0,0,1.0,1.0,1.0,0.7558812024295082,0.7073504179420484,4.333333333333343,3.1958718713424616,5.470794795324205,4.333333333333333,JUNCTION,JUNCTION,True,NONE,ideal_free_path_sector,4.109921353021991,0.4987803793143603,16.91565526255526,12,3,0.0,0.0,0.0,0.9,0.0,0.0,0.0,visibility_0.90
3,3,True,3,0,0,1.0,1.0,1.0,0.7949773945846642,0.7073504179420484,3.4999999999999907,3.470794795324186,3.8041281286575384,3.637461461990862,JUNCTION,JUNCTION,True,NONE,ideal_free_path_sector,4.109921353021991,0.4938419597171884,17.082321929221923,13,3,0.0,0.0,0.0,0.9,0.0,0.0,0.0,visibility_0.90
3,3,True,3,0,0,1.0,1.0,1.0,0.890118659507689,0.8417101163603006,1.666666666666676,1.8041281286575384,1.529205204675795,1.6666666666666667,JUNCTION,JUNCTION,True,NONE,ideal_free_path_sector,4.109921353021991,0.4197656657596102,19.582321929221923,14,3,0.0,0.0,0.0,0.9,0.0,0.0,0.0,visibility_0.90
3,4,False,3,1,0,0.75,1.0,0.8571428571428571,0.845836820490757,0.7915898502459757,2.4999999999999907,2.1374614619908527,2.8625385380091095,2.499999999999981,JUNCTION,JUNCTION,True,opening_count_mismatch;false_positive_opening,ideal_free_path_sector,4.109921353021991,0.44445776374546964,18.74898859588859,15,3,0.0,0.0,0.0,0.9,0.0,0.0,0.0,visibility_0.90
3,3,True,3,0,0,1.0,1.0,1.0,0.8048041999709793,0.7471030344485184,3.333333333333343,3.1958718713424807,3.470794795324224,3.333333333333352,JUNCTION,JUNCTION,True,NONE,ideal_free_path_sector,4.109921353021991,0.469149861731329,17.91565526255526,16,3,0.0,0.0,0.0,0.9,0.0,0.0,0.0,visibility_0.90
3,3,True,3,0,0,1.0,1.0,1.0,0.8743573963059982,0.8692281199530457,1.833333333333324,2.137461461990872,1.8041281286575384,1.970794795324205,JUNCTION,JUNCTION,True,NONE,ideal_free_path_sector,4.109921353021991,0.45433460293981337,18.41565526255526,17,3,0.0,0.0,0.0,0.9,0.0,0.0,0.0,visibility_0.90
3,3,True,3,0,0,1.0,1.0,1.0,0.8233753467000645,0.7471030344485188,2.833333333333343,1.470794795324205,4.470794795324224,2.9707947953242146,JUNCTION,JUNCTION,True,NONE,ideal_free_path_sector,4.109921353021991,0.47408828132850084,17.74898859588859,18,3,0.0,0.0,0.0,0.9,0.0,0.0,0.0,visibility_0.90
3,3,True,3,0,0,1.0,1.0,1.0,0.765387856250291,0.707350417942051,4.166666666666657,6.7457177193059294,1.587615614027366,4.166666666666647,JUNCTION,JUNCTION,True,NONE,ideal_free_path_sector,4.109921353021991,0.4938419597171884,17.082321929221923,19,3,0.0,0.0,0.0,0.9,0.0,0.0,0.0,visibility_0.90
3,3,True,3,0,0,1.0,1.0,1.0,0.8440987014310499,0.8050066065158505,1.9999999999999905,1.0790510526392627,4.137461461990871,2.6082562573150674,JUNCTION,JUNCTION,True,NONE,ideal_free_path_sector,4.109921353021991,0.4790267009256728,17.582321929221923,20,3,0.0,0.0,0.0,0.9,0.0,0.0,0.0,visibility_0.90
3,3,True,3,0,0,1.0,1.0,1.0,0.8253266458949137,0.7614927358933722,1.8333333333333428,3.137461461990872,2.8041281286575384,2.970794795324205,JUNCTION,JUNCTION,True,NONE,ideal_free_path_sector,4.109921353021991,0.47408828132850095,17.74898859588859,21,3,0.0,0.0,0.0,0.9,0.0,0.0,0.0,visibility_0.90
3,3,True,3,0,0,1.0,1.0,1.0,0.757638703435437,0.5750047189398932,1.5000000000000095,4.137461461990871,6.079051052639301,5.1082562573150865,JUNCTION,JUNCTION,True,NONE,ideal_free_path_sector,4.109921353021991,0.5531029948832511,15.082321929221925,22,3,0.0,0.0,0.0,0.9,0.0,0.0,0.0,visibility_0.90
3,3,True,3,0,0,1.0,1.0,1.0,0.8574710865747357,0.8158809754274492,1.6666666666666572,2.8041281286575193,1.587615614027366,2.1958718713424425,JUNCTION,JUNCTION,True,NONE,ideal_free_path_sector,4.109921353021991,0.4197656657596102,19.582321929221923,23,3,0.0,0.0,0.0,0.9,0.0,0.0,0.0,visibility_0.90
3,3,True,3,0,0,1.0,1.0,1.0,0.8285197581182008,0.7471030344485184,2.833333333333343,1.5876156140274038,4.079051052639301,2.833333333333352,JUNCTION,JUNCTION,True,NONE,ideal_free_path_sector,4.109921353021991,0.45433460293981337,18.41565526255526,24,3,0.0,0.0,0.0,0.9,0.0,0.0,0.0,visibility_0.90
3,3,True,3,0,0,1.0,1.0,1.0,0.836117405689337,0.7224418263603787,0.8333333333333428,3.1958718713424807,2.470794795324205,2.833333333333343,JUNCTION,JUNCTION,True,NONE,ideal_free_path_sector,4.109921353021991,0.45433460293981337,18.41565526255526,25,3,0.0,0.0,0.0,0.9,0.0,0.0,0.0,visibility_0.90
3,3,True,3,0,0,1.0,1.0,1.0,0.7855099109730856,0.7073504179420487,3.333333333333343,1.8625385380091473,5.745717719305968,3.8041281286575575,JUNCTION,JUNCTION,True,NONE,ideal_free_path_sector,4.109921353021991,0.49878037931436037,16.91565526255526,26,3,0.0,0.0,0.0,0.9,0.0,0.0,0.0,visibility_0.90
4,4,True,4,0,0,1.0,1.0,1.0,0.922107078016769,0.8708633821762862,0.625,0.7508087881337673,1.4991912118662256,1.1249999999999964,JUNCTION,JUNCTION,True,NONE,ideal_free_path_sector,4.289992923181831,0.503963431234847,13.41069178941229,7,4,0.0,0.0,0.0,0.9,0.0,0.0,0.0,visibility_0.90
4,4,True,4,0,0,1.0,1.0,1.0,0.8308638320001134,0.7646946875209089,2.5,1.5,4.000000000000007,2.7500000000000036,JUNCTION,JUNCTION,True,NONE,ideal_free_path_sector,4.289992923181831,0.5640691615656086,11.78569178941229,8,4,0.0,0.0,0.0,0.9,0.0,0.0,0.0,visibility_0.90
4,4,True,4,0,0,1.0,1.0,1.0,0.8160056915685542,0.7296422931747282,1.125,3.7508087881337673,2.500000000000007,3.125404394066887,JUNCTION,JUNCTION,True,NONE,ideal_free_path_sector,4.289992923181831,0.5871867501543631,11.16069178941229,9,4,0.0,0.0,0.0,0.9,0.0,0.0,0.0,visibility_0.90
4,4,True,4,0,0,1.0,1.0,1.0,0.7922014664170778,0.6749191211866219,1.125,4.7508087881337815,3.0008087881337744,3.875808788133778,JUNCTION,JUNCTION,True,NONE,ideal_free_path_sector,4.289992923181831,0.6241748918963702,10.16069178941229,10,4,0.0,0.0,0.0,0.9,0.0,0.0,0.0,visibility_0.90
4,4,True,4,0,0,1.0,1.0,1.0,0.7349759356686945,0.7104411801964455,1.875,4.751617576267549,5.001617576267556,4.876617576267552,JUNCTION,JUNCTION,True,NONE,ideal_free_path_sector,4.289992923181831,0.6796571045093809,8.66069178941229,11,4,0.0,0.0,0.0,0.9,0.0,0.0,0.0,visibility_0.90
4,4,True,4,0,0,1.0,1.0,1.0,0.837895144469049,0.6922247396785866,1.25,2.5,3.000000000000007,2.7500000000000036,JUNCTION,JUNCTION,True,NONE,ideal_free_path_sector,4.289992923181831,0.5640691615656086,11.78569178941229,12,4,0.0,0.0,0.0,0.9,0.0,0.0,0.0,visibility_0.90
4,4,True,4,0,0,1.0,1.0,1.0,0.850527427082627,0.7646946875209076,2.125,3.7516175762675488,1.000000000000007,2.375808788133778,JUNCTION,JUNCTION,True,NONE,ideal_free_path_sector,4.289992923181831,0.5686926792833595,11.66069178941229,13,4,0.0,0.0,0.0,0.9,0.0,0.0,0.0,visibility_0.90
4,4,True,4,0,0,1.0,1.0,1.0,0.8151741293826791,0.7428452580740676,3.0,3.25,2.749999999999993,2.9999999999999964,JUNCTION,JUNCTION,True,NONE,ideal_free_path_sector,4.289992923181831,0.5733161970011105,11.53569178941229,14,4,0.0,0.0,0.0,0.9,0.0,0.0,0.0,visibility_0.90
4,4,True,4,0,0,1.0,1.0,1.0,0.860345278219196,0.7878683897255027,1.5,2.5008087881337815,2.0008087881337744,2.250808788133778,JUNCTION,JUNCTION,True,NONE,ideal_free_path_sector,4.289992923181831,0.5640691615656086,11.78569178941229,15,4,0.0,0.0,0.0,0.9,0.0,0.0,0.0,visibility_0.90
4,4,True,4,0,0,1.0,1.0,1.0,0.8601712909282444,0.7499101346518037,0.75,1.7491912118662185,2.749999999999993,2.2495956059331057,JUNCTION,JUNCTION,True,NONE,ideal_free_path_sector,4.289992923181831,0.5363280552591033,12.53569178941229,16,4,0.0,0.0,0.0,0.9,0.0,0.0,0.0,visibility_0.90
4,4,True,4,0,0,1.0,1.0,1.0,0.7963396074582827,0.7296422931747263,2.625,3.0016175762675488,4.249999999999993,3.625808788133771,JUNCTION,JUNCTION,True,NONE,ideal_free_path_sector,4.289992923181831,0.6149278564608684,10.41069178941229,17,4,0.0,0.0,0.0,0.9,0.0,0.0,0.0,visibility_0.90
4,4,True,4,0,0,1.0,1.0,1.0,0.8621935463078259,0.8124905215349278,2.125,2.0,2.2508087881337744,2.125404394066887,JUNCTION,JUNCTION,True,NONE,ideal_free_path_sector,4.289992923181831,0.550198608412356,12.16069178941229,18,4,0.0,0.0,0.0,0.9,0.0,0.0,0.0,visibility_0.90
4,4,True,4,0,0,1.0,1.0,1.0,0.9124140427541029,0.8666594770511512,0.75,1.7499999999999858,0.7491912118662114,1.2495956059330986,JUNCTION,JUNCTION,True,NONE,ideal_free_path_sector,4.289992923181831,0.49933991351709617,13.53569178941229,19,4,0.0,0.0,0.0,0.9,0.0,0.0,0.0,visibility_0.90
4,4,True,4,0,0,1.0,1.0,1.0,0.8457499421849404,0.6922247396785882,1.375,3.749999999999986,1.4991912118662256,2.6245956059331057,JUNCTION,JUNCTION,True,NONE,ideal_free_path_sector,4.289992923181831,0.550198608412356,12.16069178941229,20,4,0.0,0.0,0.0,0.9,0.0,0.0,0.0,visibility_0.90
4,4,True,4,0,0,1.0,1.0,1.0,0.7815961918004097,0.6749191211866219,3.0,6.2508087881337815,1.749999999999993,4.000404394066887,JUNCTION,JUNCTION,True,NONE,ideal_free_path_sector,4.289992923181831,0.6195513741786193,10.28569178941229,21,4,0.0,0.0,0.0,0.9,0.0,0.0,0.0,visibility_0.90
4,4,True,4,0,0,1.0,1.0,1.0,0.722115235815589,0.6584576792064604,1.25,4.7508087881337815,5.751617576267556,5.251213182200669,JUNCTION,JUNCTION,True,NONE,ideal_free_path_sector,4.289992923181831,0.6842806222271317,8.53569178941229,22,4,0.0,0.0,0.0,0.9,0.0,0.0,0.0,visibility_0.90
4,4,True,4,0,0,1.0,1.0,1.0,0.8608038953701583,0.7499101346518039,1.25,3.0,1.499999999999993,2.2499999999999964,JUNCTION,JUNCTION,True,NONE,ideal_free_path_sector,4.289992923181831,0.5455750906946051,12.28569178941229,23,4,0.0,0.0,0.0,0.9,0.0,0.0,0.0,visibility_0.90
4,4,True,4,0,0,1.0,1.0,1.0,0.8536995657729094,0.7222097403630181,1.875,1.4999999999999858,3.250000000000007,2.3749999999999964,JUNCTION,JUNCTION,True,NONE,ideal_free_path_sector,4.289992923181831,0.5501986084123559,12.16069178941229,24,4,0.0,0.0,0.0,0.9,0.0,0.0,0.0,visibility_0.90
4,4,True,4,0,0,1.0,1.0,1.0,0.9192967559201997,0.8965459536272347,0.625,1.2491912118662327,0.9991912118662114,1.124191211866222,JUNCTION,JUNCTION,True,NONE,ideal_free_path_sector,4.289992923181831,0.48546936036384347,13.91069178941229,25,4,0.0,0.0,0.0,0.9,0.0,0.0,0.0,visibility_0.90
4,4,True,4,0,0,1.0,1.0,1.0,0.893087882934763,0.8124905215349296,1.125,1.4991912118662327,1.7508087881337744,1.6250000000000036,JUNCTION,JUNCTION,True,NONE,ideal_free_path_sector,4.289992923181831,0.5224575021058506,12.91069178941229,26,4,0.0,0.0,0.0,0.9,0.0,0.0,0.0,visibility_0.90
5,6,False,5,1,0,0.8333333333333334,1.0,0.9090909090909091,0.912844854977112,0.7498497019498868,0.7,1.3505110133703908,1.3484669598888446,1.3494889866296176,JUNCTION,JUNCTION,True,opening_count_mismatch;false_positive_opening,ideal_free_path_sector,4.537423067393879,0.6471676533537709,7.523686263497939,7,5,0.0,0.0,0.0,0.9,0.0,0.0,0.0,visibility_0.90
5,5,True,5,0,0,1.0,1.0,1.0,0.8758347177064738,0.708191385174893,1.2,2.9505110133703796,1.0494889866296149,1.9999999999999971,JUNCTION,JUNCTION,True,NONE,ideal_free_path_sector,4.537423067393879,0.679994998089107,6.8236862634979385,8,5,0.0,0.0,0.0,0.9,0.0,0.0,0.0,visibility_0.90
5,5,True,5,0,0,1.0,1.0,1.0,0.9697906558625782,0.9265986221861523,0.2,0.24744493314807983,0.5484669598888445,0.39795594651846217,JUNCTION,JUNCTION,True,NONE,ideal_free_path_sector,4.537423067393879,0.5955818259125282,8.62368626349794,9,5,0.0,0.0,0.0,0.9,0.0,0.0,0.0,visibility_0.90
5,5,True,5,0,0,1.0,1.0,1.0,0.7721015747082703,0.6218265821047839,1.7,4.4515330401111495,3.4515330401111557,3.9515330401111526,JUNCTION,JUNCTION,True,NONE,ideal_free_path_sector,4.537423067393879,0.7768619594312582,4.7589490107983465,10,5,0.0,0.0,0.0,0.9,0.0,0.0,0.0,visibility_0.90
5,5,True,5,0,0,1.0,1.0,1.0,0.8868456996097785,0.7372066728607568,1.7,2.6494889866296205,0.8494889866296148,1.7494889866296177,JUNCTION,JUNCTION,True,NONE,ideal_free_path_sector,4.537423067393879,0.6644462199820458,7.158949010798347,11,5,0.0,0.0,0.0,0.9,0.0,0.0,0.0,visibility_0.90
5,6,False,5,1,0,0.8333333333333334,1.0,0.9090909090909091,0.8657304701029871,0.7498497019498875,1.3,2.4494889866296092,1.849488986629615,2.149488986629612,JUNCTION,JUNCTION,True,opening_count_mismatch;false_positive_opening,ideal_free_path_sector,4.537423067393879,0.6846846187655837,6.723686263497939,12,5,0.0,0.0,0.0,0.9,0.0,0.0,0.0,visibility_0.90
5,5,True,5,0,0,1.0,1.0,1.0,0.8919345282748516,0.7967153083217555,1.4,1.3484669598888388,1.9505110133703851,1.649488986629612,JUNCTION,JUNCTION,True,NONE,ideal_free_path_sector,4.537423067393879,0.6612365153832007,7.223686263497939,13,5,0.0,0.0,0.0,0.9,0.0,0.0,0.0,visibility_0.90
5,5,True,5,0,0,1.0,1.0,1.0,0.8639243937909706,0.6890510774674634,1.0,2.249488986629609,2.249488986629615,2.249488986629612,JUNCTION,JUNCTION,True,NONE,ideal_free_path_sector,4.537423067393879,0.6893742394420603,6.623686263497939,14,5,0.0,0.0,0.0,0.9,0.0,0.0,0.0,visibility_0.90
5,5,True,5,0,0,1.0,1.0,1.0,0.7990692313000627,0.6890510774674634,1.3,4.55255506685192,2.249488986629615,3.4010220267407676,JUNCTION,JUNCTION,True,NONE,ideal_free_path_sector,4.537423067393879,0.7503393082362562,5.3236862634979385,15,5,0.0,0.0,0.0,0.9,0.0,0.0,0.0,visibility_0.90
5,5,True,5,0,0,1.0,1.0,1.0,0.8311482702249832,0.6890510774674634,1.0,2.350511013370391,3.4515330401111557,2.9010220267407734,JUNCTION,JUNCTION,True,NONE,ideal_free_path_sector,4.537423067393879,0.7268912048538732,5.8236862634979385,16,5,0.0,0.0,0.0,0.9,0.0,0.0,0.0,visibility_0.90
5,5,True,5,0,0,1.0,1.0,1.0,0.8483718780673511,0.7498497019498875,1.6,3.3505110133703795,1.4494889866296148,2.3999999999999972,JUNCTION,JUNCTION,True,NONE,ideal_free_path_sector,4.537423067393879,0.6987534807950135,6.423686263497939,17,5,0.0,0.0,0.0,0.9,0.0,0.0,0.0,visibility_0.90
5,6,False,5,1,0,0.8333333333333334,1.0,0.9090909090909091,0.7984369658941739,0.708191385174893,2.2,3.9505110133703796,2.6515330401111554,3.3010220267407675,JUNCTION,JUNCTION,True,opening_count_mismatch;false_positive_opening,ideal_free_path_sector,4.537423067393879,0.7456496875597796,5.423686263497939,18,5,0.0,0.0,0.0,0.9,0.0,0.0,0.0,visibility_0.90
5,5,True,5,0,0,1.0,1.0,1.0,0.8597127925652505,0.7593800060099078,2.1,2.8494889866296207,1.4494889866296148,2.149488986629618,JUNCTION,JUNCTION,True,NONE,ideal_free_path_sector,4.537423067393879,0.6753053774126305,6.923686263497939,19,5,0.0,0.0,0.0,0.9,0.0,0.0,0.0,visibility_0.90
5,5,True,5,0,0,1.0,1.0,1.0,0.9320564148339658,0.8079843003856273,0.7,1.4494889866296206,0.5484669598888445,0.9989779732592325,JUNCTION,JUNCTION,True,NONE,ideal_free_path_sector,4.537423067393879,0.6284091706478645,7.923686263497939,20,5,0.0,0.0,0.0,0.9,0.0,0.0,0.0,visibility_0.90
5,5,True,5,0,0,1.0,1.0,1.0,0.819750287824121,0.708191385174893,1.1,3.6515330401111497,2.449488986629615,3.0505110133703823,JUNCTION,JUNCTION,True,NONE,ideal_free_path_sector,4.537423067393879,0.7315808255303498,5.723686263497939,21,5,0.0,0.0,0.0,0.9,0.0,0.0,0.0,visibility_0.90
5,5,True,5,0,0,1.0,1.0,1.0,0.8585690650285326,0.7498497019498868,1.1,2.2494889866296206,2.2515330401111555,2.250511013370388,JUNCTION,JUNCTION,True,NONE,ideal_free_path_sector,4.537423067393879,0.6940638601185369,6.523686263497939,22,5,0.0,0.0,0.0,0.9,0.0,0.0,0.0,visibility_0.90
5,5,True,5,0,0,1.0,1.0,1.0,0.883642633079117,0.8079843003856277,1.7,1.3484669598888501,2.0515330401111553,1.7000000000000028,JUNCTION,JUNCTION,True,NONE,ideal_free_path_sector,4.537423067393879,0.6659261360596773,7.123686263497939,23,5,0.0,0.0,0.0,0.9,0.0,0.0,0.0,visibility_0.90
5,5,True,5,0,0,1.0,1.0,1.0,0.9195161651087258,0.8346967814620094,1.1,1.7505110133703794,0.5484669598888445,1.149488986629612,JUNCTION,JUNCTION,True,NONE,ideal_free_path_sector,4.537423067393879,0.6377884120008177,7.723686263497939,24,5,0.0,0.0,0.0,0.9,0.0,0.0,0.0,visibility_0.90
5,5,True,5,0,0,1.0,1.0,1.0,0.9106956969195718,0.8079843003856273,1.1,2.3505110133703795,0.34846695988884446,1.349488986629612,JUNCTION,JUNCTION,True,NONE,ideal_free_path_sector,4.537423067393879,0.6471676533537709,7.523686263497939,25,5,0.0,0.0,0.0,0.9,0.0,0.0,0.0,visibility_0.90
5,5,True,5,0,0,1.0,1.0,1.0,0.9173893986252931,0.7725724201907924,0.6,1.4494889866296206,1.0494889866296149,1.2494889866296177,JUNCTION,JUNCTION,True,NONE,ideal_free_path_sector,4.537423067393879,0.6424780326772943,7.623686263497939,26,5,0.0,0.0,0.0,0.9,0.0,0.0,0.0,visibility_0.90
2,3,False,2,1,0,0.6666666666666666,1.0,0.8,0.7525237472041687,0.5750076810128082,4.0,9.500000000000014,1.9123118151862002,5.706155907593107,CORRIDOR,JUNCTION,False,opening_count_mismatch;false_positive_opening;topology_mismatch,ideal_free_path_sector,4.109901768910688,0.5629798340775949,14.74898859588859,7,2,0.0,0.0,0.0,0.7,0.0,0.0,0.0,visibility_0.70
2,2,True,2,0,0,1.0,1.0,1.0,0.6730784354966601,0.5635075273925519,4.0,3.412311815186186,11.4123118151862,7.412311815186193,CORRIDOR,CORRIDOR,True,NONE,ideal_free_path_sector,4.109901768910688,0.6370561280351732,12.24898859588859,8,2,0.0,0.0,0.0,0.7,0.0,0.0,0.0,visibility_0.70
2,3,False,2,1,0,0.6666666666666666,1.0,0.8,0.7377063559708512,0.733955439056764,3.75,1.4999999999999858,8.4123118151862,4.956155907593093,CORRIDOR,JUNCTION,False,opening_count_mismatch;false_positive_opening;topology_mismatch,ideal_free_path_sector,4.109901768910688,0.555572204681837,14.99898859588859,9,2,0.0,0.0,0.0,0.7,0.0,0.0,0.0,visibility_0.70
2,2,True,2,0,0,1.0,1.0,1.0,0.7210004301649294,0.6261194748806146,3.0,4.912311815186186,6.5,5.706155907593093,CORRIDOR,CORRIDOR,True,NONE,ideal_free_path_sector,4.109901768910688,0.5629798340775949,14.74898859588859,10,2,0.0,0.0,0.0,0.7,0.0,0.0,0.0,visibility_0.70
2,2,True,2,0,0,1.0,1.0,1.0,0.7382305811513532,0.7224455479391707,3.25,5.912311815186186,4.0,4.956155907593093,CORRIDOR,CORRIDOR,True,NONE,ideal_free_path_sector,4.109901768910688,0.555572204681837,14.99898859588859,11,2,0.0,0.0,0.0,0.7,0.0,0.0,0.0,visibility_0.70
2,3,False,2,1,0,0.6666666666666666,1.0,0.8,0.6733750569185171,0.624304565897865,4.5,3.000000000000014,10.4123118151862,6.706155907593107,CORRIDOR,JUNCTION,False,opening_count_mismatch;false_positive_opening;topology_mismatch,ideal_free_path_sector,4.109901768910688,0.5926103516606263,13.74898859588859,12,2,0.0,0.0,0.0,0.7,0.0,0.0,0.0,visibility_0.70
2,4,False,2,2,0,0.5,1.0,0.6666666666666666,0.8904448461712846,0.8417104800216493,1.5,1.0000000000000142,2.4123118151862,1.7061559075931072,CORRIDOR,JUNCTION,False,opening_count_mismatch;false_positive_opening;topology_mismatch,ideal_free_path_sector,4.109901768910688,0.44445776374546964,18.74898859588859,13,2,0.0,0.0,0.0,0.7,0.0,0.0,0.0,visibility_0.70
2,2,True,2,0,0,1.0,1.0,1.0,0.746048607477613,0.6187288309379066,5.25,0.587688184813814,9.9123118151862,5.250000000000007,CORRIDOR,CORRIDOR,True,NONE,ideal_free_path_sector,4.109901768910688,0.555572204681837,14.99898859588859,14,2,0.0,0.0,0.0,0.7,0.0,0.0,0.0,visibility_0.70
2,2,True,2,0,0,1.0,1.0,1.0,0.7719043313458256,0.7224455479391707,3.0,1.4999999999999858,6.9123118151862,4.206155907593093,CORRIDOR,CORRIDOR,True,NONE,ideal_free_path_sector,4.109901768910688,0.5333493164945635,15.74898859588859,15,2,0.0,0.0,0.0,0.7,0.0,0.0,0.0,visibility_0.70
2,2,True,2,0,0,1.0,1.0,1.0,0.6625020930155686,0.5635075273925519,1.25,7.912311815186186,7.4123118151862,7.662311815186193,CORRIDOR,CORRIDOR,True,NONE,ideal_free_path_sector,4.109901768910688,0.644463757430931,11.99898859588859,16,2,0.0,0.0,0.0,0.7,0.0,0.0,0.0,visibility_0.70
2,2,True,2,0,0,1.0,1.0,1.0,0.7601328973449664,0.70438440924069,3.25,6.912311815186186,2.0,4.456155907593093,CORRIDOR,CORRIDOR,True,NONE,ideal_free_path_sector,4.109901768910688,0.5259416870988057,15.99898859588859,17,2,0.0,0.0,0.0,0.7,0.0,0.0,0.0,visibility_0.70
2,2,True,2,0,0,1.0,1.0,1.0,0.7668860614529698,0.6872043016982355,1.75,5.912311815186186,3.0,4.456155907593093,CORRIDOR,CORRIDOR,True,NONE,ideal_free_path_sector,4.109901768910688,0.5407569458903214,15.49898859588859,18,2,0.0,0.0,0.0,0.7,0.0,0.0,0.0,visibility_0.70
2,2,True,2,0,0,1.0,1.0,1.0,0.708854887712588,0.6261194748806134,2.75,4.000000000000014,7.9123118151862,5.956155907593107,CORRIDOR,CORRIDOR,True,NONE,ideal_free_path_sector,4.109901768910688,0.5703874634733527,14.49898859588859,19,2,0.0,0.0,0.0,0.7,0.0,0.0,0.0,visibility_0.70
2,2,True,2,0,0,1.0,1.0,1.0,0.7144034824704595,0.5750076810128082,4.5,9.912311815186186,2.9123118151862,6.412311815186193,CORRIDOR,CORRIDOR,True,NONE,ideal_free_path_sector,4.109901768910688,0.6074256104521418,13.24898859588859,20,2,0.0,0.0,0.0,0.7,0.0,0.0,0.0,visibility_0.70
2,2,True,2,0,0,1.0,1.0,1.0,0.8300515668473292,0.7614966586385853,1.25,3.499999999999986,2.4123118151862,2.956155907593093,CORRIDOR,CORRIDOR,True,NONE,ideal_free_path_sector,4.109901768910688,0.4814959107242588,17.49898859588859,21,2,0.0,0.0,0.0,0.7,0.0,0.0,0.0,visibility_0.70
2,2,True,2,0,0,1.0,1.0,1.0,0.8035822637551726,0.7266840159594827,3.25,4.412311815186186,2.5,3.456155907593093,CORRIDOR,CORRIDOR,True,NONE,ideal_free_path_sector,4.109901768910688,0.4963111695157745,16.99898859588859,22,2,0.0,0.0,0.0,0.7,0.0,0.0,0.0,visibility_0.70
2,2,True,2,0,0,1.0,1.0,1.0,0.7331537329382682,0.6125081819484273,1.25,6.912311815186186,4.4123118151862,5.662311815186193,CORRIDOR,CORRIDOR,True,NONE,ideal_free_path_sector,4.109901768910688,0.5852027222648684,13.99898859588859,23,2,0.0,0.0,0.0,0.7,0.0,0.0,0.0,visibility_0.70
2,3,False,2,1,0,0.6666666666666666,1.0,0.8,0.8813411963128877,0.8537992839281091,1.0,1.912311815186186,1.9123118151862002,1.912311815186193,CORRIDOR,JUNCTION,False,opening_count_mismatch;false_positive_opening;topology_mismatch,ideal_free_path_sector,4.109901768910688,0.4740882813285009,17.74898859588859,24,2,0.0,0.0,0.0,0.7,0.0,0.0,0.0,visibility_0.70
2,2,True,2,0,0,1.0,1.0,1.0,0.6477953869338275,0.6403494629460831,2.25,5.412311815186186,9.9123118151862,7.662311815186193,CORRIDOR,CORRIDOR,True,NONE,ideal_free_path_sector,4.109901768910688,0.6444637574309309,11.99898859588859,25,2,0.0,0.0,0.0,0.7,0.0,0.0,0.0,visibility_0.70
2,4,False,2,2,0,0.5,1.0,0.6666666666666666,0.7546975813293114,0.7043844092406915,2.75,7.412311815186186,1.9123118151862002,4.662311815186193,CORRIDOR,JUNCTION,False,opening_count_mismatch;false_positive_opening;topology_mismatch,ideal_free_path_sector,4.109901768910688,0.555572204681837,14.99898859588859,26,2,0.0,0.0,0.0,0.7,0.0,0.0,0.0,visibility_0.70
3,4,False,3,1,0,0.75,1.0,0.8571428571428571,0.7335086531965255,0.612505026696843,2.4999999999999907,4.804128128657538,6.079051052639301,5.4415895906484195,JUNCTION,JUNCTION,True,opening_count_mismatch;false_positive_opening,ideal_free_path_sector,4.109921353021991,0.5728566732719386,14.415655262555257,7,3,0.0,0.0,0.0,0.7,0.0,0.0,0.0,visibility_0.70
3,4,False,3,1,0,0.75,1.0,0.8571428571428571,0.7908292755186741,0.722441826360379,1.8333333333333428,3.7457177193059294,3.8041281286575384,3.774922923981734,JUNCTION,JUNCTION,True,opening_count_mismatch;false_positive_opening,ideal_free_path_sector,4.109921353021991,0.5234724773002197,16.082321929221923,8,3,0.0,0.0,0.0,0.7,0.0,0.0,0.0,visibility_0.70
3,3,True,3,0,0,1.0,1.0,1.0,0.9023181714963054,0.8804759758767116,0.3333333333333239,1.8041281286575384,1.1374614619908716,1.470794795324205,JUNCTION,JUNCTION,True,NONE,ideal_free_path_sector,4.109921353021991,0.4296425049539539,19.24898859588859,9,3,0.0,0.0,0.0,0.7,0.0,0.0,0.0,visibility_0.70
3,3,True,3,0,0,1.0,1.0,1.0,0.8105336912168221,0.722441826360379,1.666666666666676,1.7457177193059294,5.079051052639301,3.412384385972615,JUNCTION,JUNCTION,True,NONE,ideal_free_path_sector,4.109921353021991,0.5185340577030478,16.24898859588859,10,3,0.0,0.0,0.0,0.7,0.0,0.0,0.0,visibility_0.70
3,3,True,3,0,0,1.0,1.0,1.0,0.7417343069506842,0.6403461642739721,1.8333333333333428,4.412384385972596,6.079051052639301,5.245717719305948,JUNCTION,JUNCTION,True,NONE,ideal_free_path_sector,4.109921353021991,0.5728566732719386,14.415655262555257,11,3,0.0,0.0,0.0,0.7,0.0,0.0,0.0,visibility_0.70
3,4,False,3,1,0,0.75,1.0,0.8571428571428571,0.8884607277069761,0.8465674795228746,0.9999999999999906,2.412384385972596,1.1958718713424428,1.8041281286575195,JUNCTION,JUNCTION,True,opening_count_mismatch;false_positive_opening,ideal_free_path_sector,4.109921353021991,0.45927302253698526,18.24898859588859,12,3,0.0,0.0,0.0,0.7,0.0,0.0,0.0,visibility_0.70
3,5,False,3,2,0,0.6,1.0,0.7499999999999999,0.7529532572186487,0.670838838763209,1.4999999999999905,5.7457177193059294,3.8041281286575575,4.774922923981744,JUNCTION,JUNCTION,True,opening_count_mismatch;false_positive_opening,ideal_free_path_sector,4.109921353021991,0.5531029948832511,15.082321929221925,13,3,0.0,0.0,0.0,0.7,0.0,0.0,0.0,visibility_0.70
3,4,False,3,1,0,0.75,1.0,0.8571428571428571,0.6693052890520542,0.6261162495123285,2.9999999999999907,8.412384385972596,5.745717719305968,7.079051052639282,JUNCTION,JUNCTION,True,opening_count_mismatch;false_positive_opening,ideal_free_path_sector,4.109921353021991,0.6271792888408293,12.582321929221925,14,3,0.0,0.0,0.0,0.7,0.0,0.0,0.0,visibility_0.70
3,4,False,3,1,0,0.75,1.0,0.8571428571428571,0.8891492482604323,0.8286832714133756,0.3333333333333428,1.470794795324186,2.1374614619908905,1.8041281286575384,JUNCTION,JUNCTION,True,opening_count_mismatch;false_positive_opening,ideal_free_path_sector,4.109921353021991,0.45927302253698526,18.24898859588859,15,3,0.0,0.0,0.0,0.7,0.0,0.0,0.0,visibility_0.70
3,4,False,3,1,0,0.75,1.0,0.8571428571428571,0.8642598666088205,0.7540151264585406,1.666666666666676,0.8625385380091283,3.8041281286575575,2.333333333333343,JUNCTION,JUNCTION,True,opening_count_mismatch;false_positive_opening,ideal_free_path_sector,4.109921353021991,0.469149861731329,17.91565526255526,16,3,0.0,0.0,0.0,0.7,0.0,0.0,0.0,visibility_0.70
3,4,False,3,1,0,0.75,1.0,0.8571428571428571,0.8186132115110998,0.7414534533698623,2.166666666666657,3.1958718713424616,3.137461461990872,3.1666666666666665,JUNCTION,JUNCTION,True,opening_count_mismatch;false_positive_opening,ideal_free_path_sector,4.109921353021991,0.47408828132850095,17.74898859588859,17,3,0.0,0.0,0.0,0.7,0.0,0.0,0.0,visibility_0.70
3,3,True,3,0,0,1.0,1.0,1.0,0.7269938150065972,0.6552379355361574,2.4999999999999907,4.80412812865752,6.079051052639301,5.44158959064841,JUNCTION,JUNCTION,True,NONE,ideal_free_path_sector,4.109921353021991,0.5728566732719386,14.415655262555257,18,3,0.0,0.0,0.0,0.7,0.0,0.0,0.0,visibility_0.70
3,4,False,3,1,0,0.75,1.0,0.8571428571428571,0.7120849799147834,0.5635046245610955,3.333333333333343,4.7457177193059294,8.470794795324204,6.608256257315067,JUNCTION,JUNCTION,True,opening_count_mismatch;false_positive_opening,ideal_free_path_sector,4.109921353021991,0.6074256104521418,13.24898859588859,19,3,0.0,0.0,0.0,0.7,0.0,0.0,0.0,visibility_0.70
3,3,True,3,0,0,1.0,1.0,1.0,0.7616518624149305,0.5994730048522291,1.833333333333324,6.0790510526392625,3.745717719305967,4.912384385972615,JUNCTION,JUNCTION,True,NONE,ideal_free_path_sector,4.109921353021991,0.5629798340775948,14.74898859588859,20,3,0.0,0.0,0.0,0.7,0.0,0.0,0.0,visibility_0.70
3,4,False,3,1,0,0.75,1.0,0.8571428571428571,0.7844531050543214,0.6403461642739723,1.6666666666666572,5.0790510526392625,3.745717719305967,4.412384385972615,JUNCTION,JUNCTION,True,opening_count_mismatch;false_positive_opening,ideal_free_path_sector,4.109921353021991,0.5481645752860792,15.24898859588859,21,3,0.0,0.0,0.0,0.7,0.0,0.0,0.0,visibility_0.70
3,3,True,3,0,0,1.0,1.0,1.0,0.7862835894719759,0.6552379355361576,1.5000000000000095,3.137461461990872,5.079051052639301,4.1082562573150865,JUNCTION,JUNCTION,True,NONE,ideal_free_path_sector,4.109921353021991,0.5234724773002197,16.082321929221923,22,3,0.0,0.0,0.0,0.7,0.0,0.0,0.0,visibility_0.70
3,4,False,3,1,0,0.75,1.0,0.8571428571428571,0.7738689479360411,0.7339549254018624,2.833333333333343,1.470794795324205,6.745717719305968,4.1082562573150865,JUNCTION,JUNCTION,True,opening_count_mismatch;false_positive_opening,ideal_free_path_sector,4.109921353021991,0.5333493164945635,15.74898859588859,23,3,0.0,0.0,0.0,0.7,0.0,0.0,0.0,visibility_0.70
3,4,False,3,1,0,0.75,1.0,0.8571428571428571,0.9432890075563282,0.9324041509092832,0.4999999999999905,0.8041281286575194,0.8625385380091283,0.8333333333333238,JUNCTION,JUNCTION,True,opening_count_mismatch;false_positive_opening,ideal_free_path_sector,4.109921353021991,0.42470408535678206,19.41565526255526,24,3,0.0,0.0,0.0,0.7,0.0,0.0,0.0,visibility_0.70
3,3,True,3,0,0,1.0,1.0,1.0,0.7402319164633734,0.6633613205928115,3.8333333333333237,7.137461461990871,2.8041281286575575,4.970794795324214,JUNCTION,JUNCTION,True,NONE,ideal_free_path_sector,4.109921353021991,0.5432261556889073,15.415655262555257,25,3,0.0,0.0,0.0,0.7,0.0,0.0,0.0,visibility_0.70
3,4,False,3,1,0,0.75,1.0,0.8571428571428571,0.8341678986487343,0.7540151264585436,2.8333333333333237,5.0790510526392625,0.587615614027366,2.8333333333333144,JUNCTION,JUNCTION,True,opening_count_mismatch;false_positive_opening,ideal_free_path_sector,4.109921353021991,0.4839651205228446,17.41565526255526,26,3,0.0,0.0,0.0,0.7,0.0,0.0,0.0,visibility_0.70
4,4,True,4,0,0,1.0,1.0,1.0,0.9638945996137429,0.9285673018629546,0.5,0.5008087881337815,0.5008087881337744,0.5008087881337779,JUNCTION,JUNCTION,True,NONE,ideal_free_path_sector,4.289992923181831,0.49933991351709617,13.53569178941229,7,4,0.0,0.0,0.0,0.7,0.0,0.0,0.0,visibility_0.70
4,4,True,4,0,0,1.0,1.0,1.0,0.8510971134480285,0.7428452580740676,1.25,1.75,3.2508087881337886,2.5004043940668943,JUNCTION,JUNCTION,True,NONE,ideal_free_path_sector,4.289992923181831,0.5640691615656086,11.78569178941229,8,4,0.0,0.0,0.0,0.7,0.0,0.0,0.0,visibility_0.70
4,4,True,4,0,0,1.0,1.0,1.0,0.8788932276206415,0.8180837832565134,1.375,0.9999999999999858,2.751617576267556,1.8758087881337708,JUNCTION,JUNCTION,True,NONE,ideal_free_path_sector,4.289992923181831,0.550198608412356,12.16069178941229,9,4,0.0,0.0,0.0,0.7,0.0,0.0,0.0,visibility_0.70
4,4,True,4,0,0,1.0,1.0,1.0,0.728661523342298,0.5999281077214429,1.625,4.7508087881337815,6.001617576267556,5.376213182200669,JUNCTION,JUNCTION,True,NONE,ideal_free_path_sector,4.289992923181831,0.679657104509381,8.66069178941229,10,4,0.0,0.0,0.0,0.7,0.0,0.0,0.0,visibility_0.70
4,4,True,4,0,0,1.0,1.0,1.0,0.8224798274446261,0.6749191211866232,1.875,4.751617576267549,2.0008087881337744,3.3762131822006616,JUNCTION,JUNCTION,True,NONE,ideal_free_path_sector,4.289992923181831,0.6149278564608684,10.41069178941229,11,4,0.0,0.0,0.0,0.7,0.0,0.0,0.0,visibility_0.70
4,4,True,4,0,0,1.0,1.0,1.0,0.7078059054934803,0.5624326009888528,2.625,5.001617576267549,7.251617576267556,6.126617576267552,JUNCTION,JUNCTION,True,NONE,ideal_free_path_sector,4.289992923181831,0.722149901738742,7.526768842059219,12,4,0.0,0.0,0.0,0.7,0.0,0.0,0.0,visibility_0.70
4,4,True,4,0,0,1.0,1.0,1.0,0.7609814708888654,0.6584576792064604,3.625,5.0008087881337815,3.751617576267556,4.376213182200669,JUNCTION,JUNCTION,True,NONE,ideal_free_path_sector,4.289992923181831,0.6519159982028756,9.41069178941229,13,4,0.0,0.0,0.0,0.7,0.0,0.0,0.0,visibility_0.70
4,4,True,4,0,0,1.0,1.0,1.0,0.7337603800748954,0.627831740638718,1.875,5.751617576267549,4.501617576267556,5.126617576267552,JUNCTION,JUNCTION,True,NONE,ideal_free_path_sector,4.289992923181831,0.6889041399448826,8.41069178941229,14,4,0.0,0.0,0.0,0.7,0.0,0.0,0.0,visibility_0.70
4,4,True,4,0,0,1.0,1.0,1.0,0.7686706190121656,0.6427801154158304,2.75,7.250808788133767,1.7516175762675559,4.501213182200662,JUNCTION,JUNCTION,True,NONE,ideal_free_path_sector,4.289992923181831,0.6565395159206264,9.28569178941229,15,4,0.0,0.0,0.0,0.7,0.0,0.0,0.0,visibility_0.70
4,5,False,4,1,0,0.8,1.0,0.888888888888889,0.8263898566851121,0.692224739678588,1.75,4.750808788133767,1.2508087881337744,3.000808788133771,JUNCTION,JUNCTION,True,opening_count_mismatch;false_positive_opening,ideal_free_path_sector,4.289992923181831,0.591810267872114,11.03569178941229,16,4,0.0,0.0,0.0,0.7,0.0,0.0,0.0,visibility_0.70
4,5,False,4,1,0,0.8,1.0,0.888888888888889,0.9351813018819335,0.9259214878650665,0.875,0.0016175762675487704,1.7483824237324441,0.8749999999999964,JUNCTION,JUNCTION,True,opening_count_mismatch;false_positive_opening,ideal_free_path_sector,4.289992923181831,0.46697528949283995,14.41069178941229,17,4,0.0,0.0,0.0,0.7,0.0,0.0,0.0,visibility_0.70
4,4,True,4,0,0,1.0,1.0,1.0,0.9254256860785531,0.8436489014832773,0.875,1.7508087881337815,0.5016175762675559,1.1262131822006687,JUNCTION,JUNCTION,True,NONE,ideal_free_path_sector,4.289992923181831,0.5317045375413524,12.66069178941229,18,4,0.0,0.0,0.0,0.7,0.0,0.0,0.0,visibility_0.70
4,4,True,4,0,0,1.0,1.0,1.0,0.8164909213871319,0.6278317406387195,2.625,5.501617576267549,1.250000000000007,3.375808788133778,JUNCTION,JUNCTION,True,NONE,ideal_free_path_sector,4.289992923181831,0.601859713287483,10.77676884205922,19,4,0.0,0.0,0.0,0.7,0.0,0.0,0.0,visibility_0.70
4,4,True,4,0,0,1.0,1.0,1.0,0.7628122554391874,0.6584576792064604,1.625,5.751617576267549,3.0008087881337744,4.376213182200662,JUNCTION,JUNCTION,True,NONE,ideal_free_path_sector,4.289992923181831,0.6519159982028755,9.41069178941229,20,4,0.0,0.0,0.0,0.7,0.0,0.0,0.0,visibility_0.70
4,4,True,4,0,0,1.0,1.0,1.0,0.9064871514683595,0.7296422931747263,1.125,2.2508087881337673,1.0016175762675559,1.6262131822006616,JUNCTION,JUNCTION,True,NONE,ideal_free_path_sector,4.289992923181831,0.5501986084123559,12.16069178941229,21,4,0.0,0.0,0.0,0.7,0.0,0.0,0.0,visibility_0.70
4,4,True,4,0,0,1.0,1.0,1.0,0.7685019557818774,0.6427801154158304,3.5,4.7508087881337815,4.250808788133774,4.500808788133778,JUNCTION,JUNCTION,True,NONE,ideal_free_path_sector,4.289992923181831,0.6472924804851247,9.53569178941229,22,4,0.0,0.0,0.0,0.7,0.0,0.0,0.0,visibility_0.70
4,4,True,4,0,0,1.0,1.0,1.0,0.8044719218365031,0.6135628374423848,2.375,4.751617576267549,3.0008087881337744,3.8762131822006616,JUNCTION,JUNCTION,True,NONE,ideal_free_path_sector,4.289992923181831,0.633421927331872,9.91069178941229,23,4,0.0,0.0,0.0,0.7,0.0,0.0,0.0,visibility_0.70
4,5,False,4,1,0,0.8,1.0,0.888888888888889,0.7889899230804531,0.5999281077214431,1.5,4.0008087881337815,4.001617576267556,4.001213182200669,JUNCTION,JUNCTION,True,opening_count_mismatch;false_positive_opening,ideal_free_path_sector,4.289992923181831,0.6380454450496229,9.78569178941229,24,4,0.0,0.0,0.0,0.7,0.0,0.0,0.0,visibility_0.70
4,4,True,4,0,0,1.0,1.0,1.0,0.7718031481547456,0.5999281077214429,2.625,6.500808788133767,2.2508087881337744,4.375808788133771,JUNCTION,JUNCTION,True,NONE,ideal_free_path_sector,4.289992923181831,0.6426689627673737,9.66069178941229,25,4,0.0,0.0,0.0,0.7,0.0,0.0,0.0,visibility_0.70
4,4,True,4,0,0,1.0,1.0,1.0,0.7847145741982205,0.6749191211866236,1.75,3.0008087881337815,5.001617576267556,4.001213182200669,JUNCTION,JUNCTION,True,NONE,ideal_free_path_sector,4.289992923181831,0.6380454450496229,9.78569178941229,26,4,0.0,0.0,0.0,0.7,0.0,0.0,0.0,visibility_0.70
5,6,False,5,1,0,0.8333333333333334,1.0,0.9090909090909091,0.7575094296943571,0.566553108139915,1.7,2.9505110133703796,6.152555066851926,4.551533040111153,JUNCTION,JUNCTION,True,opening_count_mismatch;false_positive_opening,ideal_free_path_sector,4.537423067393879,0.7851257038102875,4.594211758098771,7,5,0.0,0.0,0.0,0.7,0.0,0.0,0.0,visibility_0.70
5,5,True,5,0,0,1.0,1.0,1.0,0.7817323018974995,0.7284254247513186,1.6,4.05153304011115,3.1525550668519258,3.6020440534815377,JUNCTION,JUNCTION,True,NONE,ideal_free_path_sector,4.537423067393879,0.764408170265686,5.023686263497939,8,5,0.0,0.0,0.0,0.7,0.0,0.0,0.0,visibility_0.70
5,5,True,5,0,0,1.0,1.0,1.0,0.7860020282054937,0.59290441549526,1.2,4.05153304011115,3.6515330401111554,3.8515330401111525,JUNCTION,JUNCTION,True,NONE,ideal_free_path_sector,4.537423067393879,0.7704935947487305,4.894211758098772,9,5,0.0,0.0,0.0,0.7,0.0,0.0,0.0,visibility_0.70
5,5,True,5,0,0,1.0,1.0,1.0,0.7893965407269253,0.708191385174893,1.5,2.85153304011115,4.152555066851926,3.502044053481538,JUNCTION,JUNCTION,True,NONE,ideal_free_path_sector,4.537423067393879,0.750339308236256,5.3236862634979385,10,5,0.0,0.0,0.0,0.7,0.0,0.0,0.0,visibility_0.70
5,5,True,5,0,0,1.0,1.0,1.0,0.8747795189187405,0.822415802138585,1.4,2.249488986629609,1.3505110133703853,1.7999999999999972,JUNCTION,JUNCTION,True,NONE,ideal_free_path_sector,4.537423067393879,0.6330987913243411,7.8236862634979385,11,5,0.0,0.0,0.0,0.7,0.0,0.0,0.0,visibility_0.70
5,5,True,5,0,0,1.0,1.0,1.0,0.8193021872378885,0.6890510774674632,2.0,3.1505110133703793,2.750511013370385,2.9505110133703822,JUNCTION,JUNCTION,True,NONE,ideal_free_path_sector,4.537423067393879,0.7268912048538733,5.8236862634979385,12,5,0.0,0.0,0.0,0.7,0.0,0.0,0.0,visibility_0.70
5,5,True,5,0,0,1.0,1.0,1.0,0.8779622933063918,0.7519183297596217,1.8,1.6494889866296205,1.9505110133703851,1.800000000000003,JUNCTION,JUNCTION,True,NONE,ideal_free_path_sector,4.537423067393879,0.6424780326772943,7.623686263497939,13,5,0.0,0.0,0.0,0.7,0.0,0.0,0.0,visibility_0.70
5,5,True,5,0,0,1.0,1.0,1.0,0.8715691074148083,0.7284254247513193,1.3,0.7484669598888388,3.150511013370385,1.949488986629612,JUNCTION,JUNCTION,True,NONE,ideal_free_path_sector,4.537423067393879,0.6362891878108676,7.758949010798358,14,5,0.0,0.0,0.0,0.7,0.0,0.0,0.0,visibility_0.70
5,5,True,5,0,0,1.0,1.0,1.0,0.7137336503971276,0.6373722466574034,2.4,4.65153304011115,5.752555066851926,5.202044053481538,JUNCTION,JUNCTION,True,NONE,ideal_free_path_sector,4.537423067393879,0.8394421010893115,3.423686263497939,15,5,0.0,0.0,0.0,0.7,0.0,0.0,0.0,visibility_0.70
5,5,True,5,0,0,1.0,1.0,1.0,0.7809784391755863,0.6070211872927654,1.4,4.4515330401111495,3.2515330401111555,3.8515330401111525,JUNCTION,JUNCTION,True,NONE,ideal_free_path_sector,4.537423067393879,0.7721530306424632,4.858949010798352,16,5,0.0,0.0,0.0,0.7,0.0,0.0,0.0,visibility_0.70
5,5,True,5,0,0,1.0,1.0,1.0,0.7981089384862919,0.708191385174893,2.1,3.9525550668519203,2.6515330401111554,3.302044053481538,JUNCTION,JUNCTION,True,NONE,ideal_free_path_sector,4.537423067393879,0.7488207759339887,5.358949010798352,17,5,0.0,0.0,0.0,0.7,0.0,0.0,0.0,visibility_0.70
5,5,True,5,0,0,1.0,1.0,1.0,0.9535419342009508,0.9238021070205509,0.4,0.6474449331480798,0.5484669598888445,0.5979559465184622,JUNCTION,JUNCTION,True,NONE,ideal_free_path_sector,4.537423067393879,0.576823343206622,9.02368626349794,18,5,0.0,0.0,0.0,0.7,0.0,0.0,0.0,visibility_0.70
5,5,True,5,0,0,1.0,1.0,1.0,0.8888965746777157,0.7080074142897291,1.3,0.8494889866296205,2.550511013370385,1.7000000000000028,JUNCTION,JUNCTION,True,NONE,ideal_free_path_sector,4.537423067393879,0.6363278040355037,7.758949010798358,19,5,0.0,0.0,0.0,0.7,0.0,0.0,0.0,visibility_0.70
5,5,True,5,0,0,1.0,1.0,1.0,0.7108113097692937,0.6537151247768244,1.5,5.7525550668519205,4.752555066851926,5.252555066851923,JUNCTION,JUNCTION,True,NONE,ideal_free_path_sector,4.537423067393879,0.8425552651265663,3.3589490107983524,20,5,0.0,0.0,0.0,0.7,0.0,0.0,0.0,visibility_0.70
5,5,True,5,0,0,1.0,1.0,1.0,0.8249684467053253,0.6373722466574037,1.1,3.150511013370391,2.9505110133703853,3.050511013370388,JUNCTION,JUNCTION,True,NONE,ideal_free_path_sector,4.537423067393879,0.7299850607788101,5.758949010798352,21,5,0.0,0.0,0.0,0.7,0.0,0.0,0.0,visibility_0.70
5,5,True,5,0,0,1.0,1.0,1.0,0.803753284225628,0.7284254247513182,1.5,3.1505110133703793,3.3505110133703853,3.2505110133703825,JUNCTION,JUNCTION,True,NONE,ideal_free_path_sector,4.537423067393879,0.7315808255303498,5.723686263497939,22,5,0.0,0.0,0.0,0.7,0.0,0.0,0.0,visibility_0.70
5,5,True,5,0,0,1.0,1.0,1.0,0.7860604184341744,0.6709181543762144,1.0,2.85153304011115,4.3525550668519255,3.6020440534815377,JUNCTION,JUNCTION,True,NONE,ideal_free_path_sector,4.537423067393879,0.7644081702656859,5.023686263497939,23,5,0.0,0.0,0.0,0.7,0.0,0.0,0.0,visibility_0.70
5,5,True,5,0,0,1.0,1.0,1.0,0.8247872239536234,0.7081913851748928,1.4,3.05153304011115,2.849488986629615,2.9505110133703822,JUNCTION,JUNCTION,True,NONE,ideal_free_path_sector,4.537423067393879,0.7175119635009198,6.023686263497939,24,5,0.0,0.0,0.0,0.7,0.0,0.0,0.0,visibility_0.70
5,6,False,5,1,0,0.8333333333333334,1.0,0.9090909090909091,0.7404936547816638,0.6218265821047839,2.0,2.6515330401111497,6.552555066851926,4.602044053481538,JUNCTION,JUNCTION,True,opening_count_mismatch;false_positive_opening,ideal_free_path_sector,4.537423067393879,0.809689304166594,4.058949010798358,25,5,0.0,0.0,0.0,0.7,0.0,0.0,0.0,visibility_0.70
5,5,True,5,0,0,1.0,1.0,1.0,0.7406518784335252,0.6218265821047839,1.7,4.65153304011115,4.851533040111155,4.751533040111153,JUNCTION,JUNCTION,True,NONE,ideal_free_path_sector,4.537423067393879,0.8128990087654394,3.9942117580987544,26,5,0.0,0.0,0.0,0.7,0.0,0.0,0.0,visibility_0.70
2,2,True,2,0,0,1.0,1.0,1.0,0.8385754549385116,0.8385754549385112,1.1364081551652134,2.3099823985188124,2.309982398518798,2.3099823985188053,CORRIDOR,CORRIDOR,True,NONE,ideal_free_path_sector,4.057430935346199,0.362310328110652,22.213586793871997,7,2,0.0,0.0,0.0,1.0,0.35,-0.25,0.0,anchor_offset
2,2,True,2,0,0,1.0,1.0,1.0,0.8385754549385116,0.8385754549385112,1.1364081551652134,2.3099823985188124,2.309982398518798,2.3099823985188053,CORRIDOR,CORRIDOR,True,NONE,ideal_free_path_sector,4.057430935346199,0.362310328110652,22.213586793871997,8,2,0.0,0.0,0.0,1.0,0.35,-0.25,0.0,anchor_offset
2,2,True,2,0,0,1.0,1.0,1.0,0.8385754549385116,0.8385754549385112,1.1364081551652134,2.3099823985188124,2.309982398518798,2.3099823985188053,CORRIDOR,CORRIDOR,True,NONE,ideal_free_path_sector,4.057430935346199,0.362310328110652,22.213586793871997,9,2,0.0,0.0,0.0,1.0,0.35,-0.25,0.0,anchor_offset
2,2,True,2,0,0,1.0,1.0,1.0,0.8385754549385116,0.8385754549385112,1.1364081551652134,2.3099823985188124,2.309982398518798,2.3099823985188053,CORRIDOR,CORRIDOR,True,NONE,ideal_free_path_sector,4.057430935346199,0.362310328110652,22.213586793871997,10,2,0.0,0.0,0.0,1.0,0.35,-0.25,0.0,anchor_offset
2,2,True,2,0,0,1.0,1.0,1.0,0.8385754549385116,0.8385754549385112,1.1364081551652134,2.3099823985188124,2.309982398518798,2.3099823985188053,CORRIDOR,CORRIDOR,True,NONE,ideal_free_path_sector,4.057430935346199,0.362310328110652,22.213586793871997,11,2,0.0,0.0,0.0,1.0,0.35,-0.25,0.0,anchor_offset
2,2,True,2,0,0,1.0,1.0,1.0,0.8385754549385116,0.8385754549385112,1.1364081551652134,2.3099823985188124,2.309982398518798,2.3099823985188053,CORRIDOR,CORRIDOR,True,NONE,ideal_free_path_sector,4.057430935346199,0.362310328110652,22.213586793871997,12,2,0.0,0.0,0.0,1.0,0.35,-0.25,0.0,anchor_offset
2,2,True,2,0,0,1.0,1.0,1.0,0.8385754549385116,0.8385754549385112,1.1364081551652134,2.3099823985188124,2.309982398518798,2.3099823985188053,CORRIDOR,CORRIDOR,True,NONE,ideal_free_path_sector,4.057430935346199,0.362310328110652,22.213586793871997,13,2,0.0,0.0,0.0,1.0,0.35,-0.25,0.0,anchor_offset
2,2,True,2,0,0,1.0,1.0,1.0,0.8385754549385116,0.8385754549385112,1.1364081551652134,2.3099823985188124,2.309982398518798,2.3099823985188053,CORRIDOR,CORRIDOR,True,NONE,ideal_free_path_sector,4.057430935346199,0.362310328110652,22.213586793871997,14,2,0.0,0.0,0.0,1.0,0.35,-0.25,0.0,anchor_offset
2,2,True,2,0,0,1.0,1.0,1.0,0.8385754549385116,0.8385754549385112,1.1364081551652134,2.3099823985188124,2.309982398518798,2.3099823985188053,CORRIDOR,CORRIDOR,True,NONE,ideal_free_path_sector,4.057430935346199,0.362310328110652,22.213586793871997,15,2,0.0,0.0,0.0,1.0,0.35,-0.25,0.0,anchor_offset
2,2,True,2,0,0,1.0,1.0,1.0,0.8385754549385116,0.8385754549385112,1.1364081551652134,2.3099823985188124,2.309982398518798,2.3099823985188053,CORRIDOR,CORRIDOR,True,NONE,ideal_free_path_sector,4.057430935346199,0.362310328110652,22.213586793871997,16,2,0.0,0.0,0.0,1.0,0.35,-0.25,0.0,anchor_offset
2,2,True,2,0,0,1.0,1.0,1.0,0.8385754549385116,0.8385754549385112,1.1364081551652134,2.3099823985188124,2.309982398518798,2.3099823985188053,CORRIDOR,CORRIDOR,True,NONE,ideal_free_path_sector,4.057430935346199,0.362310328110652,22.213586793871997,17,2,0.0,0.0,0.0,1.0,0.35,-0.25,0.0,anchor_offset
2,2,True,2,0,0,1.0,1.0,1.0,0.8385754549385116,0.8385754549385112,1.1364081551652134,2.3099823985188124,2.309982398518798,2.3099823985188053,CORRIDOR,CORRIDOR,True,NONE,ideal_free_path_sector,4.057430935346199,0.362310328110652,22.213586793871997,18,2,0.0,0.0,0.0,1.0,0.35,-0.25,0.0,anchor_offset
2,2,True,2,0,0,1.0,1.0,1.0,0.8385754549385116,0.8385754549385112,1.1364081551652134,2.3099823985188124,2.309982398518798,2.3099823985188053,CORRIDOR,CORRIDOR,True,NONE,ideal_free_path_sector,4.057430935346199,0.362310328110652,22.213586793871997,19,2,0.0,0.0,0.0,1.0,0.35,-0.25,0.0,anchor_offset
2,2,True,2,0,0,1.0,1.0,1.0,0.8385754549385116,0.8385754549385112,1.1364081551652134,2.3099823985188124,2.309982398518798,2.3099823985188053,CORRIDOR,CORRIDOR,True,NONE,ideal_free_path_sector,4.057430935346199,0.362310328110652,22.213586793871997,20,2,0.0,0.0,0.0,1.0,0.35,-0.25,0.0,anchor_offset
2,2,True,2,0,0,1.0,1.0,1.0,0.8385754549385116,0.8385754549385112,1.1364081551652134,2.3099823985188124,2.309982398518798,2.3099823985188053,CORRIDOR,CORRIDOR,True,NONE,ideal_free_path_sector,4.057430935346199,0.362310328110652,22.213586793871997,21,2,0.0,0.0,0.0,1.0,0.35,-0.25,0.0,anchor_offset
2,2,True,2,0,0,1.0,1.0,1.0,0.8385754549385116,0.8385754549385112,1.1364081551652134,2.3099823985188124,2.309982398518798,2.3099823985188053,CORRIDOR,CORRIDOR,True,NONE,ideal_free_path_sector,4.057430935346199,0.362310328110652,22.213586793871997,22,2,0.0,0.0,0.0,1.0,0.35,-0.25,0.0,anchor_offset
2,2,True,2,0,0,1.0,1.0,1.0,0.8385754549385116,0.8385754549385112,1.1364081551652134,2.3099823985188124,2.309982398518798,2.3099823985188053,CORRIDOR,CORRIDOR,True,NONE,ideal_free_path_sector,4.057430935346199,0.362310328110652,22.213586793871997,23,2,0.0,0.0,0.0,1.0,0.35,-0.25,0.0,anchor_offset
2,2,True,2,0,0,1.0,1.0,1.0,0.8385754549385116,0.8385754549385112,1.1364081551652134,2.3099823985188124,2.309982398518798,2.3099823985188053,CORRIDOR,CORRIDOR,True,NONE,ideal_free_path_sector,4.057430935346199,0.362310328110652,22.213586793871997,24,2,0.0,0.0,0.0,1.0,0.35,-0.25,0.0,anchor_offset
2,2,True,2,0,0,1.0,1.0,1.0,0.8385754549385116,0.8385754549385112,1.1364081551652134,2.3099823985188124,2.309982398518798,2.3099823985188053,CORRIDOR,CORRIDOR,True,NONE,ideal_free_path_sector,4.057430935346199,0.362310328110652,22.213586793871997,25,2,0.0,0.0,0.0,1.0,0.35,-0.25,0.0,anchor_offset
2,2,True,2,0,0,1.0,1.0,1.0,0.8385754549385116,0.8385754549385112,1.1364081551652134,2.3099823985188124,2.309982398518798,2.3099823985188053,CORRIDOR,CORRIDOR,True,NONE,ideal_free_path_sector,4.057430935346199,0.362310328110652,22.213586793871997,26,2,0.0,0.0,0.0,1.0,0.35,-0.25,0.0,anchor_offset
3,3,True,3,0,0,1.0,1.0,1.0,0.8463639705718476,0.8442533945374562,1.2848126362457322,2.0203695847339134,2.336318049019743,2.178343816876828,JUNCTION,JUNCTION,True,NONE,ideal_free_path_sector,4.09855887014468,0.3647335801734663,21.676476503624055,7,3,0.0,0.0,0.0,1.0,0.35,-0.25,0.0,anchor_offset
3,3,True,3,0,0,1.0,1.0,1.0,0.8463639705718476,0.8442533945374562,1.2848126362457322,2.0203695847339134,2.336318049019743,2.178343816876828,JUNCTION,JUNCTION,True,NONE,ideal_free_path_sector,4.09855887014468,0.3647335801734663,21.676476503624055,8,3,0.0,0.0,0.0,1.0,0.35,-0.25,0.0,anchor_offset
3,3,True,3,0,0,1.0,1.0,1.0,0.8463639705718476,0.8442533945374562,1.2848126362457322,2.0203695847339134,2.336318049019743,2.178343816876828,JUNCTION,JUNCTION,True,NONE,ideal_free_path_sector,4.09855887014468,0.3647335801734663,21.676476503624055,9,3,0.0,0.0,0.0,1.0,0.35,-0.25,0.0,anchor_offset
3,3,True,3,0,0,1.0,1.0,1.0,0.8463639705718476,0.8442533945374562,1.2848126362457322,2.0203695847339134,2.336318049019743,2.178343816876828,JUNCTION,JUNCTION,True,NONE,ideal_free_path_sector,4.09855887014468,0.3647335801734663,21.676476503624055,10,3,0.0,0.0,0.0,1.0,0.35,-0.25,0.0,anchor_offset
3,3,True,3,0,0,1.0,1.0,1.0,0.8463639705718476,0.8442533945374562,1.2848126362457322,2.0203695847339134,2.336318049019743,2.178343816876828,JUNCTION,JUNCTION,True,NONE,ideal_free_path_sector,4.09855887014468,0.3647335801734663,21.676476503624055,11,3,0.0,0.0,0.0,1.0,0.35,-0.25,0.0,anchor_offset
3,3,True,3,0,0,1.0,1.0,1.0,0.8463639705718476,0.8442533945374562,1.2848126362457322,2.0203695847339134,2.336318049019743,2.178343816876828,JUNCTION,JUNCTION,True,NONE,ideal_free_path_sector,4.09855887014468,0.3647335801734663,21.676476503624055,12,3,0.0,0.0,0.0,1.0,0.35,-0.25,0.0,anchor_offset
3,3,True,3,0,0,1.0,1.0,1.0,0.8463639705718476,0.8442533945374562,1.2848126362457322,2.0203695847339134,2.336318049019743,2.178343816876828,JUNCTION,JUNCTION,True,NONE,ideal_free_path_sector,4.09855887014468,0.3647335801734663,21.676476503624055,13,3,0.0,0.0,0.0,1.0,0.35,-0.25,0.0,anchor_offset
3,3,True,3,0,0,1.0,1.0,1.0,0.8463639705718476,0.8442533945374562,1.2848126362457322,2.0203695847339134,2.336318049019743,2.178343816876828,JUNCTION,JUNCTION,True,NONE,ideal_free_path_sector,4.09855887014468,0.3647335801734663,21.676476503624055,14,3,0.0,0.0,0.0,1.0,0.35,-0.25,0.0,anchor_offset
3,3,True,3,0,0,1.0,1.0,1.0,0.8463639705718476,0.8442533945374562,1.2848126362457322,2.0203695847339134,2.336318049019743,2.178343816876828,JUNCTION,JUNCTION,True,NONE,ideal_free_path_sector,4.09855887014468,0.3647335801734663,21.676476503624055,15,3,0.0,0.0,0.0,1.0,0.35,-0.25,0.0,anchor_offset
3,3,True,3,0,0,1.0,1.0,1.0,0.8463639705718476,0.8442533945374562,1.2848126362457322,2.0203695847339134,2.336318049019743,2.178343816876828,JUNCTION,JUNCTION,True,NONE,ideal_free_path_sector,4.09855887014468,0.3647335801734663,21.676476503624055,16,3,0.0,0.0,0.0,1.0,0.35,-0.25,0.0,anchor_offset
3,3,True,3,0,0,1.0,1.0,1.0,0.8463639705718476,0.8442533945374562,1.2848126362457322,2.0203695847339134,2.336318049019743,2.178343816876828,JUNCTION,JUNCTION,True,NONE,ideal_free_path_sector,4.09855887014468,0.3647335801734663,21.676476503624055,17,3,0.0,0.0,0.0,1.0,0.35,-0.25,0.0,anchor_offset
3,3,True,3,0,0,1.0,1.0,1.0,0.8463639705718476,0.8442533945374562,1.2848126362457322,2.0203695847339134,2.336318049019743,2.178343816876828,JUNCTION,JUNCTION,True,NONE,ideal_free_path_sector,4.09855887014468,0.3647335801734663,21.676476503624055,18,3,0.0,0.0,0.0,1.0,0.35,-0.25,0.0,anchor_offset
3,3,True,3,0,0,1.0,1.0,1.0,0.8463639705718476,0.8442533945374562,1.2848126362457322,2.0203695847339134,2.336318049019743,2.178343816876828,JUNCTION,JUNCTION,True,NONE,ideal_free_path_sector,4.09855887014468,0.3647335801734663,21.676476503624055,19,3,0.0,0.0,0.0,1.0,0.35,-0.25,0.0,anchor_offset
3,3,True,3,0,0,1.0,1.0,1.0,0.8463639705718476,0.8442533945374562,1.2848126362457322,2.0203695847339134,2.336318049019743,2.178343816876828,JUNCTION,JUNCTION,True,NONE,ideal_free_path_sector,4.09855887014468,0.3647335801734663,21.676476503624055,20,3,0.0,0.0,0.0,1.0,0.35,-0.25,0.0,anchor_offset
3,3,True,3,0,0,1.0,1.0,1.0,0.8463639705718476,0.8442533945374562,1.2848126362457322,2.0203695847339134,2.336318049019743,2.178343816876828,JUNCTION,JUNCTION,True,NONE,ideal_free_path_sector,4.09855887014468,0.3647335801734663,21.676476503624055,21,3,0.0,0.0,0.0,1.0,0.35,-0.25,0.0,anchor_offset
3,3,True,3,0,0,1.0,1.0,1.0,0.8463639705718476,0.8442533945374562,1.2848126362457322,2.0203695847339134,2.336318049019743,2.178343816876828,JUNCTION,JUNCTION,True,NONE,ideal_free_path_sector,4.09855887014468,0.3647335801734663,21.676476503624055,22,3,0.0,0.0,0.0,1.0,0.35,-0.25,0.0,anchor_offset
3,3,True,3,0,0,1.0,1.0,1.0,0.8463639705718476,0.8442533945374562,1.2848126362457322,2.0203695847339134,2.336318049019743,2.178343816876828,JUNCTION,JUNCTION,True,NONE,ideal_free_path_sector,4.09855887014468,0.3647335801734663,21.676476503624055,23,3,0.0,0.0,0.0,1.0,0.35,-0.25,0.0,anchor_offset
3,3,True,3,0,0,1.0,1.0,1.0,0.8463639705718476,0.8442533945374562,1.2848126362457322,2.0203695847339134,2.336318049019743,2.178343816876828,JUNCTION,JUNCTION,True,NONE,ideal_free_path_sector,4.09855887014468,0.3647335801734663,21.676476503624055,24,3,0.0,0.0,0.0,1.0,0.35,-0.25,0.0,anchor_offset
3,3,True,3,0,0,1.0,1.0,1.0,0.8463639705718476,0.8442533945374562,1.2848126362457322,2.0203695847339134,2.336318049019743,2.178343816876828,JUNCTION,JUNCTION,True,NONE,ideal_free_path_sector,4.09855887014468,0.3647335801734663,21.676476503624055,25,3,0.0,0.0,0.0,1.0,0.35,-0.25,0.0,anchor_offset
3,3,True,3,0,0,1.0,1.0,1.0,0.8463639705718476,0.8442533945374562,1.2848126362457322,2.0203695847339134,2.336318049019743,2.178343816876828,JUNCTION,JUNCTION,True,NONE,ideal_free_path_sector,4.09855887014468,0.3647335801734663,21.676476503624055,26,3,0.0,0.0,0.0,1.0,0.35,-0.25,0.0,anchor_offset
4,4,True,4,0,0,1.0,1.0,1.0,0.8896950932424245,0.8884778827474834,1.1092982549769914,1.487792112428167,1.4877921124281457,1.4877921124281563,JUNCTION,JUNCTION,True,NONE,ideal_free_path_sector,4.302424470649063,0.4517688027761607,15.019986254184325,7,4,0.0,0.0,0.0,1.0,0.35,-0.25,0.0,anchor_offset
4,4,True,4,0,0,1.0,1.0,1.0,0.8896950932424245,0.8884778827474834,1.1092982549769914,1.487792112428167,1.4877921124281457,1.4877921124281563,JUNCTION,JUNCTION,True,NONE,ideal_free_path_sector,4.302424470649063,0.4517688027761607,15.019986254184325,8,4,0.0,0.0,0.0,1.0,0.35,-0.25,0.0,anchor_offset
4,4,True,4,0,0,1.0,1.0,1.0,0.8896950932424245,0.8884778827474834,1.1092982549769914,1.487792112428167,1.4877921124281457,1.4877921124281563,JUNCTION,JUNCTION,True,NONE,ideal_free_path_sector,4.302424470649063,0.4517688027761607,15.019986254184325,9,4,0.0,0.0,0.0,1.0,0.35,-0.25,0.0,anchor_offset
4,4,True,4,0,0,1.0,1.0,1.0,0.8896950932424245,0.8884778827474834,1.1092982549769914,1.487792112428167,1.4877921124281457,1.4877921124281563,JUNCTION,JUNCTION,True,NONE,ideal_free_path_sector,4.302424470649063,0.4517688027761607,15.019986254184325,10,4,0.0,0.0,0.0,1.0,0.35,-0.25,0.0,anchor_offset
4,4,True,4,0,0,1.0,1.0,1.0,0.8896950932424245,0.8884778827474834,1.1092982549769914,1.487792112428167,1.4877921124281457,1.4877921124281563,JUNCTION,JUNCTION,True,NONE,ideal_free_path_sector,4.302424470649063,0.4517688027761607,15.019986254184325,11,4,0.0,0.0,0.0,1.0,0.35,-0.25,0.0,anchor_offset
4,4,True,4,0,0,1.0,1.0,1.0,0.8896950932424245,0.8884778827474834,1.1092982549769914,1.487792112428167,1.4877921124281457,1.4877921124281563,JUNCTION,JUNCTION,True,NONE,ideal_free_path_sector,4.302424470649063,0.4517688027761607,15.019986254184325,12,4,0.0,0.0,0.0,1.0,0.35,-0.25,0.0,anchor_offset
4,4,True,4,0,0,1.0,1.0,1.0,0.8896950932424245,0.8884778827474834,1.1092982549769914,1.487792112428167,1.4877921124281457,1.4877921124281563,JUNCTION,JUNCTION,True,NONE,ideal_free_path_sector,4.302424470649063,0.4517688027761607,15.019986254184325,13,4,0.0,0.0,0.0,1.0,0.35,-0.25,0.0,anchor_offset
4,4,True,4,0,0,1.0,1.0,1.0,0.8896950932424245,0.8884778827474834,1.1092982549769914,1.487792112428167,1.4877921124281457,1.4877921124281563,JUNCTION,JUNCTION,True,NONE,ideal_free_path_sector,4.302424470649063,0.4517688027761607,15.019986254184325,14,4,0.0,0.0,0.0,1.0,0.35,-0.25,0.0,anchor_offset
4,4,True,4,0,0,1.0,1.0,1.0,0.8896950932424245,0.8884778827474834,1.1092982549769914,1.487792112428167,1.4877921124281457,1.4877921124281563,JUNCTION,JUNCTION,True,NONE,ideal_free_path_sector,4.302424470649063,0.4517688027761607,15.019986254184325,15,4,0.0,0.0,0.0,1.0,0.35,-0.25,0.0,anchor_offset
4,4,True,4,0,0,1.0,1.0,1.0,0.8896950932424245,0.8884778827474834,1.1092982549769914,1.487792112428167,1.4877921124281457,1.4877921124281563,JUNCTION,JUNCTION,True,NONE,ideal_free_path_sector,4.302424470649063,0.4517688027761607,15.019986254184325,16,4,0.0,0.0,0.0,1.0,0.35,-0.25,0.0,anchor_offset
4,4,True,4,0,0,1.0,1.0,1.0,0.8896950932424245,0.8884778827474834,1.1092982549769914,1.487792112428167,1.4877921124281457,1.4877921124281563,JUNCTION,JUNCTION,True,NONE,ideal_free_path_sector,4.302424470649063,0.4517688027761607,15.019986254184325,17,4,0.0,0.0,0.0,1.0,0.35,-0.25,0.0,anchor_offset
4,4,True,4,0,0,1.0,1.0,1.0,0.8896950932424245,0.8884778827474834,1.1092982549769914,1.487792112428167,1.4877921124281457,1.4877921124281563,JUNCTION,JUNCTION,True,NONE,ideal_free_path_sector,4.302424470649063,0.4517688027761607,15.019986254184325,18,4,0.0,0.0,0.0,1.0,0.35,-0.25,0.0,anchor_offset
4,4,True,4,0,0,1.0,1.0,1.0,0.8896950932424245,0.8884778827474834,1.1092982549769914,1.487792112428167,1.4877921124281457,1.4877921124281563,JUNCTION,JUNCTION,True,NONE,ideal_free_path_sector,4.302424470649063,0.4517688027761607,15.019986254184325,19,4,0.0,0.0,0.0,1.0,0.35,-0.25,0.0,anchor_offset
4,4,True,4,0,0,1.0,1.0,1.0,0.8896950932424245,0.8884778827474834,1.1092982549769914,1.487792112428167,1.4877921124281457,1.4877921124281563,JUNCTION,JUNCTION,True,NONE,ideal_free_path_sector,4.302424470649063,0.4517688027761607,15.019986254184325,20,4,0.0,0.0,0.0,1.0,0.35,-0.25,0.0,anchor_offset
4,4,True,4,0,0,1.0,1.0,1.0,0.8896950932424245,0.8884778827474834,1.1092982549769914,1.487792112428167,1.4877921124281457,1.4877921124281563,JUNCTION,JUNCTION,True,NONE,ideal_free_path_sector,4.302424470649063,0.4517688027761607,15.019986254184325,21,4,0.0,0.0,0.0,1.0,0.35,-0.25,0.0,anchor_offset
4,4,True,4,0,0,1.0,1.0,1.0,0.8896950932424245,0.8884778827474834,1.1092982549769914,1.487792112428167,1.4877921124281457,1.4877921124281563,JUNCTION,JUNCTION,True,NONE,ideal_free_path_sector,4.302424470649063,0.4517688027761607,15.019986254184325,22,4,0.0,0.0,0.0,1.0,0.35,-0.25,0.0,anchor_offset
4,4,True,4,0,0,1.0,1.0,1.0,0.8896950932424245,0.8884778827474834,1.1092982549769914,1.487792112428167,1.4877921124281457,1.4877921124281563,JUNCTION,JUNCTION,True,NONE,ideal_free_path_sector,4.302424470649063,0.4517688027761607,15.019986254184325,23,4,0.0,0.0,0.0,1.0,0.35,-0.25,0.0,anchor_offset
4,4,True,4,0,0,1.0,1.0,1.0,0.8896950932424245,0.8884778827474834,1.1092982549769914,1.487792112428167,1.4877921124281457,1.4877921124281563,JUNCTION,JUNCTION,True,NONE,ideal_free_path_sector,4.302424470649063,0.4517688027761607,15.019986254184325,24,4,0.0,0.0,0.0,1.0,0.35,-0.25,0.0,anchor_offset
4,4,True,4,0,0,1.0,1.0,1.0,0.8896950932424245,0.8884778827474834,1.1092982549769914,1.487792112428167,1.4877921124281457,1.4877921124281563,JUNCTION,JUNCTION,True,NONE,ideal_free_path_sector,4.302424470649063,0.4517688027761607,15.019986254184325,25,4,0.0,0.0,0.0,1.0,0.35,-0.25,0.0,anchor_offset
4,4,True,4,0,0,1.0,1.0,1.0,0.8896950932424245,0.8884778827474834,1.1092982549769914,1.487792112428167,1.4877921124281457,1.4877921124281563,JUNCTION,JUNCTION,True,NONE,ideal_free_path_sector,4.302424470649063,0.4517688027761607,15.019986254184325,26,4,0.0,0.0,0.0,1.0,0.35,-0.25,0.0,anchor_offset
5,5,True,5,0,0,1.0,1.0,1.0,0.9425036319910177,0.9325558603358798,0.6473313549192141,0.7391508599267865,0.7378287861461388,0.7384898230364627,JUNCTION,JUNCTION,True,NONE,ideal_free_path_sector,4.517131222764173,0.5747690782253281,9.222659319958291,7,5,0.0,0.0,0.0,1.0,0.35,-0.25,0.0,anchor_offset
5,5,True,5,0,0,1.0,1.0,1.0,0.9425036319910177,0.9325558603358798,0.6473313549192141,0.7391508599267865,0.7378287861461388,0.7384898230364627,JUNCTION,JUNCTION,True,NONE,ideal_free_path_sector,4.517131222764173,0.5747690782253281,9.222659319958291,8,5,0.0,0.0,0.0,1.0,0.35,-0.25,0.0,anchor_offset
5,5,True,5,0,0,1.0,1.0,1.0,0.9425036319910177,0.9325558603358798,0.6473313549192141,0.7391508599267865,0.7378287861461388,0.7384898230364627,JUNCTION,JUNCTION,True,NONE,ideal_free_path_sector,4.517131222764173,0.5747690782253281,9.222659319958291,9,5,0.0,0.0,0.0,1.0,0.35,-0.25,0.0,anchor_offset
5,5,True,5,0,0,1.0,1.0,1.0,0.9425036319910177,0.9325558603358798,0.6473313549192141,0.7391508599267865,0.7378287861461388,0.7384898230364627,JUNCTION,JUNCTION,True,NONE,ideal_free_path_sector,4.517131222764173,0.5747690782253281,9.222659319958291,10,5,0.0,0.0,0.0,1.0,0.35,-0.25,0.0,anchor_offset
5,5,True,5,0,0,1.0,1.0,1.0,0.9425036319910177,0.9325558603358798,0.6473313549192141,0.7391508599267865,0.7378287861461388,0.7384898230364627,JUNCTION,JUNCTION,True,NONE,ideal_free_path_sector,4.517131222764173,0.5747690782253281,9.222659319958291,11,5,0.0,0.0,0.0,1.0,0.35,-0.25,0.0,anchor_offset
5,5,True,5,0,0,1.0,1.0,1.0,0.9425036319910177,0.9325558603358798,0.6473313549192141,0.7391508599267865,0.7378287861461388,0.7384898230364627,JUNCTION,JUNCTION,True,NONE,ideal_free_path_sector,4.517131222764173,0.5747690782253281,9.222659319958291,12,5,0.0,0.0,0.0,1.0,0.35,-0.25,0.0,anchor_offset
5,5,True,5,0,0,1.0,1.0,1.0,0.9425036319910177,0.9325558603358798,0.6473313549192141,0.7391508599267865,0.7378287861461388,0.7384898230364627,JUNCTION,JUNCTION,True,NONE,ideal_free_path_sector,4.517131222764173,0.5747690782253281,9.222659319958291,13,5,0.0,0.0,0.0,1.0,0.35,-0.25,0.0,anchor_offset
5,5,True,5,0,0,1.0,1.0,1.0,0.9425036319910177,0.9325558603358798,0.6473313549192141,0.7391508599267865,0.7378287861461388,0.7384898230364627,JUNCTION,JUNCTION,True,NONE,ideal_free_path_sector,4.517131222764173,0.5747690782253281,9.222659319958291,14,5,0.0,0.0,0.0,1.0,0.35,-0.25,0.0,anchor_offset
5,5,True,5,0,0,1.0,1.0,1.0,0.9425036319910177,0.9325558603358798,0.6473313549192141,0.7391508599267865,0.7378287861461388,0.7384898230364627,JUNCTION,JUNCTION,True,NONE,ideal_free_path_sector,4.517131222764173,0.5747690782253281,9.222659319958291,15,5,0.0,0.0,0.0,1.0,0.35,-0.25,0.0,anchor_offset
5,5,True,5,0,0,1.0,1.0,1.0,0.9425036319910177,0.9325558603358798,0.6473313549192141,0.7391508599267865,0.7378287861461388,0.7384898230364627,JUNCTION,JUNCTION,True,NONE,ideal_free_path_sector,4.517131222764173,0.5747690782253281,9.222659319958291,16,5,0.0,0.0,0.0,1.0,0.35,-0.25,0.0,anchor_offset
5,5,True,5,0,0,1.0,1.0,1.0,0.9425036319910177,0.9325558603358798,0.6473313549192141,0.7391508599267865,0.7378287861461388,0.7384898230364627,JUNCTION,JUNCTION,True,NONE,ideal_free_path_sector,4.517131222764173,0.5747690782253281,9.222659319958291,17,5,0.0,0.0,0.0,1.0,0.35,-0.25,0.0,anchor_offset
5,5,True,5,0,0,1.0,1.0,1.0,0.9425036319910177,0.9325558603358798,0.6473313549192141,0.7391508599267865,0.7378287861461388,0.7384898230364627,JUNCTION,JUNCTION,True,NONE,ideal_free_path_sector,4.517131222764173,0.5747690782253281,9.222659319958291,18,5,0.0,0.0,0.0,1.0,0.35,-0.25,0.0,anchor_offset
5,5,True,5,0,0,1.0,1.0,1.0,0.9425036319910177,0.9325558603358798,0.6473313549192141,0.7391508599267865,0.7378287861461388,0.7384898230364627,JUNCTION,JUNCTION,True,NONE,ideal_free_path_sector,4.517131222764173,0.5747690782253281,9.222659319958291,19,5,0.0,0.0,0.0,1.0,0.35,-0.25,0.0,anchor_offset
5,5,True,5,0,0,1.0,1.0,1.0,0.9425036319910177,0.9325558603358798,0.6473313549192141,0.7391508599267865,0.7378287861461388,0.7384898230364627,JUNCTION,JUNCTION,True,NONE,ideal_free_path_sector,4.517131222764173,0.5747690782253281,9.222659319958291,20,5,0.0,0.0,0.0,1.0,0.35,-0.25,0.0,anchor_offset
5,5,True,5,0,0,1.0,1.0,1.0,0.9425036319910177,0.9325558603358798,0.6473313549192141,0.7391508599267865,0.7378287861461388,0.7384898230364627,JUNCTION,JUNCTION,True,NONE,ideal_free_path_sector,4.517131222764173,0.5747690782253281,9.222659319958291,21,5,0.0,0.0,0.0,1.0,0.35,-0.25,0.0,anchor_offset
5,5,True,5,0,0,1.0,1.0,1.0,0.9425036319910177,0.9325558603358798,0.6473313549192141,0.7391508599267865,0.7378287861461388,0.7384898230364627,JUNCTION,JUNCTION,True,NONE,ideal_free_path_sector,4.517131222764173,0.5747690782253281,9.222659319958291,22,5,0.0,0.0,0.0,1.0,0.35,-0.25,0.0,anchor_offset
5,5,True,5,0,0,1.0,1.0,1.0,0.9425036319910177,0.9325558603358798,0.6473313549192141,0.7391508599267865,0.7378287861461388,0.7384898230364627,JUNCTION,JUNCTION,True,NONE,ideal_free_path_sector,4.517131222764173,0.5747690782253281,9.222659319958291,23,5,0.0,0.0,0.0,1.0,0.35,-0.25,0.0,anchor_offset
5,5,True,5,0,0,1.0,1.0,1.0,0.9425036319910177,0.9325558603358798,0.6473313549192141,0.7391508599267865,0.7378287861461388,0.7384898230364627,JUNCTION,JUNCTION,True,NONE,ideal_free_path_sector,4.517131222764173,0.5747690782253281,9.222659319958291,24,5,0.0,0.0,0.0,1.0,0.35,-0.25,0.0,anchor_offset
5,5,True,5,0,0,1.0,1.0,1.0,0.9425036319910177,0.9325558603358798,0.6473313549192141,0.7391508599267865,0.7378287861461388,0.7384898230364627,JUNCTION,JUNCTION,True,NONE,ideal_free_path_sector,4.517131222764173,0.5747690782253281,9.222659319958291,25,5,0.0,0.0,0.0,1.0,0.35,-0.25,0.0,anchor_offset
5,5,True,5,0,0,1.0,1.0,1.0,0.9425036319910177,0.9325558603358798,0.6473313549192141,0.7391508599267865,0.7378287861461388,0.7384898230364627,JUNCTION,JUNCTION,True,NONE,ideal_free_path_sector,4.517131222764173,0.5747690782253281,9.222659319958291,26,5,0.0,0.0,0.0,1.0,0.35,-0.25,0.0,anchor_offset
2,3,False,2,1,0,0.6666666666666666,1.0,0.8,0.8458766140130096,0.8109261941528855,1.1776315845003182,1.3223684154996675,3.6776315845003325,2.5,CORRIDOR,JUNCTION,False,opening_count_mismatch;false_positive_opening;topology_mismatch,ideal_free_path_sector,4.084069801112798,0.4551928417098176,18.888783173786294,7,2,0.03,0.05,0.4,0.9,0.2,-0.15,0.0,combined_mild
2,2,True,2,0,0,1.0,1.0,1.0,0.6588623547527912,0.3734528525704078,10.75,1.8223684154996675,22.80879160232452,12.315580008912093,CORRIDOR,CORRIDOR,True,low_opening_iou,ideal_free_path_sector,4.084069801112798,0.4481980294415331,22.583728256149016,8,2,0.03,0.05,0.4,0.9,0.2,-0.15,0.0,combined_mild
2,2,True,2,0,0,1.0,1.0,1.0,0.7865690465930919,0.7847376266486562,2.25,1.8223684154996675,5.8087916023245185,3.815580008912093,CORRIDOR,CORRIDOR,True,NONE,ideal_free_path_sector,4.084069801112798,0.5302557244119485,16.138783173786294,9,2,0.03,0.05,0.4,0.9,0.2,-0.15,0.0,combined_mild
2,3,False,2,1,0,0.6666666666666666,1.0,0.8,0.7880581598855527,0.6600562045430464,3.5723684154996818,7.8223684154996675,0.6776315845003325,4.25,CORRIDOR,JUNCTION,False,opening_count_mismatch;false_positive_opening;topology_mismatch,ideal_free_path_sector,4.084069801112798,0.5277308689381992,16.638783173786294,10,2,0.03,0.05,0.4,0.9,0.2,-0.15,0.0,combined_mild
2,2,True,2,0,0,1.0,1.0,1.0,0.7733925404127193,0.7358588866725525,3.3223684154996818,4.8087916023245185,3.3223684154996675,4.065580008912093,CORRIDOR,CORRIDOR,True,NONE,ideal_free_path_sector,4.084069801112798,0.5220238587210411,16.388783173786294,11,2,0.03,0.05,0.4,0.9,0.2,-0.15,0.0,combined_mild
2,3,False,2,1,0,0.6666666666666666,1.0,0.8,0.5808706055108621,0.3600112097163167,13.0,23.80879160232452,2.1912083976754815,13.0,CORRIDOR,JUNCTION,False,opening_count_mismatch;false_positive_opening;low_opening_iou;topology_mismatch,ideal_free_path_sector,4.084069801112798,0.5067121518648727,19.515784025519153,12,2,0.03,0.05,0.4,0.9,0.2,-0.15,0.0,combined_mild
2,2,True,2,0,0,1.0,1.0,1.0,0.8138663695069746,0.7469057051408156,0.75,2.8223684154996675,3.6776315845003325,3.25,CORRIDOR,CORRIDOR,True,NONE,ideal_free_path_sector,4.084069801112798,0.4798884387825398,18.138783173786294,13,2,0.03,0.05,0.4,0.9,0.2,-0.15,0.0,combined_mild
2,4,False,2,2,0,0.5,1.0,0.6666666666666666,0.713967627460693,0.6170090607684998,1.0723684154996818,5.3087916023245185,6.8087916023245185,6.0587916023245185,CORRIDOR,JUNCTION,False,opening_count_mismatch;false_positive_opening;topology_mismatch,ideal_free_path_sector,4.084069801112798,0.6125743813210224,13.638783173786294,14,2,0.03,0.05,0.4,0.9,0.2,-0.15,0.0,combined_mild
2,3,False,2,1,0,0.6666666666666666,1.0,0.8,0.78958040023474,0.7265492374766517,3.75,1.1912083976754815,6.3087916023245185,3.75,CORRIDOR,JUNCTION,False,opening_count_mismatch;false_positive_opening;topology_mismatch,ideal_free_path_sector,4.084069801112798,0.505072081597244,17.138783173786294,15,2,0.03,0.05,0.4,0.9,0.2,-0.15,0.0,combined_mild
2,3,False,2,1,0,0.6666666666666666,1.0,0.8,0.8646706168372852,0.8109261941528861,2.0,1.1776315845003325,3.3087916023245185,2.2432115934124255,CORRIDOR,JUNCTION,False,opening_count_mismatch;false_positive_opening;topology_mismatch,ideal_free_path_sector,4.084069801112798,0.4561689331937818,18.388783173786294,16,2,0.03,0.05,0.4,0.9,0.2,-0.15,0.0,combined_mild
2,2,True,2,0,0,1.0,1.0,1.0,0.5463608333569469,0.32562932089359614,16.0,31.30879160232452,0.8223684154996675,16.065580008912093,CORRIDOR,CORRIDOR,True,low_opening_iou,ideal_free_path_sector,4.084069801112798,0.4770626932759689,22.57405202018819,17,2,0.03,0.05,0.4,0.9,0.2,-0.15,0.0,combined_mild
2,2,True,2,0,0,1.0,1.0,1.0,0.8226542660491332,0.6922540681792925,2.75,5.8087916023245185,1.1776315845003325,3.4932115934124255,CORRIDOR,CORRIDOR,True,NONE,ideal_free_path_sector,4.084069801112798,0.524633340958629,16.638783173786294,18,2,0.03,0.05,0.4,0.9,0.2,-0.15,0.0,combined_mild
2,2,True,2,0,0,1.0,1.0,1.0,0.8009346551947223,0.7670923458202976,0.75,4.3087916023245185,2.8087916023245185,3.5587916023245185,CORRIDOR,CORRIDOR,True,NONE,ideal_free_path_sector,4.084069801112798,0.5271581964323784,16.138783173786294,19,2,0.03,0.05,0.4,0.9,0.2,-0.15,0.0,combined_mild
2,4,False,2,2,0,0.5,1.0,0.6666666666666666,0.7393035207632295,0.7317013363856428,3.6776315845003182,5.1776315845003325,4.3087916023245185,4.7432115934124255,CORRIDOR,JUNCTION,False,opening_count_mismatch;false_positive_opening;topology_mismatch,ideal_free_path_sector,4.084069801112798,0.5173775667516858,16.388783173786294,20,2,0.03,0.05,0.4,0.9,0.2,-0.15,0.0,combined_mild
2,2,True,2,0,0,1.0,1.0,1.0,0.5564547408818724,0.26731552924553653,18.75,36.82236841549967,2.1912083976754815,19.506788406587575,CORRIDOR,CORRIDOR,True,low_opening_iou,ideal_free_path_sector,4.084069801112798,0.3542499691165977,30.32405202018819,21,2,0.03,0.05,0.4,0.9,0.2,-0.15,0.0,combined_mild
2,2,True,2,0,0,1.0,1.0,1.0,0.7381571628741153,0.6307203732300221,1.4276315845003182,3.8223684154996675,6.6776315845003325,5.25,CORRIDOR,CORRIDOR,True,NONE,ideal_free_path_sector,4.084069801112798,0.5308283969177692,16.638783173786294,22,2,0.03,0.05,0.4,0.9,0.2,-0.15,0.0,combined_mild
2,3,False,2,1,0,0.6666666666666666,1.0,0.8,0.8805536023090671,0.8805536023090667,1.8223684154996818,1.8223684154996675,1.8223684154996675,1.8223684154996675,CORRIDOR,JUNCTION,False,opening_count_mismatch;false_positive_opening;topology_mismatch,ideal_free_path_sector,4.084069801112798,0.43253405436886255,19.388783173786294,23,2,0.03,0.05,0.4,0.9,0.2,-0.15,0.0,combined_mild
2,2,True,2,0,0,1.0,1.0,1.0,0.830646266313827,0.8265155680585065,2.0,2.1776315845003325,3.3087916023245185,2.7432115934124255,CORRIDOR,CORRIDOR,True,NONE,ideal_free_path_sector,4.084069801112798,0.45771769718356686,18.388783173786294,24,2,0.03,0.05,0.4,0.9,0.2,-0.15,0.0,combined_mild
2,3,False,2,1,0,0.6666666666666666,1.0,0.8,0.6727467149258737,0.3942002332687639,3.75,7.6776315845003325,14.822368415499668,11.25,CORRIDOR,JUNCTION,False,opening_count_mismatch;false_positive_opening;low_opening_iou;topology_mismatch,ideal_free_path_sector,4.084069801112798,0.6544700333746688,11.104002045716229,25,2,0.03,0.05,0.4,0.9,0.2,-0.15,0.0,combined_mild
2,3,False,2,1,0,0.6666666666666666,1.0,0.8,0.8415603979713899,0.7670606807147209,2.25,1.1912083976754815,4.1776315845003325,2.684419991087907,CORRIDOR,JUNCTION,False,opening_count_mismatch;false_positive_opening;topology_mismatch,ideal_free_path_sector,4.084069801112798,0.46187594341093996,18.638783173786294,26,2,0.03,0.05,0.4,0.9,0.2,-0.15,0.0,combined_mild
3,3,True,3,0,0,1.0,1.0,1.0,0.6945904112353878,0.5328543224829578,4.899272453112673,10.755582573461803,2.7656994518174827,6.760641012639643,JUNCTION,JUNCTION,True,NONE,ideal_free_path_sector,4.119094080713387,0.5376133762176468,16.20524193845874,7,3,0.03,0.05,0.4,0.9,0.2,-0.15,0.0,combined_mild
3,4,False,3,1,0,0.75,1.0,0.8571428571428571,0.8296160037648986,0.7831405738503979,1.2298061188740708,3.475809112320178,1.887048514129911,2.6814288132250446,JUNCTION,JUNCTION,True,opening_count_mismatch;false_positive_opening,ideal_free_path_sector,4.119094080713387,0.41786522266933107,19.731342767259402,8,3,0.03,0.05,0.4,0.9,0.2,-0.15,0.0,combined_mild
3,3,True,3,0,0,1.0,1.0,1.0,0.8091387418007511,0.6395015023221604,1.165301727108395,2.967154545592109,4.446284819203423,3.706719682397766,JUNCTION,JUNCTION,True,NONE,ideal_free_path_sector,4.119094080713387,0.49092898024969256,17.064676100592735,9,3,0.03,0.05,0.4,0.9,0.2,-0.15,0.0,combined_mild
3,4,False,3,1,0,0.75,1.0,0.8571428571428571,0.8397786553669734,0.821815698810169,2.0013649395582718,3.032845454407891,1.9138139723214351,2.473329713364663,JUNCTION,JUNCTION,True,opening_count_mismatch;false_positive_opening,ideal_free_path_sector,4.119094080713387,0.42588300405921103,19.564676100592735,10,3,0.03,0.05,0.4,0.9,0.2,-0.15,0.0,combined_mild
3,3,True,3,0,0,1.0,1.0,1.0,0.8098838001481585,0.6545015682741749,0.7056197009048617,3.8014537686259096,3.2610660063740418,3.5312598874999757,JUNCTION,JUNCTION,True,NONE,ideal_free_path_sector,4.119094080713387,0.4739983947200006,18.231342767259402,11,3,0.03,0.05,0.4,0.9,0.2,-0.15,0.0,combined_mild
3,4,False,3,1,0,0.75,1.0,0.8571428571428571,0.8392168623368832,0.8275901794757371,2.1007275468873274,3.3004878789254426,1.7796181525367558,2.540053015731099,JUNCTION,JUNCTION,True,opening_count_mismatch;false_positive_opening,ideal_free_path_sector,4.119094080713387,0.44205569377859316,18.898009433926067,12,3,0.03,0.05,0.4,0.9,0.2,-0.15,0.0,combined_mild
3,3,True,3,0,0,1.0,1.0,1.0,0.6865233647868577,0.6545015682741749,4.399272453112673,8.03284545440789,4.752852694345232,6.392849074376561,JUNCTION,JUNCTION,True,NONE,ideal_free_path_sector,4.119094080713387,0.6019788926383615,13.7313427672594,13,3,0.03,0.05,0.4,0.9,0.2,-0.15,0.0,combined_mild
3,4,False,3,1,0,0.75,1.0,0.8571428571428571,0.7648489322899751,0.6116970891777187,0.2701938811259292,4.857524221013155,4.779618152536756,4.818571186774956,JUNCTION,JUNCTION,True,opening_count_mismatch;false_positive_opening,ideal_free_path_sector,4.119094080713387,0.5387045563688999,15.564676100592735,14,3,0.03,0.05,0.4,0.9,0.2,-0.15,0.0,combined_mild
3,3,True,3,0,0,1.0,1.0,1.0,0.7978055201035907,0.6876356258198616,1.6035272144592625,5.032845454407891,2.567633881515851,3.8002396679618706,JUNCTION,JUNCTION,True,NONE,ideal_free_path_sector,4.119094080713387,0.5180798157403668,16.564676100592735,15,3,0.03,0.05,0.4,0.9,0.2,-0.15,0.0,combined_mild
3,3,True,3,0,0,1.0,1.0,1.0,0.7044990238567533,0.6265124590803183,3.1680316062249383,7.755582573461804,3.8870485141299107,5.8213155437958575,JUNCTION,JUNCTION,True,NONE,ideal_free_path_sector,4.119094080713387,0.5590028833555728,15.064676100592735,16,3,0.03,0.05,0.4,0.9,0.2,-0.15,0.0,combined_mild
3,3,True,3,0,0,1.0,1.0,1.0,0.8569185540337254,0.7228989912465211,0.7056197009048617,1.8091424456535112,3.220381847463244,2.5147621465583776,JUNCTION,JUNCTION,True,NONE,ideal_free_path_sector,4.119094080713387,0.45159061514237436,18.564676100592735,17,3,0.03,0.05,0.4,0.9,0.2,-0.15,0.0,combined_mild
3,3,True,3,0,0,1.0,1.0,1.0,0.8690438948392254,0.7604139794660657,2.1007275468873274,0.9671545455921091,3.2343005481825173,2.1007275468873132,JUNCTION,JUNCTION,True,NONE,ideal_free_path_sector,4.119094080713387,0.4366430594571722,19.231342767259402,18,3,0.03,0.05,0.4,0.9,0.2,-0.15,0.0,combined_mild
3,4,False,3,1,0,0.75,1.0,0.8571428571428571,0.8540880856531629,0.8210177744234352,1.7056197009048617,0.5777507598715298,3.8870485141299107,2.23239963700072,JUNCTION,JUNCTION,True,opening_count_mismatch;false_positive_opening,ideal_free_path_sector,4.119094080713387,0.4124492381229797,19.898009433926067,19,3,0.03,0.05,0.4,0.9,0.2,-0.15,0.0,combined_mild
3,4,False,3,1,0,0.75,1.0,0.8571428571428571,0.8682420706964846,0.8642502320112546,2.063139452207404,1.8652128980407572,2.2610660063740418,2.0631394522073996,JUNCTION,JUNCTION,True,opening_count_mismatch;false_positive_opening,ideal_free_path_sector,4.119094080713387,0.45398437228736355,18.564676100592735,20,3,0.03,0.05,0.4,0.9,0.2,-0.15,0.0,combined_mild
3,3,True,3,0,0,1.0,1.0,1.0,0.8425715836035753,0.7460123219286579,2.434060880220661,1.2444174265381964,3.900967214849184,2.5726923206936902,JUNCTION,JUNCTION,True,NONE,ideal_free_path_sector,4.119094080713387,0.43897260429310525,19.231342767259402,21,3,0.03,0.05,0.4,0.9,0.2,-0.15,0.0,combined_mild
3,3,True,3,0,0,1.0,1.0,1.0,0.8323583285081807,0.7767178319247867,2.6007275468873274,3.3004878789254426,1.9277326730407083,2.614110275983075,JUNCTION,JUNCTION,True,NONE,ideal_free_path_sector,4.119094080713387,0.41806556098218506,19.731342767259402,22,3,0.03,0.05,0.4,0.9,0.2,-0.15,0.0,combined_mild
3,3,True,3,0,0,1.0,1.0,1.0,0.6875583393643797,0.46739649669286587,6.0659391197793395,13.03284545440789,2.220381847463244,7.6266136509355675,JUNCTION,JUNCTION,True,low_opening_iou,ideal_free_path_sector,4.119094080713387,0.5108172828585171,17.70524193845874,23,3,0.03,0.05,0.4,0.9,0.2,-0.15,0.0,combined_mild
3,3,True,3,0,0,1.0,1.0,1.0,0.7607824196386259,0.6545015682741749,2.3346982728916053,6.032845454407891,2.9277326730407083,4.4802890637243,JUNCTION,JUNCTION,True,NONE,ideal_free_path_sector,4.119094080713387,0.5134839374417325,16.898009433926067,24,3,0.03,0.05,0.4,0.9,0.2,-0.15,0.0,combined_mild
3,3,True,3,0,0,1.0,1.0,1.0,0.727290825601958,0.6862942951750015,2.6007275468873274,2.8575242210131555,7.752852694345232,5.3051884576791934,JUNCTION,JUNCTION,True,NONE,ideal_free_path_sector,4.119094080713387,0.5756558647810899,14.398009433926068,25,3,0.03,0.05,0.4,0.9,0.2,-0.15,0.0,combined_mild
3,4,False,3,1,0,0.75,1.0,0.8571428571428571,0.6753298893969532,0.5813044797698234,4.872286367571529,8.42224924012847,5.220381847463244,6.8213155437958575,JUNCTION,JUNCTION,True,opening_count_mismatch;false_positive_opening,ideal_free_path_sector,4.119094080713387,0.571340940811561,14.398009433926068,26,3,0.03,0.05,0.4,0.9,0.2,-0.15,0.0,combined_mild
4,5,False,4,1,0,0.8,1.0,0.888888888888889,0.8625881045689556,0.8153080866802738,2.098773407878042,1.4605684080059689,2.855834926104059,2.158201667055014,JUNCTION,JUNCTION,True,opening_count_mismatch;false_positive_opening,ideal_free_path_sector,4.301350939277392,0.5548910354977418,12.158777854978364,7,4,0.03,0.05,0.4,0.9,0.2,-0.15,0.0,combined_mild
4,4,True,4,0,0,1.0,1.0,1.0,0.8591128210345227,0.7924105384109081,0.7429384817739901,2.5013054236351877,1.7105684080059476,2.1059369158205676,JUNCTION,JUNCTION,True,NONE,ideal_free_path_sector,4.301350939277392,0.5047679138757081,13.408777854978364,8,4,0.03,0.05,0.4,0.9,0.2,-0.15,0.0,combined_mild
4,4,True,4,0,0,1.0,1.0,1.0,0.6714022235178542,0.3368397500063957,7.283288110347968,13.6465719417333,5.2777154233793695,9.462143682556334,JUNCTION,JUNCTION,True,low_opening_iou,ideal_free_path_sector,4.301350939277392,0.6317959207834036,11.646360219555017,9,4,0.03,0.05,0.4,0.9,0.2,-0.15,0.0,combined_mild
4,4,True,4,0,0,1.0,1.0,1.0,0.876009811879958,0.7697702373134536,1.1179384817739901,2.5013054236351877,1.4605684080059476,1.9809369158205676,JUNCTION,JUNCTION,True,NONE,ideal_free_path_sector,4.301350939277392,0.5371323363607505,12.533777854978364,10,4,0.03,0.05,0.4,0.9,0.2,-0.15,0.0,combined_mild
4,4,True,4,0,0,1.0,1.0,1.0,0.7920578260883651,0.7485327777919906,2.223773407878042,2.6058349261040803,4.5277154233793695,3.566775174741725,JUNCTION,JUNCTION,True,NONE,ideal_free_path_sector,4.301350939277392,0.6251268253171396,10.283777854978364,11,4,0.03,0.05,0.4,0.9,0.2,-0.15,0.0,combined_mild
4,4,True,4,0,0,1.0,1.0,1.0,0.8118568783269913,0.7452614798380959,1.875,1.7486945763648123,4.5277154233793695,3.138204999872091,JUNCTION,JUNCTION,True,NONE,ideal_free_path_sector,4.301350939277392,0.5973204749105191,10.908777854978364,12,4,0.03,0.05,0.4,0.9,0.2,-0.15,0.0,combined_mild
4,4,True,4,0,0,1.0,1.0,1.0,0.7662585880429305,0.6415995238217059,0.875,4.248694576364812,4.4869784077501365,4.367836492057474,JUNCTION,JUNCTION,True,NONE,ideal_free_path_sector,4.301350939277392,0.6265831056290287,10.158777854978364,13,4,0.03,0.05,0.4,0.9,0.2,-0.15,0.0,combined_mild
4,4,True,4,0,0,1.0,1.0,1.0,0.8519743753596083,0.8093612732014849,1.9082881103479679,3.039431591994031,1.617551094718742,2.3284913433563865,JUNCTION,JUNCTION,True,NONE,ideal_free_path_sector,4.301350939277392,0.5557813625816377,12.033777854978364,14,4,0.03,0.05,0.4,0.9,0.2,-0.15,0.0,combined_mild
4,4,True,4,0,0,1.0,1.0,1.0,0.8942117275632862,0.7699194285860474,0.6179384817739901,1.4869784077501436,1.853428058266708,1.6702032330084258,JUNCTION,JUNCTION,True,NONE,ideal_free_path_sector,4.301350939277392,0.5286982170940839,12.783777854978364,15,4,0.03,0.05,0.4,0.9,0.2,-0.15,0.0,combined_mild
4,4,True,4,0,0,1.0,1.0,1.0,0.8479834853289598,0.7483877307214133,1.6582881103479679,3.039431591994031,2.146571941733292,2.5930017668636616,JUNCTION,JUNCTION,True,NONE,ideal_free_path_sector,4.301350939277392,0.5852345690451406,11.283777854978364,16,4,0.03,0.05,0.4,0.9,0.2,-0.15,0.0,combined_mild
4,5,False,4,1,0,0.8,1.0,0.888888888888889,0.791605494496087,0.5397058208321495,3.901226592121958,5.908288110347968,2.5394315919940524,4.22385985117101,JUNCTION,JUNCTION,True,opening_count_mismatch;false_positive_opening,ideal_free_path_sector,4.301350939277392,0.584025087046657,11.587868868699307,17,4,0.03,0.05,0.4,0.9,0.2,-0.15,0.0,combined_mild
4,5,False,4,1,0,0.8,1.0,0.888888888888889,0.9158529755510698,0.8676836810361003,1.0332881103479679,2.158288110347968,0.26302159224986355,1.2106548512989157,JUNCTION,JUNCTION,True,opening_count_mismatch;false_positive_opening,ideal_free_path_sector,4.301350939277392,0.5036375324172702,13.408777854978364,18,4,0.03,0.05,0.4,0.9,0.2,-0.15,0.0,combined_mild
4,4,True,4,0,0,1.0,1.0,1.0,0.8295591888946269,0.7483877307214123,1.7570615182260099,3.146571941733299,2.408288110347975,2.777430026040637,JUNCTION,JUNCTION,True,NONE,ideal_free_path_sector,4.301350939277392,0.5842014394529418,11.408777854978364,19,4,0.03,0.05,0.4,0.9,0.2,-0.15,0.0,combined_mild
4,4,True,4,0,0,1.0,1.0,1.0,0.8422942983224205,0.6909533333464526,1.223773407878042,2.591711889652032,2.896571941733292,2.744141915692662,JUNCTION,JUNCTION,True,NONE,ideal_free_path_sector,4.301350939277392,0.5896130650997317,11.283777854978364,20,4,0.03,0.05,0.4,0.9,0.2,-0.15,0.0,combined_mild
4,4,True,4,0,0,1.0,1.0,1.0,0.7992094024945333,0.7281610352965092,1.8679384817739901,4.632448905281251,2.2894315919940524,3.4609402486376517,JUNCTION,JUNCTION,True,NONE,ideal_free_path_sector,4.301350939277392,0.6180629614881431,10.533777854978364,21,4,0.03,0.05,0.4,0.9,0.2,-0.15,0.0,combined_mild
4,4,True,4,0,0,1.0,1.0,1.0,0.8022823669088968,0.48994872728203004,3.526226592121958,1.2894315919940311,7.748694576364819,4.519063084179425,JUNCTION,JUNCTION,True,low_opening_iou,ideal_free_path_sector,4.301350939277392,0.5396176722318529,13.000643830065936,22,4,0.03,0.05,0.4,0.9,0.2,-0.15,0.0,combined_mild
4,4,True,4,0,0,1.0,1.0,1.0,0.8933415201252046,0.8164229789688134,0.875,1.4605684080059689,1.7894315919940524,1.6250000000000107,JUNCTION,JUNCTION,True,NONE,ideal_free_path_sector,4.301350939277392,0.5378166547052635,12.658777854978364,23,4,0.03,0.05,0.4,0.9,0.2,-0.15,0.0,combined_mild
4,4,True,4,0,0,1.0,1.0,1.0,0.8157521150863973,0.660257831055044,2.99293848177399,3.2486945763648123,2.882448905281258,3.065571740823035,JUNCTION,JUNCTION,True,NONE,ideal_free_path_sector,4.301350939277392,0.5620395169386658,11.908777854978364,24,4,0.03,0.05,0.4,0.9,0.2,-0.15,0.0,combined_mild
4,4,True,4,0,0,1.0,1.0,1.0,0.675451057923524,0.5282736922739381,5.25,11.777715423379362,1.896571941733292,6.837143682556327,JUNCTION,JUNCTION,True,NONE,ideal_free_path_sector,4.301350939277392,0.6678327928159753,9.399862797238821,25,4,0.03,0.05,0.4,0.9,0.2,-0.15,0.0,combined_mild
4,4,True,4,0,0,1.0,1.0,1.0,0.8488830161771487,0.7281610352965102,0.875,1.8941650738959197,3.2369784077501365,2.565571740823028,JUNCTION,JUNCTION,True,NONE,ideal_free_path_sector,4.301350939277392,0.5693696874624465,11.658777854978364,26,4,0.03,0.05,0.4,0.9,0.2,-0.15,0.0,combined_mild
5,5,True,5,0,0,1.0,1.0,1.0,0.7865939578314515,0.7095570279799056,1.7481302894244208,3.9767172416020573,3.1972544176876454,3.5869858296448514,JUNCTION,JUNCTION,True,NONE,ideal_free_path_sector,4.528402203033367,0.7577463482472319,5.223618279384269,7,5,0.03,0.05,0.4,0.9,0.2,-0.15,0.0,combined_mild
5,6,False,5,1,0,0.8333333333333334,1.0,0.9090909090909091,0.903720278040361,0.8054115694098869,1.300049048069218,0.4822047966029004,2.3598177809053253,1.4210112887541129,JUNCTION,JUNCTION,True,opening_count_mismatch;false_positive_opening,ideal_free_path_sector,4.528402203033367,0.6434513925957986,7.723618279384269,8,5,0.03,0.05,0.4,0.9,0.2,-0.15,0.0,combined_mild
5,5,True,5,0,0,1.0,1.0,1.0,0.7900968768877832,0.7095570279799056,1.9329987649898612,3.8047001053890765,3.080456662753227,3.442578384071152,JUNCTION,JUNCTION,True,NONE,ideal_free_path_sector,4.528402203033367,0.7461129769367808,5.5236182793842685,9,5,0.03,0.05,0.4,0.9,0.2,-0.15,0.0,combined_mild
5,5,True,5,0,0,1.0,1.0,1.0,0.805216423596353,0.6559754273761863,1.6000490480692178,1.8694272094815347,4.807832955405149,3.338630082443342,JUNCTION,JUNCTION,True,NONE,ideal_free_path_sector,4.528402203033367,0.7429430154429092,5.501896496722603,10,5,0.03,0.05,0.4,0.9,0.2,-0.15,0.0,combined_mild
5,5,True,5,0,0,1.0,1.0,1.0,0.8476897321516124,0.7524258768392843,1.1743560953914767,2.9177952033970995,1.8871940735572479,2.4024946384771737,JUNCTION,JUNCTION,True,NONE,ideal_free_path_sector,4.528402203033367,0.7096474156675903,6.223618279384269,11,5,0.03,0.05,0.4,0.9,0.2,-0.15,0.0,combined_mild
5,5,True,5,0,0,1.0,1.0,1.0,0.7700541380427778,0.638601325181915,1.5481302894244209,4.509766594677626,3.6081517441786333,4.05895916942813,JUNCTION,JUNCTION,True,NONE,ideal_free_path_sector,4.528402203033367,0.7534702740584407,5.4714840712396695,12,5,0.03,0.05,0.4,0.9,0.2,-0.15,0.0,combined_mild
5,5,True,5,0,0,1.0,1.0,1.0,0.8005911745053098,0.45684002977984406,3.4670012350101387,7.395299894610924,1.5499237744515881,4.472611834531255,JUNCTION,JUNCTION,True,low_opening_iou,ideal_free_path_sector,4.528402203033367,0.6316667030489868,8.587901431368788,13,5,0.03,0.05,0.4,0.9,0.2,-0.15,0.0,combined_mild
5,5,True,5,0,0,1.0,1.0,1.0,0.9270189718710299,0.8599860224740417,0.9402173517327356,0.7283492476864921,1.3019085999517643,1.0151289238191281,JUNCTION,JUNCTION,True,NONE,ideal_free_path_sector,4.528402203033367,0.6207873987807793,8.123618279384269,14,5,0.03,0.05,0.4,0.9,0.2,-0.15,0.0,combined_mild
5,5,True,5,0,0,1.0,1.0,1.0,0.7371541332496587,0.6395619953133916,1.6116033107736256,5.5177952033971,3.770715107396313,4.644255155396706,JUNCTION,JUNCTION,True,NONE,ideal_free_path_sector,4.528402203033367,0.8057112100819899,4.300852751837894,15,5,0.03,0.05,0.4,0.9,0.2,-0.15,0.0,combined_mild
5,5,True,5,0,0,1.0,1.0,1.0,0.8151253749741724,0.751295676684606,2.077464567114885,2.8047001053890765,3.080456662753227,2.942578384071152,JUNCTION,JUNCTION,True,NONE,ideal_free_path_sector,4.528402203033367,0.7237450425138935,6.0236182793842685,16,5,0.03,0.05,0.4,0.9,0.2,-0.15,0.0,combined_mild
5,5,True,5,0,0,1.0,1.0,1.0,0.783526736818418,0.7298300859221887,1.8670012350101388,3.9177952033970995,3.1393452367340844,3.5285702200655917,JUNCTION,JUNCTION,True,NONE,ideal_free_path_sector,4.528402203033367,0.7535963794597078,5.323618279384268,17,5,0.03,0.05,0.4,0.9,0.2,-0.15,0.0,combined_mild
5,5,True,5,0,0,1.0,1.0,1.0,0.8514478876744829,0.7743549546532301,1.3042484503922878,1.332381652430115,3.2875128623307317,2.3099472573804234,JUNCTION,JUNCTION,True,NONE,ideal_free_path_sector,4.528402203033367,0.6790910656937379,6.923618279384269,18,5,0.03,0.05,0.4,0.9,0.2,-0.15,0.0,combined_mild
5,5,True,5,0,0,1.0,1.0,1.0,0.7982012237301779,0.7301061001016169,2.0213464061470177,3.9177952033970995,2.549923774451588,3.233859488924344,JUNCTION,JUNCTION,True,NONE,ideal_free_path_sector,4.528402203033367,0.7258022275613973,5.823618279384268,19,5,0.03,0.05,0.4,0.9,0.2,-0.15,0.0,combined_mild
5,5,True,5,0,0,1.0,1.0,1.0,0.8801199315512793,0.7298300859221887,0.88537750480657,2.2636221435940342,1.3921670445948506,1.8278945940944424,JUNCTION,JUNCTION,True,NONE,ideal_free_path_sector,4.528402203033367,0.6357298197331884,7.923618279384269,20,5,0.03,0.05,0.4,0.9,0.2,-0.15,0.0,combined_mild
5,5,True,5,0,0,1.0,1.0,1.0,0.7852086075760635,0.37578990446406757,2.221346406147018,6.341745662440497,4.829284892603686,5.5855152775220915,JUNCTION,JUNCTION,True,low_opening_iou,ideal_free_path_sector,4.528402203033367,0.664742270665589,7.8545462443087475,21,5,0.03,0.05,0.4,0.9,0.2,-0.15,0.0,combined_mild
5,5,True,5,0,0,1.0,1.0,1.0,0.8726375730675773,0.7098253750987943,0.8560691128986491,1.8047001053890768,2.2296036813771707,2.0171518933831236,JUNCTION,JUNCTION,True,NONE,ideal_free_path_sector,4.528402203033367,0.6625297080285262,7.223618279384269,22,5,0.03,0.05,0.4,0.9,0.2,-0.15,0.0,combined_mild
5,5,True,5,0,0,1.0,1.0,1.0,0.7679674119851108,0.4404147070220104,4.558593621529167,7.604700105389076,2.4599841185819855,5.032342111985531,JUNCTION,JUNCTION,True,low_opening_iou,ideal_free_path_sector,4.528402203033367,0.6269960190719047,9.094249598786044,23,5,0.03,0.05,0.4,0.9,0.2,-0.15,0.0,combined_mild
5,5,True,5,0,0,1.0,1.0,1.0,0.8279680876182474,0.7422755683701155,2.6439308871013507,2.1283492476864923,3.287194073557248,2.7077716606218702,JUNCTION,JUNCTION,True,NONE,ideal_free_path_sector,4.528402203033367,0.6949445977185946,6.5236182793842685,24,5,0.03,0.05,0.4,0.9,0.2,-0.15,0.0,combined_mild
5,5,True,5,0,0,1.0,1.0,1.0,0.910233961319339,0.8293138813099302,1.1067729590228055,1.154523249561862,1.4027455823123547,1.2786344159371084,JUNCTION,JUNCTION,True,NONE,ideal_free_path_sector,4.528402203033367,0.6239525990566256,8.123618279384269,25,5,0.03,0.05,0.4,0.9,0.2,-0.15,0.0,combined_mild
5,5,True,5,0,0,1.0,1.0,1.0,0.8478882930700979,0.6907640403863944,1.38537750480657,3.530572790518465,1.3918482558213667,2.461210523169916,JUNCTION,JUNCTION,True,NONE,ideal_free_path_sector,4.528402203033367,0.672373231631928,7.0236182793842685,26,5,0.03,0.05,0.4,0.9,0.2,-0.15,0.0,combined_mild
2,6,False,2,4,0,0.3333333333333333,1.0,0.5,0.7758707590721495,0.7338452512060922,1.75,5.690017601481188,2.6364081551652134,4.1632128783232005,CORRIDOR,JUNCTION,False,opening_count_mismatch;false_positive_opening;topology_mismatch,ideal_free_path_sector,4.057430935346199,0.5577586284183634,15.963586793871997,7,2,0.08,0.15,0.8,0.7,0.35,-0.25,0.0,combined_hard
2,2,True,2,0,0,1.0,1.0,1.0,0.5087993741695571,0.38159953062716795,13.5,2.1900176014811876,29.190017601481202,15.690017601481195,CORRIDOR,CORRIDOR,True,low_opening_iou,ideal_free_path_sector,4.057430935346199,0.511141439579315,20.911616757109925,8,2,0.08,0.15,0.8,0.7,0.35,-0.25,0.0,combined_hard
2,6,False,2,4,0,0.3333333333333333,1.0,0.5,0.6035741961701212,0.4336358302581452,6.886408155165213,15.690017601481188,7.190017601481202,11.440017601481195,CORRIDOR,JUNCTION,False,opening_count_mismatch;false_positive_opening;low_opening_iou;topology_mismatch,ideal_free_path_sector,4.057430935346199,0.6627639193969,12.119801381370507,9,2,0.08,0.15,0.8,0.7,0.35,-0.25,0.0,combined_hard
2,2,True,2,0,0,1.0,1.0,1.0,0.6659407393250087,0.6504537453872181,5.0,12.190017601481188,2.190017601481202,7.190017601481195,CORRIDOR,CORRIDOR,True,NONE,ideal_free_path_sector,4.057430935346199,0.6518373396316169,12.713586793871997,10,2,0.08,0.15,0.8,0.7,0.35,-0.25,0.0,combined_hard
2,5,False,2,3,0,0.4,1.0,0.5714285714285715,0.8308068555965742,0.7531569683430946,2.6364081551652134,0.3635918448348008,5.636408155165213,3.000000000000007,CORRIDOR,JUNCTION,False,opening_count_mismatch;false_positive_opening;topology_mismatch,ideal_free_path_sector,4.057430935346199,0.4992684480810618,18.213586793871997,11,2,0.08,0.15,0.8,0.7,0.35,-0.25,0.0,combined_hard
2,4,False,2,2,0,0.5,1.0,0.6666666666666666,0.5265577938848908,0.3716878545069816,9.75,25.190017601481188,5.690017601481202,15.440017601481195,CORRIDOR,JUNCTION,False,opening_count_mismatch;false_positive_opening;low_opening_iou;topology_mismatch,ideal_free_path_sector,4.057430935346199,0.6783046810514299,13.119801381370507,12,2,0.08,0.15,0.8,0.7,0.35,-0.25,0.0,combined_hard
2,4,False,2,2,0,0.5,1.0,0.6666666666666666,0.6984634265943697,0.6814277332627995,4.5,1.6900176014811876,10.690017601481202,6.190017601481195,CORRIDOR,JUNCTION,False,opening_count_mismatch;false_positive_opening;topology_mismatch,ideal_free_path_sector,4.057430935346199,0.6162488087556651,13.713586793871997,13,2,0.08,0.15,0.8,0.7,0.35,-0.25,0.0,combined_hard
2,5,False,2,3,0,0.4,1.0,0.5714285714285715,0.658713475487373,0.6359992177119466,2.8864081551652134,9.690017601481188,5.190017601481202,7.440017601481195,CORRIDOR,JUNCTION,False,opening_count_mismatch;false_positive_opening;topology_mismatch,ideal_free_path_sector,4.057430935346199,0.6607344723506049,12.463586793871997,14,2,0.08,0.15,0.8,0.7,0.35,-0.25,0.0,combined_hard
2,5,False,2,3,0,0.4,1.0,0.5714285714285715,0.6489044748066921,0.6089354212135655,6.75,1.6364081551651992,13.690017601481202,7.6632128783232005,CORRIDOR,JUNCTION,False,opening_count_mismatch;false_positive_opening;topology_mismatch,ideal_free_path_sector,4.057430935346199,0.6294501980791352,12.963586793871997,15,2,0.08,0.15,0.8,0.7,0.35,-0.25,0.0,combined_hard
2,3,False,2,1,0,0.6666666666666666,1.0,0.8,0.8119386934961299,0.786385950205364,3.25,0.8099823985188124,5.690017601481202,3.250000000000007,CORRIDOR,JUNCTION,False,opening_count_mismatch;false_positive_opening;topology_mismatch,ideal_free_path_sector,4.057430935346199,0.49897982857103823,17.463586793871997,16,2,0.08,0.15,0.8,0.7,0.35,-0.25,0.0,combined_hard
2,5,False,2,3,0,0.4,1.0,0.5714285714285715,0.6085715928590245,0.33670546820044234,13.113591844834787,26.8635918448348,3.190017601481202,15.026804723158001,CORRIDOR,JUNCTION,False,opening_count_mismatch;false_positive_opening;low_opening_iou;topology_mismatch,ideal_free_path_sector,4.057430935346199,0.448349051257417,23.666616655620317,17,2,0.08,0.15,0.8,0.7,0.35,-0.25,0.0,combined_hard
2,3,False,2,1,0,0.6666666666666666,1.0,0.8,0.8274115275240876,0.6980479218789652,0.6364081551652134,3.636408155165199,3.190017601481202,3.4132128783232005,CORRIDOR,JUNCTION,False,opening_count_mismatch;false_positive_opening;topology_mismatch,ideal_free_path_sector,4.057430935346199,0.5121812178945084,16.713586793871997,18,2,0.08,0.15,0.8,0.7,0.35,-0.25,0.0,combined_hard
2,3,False,2,1,0,0.6666666666666666,1.0,0.8,0.7356213005478258,0.7256660479571968,4.886408155165213,4.636408155165199,5.136408155165213,4.886408155165206,CORRIDOR,JUNCTION,False,opening_count_mismatch;false_positive_opening;topology_mismatch,ideal_free_path_sector,4.057430935346199,0.5372663612136888,16.463586793871997,19,2,0.08,0.15,0.8,0.7,0.35,-0.25,0.0,combined_hard
2,4,False,2,2,0,0.5,1.0,0.6666666666666666,0.660110534820326,0.6221731477616869,1.6135918448347866,8.690017601481188,6.190017601481202,7.440017601481195,CORRIDOR,JUNCTION,False,opening_count_mismatch;false_positive_opening;topology_mismatch,ideal_free_path_sector,4.057430935346199,0.6634324741173037,12.463586793871997,20,2,0.08,0.15,0.8,0.7,0.35,-0.25,0.0,combined_hard
2,4,False,2,2,0,0.5,1.0,0.6666666666666666,0.5006607788602309,0.26747630651437004,16.863591844834787,37.69001760148119,6.690017601481202,22.190017601481195,CORRIDOR,JUNCTION,False,opening_count_mismatch;false_positive_opening;low_opening_iou;topology_mismatch,ideal_free_path_sector,4.057430935346199,0.4729135928038244,25.416616655620317,21,2,0.08,0.15,0.8,0.7,0.35,-0.25,0.0,combined_hard
2,5,False,2,3,0,0.4,1.0,0.5714285714285715,0.7814493446955235,0.7451854094756878,3.6135918448347866,5.190017601481188,2.8635918448347866,4.026804723157987,CORRIDOR,JUNCTION,False,opening_count_mismatch;false_positive_opening;topology_mismatch,ideal_free_path_sector,4.057430935346199,0.5550606266516647,15.963586793871997,22,2,0.08,0.15,0.8,0.7,0.35,-0.25,0.0,combined_hard
2,3,False,2,1,0,0.6666666666666666,1.0,0.8,0.7857820103866242,0.6980479218789652,1.1364081551652134,5.136408155165199,2.8635918448347866,3.999999999999993,CORRIDOR,JUNCTION,False,opening_count_mismatch;false_positive_opening;topology_mismatch,ideal_free_path_sector,4.057430935346199,0.4765926870185565,17.713586793871997,23,2,0.08,0.15,0.8,0.7,0.35,-0.25,0.0,combined_hard
2,3,False,2,1,0,0.6666666666666666,1.0,0.8,0.779611944292063,0.6359992177119466,1.3635918448347866,5.690017601481188,3.690017601481202,4.690017601481195,CORRIDOR,JUNCTION,False,opening_count_mismatch;false_positive_opening;topology_mismatch,ideal_free_path_sector,4.057430935346199,0.5925440318754236,15.213586793871997,24,2,0.08,0.15,0.8,0.7,0.35,-0.25,0.0,combined_hard
2,2,True,2,0,0,1.0,1.0,1.0,0.6064969443323558,0.3533328987288591,4.75,10.6364081551652,17.690017601481202,14.1632128783232,CORRIDOR,CORRIDOR,True,low_opening_iou,ideal_free_path_sector,4.057430935346199,0.7035482423643067,8.979138793643244,25,2,0.08,0.15,0.8,0.7,0.35,-0.25,0.0,combined_hard
2,2,True,2,0,0,1.0,1.0,1.0,0.4541863978660312,0.28619964797037595,16.0,6.190017601481188,38.1900176014812,22.190017601481195,CORRIDOR,CORRIDOR,True,low_opening_iou,ideal_free_path_sector,4.057430935346199,0.4913374145353322,24.911616757109925,26,2,0.08,0.15,0.8,0.7,0.35,-0.25,0.0,combined_hard
3,2,False,2,0,1,1.0,0.6666666666666666,0.8,0.5490721954837685,0.19126405801288351,26.16790984870852,4.989141463796571,56.25726516332227,30.623203313559422,JUNCTION,CORRIDOR,False,opening_count_mismatch;missed_opening;low_opening_iou;topology_mismatch,ideal_free_path_sector,4.09855887014468,0.3534631555812493,37.554357932444276,7,3,0.08,0.15,0.8,0.7,0.35,-0.25,0.0,combined_hard
3,4,False,3,1,0,0.75,1.0,0.8571428571428571,0.6144437131779594,0.31805708523490744,12.257938845524402,22.3580944138603,3.663681950980257,13.01088818242028,JUNCTION,JUNCTION,True,opening_count_mismatch;false_positive_opening;low_opening_iou,ideal_free_path_sector,4.09855887014468,0.4629910736356128,22.835558902271966,8,3,0.08,0.15,0.8,0.7,0.35,-0.25,0.0,combined_hard
3,5,False,3,2,0,0.6,1.0,0.7499999999999999,0.6005732645203508,0.5054835818911921,1.7579388455244025,10.646297081932753,8.99701528431359,9.821656183123173,JUNCTION,JUNCTION,True,opening_count_mismatch;false_positive_opening,ideal_free_path_sector,4.09855887014468,0.6931994851655104,11.002225568938632,9,3,0.08,0.15,0.8,0.7,0.35,-0.25,0.0,combined_hard
3,7,False,3,4,0,0.42857142857142855,1.0,0.6,0.7741268876664024,0.6768448609456197,2.4246055121910692,4.024761080526967,4.475460294719312,4.250110687623139,JUNCTION,JUNCTION,True,opening_count_mismatch;false_positive_opening,ideal_free_path_sector,4.09855887014468,0.5229891471253821,16.34314317029072,10,3,0.08,0.15,0.8,0.7,0.35,-0.25,0.0,combined_hard
3,4,False,3,1,0,0.75,1.0,0.8571428571428571,0.6372156326418742,0.3774277411454235,7.075394487808931,4.582296872607581,16.66368195098026,10.622989411793919,JUNCTION,JUNCTION,True,opening_count_mismatch;false_positive_opening;low_opening_iou,ideal_free_path_sector,4.09855887014468,0.5391734880799279,17.35588053704417,11,3,0.08,0.15,0.8,0.7,0.35,-0.25,0.0,combined_hard
3,6,False,3,3,0,0.5,1.0,0.6666666666666666,0.721332577065731,0.708387453890956,3.3818540304209344,4.979630415266087,5.997015284313591,5.488322849789839,JUNCTION,JUNCTION,True,opening_count_mismatch;false_positive_opening,ideal_free_path_sector,4.09855887014468,0.595873941448426,14.009809836957388,12,3,0.08,0.15,0.8,0.7,0.35,-0.25,0.0,combined_hard
3,5,False,3,2,0,0.6,1.0,0.7499999999999999,0.798404626077123,0.6911097111131278,1.8246408988095766,5.646297081932754,2.3460049334494406,3.996151007691097,JUNCTION,JUNCTION,True,opening_count_mismatch;false_positive_opening,ideal_free_path_sector,4.09855887014468,0.5453327854126478,15.676476503624054,13,3,0.08,0.15,0.8,0.7,0.35,-0.25,0.0,combined_hard
3,5,False,3,2,0,0.6,1.0,0.7499999999999999,0.8265130237801959,0.707677014647669,1.218110582960558,2.6914277471936336,3.663681950980257,3.1775548490869454,JUNCTION,JUNCTION,True,opening_count_mismatch;false_positive_opening,ideal_free_path_sector,4.09855887014468,0.5334488304435259,16.34314317029072,14,3,0.08,0.15,0.8,0.7,0.35,-0.25,0.0,combined_hard
3,4,False,3,1,0,0.75,1.0,0.8571428571428571,0.7001863038069455,0.6639720465240385,2.718110582960558,3.6914277471936336,8.330348617646925,6.0108881824202784,JUNCTION,JUNCTION,True,opening_count_mismatch;false_positive_opening,ideal_free_path_sector,4.09855887014468,0.6028325011704176,13.843143170290721,15,3,0.08,0.15,0.8,0.7,0.35,-0.25,0.0,combined_hard
3,4,False,3,1,0,0.75,1.0,0.8571428571428571,0.5486664253921208,0.38815750898134566,8.051443916293891,6.915630205940914,18.330348617646923,12.622989411793919,JUNCTION,JUNCTION,True,opening_count_mismatch;false_positive_opening;low_opening_iou,ideal_free_path_sector,4.09855887014468,0.6962042898270183,10.520177836804885,16,3,0.08,0.15,0.8,0.7,0.35,-0.25,0.0,combined_hard
3,5,False,3,2,0,0.6,1.0,0.7499999999999999,0.6271697270988412,0.36918810597033797,4.781889417039442,12.039239128798206,10.330348617646925,11.184793873222565,JUNCTION,JUNCTION,True,opening_count_mismatch;false_positive_opening;low_opening_iou,ideal_free_path_sector,4.09855887014468,0.6601717967815456,12.37052600612808,17,3,0.08,0.15,0.8,0.7,0.35,-0.25,0.0,combined_hard
3,4,False,3,1,0,0.75,1.0,0.8571428571428571,0.8859222326728377,0.8225491173803802,1.4087278211422642,1.3537029180672466,2.175550056144838,1.7646264871060424,JUNCTION,JUNCTION,True,opening_count_mismatch;false_positive_opening,ideal_free_path_sector,4.09855887014468,0.43623092082866766,19.509809836957388,18,3,0.08,0.15,0.8,0.7,0.35,-0.25,0.0,combined_hard
3,4,False,3,1,0,0.75,1.0,0.8571428571428571,0.568932463366803,0.46610931779938847,7.384777249627224,5.582296872607581,16.330348617646923,10.956322745127252,JUNCTION,JUNCTION,True,opening_count_mismatch;false_positive_opening;low_opening_iou,ideal_free_path_sector,4.09855887014468,0.6234615344232746,14.19136869140164,19,3,0.08,0.15,0.8,0.7,0.35,-0.25,0.0,combined_hard
3,6,False,3,3,0,0.5,1.0,0.6666666666666666,0.8827088516772407,0.83256119370314,1.6181459695790654,1.9607608712017945,1.8422167228115047,1.9014887970066496,JUNCTION,JUNCTION,True,opening_count_mismatch;false_positive_opening,ideal_free_path_sector,4.09855887014468,0.4726062301123159,18.34314317029072,20,3,0.08,0.15,0.8,0.7,0.35,-0.25,0.0,combined_hard
3,5,False,3,2,0,0.6,1.0,0.7499999999999999,0.6974448164639503,0.5776955221613624,1.7420611544755975,7.31296374859942,5.5088833894781715,6.410923569038796,JUNCTION,JUNCTION,True,opening_count_mismatch;false_positive_opening,ideal_free_path_sector,4.09855887014468,0.6261242478751478,13.509809836957388,21,3,0.08,0.15,0.8,0.7,0.35,-0.25,0.0,combined_hard
3,5,False,3,2,0,0.6,1.0,0.7499999999999999,0.565289760205181,0.2814602392051091,11.508692434523757,5.039239128798205,27.33034861764693,16.184793873222567,JUNCTION,JUNCTION,True,opening_count_mismatch;false_positive_opening;low_opening_iou,ideal_free_path_sector,4.09855887014468,0.5227310525924436,21.358035358068307,22,3,0.08,0.15,0.8,0.7,0.35,-0.25,0.0,combined_hard
3,5,False,3,2,0,0.6,1.0,0.7499999999999999,0.7292761307320602,0.6589650733869358,3.491307565476243,8.646297081932753,2.475460294719312,5.560878688326032,JUNCTION,JUNCTION,True,opening_count_mismatch;false_positive_opening,ideal_free_path_sector,4.09855887014468,0.5753811653463452,14.343143170290721,23,3,0.08,0.15,0.8,0.7,0.35,-0.25,0.0,combined_hard
3,3,True,3,0,0,1.0,1.0,1.0,0.6932258575177107,0.3167113662564125,10.618145969579066,2.2489635392742477,20.142126961385983,11.195545250330115,JUNCTION,JUNCTION,True,low_opening_iou,ideal_free_path_sector,4.09855887014468,0.4437745100570865,23.69136869140164,24,3,0.08,0.15,0.8,0.7,0.35,-0.25,0.0,combined_hard
3,4,False,3,1,0,0.75,1.0,0.8571428571428571,0.7425309240772567,0.6317218702159116,2.508692434523757,2.646297081932753,7.663681950980258,5.154989516456506,JUNCTION,JUNCTION,True,opening_count_mismatch;false_positive_opening,ideal_free_path_sector,4.09855887014468,0.5866038829080921,14.343143170290721,25,3,0.08,0.15,0.8,0.7,0.35,-0.25,0.0,combined_hard
3,4,False,3,1,0,0.75,1.0,0.8571428571428571,0.7658933561655489,0.6317218702159116,2.718110582960558,3.31296374859942,5.997015284313591,4.654989516456506,JUNCTION,JUNCTION,True,opening_count_mismatch;false_positive_opening,ideal_free_path_sector,4.09855887014468,0.5723306955513643,14.843143170290721,26,3,0.08,0.15,0.8,0.7,0.35,-0.25,0.0,combined_hard
4,4,True,4,0,0,1.0,1.0,1.0,0.6626626481086142,0.5402498017347068,3.000000000000014,4.283643827690753,10.012207887571854,7.147925857631304,JUNCTION,JUNCTION,True,NONE,ideal_free_path_sector,4.302424470649063,0.7386161041085285,7.5390396935612145,7,4,0.08,0.15,0.8,0.7,0.35,-0.25,0.0,combined_hard
4,4,True,4,0,0,1.0,1.0,1.0,0.7735687975315213,0.6958404337876098,3.124999999999986,5.512207887571833,2.13073419509589,3.8214710413338615,JUNCTION,JUNCTION,True,NONE,ideal_free_path_sector,4.302424470649063,0.5928126446800122,11.171884841524957,8,4,0.08,0.15,0.8,0.7,0.35,-0.25,0.0,combined_hard
4,4,True,4,0,0,1.0,1.0,1.0,0.6119579369844108,0.3334875319350043,6.463233650625412,16.512207887571833,5.512207887571854,11.012207887571844,JUNCTION,JUNCTION,True,low_opening_iou,ideal_free_path_sector,4.302424470649063,0.7048795948328217,9.820782208975842,9,4,0.08,0.15,0.8,0.7,0.35,-0.25,0.0,combined_hard
4,3,False,3,0,1,1.0,0.75,0.8571428571428571,0.5546491673894257,0.22448898635814393,16.569290263765634,2.6443165209446042,35.420982461650645,19.032649491297622,JUNCTION,JUNCTION,True,opening_count_mismatch;missed_opening;low_opening_iou,ideal_free_path_sector,4.302424470649063,0.5771566355457719,20.358793015919527,10,4,0.08,0.15,0.8,0.7,0.35,-0.25,0.0,combined_hard
4,4,True,4,0,0,1.0,1.0,1.0,0.6090448091783829,0.39148536357587466,3.8960646043515936,7.262207887571833,12.762207887571854,10.012207887571844,JUNCTION,JUNCTION,True,low_opening_iou,ideal_free_path_sector,4.302424470649063,0.7147261035891066,8.967587315929599,11,4,0.08,0.15,0.8,0.7,0.35,-0.25,0.0,combined_hard
4,5,False,4,1,0,0.8,1.0,0.888888888888889,0.6396119084079398,0.3871807640523143,6.228935395648406,4.869265804904103,13.512207887571854,9.190736846237979,JUNCTION,JUNCTION,True,opening_count_mismatch;false_positive_opening;low_opening_iou,ideal_free_path_sector,4.302424470649063,0.6398739639064499,11.664039693561215,12,4,0.08,0.15,0.8,0.7,0.35,-0.25,0.0,combined_hard
4,6,False,4,2,0,0.6666666666666666,1.0,0.8,0.7260397576289138,0.44282770633992363,5.728935395648421,1.460111128941577,11.512207887571854,6.486159508256716,JUNCTION,JUNCTION,True,opening_count_mismatch;false_positive_opening;low_opening_iou,ideal_free_path_sector,4.302424470649063,0.583027232391787,12.414039693561215,13,4,0.08,0.15,0.8,0.7,0.35,-0.25,0.0,combined_hard
4,5,False,4,1,0,0.8,1.0,0.888888888888889,0.7423840376141414,0.573163369425048,2.5210646043515936,3.859298254976977,6.28364382769076,5.071471041333869,JUNCTION,JUNCTION,True,opening_count_mismatch;false_positive_opening,ideal_free_path_sector,4.302424470649063,0.6420353794644104,9.644986254184325,14,4,0.08,0.15,0.8,0.7,0.35,-0.25,0.0,combined_hard
4,5,False,4,1,0,0.8,1.0,0.888888888888889,0.7078316804507049,0.35883591615271726,6.875,3.960111128941577,11.512207887571854,7.736159508256716,JUNCTION,JUNCTION,True,opening_count_mismatch;false_positive_opening;low_opening_iou,ideal_free_path_sector,4.302424470649063,0.5480573650999196,14.772409018304124,15,4,0.08,0.15,0.8,0.7,0.35,-0.25,0.0,combined_hard
4,5,False,4,1,0,0.8,1.0,0.888888888888889,0.6326846944350001,0.3914853635758745,7.359298254976991,16.161395013607233,2.7622078875718543,9.461801450589544,JUNCTION,JUNCTION,True,opening_count_mismatch;false_positive_opening;low_opening_iou,ideal_free_path_sector,4.302424470649063,0.604430545219631,13.296884841524957,16,4,0.08,0.15,0.8,0.7,0.35,-0.25,0.0,combined_hard
4,4,True,4,0,0,1.0,1.0,1.0,0.7221370478536446,0.47390333485500596,2.3078309537261674,6.411395013607233,6.53364382769076,6.472519420648997,JUNCTION,JUNCTION,True,low_opening_iou,ideal_free_path_sector,4.302424470649063,0.6386488968405287,10.171884841524957,17,4,0.08,0.15,0.8,0.7,0.35,-0.25,0.0,combined_hard
4,5,False,4,1,0,0.8,1.0,0.888888888888889,0.7218696099690467,0.39041562844894595,3.125,5.012207887571833,9.661395013607255,7.336801450589544,JUNCTION,JUNCTION,True,opening_count_mismatch;false_positive_opening;low_opening_iou,ideal_free_path_sector,4.302424470649063,0.5881431579501595,12.272409018304124,18,4,0.08,0.15,0.8,0.7,0.35,-0.25,0.0,combined_hard
4,5,False,4,1,0,0.8,1.0,0.888888888888889,0.7649807479913358,0.7089125884994019,2.396064604351565,5.661395013607233,2.7622078875718543,4.211801450589544,JUNCTION,JUNCTION,True,opening_count_mismatch;false_positive_opening,ideal_free_path_sector,4.302424470649063,0.6618027460880794,9.519986254184325,19,4,0.08,0.15,0.8,0.7,0.35,-0.25,0.0,combined_hard
4,5,False,4,1,0,0.8,1.0,0.888888888888889,0.6632766470049634,0.45783881502941276,2.5157017450230086,9.533643827690753,6.512207887571854,8.022925857631304,JUNCTION,JUNCTION,True,opening_count_mismatch;false_positive_opening;low_opening_iou,ideal_free_path_sector,4.302424470649063,0.7877336402793174,6.195782208975842,20,4,0.08,0.15,0.8,0.7,0.35,-0.25,0.0,combined_hard
4,4,True,4,0,0,1.0,1.0,1.0,0.6573373671802104,0.5627602101403196,1.3750000000000142,6.012207887571833,8.762207887571854,7.387207887571844,JUNCTION,JUNCTION,True,NONE,ideal_free_path_sector,4.302424470649063,0.768150782561001,6.671884841524957,21,4,0.08,0.15,0.8,0.7,0.35,-0.25,0.0,combined_hard
4,5,False,4,1,0,0.8,1.0,0.888888888888889,0.7102503327397023,0.45783881502941276,4.374999999999986,5.869265804904103,7.48154706906049,6.675406436982296,JUNCTION,JUNCTION,True,opening_count_mismatch;false_positive_opening;low_opening_iou,ideal_free_path_sector,4.302424470649063,0.6642908616858487,9.815688728588967,22,4,0.08,0.15,0.8,0.7,0.35,-0.25,0.0,combined_hard
4,5,False,4,1,0,0.8,1.0,0.888888888888889,0.7237516698496745,0.3197829913288857,7.771064604351594,1.533643827690753,15.911395013607255,8.722519420649004,JUNCTION,JUNCTION,True,opening_count_mismatch;false_positive_opening;low_opening_iou,ideal_free_path_sector,4.302424470649063,0.5642617082053644,14.311807805150238,23,4,0.08,0.15,0.8,0.7,0.35,-0.25,0.0,combined_hard
4,5,False,4,1,0,0.8,1.0,0.888888888888889,0.6986623865442328,0.551275307892558,2.000000000000014,4.262207887571833,8.262207887571854,6.262207887571844,JUNCTION,JUNCTION,True,opening_count_mismatch;false_positive_opening,ideal_free_path_sector,4.302424470649063,0.7324942303409864,7.565938280901847,24,4,0.08,0.15,0.8,0.7,0.35,-0.25,0.0,combined_hard
4,5,False,4,1,0,0.8,1.0,0.888888888888889,0.6646661024024396,0.5497689461832096,1.161766349374588,7.762207887571833,6.512207887571854,7.137207887571844,JUNCTION,JUNCTION,True,opening_count_mismatch;false_positive_opening,ideal_free_path_sector,4.302424470649063,0.7528828618004024,7.041611360111936,25,4,0.08,0.15,0.8,0.7,0.35,-0.25,0.0,combined_hard
4,4,True,4,0,0,1.0,1.0,1.0,0.45073184912652375,0.0,53.250000000000014,67.96011112894158,40.161395013607255,54.06075307127442,JUNCTION,JUNCTION,True,low_opening_iou,ideal_free_path_sector,4.302424470649063,0.38679488779655125,56.217407314903454,26,4,0.08,0.15,0.8,0.7,0.35,-0.25,0.0,combined_hard
5,5,True,5,0,0,1.0,1.0,1.0,0.5586082746401609,0.0,41.10226885755845,52.49415932435018,31.66217121385386,42.078165269102016,JUNCTION,JUNCTION,True,low_opening_iou,ideal_free_path_sector,4.517131222764173,0.5224880822537916,27.413085476335027,7,5,0.08,0.15,0.8,0.7,0.35,-0.25,0.0,combined_hard
5,6,False,5,1,0,0.8333333333333334,1.0,0.9090909090909091,0.7427322198876716,0.6598270620413536,2.4497387506320196,3.5795908818363444,5.462171213853861,4.520881047845103,JUNCTION,JUNCTION,True,opening_count_mismatch;false_positive_opening,ideal_free_path_sector,4.517131222764173,0.7856876941813518,4.814343039786763,8,5,0.08,0.15,0.8,0.7,0.35,-0.25,0.0,combined_hard
5,5,True,5,0,0,1.0,1.0,1.0,0.7254578216652583,0.5576500315030641,1.7736846374052049,3.9795908818363444,6.462171213853861,5.220881047845102,JUNCTION,JUNCTION,True,NONE,ideal_free_path_sector,4.517131222764173,0.8042030165508773,4.152629051724409,9,5,0.08,0.15,0.8,0.7,0.35,-0.25,0.0,combined_hard
5,5,True,5,0,0,1.0,1.0,1.0,0.7062174605712522,0.4949177643602268,3.1330487166443106,6.69415932435017,5.862171213853861,6.278165269102016,JUNCTION,JUNCTION,True,low_opening_iou,ideal_free_path_sector,4.517131222764173,0.6990890109820661,7.474898918524071,10,5,0.08,0.15,0.8,0.7,0.35,-0.25,0.0,combined_hard
5,5,True,5,0,0,1.0,1.0,1.0,0.6704434816396178,0.36247498234833514,5.920354955434101,12.928516216320185,3.0668011324501494,7.997658674385167,JUNCTION,JUNCTION,True,low_opening_iou,ideal_free_path_sector,4.517131222764173,0.7133257035437393,8.07489891852407,11,5,0.08,0.15,0.8,0.7,0.35,-0.25,0.0,combined_hard
5,4,False,4,0,1,1.0,0.8,0.888888888888889,0.6302267490286464,0.24665289854943223,10.682298605553619,4.158512990544892,21.502421785505042,12.830467388024967,JUNCTION,JUNCTION,True,opening_count_mismatch;missed_opening;low_opening_iou,ideal_free_path_sector,4.517131222764173,0.6921531831279838,11.397695693946098,12,5,0.08,0.15,0.8,0.7,0.35,-0.25,0.0,combined_hard
5,7,False,5,2,0,0.7142857142857143,1.0,0.8333333333333333,0.683496077842492,0.40081096014282735,3.5767151501171326,7.319431857639728,7.062171213853861,7.190801535746795,JUNCTION,JUNCTION,True,opening_count_mismatch;false_positive_opening;low_opening_iou,ideal_free_path_sector,4.517131222764173,0.7845927459672324,5.392690017748668,13,5,0.08,0.15,0.8,0.7,0.35,-0.25,0.0,combined_hard
5,8,False,5,3,0,0.625,1.0,0.7692307692307693,0.7500796502421467,0.6772558880718893,1.2939276828408026,4.460849140073213,4.400580951471937,4.430715045772575,JUNCTION,JUNCTION,True,opening_count_mismatch;false_positive_opening,ideal_free_path_sector,4.517131222764173,0.8112607207741889,4.147364672597314,14,5,0.08,0.15,0.8,0.7,0.35,-0.25,0.0,combined_hard
5,7,False,5,2,0,0.7142857142857143,1.0,0.8333333333333333,0.6501454676729799,0.37655861800694246,4.106072317159198,6.060849140073214,10.941703642954206,8.50127639151371,JUNCTION,JUNCTION,True,opening_count_mismatch;false_positive_opening;low_opening_iou,ideal_free_path_sector,4.517131222764173,0.7571833707767233,6.382180389042901,15,5,0.08,0.15,0.8,0.7,0.35,-0.25,0.0,combined_hard
5,4,False,4,0,1,1.0,0.8,0.888888888888889,0.6547229720241357,0.26759332124573615,10.886584129065191,0.7743643094930448,22.164220103328624,11.469292206410834,JUNCTION,JUNCTION,True,opening_count_mismatch;missed_opening;low_opening_iou,ideal_free_path_sector,4.517131222764173,0.606346152588077,13.326889449413365,16,5,0.08,0.15,0.8,0.7,0.35,-0.25,0.0,combined_hard
5,6,False,5,1,0,0.8333333333333334,1.0,0.9090909090909091,0.7743489581660677,0.7330866168687713,1.5120327243198914,4.660849140073213,2.8621712138538613,3.7615101769635375,JUNCTION,JUNCTION,True,opening_count_mismatch;false_positive_opening,ideal_free_path_sector,4.517131222764173,0.7601246812988279,5.350193565885047,17,5,0.08,0.15,0.8,0.7,0.35,-0.25,0.0,combined_hard
5,6,False,5,1,0,0.8333333333333334,1.0,0.9090909090909091,0.7557134144622706,0.5718501204358397,1.0120327243198914,4.49415932435017,4.862171213853861,4.678165269102015,JUNCTION,JUNCTION,True,opening_count_mismatch;false_positive_opening,ideal_free_path_sector,4.517131222764173,0.7868361877013196,4.863153496903896,18,5,0.08,0.15,0.8,0.7,0.35,-0.25,0.0,combined_hard
5,6,False,5,1,0,0.8333333333333334,1.0,0.9090909090909091,0.6492506453315525,0.3729815035758231,4.390897170128875,6.49415932435017,10.662171213853862,8.578165269102016,JUNCTION,JUNCTION,True,opening_count_mismatch;false_positive_opening;low_opening_iou,ideal_free_path_sector,4.517131222764173,0.7026952736865123,7.960060695773711,19,5,0.08,0.15,0.8,0.7,0.35,-0.25,0.0,combined_hard
5,6,False,5,1,0,0.8333333333333334,1.0,0.9090909090909091,0.6671268985256803,0.34202535265521267,2.7879672756801086,8.943273285912557,7.862171213853861,8.402722249883208,JUNCTION,JUNCTION,True,opening_count_mismatch;false_positive_opening;low_opening_iou,ideal_free_path_sector,4.517131222764173,0.7800146047691776,5.806270677047292,20,5,0.08,0.15,0.8,0.7,0.35,-0.25,0.0,combined_hard
5,5,True,5,0,0,1.0,1.0,1.0,0.47608645130807953,0.0,28.723284849882873,22.660849140073214,41.14633356155049,31.903591350811855,JUNCTION,JUNCTION,True,low_opening_iou,ideal_free_path_sector,4.517131222764173,0.567798481998544,14.330748254978147,21,5,0.08,0.15,0.8,0.7,0.35,-0.25,0.0,combined_hard
5,7,False,5,2,0,0.7142857142857143,1.0,0.8333333333333333,0.7706391273045219,0.6565637442172331,2.0707547429564386,3.5285162163201846,4.26680113245015,3.897658674385167,JUNCTION,JUNCTION,True,opening_count_mismatch;false_positive_opening,ideal_free_path_sector,4.517131222764173,0.7523676637775364,5.514343039786763,22,5,0.08,0.15,0.8,0.7,0.35,-0.25,0.0,combined_hard
5,6,False,5,1,0,0.8333333333333334,1.0,0.9090909090909091,0.698166235511313,0.3563615498667639,4.247331354919214,5.460849140073213,9.600580951471937,7.530715045772576,JUNCTION,JUNCTION,True,opening_count_mismatch;false_positive_opening;low_opening_iou,ideal_free_path_sector,4.517131222764173,0.7400705724913476,6.84909799418412,23,5,0.08,0.15,0.8,0.7,0.35,-0.25,0.0,combined_hard
5,5,True,5,0,0,1.0,1.0,1.0,0.6941771559667345,0.5829977602077488,2.8120327243198915,4.8608491400732134,6.862171213853861,5.861510176963537,JUNCTION,JUNCTION,True,NONE,ideal_free_path_sector,4.517131222764173,0.8427396894569356,3.6437125233919687,24,5,0.08,0.15,0.8,0.7,0.35,-0.25,0.0,combined_hard
5,6,False,5,1,0,0.8333333333333334,1.0,0.9090909090909091,0.819756967781706,0.6932946337605662,0.8178735696139882,3.2608491400732134,2.8621712138538613,3.0615101769635373,JUNCTION,JUNCTION,True,opening_count_mismatch;false_positive_opening,ideal_free_path_sector,4.517131222764173,0.7465420391841234,5.438257070648649,25,5,0.08,0.15,0.8,0.7,0.35,-0.25,0.0,combined_hard
5,5,True,5,0,0,1.0,1.0,1.0,0.7337111357224536,0.48399814054982926,3.6497387506320194,7.460849140073213,3.4621712138538614,5.461510176963538,JUNCTION,JUNCTION,True,low_opening_iou,ideal_free_path_sector,4.517131222764173,0.7555602788330942,5.967984665109645,26,5,0.08,0.15,0.8,0.7,0.35,-0.25,0.0,combined_hard
