timestamp,phase,threshold,component_id,robot_count,centroid_x,centroid_y,centroid_range,centroid_bearing_deg,bearing_std_deg,spatial_span,forward_zero_count,front_cohort_count,retention_fraction,matched_previous_component_id,lifetime_samples,radial_rate
0.11666666666666665,SPH_CORRIDOR,90,90-1,101,19.99666626376312,-44.90652647909375,49.157530268330916,-65.99681360605467,35.7366131477974,118.54165310201357,0,42,0.0,,1,
0.11666666666666665,SPH_CORRIDOR,120,120-1,101,19.99666626376312,-44.90652647909375,49.157530268330916,-65.99681360605467,35.7366131477974,118.54165310201357,0,42,0.0,,1,
0.11666666666666665,SPH_CORRIDOR,150,150-1,100,19.74852454900179,-44.68459641162971,48.854041576237655,-66.15678864205884,35.90906615127603,118.54165310201357,0,41,0.0,,1,
0.11666666666666665,SPH_CORRIDOR,180,180-1,38,-7.789307729469659,-37.04830205415117,37.858288392371854,-101.8733525576164,33.53993167289411,83.07202483156986,0,0,0.0,,1,
0.11666666666666665,SPH_CORRIDOR,180,180-2,2,46.233621890377414,-71.76455418807282,85.36802112568398,-57.2087316116164,0.6950677725262224,2.8195550091904438,0,2,0.0,,1,
0.11666666666666665,SPH_CORRIDOR,180,180-3,1,58.61491916226587,-16.242273924050806,60.82368133073551,-15.488125147837394,0.0,0.0,0,1,0.0,,1,
0.11666666666666665,SPH_CORRIDOR,180,180-4,1,41.776961405994804,-89.0457915269414,98.35887094196175,-64.86578325820452,0.0,0.0,0,1,0.0,,1,
0.21666666666666665,SPH_CORRIDOR,90,90-1,101,26.45505274779607,-41.177822111989805,48.94367017067017,-57.280927449722334,34.92613091471733,104.44550855196728,0,42,1.0,90-1,2,-2.138600976607492
0.21666666666666665,SPH_CORRIDOR,120,120-1,101,26.45505274779607,-41.177822111989805,48.94367017067017,-57.280927449722334,34.92613091471733,104.44550855196728,0,42,1.0,120-1,2,-2.138600976607492
0.21666666666666665,SPH_CORRIDOR,150,150-1,100,26.1851666585597,-41.003591391828415,48.65138703022322,-57.43742751218928,35.09408826460069,104.44550855196728,0,41,1.0,150-1,2,-2.026545460144362
0.21666666666666665,SPH_CORRIDOR,180,180-1,38,-1.8941455187682374,-37.81087426592684,37.85828839237187,-92.86784949693286,32.9319090026283,79.45832418024736,0,0,1.0,180-1,2,1.4210854715202004e-13
0.21666666666666665,SPH_CORRIDOR,180,180-2,4,54.79995370876845,-70.75652338605413,89.49592464556355,-52.24271078255526,3.4530262394560767,18.578047676491433,0,4,0.5,180-2,2,41.27903519879567
0.21666666666666665,SPH_CORRIDOR,180,180-3,1,59.175029396786826,-8.037208809768462,59.7183458374594,-7.734637893340559,0.0,0.0,0,1,1.0,180-3,2,-11.053354932761081
0.31666666666666665,SPH_CORRIDOR,90,90-1,101,26.530486701053324,-40.84526878285483,48.70526364304399,-56.994811498958214,34.12053694531682,101.0670081544013,0,42,1.0,90-1,3,-2.384065276261751
0.31666666666666665,SPH_CORRIDOR,120,120-1,101,26.530486701053324,-40.84526878285483,48.70526364304399,-56.994811498958214,34.12053694531682,101.0670081544013,0,42,1.0,120-1,3,-2.384065276261751
0.31666666666666665,SPH_CORRIDOR,150,150-1,100,26.270520235279278,-40.68353742118375,48.42819891894676,-57.14851620347916,34.28388325322422,101.0670081544013,0,41,1.0,150-1,3,-2.231881112764569
0.31666666666666665,SPH_CORRIDOR,180,180-1,38,-1.4985185559278242,-37.828619352780215,37.85828839237186,-92.2684920067877,32.89328566001928,79.19847041898039,0,0,1.0,180-1,3,-7.105427357601002e-14
0.31666666666666665,SPH_CORRIDOR,180,180-2,5,53.84164216041099,-69.93511142945945,88.26008294342725,-52.40804617436195,2.733076680318147,17.990007027865165,0,5,0.5,180-2,3,-12.358417021362982
0.31666666666666665,SPH_CORRIDOR,180,180-3,2,57.42536668380238,-10.259379191342648,58.334617511053544,-10.12936054944436,1.281755435715926,2.6177400845206824,0,2,0.5,180-3,3,-13.837283264058584
0.41666666666666663,SPH_CORRIDOR,90,90-1,103,26.164557786978182,-40.64153094429282,48.33547477457971,-57.227023666051466,33.391394657570956,99.12498629118063,0,42,0.9805825242718447,90-1,4,-3.697888684642834
0.41666666666666663,SPH_CORRIDOR,120,120-1,101,26.487884726353393,-40.677096049590745,48.54105664593856,-56.928853973979095,33.3782753273675,99.12498629118063,0,42,1.0,120-1,4,-1.6420699710543118
0.41666666666666663,SPH_CORRIDOR,150,150-1,98,26.482167890158625,-40.55270386010397,48.43373830841307,-56.85422298720008,33.54238780485428,99.12498629118063,0,41,0.98,150-1,4,0.05539389466306943
0.41666666666666663,SPH_CORRIDOR,180,180-1,38,-1.3178061624444164,-37.83534573541282,37.858288392371854,-91.99480722822851,32.875727095716805,79.07917258390408,0,0,1.0,180-1,4,-7.105427357601002e-14
0.41666666666666663,SPH_CORRIDOR,180,180-2,3,52.78135554873163,-68.8495010117213,86.75324364612908,-52.52553010686324,3.452746295200589,17.31110585442002,0,3,0.6,180-2,4,-15.068392972981712
0.41666666666666663,SPH_CORRIDOR,180,180-3,2,56.12983367877112,-11.614195650805183,57.318825610977854,-11.690471980177884,1.263588673534743,2.549170813506661,0,2,1.0,180-3,4,-10.157919000756905
0.5166666666666666,SPH_CORRIDOR,90,90-1,103,27.797353503510774,-39.517382091829,48.31476326332098,-54.87664438163508,32.734524067466126,96.80164168943922,0,41,1.0,90-1,5,-0.20711511258731718
0.5166666666666666,SPH_CORRIDOR,120,120-1,101,28.12162420339374,-39.53932409820718,48.5199329964497,-54.578352825856165,32.70721315695514,96.80164168943922,0,41,1.0,120-1,5,-0.21123649488863805
0.5166666666666666,SPH_CORRIDOR,150,150-1,98,28.0995178205175,-39.42279841213298,48.41218789095629,-54.51974318437374,32.889409920548204,96.80164168943922,0,40,1.0,150-1,5,-0.2155041745677977
0.5166666666666666,SPH_CORRIDOR,180,180-1,38,0.2352821263080267,-37.85755726827917,37.858288392371854,-89.64391523796786,32.726930367552995,78.03937537252274,0,0,1.0,180-1,5,0.0
0.5166666666666666,SPH_CORRIDOR,180,180-2,4,54.29597460725604,-66.70467771830968,86.00910933183387,-50.855254377628086,3.4178412211622193,16.74720734245372,0,4,0.75,180-2,5,-7.441343142952093
0.5166666666666666,SPH_CORRIDOR,180,180-3,3,55.30401412373943,-10.517922365630893,56.29529881871317,-10.76812559316103,1.1008393614536085,3.3368778414252636,0,3,0.6666666666666666,180-3,5,-10.235267922646827
0.5166666666666666,SPH_CORRIDOR,180,180-4,3,54.53666874392965,-37.17747747710238,66.0031292382836,-34.28213261804522,1.32906370314335,4.402157496787735,0,3,0.0,,1,
0.6166666666666669,SPH_CORRIDOR,90,90-1,103,28.81040929259029,-38.912191409653936,48.4169218756017,-53.48392132971757,32.197846000168816,95.74007735624507,0,42,1.0,90-1,6,1.0215861228072498
0.6166666666666669,SPH_CORRIDOR,120,120-1,101,29.138832040049472,-38.927062342671285,48.62497008007748,-53.18332917046653,32.1588335939659,95.74007735624507,0,42,1.0,120-1,6,1.0503708362778497
0.6166666666666669,SPH_CORRIDOR,150,150-1,98,29.101759981251806,-38.81762437170594,48.515156352105556,-53.14092803655314,32.35812014295028,95.74007735624507,0,41,1.0,150-1,6,1.0296846114926694
0.6166666666666669,SPH_CORRIDOR,180,180-1,38,1.0295453690683383,-37.844286706622285,37.85828839237186,-88.44166547794832,32.65224956805859,77.49846017011531,0,0,1.0,180-1,6,7.105427357601002e-14
0.6166666666666669,SPH_CORRIDOR,180,180-2,4,55.420933248679546,-64.187825371001,84.80304692646789,-49.192078314647794,3.398250416051237,16.080737149507605,0,4,1.0,180-2,6,-12.060624053659836
0.6166666666666669,SPH_CORRIDOR,180,180-3,3,55.3435276558381,-10.86855640561067,56.40063449762297,-11.110554790178918,1.062872463878671,3.276147269228938,0,3,1.0,180-3,6,1.0533567890979612
0.6166666666666669,SPH_CORRIDOR,180,180-4,2,55.357469810367334,-35.176860250125884,65.58857340164228,-32.43388536518116,0.7767525358190213,2.0745600599711764,0,2,0.6666666666666666,180-4,2,-4.145558366413269
0.7166666666666672,SPH_CORRIDOR,90,90-1,105,29.560219608010794,-38.44005416414479,48.49169359195666,-52.43988622987896,31.88338471419781,95.77327576905189,0,41,0.9809523809523809,90-1,7,0.7477171635495949
0.7166666666666672,SPH_CORRIDOR,120,120-1,101,30.223134886574915,-38.458870734659925,48.91341963671507,-51.83775289713705,31.905907109685657,95.77327576905189,0,41,1.0,120-1,7,2.8844955663758753
0.7166666666666672,SPH_CORRIDOR,150,150-1,98,30.17849224699635,-38.3533444353705,48.802873108867104,-51.80241148309203,32.1197807166182,95.77327576905189,0,40,1.0,150-1,7,2.877167567615473
0.7166666666666672,SPH_CORRIDOR,180,180-1,38,1.6225018428690148,-37.823504435336034,37.85828839237186,-87.54370856719959,32.597100292757176,77.09107560981447,0,0,1.0,180-1,7,0.0
0.7166666666666672,SPH_CORRIDOR,180,180-2,4,56.81693878904501,-62.573858771932045,84.52012976189627,-47.7606142176735,3.430798435630887,15.759645373896934,0,4,1.0,180-2,7,-2.829171645716144
0.7166666666666672,SPH_CORRIDOR,180,180-3,3,55.973010406320405,-10.820957251418585,57.00939404855204,-10.941700492609876,1.0251369640861476,3.2908603374717935,0,3,1.0,180-3,7,6.087595509290722
0.7166666666666672,SPH_CORRIDOR,180,180-4,3,56.7038158949199,-33.42587379898291,65.82257801294706,-30.51858051976768,1.2392196944204092,4.036706369378727,0,3,0.6666666666666666,180-4,3,2.3400461130478334
0.8166666666666675,SPH_CORRIDOR,90,90-1,105,30.897118573735533,-38.10293959152221,49.05574320785145,-50.96190763928799,32.086870368843044,96.85234362463923,3,41,1.0,90-1,8,5.640496158947883
0.8166666666666675,SPH_CORRIDOR,120,120-1,101,31.596156218860724,-38.11419223843139,49.5076634249159,-50.341722068193135,32.11785881876113,96.85234362463923,3,41,1.0,120-1,8,5.942437882008278
0.8166666666666675,SPH_CORRIDOR,150,150-1,98,31.54750888607574,-38.0104041367089,49.39672195149153,-50.308332326009996,32.33176834211882,96.85234362463923,3,40,1.0,150-1,8,5.938488426244248
0.8166666666666675,SPH_CORRIDOR,180,180-1,38,2.0464292810319917,-37.80293807626244,37.85828839237186,-86.90136713692904,32.55798201730621,76.79810996634555,0,0,1.0,180-1,8,0.0
0.8166666666666675,SPH_CORRIDOR,180,180-2,4,59.543448063803865,-62.0695815472467,86.01194777923132,-46.189970978653825,3.6026319731337675,16.475826625779003,2,4,1.0,180-2,8,14.918180173350493
0.8166666666666675,SPH_CORRIDOR,180,180-3,3,58.09863199215179,-9.921793974496504,58.93974071059219,-9.691196866499382,1.1299833720426076,3.913546108910918,1,3,1.0,180-3,8,19.303466620401508
0.8166666666666675,SPH_CORRIDOR,180,180-4,3,59.15009094966832,-32.81957583450198,67.64508716315369,-29.023813291912063,1.2097802131543722,4.02024998749525,0,3,1.0,180-4,4,18.225091502066277
0.9166666666666679,SPH_CORRIDOR,90,90-1,103,33.3265698059121,-38.05390602332117,50.584187436985594,-48.789011662485336,39.45563841887848,99.9240406538301,4,41,0.9809523809523809,90-1,9,15.284442291341449
0.9166666666666679,SPH_CORRIDOR,120,120-1,100,33.43436088323222,-37.952826566087154,50.5793785254989,-48.62171594118018,39.74600804474586,99.9240406538301,4,40,0.9900990099009901,120-1,9,10.717151005830061
0.9166666666666679,SPH_CORRIDOR,150,150-1,99,33.135213652700635,-37.86420641032114,50.315410272535026,-48.81061858305247,39.93351792303404,99.9240406538301,4,39,0.97,150-1,9,9.18688321043497
0.9166666666666679,SPH_CORRIDOR,180,180-1,38,2.1121466491263403,-37.7993232284995,37.858288392371854,-86.80175829404065,50.99181833180966,76.76941067206813,0,0,1.0,180-1,9,-7.105427357601002e-14
0.9166666666666679,SPH_CORRIDOR,180,180-2,4,64.08770295190823,-62.75783946597305,89.6982724699248,-44.39932636115902,3.998988207280971,18.36386086026162,2,4,1.0,180-2,9,36.86324690693482
0.9166666666666679,SPH_CORRIDOR,180,180-3,3,62.383370663538614,-8.667740765476529,62.98265368593128,-7.910211639088925,1.322824195039832,5.114764757142917,1,3,1.0,180-3,9,40.429129753390924
0.9166666666666679,SPH_CORRIDOR,180,180-4,2,63.64312709605909,-33.71232004430724,72.02060919858239,-27.91055939457239,0.7057563042380242,2.0151561391921127,1,2,0.6666666666666666,180-4,5,43.75522035428702
1.016666666666668,SPH_CORRIDOR,90,90-1,103,36.85775554678176,-38.060426589944974,52.98198010790944,-45.91969738993825,40.18060047309198,105.26743262943904,7,39,1.0,90-1,10,23.97792670923849
1.016666666666668,SPH_CORRIDOR,120,120-1,100,36.99560156334475,-37.95786486522895,53.00447188832975,-45.73553098878141,40.483701388189026,105.26743262943904,7,38,1.0,120-1,10,24.250933628308502
1.016666666666668,SPH_CORRIDOR,150,150-1,99,36.653780562486965,-37.86804843130225,52.701885369675345,-45.933501886329566,40.67112856710044,105.26743262943904,7,37,1.0,150-1,10,23.864750971403197
1.016666666666668,SPH_CORRIDOR,180,180-1,38,2.108986260796804,-37.79949969181826,37.85828839237187,-86.80654876314597,50.99243700124592,76.76722050742654,0,0,1.0,180-1,10,1.4210854715202004e-13
1.016666666666668,SPH_CORRIDOR,180,180-3,6,63.806898097048474,-6.171049799769958,64.10461840147221,-5.524149501330259,1.0996451084119958,14.570801801518664,1,6,0.5,180-3,10,11.219647155409262
1.016666666666668,SPH_CORRIDOR,180,180-2,6,65.07523753235212,-69.3941067641875,95.13321498557433,-46.83958615867403,2.812453999659101,14.499618675563033,1,6,0.42857142857142855,180-2,10,54.34942515649524
1.016666666666668,SPH_CORRIDOR,180,180-4,5,71.45744660464051,-30.495200672985977,77.69249602980157,-23.110864818358998,1.9725501197923436,8.347497649639825,4,5,0.4,180-4,6,56.71886831219183
1.016666666666668,SPH_CORRIDOR,180,180-5,1,31.27029279324594,-4.208786153421988,31.55225970133622,-7.665587077978288,0.0,0.0,0,0,0.0,,1,
1.016666666666668,SPH_CORRIDOR,180,180-2,1,73.24885400601191,-50.148475922900516,88.77085248314212,-34.39677208474539,0.0,0.0,1,1,0.25,180-2,10,-9.274199867826809
1.1166666666666676,SPH_CORRIDOR,90,90-1,150,35.287950453218194,-37.865599631244855,51.75947336113953,-47.01804754061648,35.70772934780357,112.88653559104323,5,39,0.6866666666666666,90-1,11,-12.225067467699162
1.1166666666666676,SPH_CORRIDOR,120,120-1,83,56.82977836229564,-37.71487787733305,68.20583348959084,-33.57009767426167,21.131438521936026,90.31574150625863,5,38,0.512396694214876,120-1,11,152.0136160126109
1.1166666666666676,SPH_CORRIDOR,120,120-1,53,5.270070339850876,-37.40373709083443,37.77318082644404,-81.97999549206433,43.37438500614728,76.76117411550364,0,0,0.33043478260869563,120-1,11,-152.31291061885713
1.1166666666666676,SPH_CORRIDOR,150,150-1,76,58.620923043479564,-37.59049767289383,69.63805090441137,-32.66990557551818,21.199951263797868,90.31574150625863,5,37,0.5350877192982456,150-1,11,169.36165534736026
1.1166666666666676,SPH_CORRIDOR,150,150-1,53,5.270070339850876,-37.40373709083443,37.77318082644404,-81.97999549206433,43.37438500614728,76.76117411550364,0,0,0.3333333333333333,150-1,11,-149.28704543231305
1.1166666666666676,SPH_CORRIDOR,180,180-1,53,5.270070339850876,-37.40373709083443,37.77318082644404,-81.97999549206433,43.37438500614728,76.76117411550364,0,0,0.7169811320754716,180-1,11,-0.8510756592782798
1.1166666666666676,SPH_CORRIDOR,180,180-3,15,75.99871242495449,-15.348537917875293,77.53310200467531,-11.417754791076147,7.863613759630029,39.65402610312852,3,14,0.4,180-3,11,134.28483603203105
1.1166666666666676,SPH_CORRIDOR,180,180-2,8,68.92971860482139,-72.07196690725628,99.72800269142316,-46.27663559591665,3.8937541240549525,24.970401415609103,1,6,0.75,180-2,11,45.9478770584883
1.1166666666666676,SPH_CORRIDOR,180,180-5,2,32.576897388328106,-2.1608737946066006,32.64848570769977,-3.7949545649726173,0.160531896168302,5.9146437705426695,0,0,0.5,180-5,2,10.962260063635512
1.1166666666666676,SPH_CORRIDOR,180,180-5,1,29.640161636243388,-73.58345074347159,79.32883085700648,-68.05992312056796,0.0,0.0,0,0,0.0,,1,
1.1166666666666676,SPH_CORRIDOR,180,180-2,1,83.83314375721655,-50.4935866169871,97.8652046524469,-31.06099889691587,0.0,0.0,1,1,1.0,180-2,11,90.94352169304784
1.2166666666666672,SPH_CORRIDOR,90,90-1,150,38.492945830018286,-37.91687925948545,54.03144095294072,-44.568045629657036,31.586824911172965,121.37759430252486,4,37,0.9736842105263158,90-1,12,22.71967591801193
1.2166666666666672,SPH_CORRIDOR,120,120-1,82,63.56364936380301,-38.01642201036988,74.06474102374915,-30.8829821604768,21.76810908753383,100.65943699245858,4,37,0.9186046511627907,120-1,12,58.589075341583055
1.2166666666666672,SPH_CORRIDOR,120,120-1,63,6.5371521635075895,-38.312356091024554,38.86606473074317,-80.31699962930414,27.81808001852304,76.76597902010754,0,0,0.8412698412698413,120-1,12,10.928839042991285
1.2166666666666672,SPH_CORRIDOR,150,150-1,73,66.56372115081707,-38.20364572003614,76.74794798394136,-29.853279256525173,21.905868602897396,100.5105398012368,4,36,0.9102564102564102,150-1,12,71.09897079529986
1.2166666666666672,SPH_CORRIDOR,150,150-1,63,6.5371521635075895,-38.312356091024554,38.86606473074317,-80.31699962930414,27.81808001852304,76.76597902010754,0,0,0.8412698412698413,150-1,12,10.928839042991285
1.2166666666666672,SPH_CORRIDOR,180,180-1,63,6.5371521635075895,-38.312356091024554,38.86606473074317,-80.31699962930414,27.81808001852304,76.76597902010754,0,0,0.8412698412698413,180-1,12,10.928839042991285
1.2166666666666672,SPH_CORRIDOR,180,180-3,19,82.05485461547117,-11.947951049487733,82.92015858792762,-8.284576467056713,7.635049990943514,47.8626874457898,3,15,0.7894736842105263,180-3,12,53.87056583252303
1.2166666666666672,SPH_CORRIDOR,180,180-2,10,79.65642759366787,-71.13144799884601,106.7933956356749,-41.76415672311934,6.585335141800807,41.332435060740146,1,8,0.8,180-2,12,70.65392944251741
1.2166666666666672,SPH_CORRIDOR,180,180-5,3,33.614361866913725,-73.21843318970413,80.56590024616489,-65.34028744114123,2.0837052034158954,11.724870117337947,0,0,0.3333333333333333,180-5,2,12.370693891584068
1.2166666666666672,SPH_CORRIDOR,180,180-5,2,36.16249562352672,-0.3801524345249035,36.16449371407077,-0.602290505910168,0.26597786530745804,6.246319095564126,0,0,1.0,180-5,3,35.160080063710026
1.3166666666666669,SPH_OPENING_APPROACH,90,90-1,83,68.51040550230434,-37.769245042363636,78.23165301308852,-28.86760084402521,21.86004095319521,109.13337527644202,2,36,0.5533333333333333,90-1,13,242.00212060147797
1.3166666666666669,SPH_OPENING_APPROACH,90,90-1,64,6.636864394509998,-37.80230854073444,38.38049634905727,-80.04219721495578,28.237894499708784,76.77009564681113,0,0,0.4266666666666667,90-1,13,-156.5094460388345
1.3166666666666669,SPH_OPENING_APPROACH,120,120-1,77,71.01777759144522,-37.69124260498816,80.39996581551546,-27.95621923048387,21.90363249176034,109.13337527644202,2,36,0.9390243902439024,120-1,13,63.35224791766308
1.3166666666666669,SPH_OPENING_APPROACH,120,120-1,64,6.636864394509998,-37.80230854073444,38.38049634905727,-80.04219721495578,28.237894499708784,76.77009564681113,0,0,0.984375,120-1,13,-4.855683816859013
1.3166666666666669,SPH_OPENING_APPROACH,150,150-1,68,74.7285982511361,-38.28182440750649,83.96345321952201,-27.125069567463648,22.441478189814756,109.13337527644202,2,35,0.9054054054054054,150-1,13,72.1550523558065
1.3166666666666669,SPH_OPENING_APPROACH,150,150-1,64,6.636864394509998,-37.80230854073444,38.38049634905727,-80.04219721495578,28.237894499708784,76.77009564681113,0,0,0.984375,150-1,13,-4.855683816859013
1.3166666666666669,SPH_OPENING_APPROACH,180,180-1,64,6.636864394509998,-37.80230854073444,38.38049634905727,-80.04219721495578,28.237894499708784,76.77009564681113,0,0,0.984375,180-1,13,-4.855683816859013
1.3166666666666669,SPH_OPENING_APPROACH,180,180-3,15,86.01039133136491,-7.1006057986590285,86.30298963351434,-4.7193630561267375,7.463448718774309,52.91526698482809,1,10,0.7894736842105263,180-3,13,33.82831045586727
1.3166666666666669,SPH_OPENING_APPROACH,180,180-2,12,88.7435810946522,-70.52273032602754,113.35289444094808,-38.47345600350923,7.629779804833924,45.96844251860298,1,10,0.8333333333333334,180-2,13,65.5949880527318
1.3166666666666669,SPH_OPENING_APPROACH,180,180-5,3,36.14717733878103,-74.64440932393333,82.93615781358689,-64.16102686565905,2.257561009441215,13.805828916273441,0,0,1.0,180-5,3,23.702575674220014
1.3166666666666669,SPH_OPENING_APPROACH,180,180-5,3,36.33045931727958,-1.0288995764451119,36.34502591198575,-1.6222159353262053,5.860508635472981,14.384214031119543,0,0,0.6666666666666666,180-5,4,1.805321979149781
1.4166666666666665,SPH_OPENING_APPROACH,90,90-1,78,74.06458687056468,-38.5163160899755,83.48095371670311,-27.47609455461339,22.363349964033347,115.06896412238626,6,36,0.9397590361445783,90-1,14,52.49300703614594
1.4166666666666665,SPH_OPENING_APPROACH,90,90-1,64,6.3488425801869734,-37.85174629910756,38.38049634905727,-80.47845551401531,28.254890830696414,76.96927769864655,0,0,1.0,90-1,14,0.0
1.4166666666666665,SPH_OPENING_APPROACH,120,120-1,70,77.22977191277498,-38.22260541721921,86.17079107551284,-26.331756134900463,22.45754678596224,115.06896412238626,6,35,0.9090909090909091,120-1,14,57.708252599973804
1.4166666666666665,SPH_OPENING_APPROACH,120,120-1,64,6.3488425801869734,-37.85174629910756,38.38049634905727,-80.47845551401531,28.254890830696414,76.96927769864655,0,0,1.0,120-1,14,0.0
1.4166666666666665,SPH_OPENING_APPROACH,150,150-1,65,78.36225098389077,-38.41901533301245,87.27349608226163,-26.117536360486902,22.64559701401451,115.06896412238626,6,33,0.9558823529411765,150-1,14,33.10042862739621
1.4166666666666665,SPH_OPENING_APPROACH,150,150-1,64,6.3488425801869734,-37.85174629910756,38.38049634905727,-80.47845551401531,28.254890830696414,76.96927769864655,0,0,1.0,150-1,14,0.0
1.4166666666666665,SPH_OPENING_APPROACH,180,180-1,64,6.3488425801869734,-37.85174629910756,38.38049634905727,-80.47845551401531,28.254890830696414,76.96927769864655,0,0,1.0,180-1,14,0.0
1.4166666666666665,SPH_OPENING_APPROACH,180,180-3,9,104.75308737040196,-18.02034680256504,106.29177866851124,-9.760877124373204,7.949262500383042,43.85575257143863,4,9,0.4117647058823529,180-3,14,199.88789034996898
1.4166666666666665,SPH_OPENING_APPROACH,180,180-2,4,104.54547539236013,-69.09217984012298,125.3135497066238,-33.459981721646905,4.849460628071601,28.584751124703697,2,4,0.3333333333333333,180-2,14,119.60655265675726
1.4166666666666665,SPH_OPENING_APPROACH,180,180-5,3,37.75867790783909,-76.11178344813625,84.96305866083166,-63.61421864606301,2.191754432148877,15.161848022866332,0,0,1.0,180-5,4,20.26900847244775
1.4166666666666665,SPH_OPENING_APPROACH,180,180-5,3,38.56823605422648,-0.08963026512976151,38.56834020176345,-0.13315171210852986,6.0794342333337,15.819639525724947,0,0,1.0,180-5,5,22.233142897776972
1.4166666666666665,SPH_OPENING_APPROACH,180,180-2,3,72.43701219708316,-79.5563363374098,107.59336126114587,-47.681757535773656,1.7345594077752053,10.605229743354734,0,1,0.15384615384615385,180-2,14,-57.595331798022045
1.4166666666666665,SPH_OPENING_APPROACH,180,180-3,1,66.92821674858303,3.431796353642549,67.01614300568322,2.9353149306291657,0.0,0.0,0,0,0.06666666666666667,180-3,14,-192.86846627831125
1.5166666666666662,SPH_OPENING_APPROACH,90,90-1,75,76.56650420196137,-39.122153433684716,85.98239619246336,-27.065056328238246,22.692157856687476,123.7317371306456,5,36,0.9615384615384616,90-1,15,25.014424757602427
1.5166666666666662,SPH_OPENING_APPROACH,90,90-1,64,5.9347156250503685,-37.91888250528727,38.38049634905727,-81.10475335066221,28.27945408870304,77.25423242211134,0,0,1.0,90-1,15,0.0
1.5166666666666662,SPH_OPENING_APPROACH,120,120-1,69,79.9145491505149,-39.18753101503527,89.00560517733932,-26.121850246390697,22.702811414304488,123.7317371306456,5,36,0.9857142857142858,120-1,15,28.348141018264812
1.5166666666666662,SPH_OPENING_APPROACH,120,120-1,64,5.9347156250503685,-37.91888250528727,38.38049634905727,-81.10475335066221,28.27945408870304,77.25423242211134,0,0,1.0,120-1,15,0.0
1.5166666666666662,SPH_OPENING_APPROACH,150,150-1,64,5.9347156250503685,-37.91888250528727,38.38049634905727,-81.10475335066221,28.27945408870304,77.25423242211134,0,0,1.0,150-1,15,0.0
1.5166666666666662,SPH_OPENING_APPROACH,150,150-1,63,78.5172753886664,-38.621004109807075,87.5016828004434,-26.19160718315573,23.465843551760372,123.7317371306456,5,31,0.9393939393939394,150-1,15,2.281867181817745
1.5166666666666662,SPH_OPENING_APPROACH,180,180-1,64,5.9347156250503685,-37.91888250528727,38.38049634905727,-81.10475335066221,28.27945408870304,77.25423242211134,0,0,1.0,180-1,15,0.0
1.5166666666666662,SPH_OPENING_APPROACH,180,180-5,5,47.679965900268,-78.30345941556277,91.67775577911692,-58.66223673496064,5.528634976343863,32.13900556879,0,0,0.6,180-5,5,67.14697118285258
1.5166666666666662,SPH_OPENING_APPROACH,180,180-3,5,113.92420577348875,-31.884427988080716,118.30190788506884,-15.63555406164408,2.329419146465368,14.815905785838332,2,5,0.5555555555555556,180-3,15,120.10129216557601
1.5166666666666662,SPH_OPENING_APPROACH,180,180-5,4,38.83073046228958,-5.003606786711398,39.15177785377068,-7.3424952929893665,14.037793124719482,26.782656055616542,0,0,0.75,180-5,6,5.83437652007234
1.5166666666666662,SPH_OPENING_APPROACH,180,180-3,3,104.36448045325587,-0.5879462076977408,104.36613656268575,-0.3227772491757707,2.847404290719506,14.377711200503624,1,3,0.3333333333333333,180-3,15,-19.256421058254887
1.5166666666666662,SPH_OPENING_APPROACH,180,180-2,3,104.3190056822322,-78.99540750967078,130.85384730357967,-37.13477052491911,2.8627062243536088,16.037077552362348,1,3,0.75,180-2,15,55.40297596955867
1.5166666666666662,SPH_OPENING_APPROACH,180,180-3,2,65.79173617341344,2.737066724764104,65.84864526296535,2.3822443727618645,0.13346476221941317,5.056225152570875,0,0,0.5,180-3,15,-11.674977427178703
1.5166666666666662,SPH_OPENING_APPROACH,180,180-8,1,32.96466925079293,-56.19795158560178,65.15273732723603,-59.60490985914361,0.0,0.0,0,0,0.0,,1,
1.5166666666666662,SPH_OPENING_APPROACH,180,180-2,1,79.72388859461456,-80.53275047863178,113.31999961304307,-45.28918601372144,0.0,0.0,0,1,0.3333333333333333,180-2,15,57.266383518971935
1.5166666666666662,SPH_OPENING_APPROACH,180,180-2,1,116.64487121361104,-56.05964752710011,129.4168074915411,-25.668988208378273,0.0,0.0,1,1,0.25,180-2,15,41.03257784917304
1.6166666666666658,SPH_OPENING_APPROACH,90,90-1,76,77.41279130471356,-38.893924111872835,86.63415948924107,-26.675980386280326,22.703166162407854,132.4878830113327,4,36,0.9868421052631579,90-1,16,6.5176329677771605
1.6166666666666658,SPH_OPENING_APPROACH,90,90-1,64,5.795649208131675,-37.94038679634515,38.380496349057275,-81.31482418073855,28.287736007460555,77.34953009547384,0,0,1.0,90-1,16,7.105427357601002e-14
1.6166666666666658,SPH_OPENING_APPROACH,120,120-1,70,79.00201728629669,-39.409543567852275,88.28607398412713,-26.511958969979187,22.746262840602856,132.4878830113327,4,34,0.9305555555555556,120-1,16,-7.195311932121911
1.6166666666666658,SPH_OPENING_APPROACH,120,120-1,64,5.795649208131675,-37.94038679634515,38.380496349057275,-81.31482418073855,28.287736007460555,77.34953009547384,0,0,1.0,120-1,16,7.105427357601002e-14
1.6166666666666658,SPH_OPENING_APPROACH,150,150-1,64,5.795649208131675,-37.94038679634515,38.380496349057275,-81.31482418073855,28.287736007460555,77.34953009547384,0,0,1.0,150-1,16,7.105427357601002e-14
1.6166666666666658,SPH_OPENING_APPROACH,150,150-1,39,59.2996450665876,-39.972481580095106,71.51396499072268,-33.98297357604802,26.705295308924374,99.72031745553572,0,6,0.59375,150-1,16,-159.8771780972072
1.6166666666666658,SPH_OPENING_APPROACH,150,150-1,22,112.55449636026141,-37.431369303575025,118.61543769194935,-18.39517446594972,12.611326432140602,101.9905632933209,4,22,0.3492063492063492,150-1,16,311.1375489150595
1.6166666666666658,SPH_OPENING_APPROACH,180,180-1,64,5.795649208131675,-37.94038679634515,38.380496349057275,-81.31482418073855,28.287736007460555,77.34953009547384,0,0,1.0,180-1,16,7.105427357601002e-14
1.6166666666666658,SPH_OPENING_APPROACH,180,180-3,5,52.53922322396396,1.1560314467792352,52.55193988506472,1.2604875515588132,4.385949174683863,34.77453271968937,0,0,0.4,180-3,16,-132.96705377900628
1.6166666666666658,SPH_OPENING_APPROACH,180,180-5,4,46.86171184372143,-78.24357708504459,91.20349440666897,-59.08172773538457,5.330838739555758,31.265206791303488,0,0,0.5,180-5,6,-4.742613724479554
1.6166666666666658,SPH_OPENING_APPROACH,180,180-3,3,116.54860906723364,-31.233090962874638,120.6610303561264,-15.001827926350867,3.0009297461456703,16.09050806353513,1,3,0.6,180-3,16,23.591224710575602
1.6166666666666658,SPH_OPENING_APPROACH,180,180-3,3,105.97674182662892,2.730700270192704,106.01191693462387,1.4760124314657361,3.325821147088965,17.34210625358886,1,3,1.0,180-3,16,16.45780371938116
1.6166666666666658,SPH_OPENING_APPROACH,180,180-2,3,105.42235972823948,-82.86016703664788,134.08833361635723,-38.166739541203455,3.3724786155620565,19.260862035298555,1,3,1.0,180-2,16,32.344863127775625
1.6166666666666658,SPH_OPENING_APPROACH,180,180-2,2,83.74955032316281,-80.92244073684824,116.45784041506478,-44.01643543079802,1.1268480764487094,6.750434101166926,0,2,0.5,180-2,16,31.378408020217137
1.6166666666666658,SPH_OPENING_APPROACH,180,180-8,1,33.6463871200712,-56.21316209831452,65.51334947417264,-59.09737075055011,0.0,0.0,0,0,1.0,180-8,2,3.6061214693661725
1.6166666666666658,SPH_OPENING_APPROACH,180,180-5,1,34.72283549928183,-20.47505074403295,40.31008568684654,-30.526621937117582,0.0,0.0,0,0,0.25,180-5,7,11.583078330758596
1.6166666666666658,SPH_OPENING_APPROACH,180,180-2,1,120.78080769190959,-56.98785511857294,133.55006229023448,-25.259284807447887,0.0,0.0,1,1,1.0,180-2,16,41.33254798693372
1.7166666666666655,SPH_OPENING_APPROACH,90,90-1,76,78.7308125288357,-38.270787857262015,87.53967126204111,-25.924233451959843,22.83138030972449,139.67353170210504,4,36,1.0,90-1,17,9.055117728000397
1.7166666666666655,SPH_OPENING_APPROACH,90,90-1,64,6.073711716126574,-37.89686696798807,38.38049634905727,-80.89466822929224,28.271193191242062,77.15878408056298,0,0,1.0,90-1,17,-7.105427357601002e-14
1.7166666666666655,SPH_OPENING_APPROACH,120,120-1,68,80.45062865818906,-38.61651717365653,89.23866342634868,-25.6411305132217,23.052238782451283,139.67353170210504,4,33,0.9714285714285714,120-1,17,9.525894422215515
1.7166666666666655,SPH_OPENING_APPROACH,120,120-1,64,6.073711716126574,-37.89686696798807,38.38049634905727,-80.89466822929224,28.271193191242062,77.15878408056298,0,0,1.0,120-1,17,-7.105427357601002e-14
1.7166666666666655,SPH_OPENING_APPROACH,150,150-1,64,6.073711716126574,-37.89686696798807,38.38049634905727,-80.89466822929224,28.271193191242062,77.15878408056298,0,0,1.0,150-1,17,-7.105427357601002e-14
1.7166666666666655,SPH_OPENING_APPROACH,150,150-1,39,60.19495038366493,-39.542819425079884,72.02129282216724,-33.30141468858017,26.620764935222375,100.06367591601389,0,6,1.0,150-1,17,5.0732783144455595
1.7166666666666655,SPH_OPENING_APPROACH,150,150-1,18,114.90946963112849,-38.157398115742886,121.07920235065367,-18.369514124372962,13.563146881373108,109.30358233821566,4,18,0.8181818181818182,150-1,17,24.637646587043207
1.7166666666666655,SPH_OPENING_APPROACH,180,180-1,64,6.073711716126574,-37.89686696798807,38.38049634905727,-80.89466822929224,28.271193191242062,77.15878408056298,0,0,1.0,180-1,17,-7.105427357601002e-14
1.7166666666666655,SPH_OPENING_APPROACH,180,180-5,4,47.97436131681353,-78.00811136296164,91.5794997921063,-58.40881853290408,5.378602742032698,31.42405510844946,0,0,1.0,180-5,7,3.760053854373382
1.7166666666666655,SPH_OPENING_APPROACH,180,180-3,3,107.26279441355935,6.592137001441448,107.46517266375778,3.5168500942332517,3.6291615914453943,20.058204889254498,1,3,1.0,180-3,17,14.532557291339145
1.7166666666666655,SPH_OPENING_APPROACH,180,180-2,3,107.25289348105002,-84.94784950086144,136.81856706923395,-38.380391904428635,3.7538798876055672,21.83820523580107,1,3,1.0,180-2,17,27.302334528767176
1.7166666666666655,SPH_OPENING_APPROACH,180,180-8,2,34.2748554508843,-50.322858462149334,60.88641720433654,-55.741256491754875,3.197883110075214,11.55430133453084,0,0,0.5,180-8,3,-46.26932269836104
1.7166666666666655,SPH_OPENING_APPROACH,180,180-3,2,39.099497123093336,-0.4458214131768281,39.10203871937154,-0.6532712789717237,5.606464523652452,9.560616675896183,0,0,0.4,180-3,17,-134.49901165693177
1.7166666666666655,SPH_OPENING_APPROACH,180,180-3,2,67.49510428012893,2.952187935781518,67.55963673225051,2.5044803981431443,0.13389572976010866,5.3394912346737025,0,0,0.4,180-3,17,150.0769684718579
1.7166666666666655,SPH_OPENING_APPROACH,180,180-5,1,34.85992655567552,-20.048688516696195,40.21398252730756,-29.904127422005033,0.0,0.0,0,0,1.0,180-5,8,-0.9610315953898407
1.7166666666666655,SPH_OPENING_APPROACH,180,180-2,1,81.82255323639109,-80.26735638139611,114.62014970580044,-44.45028359773679,0.0,0.0,0,1,0.5,180-2,17,-18.376907092643364
1.7166666666666655,SPH_OPENING_APPROACH,180,180-3,1,119.31488539830697,-37.86683157951528,125.17962618366657,-17.607818401715672,0.0,0.0,0,1,0.3333333333333333,180-3,17,45.185958275401674
1.7166666666666655,SPH_OPENING_APPROACH,180,180-3,1,119.18586665405975,-20.4465307736299,120.92696734292275,-9.734428360460162,0.0,0.0,1,1,0.3333333333333333,180-3,17,2.659369867963477
1.7166666666666655,SPH_OPENING_APPROACH,180,180-2,1,124.306824469251,-56.28835374460309,136.45719247041086,-24.36186817155923,0.0,0.0,1,1,1.0,180-2,17,29.07130180176381
1.816666666666665,SPH_OPENING_APPROACH,90,90-1,75,80.87915929119646,-37.660077784907294,89.21726215489915,-24.96828280324616,23.00746596883224,145.62057345591677,8,35,0.9868421052631579,90-1,18,16.77590892858035
1.816666666666665,SPH_OPENING_APPROACH,90,90-1,64,6.580435811320481,-37.812172174223065,38.38049634905727,-80.12771308519392,28.241218778980837,76.80918186881725,0,0,1.0,90-1,18,0.0
1.816666666666665,SPH_OPENING_APPROACH,120,120-1,66,82.35482440992324,-37.5667868533388,90.51839911351436,-24.52046526337705,23.19169481929427,145.62057345591677,8,31,0.9420289855072463,120-1,18,12.797356871656831
1.816666666666665,SPH_OPENING_APPROACH,120,120-1,64,6.580435811320481,-37.812172174223065,38.38049634905727,-80.12771308519392,28.241218778980837,76.80918186881725,0,0,1.0,120-1,18,0.0
1.816666666666665,SPH_OPENING_APPROACH,150,150-1,64,6.580435811320481,-37.812172174223065,38.38049634905727,-80.12771308519392,28.241218778980837,76.80918186881725,0,0,1.0,150-1,18,0.0
1.816666666666665,SPH_OPENING_APPROACH,150,150-1,40,62.08888718001536,-37.66984991358234,72.62263768112871,-31.245540495545942,26.663673069684073,102.45962883636697,2,6,0.975,150-1,18,6.013448589614683
1.816666666666665,SPH_OPENING_APPROACH,150,150-1,9,123.15065763955113,-37.696701925399935,128.79101604190558,-17.019471079860544,5.316682412663266,43.030558323841475,2,9,0.5,150-1,18,77.11813691251905
1.816666666666665,SPH_OPENING_APPROACH,150,150-1,3,108.66285787136165,10.319600053287887,109.15177884959806,5.425050697520455,3.631142400047929,22.376518570189017,2,3,0.16666666666666666,150-1,18,-119.27423501055614
1.816666666666665,SPH_OPENING_APPROACH,150,150-1,3,109.78858249274329,-85.63200472523057,139.23495638318636,-37.95322838002998,3.9992169444518715,23.89012230218887,2,3,0.16666666666666666,150-1,18,181.55754032532684
1.816666666666665,SPH_OPENING_APPROACH,180,180-1,64,6.580435811320481,-37.812172174223065,38.38049634905727,-80.12771308519392,28.241218778980837,76.80918186881725,0,0,1.0,180-1,18,0.0
1.816666666666665,SPH_OPENING_APPROACH,180,180-5,4,49.24068857506418,-77.45278372184963,91.78005838748454,-57.55379659604469,5.64652517850084,32.6631941028558,1,0,1.0,180-5,8,2.0055859537824006
1.816666666666665,SPH_OPENING_APPROACH,180,180-8,4,34.30714411814067,-37.696986244064774,50.97100067124524,-47.695405742254756,11.074969363371673,36.510946068852135,0,0,0.5,180-8,4,-99.15416533091296
1.816666666666665,SPH_OPENING_APPROACH,180,180-3,3,108.66285787136165,10.319600053287887,109.15177884959806,5.425050697520455,3.631142400047929,22.376518570189017,2,3,1.0,180-3,18,16.86606185840276
1.816666666666665,SPH_OPENING_APPROACH,180,180-2,3,109.78858249274329,-85.63200472523057,139.23495638318636,-37.95322838002998,3.9992169444518715,23.89012230218887,2,3,1.0,180-2,18,24.163893139524077
1.816666666666665,SPH_OPENING_APPROACH,180,180-3,2,38.9245845585329,0.293928880873076,38.9256943064782,0.4326459603107808,5.293383265912171,9.463995623553538,1,0,1.0,180-3,18,-1.763444128933429
1.816666666666665,SPH_OPENING_APPROACH,180,180-3,2,68.3550997898792,3.8537124243689522,68.46364558460263,3.226796054257054,0.1288939314344213,5.278583276351227,0,0,1.0,180-3,18,9.040088523521206
1.816666666666665,SPH_OPENING_APPROACH,180,180-2,1,84.11020439318068,-79.16717593046091,115.5074379763796,-43.265968050857495,0.0,0.0,0,1,1.0,180-2,18,8.872882705791625
1.816666666666665,SPH_OPENING_APPROACH,180,180-3,1,123.44452644800653,-17.529851563353827,124.68298522976502,-8.082299718467963,0.0,0.0,1,1,1.0,180-3,18,37.560178868422724
1.816666666666665,SPH_OPENING_APPROACH,180,180-2,1,128.53076379081833,-55.15557483460295,139.8652733025129,-23.225309581472718,0.0,0.0,1,1,1.0,180-2,18,34.0808083210203
1.9166666666666647,SPH_OPENING_APPROACH,90,90-1,72,82.57299363077423,-37.279798998337135,90.59846958146865,-24.298076478196926,23.316607138019805,150.27173865576188,6,34,0.9342105263157895,90-1,19,13.812074265695031
1.9166666666666647,SPH_OPENING_APPROACH,90,90-1,64,6.50365388862683,-37.82545420873287,38.38049634905727,-80.24403822157089,28.245746478950757,76.86231723266252,0,0,1.0,90-1,19,0.0
1.9166666666666647,SPH_OPENING_APPROACH,120,120-1,64,6.50365388862683,-37.82545420873287,38.38049634905727,-80.24403822157089,28.245746478950757,76.86231723266252,0,0,1.0,120-1,19,0.0
1.9166666666666647,SPH_OPENING_APPROACH,120,120-1,64,83.88005446117396,-38.328574178312465,92.22224858976227,-24.557795324576503,23.48217035287728,150.27173865576188,6,30,0.9696969696969697,120-1,19,17.038494762479104
1.9166666666666647,SPH_OPENING_APPROACH,150,150-1,64,6.50365388862683,-37.82545420873287,38.38049634905727,-80.24403822157089,28.245746478950757,76.86231723266252,0,0,1.0,150-1,19,0.0
1.9166666666666647,SPH_OPENING_APPROACH,150,150-1,37,60.438749392408496,-36.67194827572058,70.69423044673083,-31.24779304918223,26.981750749814616,101.19859662186981,0,3,0.925,150-1,19,-19.284072343978806
1.9166666666666647,SPH_OPENING_APPROACH,150,150-1,7,127.2419196926346,-38.307861292651744,132.88340138589137,-16.755115639623977,6.102300699840446,44.66793535497093,2,7,0.7777777777777778,150-1,19,40.923853439857965
1.9166666666666647,SPH_OPENING_APPROACH,150,150-1,3,110.19596037853456,11.824445868397392,110.82854868598713,6.124620396990969,3.377736319373732,24.249244451661863,2,3,1.0,150-1,19,16.767698363890702
1.9166666666666647,SPH_OPENING_APPROACH,150,150-1,2,105.76214657635529,-92.20443795449334,140.31140376655947,-41.082225438625265,2.0311244228912173,10.363175961794944,1,2,0.6666666666666666,150-1,19,10.764473833731074
1.9166666666666647,SPH_OPENING_APPROACH,150,150-1,1,121.65064202880289,-78.81342582276254,144.94976645700413,-32.937866800041974,0.0,0.0,1,1,0.3333333333333333,150-1,19,57.14810073817773
1.9166666666666647,SPH_OPENING_APPROACH,180,180-1,64,6.50365388862683,-37.82545420873287,38.38049634905727,-80.24403822157089,28.245746478950757,76.86231723266252,0,0,1.0,180-1,19,0.0
1.9166666666666647,SPH_OPENING_APPROACH,180,180-5,4,49.499508564349576,-77.6246248978675,92.06401978322883,-57.47524207190125,5.879603557051279,33.879037438239244,0,0,1.0,180-5,9,2.8396139574428503
1.9166666666666647,SPH_OPENING_APPROACH,180,180-8,4,34.14147883749703,-37.77770477226959,50.919500734708876,-47.89440360336448,11.194541546311418,36.70554845316172,0,0,1.0,180-8,5,-0.5149993653636642
1.9166666666666647,SPH_OPENING_APPROACH,180,180-3,3,110.19596037853456,11.824445868397392,110.82854868598713,6.124620396990969,3.377736319373732,24.249244451661863,2,3,1.0,180-3,19,16.767698363890702
1.9166666666666647,SPH_OPENING_APPROACH,180,180-3,2,38.952184946592155,0.3687606576427387,38.953930437584155,0.5424034156181897,5.046148293814724,9.496749028559853,0,0,1.0,180-3,19,0.2823613110595602
1.9166666666666647,SPH_OPENING_APPROACH,180,180-3,2,69.42511115846574,3.7108146519317398,69.5242130825392,3.0595829635996648,0.12897169777383355,5.446624032176385,0,0,1.0,180-3,19,10.605674979365745
1.9166666666666647,SPH_OPENING_APPROACH,180,180-2,2,105.76214657635529,-92.20443795449334,140.31140376655947,-41.082225438625265,2.0311244228912173,10.363175961794944,1,2,0.6666666666666666,180-2,19,10.764473833731074
1.9166666666666647,SPH_OPENING_APPROACH,180,180-2,1,85.38031319921195,-79.34331639931558,116.5553934369295,-42.90109228162154,0.0,0.0,0,1,1.0,180-2,19,10.479554605499004
1.9166666666666647,SPH_OPENING_APPROACH,180,180-3,1,128.14237044554258,-16.864675484337976,129.24737669521457,-7.497544176078425,0.0,0.0,1,1,1.0,180-3,19,45.64391465449546
1.9166666666666647,SPH_OPENING_APPROACH,180,180-2,1,121.65064202880289,-78.81342582276254,144.94976645700413,-32.937866800041974,0.0,0.0,1,1,0.3333333333333333,180-2,19,57.14810073817773
1.9166666666666647,SPH_OPENING_APPROACH,180,180-2,1,132.40140844126546,-56.286953083558124,143.8692254954529,-23.031486273068012,0.0,0.0,1,1,1.0,180-2,19,40.03952192940005
2.0166666666666644,SPH_OPENING_APPROACH,90,90-1,70,83.08111038837764,-38.14836638951085,91.42083330157384,-24.663175064635947,23.37534808254627,154.9460371276312,6,33,0.9722222222222222,90-1,20,8.223637201051872
2.0166666666666644,SPH_OPENING_APPROACH,90,90-1,64,6.368736217691383,-37.84840418022224,38.38049634905727,-80.44834140103907,28.25371460447073,76.95554611267067,0,0,1.0,90-1,20,0.0
2.0166666666666644,SPH_OPENING_APPROACH,120,120-1,64,6.368736217691383,-37.84840418022224,38.38049634905727,-80.44834140103907,28.25371460447073,76.95554611267067,0,0,1.0,120-1,20,0.0
2.0166666666666644,SPH_OPENING_APPROACH,120,120-1,61,84.11752289950986,-38.594739172676846,92.54896839271912,-24.646568527640408,23.718373441082196,154.9460371276312,6,28,0.9230769230769231,120-1,20,3.2671980295684477
2.0166666666666644,SPH_OPENING_APPROACH,150,150-1,64,6.368736217691383,-37.84840418022224,38.38049634905727,-80.44834140103907,28.25371460447073,76.95554611267067,0,0,1.0,150-1,20,0.0
2.0166666666666644,SPH_OPENING_APPROACH,150,150-1,35,59.66220562611212,-39.19167977545752,71.38323713445959,-33.30062783300181,26.56989190528321,98.46127308400567,0,2,0.9459459459459459,150-1,20,6.890066877287637
2.0166666666666644,SPH_OPENING_APPROACH,150,150-1,8,130.20330587186652,-35.06679582401245,134.84280117724418,-15.073436198490848,6.973700573110882,53.50388833355636,2,8,0.875,150-1,20,19.593997913528085
2.0166666666666644,SPH_OPENING_APPROACH,150,150-1,3,103.64654312535258,-93.52185867738872,139.60280782387235,-42.06041838434998,1.791436084661539,14.741873518995153,1,3,0.6666666666666666,150-1,20,-7.0859594268711135
2.0166666666666644,SPH_OPENING_APPROACH,150,150-1,3,111.15820391999357,13.199385868240753,111.93913563190306,6.771829155802808,3.118439084167426,24.79611977750919,2,3,1.0,150-1,20,11.105869459159265
2.0166666666666644,SPH_OPENING_APPROACH,150,150-1,1,123.9042396791837,-81.22439563490019,148.15418676747342,-33.24651240860897,0.0,0.0,1,1,1.0,150-1,20,32.04420310469288
2.0166666666666644,SPH_OPENING_APPROACH,180,180-1,64,6.368736217691383,-37.84840418022224,38.38049634905727,-80.44834140103907,28.25371460447073,76.95554611267067,0,0,1.0,180-1,20,0.0
2.0166666666666644,SPH_OPENING_APPROACH,180,180-8,4,34.84464448788365,-37.91969872252263,51.49808540804099,-47.41990577665947,11.174447325704532,36.656286789468,0,0,1.0,180-8,6,5.785846733321165
2.0166666666666644,SPH_OPENING_APPROACH,180,180-5,3,43.73973193844099,-77.3052247517961,88.82151723525321,-60.49857385833614,3.424176894476676,18.97565779093017,0,0,0.75,180-5,10,-32.42502547975619
2.0166666666666644,SPH_OPENING_APPROACH,180,180-3,3,111.15820391999357,13.199385868240753,111.93913563190306,6.771829155802808,3.118439084167426,24.79611977750919,2,3,1.0,180-3,20,11.105869459159265
2.0166666666666644,SPH_OPENING_APPROACH,180,180-3,2,39.7836318412112,0.3355204836011212,39.78504664408413,0.4832000248899006,4.7670608135915575,9.286405208474514,0,0,1.0,180-3,20,8.311162064999777
2.0166666666666644,SPH_OPENING_APPROACH,180,180-3,2,70.61271183802316,3.4545019794074454,70.69716159115178,2.800780502416211,0.13096428234870716,5.718824559538472,0,0,1.0,180-3,20,11.729485086125777
2.0166666666666644,SPH_OPENING_APPROACH,180,180-2,2,106.14141284302656,-95.23712919818283,142.60473448741163,-41.9005640641883,2.17677509356178,11.329752197533422,1,2,1.0,180-2,20,22.933307208521683
2.0166666666666644,SPH_OPENING_APPROACH,180,180-5,1,69.15245230961767,-79.53115809977567,105.39101844619141,-48.99299567545696,0.0,0.0,0,0,0.25,180-5,10,133.2699866296258
2.0166666666666644,SPH_OPENING_APPROACH,180,180-3,1,132.2522154153138,-16.69147248873496,133.3013643444836,-7.19323351015523,0.0,0.0,1,1,1.0,180-3,20,40.539876492690325
2.0166666666666644,SPH_OPENING_APPROACH,180,180-2,1,123.9042396791837,-81.22439563490019,148.15418676747342,-33.24651240860897,0.0,0.0,1,1,1.0,180-2,20,32.04420310469288
2.0166666666666644,SPH_OPENING_APPROACH,180,180-2,1,136.0540179216632,-57.54851480354248,147.72449813325412,-22.927528079375232,0.0,0.0,1,1,1.0,180-2,20,38.55272637801221
2.116666666666664,SPH_OPENING_APPROACH,90,90-1,70,84.71177174532303,-37.69134525086713,92.71850828745993,-23.986019146014215,23.370915267453857,160.49810144638104,5,33,1.0,90-1,21,12.976749858860899
2.116666666666664,SPH_OPENING_APPROACH,90,90-1,64,6.570592058656786,-37.81388395812726,38.38049634905727,-80.14262872427017,28.241798966093782,76.81599719871332,0,0,1.0,90-1,21,0.0
2.116666666666664,SPH_OPENING_APPROACH,120,120-1,64,6.570592058656786,-37.81388395812726,38.38049634905727,-80.14262872427017,28.241798966093782,76.81599719871332,0,0,1.0,120-1,21,0.0
2.116666666666664,SPH_OPENING_APPROACH,120,120-1,59,83.99682989811912,-38.01225948596837,92.19761007836456,-24.348843293784704,23.764231257055215,160.49810144638104,5,25,0.9354838709677419,120-1,21,-3.51358314354556
2.116666666666664,SPH_OPENING_APPROACH,150,150-1,64,6.570592058656786,-37.81388395812726,38.38049634905727,-80.14262872427017,28.241798966093782,76.81599719871332,0,0,1.0,150-1,21,0.0
2.116666666666664,SPH_OPENING_APPROACH,150,150-1,33,59.29763261371208,-38.94697391376256,70.94417531150864,-33.297103997166694,26.4667314157559,96.89079539937899,0,0,0.9428571428571428,150-1,21,-4.390618229509471
2.116666666666664,SPH_OPENING_APPROACH,150,150-1,6,134.5582691187807,-30.4868484252561,137.96874905262695,-12.765966981084848,6.622836204880123,51.084450966622285,2,6,0.75,150-1,21,31.259478753827636
2.116666666666664,SPH_OPENING_APPROACH,150,150-1,3,104.36568389154128,-95.1265498354906,141.21351372214062,-42.34834091535118,1.871569624883169,17.791438680211833,1,3,1.0,150-1,21,16.107058982682645
2.116666666666664,SPH_OPENING_APPROACH,150,150-1,3,111.73974840725634,16.245578925809188,112.91452611932462,8.272139120774261,3.1709597495600432,25.378543506718653,2,3,1.0,150-1,21,9.753904874215635
2.116666666666664,SPH_OPENING_APPROACH,150,150-1,2,127.03631014726474,-75.37989253890251,147.7171360912759,-30.68374158784987,2.6893233221387653,14.415248828102632,0,2,0.5,150-1,21,-4.37050676197515
2.116666666666664,SPH_OPENING_APPROACH,180,180-1,64,6.570592058656786,-37.81388395812726,38.38049634905727,-80.14262872427017,28.241798966093782,76.81599719871332,0,0,1.0,180-1,21,0.0
2.116666666666664,SPH_OPENING_APPROACH,180,180-8,4,36.06665569379564,-37.75228910620747,52.211483274213464,-46.30810457320847,11.152498506907888,36.71592597402025,0,0,1.0,180-8,7,7.133978661724711
2.116666666666664,SPH_OPENING_APPROACH,180,180-5,3,45.11878135331085,-77.13611470557,89.36265787608784,-59.6756010284,3.2975647341836445,18.466963920146693,0,0,1.0,180-5,11,5.4114064083462665
2.116666666666664,SPH_OPENING_APPROACH,180,180-3,3,111.73974840725634,16.245578925809188,112.91452611932462,8.272139120774261,3.1709597495600432,25.378543506718653,2,3,1.0,180-3,21,9.753904874215635
2.116666666666664,SPH_OPENING_APPROACH,180,180-3,2,40.87725634414477,0.6370099125285673,40.88221945850767,0.8927953767301933,4.502752007369519,8.93962157564038,0,0,1.0,180-3,21,10.971728144235371
2.116666666666664,SPH_OPENING_APPROACH,180,180-3,2,71.69525724264614,3.8289041983790137,71.79742626619402,3.0569921791063686,0.12792507835323885,5.761377146458956,0,0,1.0,180-3,21,11.0026467504224
2.116666666666664,SPH_OPENING_APPROACH,180,180-2,2,107.31949968972177,-97.71947453226585,145.14327651157095,-42.319341217596495,2.2918922000008024,12.130654155179714,1,2,1.0,180-2,21,25.385420241593124
2.116666666666664,SPH_OPENING_APPROACH,180,180-5,1,70.62509226579756,-79.16325534784932,106.08828707647801,-48.26241603653896,0.0,0.0,0,0,1.0,180-5,11,6.972686302866009
2.116666666666664,SPH_OPENING_APPROACH,180,180-3,1,135.6011502939882,-14.905074841494669,136.41786252937456,-6.272684587153622,0.0,0.0,1,1,1.0,180-3,21,31.164981848909576
2.116666666666664,SPH_OPENING_APPROACH,180,180-2,1,125.17765485247354,-82.34374565260137,149.83303281474784,-33.337520832226524,0.0,0.0,0,1,1.0,180-2,21,16.78846047274419
2.116666666666664,SPH_OPENING_APPROACH,180,180-2,1,139.69409184656064,-57.34488462267242,151.0062087770663,-22.318311491378882,0.0,0.0,1,1,1.0,180-2,21,32.817106438121755
2.2166666666666637,SPH_OPENING_APPROACH,90,90-1,69,85.08427968760185,-38.398201166387246,93.34750399862013,-24.289469556262215,23.538601705142714,166.00549401072914,7,32,0.9857142857142858,90-1,22,6.289957111602007
2.2166666666666637,SPH_OPENING_APPROACH,90,90-1,64,6.3903308804831855,-37.844764119200704,38.38049634905727,-80.41564933563322,28.252438189549,76.94063600190718,0,0,1.0,90-1,22,0.0
2.2166666666666637,SPH_OPENING_APPROACH,120,120-1,64,6.3903308804831855,-37.844764119200704,38.38049634905727,-80.41564933563322,28.252438189549,76.94063600190718,0,0,1.0,120-1,22,0.0
2.2166666666666637,SPH_OPENING_APPROACH,120,120-1,59,85.01897650976194,-38.402594046383165,93.28979363391666,-24.308426691493004,23.818423236513095,166.00549401072914,7,25,1.0,120-1,22,10.921835555520971
2.2166666666666637,SPH_OPENING_APPROACH,150,150-1,64,6.3903308804831855,-37.844764119200704,38.38049634905727,-80.41564933563322,28.252438189549,76.94063600190718,0,0,1.0,150-1,22,0.0
2.2166666666666637,SPH_OPENING_APPROACH,150,150-1,32,59.09051981815656,-37.9744516240357,70.24064712491038,-32.72677893721906,26.58302652540719,96.88202566869157,1,0,0.9696969696969697,150-1,22,-7.0352818659826255
2.2166666666666637,SPH_OPENING_APPROACH,150,150-1,6,137.61003829450894,-30.561885903476533,140.962943745487,-12.521617005707727,6.803683761688033,52.978735971218796,2,6,1.0,150-1,22,29.941946928600487
2.2166666666666637,SPH_OPENING_APPROACH,150,150-1,3,104.18854372738862,-97.97980857067792,143.02201065423694,-43.24095837418815,1.8578723922023317,18.635571931597436,1,3,1.0,150-1,22,18.084969320963182
2.2166666666666637,SPH_OPENING_APPROACH,150,150-1,3,112.44896834084331,18.440792470898387,113.95101275493221,9.313182941377821,3.3972368607156636,26.540780970100588,2,3,1.0,150-1,22,10.36486635607588
2.2166666666666637,SPH_OPENING_APPROACH,150,150-1,3,127.83417454151322,-77.12717229285983,149.29895139150358,-31.104162797430252,2.3992073479048357,15.619813786779485,1,3,0.6666666666666666,150-1,22,15.818153002276745
2.2166666666666637,SPH_OPENING_APPROACH,180,180-1,64,6.3903308804831855,-37.844764119200704,38.38049634905727,-80.41564933563322,28.252438189549,76.94063600190718,0,0,1.0,180-1,22,0.0
2.2166666666666637,SPH_OPENING_APPROACH,180,180-5,3,45.373820862879306,-77.41775634075866,89.73456756754187,-59.6258325071755,3.3179110064436794,18.526717430092383,0,0,1.0,180-5,12,3.7190969145403585
2.2166666666666637,SPH_OPENING_APPROACH,180,180-8,3,36.08625114464711,-31.831292437513156,48.119109508770286,-41.41516813711992,9.941957580068923,25.44509372097258,1,0,0.75,180-8,8,-40.923737654431775
2.2166666666666637,SPH_OPENING_APPROACH,180,180-3,3,112.44896834084331,18.440792470898387,113.95101275493221,9.313182941377821,3.3972368607156636,26.540780970100588,2,3,1.0,180-3,22,10.36486635607588
2.2166666666666637,SPH_OPENING_APPROACH,180,180-3,2,41.450744586393796,0.528092954681459,41.454108468705954,0.7299232108610861,4.3084905210654,8.739796419453723,0,0,1.0,180-3,22,5.718890101982836
2.2166666666666637,SPH_OPENING_APPROACH,180,180-3,2,72.62387828816483,3.4809704973461804,72.70725447448538,2.7441717002244257,0.12642400934223597,5.838987038762613,0,0,1.0,180-3,22,9.098282082913585
2.2166666666666637,SPH_OPENING_APPROACH,180,180-2,2,107.35733160121248,-100.71810829215872,147.20643323742243,-43.172439485340675,2.2728483691526407,12.356045388440064,1,2,1.0,180-2,22,20.63156725851485
2.2166666666666637,SPH_OPENING_APPROACH,180,180-5,1,71.23839430642039,-79.50569756239081,106.75235251852479,-48.139144776478766,0.0,0.0,0,0,1.0,180-5,12,6.640654420467769
2.2166666666666637,SPH_OPENING_APPROACH,180,180-9,1,138.47055479319087,-36.78547371319674,143.27339467269687,-14.877317910481516,0.0,0.0,0,1,0.0,,1,
2.2166666666666637,SPH_OPENING_APPROACH,180,180-3,1,138.31625178231252,-13.969660009827585,139.01991550816828,-5.767200599760125,0.0,0.0,1,1,1.0,180-3,22,26.02052978793722
2.2166666666666637,SPH_OPENING_APPROACH,180,180-2,1,125.47344122522817,-84.7105270092886,151.391736363291,-34.02435460005313,0.0,0.0,0,1,1.0,180-2,22,15.5870354854315
2.2166666666666637,SPH_OPENING_APPROACH,180,180-12,1,131.09082648599883,-70.13576918743293,148.67357165379164,-28.147520976582694,0.0,0.0,1,1,0.0,,1,
2.2166666666666637,SPH_OPENING_APPROACH,180,180-2,1,142.20711209925935,-58.468835667815824,153.75782086112358,-22.35014584010169,0.0,0.0,1,1,1.0,180-2,22,27.516120840572853
2.3166666666666633,SPH_OPENING_APPROACH,90,90-1,66,85.61149178946843,-38.236437254077785,93.76221339272686,-24.066847255559207,24.01970671016118,170.34186014488566,7,30,0.9565217391304348,90-1,23,4.147093941067368
2.3166666666666633,SPH_OPENING_APPROACH,90,90-1,64,6.20507754625547,-37.875579370419594,38.38049634905727,-80.69600234317137,28.263401191677026,77.06839537431357,0,0,1.0,90-1,23,0.0
2.3166666666666633,SPH_OPENING_APPROACH,120,120-1,64,6.20507754625547,-37.875579370419594,38.38049634905727,-80.69600234317137,28.263401191677026,77.06839537431357,0,0,1.0,120-1,23,0.0
2.3166666666666633,SPH_OPENING_APPROACH,120,120-1,57,85.8240212107056,-40.82681329187482,95.03994581409046,-25.440610673709944,24.16441170420738,170.34186014488566,7,24,0.9333333333333333,120-1,23,17.501521801737994
2.3166666666666633,SPH_OPENING_APPROACH,150,150-1,64,6.20507754625547,-37.875579370419594,38.38049634905727,-80.69600234317137,28.263401191677026,77.06839537431357,0,0,1.0,150-1,23,0.0
2.3166666666666633,SPH_OPENING_APPROACH,150,150-1,32,59.488026080244694,-38.27194310951863,70.73589524634649,-32.755421946446006,26.481583172189648,97.81507844637152,0,0,1.0,150-1,23,4.9524812143610575
2.3166666666666633,SPH_OPENING_APPROACH,150,150-1,7,116.86104107380194,-90.37552854737906,147.7302916841057,-37.71689372043036,6.265105853090848,48.82251994452364,2,7,0.42857142857142855,150-1,23,47.08281029868772
2.3166666666666633,SPH_OPENING_APPROACH,150,150-1,6,140.1672383333254,-30.706115249695227,143.4911851498858,-12.356458021951427,6.984619274641539,54.71075013431779,2,6,1.0,150-1,23,25.282414043988126
2.3166666666666633,SPH_OPENING_APPROACH,150,150-1,3,104.32002126009054,21.21613598288475,106.4555835160843,11.49577429014606,2.1802186304092026,17.889710513403898,2,3,0.5,150-1,23,-74.95429238847905
2.3166666666666633,SPH_OPENING_APPROACH,150,150-1,1,125.14845372948905,12.211780649305544,125.74284495552347,5.57318436256715,0.0,0.0,1,1,0.3333333333333333,150-1,23,117.91832200591259
2.3166666666666633,SPH_OPENING_APPROACH,180,180-1,64,6.20507754625547,-37.875579370419594,38.38049634905727,-80.69600234317137,28.263401191677026,77.06839537431357,0,0,1.0,180-1,23,0.0
2.3166666666666633,SPH_OPENING_APPROACH,180,180-5,3,45.352485004061755,-77.70307072262646,89.97007889164674,-59.72942917751525,3.4440741642427124,19.053726108343696,0,0,1.0,180-5,13,2.3551132410486275
2.3166666666666633,SPH_OPENING_APPROACH,180,180-8,3,35.912891049172714,-32.01302196185745,48.109971093736036,-41.714052156097786,10.080867416706496,25.555150295676118,0,0,1.0,180-8,9,-0.09138415034250613
2.3166666666666633,SPH_OPENING_APPROACH,180,180-2,3,103.97539310758584,-101.05202162346207,144.9910116043945,-44.18310681177212,1.835119167074557,17.487380622891322,1,3,0.6666666666666666,180-2,23,-22.15421633027944
2.3166666666666633,SPH_OPENING_APPROACH,180,180-3,2,41.6353842290464,0.41425892757202964,41.637445050812126,0.5700561055678609,4.152979129439349,8.81900105476694,0,0,1.0,180-3,23,1.8333658210617187
2.3166666666666633,SPH_OPENING_APPROACH,180,180-3,2,73.44099299885642,3.1161571187681343,73.507073726594,2.4296460592440154,0.1275343016763073,6.020459820299593,0,0,1.0,180-3,23,7.998192521086196
2.3166666666666633,SPH_OPENING_APPROACH,180,180-3,2,107.13835205672505,24.19485838893735,109.83632210653948,12.725539888469303,1.333228392841166,12.80666385611677,2,2,0.6666666666666666,180-3,23,-41.14690648392724
2.3166666666666633,SPH_OPENING_APPROACH,180,180-5,1,71.66070602983726,-79.86287040339694,107.30020902945404,-48.098469580737984,0.0,0.0,0,0,1.0,180-5,13,5.478565109292504
2.3166666666666633,SPH_OPENING_APPROACH,180,180-9,1,141.21369429632534,-37.02160457885672,145.98598104752816,-14.690465794065865,0.0,0.0,0,1,1.0,180-9,2,27.125863748312895
2.3166666666666633,SPH_OPENING_APPROACH,180,180-3,1,140.8077530392573,-13.031644609557498,141.40950136816934,-5.28761600100495,0.0,0.0,1,1,1.0,180-3,23,23.895858600010627
2.3166666666666633,SPH_OPENING_APPROACH,180,180-3,1,125.14845372948905,12.211780649305544,125.74284495552347,5.57318436256715,0.0,0.0,1,1,0.3333333333333333,180-3,23,117.91832200591259
2.3166666666666633,SPH_OPENING_APPROACH,180,180-2,1,125.98037753178224,-87.12251739812174,153.17110876675278,-34.66603845222973,0.0,0.0,0,1,1.0,180-2,23,17.793724034617924
2.3166666666666633,SPH_OPENING_APPROACH,180,180-12,1,133.14791112891245,-72.02790859130363,151.38159020841985,-28.411686535411263,0.0,0.0,1,1,1.0,180-12,2,27.08018554628211
2.3166666666666633,SPH_OPENING_APPROACH,180,180-2,1,144.30500349228845,-59.735295526107606,156.18015099397488,-22.487190403582503,0.0,0.0,1,1,1.0,180-2,23,24.223301328513003
2.416666666666663,SPH_OPENING_APPROACH,90,90-1,67,87.04472002438557,-37.92922881321732,94.94951122827892,-23.544883638648624,24.075905515061688,174.28037643803327,7,30,0.9850746268656716,90-1,24,11.872978355520587
2.416666666666663,SPH_OPENING_APPROACH,90,90-1,64,6.620353829343516,-37.80520354626192,38.38049634905727,-80.0672208048152,28.238866876077125,76.78153511101395,0,0,1.0,90-1,24,0.0
2.416666666666663,SPH_OPENING_APPROACH,120,120-1,64,6.620353829343516,-37.80520354626192,38.38049634905727,-80.0672208048152,28.238866876077125,76.78153511101395,0,0,1.0,120-1,24,0.0
2.416666666666663,SPH_OPENING_APPROACH,120,120-1,59,87.83711459730868,-38.030957903303964,95.716834777502,-23.411231321834183,24.52262001654734,174.28037643803327,7,25,0.9661016949152542,120-1,24,6.768889634115425
2.416666666666663,SPH_OPENING_APPROACH,150,150-1,64,6.620353829343516,-37.80520354626192,38.38049634905727,-80.0672208048152,28.238866876077125,76.78153511101395,0,0,1.0,150-1,24,0.0
2.416666666666663,SPH_OPENING_APPROACH,150,150-1,31,59.54781764560595,-38.957763194747024,71.15932756492522,-33.19377678824951,26.2573326237429,96.85804753761876,0,0,0.96875,150-1,24,4.234323185787332
2.416666666666663,SPH_OPENING_APPROACH,150,150-1,7,118.91826015709297,-90.91802100573271,149.69181387901244,-37.39943621075529,6.4866747261969016,50.852060213456674,2,7,1.0,150-1,24,19.615221949067347
2.416666666666663,SPH_OPENING_APPROACH,150,150-1,6,142.8471027328403,-28.73022001149961,145.70765354323638,-11.371934842868692,7.1244702711736245,56.36733014160891,2,6,1.0,150-1,24,22.16468393350567
2.416666666666663,SPH_OPENING_APPROACH,150,150-1,3,104.30151640376641,25.006701452408013,107.25736078076422,13.482403177680341,1.6166331940429763,16.93376008003793,2,3,1.0,150-1,24,8.01777264679913
2.416666666666663,SPH_OPENING_APPROACH,150,150-1,1,125.96949593006983,15.281291753963416,126.89299343362354,6.916723503811201,0.0,0.0,1,1,1.0,150-1,24,11.501484781000784
2.416666666666663,SPH_OPENING_APPROACH,180,180-1,64,6.620353829343516,-37.80520354626192,38.38049634905727,-80.0672208048152,28.238866876077125,76.78153511101395,0,0,1.0,180-1,24,0.0
2.416666666666663,SPH_OPENING_APPROACH,180,180-5,3,46.4533670773213,-77.25966264001168,90.14971316686912,-58.983069025953775,3.5271170228621407,19.373561817963232,0,0,1.0,180-5,14,1.7963427522238362
2.416666666666663,SPH_OPENING_APPROACH,180,180-8,3,36.35134832109383,-31.639724175773523,48.19224699762939,-41.03587229923271,10.123065730213938,25.56915678864728,0,0,1.0,180-8,10,0.8227590389335404
2.416666666666663,SPH_OPENING_APPROACH,180,180-3,3,104.30151640376641,25.006701452408013,107.25736078076422,13.482403177680341,1.6166331940429763,16.93376008003793,2,3,0.6666666666666666,180-3,24,-25.789613257752677
2.416666666666663,SPH_OPENING_APPROACH,180,180-2,3,105.44171201354152,-102.06266910168877,146.74720800242653,-44.06706650600165,1.8949978139306023,17.4052593481338,1,3,1.0,180-2,24,17.561963980320456
2.416666666666663,SPH_OPENING_APPROACH,180,180-3,2,41.825957322061015,0.9635039231633882,41.837053501851926,1.3196337880251077,3.994256698261679,8.91688335640062,0,0,1.0,180-3,24,1.9960845103980063
2.416666666666663,SPH_OPENING_APPROACH,180,180-3,2,74.15017939111958,3.921330924424308,74.25379411150693,3.0271890917718793,0.12697703793791026,6.116516951358648,0,0,1.0,180-3,24,7.4672038491293335
2.416666666666663,SPH_OPENING_APPROACH,180,180-3,2,139.51598191633133,-6.933065889734789,139.6881405585653,-2.8448992476660484,1.2980385785678725,10.092554470776783,1,2,0.5,180-3,24,-17.213608096040502
2.416666666666663,SPH_OPENING_APPROACH,180,180-5,1,73.20593339588812,-79.07217829469342,107.75675414854975,-47.20612766405764,0.0,0.0,0,0,1.0,180-5,14,4.565451190957077
2.416666666666663,SPH_OPENING_APPROACH,180,180-9,1,143.9702632497905,-34.76865021700086,148.10906703549963,-13.576905190235864,0.0,0.0,0,1,1.0,180-9,3,21.230859879714785
2.416666666666663,SPH_OPENING_APPROACH,180,180-3,1,125.96949593006983,15.281291753963416,126.89299343362354,6.916723503811201,0.0,0.0,1,1,1.0,180-3,24,11.501484781000784
2.416666666666663,SPH_OPENING_APPROACH,180,180-2,1,127.90051396286042,-87.39130249789999,154.9057172096734,-34.343843031362844,0.0,0.0,0,1,1.0,180-2,24,17.346084429206314
2.416666666666663,SPH_OPENING_APPROACH,180,180-12,1,136.34518144831338,-71.66747740129145,154.03322960075246,-27.727880881153293,0.0,0.0,1,1,1.0,180-12,3,26.51639392332612
2.416666666666663,SPH_OPENING_APPROACH,180,180-2,1,147.05776070888294,-58.799682624449666,158.37735842426179,-21.793542322422862,0.0,0.0,1,1,1.0,180-2,24,21.97207430286909
2.5166666666666626,SPH_OPENING_APPROACH,90,90-1,67,87.62950053163082,-38.30416990787536,95.63544738095008,-23.610860552903944,24.244142164603083,179.13887257073984,8,30,1.0,90-1,25,6.859361526711609
2.5166666666666626,SPH_OPENING_APPROACH,90,90-1,64,6.448864617980062,-37.834833753288294,38.38049634905727,-80.32701949236686,28.248980401293654,76.90019827447645,0,0,1.0,90-1,25,0.0
2.5166666666666626,SPH_OPENING_APPROACH,120,120-1,64,6.448864617980062,-37.834833753288294,38.38049634905727,-80.32701949236686,28.248980401293654,76.90019827447645,0,0,1.0,120-1,25,0.0
2.5166666666666626,SPH_OPENING_APPROACH,120,120-1,58,88.3597265173427,-37.70922404056028,96.06990604742342,-23.111304458368675,24.76117389200652,179.13887257073984,8,24,0.9830508474576272,120-1,25,3.530712699214149
2.5166666666666626,SPH_OPENING_APPROACH,150,150-1,64,6.448864617980062,-37.834833753288294,38.38049634905727,-80.32701949236686,28.248980401293654,76.90019827447645,0,0,1.0,150-1,25,0.0
2.5166666666666626,SPH_OPENING_APPROACH,150,150-1,31,59.77290792373941,-39.230559078767236,71.49711383889895,-33.27796204754002,26.19450140437736,97.37500498010323,1,0,1.0,150-1,25,3.3778627397373384
2.5166666666666626,SPH_OPENING_APPROACH,150,150-1,8,116.82669869703096,-93.00416442801782,149.3259928123722,-38.52282523411264,6.44456253536546,53.57749098008603,2,8,0.875,150-1,25,-3.6582106664025105
2.5166666666666626,SPH_OPENING_APPROACH,150,150-1,5,144.1257282397197,-22.803977807219134,145.9186312451624,-8.990965700964031,5.796601102030485,42.562818351189215,1,5,0.8333333333333334,150-1,25,2.109777019260264
2.5166666666666626,SPH_OPENING_APPROACH,150,150-1,3,104.7095607657294,26.637311124493177,108.04461328402739,14.272856932562478,1.6427531255140166,17.30198446102272,2,3,1.0,150-1,25,7.872525032631756
2.5166666666666626,SPH_OPENING_APPROACH,150,150-1,1,126.92466866759854,16.23810178171215,127.95916327427635,7.290529553464433,0.0,0.0,1,1,1.0,150-1,25,10.661698406528046
2.5166666666666626,SPH_OPENING_APPROACH,150,150-1,1,148.71357426048135,-60.11128083143723,160.40290911490231,-22.008974133737105,0.0,0.0,1,1,0.16666666666666666,150-1,25,146.9525557166594
2.5166666666666626,SPH_OPENING_APPROACH,180,180-1,64,6.448864617980062,-37.834833753288294,38.38049634905727,-80.32701949236686,28.248980401293654,76.90019827447645,0,0,1.0,180-1,25,0.0
2.5166666666666626,SPH_OPENING_APPROACH,180,180-5,3,46.290694690959945,-77.53240092661649,90.30006427692767,-59.16070029146357,3.5529420238426037,19.388316703929885,0,0,1.0,180-5,15,1.5035111005855128
2.5166666666666626,SPH_OPENING_APPROACH,180,180-8,3,36.19800931695647,-31.800609687154246,48.182721539834134,-41.29989411396988,10.148171689302456,25.618940328268998,1,0,1.0,180-8,11,-0.09525457795255932
2.5166666666666626,SPH_OPENING_APPROACH,180,180-3,3,104.7095607657294,26.637311124493177,108.04461328402739,14.272856932562478,1.6427531255140166,17.30198446102272,2,3,1.0,180-3,25,7.872525032631756
2.5166666666666626,SPH_OPENING_APPROACH,180,180-2,3,105.38012481262952,-104.15634283844956,148.16718415022274,-44.665372115329355,1.9020346847049872,18.68155755857767,1,3,1.0,180-2,25,14.199761477962056
2.5166666666666626,SPH_OPENING_APPROACH,180,180-3,2,42.01995677376814,0.8661219722683038,42.02888214716386,1.1808224288284108,3.839205306194681,8.762039628375376,0,0,1.0,180-3,25,1.9182864531193644
2.5166666666666626,SPH_OPENING_APPROACH,180,180-3,2,74.84916000211459,3.5814423514761824,74.93479487086822,2.739444806035135,0.12664844481493165,6.213057737446777,0,0,1.0,180-3,25,6.8100075936128235
2.5166666666666626,SPH_OPENING_APPROACH,180,180-9,2,146.1585570435454,-39.77730625945425,151.4746113720373,-15.224421785995213,1.8148100533601204,9.932932776991198,0,2,0.5,180-9,4,33.65544336537653
2.5166666666666626,SPH_OPENING_APPROACH,180,180-3,2,141.47012136940992,-6.71125092468585,141.62922060524681,-2.716038415397124,1.403069116744795,10.65596284211899,1,2,1.0,180-3,25,19.410800466815203
2.5166666666666626,SPH_OPENING_APPROACH,180,180-5,1,73.52101822921442,-79.40689181895567,108.21642476910706,-47.2041061397969,0.0,0.0,0,0,1.0,180-5,15,4.596706205573184
2.5166666666666626,SPH_OPENING_APPROACH,180,180-3,1,126.92466866759854,16.23810178171215,127.95916327427635,7.290529553464433,0.0,0.0,1,1,1.0,180-3,25,10.661698406528046
2.5166666666666626,SPH_OPENING_APPROACH,180,180-2,1,128.42003672939705,-89.46438621696741,156.51064575535557,-34.863168491373905,0.0,0.0,0,1,1.0,180-2,25,16.049285456821565
2.5166666666666626,SPH_OPENING_APPROACH,180,180-12,1,138.3681438713677,-73.2200866478505,156.54687581400736,-27.88639080039212,0.0,0.0,1,1,1.0,180-12,4,25.136462132549013
2.5166666666666626,SPH_OPENING_APPROACH,180,180-2,1,148.71357426048135,-60.11128083143723,160.40290911490231,-22.008974133737105,0.0,0.0,1,1,1.0,180-2,25,20.255506906405287
2.6166666666666623,SPH_OPENING_APPROACH,90,90-1,66,87.82385710798563,-38.45447082968995,95.87375138230148,-23.646642589131375,24.52299461844826,184.48672246372428,7,30,0.9850746268656716,90-1,26,2.3830400135139485
2.6166666666666623,SPH_OPENING_APPROACH,90,90-1,64,6.09147097958301,-37.89401643142221,38.38049634905727,-80.86781722085816,28.27013892148621,77.14657465788054,0,0,1.0,90-1,26,0.0
2.6166666666666623,SPH_OPENING_APPROACH,120,120-1,64,6.09147097958301,-37.89401643142221,38.38049634905727,-80.86781722085816,28.27013892148621,77.14657465788054,0,0,1.0,120-1,26,0.0
2.6166666666666623,SPH_OPENING_APPROACH,120,120-1,58,88.80501453634989,-40.10664979196174,97.44164389180008,-24.305170549594486,24.85258834155424,184.48672246372428,7,25,0.9661016949152542,120-1,26,13.717378443766677
2.6166666666666623,SPH_OPENING_APPROACH,150,150-1,64,6.09147097958301,-37.89401643142221,38.38049634905727,-80.86781722085816,28.27013892148621,77.14657465788054,0,0,1.0,150-1,26,0.0
2.6166666666666623,SPH_OPENING_APPROACH,150,150-1,30,58.85341958168412,-38.451948554486776,70.30133244892772,-33.15863876449648,26.45776314745833,97.71791031273226,1,0,0.967741935483871,150-1,26,-11.957813899712306
2.6166666666666623,SPH_OPENING_APPROACH,150,150-1,8,116.65173461715628,-95.88761883017128,151.00351861500337,-39.42017332623042,6.630951698470923,56.273688699359546,2,8,1.0,150-1,26,16.775258026311803
2.6166666666666623,SPH_OPENING_APPROACH,150,150-1,6,143.9997878935496,-19.39689578450773,145.30030447133387,-7.671614620365665,6.425470500622249,50.084744293997325,1,6,0.8333333333333334,150-1,26,-6.183267738285281
2.6166666666666623,SPH_OPENING_APPROACH,150,150-1,3,105.29826312952002,27.143708085965823,108.74054030925983,14.454969438060711,2.1633336657686444,19.153202773273566,1,3,1.0,150-1,26,6.959270252324359
2.6166666666666623,SPH_OPENING_APPROACH,150,150-1,1,127.94326018956343,16.636236880507305,129.0203170259579,7.408503238038754,0.0,0.0,1,1,1.0,150-1,26,10.611537516815446
2.6166666666666623,SPH_OPENING_APPROACH,150,150-1,1,150.01774545198884,-62.07603701491004,162.353805997809,-22.479345880108884,0.0,0.0,1,1,1.0,150-1,26,19.50896882906676
2.6166666666666623,SPH_OPENING_APPROACH,180,180-1,64,6.09147097958301,-37.89401643142221,38.38049634905727,-80.86781722085816,28.27013892148621,77.14657465788054,0,0,1.0,180-1,26,0.0
2.6166666666666623,SPH_OPENING_APPROACH,180,180-9,5,146.15200331482856,-23.634671447300796,148.05068648054123,-9.18594621922274,5.80314339502558,43.72233927801055,1,5,0.4,180-9,5,-34.23924891496057
2.6166666666666623,SPH_OPENING_APPROACH,180,180-2,4,102.81067576299333,-104.53113357016099,146.61784658187483,-45.47541163666928,1.684584243174233,22.530813873679666,1,4,0.75,180-2,26,-15.493375683479087
2.6166666666666623,SPH_OPENING_APPROACH,180,180-5,3,45.7301092776477,-78.03206126263478,90.44470951604184,-59.62788199044166,3.603202785232587,19.50367673085907,0,0,1.0,180-5,16,1.4464523911416904
2.6166666666666623,SPH_OPENING_APPROACH,180,180-3,3,105.29826312952002,27.143708085965823,108.74054030925983,14.454969438060711,2.1633336657686444,19.153202773273566,1,3,1.0,180-3,26,6.959270252324359
2.6166666666666623,SPH_OPENING_APPROACH,180,180-8,2,34.83622003861226,-38.4040651414453,51.85011519723929,-47.78891585748598,5.208690672615212,13.449074152881876,1,0,0.6666666666666666,180-8,12,36.67393657405157
2.6166666666666623,SPH_OPENING_APPROACH,180,180-3,2,42.09143439731645,0.5602685577340958,42.09516302950233,0.7626047572106598,3.6989662927884384,8.596525523415126,0,0,1.0,180-3,26,0.6628088233846796
2.6166666666666623,SPH_OPENING_APPROACH,180,180-3,2,75.47814521252282,2.8659813672833314,75.5325377166708,2.174533909248009,0.12849773608875825,6.404570239677921,0,0,1.0,180-3,26,5.977428458025855
2.6166666666666623,SPH_OPENING_APPROACH,180,180-5,1,73.35134271990748,-80.10589269359374,108.61571489913824,-47.52029541989476,0.0,0.0,0,0,1.0,180-5,16,3.9929013003117575
2.6166666666666623,SPH_OPENING_APPROACH,180,180-3,1,127.94326018956343,16.636236880507305,129.0203170259579,7.408503238038754,0.0,0.0,1,1,1.0,180-3,26,10.611537516815446
2.6166666666666623,SPH_OPENING_APPROACH,180,180-2,1,128.41148636604635,-92.06273873391785,158.00334709722742,-35.638078073806525,0.0,0.0,0,1,1.0,180-2,26,14.927013418718502
2.6166666666666623,SPH_OPENING_APPROACH,180,180-12,1,139.87927131354937,-75.39143318316746,158.9027335844842,-28.32355841794248,0.0,0.0,1,1,1.0,180-12,5,23.55857770476831
2.6166666666666623,SPH_OPENING_APPROACH,180,180-2,1,150.01774545198884,-62.07603701491004,162.353805997809,-22.479345880108884,0.0,0.0,1,1,1.0,180-2,26,19.50896882906676
2.716666666666662,SPH_OPENING_APPROACH,90,90-1,67,89.15601489594171,-37.94142217219094,96.89348021706003,-23.052765901525703,24.58798940019706,189.0462366466019,7,30,0.9850746268656716,90-1,27,10.197288347585527
2.716666666666662,SPH_OPENING_APPROACH,90,90-1,64,6.589588719368912,-37.8105781562457,38.38049634905727,-80.11384363462265,28.240679384432433,76.80284401431562,0,0,1.0,90-1,27,0.0
2.716666666666662,SPH_OPENING_APPROACH,120,120-1,64,6.589588719368912,-37.8105781562457,38.38049634905727,-80.11384363462265,28.240679384432433,76.80284401431562,0,0,1.0,120-1,27,0.0
2.716666666666662,SPH_OPENING_APPROACH,120,120-1,59,90.06918116407917,-38.20204302131919,97.8358497002527,-22.983797451922037,25.00753225897845,189.0462366466019,7,25,0.9830508474576272,120-1,27,3.94205808452611
2.716666666666662,SPH_OPENING_APPROACH,150,150-1,64,6.589588719368912,-37.8105781562457,38.38049634905727,-80.11384363462265,28.240679384432433,76.80284401431562,0,0,1.0,150-1,27,0.0
2.716666666666662,SPH_OPENING_APPROACH,150,150-1,29,58.7630211752346,-39.10893832153252,70.5875464531705,-33.64521654456951,26.250773396069796,96.69293286086626,0,0,0.9666666666666667,150-1,27,2.8621400424277965
2.716666666666662,SPH_OPENING_APPROACH,150,150-1,8,118.54690352369983,-95.98028593066657,152.53059897079638,-38.99500702925674,6.791241707403714,58.41923562390327,2,8,1.0,150-1,27,15.270803557930037
2.716666666666662,SPH_OPENING_APPROACH,150,150-1,6,146.36736824738827,-16.81016809316782,147.3295226320479,-6.551666100184315,6.490437809132942,51.61987527821885,2,6,1.0,150-1,27,20.292181607140378
2.716666666666662,SPH_OPENING_APPROACH,150,150-1,4,103.54543239264227,27.265199586596687,107.0749628899128,14.752050351622886,3.063025500535816,23.671512369916808,1,4,0.75,150-1,27,-16.655774193470307
2.716666666666662,SPH_OPENING_APPROACH,150,150-1,1,128.52783801338586,19.9733202571868,130.07051420860648,8.833153263131715,0.0,0.0,1,1,1.0,150-1,27,10.501971826485885
2.716666666666662,SPH_OPENING_APPROACH,150,150-1,1,152.75199053870895,-60.60251133787536,164.33452161367416,-21.640106237913255,0.0,0.0,1,1,1.0,150-1,27,19.80715615865165
2.716666666666662,SPH_OPENING_APPROACH,180,180-1,64,6.589588719368912,-37.8105781562457,38.38049634905727,-80.11384363462265,28.240679384432433,76.80284401431562,0,0,1.0,180-1,27,0.0
2.716666666666662,SPH_OPENING_APPROACH,180,180-9,5,148.72396024864037,-21.18573492145191,150.22533646559486,-8.107242597755157,5.804979354960453,44.63873969792331,2,5,1.0,180-9,6,21.74649985053634
2.716666666666662,SPH_OPENING_APPROACH,180,180-5,3,46.945250888922,-77.48715558198569,90.59865264566956,-58.79060845994335,3.687196916724962,19.819066110787677,0,0,1.0,180-5,17,1.5394312962772005
2.716666666666662,SPH_OPENING_APPROACH,180,180-3,3,105.22211838420378,30.065617079461706,109.43324690252142,15.9464806193908,2.4557176034341133,20.480257693533385,1,3,1.0,180-3,27,6.927065932615903
2.716666666666662,SPH_OPENING_APPROACH,180,180-2,3,106.41578907612033,-107.79920280798326,151.4760320668918,-45.37001456129068,2.0437873350986906,19.652913747188393,1,3,0.75,180-2,27,48.58185485016975
2.716666666666662,SPH_OPENING_APPROACH,180,180-8,2,35.221876537545356,-37.95373312009701,51.77901548482394,-47.13802380086953,5.217886703851139,13.466831742918014,0,0,1.0,180-8,13,-0.7109971241535362
2.716666666666662,SPH_OPENING_APPROACH,180,180-3,2,42.147982793623115,1.2013893130292166,42.16510156341392,1.6327211749585613,3.56069360312266,8.706369534384569,0,0,1.0,180-3,27,0.6993853391158922
2.716666666666662,SPH_OPENING_APPROACH,180,180-3,2,75.9549761661348,3.858113076547925,76.05289896453347,2.9078249672322483,0.12983161809348598,6.560360444343727,0,0,1.0,180-3,27,5.203612478626667
2.716666666666662,SPH_OPENING_APPROACH,180,180-5,1,74.88247157640986,-79.13450327569004,108.94794242243415,-46.581394547690635,0.0,0.0,0,0,1.0,180-5,17,3.3222752329591287
2.716666666666662,SPH_OPENING_APPROACH,180,180-3,1,128.52783801338586,19.9733202571868,130.07051420860648,8.833153263131715,0.0,0.0,1,1,1.0,180-3,27,10.501971826485885
2.716666666666662,SPH_OPENING_APPROACH,180,180-2,1,130.40495491445986,-91.74263106233705,159.4432896690306,-35.1271932700555,0.0,0.0,0,1,1.0,180-2,27,14.399425718031864
2.716666666666662,SPH_OPENING_APPROACH,180,180-12,1,142.90074227646633,-74.4677907777262,161.13992058605544,-27.524718041679332,0.0,0.0,1,1,1.0,180-12,6,22.37187001571243
2.716666666666662,SPH_OPENING_APPROACH,180,180-2,1,152.75199053870895,-60.60251133787536,164.33452161367416,-21.640106237913255,0.0,0.0,1,1,1.0,180-2,27,19.80715615865165
2.8166666666666615,SPH_OPENING_APPROACH,90,90-1,66,90.00106412908072,-37.85339995845353,97.63744892602197,-22.811055391476504,24.737980165133237,192.23046316573286,5,29,0.9850746268656716,90-1,28,7.43968708961944
2.8166666666666615,SPH_OPENING_APPROACH,90,90-1,64,6.91376514253205,-37.75264694765,38.38049634905727,-79.62223341317173,41.07836843555043,76.94368833138105,0,0,1.0,90-1,28,0.0
2.8166666666666615,SPH_OPENING_APPROACH,120,120-1,64,6.91376514253205,-37.75264694765,38.38049634905727,-79.62223341317173,41.07836843555043,76.94368833138105,0,0,1.0,120-1,28,0.0
2.8166666666666615,SPH_OPENING_APPROACH,120,120-1,58,91.10239958276892,-36.593260118475975,98.17695195837432,-21.883934377536203,25.322604047154666,192.23046316573286,5,26,0.95,120-1,28,3.41102258121623
2.8166666666666615,SPH_OPENING_APPROACH,150,150-1,64,6.91376514253205,-37.75264694765,38.38049634905727,-79.62223341317173,41.07836843555043,76.94368833138105,0,0,1.0,150-1,28,0.0
2.8166666666666615,SPH_OPENING_APPROACH,150,150-1,29,59.43810371761324,-38.60357433348304,70.8740017556967,-33.002724495415826,26.194612466604305,97.3442234503504,0,0,1.0,150-1,28,2.8645530252619267
2.8166666666666615,SPH_OPENING_APPROACH,150,150-1,8,120.02719358552285,-96.44295744806905,153.9732809332406,-38.78219846889273,6.905368321664632,60.026451466387435,2,8,1.0,150-1,28,14.42681962444226
2.8166666666666615,SPH_OPENING_APPROACH,150,150-1,6,148.4311531512349,-14.884782353578293,149.1756145337392,-5.726517305433617,6.582874511561453,53.60675724026665,1,6,1.0,150-1,28,18.460919016912953
2.8166666666666615,SPH_OPENING_APPROACH,150,150-1,4,103.48053282236108,29.84231737561101,107.697653547078,16.08681070450993,3.070262873928724,24.35648762167818,0,4,1.0,150-1,28,6.22690657165208
2.8166666666666615,SPH_OPENING_APPROACH,150,150-1,1,129.0983270487415,22.617925788669165,131.06467340120895,9.937320238395868,0.0,0.0,1,1,1.0,150-1,28,9.941591926024671
2.8166666666666615,SPH_OPENING_APPROACH,150,150-1,1,155.23247636492195,-59.85197232834516,166.37121238357028,-21.08481713942508,0.0,0.0,1,1,1.0,150-1,28,20.366907698961256
2.8166666666666615,SPH_OPENING_APPROACH,180,180-1,64,6.91376514253205,-37.75264694765,38.38049634905727,-79.62223341317173,41.07836843555043,76.94368833138105,0,0,1.0,180-1,28,0.0
2.8166666666666615,SPH_OPENING_APPROACH,180,180-9,5,151.094453485805,-19.426443661366626,152.33817836478923,-7.326411855654677,5.820719062706466,45.43683919954971,1,5,1.0,180-9,7,21.128418991943647
2.8166666666666615,SPH_OPENING_APPROACH,180,180-3,4,103.48053282236108,29.84231737561101,107.697653547078,16.08681070450993,3.070262873928724,24.35648762167818,0,4,0.75,180-3,28,-17.35593355443413
2.8166666666666615,SPH_OPENING_APPROACH,180,180-5,3,47.77883720086,-77.14657431062004,90.74365659444358,-58.229012835995874,3.771473804098424,20.146473549722835,0,0,1.0,180-5,18,1.4500394877401845
2.8166666666666615,SPH_OPENING_APPROACH,180,180-8,3,36.297504174762324,-31.413912554709924,48.00356977675567,-40.87476471478898,10.112340197845732,25.550696879411692,0,0,0.6666666666666666,180-8,14,-37.754457080682684
2.8166666666666615,SPH_OPENING_APPROACH,180,180-2,3,107.663116420564,-109.11131358655275,153.2860900080988,-45.3827681664712,2.174709024880662,19.344682158141495,1,3,1.0,180-2,28,18.10057941206992
2.8166666666666615,SPH_OPENING_APPROACH,180,180-3,2,42.27537310458081,1.6527526908370276,42.30766789352237,2.238834249198281,3.411924992591624,8.953248363752653,0,0,1.0,180-3,28,1.4256633010845121
2.8166666666666615,SPH_OPENING_APPROACH,180,180-3,2,76.45194243885547,4.513393904644427,76.58505224397612,3.3785750478355867,0.12943638790372525,6.632197353965665,0,0,1.0,180-3,28,5.321532794426531
2.8166666666666615,SPH_OPENING_APPROACH,180,180-5,1,76.12040261371254,-78.48516834500448,109.33543498892475,-45.87629786213191,0.0,0.0,0,0,1.0,180-5,18,3.8749256649059305
2.8166666666666615,SPH_OPENING_APPROACH,180,180-3,1,129.0983270487415,22.617925788669165,131.06467340120895,9.937320238395868,0.0,0.0,1,1,1.0,180-3,28,9.941591926024671
2.8166666666666615,SPH_OPENING_APPROACH,180,180-2,1,131.96021229154465,-92.1070364287582,160.92608175096456,-34.9146928950439,0.0,0.0,0,1,1.0,180-2,28,14.82792081933951
2.8166666666666615,SPH_OPENING_APPROACH,180,180-12,1,145.38833284240545,-74.3641770354937,163.30278060357796,-27.089133285622164,0.0,0.0,1,1,1.0,180-12,7,21.628600175225188
2.8166666666666615,SPH_OPENING_APPROACH,180,180-2,1,155.23247636492195,-59.85197232834516,166.37121238357028,-21.08481713942508,0.0,0.0,1,1,1.0,180-2,28,20.366907698961256
2.916666666666661,SPH_OPENING_APPROACH,90,90-1,68,90.308379342519,-37.840962190055244,97.91599358093397,-22.734629146825906,25.130660625115517,195.4125580260447,8,31,0.9705882352941176,90-1,29,2.7854465491199676
2.916666666666661,SPH_OPENING_APPROACH,90,90-1,64,6.214879210130916,-37.87397228181222,38.38049634905726,-80.68117469186822,28.26282040227068,77.0616442144981,0,0,1.0,90-1,29,-7.105427357601002e-14
2.916666666666661,SPH_OPENING_APPROACH,120,120-1,64,6.214879210130916,-37.87397228181222,38.38049634905726,-80.68117469186822,28.26282040227068,77.0616442144981,0,0,1.0,120-1,29,-7.105427357601002e-14
2.916666666666661,SPH_OPENING_APPROACH,120,120-1,58,91.03568201592145,-38.27315517727907,98.75388502397284,-22.80282304694135,25.47658080786543,195.4125580260447,8,26,1.0,120-1,29,5.769330655985243
2.916666666666661,SPH_OPENING_APPROACH,150,150-1,64,6.214879210130916,-37.87397228181222,38.38049634905726,-80.68117469186822,28.26282040227068,77.0616442144981,0,0,1.0,150-1,29,-7.105427357601002e-14
2.916666666666661,SPH_OPENING_APPROACH,150,150-1,28,58.098168591349996,-38.263794036400604,69.56662366199048,-33.369134258081445,26.48110720329213,96.9741439973475,2,0,0.9655172413793104,150-1,29,-13.073780937062196
2.916666666666661,SPH_OPENING_APPROACH,150,150-1,9,116.48522940067411,-99.44578302670868,153.16093637191858,-40.48805226954126,6.67989033132166,61.38373034596673,2,9,0.8888888888888888,150-1,29,-8.123445613220213
2.916666666666661,SPH_OPENING_APPROACH,150,150-1,6,149.9443185818728,-17.013242271214622,150.90642493797674,-6.473308647322136,6.6914347563121295,55.58253714483104,1,6,1.0,150-1,29,17.308104042375305
2.916666666666661,SPH_OPENING_APPROACH,150,150-1,4,104.22689451229465,29.398998272674746,108.29379778691728,15.752023561347253,3.2618010579107652,25.367354614252513,1,4,1.0,150-1,29,5.961442398392762
2.916666666666661,SPH_OPENING_APPROACH,150,150-1,1,130.21096396224112,21.551418072288833,131.98241836283586,9.39791542764831,0.0,0.0,1,1,1.0,150-1,29,9.177449616269087
2.916666666666661,SPH_OPENING_APPROACH,150,150-1,1,155.97262615873316,-63.39930899765385,168.36547298134474,-22.1206186700475,0.0,0.0,1,1,1.0,150-1,29,19.942605977744563
2.916666666666661,SPH_OPENING_APPROACH,180,180-1,64,6.214879210130916,-37.87397228181222,38.38049634905726,-80.68117469186822,28.26282040227068,77.0616442144981,0,0,1.0,180-1,29,-7.105427357601002e-14
2.916666666666661,SPH_OPENING_APPROACH,180,180-9,5,152.72723212740584,-21.77586475783867,154.27182412628105,-8.11454610024549,5.868438179290265,46.422666284058444,1,5,1.0,180-9,8,19.336457614918174
2.916666666666661,SPH_OPENING_APPROACH,180,180-3,4,104.22689451229465,29.398998272674746,108.29379778691728,15.752023561347253,3.2618010579107652,25.367354614252513,1,4,1.0,180-3,29,5.961442398392762
2.916666666666661,SPH_OPENING_APPROACH,180,180-5,3,46.4842728179745,-78.09093067565196,90.87893635604107,-59.23642667135223,3.861108161293456,20.43085201447253,0,0,1.0,180-5,19,1.352797615974879
2.916666666666661,SPH_OPENING_APPROACH,180,180-8,3,35.580470231686974,-32.096851038947285,47.91844851958726,-42.05336039452729,10.071874402800056,25.47908435059647,2,0,1.0,180-8,15,-0.8512125716841012
2.916666666666661,SPH_OPENING_APPROACH,180,180-2,3,105.98406994502712,-112.63185880077185,154.65625981197596,-46.741743666371654,2.187672552393458,19.875139423567834,1,3,1.0,180-2,29,13.70169803877161
2.916666666666661,SPH_OPENING_APPROACH,180,180-3,2,42.402379136220716,0.9678249965516338,42.41342289459501,1.3075365599155742,3.255823037064463,9.023239336286954,0,0,1.0,180-3,29,1.0575500107263736
2.916666666666661,SPH_OPENING_APPROACH,180,180-3,2,77.168735070684,3.0922836015422317,77.23066677351544,2.2947124656509157,0.12868183867493665,6.705143324666366,0,0,1.0,180-3,29,6.456145295393156
2.916666666666661,SPH_OPENING_APPROACH,180,180-5,1,75.33155676614906,-79.88630063945902,109.80284365475045,-46.68081649172669,0.0,0.0,0,0,1.0,180-5,19,4.674086658257011
2.916666666666661,SPH_OPENING_APPROACH,180,180-3,1,130.21096396224112,21.551418072288833,131.98241836283586,9.39791542764831,0.0,0.0,1,1,1.0,180-3,29,9.177449616269087
2.916666666666661,SPH_OPENING_APPROACH,180,180-2,1,130.9680973593203,-96.08506364376167,162.43454676067566,-36.26572530958502,0.0,0.0,0,1,1.0,180-2,29,15.084650097111023
2.916666666666661,SPH_OPENING_APPROACH,180,180-12,1,145.62779573635868,-78.37074205327043,165.37662501396883,-28.28726519609032,0.0,0.0,1,1,1.0,180-12,8,20.738444103908762
2.916666666666661,SPH_OPENING_APPROACH,180,180-2,1,155.97262615873316,-63.39930899765385,168.36547298134474,-22.1206186700475,0.0,0.0,1,1,1.0,180-2,29,19.942605977744563
3.016666666666661,SPH_OPENING_APPROACH,90,90-1,67,89.90206926182431,-40.28349756276098,98.51468029409031,-24.136291628611644,25.10739902200329,199.69966866643207,10,27,0.9852941176470589,90-1,30,5.9868671315634
3.016666666666661,SPH_OPENING_APPROACH,90,90-1,64,5.5675002182796085,-37.974536749241,38.38049634905727,-81.6592079791575,28.30135977888561,77.50543431100942,0,0,1.0,90-1,30,7.105427357601002e-14
3.016666666666661,SPH_OPENING_APPROACH,120,120-1,64,5.5675002182796085,-37.974536749241,38.38049634905727,-81.6592079791575,28.30135977888561,77.50543431100942,0,0,1.0,120-1,30,7.105427357601002e-14
3.016666666666661,SPH_OPENING_APPROACH,120,120-1,58,91.00196765837381,-41.33491116230463,99.94965231801125,-24.428497372361697,25.60935399980873,199.69966866643207,10,23,0.9661016949152542,120-1,30,11.957672940384043
3.016666666666661,SPH_OPENING_APPROACH,150,150-1,64,5.5675002182796085,-37.974536749241,38.38049634905727,-81.6592079791575,28.30135977888561,77.50543431100942,0,0,1.0,150-1,30,7.105427357601002e-14
3.016666666666661,SPH_OPENING_APPROACH,150,150-1,28,57.66159659463121,-39.259413768720414,69.75787619549193,-34.24934150208208,26.477277507571944,98.51947690752398,1,0,1.0,150-1,30,1.91252533501455
3.016666666666661,SPH_OPENING_APPROACH,150,150-1,9,115.30141875888528,-102.79339329760616,154.46973449011998,-41.717607023046554,6.729630600499097,62.74210332875565,2,6,1.0,150-1,30,13.087981182013948
3.016666666666661,SPH_OPENING_APPROACH,150,150-1,8,152.28776706152854,-29.636186554758588,155.14466652158828,-11.012486401950039,8.758606743126593,75.40319117780733,4,8,0.75,150-1,30,42.3824158361154
3.016666666666661,SPH_OPENING_APPROACH,150,150-1,5,103.77972221843747,25.998766601618208,106.98675903373025,14.064214037645918,4.2324034254847,30.07651412849555,2,5,0.8,150-1,30,-13.070387531870296
3.016666666666661,SPH_OPENING_APPROACH,150,150-1,1,131.26010640243382,20.544444728135527,132.8581564751132,8.895594765707122,0.0,0.0,1,1,1.0,150-1,30,8.757381122773324
3.016666666666661,SPH_OPENING_APPROACH,180,180-1,64,5.5675002182796085,-37.974536749241,38.38049634905727,-81.6592079791575,28.30135977888561,77.50543431100942,0,0,1.0,180-1,30,7.105427357601002e-14
3.016666666666661,SPH_OPENING_APPROACH,180,180-9,5,154.1527410897008,-23.898927774485863,155.9943150702564,-8.8126395797827,5.944365404004045,47.69705615530095,3,5,1.0,180-9,9,17.224909439753446
3.016666666666661,SPH_OPENING_APPROACH,180,180-3,4,104.99652764818468,29.28427611603005,109.00385151826471,15.584163359565023,3.053897180582116,25.43421205974884,2,4,1.0,180-3,30,7.100537313474291
3.016666666666661,SPH_OPENING_APPROACH,180,180-5,3,45.21644315824776,-78.95443858344039,90.98532905864171,-60.200650372014096,3.9429429953859465,20.654731112796647,0,0,1.0,180-5,20,1.0639270260064393
3.016666666666661,SPH_OPENING_APPROACH,180,180-8,3,34.65622958832406,-32.711393875387365,47.655949665800996,-43.34638760078786,10.079778845385206,25.417690651116654,1,0,1.0,180-8,16,-2.6249885378626203
3.016666666666661,SPH_OPENING_APPROACH,180,180-2,3,104.38652997736163,-115.4454679952197,155.64126612614635,-47.879911820830905,2.109070993006688,20.860186924990483,1,2,1.0,180-2,30,9.850063141703913
3.016666666666661,SPH_OPENING_APPROACH,180,180-3,2,42.40670324750725,0.35194910808472746,42.408163701070855,0.4755082093440673,3.0955361849860483,8.958318716503916,0,0,1.0,180-3,30,-0.05259193524153716
3.016666666666661,SPH_OPENING_APPROACH,180,180-3,2,77.87937517114,1.7555132294682765,77.89915855608464,1.2913106692719645,0.13017327338372386,6.900553970130469,0,0,1.0,180-3,30,6.684917825692054
3.016666666666661,SPH_OPENING_APPROACH,180,180-5,1,74.55422864402237,-81.17756934778804,110.21855911741952,-47.43534660157152,0.0,0.0,0,0,1.0,180-5,20,4.157154626690698
3.016666666666661,SPH_OPENING_APPROACH,180,180-3,1,131.26010640243382,20.544444728135527,132.8581564751132,8.895594765707122,0.0,0.0,1,1,1.0,180-3,30,8.757381122773324
3.016666666666661,SPH_OPENING_APPROACH,180,180-2,1,130.00687967861543,-99.762733372609,163.87309643057418,-37.50137193426998,0.0,0.0,0,1,1.0,180-2,30,14.385496698985207
3.016666666666661,SPH_OPENING_APPROACH,180,180-12,1,145.75879441659643,-82.20085916374379,167.3397962142815,-29.420880591033097,0.0,0.0,1,1,1.0,180-12,9,19.631712003126722
3.016666666666661,SPH_OPENING_APPROACH,180,180-2,1,156.5375007903707,-66.77993813433746,170.18680704132518,-23.10341747183193,0.0,0.0,1,1,1.0,180-2,30,18.21334059980444
3.1166666666666605,SPH_OPENING_APPROACH,90,90-1,67,91.02079736557214,-38.80966403461589,98.9493586413995,-23.092545474573807,25.31704345773699,204.02866422098256,9,26,1.0,90-1,31,4.346783473091875
3.1166666666666605,SPH_OPENING_APPROACH,90,90-1,64,6.177539062036339,-37.880080664341435,38.380496349057275,-80.73765834220085,28.265033406243123,77.0873581071591,0,0,1.0,90-1,31,7.105427357601002e-14
3.1166666666666605,SPH_OPENING_APPROACH,120,120-1,64,6.177539062036339,-37.880080664341435,38.380496349057275,-80.73765834220085,28.265033406243123,77.0873581071591,0,0,1.0,120-1,31,7.105427357601002e-14
3.1166666666666605,SPH_OPENING_APPROACH,120,120-1,58,92.142846332674,-39.81621172364367,100.37746184432436,-23.36984756252305,25.828425367419225,204.02866422098256,9,23,1.0,120-1,31,4.278095263131121
3.1166666666666605,SPH_OPENING_APPROACH,150,150-1,64,6.177539062036339,-37.880080664341435,38.380496349057275,-80.73765834220085,28.265033406243123,77.0873581071591,0,0,1.0,150-1,31,7.105427357601002e-14
3.1166666666666605,SPH_OPENING_APPROACH,150,150-1,28,58.42157943491963,-38.331761126646306,69.87420736395438,-33.26981468208376,26.49709756689245,98.26666265650839,3,0,1.0,150-1,31,1.1633116846245173
3.1166666666666605,SPH_OPENING_APPROACH,150,150-1,9,117.4520098800711,-102.25939289962803,155.7304018522678,-41.04440455467621,6.796000362139423,64.14126851580801,2,6,1.0,150-1,31,12.606673621478137
3.1166666666666605,SPH_OPENING_APPROACH,150,150-1,8,154.34803194748076,-26.798846146509916,156.65724726563036,-9.849847935320415,8.893472603903565,77.19975203327331,2,8,1.0,150-1,31,15.125807440420829
3.1166666666666605,SPH_OPENING_APPROACH,150,150-1,5,103.55639603393283,29.581328383835192,107.69857078201656,15.942217578679589,3.868174556241058,30.095176046416405,1,5,1.0,150-1,31,7.118117482863084
3.1166666666666605,SPH_OPENING_APPROACH,150,150-1,1,131.57027728875678,23.98053901255764,133.73781857490104,10.329576533131869,0.0,0.0,1,1,1.0,150-1,31,8.796620997878506
3.1166666666666605,SPH_OPENING_APPROACH,180,180-1,64,6.177539062036339,-37.880080664341435,38.380496349057275,-80.73765834220085,28.265033406243123,77.0873581071591,0,0,1.0,180-1,31,7.105427357601002e-14
3.1166666666666605,SPH_OPENING_APPROACH,180,180-9,5,156.18639380491717,-20.84945783476457,157.5718550433049,-7.603511796767145,6.0200058541656,49.062315368235346,1,5,1.0,180-9,10,15.775399730485162
3.1166666666666605,SPH_OPENING_APPROACH,180,180-5,4,43.946182802345845,-74.77590586470879,86.73351763179554,-59.55702807678564,3.50328400846118,26.216372608035012,1,0,0.75,180-5,21,-42.518114268461744
3.1166666666666605,SPH_OPENING_APPROACH,180,180-3,4,104.76448628084037,32.74233287593582,109.76182372686316,17.355734052669224,2.709663398672082,24.82051415037667,1,4,1.0,180-3,31,7.579722085984457
3.1166666666666605,SPH_OPENING_APPROACH,180,180-8,3,34.72997996172607,-32.176361219741686,47.3443737891335,-42.81424913378879,10.07361380739126,25.334578422791775,1,0,1.0,180-8,17,-3.115758766674972
3.1166666666666605,SPH_OPENING_APPROACH,180,180-2,3,106.5230220615443,-115.15432954226186,156.86833281912604,-47.22976231461313,2.136635187202936,21.329747816453455,1,2,1.0,180-2,31,12.270666929796903
3.1166666666666605,SPH_OPENING_APPROACH,180,180-3,2,42.298397437094906,1.1469297209656033,42.313944197288805,1.553206229333061,2.932061721170533,9.011442488446678,1,0,1.0,180-3,31,-0.9421950378204969
3.1166666666666605,SPH_OPENING_APPROACH,180,180-3,2,78.3664897053705,3.00128934974508,78.42394051884177,2.1932488352603507,0.13242080044124727,7.114273606920991,0,0,1.0,180-3,31,5.247819627571317
3.1166666666666605,SPH_OPENING_APPROACH,180,180-5,1,76.3388503018432,-79.97408668423853,110.55982365391745,-46.33223883114005,0.0,0.0,0,0,1.0,180-5,21,3.412645364979312
3.1166666666666605,SPH_OPENING_APPROACH,180,180-3,1,131.57027728875678,23.98053901255764,133.73781857490104,10.329576533131869,0.0,0.0,1,1,1.0,180-3,31,8.796620997878506
3.1166666666666605,SPH_OPENING_APPROACH,180,180-2,1,132.29784097584604,-98.90380159099603,165.18075159055718,-36.781216401193575,0.0,0.0,0,1,1.0,180-2,31,13.076551599829997
3.1166666666666605,SPH_OPENING_APPROACH,180,180-12,1,148.5454437114749,-81.0345663125146,169.21096236620215,-28.613366525517904,0.0,0.0,1,1,1.0,180-12,10,18.711661519206473
3.1166666666666605,SPH_OPENING_APPROACH,180,180-2,1,159.08641224292407,-64.87963726681645,171.80760720119252,-22.186931446096608,0.0,0.0,1,1,1.0,180-2,31,16.208001598673434
3.21666666666666,SPH_OPENING_APPROACH,90,90-1,69,92.57831222916447,-36.699641317725174,99.58718576227739,-21.62422943038345,25.604763970337935,207.69403018974643,6,27,0.9710144927536232,90-1,32,6.3782712087788695
3.21666666666666,SPH_OPENING_APPROACH,90,90-1,64,7.092760129011247,-37.719428067672325,38.38049634905727,-79.35046036205377,41.05284199436043,77.06753581352558,0,0,1.0,90-1,32,-7.105427357601002e-14
3.21666666666666,SPH_OPENING_APPROACH,120,120-1,64,7.092760129011247,-37.719428067672325,38.38049634905727,-79.35046036205377,41.05284199436043,77.06753581352558,0,0,1.0,120-1,32,-7.105427357601002e-14
3.21666666666666,SPH_OPENING_APPROACH,120,120-1,60,93.58766499307548,-36.0219498182893,100.2807653918112,-21.051746173258078,26.033933493882216,207.69403018974643,6,24,0.9666666666666667,120-1,32,-0.9669645251315728
3.21666666666666,SPH_OPENING_APPROACH,150,150-1,64,7.092760129011247,-37.719428067672325,38.38049634905727,-79.35046036205377,41.05284199436043,77.06753581352558,0,0,1.0,150-1,32,-7.105427357601002e-14
3.21666666666666,SPH_OPENING_APPROACH,150,150-1,27,58.413156393611004,-38.46024040060905,69.93773610531798,-33.3616038290555,26.340229555123877,97.9301949971632,2,0,0.9642857142857143,150-1,32,0.6352874136359787
3.21666666666666,SPH_OPENING_APPROACH,150,150-1,9,120.36586017408315,-100.67770196508202,156.92017068693502,-39.91014609240195,6.8768954318264,65.40926522524893,1,9,1.0,150-1,32,11.89768834667234
3.21666666666666,SPH_OPENING_APPROACH,150,150-1,8,156.45956759146105,-22.649065860263395,158.0904060189913,-8.236911359924392,9.021878100260631,78.8593515627287,1,8,1.0,150-1,32,14.331587533609422
3.21666666666666,SPH_OPENING_APPROACH,150,150-1,5,102.94589144830368,33.60372358434803,108.29158233592855,18.077781428147794,3.9083537329792217,30.80279622579442,1,2,1.0,150-1,32,5.9301155391199245
3.21666666666666,SPH_OPENING_APPROACH,150,150-1,1,131.54452810859985,28.590566598609428,134.61568769554214,12.262249173150146,0.0,0.0,1,1,1.0,150-1,32,8.77869120641094
3.21666666666666,SPH_OPENING_APPROACH,180,180-1,64,7.092760129011247,-37.719428067672325,38.38049634905727,-79.35046036205377,41.05284199436043,77.06753581352558,0,0,1.0,180-1,32,-7.105427357601002e-14
3.21666666666666,SPH_OPENING_APPROACH,180,180-9,5,158.19690413964585,-16.47424949240637,159.05238563349607,-5.94521680680684,6.07563323889068,50.322043807829836,0,5,1.0,180-9,11,14.805305901911652
3.21666666666666,SPH_OPENING_APPROACH,180,180-5,4,45.586539512646304,-73.76928125094713,86.71816096423748,-58.28555137852717,3.5946600618101807,26.65090248635758,1,0,1.0,180-5,22,-0.15356667558052095
3.21666666666666,SPH_OPENING_APPROACH,180,180-3,4,104.11461453261187,36.8740946953061,110.45158133260364,19.502531004845558,2.7310836117882986,25.34806245225222,1,2,1.0,180-3,32,6.8975760574048195
3.21666666666666,SPH_OPENING_APPROACH,180,180-8,3,35.09453445608628,-31.37061343476678,47.07166595695331,-41.793174737485394,10.029096241837786,25.218557072659124,0,0,1.0,180-8,18,-2.7270783218018835
3.21666666666666,SPH_OPENING_APPROACH,180,180-2,3,109.56436349309892,-114.41472510891508,158.41426409700773,-46.24057036643315,2.277366721028997,21.249730113547905,1,3,1.0,180-2,32,15.459312778816923
3.21666666666666,SPH_OPENING_APPROACH,180,180-3,2,42.11227557591249,2.282917271024243,42.174108946697814,3.10298166499851,2.7636600251747527,9.17280346531505,1,0,1.0,180-3,32,-1.3983525059099122
3.21666666666666,SPH_OPENING_APPROACH,180,180-3,2,78.68707973249596,4.902449547630479,78.83965073740015,3.5650969946228264,0.13425751941145037,7.289329279799128,0,0,1.0,180-3,32,4.157102185583739
3.21666666666666,SPH_OPENING_APPROACH,180,180-5,1,78.65385543983002,-78.09786999992401,110.84090523843041,-44.796777448534456,0.0,0.0,0,0,1.0,180-5,22,2.8108158451296106
3.21666666666666,SPH_OPENING_APPROACH,180,180-10,1,99.59713577741421,-94.53625930296155,137.31967731560349,-43.506690708845866,0.0,0.0,0,1,0.0,,1,
3.21666666666666,SPH_OPENING_APPROACH,180,180-3,1,131.54452810859985,28.590566598609428,134.61568769554214,12.262249173150146,0.0,0.0,1,1,1.0,180-3,32,8.77869120641094
3.21666666666666,SPH_OPENING_APPROACH,180,180-2,1,135.36167309236933,-96.7627586494092,166.3905466179172,-35.55893115880172,0.0,0.0,0,1,1.0,180-2,32,12.097950273600304
3.21666666666666,SPH_OPENING_APPROACH,180,180-12,1,151.58902839253452,-78.40516107943438,170.66517750520956,-27.348994007753337,0.0,0.0,0,1,1.0,180-12,11,14.542151390074025
3.21666666666666,SPH_OPENING_APPROACH,180,180-2,1,162.03557328217457,-61.51119473519543,173.31807201395387,-20.787531779242546,0.0,0.0,1,1,1.0,180-2,32,15.104648127613416
3.3166666666666598,SPH_OPENING_APPROACH,90,90-1,68,93.07827478969772,-36.79629890723226,100.08762586402406,-21.570195193844324,25.824636244680917,210.8926072237804,7,24,0.9855072463768116,90-1,33,5.004401017466762
3.3166666666666598,SPH_OPENING_APPROACH,90,90-1,64,7.312414119409334,-37.6774614291656,38.38049634905727,-79.0166213646596,41.02150213606109,77.21935624175883,0,0,1.0,90-1,33,0.0
3.3166666666666598,SPH_OPENING_APPROACH,120,120-1,64,7.312414119409334,-37.6774614291656,38.38049634905727,-79.0166213646596,41.02150213606109,77.21935624175883,0,0,1.0,120-1,33,0.0
3.3166666666666598,SPH_OPENING_APPROACH,120,120-1,41,76.53206417907565,-19.349490863122128,78.94022830073524,-14.18867249624654,28.9251185252507,169.1819135747754,3,7,0.6833333333333333,120-1,33,-213.4053709107596
3.3166666666666598,SPH_OPENING_APPROACH,120,120-1,15,133.46192184750936,-83.25355046413196,157.29983549932422,-31.955915906866807,12.60595425718982,110.98806554188978,3,13,0.25,120-1,33,570.1907010751302
3.3166666666666598,SPH_OPENING_APPROACH,120,120-1,2,160.81751939184068,-7.974401979348535,161.0151099439841,-2.838780565937734,1.8654998366707674,11.296620341143893,1,2,0.03333333333333333,120-1,33,607.343445521729
3.3166666666666598,SPH_OPENING_APPROACH,150,150-1,64,7.312414119409334,-37.6774614291656,38.38049634905727,-79.0166213646596,41.02150213606109,77.21935624175883,0,0,1.0,150-1,33,0.0
3.3166666666666598,SPH_OPENING_APPROACH,150,150-1,27,58.641197911925374,-38.12290662650935,69.943878232474,-33.02807641493913,26.390522225028516,98.65435905239832,2,0,1.0,150-1,33,0.061421271560249124
3.3166666666666598,SPH_OPENING_APPROACH,150,150-1,10,119.22812605388631,-100.1849275141785,155.73171078281587,-40.0396407757847,6.621157323276827,66.14191864595304,1,8,0.9,150-1,33,-11.884599041191564
3.3166666666666598,SPH_OPENING_APPROACH,150,150-1,5,102.86570371826933,35.347532846310074,108.76948597734449,18.964154589493347,4.216826970733115,31.666077855449956,0,2,1.0,150-1,33,4.77903641415935
3.3166666666666598,SPH_OPENING_APPROACH,150,150-1,4,163.6592329081681,-44.90389609502989,169.7077028322617,-15.342919297908006,3.9430689125490193,32.40986426240741,2,4,0.5,150-1,33,116.172968132704
3.3166666666666598,SPH_OPENING_APPROACH,150,150-1,2,160.81751939184068,-7.974401979348535,161.0151099439841,-2.838780565937734,1.8654998366707674,11.296620341143893,1,2,0.25,150-1,33,29.24703924992798
3.3166666666666598,SPH_OPENING_APPROACH,150,150-1,2,143.92792837622213,12.368727116265834,144.45841608278687,4.911756863896258,1.4350756469816401,11.027818129635218,0,2,0.25,150-1,33,-136.31989936204434
3.3166666666666598,SPH_OPENING_APPROACH,150,150-1,1,131.92696771985237,30.73855130762593,135.46063394302612,13.115730474266485,0.0,0.0,1,1,1.0,150-1,33,8.44946247483989
3.3166666666666598,SPH_OPENING_APPROACH,180,180-1,64,7.312414119409334,-37.6774614291656,38.38049634905727,-79.0166213646596,41.02150213606109,77.21935624175883,0,0,1.0,180-1,33,0.0
3.3166666666666598,SPH_OPENING_APPROACH,180,180-5,4,45.80261941503923,-73.58678915103505,86.6769605076102,-58.10063009978729,3.697948535638995,27.08149220600617,1,0,1.0,180-5,23,-0.4120045662727989
3.3166666666666598,SPH_OPENING_APPROACH,180,180-3,4,104.04598948715264,38.83679235162857,111.05793248806765,20.46887511269964,3.0230807782266846,26.689594026969008,0,2,1.0,180-3,33,6.063511554640115
3.3166666666666598,SPH_OPENING_APPROACH,180,180-8,3,34.91559974392803,-31.216466455930128,46.83553013976032,-41.79846543030798,9.968624193161565,25.081204422396443,0,0,1.0,180-8,19,-2.3613581719298793
3.3166666666666598,SPH_OPENING_APPROACH,180,180-2,3,110.5243374971568,-115.4835262087189,159.85016110340734,-46.25701375718432,2.382357838310663,21.574544145190778,1,3,1.0,180-2,33,14.35897006399614
3.3166666666666598,SPH_OPENING_APPROACH,180,180-3,2,41.9145855419909,2.6443069133176227,41.99791471262225,3.6098913464605302,2.588230551245834,9.288406376814438,1,0,1.0,180-3,33,-1.7619423407556667
3.3166666666666598,SPH_OPENING_APPROACH,180,180-3,2,79.05419320362606,5.367810233328845,79.2362218292699,3.8844431737418343,0.13646627369798248,7.483605720884107,0,0,1.0,180-3,33,3.9657109186974537
3.3166666666666598,SPH_OPENING_APPROACH,180,180-9,2,164.321372659482,-34.180328085049666,167.8386378063704,-11.750479078251072,1.866992700407068,10.98903771613287,1,2,0.4,180-9,12,87.86252172874327
3.3166666666666598,SPH_OPENING_APPROACH,180,180-9,2,160.81751939184068,-7.974401979348535,161.0151099439841,-2.838780565937734,1.8654998366707674,11.296620341143893,1,2,0.4,180-9,12,19.62724310488028
3.3166666666666598,SPH_OPENING_APPROACH,180,180-5,1,79.37379910969106,-77.63358965407139,111.0278083530533,-44.36498163882809,0.0,0.0,0,0,1.0,180-5,23,1.8690311462289344
3.3166666666666598,SPH_OPENING_APPROACH,180,180-10,1,100.1701975447313,-95.31765516375985,138.27336642342922,-43.5780542823798,0.0,0.0,0,0,1.0,180-10,2,9.536891078257383
3.3166666666666598,SPH_OPENING_APPROACH,180,180-9,1,148.38492903342834,9.122446426500819,148.66508061094893,3.5180167676024716,0.0,0.0,0,1,0.2,180-9,12,-103.87305022547139
3.3166666666666598,SPH_OPENING_APPROACH,180,180-3,1,131.92696771985237,30.73855130762593,135.46063394302612,13.115730474266485,0.0,0.0,1,1,1.0,180-3,33,8.44946247483989
3.3166666666666598,SPH_OPENING_APPROACH,180,180-2,1,136.6258529790053,-97.07243603307134,167.59976592953672,-35.3937290856393,0.0,0.0,0,1,1.0,180-2,33,12.092193116195062
3.3166666666666598,SPH_OPENING_APPROACH,180,180-12,1,152.51631677655175,-78.46789967365127,171.51804034059998,-27.225301863729264,0.0,0.0,0,1,1.0,180-12,12,8.528628353904253
3.3166666666666598,SPH_OPENING_APPROACH,180,180-2,1,163.82560458629837,-61.01183496530591,174.81782724853866,-20.426307377448214,0.0,0.0,1,1,1.0,180-2,33,14.997552345847964
3.4166666666666594,SPH_OPENING_APPROACH,90,90-1,71,92.24992002467492,-36.779296716796935,99.31145156295476,-21.736769930044865,26.221662131093485,214.40884291263114,9,23,0.9577464788732394,90-1,34,-7.7617430106930385
3.4166666666666594,SPH_OPENING_APPROACH,90,90-1,64,6.403959805207931,-37.842460263747114,38.38049634905727,-80.3950149455111,28.251632819152174,76.93122351470416,0,0,1.0,90-1,34,0.0
3.4166666666666594,SPH_OPENING_APPROACH,120,120-1,64,6.403959805207931,-37.842460263747114,38.38049634905727,-80.3950149455111,28.251632819152174,76.93122351470416,0,0,1.0,120-1,34,0.0
3.4166666666666594,SPH_OPENING_APPROACH,120,120-1,41,76.14450011078308,-20.897411934947904,78.9600324385695,-15.346637869672211,29.113241200067616,170.60000991827067,4,7,1.0,120-1,34,0.19804137834256608
3.4166666666666594,SPH_OPENING_APPROACH,120,120-1,15,132.20121973909696,-87.40741817896841,158.48412934176739,-33.47146278964978,12.794999767398783,113.12120355192705,3,11,1.0,120-1,34,11.84293842443168
3.4166666666666594,SPH_OPENING_APPROACH,120,120-1,2,162.0440723538859,-11.38004497666701,162.44318024682468,-4.017177350816773,1.8688017127196144,11.488086924634882,2,2,1.0,120-1,34,14.28070302840581
3.4166666666666594,SPH_OPENING_APPROACH,150,150-1,64,6.403959805207931,-37.842460263747114,38.38049634905727,-80.3950149455111,28.251632819152174,76.93122351470416,0,0,1.0,150-1,34,0.0
3.4166666666666594,SPH_OPENING_APPROACH,150,150-1,27,57.66325361771433,-39.52604768929514,69.90965071946275,-34.42920933881492,26.458968573093983,98.43886813286234,3,0,1.0,150-1,34,-0.342275130112597
3.4166666666666594,SPH_OPENING_APPROACH,150,150-1,10,117.1204523705624,-104.335830887453,156.853963834072,-41.69599471282772,6.694079057053504,66.39845582415016,1,6,1.0,150-1,34,11.222530512561377
3.4166666666666594,SPH_OPENING_APPROACH,150,150-1,5,103.85401116599982,34.04699854670505,109.29251458954978,18.150963894734126,4.4066132025822675,32.406277319281536,0,2,1.0,150-1,34,5.230286122052945
3.4166666666666594,SPH_OPENING_APPROACH,150,150-1,4,164.26488067350175,-48.935838123686224,171.39914607589907,-16.589220314501304,3.9922074705661172,33.0262744326402,2,4,1.0,150-1,34,16.91443243637366
3.4166666666666594,SPH_OPENING_APPROACH,150,150-1,2,162.0440723538859,-11.38004497666701,162.44318024682468,-4.017177350816773,1.8688017127196144,11.488086924634882,2,2,1.0,150-1,34,14.28070302840581
3.4166666666666594,SPH_OPENING_APPROACH,150,150-1,2,144.8242969475574,9.937228609195216,145.16482183637223,3.9252407660699395,1.5262838694810652,11.11375121030084,0,2,1.0,150-1,34,7.064057535853578
3.4166666666666594,SPH_OPENING_APPROACH,150,150-1,1,133.1841353816895,28.748278503850745,136.25152268618197,12.18062017316703,0.0,0.0,1,1,1.0,150-1,34,7.908887431558469
3.4166666666666594,SPH_OPENING_APPROACH,180,180-1,64,6.403959805207931,-37.842460263747114,38.38049634905727,-80.3950149455111,28.251632819152174,76.93122351470416,0,0,1.0,180-1,34,0.0
3.4166666666666594,SPH_OPENING_APPROACH,180,180-5,4,43.742265812382364,-74.74844891949991,86.6066766148673,-59.6641298103214,3.807960049352216,27.398946278939665,2,0,1.0,180-5,24,-0.7028389274290703
3.4166666666666594,SPH_OPENING_APPROACH,180,180-3,4,105.15921890746452,37.7080834695922,111.71553553636923,19.726862094241994,3.1268785264120074,27.24405940310785,0,2,1.0,180-3,34,6.576030483015813
3.4166666666666594,SPH_OPENING_APPROACH,180,180-8,3,33.752052179815344,-32.089003133635394,46.57150575684063,-43.55309981178803,9.92576835234348,24.938426389121748,0,0,1.0,180-8,20,-2.6402438291969332
3.4166666666666594,SPH_OPENING_APPROACH,180,180-2,3,107.98241522171891,-119.29139434635236,160.90568281515934,-47.84864671222557,2.369374297429439,21.93725703563563,1,2,1.0,180-2,34,10.55521711751993
3.4166666666666594,SPH_OPENING_APPROACH,180,180-3,2,41.74853187077427,1.7629399054297719,41.785737644263406,2.418026144102854,2.404000262154066,9.313955956696969,1,0,1.0,180-3,34,-2.1217706835884087
3.4166666666666594,SPH_OPENING_APPROACH,180,180-3,2,79.46512388496384,3.4626115649576557,79.54052798983943,2.4950267429404716,0.13720527572903118,7.581860786093627,0,0,1.0,180-3,34,3.043061605695385
3.4166666666666594,SPH_OPENING_APPROACH,180,180-9,2,165.25056566295245,-38.01138614184546,169.56596040582627,-12.954001373336412,1.8592951568087894,11.04290247682982,1,2,1.0,180-9,13,17.273225994558743
3.4166666666666594,SPH_OPENING_APPROACH,180,180-9,2,162.0440723538859,-11.38004497666701,162.44318024682468,-4.017177350816773,1.8688017127196144,11.488086924634882,2,2,1.0,180-9,13,14.28070302840581
3.4166666666666594,SPH_OPENING_APPROACH,180,180-5,1,77.7401500542967,-79.5221471305622,111.20837565003524,-45.64921181887024,0.0,0.0,0,0,1.0,180-5,24,1.8056729698193408
3.4166666666666594,SPH_OPENING_APPROACH,180,180-10,1,97.83687825321755,-99.45965798680258,139.51443765140098,-45.471251725687615,0.0,0.0,0,0,1.0,180-10,3,12.410712279717586
3.4166666666666594,SPH_OPENING_APPROACH,180,180-9,1,149.07209113983893,6.354616295375172,149.2074713446545,2.4409156464186443,0.0,0.0,0,1,1.0,180-9,13,5.423907337055596
3.4166666666666594,SPH_OPENING_APPROACH,180,180-3,1,133.1841353816895,28.748278503850745,136.25152268618197,12.18062017316703,0.0,0.0,1,1,1.0,180-3,34,7.908887431558469
3.4166666666666594,SPH_OPENING_APPROACH,180,180-2,1,134.91232138925872,-101.51820238944768,168.8409899255021,-36.96056086086583,0.0,0.0,0,1,1.0,180-2,34,12.412239959653846
3.4166666666666594,SPH_OPENING_APPROACH,180,180-12,1,151.06469193281876,-83.15572230431071,172.43959899254313,-28.83121456942125,0.0,0.0,0,1,1.0,180-12,13,9.21558651943144
3.4166666666666594,SPH_OPENING_APPROACH,180,180-2,1,163.74823754815722,-65.41570508570034,176.3312217730798,-21.776191034891827,0.0,0.0,1,1,1.0,180-2,34,15.133945245411269
3.516666666666659,SPH_OPENING_APPROACH,90,90-1,69,91.87010278626212,-40.669968432130446,100.46970746562793,-23.878489228369503,26.352492207274235,218.11943399442538,10,23,0.971830985915493,90-1,35,11.582559026731758
3.516666666666659,SPH_OPENING_APPROACH,90,90-1,64,5.273524348332835,-38.01647591436559,38.38049634905727,-82.10251020691665,28.318981925976832,77.70549854892595,0,0,1.0,90-1,35,0.0
3.516666666666659,SPH_OPENING_APPROACH,120,120-1,64,5.273524348332835,-38.01647591436559,38.38049634905727,-82.10251020691665,28.318981925976832,77.70549854892595,0,0,1.0,120-1,35,0.0
3.516666666666659,SPH_OPENING_APPROACH,120,120-1,57,90.30085444389623,-42.26900282989524,99.7041268630914,-25.083863486442034,26.97249251014152,218.11943399442538,8,19,0.7192982456140351,120-1,35,207.44094424521904
3.516666666666659,SPH_OPENING_APPROACH,120,120-1,2,163.0304762464189,-15.788163909381975,163.79316928603487,-5.5313774495981125,1.8950920187487998,11.763311359842497,2,2,1.0,120-1,35,13.499890392101861
3.516666666666659,SPH_OPENING_APPROACH,150,150-1,64,5.273524348332835,-38.01647591436559,38.38049634905727,-82.10251020691665,28.318981925976832,77.70549854892595,0,0,1.0,150-1,35,0.0
3.516666666666659,SPH_OPENING_APPROACH,150,150-1,27,56.51765093319256,-38.15699801562693,68.19238494561368,-34.02463127311922,27.081550333987288,101.56201273850769,3,0,0.9285714285714286,150-1,35,-17.172657738490642
3.516666666666659,SPH_OPENING_APPROACH,150,150-1,10,114.26068579712901,-108.96145365341506,157.88636008565007,-43.64006940199241,6.740985603693259,66.93232655989085,1,6,1.0,150-1,35,10.323962515780636
3.516666666666659,SPH_OPENING_APPROACH,150,150-1,5,105.04532180357214,32.23818199592399,109.88093561313694,17.061136693637,4.286748310724184,33.29575992207268,1,3,1.0,150-1,35,5.884210235871592
3.516666666666659,SPH_OPENING_APPROACH,150,150-1,4,164.35492537466286,-53.970907528261506,172.98959608697615,-18.17915749682225,4.0335912743028715,33.6597307767056,2,4,1.0,150-1,35,15.904500110770812
3.516666666666659,SPH_OPENING_APPROACH,150,150-1,2,163.0304762464189,-15.788163909381975,163.79316928603487,-5.5313774495981125,1.8950920187487998,11.763311359842497,2,2,1.0,150-1,35,13.499890392101861
3.516666666666659,SPH_OPENING_APPROACH,150,150-1,2,145.7553696460065,6.571827312028821,145.9034499073381,2.5816072607645797,1.6224211645571749,11.341478757054244,0,2,1.0,150-1,35,7.386280709658877
3.516666666666659,SPH_OPENING_APPROACH,150,150-1,1,134.5496334761747,25.789790331824804,136.99896771119276,10.850560794779035,0.0,0.0,1,1,1.0,150-1,35,7.474450250107907
3.516666666666659,SPH_OPENING_APPROACH,180,180-1,64,5.273524348332835,-38.01647591436559,38.38049634905727,-82.10251020691665,28.318981925976832,77.70549854892595,0,0,1.0,180-1,35,0.0
3.516666666666659,SPH_OPENING_APPROACH,180,180-5,4,41.16245023249854,-76.09215816802795,86.51221788748167,-61.588596731629,3.926068572737602,27.851298903224723,2,0,1.0,180-5,25,-0.9445872738562855
3.516666666666659,SPH_OPENING_APPROACH,180,180-3,3,108.8491869805218,39.42185538384074,115.76799293511591,19.90884185503009,1.7573080395585674,21.35851910559725,1,3,0.75,180-3,35,40.52457398746682
3.516666666666659,SPH_OPENING_APPROACH,180,180-2,3,104.60862404414904,-123.35905136404794,161.74183063712348,-49.70201530534966,2.3146660919934656,22.54547191791716,1,2,1.0,180-2,35,8.36147821964147
3.516666666666659,SPH_OPENING_APPROACH,180,180-8,2,31.358960984733002,-39.095723046301785,50.118459618738676,-51.266649255673315,5.2271077673780475,13.258578164023016,0,0,0.6666666666666666,180-8,21,35.469538618980465
3.516666666666659,SPH_OPENING_APPROACH,180,180-3,2,41.516742171244175,0.6587669245280012,41.521968334538485,0.9090645175419095,2.2138985725056326,9.292554181736108,1,0,1.0,180-3,35,-2.637693097249212
3.516666666666659,SPH_OPENING_APPROACH,180,180-3,2,79.73585782634379,1.0858836925477546,79.74325154329144,0.7802349964215957,0.13753933408593322,7.6390138075341785,0,0,1.0,180-3,35,2.027235534520031
3.516666666666659,SPH_OPENING_APPROACH,180,180-9,2,163.0304762464189,-15.788163909381975,163.79316928603487,-5.5313774495981125,1.8950920187487998,11.763311359842497,2,2,1.0,180-9,14,13.499890392101861
3.516666666666659,SPH_OPENING_APPROACH,180,180-9,2,145.7553696460065,6.571827312028821,145.9034499073381,2.5816072607645797,1.6224211645571749,11.341478757054244,0,2,0.5,180-9,14,-33.04021437316379
3.516666666666659,SPH_OPENING_APPROACH,180,180-5,1,75.64658920267239,-81.81453793356893,111.42721873618339,-47.24320029807416,0.0,0.0,0,0,1.0,180-5,25,2.1884308614815495
3.516666666666659,SPH_OPENING_APPROACH,180,180-10,1,94.76268097300802,-104.17958713200014,140.8309343865406,-47.71006536554911,0.0,0.0,0,0,1.0,180-10,4,13.164967351396228
3.516666666666659,SPH_OPENING_APPROACH,180,180-9,1,166.73949770837706,-37.36303479257541,170.8743879724316,-12.630217218724056,0.0,0.0,1,1,0.5,180-9,14,13.084275666053315
3.516666666666659,SPH_OPENING_APPROACH,180,180-3,1,134.5496334761747,25.789790331824804,136.99896771119276,10.850560794779035,0.0,0.0,1,1,1.0,180-3,35,7.474450250107907
3.516666666666659,SPH_OPENING_APPROACH,180,180-2,1,132.4299614717635,-106.70249570372198,170.06797842279298,-38.85935737094557,0.0,0.0,0,1,1.0,180-2,35,12.269884972908756
3.516666666666659,SPH_OPENING_APPROACH,180,180-12,1,149.09799492829953,-88.77395421301735,173.52529221486455,-30.76985462455689,0.0,0.0,0,1,1.0,180-12,14,10.856932223214244
3.516666666666659,SPH_OPENING_APPROACH,180,180-2,1,163.1093545076156,-70.8038614774653,177.81408360422725,-23.46510042600634,0.0,0.0,1,1,1.0,180-2,35,14.8286183114746
3.6166666666666587,SPH_OPENING_APPROACH,90,90-1,69,92.29717651861651,-39.880266970973125,100.54453981686298,-23.368470233783906,26.43932947056042,221.71946429810274,8,22,0.9714285714285714,90-1,36,0.7483235123504528
3.6166666666666587,SPH_OPENING_APPROACH,90,90-1,64,5.383263122601197,-38.0010918021159,38.38049634905727,-81.93708622833678,28.312394789836546,77.6309260363606,0,0,1.0,90-1,36,0.0
3.6166666666666587,SPH_OPENING_APPROACH,120,120-1,64,5.383263122601197,-38.0010918021159,38.38049634905727,-81.93708622833678,28.312394789836546,77.6309260363606,0,0,1.0,120-1,36,0.0
3.6166666666666587,SPH_OPENING_APPROACH,120,120-1,60,94.24933689918447,-40.35983717833921,102.52733276057671,-23.18177579149747,26.925525266337683,221.71946429810274,8,21,0.9180327868852459,120-1,36,28.23205897485309
3.6166666666666587,SPH_OPENING_APPROACH,150,150-1,64,5.383263122601197,-38.0010918021159,38.38049634905727,-81.93708622833678,28.312394789836546,77.6309260363606,0,0,1.0,150-1,36,0.0
3.6166666666666587,SPH_OPENING_APPROACH,150,150-1,26,55.27140740896289,-39.49300141950114,67.931035897359,-35.54689164176995,27.034965597717203,99.75183972096067,3,0,0.9629629629629629,150-1,36,-2.6134904825468652
3.6166666666666587,SPH_OPENING_APPROACH,150,150-1,15,131.20530780902365,-92.67616583772539,160.63531526922162,-35.235267552253475,13.088758123442544,117.39018750675754,3,11,0.6666666666666666,150-1,36,27.48955183571553
3.6166666666666587,SPH_OPENING_APPROACH,150,150-1,6,104.14200643174479,30.682363417014404,108.5677895532709,16.416050841367834,5.010369994073012,37.694978638393785,1,2,0.8333333333333334,150-1,36,-13.131460598660425
3.6166666666666587,SPH_OPENING_APPROACH,150,150-1,2,164.44053664054343,-14.893954336601093,165.11365772222075,-5.175357784340586,1.8899609393150074,11.84026914284276,0,2,1.0,150-1,36,13.20488436185883
3.6166666666666587,SPH_OPENING_APPROACH,150,150-1,2,146.41757265916777,7.938004221827779,146.63259356101028,3.1032430858473865,1.6874982084706955,11.483711169174873,0,2,1.0,150-1,36,7.291436536721676
3.6166666666666587,SPH_OPENING_APPROACH,150,150-1,1,135.02177694786633,27.20817644203623,137.73585268716474,11.393072116577304,0.0,0.0,1,1,1.0,150-1,36,7.368849759719751
3.6166666666666587,SPH_OPENING_APPROACH,180,180-1,64,5.383263122601197,-38.0010918021159,38.38049634905727,-81.93708622833678,28.312394789836546,77.6309260363606,0,0,1.0,180-1,36,0.0
3.6166666666666587,SPH_OPENING_APPROACH,180,180-5,4,40.98358172328612,-76.0483070438482,86.38865073089569,-61.679101612533444,4.050958476009453,28.30089253869227,2,0,1.0,180-5,26,-1.235671565859775
3.6166666666666587,SPH_OPENING_APPROACH,180,180-3,3,39.06846324880859,-3.6001379909246403,39.233987997362775,-5.264906670427858,10.040618060862236,18.513705610843058,1,0,0.6666666666666666,180-3,36,-22.879803371757106
3.6166666666666587,SPH_OPENING_APPROACH,180,180-3,3,109.04084610290522,40.59336964950554,116.35174162142506,20.419127836146266,1.8784109758875143,22.598297701586556,1,2,1.0,180-3,36,5.837486863091499
3.6166666666666587,SPH_OPENING_APPROACH,180,180-2,3,105.15620730849925,-124.31270275148728,162.82345040223078,-49.77209384516665,2.3580412752285382,22.844737689961597,1,2,1.0,180-2,36,10.816197651072912
3.6166666666666587,SPH_OPENING_APPROACH,180,180-8,2,30.86042060513043,-38.98689313358761,49.72266481329555,-51.63631197760759,5.224974061634146,13.158588551891716,0,0,1.0,180-8,22,-3.9579480544312418
3.6166666666666587,SPH_OPENING_APPROACH,180,180-3,2,79.93255201272234,1.30939986103212,79.94327613541137,0.9384959465963824,0.1405514933733351,7.845005062840149,0,0,1.0,180-3,36,2.0002459211993084
3.6166666666666587,SPH_OPENING_APPROACH,180,180-9,2,164.44053664054343,-14.893954336601093,165.11365772222075,-5.175357784340586,1.8899609393150074,11.84026914284276,0,2,1.0,180-9,15,13.20488436185883
3.6166666666666587,SPH_OPENING_APPROACH,180,180-9,2,146.41757265916777,7.938004221827779,146.63259356101028,3.1032430858473865,1.6874982084706955,11.483711169174873,0,2,1.0,180-9,15,7.291436536721676
3.6166666666666587,SPH_OPENING_APPROACH,180,180-5,1,76.1233330340947,-81.60384286028741,111.59726251923107,-46.990042617612254,0.0,0.0,0,0,1.0,180-5,26,1.7004378304767442
3.6166666666666587,SPH_OPENING_APPROACH,180,180-10,1,95.0367679750203,-104.69235238343752,141.39475207629064,-47.76771789949982,0.0,0.0,0,0,1.0,180-10,5,5.6381768975003865
3.6166666666666587,SPH_OPENING_APPROACH,180,180-9,1,168.37914135435486,-36.700830318112246,172.3324873297797,-12.296179998606132,0.0,0.0,1,1,1.0,180-9,15,14.580993573480896
3.6166666666666587,SPH_OPENING_APPROACH,180,180-3,1,135.02177694786633,27.20817644203623,137.73585268716474,11.393072116577304,0.0,0.0,1,1,1.0,180-3,36,7.368849759719751
3.6166666666666587,SPH_OPENING_APPROACH,180,180-2,1,133.30254663806747,-107.43853526339112,171.20925150159698,-38.86794995486813,0.0,0.0,0,1,1.0,180-2,36,11.41273078804005
3.6166666666666587,SPH_OPENING_APPROACH,180,180-12,1,149.9799614947837,-89.51002085921475,174.65976263637216,-30.829310291377233,0.0,0.0,0,1,1.0,180-12,15,11.344704215076149
3.6166666666666587,SPH_OPENING_APPROACH,180,180-2,1,164.6119876082467,-70.85802503651384,179.21486036713804,-23.289694430100777,0.0,0.0,1,1,1.0,180-2,36,14.007767629107946
3.7166666666666583,SPH_OPENING_APPROACH,90,90-1,68,94.65104564537585,-36.463562561442366,101.43180879997774,-21.068782611870425,26.60389504833626,224.82353110070358,8,22,0.9855072463768116,90-1,37,8.872689831147653
3.7166666666666583,SPH_OPENING_APPROACH,90,90-1,64,6.707316761130638,-37.78987168363838,38.38049634905726,-79.93539722365229,41.10779714126504,76.80071165037855,0,0,1.0,90-1,37,-7.105427357601002e-14
3.7166666666666583,SPH_OPENING_APPROACH,120,120-1,64,6.707316761130638,-37.78987168363838,38.38049634905726,-79.93539722365229,41.10779714126504,76.80071165037855,0,0,1.0,120-1,37,-7.105427357601002e-14
3.7166666666666583,SPH_OPENING_APPROACH,120,120-1,61,95.75950695576901,-36.32965650344069,102.4193688423726,-20.775960505240857,27.109742120077506,224.82353110070358,8,21,0.9836065573770492,120-1,37,-1.0796391820410633
3.7166666666666583,SPH_OPENING_APPROACH,150,150-1,64,6.707316761130638,-37.78987168363838,38.38049634905726,-79.93539722365229,41.10779714126504,76.80071165037855,0,0,1.0,150-1,37,-7.105427357601002e-14
3.7166666666666583,SPH_OPENING_APPROACH,150,150-1,26,56.40938364900439,-37.54122638822657,67.7595915158337,-33.644315421377335,27.16272600969174,98.44080421917333,3,0,1.0,150-1,37,-1.7144438152529062
3.7166666666666583,SPH_OPENING_APPROACH,150,150-1,15,135.04070361408645,-88.80442372019866,161.62369041964152,-33.32941062840908,13.208173123881977,119.33694558949509,3,11,1.0,150-1,37,9.883751504198983
3.7166666666666583,SPH_OPENING_APPROACH,150,150-1,6,103.1156153606172,35.72300397002037,109.12819591581658,19.107948315693715,4.78117244471233,37.56464349332942,1,2,1.0,150-1,37,5.604063625456774
3.7166666666666583,SPH_OPENING_APPROACH,150,150-1,2,166.18894002677592,-8.682564241478055,166.41559635151603,-2.9907068329469397,1.8377934734821932,11.644959455743688,0,2,1.0,150-1,37,13.019386292952788
3.7166666666666583,SPH_OPENING_APPROACH,150,150-1,2,146.68063253848578,14.049642302570938,147.3519610005937,5.471321356418778,1.7195267249277404,11.505850330771864,0,2,1.0,150-1,37,7.19367439583408
3.7166666666666583,SPH_OPENING_APPROACH,150,150-1,1,134.47486852344989,33.03429771662155,138.4729399197891,13.801648280637634,0.0,0.0,1,1,1.0,150-1,37,7.370872326243614
3.7166666666666583,SPH_OPENING_APPROACH,180,180-1,64,6.707316761130638,-37.78987168363838,38.38049634905726,-79.93539722365229,41.10779714126504,76.80071165037855,0,0,1.0,180-1,37,-7.105427357601002e-14
3.7166666666666583,SPH_OPENING_APPROACH,180,180-5,4,43.12233402153341,-74.66094627111764,86.21944438213119,-59.99032198960376,4.197158297007049,28.782608736850356,2,0,1.0,180-5,27,-1.6920634876450436
3.7166666666666583,SPH_OPENING_APPROACH,180,180-3,3,38.55882647116126,-2.1208266605377477,38.617107666902946,-3.148231214656603,10.26418809890893,18.61536032101113,1,0,1.0,180-3,37,-6.168803304598285
3.7166666666666583,SPH_OPENING_APPROACH,180,180-3,3,107.77679925726966,45.47011623518538,116.9759373913416,22.874468060584157,1.907738864490053,23.047745398280547,1,2,1.0,180-3,37,6.241957699165397
3.7166666666666583,SPH_OPENING_APPROACH,180,180-2,3,109.65260646599852,-122.10844760393115,164.1163217995978,-48.076363229292774,2.4625004573201505,23.00855797386035,1,2,1.0,180-2,37,12.92871397367037
3.7166666666666583,SPH_OPENING_APPROACH,180,180-8,2,31.573650310623712,-37.885103258736315,49.317100917051704,-50.19199153621925,5.203054905340398,13.034197737766709,0,0,1.0,180-8,23,-4.055638962438479
3.7166666666666583,SPH_OPENING_APPROACH,180,180-3,2,80.05843518587439,4.100895800538132,80.1633980740445,2.932343587603136,0.14376601264736877,8.068061056700461,0,0,1.0,180-3,37,2.2012193863312746
3.7166666666666583,SPH_OPENING_APPROACH,180,180-10,2,98.63095352243229,-98.30867343339398,139.25753216604804,-44.90623891836563,0.9807217938294777,6.7399830977508515,0,0,0.5,180-10,6,-21.372199102426066
3.7166666666666583,SPH_OPENING_APPROACH,180,180-9,2,166.18894002677592,-8.682564241478055,166.41559635151603,-2.9907068329469397,1.8377934734821932,11.644959455743688,0,2,1.0,180-9,16,13.019386292952788
3.7166666666666583,SPH_OPENING_APPROACH,180,180-9,2,146.68063253848578,14.049642302570938,147.3519610005937,5.471321356418778,1.7195267249277404,11.505850330771864,0,2,1.0,180-9,16,7.19367439583408
3.7166666666666583,SPH_OPENING_APPROACH,180,180-5,1,79.18777380992223,-78.89474422103773,111.78141252763973,-44.893793825558994,0.0,0.0,0,0,1.0,180-5,27,1.841500084086647
3.7166666666666583,SPH_OPENING_APPROACH,180,180-9,1,170.97864889687094,-30.59442647555402,173.6943214672476,-10.144975286117319,0.0,0.0,1,1,1.0,180-9,16,13.618341374678948
3.7166666666666583,SPH_OPENING_APPROACH,180,180-3,1,134.47486852344989,33.03429771662155,138.4729399197891,13.801648280637634,0.0,0.0,1,1,1.0,180-3,37,7.370872326243614
3.7166666666666583,SPH_OPENING_APPROACH,180,180-2,1,137.53753414353517,-103.72034521925404,172.2628320639288,-37.02082002230242,0.0,0.0,0,1,1.0,180-2,37,10.53580562331831
3.7166666666666583,SPH_OPENING_APPROACH,180,180-12,1,153.6395733329522,-85.26849108918867,175.71520727176303,-29.02985497598176,0.0,0.0,0,1,1.0,180-12,16,10.554446353908702
3.7166666666666583,SPH_OPENING_APPROACH,180,180-2,1,168.22158036094416,-65.51204879349133,180.5279165011727,-21.277880299176378,0.0,0.0,1,1,1.0,180-2,37,13.130561340346674
3.816666666666658,SPH_OPENING_APPROACH,90,90-1,69,96.44525685097705,-34.8687475548424,102.55494685822943,-19.876913055127375,26.67247111159008,227.42445660236578,8,23,0.9855072463768116,90-1,38,11.231380582516834
3.816666666666658,SPH_OPENING_APPROACH,90,90-1,64,7.606495225556129,-37.619193643452675,38.38049634905727,-78.56907105776155,40.979515407258404,77.42232146565144,0,0,1.0,90-1,38,7.105427357601002e-14
3.816666666666658,SPH_OPENING_APPROACH,120,120-1,64,7.606495225556129,-37.619193643452675,38.38049634905727,-78.56907105776155,40.979515407258404,77.42232146565144,0,0,1.0,120-1,38,7.105427357601002e-14
3.816666666666658,SPH_OPENING_APPROACH,120,120-1,61,96.79411215890521,-34.03766706552718,102.60440013905054,-19.374233050803745,27.35889236752055,227.42445660236578,8,21,1.0,120-1,38,1.8503129667793417
3.816666666666658,SPH_OPENING_APPROACH,150,150-1,64,7.606495225556129,-37.619193643452675,38.38049634905727,-78.56907105776155,40.979515407258404,77.42232146565144,0,0,1.0,150-1,38,7.105427357601002e-14
3.816666666666658,SPH_OPENING_APPROACH,150,150-1,27,58.235469819832446,-37.696575306333095,69.37147637871531,-32.91550609117568,26.90851953845729,101.73034003756649,4,0,0.9629629629629629,150-1,38,16.118848628816096
3.816666666666658,SPH_OPENING_APPROACH,150,150-1,15,137.80043220476844,-86.35441600502669,162.62239784048873,-32.073845180403595,13.33681481085924,121.57178670210456,3,11,1.0,150-1,38,9.987074208472109
3.816666666666658,SPH_OPENING_APPROACH,150,150-1,6,102.29679559052126,39.245714515539646,109.56669428217741,20.9890906290392,4.931924980116028,38.22261174673925,0,2,1.0,150-1,38,4.384983663608324
3.816666666666658,SPH_OPENING_APPROACH,150,150-1,2,167.61856522548553,-4.2648253204626,167.67281277316368,-1.4574983444639986,1.7705402121628433,11.35840311223024,0,2,1.0,150-1,38,12.572164216476551
3.816666666666658,SPH_OPENING_APPROACH,150,150-1,2,146.89530540790392,18.58365367484525,148.06614378306728,7.210158644487132,1.738412044326299,11.483794292516407,0,2,1.0,150-1,38,7.141827824735856
3.816666666666658,SPH_OPENING_APPROACH,150,150-1,1,134.080440287293,37.38217998608174,139.194079788424,15.578689540580685,0.0,0.0,1,1,1.0,150-1,38,7.211398686349071
3.816666666666658,SPH_OPENING_APPROACH,180,180-1,64,7.606495225556129,-37.619193643452675,38.38049634905727,-78.56907105776155,40.979515407258404,77.42232146565144,0,0,1.0,180-1,38,7.105427357601002e-14
3.816666666666658,SPH_OPENING_APPROACH,180,180-2,6,106.92535276293808,-110.55995472487542,153.80680951194992,-45.95743464795741,2.3808008800057463,38.36376744143687,1,2,0.5,180-2,38,-103.09512287647891
3.816666666666658,SPH_OPENING_APPROACH,180,180-5,4,44.33161021193797,-73.7115855410169,86.01563524705178,-58.97646401046352,4.375526945835982,29.48797067598275,2,0,1.0,180-5,28,-2.0380913507941045
3.816666666666658,SPH_OPENING_APPROACH,180,180-3,3,37.87930160475025,-1.1064603282894436,37.89545809885023,-1.673142934659209,10.501275692926747,18.62865314627868,2,0,1.0,180-3,38,-7.2164956805271885
3.816666666666658,SPH_OPENING_APPROACH,180,180-3,3,106.8076851007612,49.341734634501314,117.65410478740176,24.795426975606606,1.7885999334849456,22.629618207385167,0,2,1.0,180-3,38,6.7816739606016085
3.816666666666658,SPH_OPENING_APPROACH,180,180-8,2,31.82664934345648,-37.13685206116327,48.90890910094055,-49.40309759856756,5.176237791566461,12.911662356792684,0,0,1.0,180-8,24,-4.08191816111156
3.816666666666658,SPH_OPENING_APPROACH,180,180-3,2,80.18432786183777,6.014945482061934,80.40961387674281,4.289949782564391,0.14509710495285688,8.192531937575303,0,0,1.0,180-3,38,2.462158026983161
3.816666666666658,SPH_OPENING_APPROACH,180,180-9,2,167.61856522548553,-4.2648253204626,167.67281277316368,-1.4574983444639986,1.7705402121628433,11.35840311223024,0,2,1.0,180-9,17,12.572164216476551
3.816666666666658,SPH_OPENING_APPROACH,180,180-9,2,146.89530540790392,18.58365367484525,148.06614378306728,7.210158644487132,1.738412044326299,11.483794292516407,0,2,1.0,180-9,17,7.141827824735856
3.816666666666658,SPH_OPENING_APPROACH,180,180-5,1,81.34246418551331,-76.97660049604146,111.99104206899177,-43.420391223575194,0.0,0.0,0,0,1.0,180-5,28,2.096295413520437
3.816666666666658,SPH_OPENING_APPROACH,180,180-9,1,173.0878422785977,-26.37651214058224,175.08604038404374,-8.664530725290563,0.0,0.0,1,1,1.0,180-9,17,13.91718916796151
3.816666666666658,SPH_OPENING_APPROACH,180,180-3,1,134.080440287293,37.38217998608174,139.194079788424,15.578689540580685,0.0,0.0,1,1,1.0,180-3,38,7.211398686349071
3.816666666666658,SPH_OPENING_APPROACH,180,180-2,1,140.5347525051102,-101.38382010809703,173.28789813885894,-35.80722983716806,0.0,0.0,0,1,1.0,180-2,38,10.250660749301232
3.816666666666658,SPH_OPENING_APPROACH,180,180-12,1,156.22724645238384,-82.48334840929392,176.664810584629,-27.832723858967373,0.0,0.0,0,1,1.0,180-12,17,9.496033128659747
3.816666666666658,SPH_OPENING_APPROACH,180,180-2,1,170.93861629631792,-61.87347466449474,181.79201689941635,-19.89838766596506,0.0,0.0,1,1,1.0,180-2,38,12.641003982436416
3.9166666666666576,SPH_OPENING_APPROACH,90,90-1,68,97.5821775163505,-34.99604349475778,103.66775983457691,-19.72943320783063,27.093268520389223,230.24744464896997,10,22,0.9855072463768116,90-1,39,11.128129763474846
3.9166666666666576,SPH_OPENING_APPROACH,90,90-1,64,7.7282251198907,-37.59437506457965,38.38049634905726,-78.3836097582649,40.96212586850083,77.50622866407396,0,0,1.0,90-1,39,-7.105427357601002e-14
3.9166666666666576,SPH_OPENING_APPROACH,120,120-1,64,7.7282251198907,-37.59437506457965,38.38049634905726,-78.3836097582649,40.96212586850083,77.50622866407396,0,0,1.0,120-1,39,-7.105427357601002e-14
3.9166666666666576,SPH_OPENING_APPROACH,120,120-1,61,97.21199105785146,-33.84976364972731,102.93676556301054,-19.198405534786836,27.61898622598694,230.24744464896997,10,20,0.967741935483871,120-1,39,3.323654239599989
3.9166666666666576,SPH_OPENING_APPROACH,150,150-1,64,7.7282251198907,-37.59437506457965,38.38049634905726,-78.3836097582649,40.96212586850083,77.50622866407396,0,0,1.0,150-1,39,-7.105427357601002e-14
3.9166666666666576,SPH_OPENING_APPROACH,150,150-1,26,56.88964118530747,-36.01881271917511,67.33339545791554,-32.339324935997716,27.474420847157024,100.46137599789647,4,0,0.9629629629629629,150-1,39,-20.380809207997714
3.9166666666666576,SPH_OPENING_APPROACH,150,150-1,16,136.42299225949333,-87.03535057143523,161.82207842604916,-32.537123821825496,13.244201156644323,123.56610787708037,3,11,0.9375,150-1,39,-8.003194144395707
3.9166666666666576,SPH_OPENING_APPROACH,150,150-1,6,102.22853011708035,40.6294231769183,110.00646525358367,21.674714735094472,5.122432651861663,38.41359202872585,1,1,1.0,150-1,39,4.397709714062614
3.9166666666666576,SPH_OPENING_APPROACH,150,150-1,2,168.88772123407716,-3.299467251679748,168.91994810496558,-1.1192140025998767,1.732235887649213,11.238368452745481,1,2,1.0,150-1,39,12.471353318018998
3.9166666666666576,SPH_OPENING_APPROACH,150,150-1,2,147.43236190728106,20.119449976275877,148.7988360334427,7.770902996630887,1.7657281273275869,11.504584525691378,0,2,1.0,150-1,39,7.326922503754361
3.9166666666666576,SPH_OPENING_APPROACH,150,150-1,1,134.38168184269782,38.932228325617295,139.9076653270651,16.15703214631421,0.0,0.0,1,1,1.0,150-1,39,7.135855386410981
3.9166666666666576,SPH_OPENING_APPROACH,180,180-1,64,7.7282251198907,-37.59437506457965,38.38049634905726,-78.3836097582649,40.96212586850083,77.50622866407396,0,0,1.0,180-1,39,-7.105427357601002e-14
3.9166666666666576,SPH_OPENING_APPROACH,180,180-2,6,107.44789819285961,-111.72982401885001,155.01162666505476,-46.119206233064276,2.2724507362979325,37.858203642106545,1,2,1.0,180-2,39,12.04817153104841
3.9166666666666576,SPH_OPENING_APPROACH,180,180-5,4,43.93139579310194,-73.66818896053373,85.77277890481967,-59.19062357101329,4.575238582257643,30.079153744876695,2,0,1.0,180-5,29,-2.4285634223210195
3.9166666666666576,SPH_OPENING_APPROACH,180,180-3,4,104.44319497154817,48.026259232481195,114.9560896678828,24.69445612952939,2.3020370491461235,26.49289965427011,1,1,0.75,180-3,39,-26.980151195189706
3.9166666666666576,SPH_OPENING_APPROACH,180,180-3,3,37.096731998889986,-0.8982970899804622,37.10760653369246,-1.3871457929972018,10.753379284763271,18.648560651243766,2,0,1.0,180-3,39,-7.878515651577658
3.9166666666666576,SPH_OPENING_APPROACH,180,180-8,2,31.22632823661848,-37.052274197287794,48.455697274232215,-49.87701178842799,5.157812862628056,12.797442969436931,0,0,1.0,180-8,25,-4.532118267083334
3.9166666666666576,SPH_OPENING_APPROACH,180,180-3,2,80.48035162317045,6.283500690809602,80.7252710018403,4.464309686034185,0.14456455461702022,8.22666676237305,0,0,1.0,180-3,39,3.156571250974878
3.9166666666666576,SPH_OPENING_APPROACH,180,180-9,2,168.88772123407716,-3.299467251679748,168.91994810496558,-1.1192140025998767,1.732235887649213,11.238368452745481,1,2,1.0,180-9,18,12.471353318018998
3.9166666666666576,SPH_OPENING_APPROACH,180,180-9,2,147.43236190728106,20.119449976275877,148.7988360334427,7.770902996630887,1.7657281273275869,11.504584525691378,0,2,1.0,180-9,18,7.326922503754361
3.9166666666666576,SPH_OPENING_APPROACH,180,180-5,1,81.904359670513,-76.70394063440376,112.21327302009729,-43.1220695452528,0.0,0.0,0,0,1.0,180-5,29,2.2223095110551583
3.9166666666666576,SPH_OPENING_APPROACH,180,180-11,1,97.88306116368526,22.66452856142261,100.47275510149649,13.036918955398507,0.0,0.0,0,0,0.0,,1,
3.9166666666666576,SPH_OPENING_APPROACH,180,180-9,1,174.70851726072786,-25.752638511236803,176.5963317674874,-8.385212924723158,0.0,0.0,1,1,1.0,180-9,18,15.10291383443672
3.9166666666666576,SPH_OPENING_APPROACH,180,180-3,1,134.38168184269782,38.932228325617295,139.9076653270651,16.15703214631421,0.0,0.0,1,1,1.0,180-3,39,7.135855386410981
3.9166666666666576,SPH_OPENING_APPROACH,180,180-2,1,141.41779540228453,-101.97348982707798,174.34903350450665,-35.79460502922082,0.0,0.0,0,1,1.0,180-2,39,10.61135365647715
3.9166666666666576,SPH_OPENING_APPROACH,180,180-12,1,157.0888772738977,-82.81772731547902,177.5829139328295,-27.79833267670967,0.0,0.0,0,1,1.0,180-12,18,9.181033482005034
3.9166666666666576,SPH_OPENING_APPROACH,180,180-2,1,172.38058348551306,-61.739227258981266,183.10324340475805,-19.7053153603659,0.0,0.0,1,1,1.0,180-2,39,13.112265053416934
4.016666666666658,SPH_OPENING_APPROACH,90,90-1,131,53.10281615357567,-36.359493664401576,64.35776458961354,-34.39943921664262,41.9816505728597,253.84618455540195,8,22,0.5075757575757576,90-1,40,-393.09995244963375
4.016666666666658,SPH_OPENING_APPROACH,120,120-1,63,7.3160157475319245,-37.54674436415619,38.25287046439038,-78.97402282802373,41.32258477968742,77.29629195987712,0,0,0.984375,120-1,40,-1.2762588466688385
4.016666666666658,SPH_OPENING_APPROACH,120,120-1,31,100.93464903716766,-82.54880921298665,130.39213656788618,-39.27781489074102,14.203237536595433,175.75989115214276,4,11,0.4838709677419355,120-1,40,274.55371004875644
4.016666666666658,SPH_OPENING_APPROACH,120,120-1,29,93.8749071054425,14.07308012928825,94.92391568188086,8.525897177290554,15.294496492775293,166.5607589096274,4,10,0.47540983606557374,120-1,40,-80.12849881129682
4.016666666666658,SPH_OPENING_APPROACH,150,150-1,63,7.3160157475319245,-37.54674436415619,38.25287046439038,-78.97402282802373,41.32258477968742,77.29629195987712,0,0,0.984375,150-1,40,-1.2762588466688385
4.016666666666658,SPH_OPENING_APPROACH,150,150-1,16,136.49840596262345,-89.2502508546364,163.08716107637866,-33.17889189078413,13.424445508707374,125.65612245596796,3,11,1.0,150-1,40,12.650826503295036
4.016666666666658,SPH_OPENING_APPROACH,150,150-1,13,55.8204349736228,-0.8495735763014343,55.8268997518759,-0.8719606417246893,16.32088070634112,65.93867542048888,2,0,0.5,150-1,40,-115.06495706039644
4.016666666666658,SPH_OPENING_APPROACH,150,150-1,12,58.803410520497046,-74.50256524717172,94.91297760186002,-51.716661599646926,7.702142417008365,58.74440095895176,1,0,0.46153846153846156,150-1,40,275.79582143944475
4.016666666666658,SPH_OPENING_APPROACH,150,150-1,6,102.64084157308845,41.22759198470468,110.61128649323778,21.883773690316243,5.249138694467794,39.30300033010873,1,2,1.0,150-1,40,6.048212396541146
4.016666666666658,SPH_OPENING_APPROACH,150,150-1,5,159.29968398095028,7.63879792410849,159.4827280621823,2.745365641715868,4.420092371788846,44.17458119162454,1,5,0.4,150-1,40,-94.37220042783281
4.016666666666658,SPH_OPENING_APPROACH,150,150-1,1,135.17078683379407,39.14940695179304,140.72603766874167,16.152559956376155,0.0,0.0,0,1,1.0,150-1,40,8.183723416765645
4.016666666666658,SPH_OPENING_APPROACH,180,180-1,63,7.3160157475319245,-37.54674436415619,38.25287046439038,-78.97402282802373,41.32258477968742,77.29629195987712,0,0,0.984375,180-1,40,-1.2762588466688385
4.016666666666658,SPH_OPENING_APPROACH,180,180-2,6,106.71760970900995,-114.33466389924905,156.40033117279137,-46.9735261771292,2.1899850471937006,37.963038564983506,1,2,1.0,180-2,40,13.887045077366054
4.016666666666658,SPH_OPENING_APPROACH,180,180-5,4,42.455368093961155,-74.1275217198724,85.4245149610104,-60.19875672199849,4.813586389368359,30.665624999666,1,0,1.0,180-5,30,-3.4826394380927184
4.016666666666658,SPH_OPENING_APPROACH,180,180-3,4,104.96962506013905,48.789619068917915,115.75426175375269,24.928887133046643,2.4361572597649124,27.053113430468073,1,2,1.0,180-3,40,7.981720858698935
4.016666666666658,SPH_OPENING_APPROACH,180,180-3,3,36.043710964117885,-1.1101898374685197,36.06080450489271,-1.7642214476407563,11.114831663963919,18.745853445011505,2,0,1.0,180-3,40,-10.468020287997533
4.016666666666658,SPH_OPENING_APPROACH,180,180-3,2,80.8633455090194,5.639064036406806,81.05972915151978,3.989104662822069,0.1467947676894903,8.42238212782904,0,0,1.0,180-3,40,3.344581496794774
4.016666666666658,SPH_OPENING_APPROACH,180,180-2,2,173.84224123727654,-57.57269147670111,183.12765941351094,-18.323724513376312,1.8732502997174887,12.380475028251162,1,2,0.5,180-2,40,0.24416008752893958
4.016666666666658,SPH_OPENING_APPROACH,180,180-9,2,170.41676346893757,-4.17332599774063,170.46785597616704,-1.4028325558599404,1.728108081899709,11.358891851666513,1,2,1.0,180-9,19,15.479078712014598
4.016666666666658,SPH_OPENING_APPROACH,180,180-9,2,148.26107988295354,20.209725212212867,149.63215162929617,7.762246624640784,1.8166382497343778,11.622195090363594,0,2,1.0,180-9,19,8.333155958534633
4.016666666666658,SPH_OPENING_APPROACH,180,180-8,1,30.30500497893358,-30.99420261191335,43.34782488570246,-45.644159254490084,0.0,0.0,0,0,0.5,180-8,26,-51.07872388529756
4.016666666666658,SPH_OPENING_APPROACH,180,180-11,1,58.11443221770404,5.152563858264713,58.342404358233416,5.066731323850864,0.0,0.0,0,0,0.0,,1,
4.016666666666658,SPH_OPENING_APPROACH,180,180-5,1,81.6680363334403,-77.3561129566901,112.48838326835497,-43.446811427888306,0.0,0.0,0,0,1.0,180-5,30,2.751102482576755
4.016666666666658,SPH_OPENING_APPROACH,180,180-11,1,98.0521119183375,22.413288021750212,100.58117185433919,12.875766090581692,0.0,0.0,0,0,1.0,180-11,2,1.0841675284270025
4.016666666666658,SPH_OPENING_APPROACH,180,180-9,1,176.44226427682608,-27.07465236322247,178.50744921073374,-8.723856751892543,0.0,0.0,1,1,1.0,180-9,19,19.111174432463258
4.016666666666658,SPH_OPENING_APPROACH,180,180-3,1,135.17078683379407,39.14940695179304,140.72603766874167,16.152559956376155,0.0,0.0,0,1,1.0,180-3,40,8.183723416765645
4.016666666666658,SPH_OPENING_APPROACH,180,180-2,1,141.17666432770625,-104.47908196741389,175.63236922461485,-36.50363086864931,0.0,0.0,0,1,1.0,180-2,40,12.83335720108198
4.016666666666658,SPH_OPENING_APPROACH,180,180-12,1,157.07175207715207,-85.13904980183868,178.66223188392755,-28.459429546260623,0.0,0.0,0,1,1.0,180-12,19,10.793179510980337
4.116666666666657,SPH_BOUNDARY_CROSSING,90,90-1,101,43.14507056987388,-22.804185666559214,48.80090161456345,-27.858544279222855,47.43399084763019,222.17308603503815,5,16,0.7709923664122137,90-1,41,-155.56862975050086
4.116666666666657,SPH_BOUNDARY_CROSSING,90,90-1,28,86.53043998416264,-89.71614362692414,124.64551123542176,-46.03552361419326,9.099078386060114,147.4253232531154,2,6,0.21374045801526717,90-1,41,602.8774664580823
4.116666666666657,SPH_BOUNDARY_CROSSING,120,120-1,57,6.100239306072471,-37.339829743474745,37.834849079427194,-80.72150873452492,43.48543992028604,76.94791275871943,0,0,0.9047619047619048,120-1,41,-4.180213849631826
4.116666666666657,SPH_BOUNDARY_CROSSING,120,120-1,29,94.80575551038633,14.757880680140872,95.94751857168805,8.847903231209388,12.34713358580926,163.56726849430595,3,10,0.9333333333333333,120-1,41,10.236028898071936
4.116666666666657,SPH_BOUNDARY_CROSSING,120,120-1,27,86.09939260912363,-90.14034657509082,124.65306850750807,-46.31348949758947,9.084485647681865,147.4253232531154,2,6,0.8125,120-1,41,-57.39068060378116
4.116666666666657,SPH_BOUNDARY_CROSSING,120,120-1,5,174.3208107043758,-53.60407035854216,182.3763729314583,-17.092789390756415,5.443330885747664,48.57625454326137,2,5,0.16129032258064516,120-1,41,519.8423636357211
4.116666666666657,SPH_BOUNDARY_CROSSING,150,150-1,57,6.100239306072471,-37.339829743474745,37.834849079427194,-80.72150873452492,43.48543992028604,76.94791275871943,0,0,0.9047619047619048,150-1,41,-4.180213849631826
4.116666666666657,SPH_BOUNDARY_CROSSING,150,150-1,12,57.31470339035122,-75.31110445441365,94.64004268208855,-52.72744257264299,8.134224872135446,60.54738054438899,1,0,1.0,150-1,41,-2.7293491977147255
4.116666666666657,SPH_BOUNDARY_CROSSING,150,150-1,12,57.46961355152371,0.9028968301155359,57.476705755004,0.9000916965771383,11.83538395848945,60.99709367226604,1,0,0.9230769230769231,150-1,41,16.498060031280986
4.116666666666657,SPH_BOUNDARY_CROSSING,150,150-1,11,118.86879926664142,-110.03435575534832,161.97947674192446,-42.78978482392284,6.658264561257303,70.82003689489127,1,6,0.6875,150-1,41,-11.076843344542056
4.116666666666657,SPH_BOUNDARY_CROSSING,150,150-1,8,110.32242561369908,41.55273719668729,117.8883690693324,20.638789916021043,4.914368126801341,50.620701034257614,1,4,0.75,150-1,41,72.77082576094614
4.116666666666657,SPH_BOUNDARY_CROSSING,150,150-1,5,174.3208107043758,-53.60407035854216,182.3763729314583,-17.092789390756415,5.443330885747664,48.57625454326137,2,5,0.3125,150-1,41,192.89211855079628
4.116666666666657,SPH_BOUNDARY_CROSSING,150,150-1,5,160.8456657400554,6.67934317018611,160.9842905768968,2.3779218343851745,4.552222096312621,45.89416989053796,1,5,1.0,150-1,41,15.015625147144931
4.116666666666657,SPH_BOUNDARY_CROSSING,180,180-1,57,6.100239306072471,-37.339829743474745,37.834849079427194,-80.72150873452492,43.48543992028604,76.94791275871943,0,0,0.9047619047619048,180-1,41,-4.180213849631826
4.116666666666657,SPH_BOUNDARY_CROSSING,180,180-2,8,113.02510792215354,-116.26556864681942,162.1491827718621,-45.809681259592075,4.272854356555114,50.72229902986358,1,4,0.75,180-2,41,57.488515990707185
4.116666666666657,SPH_BOUNDARY_CROSSING,180,180-3,4,105.80663978242758,49.19624019023227,116.68468224622892,24.936714649614085,2.5881809370290343,28.019674908210703,1,2,1.0,180-3,41,9.304204924762303
4.116666666666657,SPH_BOUNDARY_CROSSING,180,180-5,3,34.59796011024563,-73.50878374870142,81.24383134739215,-64.79530851250577,2.006434751891327,18.50875224441663,1,0,0.75,180-5,31,-41.80683613618257
4.116666666666657,SPH_BOUNDARY_CROSSING,180,180-3,3,34.66232711775395,-1.4963119126958897,34.694608667028604,-2.4718237350884356,11.62237985305767,18.890460912460068,1,0,1.0,180-3,41,-13.661958378641046
4.116666666666657,SPH_BOUNDARY_CROSSING,180,180-2,3,172.19605677003847,-65.7900127851601,184.33612708696535,-20.910085415009856,3.0860052847165234,24.21003865646357,1,3,0.6666666666666666,180-2,41,12.084676734544075
4.116666666666657,SPH_BOUNDARY_CROSSING,180,180-9,2,172.28868363307413,-5.843552664615097,172.38775367108198,-1.9425687178500624,1.7321464637693358,11.605321077620296,1,2,1.0,180-9,20,19.19897694914937
4.116666666666657,SPH_BOUNDARY_CROSSING,180,180-9,2,149.21535490116202,19.731503432962672,150.51429953995984,7.532807984584063,1.8705683832667357,11.779865132024392,0,2,1.0,180-9,20,8.821479106636616
4.116666666666657,SPH_BOUNDARY_CROSSING,180,180-5,1,57.529508503698,-78.59952239447337,97.40394894107929,-53.798407817646726,0.0,0.0,0,0,0.25,180-5,31,119.7943398006889
4.116666666666657,SPH_BOUNDARY_CROSSING,180,180-11,1,57.654287111486795,4.371617717128855,57.81978782215019,4.336136661701061,0.0,0.0,0,0,1.0,180-11,2,-5.226165360832269
4.116666666666657,SPH_BOUNDARY_CROSSING,180,180-3,1,76.90778570295743,4.529394750150346,77.04104697195328,3.3704751991874766,0.0,0.0,0,0,0.5,180-3,41,-40.18682179566497
4.116666666666657,SPH_BOUNDARY_CROSSING,180,180-5,1,81.05769996504112,-78.43768037591408,112.79548052283249,-44.05889083482704,0.0,0.0,0,0,1.0,180-5,31,3.070972544775259
4.116666666666657,SPH_BOUNDARY_CROSSING,180,180-11,1,98.33085956824974,22.78948821503677,100.93720184616845,13.048683227081572,0.0,0.0,0,0,1.0,180-11,3,3.5602999182926
4.116666666666657,SPH_BOUNDARY_CROSSING,180,180-9,1,178.37923196263347,-29.275785394819213,180.76565494048506,-9.320352322780163,0.0,0.0,1,1,1.0,180-9,20,22.582057297513245
4.116666666666657,SPH_BOUNDARY_CROSSING,180,180-3,1,136.19416975145535,38.936392959302694,141.6506073794584,15.9546417934855,0.0,0.0,0,1,1.0,180-3,41,9.245697107167246
4.116666666666657,SPH_BOUNDARY_CROSSING,180,180-12,1,156.58597431737692,-88.58062864344926,179.904683440401,-29.49682532768545,0.0,0.0,0,1,1.0,180-12,20,12.424515564734406
4.216666666666657,SPH_JUNCTION_REGION,90,90-1,126,55.555136209712,-37.447100594236915,66.99745146044403,-33.98205415583949,38.51841278433131,262.91425585796674,5,24,0.7461538461538462,90-1,42,181.96549845880574
4.216666666666657,SPH_JUNCTION_REGION,120,120-1,43,3.009504723027234,-37.085136710367834,37.207048841645516,-85.36054320352494,33.14151506773324,77.03809282658942,0,0,0.7543859649122807,120-1,42,-6.278002377816776
4.216666666666657,SPH_JUNCTION_REGION,120,120-1,33,113.7670143894295,3.8741244180587677,113.8329583340926,1.9503477250864352,12.677481922908935,202.69756006820222,4,16,0.7714285714285715,120-1,42,178.85439762404545
4.216666666666657,SPH_JUNCTION_REGION,120,120-1,24,88.7223041412567,-95.67622168928115,130.48213153098828,-47.15967785274345,8.513504960002576,137.78328215224064,1,6,0.8888888888888888,120-1,42,58.290630234802165
4.216666666666657,SPH_JUNCTION_REGION,150,150-1,43,3.009504723027234,-37.085136710367834,37.207048841645516,-85.36054320352494,33.14151506773324,77.03809282658942,0,0,0.7543859649122807,150-1,42,-6.278002377816776
4.216666666666657,SPH_JUNCTION_REGION,150,150-1,11,117.17502925410803,-113.98363064593768,163.4694330323887,-44.209019231243076,6.687561381684036,71.26147933922049,1,6,1.0,150-1,42,14.899562904642494
4.216666666666657,SPH_JUNCTION_REGION,150,150-1,10,60.96970861444436,-79.51301194086872,100.19792630807777,-52.519403650870174,7.955923459575406,54.48062565415201,0,0,0.8333333333333334,150-1,42,55.5788362598922
4.216666666666657,SPH_JUNCTION_REGION,150,150-1,10,62.60184783529458,3.0927360420468757,62.67819691582674,2.828299413199912,0.8684699436120866,55.29596362375972,0,0,0.8333333333333334,150-1,42,52.01491160822741
4.216666666666657,SPH_JUNCTION_REGION,150,150-1,8,111.2904008340924,41.54351043874113,118.79148360630381,20.470062754392146,4.869188446912047,51.205395441105075,1,4,1.0,150-1,42,9.031145369714153
4.216666666666657,SPH_JUNCTION_REGION,150,150-1,5,175.7732434934407,-57.3044599660128,184.87843103023337,-18.056670462534452,5.525894205313152,49.98097691741125,2,5,1.0,150-1,42,25.020580987750805
4.216666666666657,SPH_JUNCTION_REGION,150,150-1,5,162.37731106425744,5.113650601884491,162.4578116648651,1.8037852284232714,4.680356561596471,47.75371618050987,1,5,1.0,150-1,42,14.735210879682938
4.216666666666657,SPH_JUNCTION_REGION,180,180-1,43,3.009504723027234,-37.085136710367834,37.207048841645516,-85.36054320352494,33.14151506773324,77.03809282658942,0,0,0.7543859649122807,180-1,42,-6.278002377816776
4.216666666666657,SPH_JUNCTION_REGION,180,180-2,8,111.16759026675501,-120.18764727448539,163.7171453547039,-47.23271182761704,4.29010863162558,51.16412365177823,1,4,1.0,180-2,42,15.679625828418011
4.216666666666657,SPH_JUNCTION_REGION,180,180-3,3,109.56003011471289,52.88322433585923,121.6553969821874,25.766008933952584,1.8693241839061143,23.150229546198414,1,2,0.75,180-3,42,49.70714735958481
4.216666666666657,SPH_JUNCTION_REGION,180,180-2,3,173.38389628051445,-69.78692612105051,186.90155308834957,-21.92475901969527,3.1430881110081135,25.00008038250032,1,3,1.0,180-2,42,25.654260013842247
4.216666666666657,SPH_JUNCTION_REGION,180,180-5,2,34.246773261381065,-78.6974764355318,85.82618642429318,-66.48277446680282,2.4358676652453255,8.664896849358476,0,0,0.6666666666666666,180-5,32,45.82355076901038
4.216666666666657,SPH_JUNCTION_REGION,180,180-3,2,35.567224538622526,2.605474938952821,35.66252880879739,4.189715244518662,1.0168492387754415,9.063451759619573,0,0,0.6666666666666666,180-3,42,9.679201417687864
4.216666666666657,SPH_JUNCTION_REGION,180,180-9,2,174.34286360935954,-8.204438212913754,174.53580405722278,-2.694306640593192,1.71938039502126,11.82852743224396,1,2,1.0,180-9,21,21.480503861407954
4.216666666666657,SPH_JUNCTION_REGION,180,180-5,1,55.510060553446024,-79.60120679979457,97.04493261696308,-55.10993160937268,0.0,0.0,0,0,1.0,180-5,32,-3.5901632411621165
4.216666666666657,SPH_JUNCTION_REGION,180,180-11,1,56.97396803042949,3.356069709475211,57.07272761159447,3.3711306277725366,0.0,0.0,0,0,1.0,180-11,3,-7.4706021055571625
4.216666666666657,SPH_JUNCTION_REGION,180,180-3,1,77.21710249856774,3.161771857912464,77.28180717061295,2.3447531166734956,0.0,0.0,0,0,1.0,180-3,42,2.407601986596717
4.216666666666657,SPH_JUNCTION_REGION,180,180-5,1,79.97900416752427,-79.86676229960241,113.02805327815771,-44.959767565937156,0.0,0.0,0,0,1.0,180-5,32,2.3257275532522215
4.216666666666657,SPH_JUNCTION_REGION,180,180-12,1,98.80791342986235,30.415318087404852,103.38324492257529,17.109553192458876,0.0,0.0,0,0,0.0,,1,
4.216666666666657,SPH_JUNCTION_REGION,180,180-9,1,180.3243274844942,-32.280611138302234,183.19088661338313,-10.149253486528636,0.0,0.0,1,1,1.0,180-9,21,24.252316728980645
4.216666666666657,SPH_JUNCTION_REGION,180,180-9,1,146.4809092475953,23.29543995939405,148.32172564025805,9.036300721208022,0.0,0.0,0,1,0.5,180-9,21,-21.925738997017845
4.216666666666657,SPH_JUNCTION_REGION,180,180-3,1,137.38259122312164,38.36424304075561,142.6386746828135,15.602450683845756,0.0,0.0,0,1,1.0,180-3,42,9.88067303355109
4.216666666666657,SPH_JUNCTION_REGION,180,180-12,1,155.56729947354623,-92.94138518109169,181.21612992466225,-30.855582380573786,0.0,0.0,0,1,1.0,180-12,21,13.114464842612676
4.316666666666657,SPH_JUNCTION_REGION,90,90-1,65,105.52460152068556,-39.19892492562029,112.56996598304492,-20.37837853212664,27.689260855044843,248.8043098504094,5,25,0.4921875,90-1,43,455.725145226009
4.316666666666657,SPH_JUNCTION_REGION,90,90-1,52,4.723861832524647,-38.11979302818255,38.411371898491964,-82.93583468134935,30.942321578326858,77.02975196489915,0,0,0.4126984126984127,90-1,43,-285.8607956195206
4.316666666666657,SPH_JUNCTION_REGION,120,120-1,40,2.2713738870955837,-37.82534151418885,37.89347701122184,-86.5635722919295,33.26958879235021,77.02975196489915,0,0,0.9302325581395349,120-1,43,6.864281695763239
4.316666666666657,SPH_JUNCTION_REGION,120,120-1,24,88.62387261836757,-96.59828332976247,131.0931696929085,-47.46524552527488,8.677420536676923,140.40412665294292,1,6,1.0,120-1,43,6.110381619202201
4.316666666666657,SPH_JUNCTION_REGION,120,120-1,21,143.5966960498726,5.6048672557349315,143.70603902896326,2.235234607110271,16.152504534485946,164.01850723035773,4,16,0.6363636363636364,120-1,43,298.73080694870663
4.316666666666657,SPH_JUNCTION_REGION,120,120-1,12,63.09980163682015,2.949372091029142,63.1686928971733,2.6761362928326684,1.0167215156672385,61.93341589149696,0,0,0.36363636363636365,120-1,43,-506.64265436919294
4.316666666666657,SPH_JUNCTION_REGION,150,150-1,39,2.007791088485249,-36.92514912891836,36.97969528332895,-86.88762848103015,33.678781121950614,77.02975196489915,0,0,0.9069767441860465,150-1,43,-2.2735355831656534
4.316666666666657,SPH_JUNCTION_REGION,150,150-1,11,117.47084878339992,-115.8626128141812,164.99559194724347,-44.60509875536436,6.702911800747983,71.90029421113886,1,6,1.0,150-1,43,15.261589148547614
4.316666666666657,SPH_JUNCTION_REGION,150,150-1,10,60.48796491019213,-79.49169611290236,99.88855615075558,-52.731245991527445,8.324323419249502,56.31098060998437,0,0,1.0,150-1,43,-3.093701573221921
4.316666666666657,SPH_JUNCTION_REGION,150,150-1,10,62.117827955489716,3.1248221847134325,62.19637500364388,2.879822654864065,0.9404934334295871,57.28482355475627,0,0,1.0,150-1,43,-4.818219121828591
4.316666666666657,SPH_JUNCTION_REGION,150,150-1,9,110.08878613826933,40.72261119704122,117.37917999416672,20.299786045002918,5.653688760054852,56.475143140977714,1,4,0.8888888888888888,150-1,43,-14.123036121370944
4.316666666666657,SPH_JUNCTION_REGION,150,150-1,5,178.27262331634836,-57.89741267419718,187.43862627126492,-17.99218729877589,5.601479455985861,51.30704979453315,2,5,1.0,150-1,43,25.601952410315505
4.316666666666657,SPH_JUNCTION_REGION,150,150-1,5,163.6342910047146,6.533045107726005,163.76465391223837,2.2863008468479866,4.799521227514255,49.576375986565246,1,5,1.0,150-1,43,13.068422473732824
4.316666666666657,SPH_JUNCTION_REGION,180,180-1,39,2.007791088485249,-36.92514912891836,36.97969528332895,-86.88762848103015,33.678781121950614,77.02975196489915,0,0,0.9069767441860465,180-1,43,-2.2735355831656534
4.316666666666657,SPH_JUNCTION_REGION,180,180-2,8,111.42512356780941,-122.11298805385664,165.30922543386055,-47.62031125053794,4.310202638535833,51.95515783654349,1,4,1.0,180-2,43,15.920800791566592
4.316666666666657,SPH_JUNCTION_REGION,180,180-3,6,104.31986184289873,42.6100548832073,112.68651362106921,22.21784555348912,6.062687948393961,46.60135912638792,1,2,0.5,180-3,43,-89.68883361118188
4.316666666666657,SPH_JUNCTION_REGION,180,180-2,3,175.82075473140938,-70.72386706826016,189.51201325354376,-21.912448402773016,3.1833846789655733,25.675582908142214,1,3,1.0,180-2,43,26.104601651941834
4.316666666666657,SPH_JUNCTION_REGION,180,180-5,2,32.72557297040076,-78.68756248475819,85.22145044549376,-67.41793665395414,2.4700050310177915,8.617424773157422,0,0,1.0,180-5,33,-6.047359787994253
4.316666666666657,SPH_JUNCTION_REGION,180,180-3,2,34.02017602745519,2.6683096791144627,34.12465755846779,4.484707410999312,0.9665080193802766,9.050449808931138,0,0,1.0,180-3,43,-15.378712503296015
4.316666666666657,SPH_JUNCTION_REGION,180,180-5,2,75.2628431024958,-79.79102758193304,109.686387644282,-46.672787259120454,1.8507012889785237,9.83336882103277,0,0,0.5,180-5,33,-33.41665633875721
4.316666666666657,SPH_JUNCTION_REGION,180,180-9,2,176.55541972812753,-7.34709397918712,176.70822285709937,-2.38290470385823,1.6954216552022077,12.032257927408091,1,2,1.0,180-9,22,21.724187998765956
4.316666666666657,SPH_JUNCTION_REGION,180,180-5,1,54.77608935985791,-79.57565749853461,96.60592751939825,-55.4583290450833,0.0,0.0,0,0,1.0,180-5,33,-4.3900509756483075
4.316666666666657,SPH_JUNCTION_REGION,180,180-11,1,56.19939135801168,3.3822274684136886,56.30107504887496,3.4440569384060735,0.0,0.0,0,0,1.0,180-11,4,-7.716525627195168
4.316666666666657,SPH_JUNCTION_REGION,180,180-3,1,77.37302274945633,3.184836030936551,77.43854227664566,2.3570839390000304,0.0,0.0,0,0,1.0,180-3,43,1.5673510603271268
4.316666666666657,SPH_JUNCTION_REGION,180,180-9,1,182.8853686857452,-32.14167314893579,185.68830127968204,-9.967804319288224,0.0,0.0,1,1,1.0,180-9,22,24.974146662989085
4.316666666666657,SPH_JUNCTION_REGION,180,180-9,1,147.1552315603996,25.038667112027465,149.27021479967715,9.65647544383773,0.0,0.0,0,1,1.0,180-9,22,9.48489159419097
4.316666666666657,SPH_JUNCTION_REGION,180,180-3,1,137.84682798803246,40.4069944374001,143.64704377684313,16.337426123670944,0.0,0.0,0,1,1.0,180-3,43,10.083690940296322
4.316666666666657,SPH_JUNCTION_REGION,180,180-12,1,156.05427444727337,-94.6465632742464,182.51276260275841,-31.23671648845319,0.0,0.0,0,1,1.0,180-12,22,12.966326780961595
4.416666666666656,SPH_JUNCTION_REGION,90,90-1,110,64.19157970847426,-37.70123955788519,74.44422321221742,-30.42672812025646,40.148048364447774,272.5090211856404,8,25,0.5765765765765766,90-1,44,-381.257427708275
4.416666666666656,SPH_JUNCTION_REGION,120,120-1,63,25.020896807670802,-37.236295856612585,44.861865834818936,-56.10090698291752,39.73810275153769,124.1642622831342,0,0,0.609375,120-1,44,69.68388823597095
4.416666666666656,SPH_JUNCTION_REGION,120,120-1,21,144.57109339914263,7.73395452921019,144.7778128695261,3.0621679387178267,16.47662602322303,167.75134421315687,7,16,1.0,120-1,44,10.717738405628268
4.416666666666656,SPH_JUNCTION_REGION,120,120-1,12,116.83723808456081,-114.90386846969595,163.87141054048914,-44.52200388232838,6.436297918457878,74.11297187940227,1,6,0.5,120-1,44,327.78240847580633
4.416666666666656,SPH_JUNCTION_REGION,150,150-1,57,21.199203160819124,-38.51583707011306,43.96448475605257,-61.17151490915233,38.99769379851503,119.38984027064816,0,0,0.6551724137931034,150-1,44,69.8478947272362
4.416666666666656,SPH_JUNCTION_REGION,150,150-1,12,116.83723808456081,-114.90386846969595,163.87141054048914,-44.52200388232838,6.436297918457878,74.11297187940227,1,6,0.9166666666666666,150-1,44,-11.241814067543316
4.416666666666656,SPH_JUNCTION_REGION,150,150-1,9,109.98797884953485,43.44736596703583,118.25831514476802,21.554972669150484,5.510543608816931,56.79739881442103,1,4,1.0,150-1,44,8.791351506013001
4.416666666666656,SPH_JUNCTION_REGION,150,150-1,5,180.80447278049863,-57.25656452960734,189.65382031260842,-17.571781466182987,5.714545223401636,52.7858762284099,4,5,1.0,150-1,44,22.151940413434943
4.416666666666656,SPH_JUNCTION_REGION,150,150-1,5,164.7507526143648,9.082063185437587,165.0008919936614,3.155298121176539,4.9143840826618215,51.31084837424422,2,5,1.0,150-1,44,12.362380814230391
4.416666666666656,SPH_JUNCTION_REGION,180,180-1,36,1.3530731111980419,-37.8046692925126,37.828875573568034,-87.95019234431406,30.96222783370499,76.41455174913604,0,0,0.9230769230769231,180-1,44,8.49180290239083
4.416666666666656,SPH_JUNCTION_REGION,180,180-2,8,112.50296105762601,-123.29166819566369,166.90641597375262,-47.61972279225092,4.325230990804585,52.916913582663035,1,4,1.0,180-2,44,15.971905398920683
4.416666666666656,SPH_JUNCTION_REGION,180,180-3,6,104.15658667028681,45.18978956826143,113.53726977529766,23.454284304940483,5.9086763622415805,46.760762868699956,1,2,1.0,180-3,44,8.507561542284492
4.416666666666656,SPH_JUNCTION_REGION,180,180-2,3,178.16780232591,-70.4228746188416,191.58065417788308,-21.56697992790093,3.291075930843494,26.917582903965272,3,3,1.0,180-2,44,20.6864092433932
4.416666666666656,SPH_JUNCTION_REGION,180,180-5,2,31.72265870515823,-78.45392683079835,84.624734625854,-67.98417128089552,2.5709533440295402,8.799664555313297,0,0,1.0,180-5,34,-5.967158196397548
4.416666666666656,SPH_JUNCTION_REGION,180,180-5,2,75.73114291183592,-79.26356451391518,109.62626813945876,-46.30557889254334,1.8924670471398102,10.043942129854818,0,0,1.0,180-5,34,-0.6011950482323414
4.416666666666656,SPH_JUNCTION_REGION,180,180-9,2,178.66786023115685,-5.197850162947375,178.74345281966737,-1.6663931593261394,1.6933790996704403,12.364841296563272,2,2,1.0,180-9,23,20.35229962567996
4.416666666666656,SPH_JUNCTION_REGION,180,180-3,1,36.86559033470288,3.856777879435192,37.066784138058686,5.972403112828879,0.0,0.0,0,0,0.5,180-3,44,29.42126579590898
4.416666666666656,SPH_JUNCTION_REGION,180,180-5,1,54.64219347711896,-79.18918657921755,96.21172786656017,-55.393513364376226,0.0,0.0,0,0,1.0,180-5,34,-3.9419965283808267
4.416666666666656,SPH_JUNCTION_REGION,180,180-11,1,55.4908358960626,3.7765967929637103,55.6192012867892,3.893433775482969,0.0,0.0,0,0,1.0,180-11,5,-6.818737620857576
4.416666666666656,SPH_JUNCTION_REGION,180,180-3,1,77.36266258574432,3.7246733949101114,77.45227404185415,2.756412383785184,0.0,0.0,0,0,1.0,180-3,44,0.13731765208490287
4.416666666666656,SPH_JUNCTION_REGION,180,180-9,1,185.60571136354244,-30.942876862818935,188.16732372894663,-9.464902712757558,0.0,0.0,1,1,1.0,180-9,23,24.790224492645905
4.416666666666656,SPH_JUNCTION_REGION,180,180-9,1,147.6166984190951,27.761658017541777,150.20452492530646,10.650971104192996,0.0,0.0,0,1,1.0,180-9,23,9.343101256293096
4.416666666666656,SPH_JUNCTION_REGION,180,180-3,1,137.9790943518912,43.38482624949499,144.63911513441641,17.454734435346495,0.0,0.0,0,1,1.0,180-3,44,9.920713575732805
4.416666666666656,SPH_JUNCTION_REGION,180,180-12,1,157.08270093621158,-95.37589041052658,183.7703333104015,-31.264864489010396,0.0,0.0,0,1,1.0,180-12,23,12.575707076430831
4.516666666666656,SPH_JUNCTION_REGION,90,90-1,106,67.44110247888364,-37.3306364347052,77.0835826891007,-28.965819632322216,45.74833976782407,276.76363064787006,6,24,0.9285714285714286,90-1,45,26.393594768832713
4.516666666666656,SPH_JUNCTION_REGION,120,120-1,76,42.82590687767657,-23.88875620397526,49.03805637327393,-29.153252961281417,52.16871513272857,217.498140883786,1,7,0.8051948051948052,120-1,45,41.76190538454996
4.516666666666656,SPH_JUNCTION_REGION,120,120-1,12,117.50355899248852,-116.28006180398683,165.3122474260157,-44.7001475769955,6.42487342605211,74.53449720810107,1,6,1.0,120-1,45,14.408368855265508
4.516666666666656,SPH_JUNCTION_REGION,120,120-1,8,182.14233098485317,-39.11580778403274,186.29512917731694,-12.120411572284826,8.553081332380891,85.80976422514267,4,8,0.38095238095238093,120-1,45,415.1731630779085
4.516666666666656,SPH_JUNCTION_REGION,150,150-1,58,21.495806976123095,-39.10683216701938,44.62526234874327,-61.203775827876385,49.095222292317665,119.39430190396746,0,0,0.9827586206896551,150-1,45,6.607775926906996
4.516666666666656,SPH_JUNCTION_REGION,150,150-1,12,117.50355899248852,-116.28006180398683,165.3122474260157,-44.7001475769955,6.42487342605211,74.53449720810107,1,6,1.0,150-1,45,14.408368855265508
4.516666666666656,SPH_JUNCTION_REGION,150,150-1,9,109.98543929959331,45.69345578681587,119.09949101346412,22.560443780927734,5.436753986049768,57.29831583701382,1,3,1.0,150-1,45,8.41175868696098
4.516666666666656,SPH_JUNCTION_REGION,150,150-1,5,182.9057536204553,-57.040840675434495,191.5937687202457,-17.320569494393332,5.848388070597657,54.43556152022676,2,5,1.0,150-1,45,19.399484076372744
4.516666666666656,SPH_JUNCTION_REGION,150,150-1,3,155.94325430288453,20.858361316368875,157.3320367864673,7.618441617790671,3.013191717078368,24.30886984713029,0,3,0.6,150-1,45,-76.68855207194099
4.516666666666656,SPH_JUNCTION_REGION,150,150-1,2,180.55585769132762,-3.7023178577171922,180.59381192103598,-1.174691685837665,1.7807113267722143,13.1322536639978,2,2,0.4,150-1,45,155.92919927374567
4.516666666666656,SPH_JUNCTION_REGION,180,180-1,36,1.4989703740362827,-37.799165532829605,37.828875573568034,-87.72905840194527,51.00807823536683,76.35688268440457,0,0,1.0,180-1,45,0.0
4.516666666666656,SPH_JUNCTION_REGION,180,180-2,8,113.20554764351871,-124.75934842747822,168.46480652444265,-47.7796729341259,4.3189079799781736,53.5354080302317,1,4,1.0,180-2,45,15.58390550690035
4.516666666666656,SPH_JUNCTION_REGION,180,180-3,5,105.2273720519964,52.29421059356596,117.50525218292798,26.42572002064706,3.3199230386274268,34.70321962204158,1,1,0.8333333333333334,180-3,45,39.67982407630316
4.516666666666656,SPH_JUNCTION_REGION,180,180-2,3,179.97858397271406,-70.49179106843759,193.29092916342336,-21.38867223657465,3.480076893237477,28.8814886947593,1,3,1.0,180-2,45,17.102749855402806
4.516666666666656,SPH_JUNCTION_REGION,180,180-5,2,30.4504143752281,-78.34268884243605,84.05239217705736,-68.75977827231289,2.7192368091978167,9.115682132701295,0,0,1.0,180-5,35,-5.723424487966469
4.516666666666656,SPH_JUNCTION_REGION,180,180-5,2,75.86272692422861,-78.97078680529454,109.5058834265418,-46.149975843996536,1.9277058006038352,10.20825886160633,0,0,1.0,180-5,35,-1.2038471291695885
4.516666666666656,SPH_JUNCTION_REGION,180,180-9,2,180.55585769132762,-3.7023178577171922,180.59381192103598,-1.174691685837665,1.7807113267722143,13.1322536639978,2,2,1.0,180-9,24,18.503591013686105
4.516666666666656,SPH_JUNCTION_REGION,180,180-3,1,35.27535545218086,3.998149037455357,35.5012098104193,6.4663737739775415,0.0,0.0,0,0,1.0,180-3,45,-15.655743276393892
4.516666666666656,SPH_JUNCTION_REGION,180,180-5,1,54.265413324697775,-78.97808729223564,95.8241793893393,-55.50725461693145,0.0,0.0,0,0,1.0,180-5,35,-3.8754847722086083
4.516666666666656,SPH_JUNCTION_REGION,180,180-11,1,54.84881462602542,3.9903843182489855,54.99377812887043,4.161075875455964,0.0,0.0,0,0,1.0,180-11,6,-6.254231579187675
4.516666666666656,SPH_JUNCTION_REGION,180,180-3,1,77.30427835370278,4.0232029480164,77.40889880206079,2.979198218767991,0.0,0.0,0,0,1.0,180-3,45,-0.4337523979336311
4.516666666666656,SPH_JUNCTION_REGION,180,180-9,1,188.07368891356043,-30.37762573170786,190.51118761545325,-9.175161631994214,0.0,0.0,1,1,1.0,180-9,24,23.438638865066252
4.516666666666656,SPH_JUNCTION_REGION,180,180-13,1,164.07179978351576,11.663363645548909,164.48583384513813,4.066142136312849,0.0,0.0,0,1,0.0,,1,
4.516666666666656,SPH_JUNCTION_REGION,180,180-9,1,148.09582988919306,29.98519595513014,151.10091597020966,11.4460317857853,0.0,0.0,0,1,1.0,180-9,24,8.963910449031971
4.516666666666656,SPH_JUNCTION_REGION,180,180-3,1,138.182177375149,45.838434342357615,145.5866621881818,18.351955107510058,0.0,0.0,0,1,1.0,180-3,45,9.475470537653905
4.516666666666656,SPH_JUNCTION_REGION,180,180-12,1,157.76757057026708,-96.58138932501959,184.98262374502966,-31.473933386615414,0.0,0.0,0,1,1.0,180-12,24,12.122904346281587
4.616666666666656,SPH_JUNCTION_REGION,90,90-1,106,69.03109825397091,-37.42203028656739,78.5219770313901,-28.462295583718788,45.74095991361679,280.6886751364638,6,25,0.9813084112149533,90-1,46,14.383943422893992
4.616666666666656,SPH_JUNCTION_REGION,120,120-1,77,43.45509720840096,-23.07694897504773,49.20255122845291,-27.970659734940963,52.30254725461068,218.832213294296,1,7,0.987012987012987,120-1,46,1.6449485517897955
4.616666666666656,SPH_JUNCTION_REGION,120,120-1,12,117.65564303497189,-118.0334071639151,166.65753971751562,-45.091834014719744,6.403897144294966,75.1863902284337,1,6,1.0,120-1,46,13.452922914999306
4.616666666666656,SPH_JUNCTION_REGION,120,120-1,6,185.8787857756386,-26.298403614766997,187.72993643559073,-8.052843605568828,5.984836707230305,61.27694477986442,3,6,0.75,120-1,46,14.348072582737927
4.616666666666656,SPH_JUNCTION_REGION,120,120-1,1,171.419265672885,-83.63173701724708,190.73235719288192,-26.006743124348425,0.0,0.0,0,1,0.125,120-1,46,44.37228015564983
4.616666666666656,SPH_JUNCTION_REGION,120,120-1,1,184.47509317870015,-72.41847878645248,198.1804633989788,-21.433238027668608,0.0,0.0,1,1,0.125,120-1,46,118.8533422166185
4.616666666666656,SPH_JUNCTION_REGION,150,150-1,59,21.596197983406064,-38.41946799416552,44.07324912339889,-60.65896221144481,49.299588930221596,119.4522026032138,0,0,0.9830508474576272,150-1,46,-5.520132253443819
4.616666666666656,SPH_JUNCTION_REGION,150,150-1,12,117.65564303497189,-118.0334071639151,166.65753971751562,-45.091834014719744,6.403897144294966,75.1863902284337,1,6,1.0,150-1,46,13.452922914999306
4.616666666666656,SPH_JUNCTION_REGION,150,150-1,9,110.16176939415719,47.32433990096498,119.89665793137661,23.24785235208022,5.407460523338294,57.596415568989734,1,3,1.0,150-1,46,7.971669179124916
4.616666666666656,SPH_JUNCTION_REGION,150,150-1,3,188.9552952384014,-43.75840764606341,193.95592756693594,-13.038754223007025,3.1839322279631888,26.733358378704484,1,3,0.6,150-1,46,23.621588466902494
4.616666666666656,SPH_JUNCTION_REGION,150,150-1,3,156.43676019703847,22.311899469516632,158.01987469582278,8.117105386093852,3.048987054992985,24.42938557972093,0,3,1.0,150-1,46,6.878379093554656
4.616666666666656,SPH_JUNCTION_REGION,150,150-1,2,182.25932673204207,-3.2336105251179337,182.28800952845313,-1.0164242520551514,1.9324873241812015,14.131533623871908,2,2,1.0,150-1,46,16.94197607417152
4.616666666666656,SPH_JUNCTION_REGION,150,150-1,1,171.419265672885,-83.63173701724708,190.73235719288192,-26.006743124348425,0.0,0.0,0,1,0.2,150-1,46,-8.614115273637708
4.616666666666656,SPH_JUNCTION_REGION,150,150-1,1,184.47509317870015,-72.41847878645248,198.1804633989788,-21.433238027668608,0.0,0.0,1,1,0.2,150-1,46,65.86694678733096
4.616666666666656,SPH_JUNCTION_REGION,180,180-1,34,0.9438433296933674,-37.79987499170293,37.811656795482726,-88.56965122990825,50.958080880160786,76.02210773568198,0,0,0.9444444444444444,180-1,46,-0.17218778085307918
4.616666666666656,SPH_JUNCTION_REGION,180,180-2,6,118.32337644579256,-131.19056715886015,176.66744557217137,-47.95207244167573,4.921379441250857,49.01972390474622,1,4,0.75,180-2,46,82.02639047728724
4.616666666666656,SPH_JUNCTION_REGION,180,180-3,5,105.390139835636,53.97130761572013,118.40601175753535,27.117423829823025,3.245667435938451,34.69120614192339,1,1,1.0,180-3,46,9.007595746073775
4.616666666666656,SPH_JUNCTION_REGION,180,180-5,2,28.88783342253104,-78.40063606022957,83.55337608078126,-69.77296017343681,2.8488318782898077,9.390153683070132,0,0,1.0,180-5,36,-4.990160962760939
4.616666666666656,SPH_JUNCTION_REGION,180,180-5,2,75.63962605423839,-79.0032631675009,109.37489940904368,-46.24604388424398,1.9718852551728219,10.416921510784013,0,0,1.0,180-5,36,-1.3098401749812183
4.616666666666656,SPH_JUNCTION_REGION,180,180-2,2,98.50151132232094,-102.09923966049914,141.8689623280348,-46.02747647447086,1.9563288153073763,13.93041006146584,0,0,0.1111111111111111,180-2,46,-265.95844196407853
4.616666666666656,SPH_JUNCTION_REGION,180,180-9,2,182.25932673204207,-3.2336105251179337,182.28800952845313,-1.0164242520551514,1.9324873241812015,14.131533623871908,2,2,1.0,180-9,25,16.94197607417152
4.616666666666656,SPH_JUNCTION_REGION,180,180-3,1,33.77182644147549,3.9828559453699826,34.00587306149795,6.726068013506685,0.0,0.0,0,0,1.0,180-3,46,-14.953367489213463
4.616666666666656,SPH_JUNCTION_REGION,180,180-5,1,53.600055458488384,-79.00138180834603,95.4682369837272,-55.844290809203535,0.0,0.0,0,0,1.0,180-5,36,-3.5594240561211166
4.616666666666656,SPH_JUNCTION_REGION,180,180-11,1,54.288248484369994,3.966841797274939,54.432984093702856,4.179174771820131,0.0,0.0,0,0,1.0,180-11,7,-5.607940351675751
4.616666666666656,SPH_JUNCTION_REGION,180,180-3,1,77.19259529306447,3.9901122909810067,77.29565165113415,2.9590054073620466,0.0,0.0,0,0,1.0,180-3,46,-1.132471509266395
4.616666666666656,SPH_JUNCTION_REGION,180,180-2,1,187.94225991887916,-57.247921657311636,196.46785385272884,-16.94093363584988,0.0,0.0,0,1,0.3333333333333333,180-2,46,31.7692468930548
4.616666666666656,SPH_JUNCTION_REGION,180,180-9,1,190.20082407710603,-30.610141379153657,192.64821368199088,-9.142554075982234,0.0,0.0,1,1,1.0,180-9,25,21.370260665376293
4.616666666666656,SPH_JUNCTION_REGION,180,180-13,1,164.509561512041,12.901793771580422,165.01470271284433,4.484288609507744,0.0,0.0,0,1,1.0,180-13,2,5.288688677061941
4.616666666666656,SPH_JUNCTION_REGION,180,180-9,1,148.6269987891012,31.46355772748075,151.92083541741732,11.952748917770021,0.0,0.0,0,1,1.0,180-9,25,8.19919447207667
4.616666666666656,SPH_JUNCTION_REGION,180,180-3,1,138.54185242809595,47.54509440037251,146.47314045840844,18.941306900893196,0.0,0.0,0,1,1.0,180-3,46,8.864782702266325
4.616666666666656,SPH_JUNCTION_REGION,180,180-12,1,157.97100451074243,-98.39649349786256,186.10939846984598,-31.917825933261923,0.0,0.0,0,1,1.0,180-12,25,11.267747248163289
4.616666666666656,SPH_JUNCTION_REGION,180,180-2,1,171.419265672885,-83.63173701724708,190.73235719288192,-26.006743124348425,0.0,0.0,0,1,0.3333333333333333,180-2,46,-25.585719705414363
4.616666666666656,SPH_JUNCTION_REGION,180,180-2,1,184.47509317870015,-72.41847878645248,198.1804633989788,-21.433238027668608,0.0,0.0,1,1,0.3333333333333333,180-2,46,48.895342355554305
4.716666666666655,SPH_JUNCTION_REGION,90,90-1,105,69.57043537457722,-37.915993481014816,79.23173631734056,-28.590451495183245,41.09637468977156,284.3559769924772,5,25,0.9905660377358491,90-1,47,7.097592859504687
4.716666666666655,SPH_JUNCTION_REGION,120,120-1,92,56.220652425999134,-37.67464072993868,67.67673391450681,-33.82687045057272,42.50104817599637,270.69629746925295,2,15,0.8369565217391305,120-1,47,184.741826860539
4.716666666666655,SPH_JUNCTION_REGION,120,120-1,6,187.67758189585552,-26.74901177114781,189.57421865066084,-8.111530825960005,5.986044979070311,62.06917873580826,2,6,1.0,120-1,47,18.44282215070109
4.716666666666655,SPH_JUNCTION_REGION,120,120-1,1,185.6574052945777,-72.89978227584484,199.45688856637835,-21.437828914950146,0.0,0.0,1,1,1.0,120-1,47,12.764251673995659
4.716666666666655,SPH_JUNCTION_REGION,150,150-1,58,20.160565911823102,-37.783264049225366,42.82550011498348,-61.9163081399507,39.547427839975164,117.03375440886353,0,0,0.9830508474576272,150-1,47,-12.477490084154113
4.716666666666655,SPH_JUNCTION_REGION,150,150-1,12,117.47451620395215,-119.92224471929698,167.87378215751133,-45.5907390785981,6.3744300763933035,75.68802767754505,1,6,1.0,150-1,47,12.162424399957104
4.716666666666655,SPH_JUNCTION_REGION,150,150-1,9,110.45872084398019,48.499561914532386,120.63721033076777,23.705033151202386,5.43565719946211,58.08026276381877,1,3,1.0,150-1,47,7.405523993911629
4.716666666666655,SPH_JUNCTION_REGION,150,150-1,3,190.7679700153542,-44.35834007325655,195.8572968205008,-13.090096802551292,3.1301014579956847,26.52536884128071,1,3,1.0,150-1,47,19.01369253564866
4.716666666666655,SPH_JUNCTION_REGION,150,150-1,3,156.93383213888163,23.209971042226414,158.6408851008329,8.412862122304302,3.100262534952001,24.62504777620287,0,3,1.0,150-1,47,6.210104050101108
4.716666666666655,SPH_JUNCTION_REGION,150,150-1,2,183.85496121335723,-3.4022049941042924,183.8864371333215,-1.060127724471074,2.054753949771266,14.877906612832781,1,2,1.0,150-1,47,15.984276048683626
4.716666666666655,SPH_JUNCTION_REGION,150,150-1,1,171.1704356538272,-85.55758808244839,191.36201012846547,-26.55765190884815,0.0,0.0,0,1,1.0,150-1,47,6.296529355835503
4.716666666666655,SPH_JUNCTION_REGION,150,150-1,1,185.6574052945777,-72.89978227584484,199.45688856637835,-21.437828914950146,0.0,0.0,1,1,1.0,150-1,47,12.764251673995659
4.716666666666655,SPH_JUNCTION_REGION,180,180-1,33,0.6187002737992261,-36.6565027893832,36.66172372893639,-89.03303517390492,29.329091681957014,76.05850848216016,0,0,0.9705882352941176,180-1,47,-11.49933066546339
4.716666666666655,SPH_JUNCTION_REGION,180,180-2,6,118.18969907284315,-133.1484146239208,178.03737046977733,-48.40601523131175,4.880524404793095,49.26120614236853,1,4,1.0,180-2,47,13.69924897605955
4.716666666666655,SPH_JUNCTION_REGION,180,180-3,5,105.69530137490395,55.21876440850029,119.25019360794863,27.58407376970408,3.316964219494253,35.388867042154104,1,1,1.0,180-3,47,8.441818504132783
4.716666666666655,SPH_JUNCTION_REGION,180,180-5,4,38.269932968648995,-78.83731375571352,87.63509462333971,-64.10671042566659,6.782312971074195,30.11946613925333,0,0,0.5,180-5,37,40.81718542558448
4.716666666666655,SPH_JUNCTION_REGION,180,180-13,3,156.93383213888163,23.209971042226414,158.6408851008329,8.412862122304302,3.100262534952001,24.62504777620287,0,3,0.3333333333333333,180-13,3,-63.73817612011436
4.716666666666655,SPH_JUNCTION_REGION,180,180-5,2,75.21828326463724,-79.23270601400642,109.2502258102068,-46.488871697122796,2.0101778415585514,10.59473338886938,0,0,1.0,180-5,37,-1.2467359883687834
4.716666666666655,SPH_JUNCTION_REGION,180,180-9,2,183.85496121335723,-3.4022049941042924,183.8864371333215,-1.060127724471074,2.054753949771266,14.877906612832781,1,2,1.0,180-9,26,15.984276048683626
4.716666666666655,SPH_JUNCTION_REGION,180,180-3,1,32.46942349720414,3.8838248933133377,32.70088008055307,6.8210176431587435,0.0,0.0,0,0,1.0,180-3,47,-13.049929809448813
4.716666666666655,SPH_JUNCTION_REGION,180,180-11,1,53.76600125910644,3.8030625593236844,53.9003355854522,4.045997742902535,0.0,0.0,0,0,1.0,180-11,8,-5.3264850825065935
4.716666666666655,SPH_JUNCTION_REGION,180,180-3,1,77.02211446745761,3.755561022744776,77.11361978038447,2.7915036210460373,0.0,0.0,0,0,1.0,180-3,47,-1.8203187074968241
4.716666666666655,SPH_JUNCTION_REGION,180,180-2,1,98.15911538185354,-110.90201972266371,148.10290311507782,-48.48803452469057,0.0,0.0,0,0,0.5,180-2,47,62.33940787043025
4.716666666666655,SPH_JUNCTION_REGION,180,180-2,1,189.69650100690427,-57.74201594582027,198.28994654230405,-16.929806952451255,0.0,0.0,0,1,1.0,180-2,47,18.220926895752143
4.716666666666655,SPH_JUNCTION_REGION,180,180-9,1,192.02076141991657,-31.318673884330597,194.5580431392071,-9.263401589907224,0.0,0.0,1,1,1.0,180-9,26,19.098294572162047
4.716666666666655,SPH_JUNCTION_REGION,180,180-3,1,139.0002351124169,48.73004019370551,147.2945422566204,19.319402715708026,0.0,0.0,0,1,1.0,180-3,47,8.214017982119515
4.716666666666655,SPH_JUNCTION_REGION,180,180-12,1,157.84429034670106,-100.49564792810483,187.1208038876043,-32.48392296281856,0.0,0.0,0,1,1.0,180-12,26,10.114054177583114
4.716666666666655,SPH_JUNCTION_REGION,180,180-2,1,171.1704356538272,-85.55758808244839,191.36201012846547,-26.55765190884815,0.0,0.0,0,1,1.0,180-2,47,6.296529355835503
4.716666666666655,SPH_JUNCTION_REGION,180,180-2,1,185.6574052945777,-72.89978227584484,199.45688856637835,-21.437828914950146,0.0,0.0,1,1,1.0,180-2,47,12.764251673995659
4.816666666666655,SPH_JUNCTION_REGION,90,90-1,107,71.72544501305256,-37.9472365655435,81.145130631984,-27.88163407931491,41.03400149015498,287.6574664309251,5,26,0.9813084112149533,90-1,48,19.133943146434405
4.816666666666655,SPH_JUNCTION_REGION,120,120-1,94,58.81022878145576,-38.492666065640556,70.28746936807502,-33.20568238062633,42.28887446138431,283.0839542944211,3,16,0.9787234042553191,120-1,48,26.107354535682106
4.816666666666655,SPH_JUNCTION_REGION,120,120-1,5,190.80541867009595,-32.92166341476583,193.62474975029852,-9.78945738833323,4.813410205994293,47.858002906804224,2,5,0.8333333333333334,120-1,48,40.50531099637681
4.816666666666655,SPH_JUNCTION_REGION,120,120-1,1,181.2809215815349,3.6542009880720525,181.31774792973752,1.154793021064059,0.0,0.0,0,1,0.16666666666666666,120-1,48,-82.56470720923318
4.816666666666655,SPH_JUNCTION_REGION,150,150-1,58,19.9574817526972,-37.795787269618806,42.741345477646355,-62.164397799987526,39.59179299885576,117.00983374335355,0,0,1.0,150-1,48,-0.8415463733712159
4.816666666666655,SPH_JUNCTION_REGION,150,150-1,12,117.55695077869069,-121.36189312535156,168.9625573295834,-45.91239646973835,6.3401409943243605,76.04335168850268,1,5,1.0,150-1,48,10.887751720720757
4.816666666666655,SPH_JUNCTION_REGION,150,150-1,9,110.64036368618628,49.77570697815604,121.32151945053614,24.222380628592294,5.50569648868335,58.7756787003492,1,3,1.0,150-1,48,6.843091197683719
4.816666666666655,SPH_JUNCTION_REGION,150,150-1,3,192.46164175818714,-44.49941922189992,197.53906413502915,-13.018694383170851,3.079101154901524,26.29481233902794,1,3,1.0,150-1,48,16.817673145283436
4.816666666666655,SPH_JUNCTION_REGION,150,150-1,3,157.32304192189983,24.339113447380736,159.1946354716902,8.79438739874359,3.148300084433709,24.817996085027133,0,3,1.0,150-1,48,5.537503708573013
4.816666666666655,SPH_JUNCTION_REGION,150,150-1,1,188.59358832098988,-10.228954257437088,188.87078403233187,-3.1045711850245237,0.0,0.0,1,1,0.5,150-1,48,49.84346899010376
4.816666666666655,SPH_JUNCTION_REGION,150,150-1,1,181.2809215815349,3.6542009880720525,181.31774792973752,1.154793021064059,0.0,0.0,0,1,0.5,150-1,48,-25.68689203583972
4.816666666666655,SPH_JUNCTION_REGION,150,150-1,1,171.1226487606081,-86.9578905419086,191.94956537159703,-26.93791055714275,0.0,0.0,0,1,1.0,150-1,48,5.875552431315612
4.816666666666655,SPH_JUNCTION_REGION,150,150-1,1,186.8610065858467,-72.92280879581885,200.5860708647223,-21.31829555496923,0.0,0.0,1,1,1.0,150-1,48,11.291822983439488
4.816666666666655,SPH_JUNCTION_REGION,180,180-1,32,0.3630621444922653,-37.80154675991096,37.80329022138812,-89.44972386650436,26.203875544899145,75.82504270473633,0,0,0.9696969696969697,180-1,48,11.415664924517301
4.816666666666655,SPH_JUNCTION_REGION,180,180-2,6,118.35240969897863,-134.61099805127256,179.24121645959278,-48.67748420204074,4.8347086955909155,49.453700063688544,1,3,1.0,180-2,48,12.038459898154485
4.816666666666655,SPH_JUNCTION_REGION,180,180-3,5,105.8770087421004,56.61926379163312,120.06532393860161,28.136288898221018,3.392605706097243,36.12190871300395,1,1,1.0,180-3,48,8.151303306529769
4.816666666666655,SPH_JUNCTION_REGION,180,180-5,4,37.49999914730691,-78.88820223783345,87.34757230951145,-64.57563063570484,6.87782155640352,30.204215360179862,0,0,1.0,180-5,38,-2.875223138282621
4.816666666666655,SPH_JUNCTION_REGION,180,180-13,3,157.32304192189983,24.339113447380736,159.1946354716902,8.79438739874359,3.148300084433709,24.817996085027133,0,3,1.0,180-13,4,5.537503708573013
4.816666666666655,SPH_JUNCTION_REGION,180,180-3,2,38.43046209048415,3.8409155591820574,38.62192445775982,5.707447996479811,1.1203940417182086,14.18377260590026,0,0,0.5,180-3,48,59.21044377206748
4.816666666666655,SPH_JUNCTION_REGION,180,180-5,2,74.98963121500474,-79.28299646588043,109.12945669419976,-46.59411449475951,2.0347418627283,10.700339364064106,0,0,1.0,180-5,38,-1.2076911600703966
4.816666666666655,SPH_JUNCTION_REGION,180,180-3,1,76.82189008665117,3.7041296978927756,76.91113946174718,2.7604990716760636,0.0,0.0,0,0,1.0,180-3,48,-2.02480318637285
4.816666666666655,SPH_JUNCTION_REGION,180,180-2,1,98.07933384335848,-112.26606351838541,149.0745610259212,-48.85846617945944,0.0,0.0,0,0,1.0,180-2,48,9.716579108433905
4.816666666666655,SPH_JUNCTION_REGION,180,180-2,1,191.32374643116148,-57.750900587778446,199.84979976761258,-16.796392499166902,0.0,0.0,0,1,1.0,180-2,48,15.598532253085295
4.816666666666655,SPH_JUNCTION_REGION,180,180-9,1,193.7101218773397,-31.564599432888823,196.26496186301958,-9.254870274512957,0.0,0.0,1,1,1.0,180-9,27,17.069187238124925
4.816666666666655,SPH_JUNCTION_REGION,180,180-9,1,188.59358832098988,-10.228954257437088,188.87078403233187,-3.1045711850245237,0.0,0.0,1,1,0.5,180-9,27,49.84346899010376
4.816666666666655,SPH_JUNCTION_REGION,180,180-9,1,181.2809215815349,3.6542009880720525,181.31774792973752,1.154793021064059,0.0,0.0,0,1,0.5,180-9,27,-25.68689203583972
4.816666666666655,SPH_JUNCTION_REGION,180,180-3,1,139.31655877565262,50.11145236311741,148.05492631800826,19.783398304751024,0.0,0.0,0,1,1.0,180-3,48,7.603840613878674
4.816666666666655,SPH_JUNCTION_REGION,180,180-12,1,157.90347035113632,-102.04929872629131,188.0094819934889,-32.87363543214504,0.0,0.0,0,1,1.0,180-12,27,8.88678105884594
4.816666666666655,SPH_JUNCTION_REGION,180,180-2,1,171.1226487606081,-86.9578905419086,191.94956537159703,-26.93791055714275,0.0,0.0,0,1,1.0,180-2,48,5.875552431315612
4.816666666666655,SPH_JUNCTION_REGION,180,180-2,1,186.8610065858467,-72.92280879581885,200.5860708647223,-21.31829555496923,0.0,0.0,1,1,1.0,180-2,48,11.291822983439488
4.9166666666666545,SPH_JUNCTION_REGION,90,90-1,106,71.41431775164172,-38.60841486064735,81.18259960104939,-28.39679486739783,41.1932417309471,290.8298182864796,5,26,0.9722222222222222,90-1,49,0.3746896906538666
4.9166666666666545,SPH_JUNCTION_REGION,120,120-1,95,60.728891609458294,-38.366610160035144,71.83310553836195,-32.283413681250096,42.4140202287428,285.9451915622557,4,18,0.96875,120-1,49,15.456361702869259
4.9166666666666545,SPH_JUNCTION_REGION,120,120-1,5,192.16589585190627,-33.9883202853377,195.14850100470767,-10.030153903547625,4.753938565774767,47.62505338464327,1,5,1.0,120-1,49,15.237512544091487
4.9166666666666545,SPH_JUNCTION_REGION,150,150-1,58,19.60529275175887,-37.8982655558425,42.66902900258368,-62.64685432569347,39.636895808063024,117.43523648611395,0,0,1.0,150-1,49,-0.7231647506267791
4.9166666666666545,SPH_JUNCTION_REGION,150,150-1,12,117.06979670341856,-123.19212059738148,169.94597929183124,-46.4596879489288,6.304958210921425,76.56824011691316,1,5,1.0,150-1,49,9.834219622478315
4.9166666666666545,SPH_JUNCTION_REGION,150,150-1,9,111.04978163411516,50.4252045316828,121.9621058076922,24.421728958445943,5.5683783463306575,59.51532341997695,1,3,1.0,150-1,49,6.4058635715605305
4.9166666666666545,SPH_JUNCTION_REGION,150,150-1,5,192.16589585190627,-33.9883202853377,195.14850100470767,-10.030153903547625,4.753938565774767,47.62505338464327,1,5,0.6,150-1,49,-23.905631303214818
4.9166666666666545,SPH_JUNCTION_REGION,150,150-1,3,157.77286207535005,24.61818730501193,159.68196878054854,8.86866875969873,3.176491124322048,24.91222438959222,0,3,1.0,150-1,49,4.873333088583536
4.9166666666666545,SPH_JUNCTION_REGION,150,150-1,1,181.41450928902918,3.0249779084223998,181.43972738054282,0.9552841596349171,0.0,0.0,1,1,1.0,150-1,49,1.2197945080529848
4.9166666666666545,SPH_JUNCTION_REGION,150,150-1,1,170.7159599249548,-88.92490092401869,192.48786189639418,-27.514731958683882,0.0,0.0,0,1,1.0,150-1,49,5.38296524797147
4.9166666666666545,SPH_JUNCTION_REGION,150,150-1,1,187.73908758966965,-73.80160283194677,201.72417205076357,-21.460151087759026,0.0,0.0,1,1,1.0,150-1,49,11.381011860412684
4.9166666666666545,SPH_JUNCTION_REGION,180,180-1,32,0.1666558398041098,-37.802922868391505,37.80329022138812,-89.74741068499864,26.232870149948724,75.88013549634553,0,0,1.0,180-1,49,0.0
4.9166666666666545,SPH_JUNCTION_REGION,180,180-2,10,120.96469236582175,-127.30864296455805,175.61306150920328,-46.463719481613396,6.889025682994619,73.41494820936256,1,5,0.6,180-2,49,-36.28154950389501
4.9166666666666545,SPH_JUNCTION_REGION,180,180-3,5,106.32783030513151,57.454345296291265,120.85780608145387,28.384612752520642,3.3885520697352423,36.543797813573,1,1,1.0,180-3,49,7.924821428522648
4.9166666666666545,SPH_JUNCTION_REGION,180,180-5,4,36.478073411032796,-79.11464970173826,87.11932987121429,-65.24658348069282,6.813016330647855,29.66131796418963,0,0,1.0,180-5,39,-2.282424382971584
4.9166666666666545,SPH_JUNCTION_REGION,180,180-13,3,157.77286207535005,24.61818730501193,159.68196878054854,8.86866875969873,3.176491124322048,24.91222438959222,0,3,1.0,180-13,5,4.873333088583536
4.9166666666666545,SPH_JUNCTION_REGION,180,180-3,2,37.59819419224521,3.6486772864958494,37.77482034978819,5.542852270038866,1.18774140657883,14.34951013302959,0,0,1.0,180-3,49,-8.471041079716244
4.9166666666666545,SPH_JUNCTION_REGION,180,180-5,2,74.45141360452462,-79.67044121492336,109.04307493414036,-46.93946559593671,2.056202008208416,10.79593079738251,0,0,1.0,180-5,39,-0.8638176005939613
4.9166666666666545,SPH_JUNCTION_REGION,180,180-3,1,76.68030887561812,3.3063483372901223,76.75155834631438,2.4689850082244345,0.0,0.0,0,0,1.0,180-3,49,-1.595811154328004
4.9166666666666545,SPH_JUNCTION_REGION,180,180-2,1,192.47771210661662,-58.6311792937039,201.20955455238214,-16.94140809751106,0.0,0.0,0,1,1.0,180-2,49,13.597547847695637
4.9166666666666545,SPH_JUNCTION_REGION,180,180-9,1,195.07320096749035,-32.6995343296712,197.79487678168064,-9.515849471649611,0.0,0.0,1,1,1.0,180-9,28,15.299149186610634
4.9166666666666545,SPH_JUNCTION_REGION,180,180-9,1,189.81224727260775,-11.307285314376195,190.1487415573879,-3.409131980372983,0.0,0.0,0,1,1.0,180-9,28,12.779575250560242
4.9166666666666545,SPH_JUNCTION_REGION,180,180-9,1,181.41450928902918,3.0249779084223998,181.43972738054282,0.9552841596349171,0.0,0.0,1,1,1.0,180-9,28,1.2197945080529848
4.9166666666666545,SPH_JUNCTION_REGION,180,180-3,1,139.83468290959138,50.74627612372329,148.75793452737616,19.945932190311154,0.0,0.0,0,1,1.0,180-3,49,7.030082093679084
4.9166666666666545,SPH_JUNCTION_REGION,180,180-2,1,170.7159599249548,-88.92490092401869,192.48786189639418,-27.514731958683882,0.0,0.0,0,1,1.0,180-2,49,5.38296524797147
4.9166666666666545,SPH_JUNCTION_REGION,180,180-2,1,187.73908758966965,-73.80160283194677,201.72417205076357,-21.460151087759026,0.0,0.0,1,1,1.0,180-2,49,11.381011860412684
5.016666666666654,SPH_JUNCTION_REGION,90,90-1,109,73.19102961590166,-39.63118861257576,83.2319525607885,-28.43448331643767,40.98971810431438,293.8803104755221,3,28,0.9724770642201835,90-1,50,20.493529597391102
5.016666666666654,SPH_JUNCTION_REGION,120,120-1,95,60.28435607878101,-39.048518587178044,71.82611218551683,-32.93269772236082,42.54125655983632,288.6290801621407,3,18,1.0,120-1,50,-0.06993352845114487
5.016666666666654,SPH_JUNCTION_REGION,120,120-1,5,193.13120095436858,-36.24871506974229,196.50351174033523,-10.630148455788172,4.6920503106640705,47.36566795927672,0,5,1.0,120-1,50,13.55010735627559
5.016666666666654,SPH_JUNCTION_REGION,150,150-1,58,19.02566400584972,-38.113079404399244,42.59791911055665,-63.47209345260502,39.68877364700827,118.47725072712377,0,0,1.0,150-1,50,-0.7110989202702456
5.016666666666654,SPH_JUNCTION_REGION,150,150-1,12,115.80831047905461,-125.59964208723419,170.8415490109313,-47.322602250456704,6.269870119488937,77.12185112726735,1,5,1.0,150-1,50,8.955697191000525
5.016666666666654,SPH_JUNCTION_REGION,150,150-1,9,111.77151631318647,50.29015375840772,122.56415227950299,24.224749024311617,5.597100021122393,60.28882899604481,1,3,1.0,150-1,50,6.020464718107945
5.016666666666654,SPH_JUNCTION_REGION,150,150-1,5,193.13120095436858,-36.24871506974229,196.50351174033523,-10.630148455788172,4.6920503106640705,47.36566795927672,0,5,1.0,150-1,50,13.55010735627559
5.016666666666654,SPH_JUNCTION_REGION,150,150-1,3,158.32223401612586,23.802965024949042,160.1015644140802,8.550099800357994,3.1848086376526283,24.884026148719276,0,3,1.0,150-1,50,4.195956335316566
5.016666666666654,SPH_JUNCTION_REGION,150,150-1,1,181.51196181681615,1.292138720246073,181.51656096638038,0.40786758025698044,0.0,0.0,0,1,1.0,150-1,50,0.7683358583756217
5.016666666666654,SPH_JUNCTION_REGION,150,150-1,1,169.78691921054363,-91.76127933877292,192.99671064786565,-28.38898870780518,0.0,0.0,0,1,1.0,150-1,50,5.088487514714757
5.016666666666654,SPH_JUNCTION_REGION,150,150-1,1,188.1784192864743,-75.79246003942298,202.8684659674432,-21.9380546234704,0.0,0.0,1,1,1.0,150-1,50,11.442939166796293
5.016666666666654,SPH_JUNCTION_REGION,180,180-1,32,-0.2558099678126173,-37.80242469502275,37.80329022138812,-90.38771607674546,26.29547308990913,75.9984595057098,0,0,1.0,180-1,50,0.0
5.016666666666654,SPH_JUNCTION_REGION,180,180-2,8,125.58024323666086,-132.21768739543643,182.35107444590574,-46.474851009998865,7.358712945374684,73.4349085602212,1,5,0.8,180-2,50,67.38012936702461
5.016666666666654,SPH_JUNCTION_REGION,180,180-3,5,107.14713595890967,57.48690925225681,121.5946276756267,28.214583985471208,3.3390534483879,36.81836675191508,1,1,1.0,180-3,50,7.368215941728238
5.016666666666654,SPH_JUNCTION_REGION,180,180-5,4,34.973419561786955,-79.54783407320281,86.89647853384271,-66.26717919050931,6.684645831826584,28.91334186612983,0,0,1.0,180-5,40,-2.228513373715799
5.016666666666654,SPH_JUNCTION_REGION,180,180-2,3,194.61685210675807,-47.72623281795064,200.38341354248104,-13.778826857401965,2.9858554680293623,25.81567127724227,0,3,0.3333333333333333,180-2,50,-8.261410099011073
5.016666666666654,SPH_JUNCTION_REGION,180,180-13,3,158.32223401612586,23.802965024949042,160.1015644140802,8.550099800357994,3.1848086376526283,24.884026148719276,0,3,1.0,180-13,6,4.195956335316566
5.016666666666654,SPH_JUNCTION_REGION,180,180-3,2,36.82914508896367,3.2444017779223113,36.971773975298,5.034379469324837,1.2166099676533606,14.077854294108953,0,0,1.0,180-3,50,-8.030463744901937
5.016666666666654,SPH_JUNCTION_REGION,180,180-5,2,73.44599483642648,-80.49527135084418,108.96698062880526,-47.621856039172734,2.076834481068559,10.888896332058252,0,0,1.0,180-5,40,-0.760943053351042
5.016666666666654,SPH_JUNCTION_REGION,180,180-3,1,76.59256561383906,2.451617402692114,76.63179193519765,1.8333292098785863,0.0,0.0,0,0,1.0,180-3,50,-1.1976641111672848
5.016666666666654,SPH_JUNCTION_REGION,180,180-2,1,96.18881595861295,-115.83742301711976,150.56758245640745,-50.29451489346731,0.0,0.0,0,0,0.1,180-2,50,-250.45479052795827
5.016666666666654,SPH_JUNCTION_REGION,180,180-9,1,190.7695713809649,-13.615499979553553,191.25483315349257,-4.082360280648856,0.0,0.0,0,1,1.0,180-9,29,11.06091596104676
5.016666666666654,SPH_JUNCTION_REGION,180,180-9,1,181.51196181681615,1.292138720246073,181.51656096638038,0.40786758025698044,0.0,0.0,0,1,1.0,180-9,29,0.7683358583756217
5.016666666666654,SPH_JUNCTION_REGION,180,180-3,1,140.6379929815944,50.42224562557099,149.40364093226245,19.724029307797277,0.0,0.0,0,1,1.0,180-3,50,6.457064048862833
5.016666666666654,SPH_JUNCTION_REGION,180,180-2,1,169.78691921054363,-91.76127933877292,192.99671064786565,-28.38898870780518,0.0,0.0,0,1,1.0,180-2,50,5.088487514714757
5.016666666666654,SPH_JUNCTION_REGION,180,180-2,1,188.1784192864743,-75.79246003942298,202.8684659674432,-21.9380546234704,0.0,0.0,1,1,1.0,180-2,50,11.442939166796293
5.116666666666654,SPH_JUNCTION_REGION,90,90-1,109,73.1296978056817,-39.929790902012,83.3207111265184,-28.635129270800878,41.09973968978829,296.39669445084206,3,28,1.0,90-1,51,0.8875856572990415
5.116666666666654,SPH_JUNCTION_REGION,120,120-1,101,67.9544177496414,-38.88922029283659,78.29542992204303,-29.781811896815192,42.095249746151296,296.39669445084206,3,24,0.9405940594059405,120-1,51,64.69317736526193
5.116666666666654,SPH_JUNCTION_REGION,150,150-1,59,19.831285056857997,-38.91390009970152,43.67575400580864,-62.99571890751889,39.43527921546284,120.50995271369132,0,0,0.9830508474576272,150-1,51,10.778348952519892
5.116666666666654,SPH_JUNCTION_REGION,150,150-1,12,115.41390027880436,-127.0590912226648,171.6519182528854,-47.74961759979209,6.232535849996775,77.39471999954708,1,5,1.0,150-1,51,8.103692419541062
5.116666666666654,SPH_JUNCTION_REGION,150,150-1,9,112.14093813452799,50.82728704276989,123.12190346896102,24.382158878398943,5.58532838001674,60.834278089291786,1,3,1.0,150-1,51,5.5775118945803115
5.116666666666654,SPH_JUNCTION_REGION,150,150-1,5,194.1749252518511,-37.15906445887246,197.69850193671323,-10.833653923816659,4.631127436966073,47.08315218466138,0,5,1.0,150-1,51,11.949901963780007
5.116666666666654,SPH_JUNCTION_REGION,150,150-1,3,179.15157881185834,-83.82126234211212,197.79103167587422,-25.07390680317234,2.8152243748963546,25.852890120666714,1,3,0.3333333333333333,150-1,51,47.94321028008568
5.116666666666654,SPH_JUNCTION_REGION,150,150-1,3,158.65610190981516,23.976224345927363,160.45752711264092,8.593554795660351,3.17737680747245,24.752295832875866,0,3,1.0,150-1,51,3.559626985607167
5.116666666666654,SPH_JUNCTION_REGION,150,150-1,1,181.4562727014627,0.9567403716699783,181.45879492283194,0.3020930420697264,0.0,0.0,0,1,1.0,150-1,51,-0.5776604354844039
5.116666666666654,SPH_JUNCTION_REGION,180,180-1,32,-0.40895729877004716,-37.80107809957648,37.80329022138811,-90.61983981126707,26.31824762537147,76.04128594883741,0,0,1.0,180-1,51,-7.105427357601002e-14
5.116666666666654,SPH_JUNCTION_REGION,180,180-2,8,125.22226628096354,-133.82457013623292,183.27474333548543,-46.90195201918047,7.314323097272894,73.39629378111891,1,5,1.0,180-2,51,9.236688895796874
5.116666666666654,SPH_JUNCTION_REGION,180,180-3,6,106.19802068954904,53.960094628608196,119.12057509392001,26.93550112071396,4.676837660216844,43.89720219784297,1,1,0.8333333333333334,180-3,51,-24.740525817066867
5.116666666666654,SPH_JUNCTION_REGION,180,180-5,4,34.065096227242506,-79.71783674941311,86.6912006894435,-66.86196971103388,6.654718023424327,28.58250774956784,0,0,1.0,180-5,41,-2.052778443992054
5.116666666666654,SPH_JUNCTION_REGION,180,180-2,3,195.6478406885445,-48.56967191491224,201.58643455354903,-13.941861493994121,2.9400222456727816,25.54958521988156,0,3,1.0,180-2,51,12.030210110679889
5.116666666666654,SPH_JUNCTION_REGION,180,180-3,2,36.15014010892122,3.111784548939282,36.28382329597657,4.919862169255625,1.2482708672865563,13.90526904998049,0,0,1.0,180-3,51,-6.879506793214318
5.116666666666654,SPH_JUNCTION_REGION,180,180-5,2,72.97025814631192,-80.78858442089279,108.86438327878922,-47.910867575755205,2.1022140587553686,11.001035080226368,0,0,1.0,180-5,41,-1.0259735001604042
5.116666666666654,SPH_JUNCTION_REGION,180,180-2,2,95.78803237264829,-113.30890789855307,148.37201809972896,-49.789800267230476,0.9924290599904353,7.743425537546451,0,0,0.5,180-2,51,-21.955643566784886
5.116666666666654,SPH_JUNCTION_REGION,180,180-3,1,76.35434089029471,2.14724165217603,76.38452735668507,1.6108510137166934,0.0,0.0,0,0,1.0,180-3,51,-2.4726457851258488
5.116666666666654,SPH_JUNCTION_REGION,180,180-9,1,191.63161409003297,-14.614254286502224,192.18806400789273,-4.361062463488652,0.0,0.0,0,1,1.0,180-9,30,9.332308544001648
5.116666666666654,SPH_JUNCTION_REGION,180,180-9,1,181.4562727014627,0.9567403716699783,181.45879492283194,0.3020930420697264,0.0,0.0,0,1,1.0,180-9,30,-0.5776604354844039
5.116666666666654,SPH_JUNCTION_REGION,180,180-13,1,166.09667511561128,14.173308684132099,166.7002944314035,4.877330057648239,0.0,0.0,0,1,0.3333333333333333,180-13,7,65.98730017323305
5.116666666666654,SPH_JUNCTION_REGION,180,180-13,1,151.21906023922196,33.95544013117398,154.9844382321502,12.655551893068052,0.0,0.0,0,1,0.3333333333333333,180-13,7,-51.1712618192999
5.116666666666654,SPH_JUNCTION_REGION,180,180-3,1,141.06290382426832,50.972034369645144,149.9896367190582,19.866946060412296,0.0,0.0,0,1,1.0,180-3,51,5.8599578679576325
5.116666666666654,SPH_JUNCTION_REGION,180,180-2,1,169.48153499804832,-93.29848980137143,193.46472263570763,-28.832499495420223,0.0,0.0,0,1,1.0,180-2,51,4.6801198784197595
5.116666666666654,SPH_JUNCTION_REGION,180,180-2,1,189.06876543405272,-76.42506894375843,203.93084422375904,-22.009463715515295,0.0,0.0,1,1,1.0,180-2,51,10.623782563158386
5.2166666666666535,SPH_JUNCTION_REGION,90,90-1,109,73.15715834468698,-40.02775021582288,83.39178979018206,-28.685160100139203,41.19541952611859,298.20245791543607,1,28,1.0,90-1,52,0.7107866366365556
5.2166666666666535,SPH_JUNCTION_REGION,120,120-1,78,45.10071366640982,-55.86467950656273,71.79788847584904,-51.085343302843796,35.93233341914655,246.14413417821223,1,9,0.7722772277227723,120-1,52,-64.97541446193992
5.2166666666666535,SPH_JUNCTION_REGION,120,120-1,23,145.42776992914486,18.302279517788676,146.57492862734594,7.173038983117733,14.472543139695672,164.9678448643546,0,15,0.22772277227722773,120-1,52,682.7949870530291
5.2166666666666535,SPH_JUNCTION_REGION,150,150-1,60,20.787804651652063,-38.260817340752766,43.54334582709159,-61.48395434343056,39.889512529923145,123.63301638617799,0,0,0.9833333333333333,150-1,52,-1.324081787170499
5.2166666666666535,SPH_JUNCTION_REGION,150,150-1,12,115.36403539947825,-128.07249957049734,172.37002584523538,-47.98838041032714,6.187544561236321,77.38901690798279,0,5,1.0,150-1,52,7.1810759234998045
5.2166666666666535,SPH_JUNCTION_REGION,150,150-1,10,111.0194591832878,47.729564762297926,120.84465925206665,23.26387065601313,7.243253908817875,70.83479424230944,0,3,0.9,150-1,52,-22.77244216894374
5.2166666666666535,SPH_JUNCTION_REGION,150,150-1,5,195.16691691302373,-37.53523547439555,198.74360205916926,-10.886414883587525,4.572298889721588,46.78587808785188,0,5,1.0,150-1,52,10.451001224560343
5.2166666666666535,SPH_JUNCTION_REGION,150,150-1,3,179.76295578623137,-84.62106775097486,198.68428569043314,-25.208099716317758,2.94432629964008,27.20187541840434,1,3,1.0,150-1,52,8.9325401455892
5.2166666666666535,SPH_JUNCTION_REGION,150,150-1,3,158.88512334756476,24.486584488161498,160.76092572844541,8.761210552649286,3.157018502437617,24.546710241525687,0,3,1.0,150-1,52,3.033986158044968
5.2166666666666535,SPH_JUNCTION_REGION,150,150-1,1,181.3382144265689,1.237028372963163,181.34243367345601,0.39084649503394636,0.0,0.0,0,1,1.0,150-1,52,-1.163612493759274
5.2166666666666535,SPH_JUNCTION_REGION,180,180-1,32,-0.45775781351210815,-37.80051863859366,37.80329022138811,-90.69380817344675,26.325513819220028,76.05492455437873,0,0,1.0,180-1,52,0.0
5.2166666666666535,SPH_JUNCTION_REGION,180,180-2,8,125.21864012254888,-134.95626105299664,184.10024506106717,-47.143420772586,7.261913348730758,73.12250320768015,0,5,1.0,180-2,52,8.25501725581745
5.2166666666666535,SPH_JUNCTION_REGION,180,180-3,6,106.43876183963069,54.64462677751222,119.6463340750866,27.17552385838838,4.599142989000909,43.93748347818118,0,1,1.0,180-3,52,5.257589811665895
5.2166666666666535,SPH_JUNCTION_REGION,180,180-5,4,33.39448825715099,-79.78818086772483,86.49477239774532,-67.2887744542152,6.741211298806188,28.756912930973886,0,0,1.0,180-5,42,-1.9642829169818299
5.2166666666666535,SPH_JUNCTION_REGION,180,180-3,2,35.53209871837903,3.0808549424021434,35.6654133090976,4.955508372827084,1.2950938849647837,13.920041415401874,0,0,1.0,180-3,52,-6.184099868789659
5.2166666666666535,SPH_JUNCTION_REGION,180,180-5,2,72.69191615405309,-80.87831781328438,108.74473305155757,-48.05139035379814,2.126541868267605,11.103732427209955,0,0,1.0,180-5,42,-1.196502272316451
5.2166666666666535,SPH_JUNCTION_REGION,180,180-2,2,95.62261382826114,-114.18550525895866,148.93627458276387,-50.0561108171948,0.9669965656523516,7.602598091040919,0,0,1.0,180-2,52,5.642564830349102
5.2166666666666535,SPH_JUNCTION_REGION,180,180-3,1,76.1338786671061,2.0543151619646185,76.1615893458265,1.5456329991828608,0.0,0.0,0,0,1.0,180-3,52,-2.2293801085857012
5.2166666666666535,SPH_JUNCTION_REGION,180,180-2,1,195.004214200093,-61.50533466873556,204.47383634222965,-17.505543157529452,0.0,0.0,0,1,0.3333333333333333,180-2,52,28.8740178868062
5.2166666666666535,SPH_JUNCTION_REGION,180,180-2,1,198.32457748496634,-36.455153716404546,201.64725702839874,-10.415589537135594,0.0,0.0,0,1,0.3333333333333333,180-2,52,0.6082247484971504
5.2166666666666535,SPH_JUNCTION_REGION,180,180-9,1,192.38444619976138,-15.09808061545346,192.97597564945647,-4.487300899772883,0.0,0.0,0,1,1.0,180-9,31,7.879116415637384
5.2166666666666535,SPH_JUNCTION_REGION,180,180-9,1,181.3382144265689,1.237028372963163,181.34243367345601,0.39084649503394636,0.0,0.0,0,1,1.0,180-9,31,-1.163612493759274
5.2166666666666535,SPH_JUNCTION_REGION,180,180-13,1,166.22996791970496,14.831552063432444,166.8903147914715,5.098605734125931,0.0,0.0,0,1,1.0,180-13,8,1.9002036006799017
5.2166666666666535,SPH_JUNCTION_REGION,180,180-13,1,151.52998960862507,34.48992486830119,155.40557476555043,12.822706020857565,0.0,0.0,0,1,1.0,180-13,8,4.211365334002153
5.2166666666666535,SPH_JUNCTION_REGION,180,180-3,1,141.32397766870574,51.78740088699806,150.51379190870014,20.125084307218767,0.0,0.0,0,1,1.0,180-3,52,5.24155189641931
5.2166666666666535,SPH_JUNCTION_REGION,180,180-2,1,169.3880064620172,-94.2832874882614,193.85983346936652,-29.10080896940787,0.0,0.0,0,1,1.0,180-2,52,3.951108336588902
5.2166666666666535,SPH_JUNCTION_REGION,180,180-2,1,189.9994003824298,-76.53188002473985,204.83383706263973,-21.93960751122018,0.0,0.0,1,1,1.0,180-2,52,9.029928388806923
5.316666666666653,SPH_JUNCTION_REGION,90,90-1,107,71.12013471481414,-39.860734700667884,81.52883988338323,-29.269342499777952,41.538396948843655,299.365776464971,1,26,0.981651376146789,90-1,53,-18.62949906798832
5.316666666666653,SPH_JUNCTION_REGION,120,120-1,60,20.631891466160685,-38.2694138370672,43.4766946869716,-61.66990645151943,39.91543606460094,123.71378746932542,0,0,0.7692307692307693,120-1,53,-283.21193788877434
5.316666666666653,SPH_JUNCTION_REGION,120,120-1,23,145.77716873468916,18.752862548472063,146.97840922415753,7.330305444897554,14.549338710952377,165.75970415520715,0,15,1.0,120-1,53,4.034805968115904
5.316666666666653,SPH_JUNCTION_REGION,120,120-1,15,120.69479248113412,-122.18769487549856,171.74709811537417,-45.35217001505684,8.180615202936078,94.91136256914254,0,7,0.19230769230769232,120-1,53,999.4920963952513
5.316666666666653,SPH_JUNCTION_REGION,120,120-1,2,185.82395121390317,-80.09582343582512,202.35088775839344,-23.317524482201968,1.4895482178653872,12.249766582022962,1,2,0.02564102564102564,120-1,53,1305.5299928254442
5.316666666666653,SPH_JUNCTION_REGION,150,150-1,60,20.631891466160685,-38.2694138370672,43.4766946869716,-61.66990645151943,39.91543606460094,123.71378746932542,0,0,1.0,150-1,53,-0.6665114011999407
5.316666666666653,SPH_JUNCTION_REGION,150,150-1,14,123.7975403985411,43.00832593066523,131.05551155173424,19.157664872374575,8.451115591896365,87.93436298779973,0,7,0.7142857142857143,150-1,53,102.10852299667593
5.316666666666653,SPH_JUNCTION_REGION,150,150-1,13,113.92885552236115,-126.02387941988589,169.88761669019016,-47.88560081433559,6.028011574930241,84.78663668259114,0,5,0.9230769230769231,150-1,53,-24.82409155045218
5.316666666666653,SPH_JUNCTION_REGION,150,150-1,5,196.06107742829164,-37.74550250764288,199.66138595606574,-10.897207478046143,4.517495710712332,46.490004939324564,0,5,1.0,150-1,53,9.177838968964807
5.316666666666653,SPH_JUNCTION_REGION,150,150-1,2,185.82395121390317,-80.09582343582512,202.35088775839344,-23.317524482201968,1.4895482178653872,12.249766582022962,1,2,0.6666666666666666,150-1,53,36.66602067960298
5.316666666666653,SPH_JUNCTION_REGION,150,150-1,1,181.19542870089217,1.7225381962932769,181.20361618890993,0.544667138896893,0.0,0.0,0,1,1.0,150-1,53,-1.38817484546081
5.316666666666653,SPH_JUNCTION_REGION,150,150-1,1,169.29525790324672,-95.03577942868401,194.14603709616196,-29.308161351845836,0.0,0.0,0,1,0.3333333333333333,150-1,53,-45.38248594271181
5.316666666666653,SPH_JUNCTION_REGION,180,180-1,32,-0.47663112774816696,-37.80028537366562,37.80329022138811,-90.72241530911982,26.328325156364365,76.06019813238669,0,0,1.0,180-1,53,0.0
5.316666666666653,SPH_JUNCTION_REGION,180,180-2,8,125.30911537990761,-135.85216079460733,184.81932796614873,-47.31176756964138,7.199086559561529,72.64097894146143,0,5,1.0,180-2,53,7.190829050815637
5.316666666666653,SPH_JUNCTION_REGION,180,180-3,5,108.08325345630074,59.353770635943306,123.30798743959416,28.773329325158194,3.115805644207256,36.97161070184944,0,1,0.8333333333333334,180-3,53,36.61653364507558
5.316666666666653,SPH_JUNCTION_REGION,180,180-5,4,32.803033600221084,-79.83398862597629,86.3105135734329,-67.66270136681523,6.844715831099237,28.993827645648892,0,0,1.0,180-5,43,-1.8425882431242258
5.316666666666653,SPH_JUNCTION_REGION,180,180-3,2,34.933759952224285,3.0785952541053936,35.069150733062095,5.036274278657893,1.3564399617080984,14.06544049747336,0,0,1.0,180-3,53,-5.962625760355067
5.316666666666653,SPH_JUNCTION_REGION,180,180-5,2,72.41192819831616,-80.90841847360124,108.58019858748405,-48.17189222605749,2.1609263637695193,11.24891860430755,0,0,1.0,180-5,43,-1.64534464073526
5.316666666666653,SPH_JUNCTION_REGION,180,180-2,2,95.55062655675519,-114.81304914619321,149.3718798490354,-50.2318271374567,0.9527498589421128,7.534526506139645,0,0,1.0,180-2,53,4.3560526627152285
5.316666666666653,SPH_JUNCTION_REGION,180,180-2,2,185.82395121390317,-80.09582343582512,202.35088775839344,-23.317524482201968,1.4895482178653872,12.249766582022962,1,2,0.5,180-2,53,-24.8294930424629
5.316666666666653,SPH_JUNCTION_REGION,180,180-9,1,57.5122155464277,2.496916538044668,57.56639235922919,2.4859587365553666,0.0,0.0,0,0,0.0,,1,
5.316666666666653,SPH_JUNCTION_REGION,180,180-3,1,75.96536998540527,2.020677208439594,75.992240218329,1.5237072001920735,0.0,0.0,0,0,1.0,180-3,53,-1.6934912749749742
5.316666666666653,SPH_JUNCTION_REGION,180,180-11,1,99.2094041430435,26.989119437266424,102.81497185924222,15.21856449695812,0.0,0.0,0,0,0.0,,1,
5.316666666666653,SPH_JUNCTION_REGION,180,180-2,1,195.91578448718525,-61.47976707928019,205.33571625840392,-17.422228382398803,0.0,0.0,0,1,1.0,180-2,53,8.618799161742743
5.316666666666653,SPH_JUNCTION_REGION,180,180-2,1,199.3289663581925,-36.733257948622345,202.68539431578554,-10.441579869420886,0.0,0.0,0,1,1.0,180-2,53,10.381372873868031
5.316666666666653,SPH_JUNCTION_REGION,180,180-9,1,193.0719902950138,-15.412741889853951,193.68620510774937,-4.564185258447665,0.0,0.0,0,1,1.0,180-9,32,7.102294582929005
5.316666666666653,SPH_JUNCTION_REGION,180,180-9,1,181.19542870089217,1.7225381962932769,181.20361618890993,0.544667138896893,0.0,0.0,0,1,1.0,180-9,32,-1.38817484546081
5.316666666666653,SPH_JUNCTION_REGION,180,180-13,1,166.31541881095862,15.534138523743318,167.0393007466788,5.336040672159183,0.0,0.0,0,1,1.0,180-13,9,1.489859552073085
5.316666666666653,SPH_JUNCTION_REGION,180,180-13,1,151.79142052990218,35.01648119129507,155.77801289497157,12.990205731363474,0.0,0.0,0,1,1.0,180-13,9,3.724381294211412
5.316666666666653,SPH_JUNCTION_REGION,180,180-3,1,141.51779448949335,52.59918768326749,150.97668926728414,20.38904150339523,0.0,0.0,0,1,1.0,180-3,53,4.628973585840015
5.316666666666653,SPH_JUNCTION_REGION,180,180-2,1,169.29525790324672,-95.03577942868401,194.14603709616196,-29.308161351845836,0.0,0.0,0,1,1.0,180-2,53,2.8620362679544087
5.416666666666653,SPH_JUNCTION_REGION,90,90-1,107,71.62804029180707,-39.00007594283849,81.5572319269843,-28.56743319021269,41.6110763548629,299.8923186848664,3,26,1.0,90-1,54,0.2839204360107317
5.416666666666653,SPH_JUNCTION_REGION,120,120-1,60,20.957673764699756,-38.0174326058766,43.41139564181223,-61.13359698417174,39.92179686358255,122.65330493039517,0,0,1.0,120-1,54,-0.652990451593709
5.416666666666653,SPH_JUNCTION_REGION,120,120-1,23,145.84414017127807,20.988163885377173,147.34658545612402,8.189108900582866,14.608889471290922,165.87076273740735,1,15,1.0,120-1,54,3.6817623196648697
5.416666666666653,SPH_JUNCTION_REGION,120,120-1,15,122.24661416082913,-121.35691968851118,172.25485952526967,-44.79074395651965,8.126298128249921,94.21510346106369,1,7,1.0,120-1,54,5.077614098954939
5.416666666666653,SPH_JUNCTION_REGION,120,120-1,2,187.55523322376007,-77.72477521894896,203.0224278065238,-22.509608988970314,1.4744391600600046,12.091998076431182,1,2,1.0,120-1,54,6.715400481303675
5.416666666666653,SPH_JUNCTION_REGION,150,150-1,60,20.957673764699756,-38.0174326058766,43.41139564181223,-61.13359698417174,39.92179686358255,122.65330493039517,0,0,1.0,150-1,54,-0.652990451593709
5.416666666666653,SPH_JUNCTION_REGION,150,150-1,14,123.40896638656444,45.162258400884134,131.41309892270414,20.10040529381614,8.394607219738827,87.71273849321494,1,7,1.0,150-1,54,3.5758737096989535
5.416666666666653,SPH_JUNCTION_REGION,150,150-1,13,115.55159395461281,-125.25898476444144,170.41708872548634,-47.30841829507051,5.97582451183568,84.31196303472528,1,5,1.0,150-1,54,5.294720352961804
5.416666666666653,SPH_JUNCTION_REGION,150,150-1,5,197.31716098794584,-35.45576861449921,200.47736417956978,-10.186725750594064,4.467192114738403,46.18718143490531,0,5,1.0,150-1,54,8.159782235040325
5.416666666666653,SPH_JUNCTION_REGION,150,150-1,2,187.55523322376007,-77.72477521894896,203.0224278065238,-22.509608988970314,1.4744391600600046,12.091998076431182,1,2,1.0,150-1,54,6.715400481303675
5.416666666666653,SPH_JUNCTION_REGION,150,150-1,1,181.00394035441371,4.478973227761221,181.05934835020025,1.4175045129506971,0.0,0.0,0,1,1.0,150-1,54,-1.4426783870968052
5.416666666666653,SPH_JUNCTION_REGION,150,150-1,1,170.29281915857973,-93.55638296951233,194.29987403834002,-28.783749589271096,0.0,0.0,0,1,1.0,150-1,54,1.538369421780601
5.416666666666653,SPH_JUNCTION_REGION,180,180-1,30,-0.3402141427096788,-37.7988849233441,37.80041596478945,-90.51568474021639,22.532957781201613,75.71953264732846,0,0,0.9375,180-1,54,-0.028742565986590307
5.416666666666653,SPH_JUNCTION_REGION,180,180-2,8,127.10162324417158,-135.0372377858102,185.44508141259715,-46.73396040040349,7.130628913539394,72.13207849665844,1,5,1.0,180-2,54,6.257534464484138
5.416666666666653,SPH_JUNCTION_REGION,180,180-3,7,105.09200040219142,53.07026634532479,117.73182118058784,26.793257001738947,5.743506750075833,49.68861513868991,1,1,0.7142857142857143,180-3,54,-55.76166259006314
5.416666666666653,SPH_JUNCTION_REGION,180,180-5,4,33.24745812250586,-79.47180459140668,86.14616182176957,-67.29774071686626,6.883454703671757,28.927507383458433,0,0,1.0,180-5,44,-1.6435175166333238
5.416666666666653,SPH_JUNCTION_REGION,180,180-3,2,34.3434514957618,3.508961183412511,34.52224600498118,5.83381716462232,1.4112234646361732,14.15457050239701,0,0,1.0,180-3,54,-5.469047280809178
5.416666666666653,SPH_JUNCTION_REGION,180,180-5,2,73.11661207297955,-80.02186872977953,108.39528788668188,-47.581808575714234,2.225601615216277,11.545645947201772,0,0,1.0,180-5,44,-1.8491070080216332
5.416666666666653,SPH_JUNCTION_REGION,180,180-2,2,96.92693986871265,-114.10386671696932,149.71480912747722,-49.65335178438257,0.9709639663618859,7.711875067695644,0,0,1.0,180-2,54,3.429292784418294
5.416666666666653,SPH_JUNCTION_REGION,180,180-2,2,187.55523322376007,-77.72477521894896,203.0224278065238,-22.509608988970314,1.4744391600600046,12.091998076431182,1,2,1.0,180-2,54,6.715400481303675
5.416666666666653,SPH_JUNCTION_REGION,180,180-9,1,57.03331128481871,3.199302843642927,57.122973791604814,3.2106612601232327,0.0,0.0,0,0,1.0,180-9,2,-4.4341856762437715
5.416666666666653,SPH_JUNCTION_REGION,180,180-3,1,75.75072914601088,2.9430116062788443,75.80787744995236,2.224894494927039,0.0,0.0,0,0,1.0,180-3,54,-1.8436276837664423
5.416666666666653,SPH_JUNCTION_REGION,180,180-2,1,197.48802450495697,-58.95939927353897,206.10126294025244,-16.622821428008965,0.0,0.0,0,1,1.0,180-2,54,7.655466818485195
5.416666666666653,SPH_JUNCTION_REGION,180,180-2,1,200.6372328900791,-34.47344647752848,203.5773016174123,-9.749352172808566,0.0,0.0,0,1,1.0,180-2,54,8.919073016267589
5.416666666666653,SPH_JUNCTION_REGION,180,180-9,1,193.93074408738394,-13.261710745122278,194.3836579400997,-3.91200966063983,0.0,0.0,0,1,1.0,180-9,33,6.974528323503364
5.416666666666653,SPH_JUNCTION_REGION,180,180-9,1,181.00394035441371,4.478973227761221,181.05934835020025,1.4175045129506971,0.0,0.0,0,1,1.0,180-9,33,-1.4426783870968052
5.416666666666653,SPH_JUNCTION_REGION,180,180-13,1,166.1454390107488,18.28939159470301,167.14906146604244,6.2818619542299645,0.0,0.0,0,1,1.0,180-13,10,1.0976071936363496
5.416666666666653,SPH_JUNCTION_REGION,180,180-13,1,151.57881700390772,37.434993229720746,156.13300894562104,13.872581058684831,0.0,0.0,0,1,1.0,180-13,10,3.549960506494756
5.416666666666653,SPH_JUNCTION_REGION,180,180-3,1,141.00199950722177,55.0891614775758,151.38156947705684,21.340474772583587,0.0,0.0,0,1,1.0,180-3,54,4.048802097726991
5.416666666666653,SPH_JUNCTION_REGION,180,180-2,1,170.29281915857973,-93.55638296951233,194.29987403834002,-28.783749589271096,0.0,0.0,0,1,1.0,180-2,54,1.538369421780601
5.516666666666652,SPH_JUNCTION_REGION,90,90-1,107,71.90163669274342,-38.54214200610667,81.58027990583362,-28.193081678068467,41.67673739712532,300.43077164733785,3,26,1.0,90-1,55,0.2304797884931986
5.516666666666652,SPH_JUNCTION_REGION,120,120-1,84,56.20333199660422,-20.828474171959574,59.938634150708694,-20.334274865919575,46.484083153138634,253.13976494733862,1,15,0.7142857142857143,120-1,55,165.27238508896465
5.516666666666652,SPH_JUNCTION_REGION,120,120-1,15,123.09081301386092,-121.15214868564127,172.71129488125842,-44.54522762710796,8.070723555972231,93.59022865370186,1,7,1.0,120-1,55,4.564353559887593
5.516666666666652,SPH_JUNCTION_REGION,120,120-1,2,188.6762391060369,-76.3224664577084,203.5284797992321,-22.024096176589374,1.4429729032652965,11.87628569734221,1,2,1.0,120-1,55,5.060519927082794
5.516666666666652,SPH_JUNCTION_REGION,150,150-1,59,19.933697637885817,-38.579026468504104,43.424573512887775,-62.67470129986956,39.502726621367785,120.31610522783491,0,0,0.9833333333333333,150-1,55,0.13177871075548353
5.516666666666652,SPH_JUNCTION_REGION,150,150-1,14,123.2491496228454,46.52443611224769,131.73790661126034,20.680659926879706,8.338771457475335,87.4804184221278,1,7,1.0,150-1,55,3.2480768855620568
5.516666666666652,SPH_JUNCTION_REGION,150,150-1,13,116.44865867644641,-125.08415742552606,170.89861481708184,-47.047618133442235,5.91933889431172,83.84133065093528,1,5,1.0,150-1,55,4.81526091595498
5.516666666666652,SPH_JUNCTION_REGION,150,150-1,7,194.11399007523104,-24.516080019493092,195.65602296491943,-7.198192990886437,5.853410982382271,66.98449120436256,0,7,0.7142857142857143,150-1,55,-48.21341214650346
5.516666666666652,SPH_JUNCTION_REGION,150,150-1,2,188.6762391060369,-76.3224664577084,203.5284797992321,-22.024096176589374,1.4429729032652965,11.87628569734221,1,2,1.0,150-1,55,5.060519927082794
5.516666666666652,SPH_JUNCTION_REGION,150,150-1,1,170.69205458614837,-92.97871185047194,194.37288482762648,-28.57784175565988,0.0,0.0,0,1,1.0,150-1,55,0.7301078928645666
5.516666666666652,SPH_JUNCTION_REGION,180,180-1,30,-0.09990023720063626,-37.800283954670455,37.80041596478945,-90.15142342963705,22.487370107441553,75.68576398653168,0,0,1.0,180-1,55,0.0
5.516666666666652,SPH_JUNCTION_REGION,180,180-2,8,128.10720733104,-134.83440114223288,185.98863487197985,-46.46555636748137,7.060820904883396,71.59630133106192,1,5,1.0,180-2,55,5.435534593827072
5.516666666666652,SPH_JUNCTION_REGION,180,180-3,7,104.89832279128247,54.22786386531519,118.0860675262719,27.336994496134462,5.651811322665926,49.434143490041755,1,1,1.0,180-3,55,3.5424634568406077
5.516666666666652,SPH_JUNCTION_REGION,180,180-5,4,33.29341686590329,-79.26068500914516,85.96922585859281,-67.21517990938806,6.840745893672905,28.601070934930767,0,0,1.0,180-5,45,-1.7693596317675997
5.516666666666652,SPH_JUNCTION_REGION,180,180-2,3,97.67569672587354,-110.08203597313583,147.16859846745703,-48.417383061761036,1.638309098626718,15.389098787828898,0,0,0.6666666666666666,180-2,55,-25.462106600201935
5.516666666666652,SPH_JUNCTION_REGION,180,180-3,2,33.86824903021678,3.7305458935640248,34.073087107521786,6.285720208112961,1.436747391509717,14.032888124497989,0,0,1.0,180-3,55,-4.49158897459391
5.516666666666652,SPH_JUNCTION_REGION,180,180-5,2,73.40464359693325,-79.55380358633676,108.2453202990607,-47.302136971265206,2.2885919661447254,11.839052208325981,0,0,1.0,180-5,45,-1.49967587621191
5.516666666666652,SPH_JUNCTION_REGION,180,180-2,2,188.6762391060369,-76.3224664577084,203.5284797992321,-22.024096176589374,1.4429729032652965,11.87628569734221,1,2,1.0,180-2,55,5.060519927082794
5.516666666666652,SPH_JUNCTION_REGION,180,180-9,1,56.61629694223693,3.5647292739173664,56.72840888168705,3.602755684276211,0.0,0.0,0,0,1.0,180-9,3,-3.945649099177615
5.516666666666652,SPH_JUNCTION_REGION,180,180-3,1,75.61358951000365,3.425395999692229,75.69113723773769,2.5938015135358357,0.0,0.0,0,0,1.0,180-3,55,-1.1674021221466546
5.516666666666652,SPH_JUNCTION_REGION,180,180-2,1,198.60073038791955,-57.5470917390531,206.77020548966456,-16.15961877246972,0.0,0.0,0,1,1.0,180-2,55,6.689425494121224
5.516666666666652,SPH_JUNCTION_REGION,180,180-2,1,201.59395030211778,-33.338536978970915,204.3320308867676,-9.390282997306057,0.0,0.0,0,1,1.0,180-2,55,7.547292693552947
5.516666666666652,SPH_JUNCTION_REGION,180,180-9,1,194.69301450243833,-12.213394046728746,195.07572091418075,-3.5895492455354607,0.0,0.0,0,1,1.0,180-9,34,6.920629740810398
5.516666666666652,SPH_JUNCTION_REGION,180,180-9,1,180.8087956394485,6.131000314307316,180.91271305644025,1.9420841740054018,0.0,0.0,0,1,1.0,180-9,34,-1.4663529375999929
5.516666666666652,SPH_JUNCTION_REGION,180,180-13,1,166.03530940585364,20.095948371198496,167.2470361783294,6.901179536858658,0.0,0.0,0,1,1.0,180-13,11,0.9797471228696963
5.516666666666652,SPH_JUNCTION_REGION,180,180-13,1,151.52519593236633,38.99591867857281,156.46266863353657,14.432227432908983,0.0,0.0,0,1,1.0,180-13,11,3.2965968791552314
5.516666666666652,SPH_JUNCTION_REGION,180,180-3,1,140.75257780592483,56.66751567662287,151.7316561959739,21.92990071421023,0.0,0.0,0,1,1.0,180-3,55,3.500867189170549
5.516666666666652,SPH_JUNCTION_REGION,180,180-2,1,170.69205458614837,-92.97871185047194,194.37288482762648,-28.57784175565988,0.0,0.0,0,1,1.0,180-2,55,0.7301078928645666
5.616666666666652,SPH_JUNCTION_REGION,90,90-1,107,72.15959737124585,-38.12026730107428,81.60981725188253,-27.846470727233633,41.73020281616985,300.8849904733704,3,26,1.0,90-1,56,0.2953734604891167
5.616666666666652,SPH_JUNCTION_REGION,120,120-1,84,56.32349735817401,-20.394799842545858,59.90228889845315,-19.90537684323625,46.542751344068336,253.61802948099893,1,15,1.0,120-1,56,-0.36345252255543414
5.616666666666652,SPH_JUNCTION_REGION,120,120-1,15,123.87232281995513,-120.94520966253829,173.1245103996731,-44.31498680898781,8.0153651205518,92.9649183684134,1,7,1.0,120-1,56,4.132155184146882
5.616666666666652,SPH_JUNCTION_REGION,120,120-1,2,189.6366987138947,-75.01461482675042,203.93447461552498,-21.582271956092267,1.4150747330782583,11.714996165079981,1,2,1.0,120-1,56,4.05994816292889
5.616666666666652,SPH_JUNCTION_REGION,150,150-1,59,20.060858851357782,-38.4621370110311,43.37941955938817,-62.45461619469257,39.51021037589614,120.1771397117969,0,0,1.0,150-1,56,-0.4515395349960727
5.616666666666652,SPH_JUNCTION_REGION,150,150-1,14,123.09575029380456,47.74916525687532,132.0323692248347,21.20140404393467,8.281760774003043,87.30177750144824,1,7,1.0,150-1,56,2.9446261357435333
5.616666666666652,SPH_JUNCTION_REGION,150,150-1,13,117.28200275671321,-124.9025708464713,171.33511133064195,-46.802271573015915,5.8632376784257865,83.35153784953815,1,5,1.0,150-1,56,4.364965135601153
5.616666666666652,SPH_JUNCTION_REGION,150,150-1,7,194.8105308091743,-23.350910318941892,196.20501504007362,-6.835132518125858,5.860467074378161,67.48797423872942,0,7,1.0,150-1,56,5.489920751541888
5.616666666666652,SPH_JUNCTION_REGION,150,150-1,2,189.6366987138947,-75.01461482675042,203.93447461552498,-21.582271956092267,1.4150747330782583,11.714996165079981,1,2,1.0,150-1,56,4.05994816292889
5.616666666666652,SPH_JUNCTION_REGION,150,150-1,1,171.0449417538638,-92.46503583037772,194.43804913312542,-28.395173737204388,0.0,0.0,0,1,1.0,150-1,56,0.6516430549893926
5.616666666666652,SPH_JUNCTION_REGION,180,180-1,30,0.12056178443059344,-37.800223702608484,37.80041596478945,-89.81725880645642,22.445635157285643,75.65476649188776,0,0,1.0,180-1,56,0.0
5.616666666666652,SPH_JUNCTION_REGION,180,180-2,8,129.03398604094394,-134.59704881301454,186.45679151692903,-46.20885889295484,6.993265862902243,71.07985134793896,1,5,1.0,180-2,56,4.681566449491754
5.616666666666652,SPH_JUNCTION_REGION,180,180-3,7,104.73150396387926,55.2553712432714,118.41386732037681,27.815713805948352,5.57011984203803,49.223987947719465,1,1,1.0,180-3,56,3.277997941049051
5.616666666666652,SPH_JUNCTION_REGION,180,180-3,4,43.100574139198336,3.9146225511100585,43.27798240267436,5.1896673243784415,1.7122616894221203,29.55797081397473,0,0,0.5,180-3,56,92.04895295152575
5.616666666666652,SPH_JUNCTION_REGION,180,180-2,3,98.32861273051704,-109.89140642388229,147.46062961796574,-48.178462578475546,1.6286520055100728,15.39322436580524,0,0,1.0,180-2,56,2.9203115050870565
5.616666666666652,SPH_JUNCTION_REGION,180,180-5,2,22.95274900148592,-79.0532225705648,82.31792444854564,-73.80958160065327,2.3408463086981115,7.01079971647996,0,0,0.5,180-5,46,-36.51301410047168
5.616666666666652,SPH_JUNCTION_REGION,180,180-2,2,189.6366987138947,-75.01461482675042,203.93447461552498,-21.582271956092267,1.4150747330782583,11.714996165079981,1,2,1.0,180-2,56,4.05994816292889
5.616666666666652,SPH_JUNCTION_REGION,180,180-8,1,54.650807952496116,-79.10201316096342,96.14488699862225,-55.35978402663654,0.0,0.0,0,0,0.0,,1,
5.616666666666652,SPH_JUNCTION_REGION,180,180-3,1,75.49146501546102,3.8664858136399847,75.59041607722274,2.9319859093101304,0.0,0.0,0,0,1.0,180-3,56,-1.0072116051495072
5.616666666666652,SPH_JUNCTION_REGION,180,180-2,1,199.57058950347806,-56.221458656307476,207.33854588138848,-15.733172787821221,0.0,0.0,0,1,1.0,180-2,56,5.683403917239218
5.616666666666652,SPH_JUNCTION_REGION,180,180-2,1,202.40781459907026,-32.29029908607438,204.96728233022884,-9.064067961060314,0.0,0.0,0,1,1.0,180-2,56,6.352514434612431
5.616666666666652,SPH_JUNCTION_REGION,180,180-9,1,195.40380085340854,-11.265529733744533,195.7282747794514,-3.2995959604002927,0.0,0.0,0,1,1.0,180-9,35,6.525538652706473
5.616666666666652,SPH_JUNCTION_REGION,180,180-9,1,180.61383515468856,7.650672409011403,180.77580102877437,2.425558052266967,0.0,0.0,0,1,1.0,180-9,35,-1.3691202766588617
5.616666666666652,SPH_JUNCTION_REGION,180,180-13,1,165.90572066977805,21.821559062773925,167.33466045887968,7.493093954790814,0.0,0.0,0,1,1.0,180-13,12,0.8762428055027272
5.616666666666652,SPH_JUNCTION_REGION,180,180-13,1,151.4389542007849,40.46788993818475,156.7526936466371,14.961143529401209,0.0,0.0,0,1,1.0,180-13,12,2.900250131005464
5.616666666666652,SPH_JUNCTION_REGION,180,180-3,1,140.49921385923872,58.074424494704814,152.02851007444383,22.45743222119148,0.0,0.0,0,1,1.0,180-3,56,2.9685387846993194
5.616666666666652,SPH_JUNCTION_REGION,180,180-2,1,171.0449417538638,-92.46503583037772,194.43804913312542,-28.395173737204388,0.0,0.0,0,1,1.0,180-2,56,0.6516430549893926
5.716666666666652,SPH_JUNCTION_REGION,90,90-1,108,73.23056472667224,-37.666056214214606,82.34954402375102,-27.218971917536027,41.73641969208764,301.3276501399166,3,27,0.9907407407407407,90-1,57,7.397267718684901
5.716666666666652,SPH_JUNCTION_REGION,120,120-1,84,56.364524077408,-20.230802918848802,59.88526497573512,-19.744480923458056,46.590349872338656,254.04705417976166,1,15,1.0,120-1,57,-0.1702392271803177
5.716666666666652,SPH_JUNCTION_REGION,120,120-1,15,124.1127799491664,-121.2139349701777,173.48429374921716,-44.323009508633284,7.95918002869327,92.5672382830804,1,7,1.0,120-1,57,3.5978334954404545
5.716666666666652,SPH_JUNCTION_REGION,120,120-1,2,190.16145712291137,-74.5618320136949,204.2568152310892,-21.410021548238934,1.3939643775055917,11.620020542007433,1,2,1.0,120-1,57,3.2234061556422944
5.716666666666652,SPH_JUNCTION_REGION,150,150-1,59,20.04370619880858,-38.434626298189386,43.34709513757097,-62.457902102194424,39.52068103186284,120.1633451742767,0,0,1.0,150-1,57,-0.32324421817200744
5.716666666666652,SPH_JUNCTION_REGION,150,150-1,14,123.14539958740578,48.344315677892325,132.29498213426518,21.43393653058648,8.217286790882595,87.06843322279957,1,7,1.0,150-1,57,2.626129094304872
5.716666666666652,SPH_JUNCTION_REGION,150,150-1,13,117.55831846145307,-125.16275407623988,171.71392851901595,-46.794486111303975,5.8091261783412556,83.03287670072305,1,5,1.0,150-1,57,3.788171883740006
5.716666666666652,SPH_JUNCTION_REGION,150,150-1,7,195.3219107018796,-23.06065148266132,196.67852563774673,-6.733446363443851,5.866906656807832,67.95455051999967,0,7,1.0,150-1,57,4.73510597673112
5.716666666666652,SPH_JUNCTION_REGION,150,150-1,2,190.16145712291137,-74.5618320136949,204.2568152310892,-21.410021548238934,1.3939643775055917,11.620020542007433,1,2,1.0,150-1,57,3.2234061556422944
5.716666666666652,SPH_JUNCTION_REGION,150,150-1,1,170.9813230075409,-92.7070099429057,194.49730720491493,-28.466791755241513,0.0,0.0,0,1,1.0,150-1,57,0.5925807178951459
5.716666666666652,SPH_JUNCTION_REGION,180,180-1,30,0.1711697934097699,-37.8000284128588,37.800415964789444,-89.74054940907203,22.436066337663586,75.64764874123755,0,0,1.0,180-1,57,-7.105427357601002e-14
5.716666666666652,SPH_JUNCTION_REGION,180,180-2,8,129.3499117169893,-134.8338203174935,186.8463506804536,-46.18917125539052,6.9274246394379855,70.54776163069296,1,5,1.0,180-2,57,3.8955916352458075
5.716666666666652,SPH_JUNCTION_REGION,180,180-3,7,104.81889611201923,55.73133383864125,118.71386841298855,27.9992065883613,5.482262955346616,48.960207384232646,1,1,1.0,180-3,57,3.000010926117369
5.716666666666652,SPH_JUNCTION_REGION,180,180-3,4,42.81672409018924,3.9723688567279236,43.00059971848408,5.300506093484279,1.7228700122284129,29.411331540869703,0,0,1.0,180-3,57,-2.773826841902789
5.716666666666652,SPH_JUNCTION_REGION,180,180-2,3,98.51525401071554,-110.14234762261827,147.7720948373457,-48.18941245930236,1.5932857361238966,15.229536882881611,0,0,1.0,180-2,57,3.114652193799543
5.716666666666652,SPH_JUNCTION_REGION,180,180-5,2,22.874165926566675,-79.0221447781374,82.26619495377803,-73.85610641173574,2.3123895463935398,6.916699759956548,0,0,1.0,180-5,47,-0.5172949476761346
5.716666666666652,SPH_JUNCTION_REGION,180,180-2,2,190.16145712291137,-74.5618320136949,204.2568152310892,-21.410021548238934,1.3939643775055917,11.620020542007433,1,2,1.0,180-2,57,3.2234061556422944
5.716666666666652,SPH_JUNCTION_REGION,180,180-8,1,54.501630924387875,-79.02873247815153,95.99983505465744,-55.40817472456169,0.0,0.0,0,0,1.0,180-8,2,-1.4505194396481613
5.716666666666652,SPH_JUNCTION_REGION,180,180-3,1,75.32054320281529,3.967579688219385,75.42496878984794,3.01532162713503,0.0,0.0,0,0,1.0,180-3,57,-1.654472873748034
5.716666666666652,SPH_JUNCTION_REGION,180,180-2,1,200.19111823871515,-55.78348671522932,207.8179039731067,-15.570556873450526,0.0,0.0,0,1,1.0,180-2,57,4.793580917182112
5.716666666666652,SPH_JUNCTION_REGION,180,180-2,1,202.97969636912998,-32.13936077990657,205.50838340429132,-8.997393692306506,0.0,0.0,0,1,1.0,180-2,57,5.411010740624818
5.716666666666652,SPH_JUNCTION_REGION,180,180-9,1,195.98188947517923,-11.196873311235064,196.30147980646814,-3.269878369922057,0.0,0.0,0,1,1.0,180-9,36,5.732050270167406
5.716666666666652,SPH_JUNCTION_REGION,180,180-9,1,180.43625762888408,8.322786816617537,180.62810370347106,2.640948145599829,0.0,0.0,0,1,1.0,180-9,36,-1.4769732530331225
5.716666666666652,SPH_JUNCTION_REGION,180,180-13,1,165.83885652301146,22.75109956439357,167.39217085708916,7.8115306875726125,0.0,0.0,0,1,1.0,180-13,13,0.5751039820947312
5.716666666666652,SPH_JUNCTION_REGION,180,180-13,1,151.49016687310416,41.20950475367301,156.99520356139527,15.217798507824112,0.0,0.0,0,1,1.0,180-13,13,2.425099147581591
5.716666666666652,SPH_JUNCTION_REGION,180,180-3,1,140.4816185491124,58.75434709022704,152.27330183645847,22.69639446582486,0.0,0.0,0,1,1.0,180-3,57,2.447917620146427
5.716666666666652,SPH_JUNCTION_REGION,180,180-2,1,170.9813230075409,-92.7070099429057,194.49730720491493,-28.466791755241513,0.0,0.0,0,1,1.0,180-2,57,0.5925807178951459
5.816666666666651,SPH_JUNCTION_REGION,90,90-1,108,73.23971222966247,-37.76102329851629,82.40115489503081,-27.274783702000953,41.77020843646145,301.7031932747923,0,27,1.0,90-1,58,0.5161087127979158
5.816666666666651,SPH_JUNCTION_REGION,120,120-1,78,45.4493392351094,-19.58971998751116,49.49140901305144,-23.317163591882444,47.6224392346379,236.3219330416267,0,9,0.9285714285714286,120-1,58,-103.9385596268368
5.816666666666651,SPH_JUNCTION_REGION,120,120-1,15,124.02874302797974,-121.73577804320036,173.78932289667273,-44.46545008284865,7.902695269624783,92.2213897525252,0,7,1.0,120-1,58,3.0502914745557064
5.816666666666651,SPH_JUNCTION_REGION,120,120-1,6,198.26966101907567,-28.597469895716614,200.3214261257532,-8.20746671202115,4.868990508751759,52.71614524878868,0,6,0.07142857142857142,120-1,58,1404.3616115001807
5.816666666666651,SPH_JUNCTION_REGION,120,120-1,2,190.4218680985511,-74.64159947758252,204.52837510407656,-21.40419543002431,1.383093194421031,11.55797212568879,0,2,1.0,120-1,58,2.715598729873534
5.816666666666651,SPH_JUNCTION_REGION,150,150-1,59,19.95444263142603,-38.46047421996343,43.32883402487706,-62.57836743576362,39.531670919059685,120.30817929839279,0,0,1.0,150-1,58,-0.18261112693906512
5.816666666666651,SPH_JUNCTION_REGION,150,150-1,14,123.31951334258005,48.527722163143764,132.52411927416856,21.480238635266016,8.153561168521192,86.8130324213654,0,7,1.0,150-1,58,2.2913713990337214
5.816666666666651,SPH_JUNCTION_REGION,150,150-1,13,117.50268164088672,-125.65697187963373,172.03649256700928,-46.920678000442,5.756549889482316,82.74239403030411,0,5,1.0,150-1,58,3.225640479933247
5.816666666666651,SPH_JUNCTION_REGION,150,150-1,6,198.26966101907567,-28.597469895716614,200.3214261257532,-8.20746671202115,4.868990508751759,52.71614524878868,0,6,0.8571428571428571,150-1,58,36.42900488006461
5.816666666666651,SPH_JUNCTION_REGION,150,150-1,2,190.4218680985511,-74.64159947758252,204.52837510407656,-21.40419543002431,1.383093194421031,11.55797212568879,0,2,1.0,150-1,58,2.715598729873534
5.816666666666651,SPH_JUNCTION_REGION,150,150-1,1,180.23230669012094,8.468015666986414,180.43112720419984,2.6900006388002278,0.0,0.0,0,1,0.14285714285714285,150-1,58,-162.4739843354689
5.816666666666651,SPH_JUNCTION_REGION,150,150-1,1,170.64996841860935,-93.36632276595732,194.521674751451,-28.68403176962226,0.0,0.0,0,1,1.0,150-1,58,0.2436754653606954
5.816666666666651,SPH_JUNCTION_REGION,180,180-1,30,0.12092137201147969,-37.80022255401284,37.800415964789465,-89.8167137607121,22.44556715223629,75.65471592040917,0,0,1.0,180-1,58,2.1316282072803006e-13
5.816666666666651,SPH_JUNCTION_REGION,180,180-2,8,129.29869625284215,-135.3202833746928,187.16231443667257,-46.30357994572483,6.8625007385257835,69.98454836384904,0,5,1.0,180-2,58,3.15963756218963
5.816666666666651,SPH_JUNCTION_REGION,180,180-3,7,105.06777141043418,55.84625487228453,118.98756562101526,27.991807035306042,5.4027124766386105,48.730461531574356,0,1,1.0,180-3,58,2.7369720802671793
5.816666666666651,SPH_JUNCTION_REGION,180,180-3,4,42.627672622873135,3.9157382513888135,42.807142853690166,5.248407765651316,1.73242073041467,29.34192631180851,0,0,1.0,180-3,58,-1.9345686479391588
5.816666666666651,SPH_JUNCTION_REGION,180,180-2,3,98.4266812176276,-110.63645048347882,148.08185490160417,-48.342409044117765,1.5626306520573436,15.12548196057924,0,0,1.0,180-2,58,3.097600642584837
5.816666666666651,SPH_JUNCTION_REGION,180,180-5,2,25.94612244512053,-79.05707420389106,83.20590274503802,-71.8304318598957,4.412442405963333,13.513479782923726,0,0,0.3333333333333333,180-5,48,9.397077912599912
5.816666666666651,SPH_JUNCTION_REGION,180,180-2,2,190.4218680985511,-74.64159947758252,204.52837510407656,-21.40419543002431,1.383093194421031,11.55797212568879,0,2,1.0,180-2,58,2.715598729873534
5.816666666666651,SPH_JUNCTION_REGION,180,180-9,2,192.5976052236517,-8.444098510868336,192.78262457375882,-2.510423556525397,0.9044261743573445,9.99512897661509,0,2,0.5,180-9,37,-35.188552327093134
5.816666666666651,SPH_JUNCTION_REGION,180,180-8,1,54.24273605152541,-79.10088315299055,95.91258587869747,-55.55996107194156,0.0,0.0,0,0,1.0,180-8,3,-0.8724917595996828
5.816666666666651,SPH_JUNCTION_REGION,180,180-3,1,75.24684861793529,3.8675689567393756,75.34617652253897,2.942323224083904,0.0,0.0,0,0,1.0,180-3,58,-0.787922673089696
5.816666666666651,SPH_JUNCTION_REGION,180,180-2,1,200.59432045638633,-55.87834512610995,208.23177195949725,-15.565919891739648,0.0,0.0,0,1,1.0,180-2,58,4.1386798639055655
5.816666666666651,SPH_JUNCTION_REGION,180,180-2,1,203.3937673816048,-32.524322510188185,205.97780502867073,-9.085145987506547,0.0,0.0,0,1,1.0,180-2,58,4.694216243794074
5.816666666666651,SPH_JUNCTION_REGION,180,180-9,1,180.23230669012094,8.468015666986414,180.43112720419984,2.6900006388002278,0.0,0.0,0,1,1.0,180-9,37,-1.9697649927121574
5.816666666666651,SPH_JUNCTION_REGION,180,180-13,1,165.80126694249594,23.13405512233811,167.40742106053776,7.943131016941112,0.0,0.0,0,1,1.0,180-13,14,0.1525020344860195
5.816666666666651,SPH_JUNCTION_REGION,180,180-13,1,151.6186372279129,41.46944017154996,157.18754919837392,15.29693228963717,0.0,0.0,0,1,1.0,180-13,14,1.923456369786436
5.816666666666651,SPH_JUNCTION_REGION,180,180-3,1,140.60262854373508,58.969657283347445,152.468093821373,22.753493914901274,0.0,0.0,0,1,1.0,180-3,58,1.9479198491453076
5.816666666666651,SPH_JUNCTION_REGION,180,180-2,1,170.64996841860935,-93.36632276595732,194.521674751451,-28.68403176962226,0.0,0.0,0,1,1.0,180-2,58,0.2436754653606954
5.916666666666651,SPH_JUNCTION_REGION,90,90-1,108,73.21209512607635,-37.93695185120145,82.4574022663219,-27.39223091589714,41.795328072866745,302.00809777871893,0,27,1.0,90-1,59,0.5624737129109292
5.916666666666651,SPH_JUNCTION_REGION,120,120-1,78,45.40959237086544,-19.632548258890058,49.47189131644158,-23.380934742989627,47.653108935802656,236.19815606390435,0,9,1.0,120-1,59,-0.19517696609860025
5.916666666666651,SPH_JUNCTION_REGION,120,120-1,16,126.77885423689698,-119.92979929005841,174.51657411081064,-43.40977943728485,8.8659941809823,98.20154156757506,0,8,0.9375,120-1,59,7.272512141379082
5.916666666666651,SPH_JUNCTION_REGION,120,120-1,6,198.6216616647514,-29.131655259587117,200.7466508329103,-8.344026628363418,4.830711260878334,52.44378194676814,0,6,1.0,120-1,59,4.2522470715709915
5.916666666666651,SPH_JUNCTION_REGION,120,120-1,2,190.60865100756655,-74.97107853802108,204.82265611030053,-21.470936836590358,1.3772305231883202,11.409739777160484,0,2,1.0,120-1,59,2.942810062239687
5.916666666666651,SPH_JUNCTION_REGION,150,150-1,59,19.848491684393696,-38.50821683763634,43.32257363269021,-62.73182655597335,39.5402877692483,120.5347192501698,0,0,1.0,150-1,59,-0.06260392186852926
5.916666666666651,SPH_JUNCTION_REGION,150,150-1,14,123.54367391669408,48.507384486359626,132.725301712002,21.43663467198932,8.092183213237478,86.52853079596785,0,7,1.0,150-1,59,2.0118243783343814
5.916666666666651,SPH_JUNCTION_REGION,150,150-1,13,117.30931289168734,-126.21294444055931,172.3112945673484,-47.093908721651154,5.7056333344531485,82.43151645424557,0,5,1.0,150-1,59,2.7480200033912183
5.916666666666651,SPH_JUNCTION_REGION,150,150-1,6,198.6216616647514,-29.131655259587117,200.7466508329103,-8.344026628363418,4.830711260878334,52.44378194676814,0,6,1.0,150-1,59,4.2522470715709915
5.916666666666651,SPH_JUNCTION_REGION,150,150-1,2,190.60865100756655,-74.97107853802108,204.82265611030053,-21.470936836590358,1.3772305231883202,11.409739777160484,0,2,1.0,150-1,59,2.942810062239687
5.916666666666651,SPH_JUNCTION_REGION,150,150-1,1,179.94741925034367,8.380235318496807,180.14244929736117,2.666364701241321,0.0,0.0,0,1,1.0,150-1,59,-2.8867790683867156
5.916666666666651,SPH_JUNCTION_REGION,150,150-1,1,170.205255178093,-94.14836645910586,194.50898127633553,-28.949002203349647,0.0,0.0,0,1,1.0,150-1,59,-0.12693475115469255
5.916666666666651,SPH_JUNCTION_REGION,180,180-1,30,0.02901395293523336,-37.80040482986451,37.80041596478945,-89.95602225078798,22.46295576008936,75.66764026364933,0,0,1.0,180-1,59,-1.4210854715202004e-13
5.916666666666651,SPH_JUNCTION_REGION,180,180-2,8,129.09094150789838,-135.87346446382915,187.4195014527546,-46.46632938405896,6.799105032079908,69.39838306002518,0,5,1.0,180-2,59,2.57187016082014
5.916666666666651,SPH_JUNCTION_REGION,180,180-3,7,105.39085766300398,55.78727389731845,119.24534711190199,27.893922237731896,5.3345250231400545,48.566807275274535,0,1,1.0,180-3,59,2.577814908867282
5.916666666666651,SPH_JUNCTION_REGION,180,180-3,4,42.51959879163073,3.8125431258515237,42.690183490911856,5.123755272826275,1.7370902114894062,29.264190956791655,0,0,1.0,180-3,59,-1.169593627783101
5.916666666666651,SPH_JUNCTION_REGION,180,180-2,3,98.23427367827479,-111.19573477024487,148.37271971691035,-48.54147443900528,1.5563292895607266,15.26119052351543,0,0,1.0,180-2,59,2.9086481530617903
5.916666666666651,SPH_JUNCTION_REGION,180,180-5,2,25.645520277006643,-79.1195006790173,83.17203915965617,-72.04059663499129,4.402510207084113,13.47207863303502,0,0,1.0,180-5,49,-0.33863585381851635
5.916666666666651,SPH_JUNCTION_REGION,180,180-8,2,57.37504811486437,-79.24544392214416,97.8352519728993,-54.094822759768014,1.6118432778811176,6.81403580550646,0,0,0.5,180-8,4,19.2266609420183
5.916666666666651,SPH_JUNCTION_REGION,180,180-2,2,190.60865100756655,-74.97107853802108,204.82265611030053,-21.470936836590358,1.3772305231883202,11.409739777160484,0,2,1.0,180-2,59,2.942810062239687
5.916666666666651,SPH_JUNCTION_REGION,180,180-9,2,192.99203393509376,-9.060985379757005,193.20462369844194,-2.688065687082144,0.9199041617412526,9.966458239241694,0,2,1.0,180-9,38,4.219991246831114
5.916666666666651,SPH_JUNCTION_REGION,180,180-3,1,75.33050788155147,3.684310896046356,75.42055134027603,2.8000261074831494,0.0,0.0,0,0,1.0,180-3,59,0.7437481773706622
5.916666666666651,SPH_JUNCTION_REGION,180,180-2,1,200.87073175350392,-56.191299409218715,208.58214929491112,-15.628357801680473,0.0,0.0,0,1,1.0,180-2,59,3.503773354138673
5.916666666666651,SPH_JUNCTION_REGION,180,180-2,1,203.70120268305456,-33.1289461929853,206.3775836915933,-9.237422317041883,0.0,0.0,0,1,1.0,180-2,59,3.9977866292255726
5.916666666666651,SPH_JUNCTION_REGION,180,180-9,1,179.94741925034367,8.380235318496807,180.14244929736117,2.666364701241321,0.0,0.0,0,1,1.0,180-9,38,-2.8867790683867156
5.916666666666651,SPH_JUNCTION_REGION,180,180-13,1,165.76000959660476,23.20529601605618,167.37642171064385,7.9692356764530015,0.0,0.0,0,1,1.0,180-13,15,-0.30999349893903627
5.916666666666651,SPH_JUNCTION_REGION,180,180-13,1,151.76419382995397,41.47712522773289,157.3299794890118,15.285647149656462,0.0,0.0,0,1,1.0,180-13,15,1.4243029063788981
5.916666666666651,SPH_JUNCTION_REGION,180,180-3,1,140.77191258661077,58.94742767826851,152.6156302715324,22.721217410046364,0.0,0.0,0,1,1.0,180-3,59,1.475364501594072
5.916666666666651,SPH_JUNCTION_REGION,180,180-2,1,170.205255178093,-94.14836645910586,194.50898127633553,-28.949002203349647,0.0,0.0,0,1,1.0,180-2,59,-0.12693475115469255
6.016666666666651,SPH_JUNCTION_REGION,90,90-1,108,73.34771725110718,-37.80335304632717,82.51655062769905,-27.26654120359189,41.81067820740682,302.1064493895848,0,27,1.0,90-1,60,0.5914836137714019
6.016666666666651,SPH_JUNCTION_REGION,120,120-1,84,57.3515977049395,-20.461107906910872,60.89222196707452,-19.634678932112323,46.513278918199354,254.98470344828053,0,16,0.9058823529411765,120-1,60,114.20330650632941
6.016666666666651,SPH_JUNCTION_REGION,120,120-1,16,127.07554768504116,-119.94426013567104,174.74215392671195,-43.346370570703684,8.814265053525551,98.0055235007426,0,8,1.0,120-1,60,2.255798159013125
6.016666666666651,SPH_JUNCTION_REGION,120,120-1,2,191.09912341682463,-74.46555278783417,205.09508410168317,-21.289359258320676,1.3605413221140594,11.128262066464485,0,2,1.0,120-1,60,2.7242799138264218
6.016666666666651,SPH_JUNCTION_REGION,150,150-1,58,20.039033551695912,-37.83053501392098,42.8101885668061,-62.08959567459978,39.77325018262469,120.61210942620295,0,0,0.9830508474576272,150-1,60,-5.123850658841107
6.016666666666651,SPH_JUNCTION_REGION,150,150-1,14,123.5586514670899,48.95298073952484,132.90272636650494,21.613087270714452,8.031588380667596,86.20603590330032,0,7,1.0,150-1,60,1.7742465450294276
6.016666666666651,SPH_JUNCTION_REGION,150,150-1,13,117.65380394116194,-126.2202093058522,172.5513222755436,-47.01176479763407,5.656301436029243,82.0967989868582,0,5,1.0,150-1,60,2.40027708195214
6.016666666666651,SPH_JUNCTION_REGION,150,150-1,6,199.0204999906724,-28.833041163184618,201.09824384925673,-8.2433574492927,4.789459175779849,52.12052841575631,0,6,1.0,150-1,60,3.515930163464418
6.016666666666651,SPH_JUNCTION_REGION,150,150-1,2,191.09912341682463,-74.46555278783417,205.09508410168317,-21.289359258320676,1.3605413221140594,11.128262066464485,0,2,1.0,150-1,60,2.7242799138264218
6.016666666666651,SPH_JUNCTION_REGION,150,150-1,1,179.58086262392015,9.009526544178343,179.80672342629887,2.8721067086565433,0.0,0.0,0,1,1.0,150-1,60,-3.3572587106229435
6.016666666666651,SPH_JUNCTION_REGION,150,150-1,1,170.17860806654687,-94.14287676015893,194.48300668219278,-28.951386817755502,0.0,0.0,0,1,1.0,150-1,60,-0.25974594142752494
6.016666666666651,SPH_JUNCTION_REGION,180,180-1,30,0.09642731373323457,-37.80029297352437,37.80041596478946,-89.8538406533951,22.450199957428705,75.65816061410455,0,0,1.0,180-1,60,7.105427357601002e-14
6.016666666666651,SPH_JUNCTION_REGION,180,180-3,8,104.61834528066495,51.525327622830446,116.6184271712856,26.22059556550219,7.34598114796909,59.88125104417683,0,1,0.875,180-3,60,-26.269199406163892
6.016666666666651,SPH_JUNCTION_REGION,180,180-2,8,129.45166905573393,-135.82428054271583,187.6325393055843,-46.37612750736361,6.737806699835017,68.8262106589751,0,5,1.0,180-2,60,2.130378528297001
6.016666666666651,SPH_JUNCTION_REGION,180,180-3,4,42.45304253291814,3.888494457901556,42.630754267909545,5.233414802172776,1.7396841387753204,29.250744349342177,0,0,1.0,180-3,60,-0.5942922300231146
6.016666666666651,SPH_JUNCTION_REGION,180,180-5,2,25.729236159016104,-79.07351578503415,83.15416100191538,-71.97595452858731,4.393974185270515,13.440145589748777,0,0,1.0,180-5,50,-0.1787815774078183
6.016666666666651,SPH_JUNCTION_REGION,180,180-8,2,57.517896834863365,-79.14299844257748,97.83620321122343,-53.991878070497734,1.6267552680654305,6.877191278800184,0,0,1.0,180-8,5,0.009512383241343514
6.016666666666651,SPH_JUNCTION_REGION,180,180-2,2,191.09912341682463,-74.46555278783417,205.09508410168317,-21.289359258320676,1.3605413221140594,11.128262066464485,0,2,1.0,180-2,60,2.7242799138264218
6.016666666666651,SPH_JUNCTION_REGION,180,180-9,2,193.32746542211947,-8.889750856986842,193.5317456047976,-2.63276957623195,0.9305507165772927,9.905139183597221,0,2,1.0,180-9,39,3.271219063556714
6.016666666666651,SPH_JUNCTION_REGION,180,180-3,1,75.44667498317177,3.8183868335868008,75.54323824160086,2.8972906170180246,0.0,0.0,0,0,1.0,180-3,60,1.2268690132482618
6.016666666666651,SPH_JUNCTION_REGION,180,180-2,1,98.26163568080557,-103.55405453743657,142.75430381536574,-46.50218142673843,0.0,0.0,0,0,0.3333333333333333,180-2,60,-56.184159015446085
6.016666666666651,SPH_JUNCTION_REGION,180,180-2,1,98.7727219119104,-119.0257094744658,154.67116767448135,-50.312633492401524,0.0,0.0,0,0,0.3333333333333333,180-2,60,62.98447957571
6.016666666666651,SPH_JUNCTION_REGION,180,180-2,1,201.32171315351854,-55.65924035528516,208.8740846155765,-15.454478985722853,0.0,0.0,0,1,1.0,180-2,60,2.9193532066537387
6.016666666666651,SPH_JUNCTION_REGION,180,180-2,1,204.07404057493758,-32.86834782916232,206.70399687862852,-9.14953470561835,0.0,0.0,0,1,1.0,180-2,60,3.264131870352287
6.016666666666651,SPH_JUNCTION_REGION,180,180-9,1,179.58086262392015,9.009526544178343,179.80672342629887,2.8721067086565433,0.0,0.0,0,1,1.0,180-9,39,-3.3572587106229435
6.016666666666651,SPH_JUNCTION_REGION,180,180-13,1,165.59207748008865,23.84981963993433,167.30077710826413,8.195809225315822,0.0,0.0,0,1,1.0,180-13,16,-0.7564460237972526
6.016666666666651,SPH_JUNCTION_REGION,180,180-13,1,151.70709025392665,42.045778055845595,157.42581962827595,15.490768566748919,0.0,0.0,0,1,1.0,180-13,16,0.9584013926414059
6.016666666666651,SPH_JUNCTION_REGION,180,180-3,1,140.67545737481439,59.44264985644288,152.718737977921,22.906569955765562,0.0,0.0,0,1,1.0,180-3,60,1.0310770638858457
6.016666666666651,SPH_JUNCTION_REGION,180,180-2,1,170.17860806654687,-94.14287676015893,194.48300668219278,-28.951386817755502,0.0,0.0,0,1,1.0,180-2,60,-0.25974594142752494
6.11666666666665,SPH_JUNCTION_REGION,90,90-1,110,75.35933048159872,-38.38106819328216,84.5702967139893,-26.990082898952767,41.484657514950996,302.12944795386187,0,29,0.9818181818181818,90-1,61,20.537460862902464
6.11666666666665,SPH_JUNCTION_REGION,120,120-1,87,62.07537442777574,-22.087468610667994,65.88784698239728,-19.58641919831917,45.8265816173121,255.103274859794,0,19,0.9655172413793104,120-1,61,49.956250153227586
6.11666666666665,SPH_JUNCTION_REGION,120,120-1,16,127.29330397622682,-119.99403846116653,174.93471497505575,-43.3092716902268,8.761153598614957,97.732991630733,0,8,1.0,120-1,61,1.9256104834380494
6.11666666666665,SPH_JUNCTION_REGION,150,150-1,58,20.09234044325021,-37.80650640358238,42.813947154304564,-62.011503620771364,39.7731545223922,120.71790451838957,0,0,1.0,150-1,61,0.037585874984671364
6.11666666666665,SPH_JUNCTION_REGION,150,150-1,14,123.6073736395444,49.255882243226154,133.05985402676683,21.726619338200425,7.973951283609483,85.82084734355311,0,7,1.0,150-1,61,1.5712766026189229
6.11666666666665,SPH_JUNCTION_REGION,150,150-1,13,117.92258175093683,-126.2580662712429,172.76236449342764,-46.9551209521206,5.606908892774609,81.75190125211354,0,5,1.0,150-1,61,2.110422178840281
6.11666666666665,SPH_JUNCTION_REGION,150,150-1,6,199.34736134365826,-28.67430606889143,201.39907225012612,-8.185333179782969,4.750392592543924,51.817507026181424,0,6,1.0,150-1,61,3.00828400869392
6.11666666666665,SPH_JUNCTION_REGION,150,150-1,2,191.50476728389222,-74.0627662241087,205.32746828718433,-21.143535228098507,1.3353127369334654,10.76732989222225,0,2,1.0,150-1,61,2.323841855011608
6.11666666666665,SPH_JUNCTION_REGION,150,150-1,1,179.20810680118694,9.464337173037599,179.45784803510423,3.023095780375186,0.0,0.0,0,1,1.0,150-1,61,-3.4887539119463895
6.11666666666665,SPH_JUNCTION_REGION,150,150-1,1,170.0856948634471,-94.19267407703458,194.42583019486915,-28.977481942103385,0.0,0.0,0,1,1.0,150-1,61,-0.5717648732363045
6.11666666666665,SPH_JUNCTION_REGION,180,180-1,30,0.13718838704628444,-37.800167016265526,37.800415964789444,-89.79205697527267,22.44249096962985,75.6524281292215,0,0,1.0,180-1,61,-1.4210854715202004e-13
6.11666666666665,SPH_JUNCTION_REGION,180,180-3,8,104.75141989090322,51.773881553265866,116.8477418705724,26.30110127175811,7.270101622353185,59.54684224570084,0,1,1.0,180-3,61,2.2931469928680315
6.11666666666665,SPH_JUNCTION_REGION,180,180-2,8,129.71223213592157,-135.81056946308956,187.80248652127023,-46.31569707360519,6.677265113555649,68.25755659713175,0,5,1.0,180-2,61,1.6994721568593718
6.11666666666665,SPH_JUNCTION_REGION,180,180-3,4,42.424012258032924,3.934296870228833,42.6060501329661,5.298313147268999,1.7402246273851814,29.253940668080276,0,0,1.0,180-3,61,-0.24704134943448253
6.11666666666665,SPH_JUNCTION_REGION,180,180-5,2,25.800562397197528,-79.0460324327656,83.15013086804804,-71.92335837432597,4.391145462316118,13.430331024080035,0,0,1.0,180-5,51,-0.04030133867345853
6.11666666666665,SPH_JUNCTION_REGION,180,180-8,2,57.616799909039706,-79.08094368525096,97.8442194813171,-53.923664811111514,1.637000647948934,6.9216240956060116,0,0,1.0,180-8,6,0.0801627009366257
6.11666666666665,SPH_JUNCTION_REGION,180,180-2,2,191.50476728389222,-74.0627662241087,205.32746828718433,-21.143535228098507,1.3353127369334654,10.76732989222225,0,2,1.0,180-2,61,2.323841855011608
6.11666666666665,SPH_JUNCTION_REGION,180,180-9,2,193.60281343874573,-8.849527868613116,193.80496256519115,-2.6171515669247416,0.9452304580703121,9.812523827495855,0,2,1.0,180-9,40,2.7321696039354038
6.11666666666665,SPH_JUNCTION_REGION,180,180-3,1,75.56793245892534,3.89960770678709,75.66848324357728,2.954071152726871,0.0,0.0,0,0,1.0,180-3,61,1.2524500197642396
6.11666666666665,SPH_JUNCTION_REGION,180,180-2,1,98.41274924611278,-103.6283929178047,142.91225641247564,-46.478748396995755,0.0,0.0,0,0,1.0,180-2,61,1.579525971098974
6.11666666666665,SPH_JUNCTION_REGION,180,180-2,1,99.1258305168808,-119.20825369436544,155.0372149663479,-50.255292722415085,0.0,0.0,0,0,1.0,180-2,61,3.660472918665505
6.11666666666665,SPH_JUNCTION_REGION,180,180-2,1,201.71547286391606,-55.28591416412666,209.15464206580842,-15.327164307468943,0.0,0.0,0,1,1.0,180-2,61,2.8055745023192458
6.11666666666665,SPH_JUNCTION_REGION,180,180-2,1,204.35088144874976,-32.74432549334279,206.9576613727913,-9.103449145568613,0.0,0.0,0,1,1.0,180-2,61,2.5366449416279124
6.11666666666665,SPH_JUNCTION_REGION,180,180-9,1,179.20810680118694,9.464337173037599,179.45784803510423,3.023095780375186,0.0,0.0,0,1,1.0,180-9,40,-3.4887539119463895
6.11666666666665,SPH_JUNCTION_REGION,180,180-13,1,165.41548799414102,24.274248732527038,167.18708927386828,8.3484048663714,0.0,0.0,0,1,1.0,180-13,17,-1.1368783439584718
6.11666666666665,SPH_JUNCTION_REGION,180,180-13,1,151.65356081703806,42.43946987302684,157.47987525900132,15.634003613608524,0.0,0.0,0,1,1.0,180-13,17,0.5405563072537234
6.11666666666665,SPH_JUNCTION_REGION,180,180-3,1,140.60398424300246,59.7684506151971,152.78006438651522,23.029549970721817,0.0,0.0,0,1,1.0,180-3,61,0.6132640859422622
6.11666666666665,SPH_JUNCTION_REGION,180,180-2,1,170.0856948634471,-94.19267407703458,194.42583019486915,-28.977481942103385,0.0,0.0,0,1,1.0,180-2,61,-0.5717648732363045
6.21666666666665,SPH_JUNCTION_REGION,90,90-1,110,75.37614295508104,-38.49999126233317,84.63930679054822,-27.056653562055825,41.490149526360305,302.13968995230346,0,29,1.0,90-1,62,0.6901007655892499
6.21666666666665,SPH_JUNCTION_REGION,120,120-1,88,63.46435331681676,-22.73269987166531,67.41290518422242,-19.707338873812805,45.600569232256355,255.2014025261481,0,20,0.9886363636363636,120-1,62,15.250582018251464
6.21666666666665,SPH_JUNCTION_REGION,120,120-1,16,127.1997761482194,-120.3346815333735,175.1005957496877,-43.411372101307634,8.70560107334761,97.33685436317315,0,8,1.0,120-1,62,1.6588077463194395
6.21666666666665,SPH_JUNCTION_REGION,150,150-1,58,20.04821875413093,-37.835556341428834,42.81892570907078,-62.081879750654814,39.77550719548274,120.91626364644326,0,0,1.0,150-1,62,0.04978554766218224
6.21666666666665,SPH_JUNCTION_REGION,150,150-1,16,130.16937438392756,44.51343619851729,137.57002591299664,18.878918629953645,9.531628788365179,102.50986985214733,0,9,0.875,150-1,62,45.10171886229813
6.21666666666665,SPH_JUNCTION_REGION,150,150-1,13,117.86661039967264,-126.55945336514588,172.94459541481126,-47.03682610072663,5.5566981495780325,81.3800041729245,0,5,1.0,150-1,62,1.8223092138362063
6.21666666666665,SPH_JUNCTION_REGION,150,150-1,6,199.57424242319004,-29.051828210371117,201.67768087013283,-8.282316110819293,4.712297826638426,51.5380065741597,0,6,1.0,150-1,62,2.786086200067075
6.21666666666665,SPH_JUNCTION_REGION,150,150-1,2,170.627504977643,-89.7700417086119,192.80146743025975,-27.749623551236382,1.4048808311146512,9.902194544529078,0,2,0.5,150-1,62,-16.243627646094012
6.21666666666665,SPH_JUNCTION_REGION,150,150-1,2,191.6757608667636,-74.1712032203193,205.52606815438924,-21.154535360291074,1.3060935872594044,10.387120866395486,0,2,1.0,150-1,62,1.9859986720490497
6.21666666666665,SPH_JUNCTION_REGION,180,180-1,30,0.07713892628019453,-37.800337256394435,37.800415964789444,-89.88307700148722,22.45384887618312,75.66087308665914,0,0,1.0,180-1,62,0.0
6.21666666666665,SPH_JUNCTION_REGION,180,180-3,8,105.0348596475835,51.70247710208149,117.07035440144027,26.20830780475162,7.2015173536268,59.25195598179652,0,1,1.0,180-3,62,2.2261253086786326
6.21666666666665,SPH_JUNCTION_REGION,180,180-2,8,129.6049277290595,-136.08874051451934,187.92972778802962,-46.39793090264299,6.616716154166117,67.67199756210233,0,5,1.0,180-2,62,1.2724126675939829
6.21666666666665,SPH_JUNCTION_REGION,180,180-3,4,40.681323630882765,3.872073187698909,40.8651813055016,5.437067942231464,1.8028794629223415,29.268397378413056,0,0,0.6,180-3,62,-17.40868827464496
6.21666666666665,SPH_JUNCTION_REGION,180,180-8,3,51.41960993072029,-79.1561735583061,94.39108060521453,-56.992369058073834,4.7064363781317295,21.72225378778687,0,0,0.6666666666666666,180-8,7,-34.53138876102571
6.21666666666665,SPH_JUNCTION_REGION,180,180-2,2,191.6757608667636,-74.1712032203193,205.52606815438924,-21.154535360291074,1.3060935872594044,10.387120866395486,0,2,1.0,180-2,62,1.9859986720490497
6.21666666666665,SPH_JUNCTION_REGION,180,180-9,2,193.8202141781069,-9.324393428042692,194.0443756898101,-2.7542885782225532,0.962025305113947,9.686883080749125,0,2,1.0,180-9,41,2.394131246189488
6.21666666666665,SPH_JUNCTION_REGION,180,180-5,1,18.964144513136354,-79.07031642359851,81.31269099250812,-76.51299001733449,0.0,0.0,0,0,0.5,180-5,52,-18.37439875539914
6.21666666666665,SPH_JUNCTION_REGION,180,180-3,1,75.68697411566625,3.779256315265372,75.78126964548697,2.8585598372352186,0.0,0.0,0,0,1.0,180-3,62,1.1278640190968758
6.21666666666665,SPH_JUNCTION_REGION,180,180-2,1,98.3405168033016,-103.98446953043106,143.12102273483652,-46.59787892336051,0.0,0.0,0,0,1.0,180-2,62,2.087663223608729
6.21666666666665,SPH_JUNCTION_REGION,180,180-2,1,99.21996164628253,-119.52619243102644,155.34191792992817,-50.30357429656882,0.0,0.0,0,0,1.0,180-2,62,3.047029635802687
6.21666666666665,SPH_JUNCTION_REGION,180,180-2,1,202.03087521641498,-55.47611849634799,209.50912692322376,-15.354530747002764,0.0,0.0,0,1,1.0,180-2,62,3.544848574153434
6.21666666666665,SPH_JUNCTION_REGION,180,180-2,1,204.47599596804963,-33.15869498325739,207.147126410478,-9.211142677892965,0.0,0.0,0,1,1.0,180-2,62,1.8946503768668777
6.21666666666665,SPH_JUNCTION_REGION,180,180-9,1,178.86003551738114,9.394855011315553,179.10660402665917,3.0067718160459944,0.0,0.0,0,1,1.0,180-9,41,-3.5124400844506454
6.21666666666665,SPH_JUNCTION_REGION,180,180-13,1,165.28394885640006,24.181640454329777,167.04351374605224,8.323527651344826,0.0,0.0,0,1,1.0,180-13,18,-1.4357552781604
6.21666666666665,SPH_JUNCTION_REGION,180,180-13,1,151.69026233540512,42.36914496117311,157.49628608994223,15.605768375902448,0.0,0.0,0,1,1.0,180-13,18,0.16410830940913002
6.21666666666665,SPH_JUNCTION_REGION,180,180-3,1,140.67684806024758,59.65509977681697,152.80283541069508,22.979746348422537,0.0,0.0,0,1,1.0,180-3,62,0.22771024179860433
6.21666666666665,SPH_JUNCTION_REGION,180,180-2,1,169.72616844354218,-94.63840453935084,194.32807277457232,-29.143803986751625,0.0,0.0,0,1,1.0,180-2,62,-0.9775742029682988
6.3166666666666496,SPH_JUNCTION_REGION,90,90-1,110,75.55532511650222,-38.29775612032044,84.70729175998896,-26.87970317232402,46.19458939076587,301.9746555804027,0,29,1.0,90-1,63,0.6798496944074373
6.3166666666666496,SPH_JUNCTION_REGION,120,120-1,88,63.58691570936034,-22.53754291793848,67.46285415106017,-19.516199802998102,50.92685804392485,255.20450675399434,0,20,1.0,120-1,63,0.4994896683774641
6.3166666666666496,SPH_JUNCTION_REGION,120,120-1,16,127.6221274296791,-120.09543029013699,175.24360127048976,-43.25964962689252,8.647128510561089,96.97152690144947,0,8,1.0,120-1,63,1.430055208020633
6.3166666666666496,SPH_JUNCTION_REGION,150,150-1,58,20.16761663467964,-37.77944084231906,42.82544700387484,-61.90557772848648,49.88939674660779,120.9389658373477,0,0,1.0,150-1,63,0.06521294804059607
6.3166666666666496,SPH_JUNCTION_REGION,150,150-1,16,130.1048772767851,44.95594240075397,137.65288172917855,19.061883087768273,9.480997154891465,101.89151150419877,0,9,1.0,150-1,63,0.8285581618190463
6.3166666666666496,SPH_JUNCTION_REGION,150,150-1,13,118.35495897797676,-126.31522717936122,173.09948853781225,-46.863443014624735,5.506197341678507,80.94042375970105,0,5,1.0,150-1,63,1.5489312300098845
6.3166666666666496,SPH_JUNCTION_REGION,150,150-1,6,199.90756885856126,-28.57979329560649,201.94019082827472,-8.136160593145014,4.6731757217777075,51.23179740459155,0,6,1.0,150-1,63,2.625099581418908
6.3166666666666496,SPH_JUNCTION_REGION,150,150-1,2,170.75018958494542,-89.55773529986018,192.81134612707476,-27.676815751958724,1.3905809900820412,9.72975895110919,0,2,1.0,150-1,63,0.0987869681500797
6.3166666666666496,SPH_JUNCTION_REGION,150,150-1,2,192.10706929482615,-73.45815572337546,205.672620237422,-20.925920584614158,1.2784764124119867,10.043148086979967,0,2,1.0,150-1,63,1.4655208303275913
6.3166666666666496,SPH_JUNCTION_REGION,180,180-1,30,0.17745778113456753,-37.799999415965914,37.800415964789444,-89.73101832375957,50.542215007166604,75.64679932587515,0,0,1.0,180-1,63,0.0
6.3166666666666496,SPH_JUNCTION_REGION,180,180-3,8,105.10841721702977,52.05096783752339,117.29059051216382,26.345173399769273,7.132205131021959,58.920104937342494,0,1,1.0,180-3,63,2.2023611072354754
6.3166666666666496,SPH_JUNCTION_REGION,180,180-2,8,130.06930207087635,-135.7682324683496,188.01871260272125,-46.228098407079074,6.556252028920134,67.07680940323003,0,5,1.0,180-2,63,0.8898481469162789
6.3166666666666496,SPH_JUNCTION_REGION,180,180-3,3,33.0114493628485,3.9797911987508456,33.250481605858965,6.874283199943973,1.2125995316388938,13.760784399043514,0,0,0.4,180-3,63,-76.14699699642635
6.3166666666666496,SPH_JUNCTION_REGION,180,180-8,3,51.65295001543557,-79.01943111368782,94.40390743410963,-56.82839735828361,4.701481576225077,21.712916711992452,0,0,1.0,180-8,8,0.12826828895100562
6.3166666666666496,SPH_JUNCTION_REGION,180,180-2,2,192.10706929482615,-73.45815572337546,205.672620237422,-20.925920584614158,1.2784764124119867,10.043148086979967,0,2,1.0,180-2,63,1.4655208303275913
6.3166666666666496,SPH_JUNCTION_REGION,180,180-9,2,194.0442929065454,-8.982317809149404,194.25207757660084,-2.6503319106789203,0.9778582789334208,9.545104810358554,0,2,1.0,180-9,42,2.077018867907441
6.3166666666666496,SPH_JUNCTION_REGION,180,180-5,1,19.191644777337437,-79.01990519493879,81.31706245479246,-76.34883018423443,0.0,0.0,0,0,1.0,180-5,53,0.043714622843396
6.3166666666666496,SPH_JUNCTION_REGION,180,180-3,1,55.46586992671195,3.9800453253092334,55.60848395270676,4.104318760518741,0.0,0.0,0,0,0.25,180-3,63,147.4330264720516
6.3166666666666496,SPH_JUNCTION_REGION,180,180-3,1,75.79469454532295,3.980110679959687,75.89912385689006,3.005939700424299,0.0,0.0,0,0,1.0,180-3,63,1.1785421140308472
6.3166666666666496,SPH_JUNCTION_REGION,180,180-2,1,98.75174656798337,-103.91279400827466,143.35193130486013,-46.45877683824725,0.0,0.0,0,0,1.0,180-2,63,2.309085700236153
6.3166666666666496,SPH_JUNCTION_REGION,180,180-2,1,99.84874007137337,-119.3286781680499,155.59275152517458,-50.07895968920016,0.0,0.0,0,0,1.0,180-2,63,2.5083359524640514
6.3166666666666496,SPH_JUNCTION_REGION,180,180-2,1,202.6085255533744,-54.80617853330068,209.8902852262019,-15.136423946767877,0.0,0.0,0,1,1.0,180-2,63,3.8115830297815023
6.3166666666666496,SPH_JUNCTION_REGION,180,180-2,1,204.72568968808338,-32.689225405114286,207.3190620175766,-9.07202440336284,0.0,0.0,0,1,1.0,180-2,63,1.71935607098618
6.3166666666666496,SPH_JUNCTION_REGION,180,180-9,1,178.4761926771036,10.044846428811173,178.75863697257543,3.221274366342433,0.0,0.0,0,1,1.0,180-9,42,-3.4796705408373896
6.3166666666666496,SPH_JUNCTION_REGION,180,180-13,1,165.0336572856817,24.734876497186047,166.87696711175838,8.523916319294743,0.0,0.0,0,1,1.0,180-13,19,-1.6654663429386574
6.3166666666666496,SPH_JUNCTION_REGION,180,180-13,1,151.52624365965193,42.888714242297944,157.47902821316143,15.80388917568665,0.0,0.0,0,1,1.0,180-13,19,-0.17257876780803372
6.3166666666666496,SPH_JUNCTION_REGION,180,180-3,1,140.482598461714,60.08229446776984,152.79150034955143,23.155667172415306,0.0,0.0,0,1,1.0,180-3,63,-0.11335061143654457
6.3166666666666496,SPH_JUNCTION_REGION,180,180-2,1,169.75184437938944,-94.3190753593619,194.19520243005346,-29.057826763895836,0.0,0.0,0,1,1.0,180-2,63,-1.328703445188637
6.416666666666649,SPH_JUNCTION_REGION,90,90-1,110,75.65335008937146,-38.2515861601054,84.77389470532168,-26.821916238984393,46.18905983201147,301.93659338554687,0,29,1.0,90-1,64,0.6660294533271838
6.416666666666649,SPH_JUNCTION_REGION,120,120-1,105,73.77121941662132,-37.95048615932791,82.9604255892207,-27.222868670809223,46.85164175387676,301.93659338554687,0,28,0.8380952380952381,120-1,64,154.97571438160534
6.416666666666649,SPH_JUNCTION_REGION,150,150-1,59,20.09432164436872,-38.406923340009314,43.34597470114956,-62.381647179144856,49.565127605014304,121.10330518809374,0,0,0.9830508474576272,150-1,64,5.205276972747157
6.416666666666649,SPH_JUNCTION_REGION,150,150-1,23,150.64797066120747,24.02795321494755,152.55213403961196,9.062194279466134,14.86512106806898,166.1790397792683,0,16,0.6956521739130435,150-1,64,148.9925231043341
6.416666666666649,SPH_JUNCTION_REGION,150,150-1,13,118.58806737531064,-126.28882709420319,173.23971130384848,-46.80121391429154,5.456983078160849,80.53499380599057,0,5,1.0,150-1,64,1.402227660362314
6.416666666666649,SPH_JUNCTION_REGION,150,150-1,2,170.66461975227514,-89.6669654015146,192.78635096786567,-27.717376778478346,1.3753986699590932,9.56046436706262,0,2,1.0,150-1,64,-0.24995159209083795
6.416666666666649,SPH_JUNCTION_REGION,150,150-1,2,192.33648805184816,-73.12867266773942,205.76959785707925,-20.817412599047714,1.2536559724893959,9.761864541141655,0,2,1.0,150-1,64,0.9697761965725249
6.416666666666649,SPH_JUNCTION_REGION,180,180-1,30,0.19965000416139655,-37.79988871659475,37.800415964789444,-89.69738016073218,50.53649284358601,75.64992068290701,0,0,1.0,180-1,64,0.0
6.416666666666649,SPH_JUNCTION_REGION,180,180-2,8,130.25125345584348,-135.69185354567276,188.0895216259499,-46.17197978962349,6.497583913123916,66.50392203136205,0,5,1.0,180-2,64,0.7080902322866223
6.416666666666649,SPH_JUNCTION_REGION,180,180-3,5,108.99957059203045,64.45238694820253,126.62944591432064,30.596191330519673,2.437574211398689,34.02988899073115,0,1,0.625,180-3,64,93.38855402156824
6.416666666666649,SPH_JUNCTION_REGION,180,180-3,3,33.06207242556637,3.993689835094319,33.30240519200275,6.887598920704419,1.1965441096224132,13.79460581018667,0,0,1.0,180-3,64,0.5192358614378634
6.416666666666649,SPH_JUNCTION_REGION,180,180-8,2,46.95498668401672,-78.9919079591829,91.89391871896753,-59.271572938253286,3.9484307169191126,14.727967687030391,0,0,0.6666666666666666,180-8,9,-25.099887151421
6.416666666666649,SPH_JUNCTION_REGION,180,180-3,2,98.92486575075772,26.946305099941355,102.52917839495527,15.237217459926788,3.3971362735616806,12.723355594173196,0,0,0.25,180-3,64,-147.6141211720855
6.416666666666649,SPH_JUNCTION_REGION,180,180-2,2,99.6063917548314,-111.65945608951347,149.6304361171982,-48.26527888391713,1.7693496052187356,15.330291517471977,0,0,0.5,180-2,64,62.785048123380705
6.416666666666649,SPH_JUNCTION_REGION,180,180-2,2,192.33648805184816,-73.12867266773942,205.76959785707925,-20.817412599047714,1.2536559724893959,9.761864541141655,0,2,1.0,180-2,64,0.9697761965725249
6.416666666666649,SPH_JUNCTION_REGION,180,180-9,2,194.2268811213103,-9.040125377584559,194.43714978613025,-2.664860204490781,0.9946087690398242,9.400323175263177,0,2,1.0,180-9,43,1.8507220952940884
6.416666666666649,SPH_JUNCTION_REGION,180,180-5,1,19.27461807820763,-78.9990223885139,81.31639711891869,-76.2885458119955,0.0,0.0,0,0,1.0,180-5,54,-0.006653358737764847
6.416666666666649,SPH_JUNCTION_REGION,180,180-3,1,55.48290427447457,4.012619908742878,55.62781485248678,4.13652827806178,0.0,0.0,0,0,1.0,180-3,64,0.19330899780015898
6.416666666666649,SPH_JUNCTION_REGION,180,180-12,1,74.40798698228544,-78.97569144847371,108.50672037491725,-46.7057412373976,0.0,0.0,0,0,0.0,,1,
6.416666666666649,SPH_JUNCTION_REGION,180,180-3,1,75.92636292488838,4.024687929294432,76.03295798487702,3.034282258203805,0.0,0.0,0,0,1.0,180-3,64,1.3383412798695815
6.416666666666649,SPH_JUNCTION_REGION,180,180-2,1,203.0294624262691,-54.54281175968821,210.2281639736993,-15.037179743221209,0.0,0.0,0,1,1.0,180-2,64,3.37878747497399
6.416666666666649,SPH_JUNCTION_REGION,180,180-2,1,204.91056549666357,-32.630504161179914,207.49238456862756,-9.047962837795508,0.0,0.0,0,1,1.0,180-2,64,1.7332255105094418
6.416666666666649,SPH_JUNCTION_REGION,180,180-9,1,178.15930009098997,10.33024914428027,178.45853932018585,3.3184779098606407,0.0,0.0,0,1,1.0,180-9,43,-3.0009765238958153
6.416666666666649,SPH_JUNCTION_REGION,180,180-13,1,164.82154203998172,24.903150813338318,166.69225429176166,8.591923696594923,0.0,0.0,0,1,1.0,180-13,20,-1.8471281999671874
6.416666666666649,SPH_JUNCTION_REGION,180,180-13,1,151.43364484220828,43.04849109074808,157.43354590234665,15.869017801021744,0.0,0.0,0,1,1.0,180-13,20,-0.45482310814776383
6.416666666666649,SPH_JUNCTION_REGION,180,180-3,1,140.4002523029651,60.17161597550852,152.75095487701648,23.1986178446038,0.0,0.0,0,1,1.0,180-3,64,-0.4054547253494434
6.416666666666649,SPH_JUNCTION_REGION,180,180-2,1,169.56921445954404,-94.31999742086771,194.03602862844656,-29.084257039383097,0.0,0.0,0,1,1.0,180-2,64,-1.5917380160689731
6.516666666666649,SPH_JUNCTION_REGION,90,90-1,110,75.91671315696577,-37.87194106728696,84.83885464078989,-26.51285188746928,46.170597960940725,302.0471872376019,0,29,1.0,90-1,65,0.6495993546820955
6.516666666666649,SPH_JUNCTION_REGION,120,120-1,104,72.9749464681326,-37.25076867527211,81.93267101056485,-27.04247953040311,47.03527325589302,302.0471872376019,0,27,0.9904761904761905,120-1,65,-10.27754578655859
6.516666666666649,SPH_JUNCTION_REGION,150,150-1,58,19.12749499526768,-37.612101789795965,42.19634185376693,-63.04455616301788,49.928309069927735,117.34806339836507,0,0,0.9830508474576272,150-1,65,-11.496328473826267
6.516666666666649,SPH_JUNCTION_REGION,150,150-1,23,150.64593936226495,24.813257769883375,152.67578985383992,9.353344133937567,14.83888325065651,165.85968650546047,0,16,1.0,150-1,65,1.2365581422795913
6.516666666666649,SPH_JUNCTION_REGION,150,150-1,16,128.49531795193573,-119.51711308082001,175.4861449082023,-42.92676233694032,8.531405741260297,96.27224172859452,0,8,0.8125,150-1,65,22.464336043538253
6.516666666666649,SPH_JUNCTION_REGION,150,150-1,2,192.85781965752278,-71.9469105780613,205.84094963048807,-20.458369522351493,1.2318416017693945,9.534213016288408,0,2,1.0,150-1,65,0.7135177340882137
6.516666666666649,SPH_JUNCTION_REGION,180,180-1,30,0.387145659892067,-37.79843337162449,37.80041596478945,-89.41317576500005,50.488149978180004,75.67628687812996,0,0,1.0,180-1,65,7.105427357601002e-14
6.516666666666649,SPH_JUNCTION_REGION,180,180-2,8,131.0238436284777,-135.03504969348984,188.1534274067391,-45.86374773984167,6.441056675293743,65.97908044125701,0,5,1.0,180-2,65,0.6390578078918452
6.516666666666649,SPH_JUNCTION_REGION,180,180-3,5,108.9340339363309,64.95156713286886,126.82795363269591,30.805374402501027,2.404845186019896,33.784920771906954,0,1,1.0,180-3,65,1.9850771837526793
6.516666666666649,SPH_JUNCTION_REGION,180,180-8,4,59.55124853407587,-78.6903329708163,98.68393843491053,-52.88230255422839,6.435437532452474,34.81888648165207,0,0,0.5,180-8,10,67.90019715943004
6.516666666666649,SPH_JUNCTION_REGION,180,180-3,3,33.108299191290996,4.141672182466499,33.3663441780345,7.130357746124201,1.1507568098030974,13.833262659439974,0,0,1.0,180-3,65,0.6393898603175074
6.516666666666649,SPH_JUNCTION_REGION,180,180-3,2,98.95317058339268,27.644413844505294,102.74212176761917,15.608697197893957,3.3635300165771156,12.655143322027799,0,0,1.0,180-3,65,2.1294337266390073
6.516666666666649,SPH_JUNCTION_REGION,180,180-2,2,100.38997881695471,-111.26200278973413,149.85786970209946,-47.94055395249197,1.7411342037932656,15.244390121230449,0,0,1.0,180-2,65,2.2743358490126298
6.516666666666649,SPH_JUNCTION_REGION,180,180-2,2,192.85781965752278,-71.9469105780613,205.84094963048807,-20.458369522351493,1.2318416017693945,9.534213016288408,0,2,1.0,180-2,65,0.7135177340882137
6.516666666666649,SPH_JUNCTION_REGION,180,180-9,2,194.43515549218523,-8.244756046819067,194.60988077058627,-2.4280943376528237,1.0101656068208742,9.253540310220924,0,2,1.0,180-9,44,1.7273098445602386
6.516666666666649,SPH_JUNCTION_REGION,180,180-5,1,19.710371041029333,-78.86833184628848,81.29398806056528,-75.96834583305102,0.0,0.0,0,0,1.0,180-5,55,-0.22409058353403566
6.516666666666649,SPH_JUNCTION_REGION,180,180-3,1,55.48490145821802,4.287906757243957,55.65034082723108,4.419069152430916,0.0,0.0,0,0,1.0,180-3,65,0.22525974744304733
6.516666666666649,SPH_JUNCTION_REGION,180,180-3,1,76.02670647863722,4.401927575856053,76.15403511549431,3.313711881340816,0.0,0.0,0,0,1.0,180-3,65,1.2107713061729442
6.516666666666649,SPH_JUNCTION_REGION,180,180-2,1,203.65710610933792,-53.388864147163005,210.53880327330245,-14.68958198212699,0.0,0.0,0,1,1.0,180-2,65,3.1063929960313885
6.516666666666649,SPH_JUNCTION_REGION,180,180-2,1,205.22387559617613,-31.669989120277705,207.65314186304354,-8.772638568627729,0.0,0.0,0,1,1.0,180-2,65,1.6075729441598696
6.516666666666649,SPH_JUNCTION_REGION,180,180-9,1,177.89303226297142,11.554050429879993,178.26785186637213,3.71610850860757,0.0,0.0,0,1,1.0,180-9,44,-1.906874538137231
6.516666666666649,SPH_JUNCTION_REGION,180,180-13,1,164.49022052570635,25.755208957147126,166.4943345493228,8.898887503212096,0.0,0.0,0,1,1.0,180-13,21,-1.9791974243887012
6.516666666666649,SPH_JUNCTION_REGION,180,180-13,1,151.15532615713545,43.85439397331435,157.38850179233762,16.178924239886037,0.0,0.0,0,1,1.0,180-13,21,-0.4504411000903019
6.516666666666649,SPH_JUNCTION_REGION,180,180-3,1,140.04387212646463,60.836346118004805,152.68708894062803,23.480569750853952,0.0,0.0,0,1,1.0,180-3,65,-0.6386593638845284
6.516666666666649,SPH_JUNCTION_REGION,180,180-2,1,169.7873246403508,-93.55626149148192,193.8569309382319,-28.855656189340664,0.0,0.0,0,1,1.0,180-2,65,-1.7909769021466104
6.6166666666666485,SPH_JUNCTION_REGION,90,90-1,111,77.05184628067883,-36.79458092901045,85.38634668963687,-25.525882802150097,46.09351867305721,302.1958773924776,0,30,0.990990990990991,90-1,66,5.474920488469763
6.6166666666666485,SPH_JUNCTION_REGION,120,120-1,105,74.31819223140099,-37.03814042185794,83.03624234304402,-26.490401767330336,46.79891031902495,302.1958773924776,0,28,0.9904761904761905,120-1,66,11.035713324791772
6.6166666666666485,SPH_JUNCTION_REGION,150,150-1,58,19.43829663170481,-37.46214642579262,42.20497353120451,-62.57617877663497,49.88194149516311,117.73387769776951,0,0,1.0,150-1,66,0.08631677437577423
6.6166666666666485,SPH_JUNCTION_REGION,150,150-1,23,150.56499727117495,26.002152754349027,152.79375102120315,9.79817528137399,14.812777113696221,165.44560310593258,0,16,1.0,150-1,66,1.179611673632337
6.6166666666666485,SPH_JUNCTION_REGION,150,150-1,16,129.50945768665912,-118.56989743538813,175.58906631146203,-42.4750626446712,8.478302897086849,96.03376647286352,0,8,1.0,150-1,66,1.029214032597281
6.6166666666666485,SPH_JUNCTION_REGION,150,150-1,2,193.54803415141293,-70.21831182066637,205.89184743165728,-19.940532207071552,1.2118615247777047,9.33409623055982,0,2,1.0,150-1,66,0.5089780116921361
6.6166666666666485,SPH_JUNCTION_REGION,180,180-1,30,0.6785939806019158,-37.79432440619359,37.80041596478946,-88.97136952661054,50.413009668862486,75.71724916025627,0,0,1.0,180-1,66,7.105427357601002e-14
6.6166666666666485,SPH_JUNCTION_REGION,180,180-2,8,132.1570832907814,-134.00255525638394,188.2078092937877,-45.39726556954126,6.3871921414641255,65.50406744175226,0,5,1.0,180-2,66,0.5438188704860636
6.6166666666666485,SPH_JUNCTION_REGION,180,180-3,5,108.68874287374925,65.73149582927786,127.01918111620131,31.16421488353386,2.3735228227718195,33.52620044867318,0,1,1.0,180-3,66,1.9122748350540064
6.6166666666666485,SPH_JUNCTION_REGION,180,180-3,4,38.733272744038686,4.46005294669774,38.98920991442937,6.568556677607327,1.5500857432567248,29.225695939197358,0,0,0.75,180-3,66,56.22865736394864
6.6166666666666485,SPH_JUNCTION_REGION,180,180-8,4,60.20659716689836,-78.2281322931489,98.71410752517383,-52.417095269109,6.432639604819624,34.83180929978977,0,0,1.0,180-8,11,0.30169090263299836
6.6166666666666485,SPH_JUNCTION_REGION,180,180-3,2,98.90812617473819,28.6151278380431,102.9642800420878,16.135694635765155,3.3307715133422935,12.59053111986947,0,0,1.0,180-3,66,2.221582744686259
6.6166666666666485,SPH_JUNCTION_REGION,180,180-2,2,101.46801780069622,-110.58314096836446,150.08127698960843,-47.46137195638507,1.7264968585258273,15.232348199844068,0,0,1.0,180-2,66,2.2340728750896233
6.6166666666666485,SPH_JUNCTION_REGION,180,180-2,2,193.54803415141293,-70.21831182066637,205.89184743165728,-19.940532207071552,1.2118615247777047,9.33409623055982,0,2,1.0,180-2,66,0.5089780116921361
6.6166666666666485,SPH_JUNCTION_REGION,180,180-9,2,194.66175882188975,-6.905662696083416,194.7842101529373,-2.0317265942679548,1.0194571873911753,9.123238638645176,0,2,1.0,180-9,45,1.743293823510328
6.6166666666666485,SPH_JUNCTION_REGION,180,180-5,1,20.363766850208027,-78.66005624140716,81.2532303864343,-75.48573647441219,0.0,0.0,0,0,1.0,180-5,56,-0.40757674130986743
6.6166666666666485,SPH_JUNCTION_REGION,180,180-3,1,76.10429175324496,4.989539930732039,76.26767816043306,3.751050327564833,0.0,0.0,0,0,1.0,180-3,66,1.1364304493875466
6.6166666666666485,SPH_JUNCTION_REGION,180,180-2,1,204.41194040767917,-51.67346948027975,210.84209453845307,-14.18664251911392,0.0,0.0,0,1,1.0,180-2,66,3.0329126515061944
6.6166666666666485,SPH_JUNCTION_REGION,180,180-2,1,205.62765405206977,-30.14724780339591,207.8258613865874,-8.340761570058238,0.0,0.0,0,1,1.0,180-2,66,1.7271952354386144
6.6166666666666485,SPH_JUNCTION_REGION,180,180-9,1,177.57021975409742,13.314212649526473,178.0686699057284,4.288013042314651,0.0,0.0,0,1,1.0,180-9,45,-1.991819606437275
6.6166666666666485,SPH_JUNCTION_REGION,180,180-13,1,164.0810968649582,27.03631671349124,166.29362215623303,9.356785121168222,0.0,0.0,0,1,1.0,180-13,22,-2.007123930897592
6.6166666666666485,SPH_JUNCTION_REGION,180,180-13,1,150.7606355394632,45.0887774226954,157.35872100947003,16.650623373997647,0.0,0.0,0,1,1.0,180-13,22,-0.29780782867590005
6.6166666666666485,SPH_JUNCTION_REGION,180,180-3,1,139.50899953170904,61.859019796850255,152.60831982747698,23.912748583121513,0.0,0.0,0,1,1.0,180-3,66,-0.7876911315105417
6.6166666666666485,SPH_JUNCTION_REGION,180,180-2,1,170.25156623073036,-92.30717319366076,193.66520086742804,-28.465710181513696,0.0,0.0,0,1,1.0,180-2,66,-1.9173007080385673
6.716666666666648,SPH_JUNCTION_REGION,90,90-1,112,78.12823224237434,-35.93350362465732,85.99556590930513,-24.699111271197832,46.039007628365724,302.35072988245355,0,31,0.9734513274336283,90-1,67,6.092192196682618
6.716666666666648,SPH_JUNCTION_REGION,120,120-1,105,74.56675428080518,-36.67384491884269,83.09736304543786,-26.189144389428993,46.776805712192434,302.35072988245355,0,28,1.0,120-1,67,0.6112070239383627
6.716666666666648,SPH_JUNCTION_REGION,150,150-1,58,19.645326478843202,-37.365871658278806,42.215485514717244,-62.266587071317424,49.84840958639904,118.02325240473387,0,0,1.0,150-1,67,0.10511983512735412
6.716666666666648,SPH_JUNCTION_REGION,150,150-1,23,150.5536368839522,26.753504980984545,152.91222190443935,10.076323756203111,14.786698229823767,165.202215333528,0,16,1.0,150-1,67,1.1847088323619914
6.716666666666648,SPH_JUNCTION_REGION,150,150-1,16,130.17700980759156,-117.9825003114599,175.68700652634908,-42.186759608925655,8.428045204649058,95.73950309838976,0,8,1.0,150-1,67,0.979402148870463
6.716666666666648,SPH_JUNCTION_REGION,150,150-1,2,194.01325626296588,-69.02796084772324,205.92717883891402,-19.585045966985597,1.192989073035676,9.144874171254687,0,2,1.0,150-1,67,0.3533140725673434
6.716666666666648,SPH_JUNCTION_REGION,180,180-1,30,0.862135158379536,-37.79058308732211,37.800415964789465,-88.69310989693756,50.3656911483134,75.74302879013823,0,0,1.0,180-1,67,7.105427357601002e-14
6.716666666666648,SPH_JUNCTION_REGION,180,180-2,8,132.90316202992508,-133.3391361407322,188.26198688080723,-45.09382226029048,6.33544372802611,65.06876700561875,0,5,1.0,180-2,67,0.541775870195238
6.716666666666648,SPH_JUNCTION_REGION,180,180-3,5,108.62753855628958,66.18843700985971,127.20397527831568,31.3545969004042,2.3422918066710157,33.27938700012835,0,1,1.0,180-3,67,1.8479416211437183
6.716666666666648,SPH_JUNCTION_REGION,180,180-3,4,38.78011336907159,4.628477518989811,39.05534530716429,6.806160422276164,1.4878584123815903,29.201752915508507,0,0,1.0,180-3,67,0.6613539273492108
6.716666666666648,SPH_JUNCTION_REGION,180,180-8,2,48.46984346095421,-78.1543045507052,91.96423785871215,-58.19358158487174,3.924027337607054,14.659224565298569,0,0,0.5,180-8,12,-67.49869666461677
6.716666666666648,SPH_JUNCTION_REGION,180,180-3,2,98.9390209434741,29.297897650661266,103.1857387045411,16.49511492615959,3.3014243698042254,12.539164907439652,0,0,1.0,180-3,67,2.2145866245330126
6.716666666666648,SPH_JUNCTION_REGION,180,180-2,2,102.22402087608722,-110.19645793848883,150.30971288065138,-47.14938174586327,1.7160015710888175,15.250671311557024,0,0,1.0,180-2,67,2.2843589104294892
6.716666666666648,SPH_JUNCTION_REGION,180,180-2,2,194.01325626296588,-69.02796084772324,205.92717883891402,-19.585045966985597,1.192989073035676,9.144874171254687,0,2,1.0,180-2,67,0.3533140725673434
6.716666666666648,SPH_JUNCTION_REGION,180,180-9,2,194.88661270790553,-6.105496593707217,194.98222714241658,-1.7944013865933308,1.0223187703867307,9.024797716469214,0,2,1.0,180-9,46,1.9801698947927093
6.716666666666648,SPH_JUNCTION_REGION,180,180-5,1,20.802660683594727,-78.49507955883087,81.20485334303588,-75.1567740414759,0.0,0.0,0,0,1.0,180-5,57,-0.4837704339841764
6.716666666666648,SPH_JUNCTION_REGION,180,180-3,1,76.19850792278334,5.361246247922621,76.38688088271009,4.024637895130413,0.0,0.0,0,0,1.0,180-3,67,1.1920272227702355
6.716666666666648,SPH_JUNCTION_REGION,180,180-12,1,82.6620471237278,-77.53510435509773,113.33448919918989,-43.16693399904306,0.0,0.0,0,0,0.0,,1,
6.716666666666648,SPH_JUNCTION_REGION,180,180-2,1,205.04656820089747,-50.54938474237077,211.18554739564334,-13.848773520271275,0.0,0.0,0,1,1.0,180-2,67,3.4345285719027174
6.716666666666648,SPH_JUNCTION_REGION,180,180-2,1,206.05169826317632,-29.22360198276997,208.11372196466627,-8.072226509956339,0.0,0.0,0,1,1.0,180-2,67,2.8786057807886323
6.716666666666648,SPH_JUNCTION_REGION,180,180-9,1,177.23076185236556,14.480890595297126,177.8213686236918,4.6710567510777095,0.0,0.0,0,1,1.0,180-9,46,-2.473012820366023
6.716666666666648,SPH_JUNCTION_REGION,180,180-13,1,163.74482095403178,27.841319400502115,166.0948688407583,9.649643632478977,0.0,0.0,0,1,1.0,180-13,23,-1.9875331547473252
6.716666666666648,SPH_JUNCTION_REGION,180,180-13,1,150.4883964797965,45.9006736093533,157.33286151612705,16.962302461648488,0.0,0.0,0,1,1.0,180-13,23,-0.2585949334297766
6.716666666666648,SPH_JUNCTION_REGION,180,180-3,1,139.14407275043004,62.472979703771685,152.5252312722221,24.17915194127179,0.0,0.0,0,1,1.0,180-3,67,-0.8308855525487502
6.716666666666648,SPH_JUNCTION_REGION,180,180-2,1,170.44796803395369,-91.53327196494931,193.4705395751846,-28.23650634670622,0.0,0.0,0,1,1.0,180-2,67,-1.946612922434383
6.816666666666648,SPH_JUNCTION_REGION,90,90-1,113,79.32799536098116,-35.75030754512619,87.01158162890131,-24.259396726286504,45.88700420428626,302.5783894898696,0,32,0.9911504424778761,90-1,68,10.16015719596183
6.816666666666648,SPH_JUNCTION_REGION,120,120-1,105,74.68886237535206,-36.57752241713197,83.16454358138492,-26.092468229970837,46.76402510338553,302.5783894898696,0,28,1.0,120-1,68,0.6718053594705964
6.816666666666648,SPH_JUNCTION_REGION,150,150-1,58,19.726979954746042,-37.33950612477235,42.23023153828148,-62.1518838066684,49.83176126368204,118.30364118456984,0,0,1.0,150-1,68,0.147460235642356
6.816666666666648,SPH_JUNCTION_REGION,150,150-1,16,130.41427354090754,-117.87009943118873,175.78749410330923,-42.10768094376519,8.38059425508506,95.43089907249298,0,8,1.0,150-1,68,1.0048757696014832
6.816666666666648,SPH_JUNCTION_REGION,150,150-1,14,123.30604746804491,52.170993035944036,133.88873685470435,22.93330243909874,7.59907404710891,82.88101985940065,0,7,0.6086956521739131,150-1,68,-190.23485049735
6.816666666666648,SPH_JUNCTION_REGION,150,150-1,8,196.1390475726996,-16.130991437618412,196.80125728126393,-4.7015744916308275,5.935621647158956,71.5087909722959,0,8,0.34782608695652173,150-1,68,438.8903537682458
6.816666666666648,SPH_JUNCTION_REGION,150,150-1,2,194.22071787896218,-68.52679326932767,205.95535596142332,-19.434343359869267,1.1755956096309816,8.9658523034393,0,2,1.0,150-1,68,0.28177122509305264
6.816666666666648,SPH_JUNCTION_REGION,180,180-1,30,0.9094671473342673,-37.789473621883495,37.800415964789444,-88.6213469751665,50.35348856637323,75.74967453738373,0,0,1.0,180-1,68,-2.1316282072803006e-13
6.816666666666648,SPH_JUNCTION_REGION,180,180-2,8,133.1650354352164,-133.16426524882945,188.3232545431473,-44.99983430877002,6.287031375637806,64.70843518310781,0,5,1.0,180-2,68,0.6126766234007164
6.816666666666648,SPH_JUNCTION_REGION,180,180-3,7,116.2882204422677,66.08914459730616,133.75621573307572,29.610518568986365,3.216485466541768,45.497751594067765,0,3,0.7142857142857143,180-3,68,65.52240454760039
6.816666666666648,SPH_JUNCTION_REGION,180,180-3,4,38.843138838525746,4.655791145360392,39.121168515500706,6.834942119933023,1.4214434796352662,29.17094257967046,0,0,1.0,180-3,68,0.658232083364183
6.816666666666648,SPH_JUNCTION_REGION,180,180-8,2,48.616737409307525,-78.09258468899148,91.98934144634838,-58.09556641337018,3.9213962360099686,14.657345706501125,0,0,1.0,180-8,13,0.2510358763622378
6.816666666666648,SPH_JUNCTION_REGION,180,180-3,2,79.83332434307049,5.527265844059972,80.02443591414314,3.960557102922269,0.12408250463671533,6.9576612074625235,0,0,0.5,180-3,68,36.375550314330525
6.816666666666648,SPH_JUNCTION_REGION,180,180-3,2,99.06459552649076,29.60747385689016,103.39437409749937,16.63984767686803,3.2757417299047233,12.501657378036096,0,0,1.0,180-3,68,2.086353929582714
6.816666666666648,SPH_JUNCTION_REGION,180,180-2,2,102.5787749242364,-110.19559012107618,150.55056674449742,-47.05017691527606,1.701783794992295,15.246470427831667,0,0,1.0,180-2,68,2.4085386384604135
6.816666666666648,SPH_JUNCTION_REGION,180,180-2,2,194.22071787896218,-68.52679326932767,205.95535596142332,-19.434343359869267,1.1755956096309816,8.9658523034393,0,2,1.0,180-2,68,0.28177122509305264
6.816666666666648,SPH_JUNCTION_REGION,180,180-9,2,195.13110728347203,-5.986585577395543,195.22291934234912,-1.7572725053129052,1.0201810833463838,8.949200928893571,0,2,1.0,180-9,47,2.406921999325391
6.816666666666648,SPH_JUNCTION_REGION,180,180-5,1,20.96857468752234,-78.39903605464922,81.15472862824686,-75.02617577525083,0.0,0.0,0,0,1.0,180-5,58,-0.5012471478902114
6.816666666666648,SPH_JUNCTION_REGION,180,180-12,1,83.17470465005708,-77.42345774908476,113.63284429885816,-42.94903371428568,0.0,0.0,0,0,1.0,180-12,2,2.983550996682709
6.816666666666648,SPH_JUNCTION_REGION,180,180-2,1,205.53064948896494,-50.16674824304016,211.5645303651733,-13.716780545594261,0.0,0.0,0,1,1.0,180-2,68,3.7898296952997157
6.816666666666648,SPH_JUNCTION_REGION,180,180-2,1,206.40580132044948,-29.035246355397863,208.43800121296383,-8.007295883174331,0.0,0.0,0,1,1.0,180-2,68,3.242792482975574
6.816666666666648,SPH_JUNCTION_REGION,180,180-9,1,176.9404673925446,14.989228327314192,177.57422664041226,4.842159260630934,0.0,0.0,0,1,1.0,180-9,47,-2.471419832795334
6.816666666666648,SPH_JUNCTION_REGION,180,180-13,1,163.51639611766439,28.05864115460951,165.9062962721791,9.736857090401532,0.0,0.0,0,1,1.0,180-13,24,-1.885725685791897
6.816666666666648,SPH_JUNCTION_REGION,180,180-13,1,150.378181113301,46.16904526908817,157.30600146213072,17.067511174556888,0.0,0.0,0,1,1.0,180-13,24,-0.2686005399633018
6.816666666666648,SPH_JUNCTION_REGION,180,180-2,1,170.32167608683636,-91.37419052051857,193.2840294445178,-28.212672877782854,0.0,0.0,0,1,1.0,180-2,68,-1.8651013066678956
6.916666666666647,SPH_JUNCTION_REGION,90,90-1,113,79.40107230781567,-35.79260459303725,87.09558442989221,-24.265012777886785,45.88081754655157,302.8450477597703,0,32,1.0,90-1,69,0.8400280099090196
6.916666666666647,SPH_JUNCTION_REGION,120,120-1,105,74.74923723868308,-36.618371618288826,83.23673232257515,-26.099442517523684,46.75686478040952,302.8450477597703,0,28,1.0,120-1,69,0.7218874119023155
6.916666666666647,SPH_JUNCTION_REGION,150,150-1,58,19.744868182417147,-37.34917530506413,42.24713854818384,-62.13655893932305,49.823748773074534,118.50616422082629,0,0,1.0,150-1,69,0.1690700990236138
6.916666666666647,SPH_JUNCTION_REGION,150,150-1,16,130.43148584420797,-118.01019728972861,175.8942272045575,-42.13777779864679,8.335843361083887,95.14797642022837,0,8,1.0,150-1,69,1.0673310124826685
6.916666666666647,SPH_JUNCTION_REGION,150,150-1,14,123.44867675824328,52.14825879748219,134.01125582939073,22.900589237663674,7.551707489262937,82.5312020837854,0,7,1.0,150-1,69,1.2251897468638617
6.916666666666647,SPH_JUNCTION_REGION,150,150-1,8,196.31885428332777,-16.251490961922098,196.99036399175446,-4.732217903252475,5.932964956562993,71.9087550373206,0,8,1.0,150-1,69,1.8910671049053462
6.916666666666647,SPH_JUNCTION_REGION,150,150-1,2,194.29257296232072,-68.37974313894733,205.97425368251038,-19.38911859461462,1.1593887545906227,8.804595532234233,0,2,1.0,150-1,69,0.18897721087057562
6.916666666666647,SPH_JUNCTION_REGION,180,180-1,30,0.8867822614539179,-37.79001275908596,37.80041596478945,-88.65574118033742,50.359336921856205,75.74648954472683,0,0,1.0,180-1,69,7.105427357601002e-14
6.916666666666647,SPH_JUNCTION_REGION,180,180-2,8,133.1779314810395,-133.25421027538195,188.39598188306502,-45.01640362470514,6.241709358660161,64.4249807936185,0,5,1.0,180-2,69,0.7272733991771929
6.916666666666647,SPH_JUNCTION_REGION,180,180-3,7,116.5141864350469,66.00887768164316,133.9131344320302,29.532890366395794,3.181145976717279,45.204077644623325,0,3,1.0,180-3,69,1.5691869895448463
6.916666666666647,SPH_JUNCTION_REGION,180,180-3,4,38.917248628915644,4.610443338686624,39.189391786860845,6.756219052902244,1.3536858275759691,29.1434009091431,0,0,1.0,180-3,69,0.6822327136013939
6.916666666666647,SPH_JUNCTION_REGION,180,180-8,2,48.61929791757637,-78.12082659972074,92.01467099664967,-58.10350700806993,3.918733455497783,14.655411505376916,0,0,1.0,180-8,14,0.2532955030129358
6.916666666666647,SPH_JUNCTION_REGION,180,180-3,2,99.2410932822201,29.720622247178113,103.59589751824042,16.671853379580703,3.2412125746389684,12.424421210960192,0,0,1.0,180-3,69,2.0152342074105434
6.916666666666647,SPH_JUNCTION_REGION,180,180-2,2,102.722051503969,-110.36630608799483,150.77314543609225,-47.05452701466458,1.6851551343911773,15.235348244067346,0,0,1.0,180-2,69,2.2257869159483334
6.916666666666647,SPH_JUNCTION_REGION,180,180-2,2,194.29257296232072,-68.37974313894733,205.97425368251038,-19.38911859461462,1.1593887545906227,8.804595532234233,0,2,1.0,180-2,69,0.18897721087057562
6.916666666666647,SPH_JUNCTION_REGION,180,180-9,2,195.41914914021928,-6.207067325674029,195.51770133538474,-1.8192650828184456,1.011782558204553,8.883726926483861,0,2,1.0,180-9,48,2.9478199303562747
6.916666666666647,SPH_JUNCTION_REGION,180,180-5,1,20.98760460198018,-78.33824357977913,81.10092449592585,-75.0020912236005,0.0,0.0,0,0,1.0,180-5,59,-0.5380413232100523
6.916666666666647,SPH_JUNCTION_REGION,180,180-3,1,76.64593411543142,5.419407624083397,76.83729039615483,4.044484191549802,0.0,0.0,0,0,0.5,180-3,69,-31.871455179883128
6.916666666666647,SPH_JUNCTION_REGION,180,180-12,1,83.47684901621807,-77.46682810323318,113.88368530238361,-42.86143256118023,0.0,0.0,0,0,1.0,180-12,3,2.5084100352545136
6.916666666666647,SPH_JUNCTION_REGION,180,180-2,1,205.93310908254475,-50.16433643118668,211.95496235281814,-13.69034986661901,0.0,0.0,0,1,1.0,180-2,69,3.9043198764483122
6.916666666666647,SPH_JUNCTION_REGION,180,180-2,1,206.69740532848522,-29.226855791749866,208.75350648312437,-8.04822458811621,0.0,0.0,0,1,1.0,180-2,69,3.1550527016054275
6.916666666666647,SPH_JUNCTION_REGION,180,180-9,1,176.68029043419787,15.179690567771175,177.33118178607447,4.910573948229861,0.0,0.0,0,1,1.0,180-9,48,-2.4304485433779632
6.916666666666647,SPH_JUNCTION_REGION,180,180-13,1,163.37853950976051,28.004639222888926,165.76129521195998,9.72651888961714,0.0,0.0,0,1,1.0,180-13,25,-1.4500106021912984
6.916666666666647,SPH_JUNCTION_REGION,180,180-13,1,150.35338653018437,46.15347625164152,157.27772954619437,17.06474026600099,0.0,0.0,0,1,1.0,180-13,25,-0.2827191593635803
6.916666666666647,SPH_JUNCTION_REGION,180,180-2,1,170.04384610052435,-91.54110915265188,193.11831674275885,-28.295280019271065,0.0,0.0,0,1,1.0,180-2,69,-1.6571270175896302
7.016666666666647,SPH_JUNCTION_REGION,90,90-1,113,79.40798274126728,-35.99415961779385,87.18490264735416,-24.38390157611205,45.88056308909345,303.0871949564065,1,32,1.0,90-1,70,0.8931821746195112
7.016666666666647,SPH_JUNCTION_REGION,120,120-1,105,74.74048763898884,-36.809957467102606,83.31334503693719,-26.220411149025885,46.7556740171749,303.0871949564065,1,28,1.0,120-1,70,0.7661271436204231
7.016666666666647,SPH_JUNCTION_REGION,150,150-1,58,19.693133559425135,-37.3980796162924,42.2662497552823,-62.229542979476,49.824895041645334,118.64650794394456,0,0,1.0,150-1,70,0.1911120709846159
7.016666666666647,SPH_JUNCTION_REGION,150,150-1,16,130.20830584098522,-118.42529619635035,176.00782280675156,-42.28672239242412,8.292262428784262,94.8337283105986,0,8,1.0,150-1,70,1.1359560219406717
7.016666666666647,SPH_JUNCTION_REGION,150,150-1,14,123.69964929094574,51.888648612995944,134.14184689941442,22.75672805591615,7.505633063233451,82.1869968395591,1,7,1.0,150-1,70,1.3059107002368364
7.016666666666647,SPH_JUNCTION_REGION,150,150-1,11,196.30272207545156,-29.928688974145544,198.57110846732743,-8.668668939389606,8.032639830186591,92.26283770488236,0,11,0.7272727272727273,150-1,70,15.807444755729705
7.016666666666647,SPH_JUNCTION_REGION,180,180-1,30,0.7872834762899502,-37.79221655101841,37.80041596478945,-88.80659296693949,50.3849885230361,75.73251706021713,0,0,1.0,180-1,70,0.0
7.016666666666647,SPH_JUNCTION_REGION,180,180-2,8,132.9208741708125,-133.63205333553367,188.48205344011905,-45.15286820636339,6.196385482456785,64.15924427845349,0,5,1.0,180-2,70,0.8607155705402647
7.016666666666647,SPH_JUNCTION_REGION,180,180-3,7,116.87480869168711,65.71252367121335,134.08152995084086,29.346745564370465,3.1460030893827504,44.9130293635087,1,3,1.0,180-3,70,1.6839551881065518
7.016666666666647,SPH_JUNCTION_REGION,180,180-3,4,39.00524686781745,4.484847819821216,39.26223558569147,6.55910100910689,1.2854443516831011,29.127773280767936,0,0,1.0,180-3,70,0.7284379883062542
7.016666666666647,SPH_JUNCTION_REGION,180,180-8,2,48.46935967997357,-78.24766115952032,92.0433338418473,-58.22446617179387,3.9190194459206324,14.665555905085482,0,0,1.0,180-8,15,0.2866284519762985
7.016666666666647,SPH_JUNCTION_REGION,180,180-3,2,99.47393310727361,29.637343506721095,103.7951612454344,16.590941424552405,3.209125683322073,12.354709226947536,0,0,1.0,180-3,70,1.992637271939799
7.016666666666647,SPH_JUNCTION_REGION,180,180-2,2,102.63305297770273,-110.74707431662011,150.99158265683195,-47.177687764696124,1.6645191622862114,15.205782095840128,0,0,1.0,180-2,70,2.1843722073970184
7.016666666666647,SPH_JUNCTION_REGION,180,180-2,2,194.21450789309628,-68.6252039100489,205.98226546927128,-19.460732219970343,1.1448305103910563,8.670030840321118,0,2,1.0,180-2,70,0.08011786760903306
7.016666666666647,SPH_JUNCTION_REGION,180,180-9,2,195.71989419095053,-6.8251792383203345,195.83886247053232,-1.9972193719237041,1.00304681286709,8.83072650897959,0,2,1.0,180-9,49,3.211611351475767
7.016666666666647,SPH_JUNCTION_REGION,180,180-5,1,20.846989860702553,-78.31561051970786,81.04277782336197,-75.09397605674387,0.0,0.0,0,0,1.0,180-5,60,-0.5814667256387906
7.016666666666647,SPH_JUNCTION_REGION,180,180-3,1,77.15707176526469,5.225614270083354,77.33382680231145,3.8745523459323845,0.0,0.0,0,0,1.0,180-3,70,4.96536406156622
7.016666666666647,SPH_JUNCTION_REGION,180,180-12,1,83.56676824823607,-77.68159467785583,114.09572694518,-42.909771003559975,0.0,0.0,0,0,1.0,180-12,4,2.1204164279639315
7.016666666666647,SPH_JUNCTION_REGION,180,180-2,1,206.22773993733824,-50.579567295791634,212.33975922443713,-13.78039297201905,0.0,0.0,0,1,1.0,180-2,70,3.8479687161898823
7.016666666666647,SPH_JUNCTION_REGION,180,180-2,1,206.9456914886145,-29.844758699936982,209.0866539202306,-8.206354583288753,0.0,0.0,0,1,1.0,180-2,70,3.3314743710621997
7.016666666666647,SPH_JUNCTION_REGION,180,180-9,1,176.4624624784549,15.028574846556499,177.10126686695006,4.867896882697496,0.0,0.0,0,1,1.0,180-9,49,-2.299149191244112
7.016666666666647,SPH_JUNCTION_REGION,180,180-13,1,163.33538110911937,27.670635952057687,165.66264158238144,9.615183378278136,0.0,0.0,0,1,1.0,180-13,26,-0.9865362957853563
7.016666666666647,SPH_JUNCTION_REGION,180,180-13,1,150.42264313358322,45.826674190853296,157.24838833733065,16.943502266882728,0.0,0.0,0,1,1.0,180-13,26,-0.2934120886371261
7.016666666666647,SPH_JUNCTION_REGION,180,180-2,1,169.62343086221125,-92.08678775330957,193.00799148271153,-28.497072676919288,0.0,0.0,0,1,1.0,180-2,70,-1.1032526004731835
7.116666666666647,SPH_JUNCTION_REGION,90,90-1,115,80.7207201931806,-35.946317056095914,88.36273184099237,-24.00422761018729,45.74999487346022,303.2905379874827,0,34,0.9826086956521739,90-1,71,11.778291936382033
7.116666666666647,SPH_JUNCTION_REGION,120,120-1,105,74.6505183852406,-37.17471308965068,83.39459927646988,-26.472538892420513,46.76109722103261,303.2905379874827,0,28,1.0,120-1,71,0.8125423953268296
7.116666666666647,SPH_JUNCTION_REGION,150,150-1,58,19.562145504354678,-37.49172398704944,42.2883778863016,-62.44569166592344,49.836910310600295,118.84903000663611,0,0,1.0,150-1,71,0.22128131019300668
7.116666666666647,SPH_JUNCTION_REGION,150,150-1,16,129.70231341571005,-119.1508390381025,176.12385570634913,-42.57209002447433,8.250385312041526,94.46319622287595,0,8,1.0,150-1,71,1.1603289959757035
7.116666666666647,SPH_JUNCTION_REGION,150,150-1,14,124.07240981608437,51.35006410732569,134.27878447989036,22.483281142924103,7.460444147696346,81.89262181189976,0,7,1.0,150-1,71,1.3693758047594429
7.116666666666647,SPH_JUNCTION_REGION,150,150-1,11,196.3684246161515,-30.839327081180123,198.77530601422598,-8.925302808332814,8.009790112182534,92.49933715864256,0,11,1.0,150-1,71,2.041975468985413
7.116666666666647,SPH_JUNCTION_REGION,180,180-1,30,0.5995857018615686,-37.79566038710307,37.80041596478945,-89.0911430464039,50.433378920347145,75.70614773702131,0,0,1.0,180-1,71,0.0
7.116666666666647,SPH_JUNCTION_REGION,180,180-2,8,132.3467582494087,-134.33643626800358,188.5787435749714,-45.42746614798148,6.1523062628005,63.90077446135058,0,5,1.0,180-2,71,0.9669013485236633
7.116666666666647,SPH_JUNCTION_REGION,180,180-3,7,117.38782288425817,65.15825357937547,134.25907407330115,29.033264229058325,3.110763815003846,44.64751314835857,0,3,1.0,180-3,71,1.7754412246029005
7.116666666666647,SPH_JUNCTION_REGION,180,180-3,4,39.10632946172819,4.266545214302313,39.33838344460682,6.226408486213485,1.2178073480363902,29.1270443493405,0,0,1.0,180-3,71,0.7614785891534837
7.116666666666647,SPH_JUNCTION_REGION,180,180-8,4,51.79631522505172,-78.4459628102303,94.00333692011662,-56.56400768501477,4.1736119552907995,21.817611671967114,0,0,0.5,180-8,16,19.60003078269324
7.116666666666647,SPH_JUNCTION_REGION,180,180-3,2,99.76852824055939,29.320869708165304,103.987848461878,16.37748037266184,3.192665774109252,12.348438823354732,0,0,1.0,180-3,71,1.9268721644360198
7.116666666666647,SPH_JUNCTION_REGION,180,180-2,2,102.28128920087397,-111.40597315885523,151.2374060081182,-47.44510815847767,1.6433669342867177,15.180453134019645,0,0,1.0,180-2,71,2.4582335128624777
7.116666666666647,SPH_JUNCTION_REGION,180,180-2,2,193.97617737609727,-69.32401280910933,205.9916894959617,-19.666084664763133,1.1319719955018765,8.55674333625808,0,2,1.0,180-2,71,0.0942402669042508
7.116666666666647,SPH_JUNCTION_REGION,180,180-9,2,196.01377286764375,-7.898190887969635,196.1728334227526,-2.3074313747951924,0.9945017812065877,8.77849896827153,0,2,1.0,180-9,50,3.3397095222028383
7.116666666666647,SPH_JUNCTION_REGION,180,180-5,1,20.531075455949996,-78.33654813987268,80.98234272882269,-75.31377819890929,0.0,0.0,0,0,1.0,180-5,61,-0.6043509453928664
7.116666666666647,SPH_JUNCTION_REGION,180,180-3,1,77.69305447441585,4.848072009326001,77.8441681551814,3.570645721961724,0.0,0.0,0,0,1.0,180-3,71,5.103413528699576
7.116666666666647,SPH_JUNCTION_REGION,180,180-12,1,83.47769079168943,-78.09232930850469,114.31070272175239,-43.09095590805291,0.0,0.0,0,0,1.0,180-12,5,2.1497577657238764
7.116666666666647,SPH_JUNCTION_REGION,180,180-2,1,206.3859931733438,-51.47613653852457,212.70865241235566,-14.00479050669947,0.0,0.0,0,1,1.0,180-2,71,3.6889318791853043
7.116666666666647,SPH_JUNCTION_REGION,180,180-2,1,207.1292426910455,-30.94799709439211,209.4285121513318,-8.497923153651533,0.0,0.0,0,1,1.0,180-2,71,3.4185823110121305
7.116666666666647,SPH_JUNCTION_REGION,180,180-9,1,176.29330654454128,14.495341023774877,176.8882269790817,4.700449644466224,0.0,0.0,0,1,1.0,180-9,50,-2.1303988786834793
7.116666666666647,SPH_JUNCTION_REGION,180,180-13,1,163.39636579255753,27.02439780721815,165.61609351466433,9.391229993207999,0.0,0.0,0,1,1.0,180-13,27,-0.4654806771711151
7.116666666666647,SPH_JUNCTION_REGION,180,180-13,1,150.59715348804554,45.1441800703699,157.2180003464232,16.687038812708515,0.0,0.0,0,1,1.0,180-13,27,-0.30387990907456697
7.116666666666647,SPH_JUNCTION_REGION,180,180-2,1,169.00897897659826,-93.05269692605472,192.93221446903166,-28.83623177510181,0.0,0.0,0,1,1.0,180-2,71,-0.7577701367986833
7.216666666666646,SPH_JUNCTION_REGION,90,90-1,116,81.3996181503541,-36.06683072875482,89.0320959757778,-23.897343583472296,45.68200488763595,303.46330395480817,0,35,0.9913793103448276,90-1,72,6.6936413478543955
7.216666666666646,SPH_JUNCTION_REGION,120,120-1,105,74.51089845759616,-37.63461158374947,83.47597245925257,-26.797824145784745,46.77033981411836,303.46330395480817,0,28,1.0,120-1,72,0.8137318278269845
7.216666666666646,SPH_JUNCTION_REGION,150,150-1,57,19.249541815311876,-36.923816464928116,41.64028196872756,-62.46555798801591,50.24721772722389,118.95796923434638,0,0,0.9827586206896551,150-1,72,-6.480959175740466
7.216666666666646,SPH_JUNCTION_REGION,150,150-1,16,129.03604042655502,-120.05003233973021,176.24502828089595,-42.93389831928299,8.210695493151526,94.08099000410186,0,8,1.0,150-1,72,1.2117257454681862
7.216666666666646,SPH_JUNCTION_REGION,150,150-1,14,124.50651981917603,50.65468158151556,134.41640615493188,22.13863544870574,7.4146073422272725,81.59069468978132,0,7,1.0,150-1,72,1.3762167504151535
7.216666666666646,SPH_JUNCTION_REGION,150,150-1,11,196.4034867025104,-32.00074723551205,198.99341047515696,-9.25409459638161,7.988571119944531,92.7461392866233,0,11,1.0,150-1,72,2.181044609309879
7.216666666666646,SPH_JUNCTION_REGION,180,180-1,30,0.3631905333948256,-37.798671137323886,37.80041596478945,-89.44948740971104,50.49432625720112,75.6729187954589,0,0,1.0,180-1,72,0.0
7.216666666666646,SPH_JUNCTION_REGION,180,180-2,8,131.5890298857627,-135.2227953438491,188.68194711439844,-45.7802748370371,6.110945845952431,63.675872594451164,0,5,1.0,180-2,72,1.032035394270281
7.216666666666646,SPH_JUNCTION_REGION,180,180-3,7,117.97858590406051,64.45170158829531,134.43574141406165,28.64777992929007,3.075176381150056,44.405477000774184,0,3,1.0,180-3,72,1.7666734076050261
7.216666666666646,SPH_JUNCTION_REGION,180,180-8,4,51.387976199789286,-78.76796601936987,94.04847988531614,-56.87969560456478,4.182280137897612,21.88446948126764,0,0,1.0,180-8,17,0.45142965199516993
7.216666666666646,SPH_JUNCTION_REGION,180,180-3,2,30.132004339405263,3.7698379940329168,30.36691232264472,7.1312647699057035,0.10422045359550802,6.915664835521665,0,0,0.5,180-3,72,-89.714711219621
7.216666666666646,SPH_JUNCTION_REGION,180,180-3,2,100.09558799883663,28.865997210922693,104.17472117463932,16.08673137900032,3.170148409004346,12.3147191379137,0,0,1.0,180-3,72,1.8687271276131412
7.216666666666646,SPH_JUNCTION_REGION,180,180-2,2,101.77529718024971,-112.18127765703721,151.46897429141526,-47.784440347076846,1.6260486408974977,15.19164186702636,0,0,1.0,180-2,72,2.3156828329706514
7.216666666666646,SPH_JUNCTION_REGION,180,180-2,2,193.66092248066252,-70.27532887101742,206.01741369115095,-19.94473134148281,1.1206586429314846,8.455676143046025,0,2,1.0,180-2,72,0.2572419518924107
7.216666666666646,SPH_JUNCTION_REGION,180,180-9,2,196.3077512974436,-9.216612149372517,196.52399130633117,-2.6880521970039024,0.9829087357900557,8.723950135430583,0,2,1.0,180-9,51,3.511578835785656
7.216666666666646,SPH_JUNCTION_REGION,180,180-5,1,20.11868999364785,-78.37753501465737,80.91847552959922,-75.6035941439086,0.0,0.0,0,0,1.0,180-5,62,-0.6386719922346629
7.216666666666646,SPH_JUNCTION_REGION,180,180-3,1,55.83823328918944,4.254430202336539,56.00007565356048,4.357065412630656,0.0,0.0,0,0,0.25,180-3,72,166.6169220895366
7.216666666666646,SPH_JUNCTION_REGION,180,180-3,1,78.09958882774936,4.363922845159832,78.22141393289961,3.19815551697731,0.0,0.0,0,0,1.0,180-3,72,3.7724577771820123
7.216666666666646,SPH_JUNCTION_REGION,180,180-12,1,83.38052796322796,-78.61096040401368,114.59491934229915,-43.313509144656486,0.0,0.0,0,0,1.0,180-12,6,2.842166205467578
7.216666666666646,SPH_JUNCTION_REGION,180,180-2,1,206.4608998424586,-52.64177138768868,213.06632596116964,-14.304051453669112,0.0,0.0,0,1,1.0,180-2,72,3.576735488139775
7.216666666666646,SPH_JUNCTION_REGION,180,180-2,1,207.2591317187435,-32.320231580731964,209.76402229705553,-8.86338540829485,0.0,0.0,0,1,1.0,180-2,72,3.3551014572373106
7.216666666666646,SPH_JUNCTION_REGION,180,180-9,1,176.14964156171118,13.745629849036895,176.6851396192279,4.461966626027425,0.0,0.0,0,1,1.0,180-9,51,-2.0308735985381077
7.216666666666646,SPH_JUNCTION_REGION,180,180-13,1,163.49185330442774,26.198536379977128,165.5776235044141,9.1038897907203,0.0,0.0,0,1,1.0,180-13,28,-0.3847001025022223
7.216666666666646,SPH_JUNCTION_REGION,180,180-13,1,150.82589025989245,44.26433037284545,157.18708635268206,16.35589069148709,0.0,0.0,0,1,1.0,180-13,28,-0.30913993741137347
7.216666666666646,SPH_JUNCTION_REGION,180,180-2,1,168.29303916115174,-94.25782736695902,192.89138148200504,-29.25238350482691,0.0,0.0,0,1,1.0,180-2,72,-0.4083298702661864
7.316666666666646,SPH_JUNCTION_REGION,90,90-1,117,82.00748495188715,-36.9072365840467,89.92981541404826,-24.229992833937196,41.0892782073666,303.67519461203176,0,36,0.9914529914529915,90-1,73,8.977194382704567
7.316666666666646,SPH_JUNCTION_REGION,120,120-1,105,74.39176979041665,-38.03990238024467,83.55339362137777,-27.082730578480216,41.86944776201752,303.67519461203176,0,28,1.0,120-1,73,0.7742116212519079
7.316666666666646,SPH_JUNCTION_REGION,150,150-1,57,19.091951243133064,-37.02867432322312,41.66083681835368,-62.72440880783803,40.002891283961524,119.03995916332516,0,0,1.0,150-1,73,0.20554849626122973
7.316666666666646,SPH_JUNCTION_REGION,150,150-1,28,156.98111229572606,-84.83689898329544,178.4386982879701,-28.388003806826468,18.435660981439714,194.23925728959685,0,20,0.5714285714285714,150-1,73,21.936700070741608
7.316666666666646,SPH_JUNCTION_REGION,150,150-1,14,124.89515869386182,50.05591626860898,134.5525749239119,21.840097361277166,7.369071435532059,81.27482823010207,0,7,1.0,150-1,73,1.361687689800135
7.316666666666646,SPH_JUNCTION_REGION,180,180-1,30,0.15403790568666514,-37.80010210878696,37.800415964789444,-89.76651721727687,22.439305103123598,75.65005833368244,0,0,1.0,180-1,73,-7.105427357601002e-14
7.316666666666646,SPH_JUNCTION_REGION,180,180-3,9,114.48299738463695,55.977529119678394,127.43563260138521,26.056752402314604,6.073163831992676,64.54266058056105,0,3,0.7777777777777778,180-3,73,-70.00108812676444
7.316666666666646,SPH_JUNCTION_REGION,180,180-2,8,130.92103987757537,-136.01515571537618,188.78676136557803,-46.09327966248632,6.071163112110065,63.46656850183699,0,5,1.0,180-2,73,1.048142511795902
7.316666666666646,SPH_JUNCTION_REGION,180,180-8,4,51.047103550169794,-79.05115845121398,94.10043800822979,-57.14774058863367,4.1920828729295065,21.967651792607615,0,0,1.0,180-8,18,0.5195812291364632
7.316666666666646,SPH_JUNCTION_REGION,180,180-3,3,33.78805252014656,3.677992155909872,33.98764657052789,6.212460536473891,0.5448347634947286,14.145480828230049,0,0,0.6666666666666666,180-3,73,36.20734247883174
7.316666666666646,SPH_JUNCTION_REGION,180,180-3,3,70.82008518212221,3.936166867880804,70.92938653911261,3.181215510723419,0.28210468308060277,15.04590789243085,0,0,0.3333333333333333,180-3,73,-72.92027393786995
7.316666666666646,SPH_JUNCTION_REGION,180,180-2,2,101.33793932068902,-112.86832058661929,151.68597739345427,-48.081166817328054,1.6047231743878854,15.178710448702041,0,0,1.0,180-2,73,2.170031020390013
7.316666666666646,SPH_JUNCTION_REGION,180,180-2,2,193.4193215304134,-71.10919925906347,206.0765686839497,-20.18558239306325,1.113671027138425,8.379352678402679,0,2,1.0,180-2,73,0.591549927987387
7.316666666666646,SPH_JUNCTION_REGION,180,180-9,2,196.6141067558587,-10.39290132157511,196.88859635155154,-3.0258037791593044,0.9688802072305689,8.676164603200387,0,2,1.0,180-9,52,3.646050452203724
7.316666666666646,SPH_JUNCTION_REGION,180,180-5,1,19.761510545025523,-78.39652305017849,80.84882265919722,-75.85211733786493,0.0,0.0,0,0,1.0,180-5,63,-0.6965287040199541
7.316666666666646,SPH_JUNCTION_REGION,180,180-12,1,83.29483095373152,-79.07133299653061,114.8490512170603,-43.50994785619818,0.0,0.0,0,0,1.0,180-12,7,2.5413187476115695
7.316666666666646,SPH_JUNCTION_REGION,180,180-2,1,206.56799828406594,-53.662726789500454,213.42452099412205,-14.562536531564774,0.0,0.0,0,1,1.0,180-2,73,3.5819503295240906
7.316666666666646,SPH_JUNCTION_REGION,180,180-2,1,207.40632843381482,-33.5483700313276,210.10206616345863,-9.188121691858013,0.0,0.0,0,1,1.0,180-2,73,3.380438664030976
7.316666666666646,SPH_JUNCTION_REGION,180,180-9,1,176.02218451129704,13.122535911059995,176.5106523382262,4.263540149741481,0.0,0.0,0,1,1.0,180-9,52,-1.7448728100168864
7.316666666666646,SPH_JUNCTION_REGION,180,180-13,1,163.56617390545347,25.501652097979477,165.5422227282074,8.861658938158667,0.0,0.0,0,1,1.0,180-13,29,-0.354007762066999
7.316666666666646,SPH_JUNCTION_REGION,180,180-13,1,151.02128537851172,43.49096012178458,157.15881219229337,16.065289956426476,0.0,0.0,0,1,1.0,180-13,29,-0.2827416038869046
7.316666666666646,SPH_JUNCTION_REGION,180,180-2,1,167.66812425219732,-95.38606078385585,192.90178973278532,-29.635461257077655,0.0,0.0,0,1,1.0,180-2,73,0.10408250780272965
7.416666666666646,SPH_JUNCTION_REGION,90,90-1,117,81.92562673600465,-37.29182438335943,90.01382383793324,-24.474610474019926,41.08816234627384,304.1257533903861,0,36,1.0,90-1,74,0.840084238849812
7.416666666666646,SPH_JUNCTION_REGION,120,120-1,105,74.29388615837233,-38.39057303767808,83.62665614906818,-27.327177350326913,41.86602310781387,304.1257533903861,0,28,1.0,120-1,74,0.732625276904173
7.416666666666646,SPH_JUNCTION_REGION,150,150-1,57,18.951802474860013,-37.119061921206665,41.67727888138194,-62.95260116767553,39.99461202490305,119.55180495800931,0,0,1.0,150-1,74,0.16442063028257792
7.416666666666646,SPH_JUNCTION_REGION,150,150-1,28,156.73628306164042,-85.63775558583028,178.60595625498348,-28.651362039561402,18.435698391595924,194.66998657662714,0,20,1.0,150-1,74,1.6725796701337003
7.416666666666646,SPH_JUNCTION_REGION,150,150-1,14,125.24101933966676,49.55491447701441,134.68853876281753,21.5875359455639,7.3256303836255094,80.98360413862223,0,7,1.0,150-1,74,1.3596383890563857
7.416666666666646,SPH_JUNCTION_REGION,180,180-1,30,-0.027257459502314983,-37.80040613726273,37.800415964789444,-90.04131535289265,22.47360921284466,75.6755520166887,0,0,1.0,180-1,74,0.0
7.416666666666646,SPH_JUNCTION_REGION,180,180-3,9,114.90957579859683,55.50277500304234,127.61178880985806,25.781128799368705,6.022849915828781,64.39279627740031,0,3,1.0,180-3,74,1.7615620847284674
7.416666666666646,SPH_JUNCTION_REGION,180,180-2,8,130.34651413728068,-136.71329473890341,188.89345861121444,-46.36568872779149,6.033996255051255,63.25751651306631,0,5,1.0,180-2,74,1.0669724563641125
7.416666666666646,SPH_JUNCTION_REGION,180,180-8,4,50.76951921400703,-79.29562980669513,94.15593973649176,-57.37034411470166,4.200316725301933,22.037996129580755,0,0,1.0,180-8,19,0.5550172826197297
7.416666666666646,SPH_JUNCTION_REGION,180,180-3,3,33.89563391124775,3.470296174496624,34.07281840094908,5.845677231673777,0.49637899916612105,14.190539672136502,0,0,1.0,180-3,74,0.8517183042118859
7.416666666666646,SPH_JUNCTION_REGION,180,180-3,2,70.9166151484016,3.595947026997596,71.00772591153357,2.9027933435310525,0.3432207314136162,15.014852216137212,0,0,0.6666666666666666,180-3,74,0.7833937242095601
7.416666666666646,SPH_JUNCTION_REGION,180,180-2,2,100.97796294136,-113.51073278211405,151.92509817840886,-48.34404232772255,1.5807360773747448,15.15235487635035,0,0,1.0,180-2,74,2.3912078495459355
7.416666666666646,SPH_JUNCTION_REGION,180,180-2,2,193.2644869605357,-71.82695517886606,206.18019645539653,-20.38763758294208,1.108240341037055,8.32640726215973,0,2,1.0,180-2,74,1.0362777144683832
7.416666666666646,SPH_JUNCTION_REGION,180,180-9,2,196.92627347187423,-11.42745663228223,197.25755739287175,-3.321098707374027,0.9547770206977095,8.634008784839878,0,2,1.0,180-9,53,3.689610413202047
7.416666666666646,SPH_JUNCTION_REGION,180,180-5,1,19.463841276239368,-78.39367349158407,80.77381482096614,-76.05636675133175,0.0,0.0,0,0,1.0,180-5,64,-0.7500783823108748
7.416666666666646,SPH_JUNCTION_REGION,180,180-12,1,83.15952490416815,-79.47124049970984,115.02688663460245,-43.700818319330956,0.0,0.0,0,0,1.0,180-12,8,1.7783541754214127
7.416666666666646,SPH_JUNCTION_REGION,180,180-2,1,206.70405132400464,-54.53279541849193,213.7764968604169,-14.779070267247617,0.0,0.0,0,1,1.0,180-2,74,3.5197586629485045
7.416666666666646,SPH_JUNCTION_REGION,180,180-2,1,207.5878281010533,-34.62909853408851,210.45636327038454,-9.470681140031482,0.0,0.0,0,1,1.0,180-2,74,3.5429710692591243
7.416666666666646,SPH_JUNCTION_REGION,180,180-9,1,175.90073465548713,12.606497338851938,176.35189884856518,4.0992792510827005,0.0,0.0,0,1,1.0,180-9,53,-1.5875348966102365
7.416666666666646,SPH_JUNCTION_REGION,180,180-13,1,163.62269822571548,24.932611588038103,165.51139687424407,8.664008468504882,0.0,0.0,0,1,1.0,180-13,30,-0.30825853963335703
7.416666666666646,SPH_JUNCTION_REGION,180,180-13,1,151.19531394205714,42.82342959199046,157.14283018979066,15.813846801975295,0.0,0.0,0,1,1.0,180-13,30,-0.15982002502710202
7.416666666666646,SPH_JUNCTION_REGION,180,180-2,1,167.11033507056902,-96.41499355355101,192.92930070191292,-29.982973112437296,0.0,0.0,0,1,1.0,180-2,74,0.2751096912760431
7.516666666666645,SPH_JUNCTION_REGION,90,90-1,117,82.14106556179041,-37.02212637656984,90.0987929612215,-24.261755269177193,41.08434578774787,304.36741356281607,0,36,1.0,90-1,75,0.8496912328826056
7.516666666666645,SPH_JUNCTION_REGION,120,120-1,105,74.50077718187173,-38.14768900043746,83.69953391015386,-27.114451749486058,41.858729988126434,304.36741356281607,0,28,1.0,120-1,75,0.7287776108567812
7.516666666666645,SPH_JUNCTION_REGION,150,150-1,57,19.103233835198438,-37.05769841331417,41.691804406314894,-62.728906500876136,39.9732957000681,119.30351295614722,0,0,1.0,150-1,75,0.14525524932956557
7.516666666666645,SPH_JUNCTION_REGION,150,150-1,28,157.17735714937933,-85.1903153911617,178.77950508072547,-28.45774564248626,18.43683988106606,195.18490637987526,0,20,1.0,150-1,75,1.7354882574198882
7.516666666666645,SPH_JUNCTION_REGION,150,150-1,14,125.19279047290512,50.060301719097026,134.83051803875765,21.794775285434923,7.285841997458756,80.75757765030271,0,7,1.0,150-1,75,1.4197927594011617
7.516666666666645,SPH_JUNCTION_REGION,180,180-1,30,0.09372113498015021,-37.80029978002776,37.800415964789444,-89.85794254242656,22.450711866179105,75.65854118337525,0,0,1.0,180-1,75,0.0
7.516666666666645,SPH_JUNCTION_REGION,180,180-3,9,114.89087829872885,55.9629926757616,127.79581552414254,25.970570413982657,5.974114244486306,64.1740440859079,0,3,1.0,180-3,75,1.8402671428448514
7.516666666666645,SPH_JUNCTION_REGION,180,180-8,6,42.88381337933223,-78.92929629388497,89.82680704222587,-61.48391101399355,7.91105191038945,42.29047111182711,0,0,0.6666666666666666,180-8,20,-43.29132694265894
7.516666666666645,SPH_JUNCTION_REGION,180,180-2,5,119.1985739742992,-144.0682662939015,186.9865379925437,-50.396472939629255,2.586684160168286,33.68745346300358,0,2,0.625,180-2,75,-19.06920618670739
7.516666666666645,SPH_JUNCTION_REGION,180,180-3,2,37.49497290516867,3.8966468032210346,37.696907691061156,5.933137265527971,0.5902577460094465,7.284681719213893,0,0,0.6666666666666666,180-3,75,36.240892901120745
7.516666666666645,SPH_JUNCTION_REGION,180,180-3,2,70.95634238109083,3.822779828613771,71.05924408351558,3.0838343483256265,0.34225228333347535,14.99492029737231,0,0,1.0,180-3,75,0.5151817198201059
7.516666666666645,SPH_JUNCTION_REGION,180,180-2,2,101.52030666680503,-113.3455981088881,152.16306147151388,-48.1501343137582,1.5602210807087609,15.158632257861358,0,0,1.0,180-2,75,2.379632931050253
7.516666666666645,SPH_JUNCTION_REGION,180,180-2,2,193.72326163657937,-71.01414176410873,206.32913131598144,-20.13168329317717,1.103103683355906,8.291537311573444,0,2,1.0,180-2,75,1.489348605849159
7.516666666666645,SPH_JUNCTION_REGION,180,180-9,2,197.3298959577365,-10.884268087832838,197.62984372431947,-3.15710573017717,0.9402086490839612,8.590736940978717,0,2,1.0,180-9,54,3.7228633144772516
7.516666666666645,SPH_JUNCTION_REGION,180,180-2,2,153.6398834040167,-118.85416162211939,194.24604373653722,-37.72515063600891,1.8421539486727845,12.995729400628466,0,2,0.25,180-2,75,53.525851253227756
7.516666666666645,SPH_JUNCTION_REGION,180,180-12,1,83.65139636891324,-79.20521161237413,115.19992040374854,-43.43614354796505,0.0,0.0,0,0,1.0,180-12,9,1.7303376914608748
7.516666666666645,SPH_JUNCTION_REGION,180,180-2,1,207.25432101186854,-53.747311140482545,214.11008157703012,-14.538265338167161,0.0,0.0,0,1,1.0,180-2,75,3.3358471661321687
7.516666666666645,SPH_JUNCTION_REGION,180,180-2,1,208.05843816177978,-34.05078087272485,210.8263962798811,-9.294610613156113,0.0,0.0,0,1,1.0,180-2,75,3.7003300949655227
7.516666666666645,SPH_JUNCTION_REGION,180,180-9,1,175.70877577947599,13.489827430182713,176.22584750829907,4.390201665767537,0.0,0.0,0,1,1.0,180-9,54,-1.2605134026611609
7.516666666666645,SPH_JUNCTION_REGION,180,180-13,1,163.4752629623785,25.669807007062882,165.47839917160988,8.924035515551422,0.0,0.0,0,1,1.0,180-13,31,-0.32997702634190773
7.516666666666645,SPH_JUNCTION_REGION,180,180-13,1,151.0596333974742,43.35021075498476,157.15678036496197,16.012110959214866,0.0,0.0,0,1,1.0,180-13,31,0.13950175171316914
7.516666666666645,SPH_JUNCTION_REGION,180,180-2,1,167.31845201505905,-96.11699866574297,192.96098522039645,-29.87544889991216,0.0,0.0,0,1,1.0,180-2,75,0.31684518483530155
7.616666666666645,SPH_JUNCTION_REGION,90,90-1,117,81.5905410480998,-36.34526158587263,89.31961950359599,-24.011024196314153,41.272281256312034,304.75909114382796,0,35,0.9830508474576272,90-1,76,-7.79173457625518
7.616666666666645,SPH_JUNCTION_REGION,120,120-1,106,75.59707702128989,-37.94051027185985,84.58368858031635,-26.651067948736078,41.80048900739457,304.75909114382796,0,29,0.9905660377358491,120-1,76,8.841546701624878
7.616666666666645,SPH_JUNCTION_REGION,150,150-1,57,19.08999963566128,-37.08161039320688,41.70700079654657,-62.76011811349895,39.95733890323,119.48955152262754,0,0,1.0,150-1,76,0.15196390231679402
7.616666666666645,SPH_JUNCTION_REGION,150,150-1,14,125.36495198656311,50.01398821576483,134.9732203210694,21.749386461334865,7.250311892365342,80.47769263632073,0,7,1.0,150-1,76,1.4270228231174542
7.616666666666645,SPH_JUNCTION_REGION,150,150-1,13,119.7211472243859,-127.56233681884117,174.9437134263663,-46.81620129706322,5.01061621160436,77.56617242694456,0,5,0.4642857142857143,150-1,76,-38.35791654359184
7.616666666666645,SPH_JUNCTION_REGION,150,150-1,13,193.14248053887525,-49.66557300067871,199.42589332931556,-14.420874332945399,9.317494863282135,105.23786279373623,0,13,0.4642857142857143,150-1,76,206.46388248590085
7.616666666666645,SPH_JUNCTION_REGION,150,150-1,1,175.62112529290903,13.6357611809919,176.14969097938462,4.43971229747148,0.0,0.0,0,1,0.03571428571428571,150-1,76,-26.298141013408554
7.616666666666645,SPH_JUNCTION_REGION,180,180-1,30,0.04669891454744982,-37.80038711868556,37.80041596478945,-89.92921635056837,22.459608706836228,75.66515354703395,0,0,1.0,180-1,76,7.105427357601002e-14
7.616666666666645,SPH_JUNCTION_REGION,180,180-3,9,115.11496713399028,55.92047209200614,127.97872814359619,25.909523497231362,5.929532611549368,63.9844204016192,0,3,1.0,180-3,76,1.8291261945364568
7.616666666666645,SPH_JUNCTION_REGION,180,180-8,6,42.86701372156864,-78.96379735943488,89.84910772415633,-61.50382768061297,7.899057137059901,42.295390704819255,0,0,1.0,180-8,21,0.22300681930460087
7.616666666666645,SPH_JUNCTION_REGION,180,180-2,5,119.15297703055163,-144.3092482453457,187.1432367583183,-50.454260767872015,2.5636038181389007,33.61252656136965,0,2,1.0,180-2,76,1.5669876577459263
7.616666666666645,SPH_JUNCTION_REGION,180,180-9,3,192.95030383418614,-7.397919739294906,193.0920738046329,-2.195705585782695,1.7324005526788129,22.434214652393003,0,3,0.6666666666666666,180-9,55,-45.37769919686582
7.616666666666645,SPH_JUNCTION_REGION,180,180-3,2,37.602025440188406,3.8496481410836276,37.798572830395656,5.845503687198049,0.5888084324936615,7.306007869271413,0,0,1.0,180-3,76,1.0166513933450005
7.616666666666645,SPH_JUNCTION_REGION,180,180-3,2,71.00931283520671,3.734343038273025,71.1074386211158,3.0103822319263402,0.34206706007970844,15.007094555886454,0,0,1.0,180-3,76,0.4819453760022441
7.616666666666645,SPH_JUNCTION_REGION,180,180-2,2,101.55402423518763,-113.61069732769982,152.3831040031909,-48.207193221690936,1.5377039666495698,15.14983890156512,0,0,1.0,180-2,76,2.200425316770236
7.616666666666645,SPH_JUNCTION_REGION,180,180-2,2,193.92057713857565,-71.07203765232902,206.5343186344883,-20.127923440600917,1.096612842409579,8.240360621129188,0,2,1.0,180-2,76,2.0518731850685867
7.616666666666645,SPH_JUNCTION_REGION,180,180-2,2,153.4503066474826,-119.2155111893285,194.31761299053503,-37.84362647298623,1.8559145202665235,13.142336998228181,0,2,1.0,180-2,76,0.7156925399780789
7.616666666666645,SPH_JUNCTION_REGION,180,180-12,1,83.82827079960482,-79.30776661150318,115.3988770749375,-43.41273851124155,0.0,0.0,0,0,1.0,180-12,10,1.9895667118896654
7.616666666666645,SPH_JUNCTION_REGION,180,180-2,1,207.54900823586038,-53.8807163246064,214.42882831219768,-14.553003996216292,0.0,0.0,0,1,1.0,180-2,76,3.18746735167565
7.616666666666645,SPH_JUNCTION_REGION,180,180-2,1,208.38620777593576,-34.396473863762516,211.20589244975142,-9.372797651925278,0.0,0.0,0,1,1.0,180-2,76,3.7949616987032186
7.616666666666645,SPH_JUNCTION_REGION,180,180-9,1,175.62112529290903,13.6357611809919,176.14969097938462,4.43971229747148,0.0,0.0,0,1,1.0,180-9,55,-0.7615652891445279
7.616666666666645,SPH_JUNCTION_REGION,180,180-13,1,163.4414903215737,25.677515643803183,165.44623165298998,8.928487094741989,0.0,0.0,0,1,1.0,180-13,32,-0.32167518619900193
7.616666666666645,SPH_JUNCTION_REGION,180,180-13,1,151.12113925349152,43.200063072954485,157.174565941123,15.953315575442765,0.0,0.0,0,1,1.0,180-13,32,0.17785576161031713
7.616666666666645,SPH_JUNCTION_REGION,180,180-2,1,167.09186235175827,-96.56157953894954,192.98660343981342,-30.023409692912256,0.0,0.0,0,1,1.0,180-2,76,0.25618219416969623
7.716666666666645,SPH_JUNCTION_REGION,90,90-1,117,81.70797584803132,-36.301562249402934,89.40915355224959,-23.9548213804373,41.27134741676755,305.12665827799157,0,35,1.0,90-1,77,0.8953404865360426
7.716666666666645,SPH_JUNCTION_REGION,120,120-1,106,75.70859875936705,-37.90473653313376,84.66735485270057,-26.595579449085708,41.79602620733492,305.12665827799157,0,29,1.0,120-1,77,0.8366627238422097
7.716666666666645,SPH_JUNCTION_REGION,150,150-1,57,19.143652839097125,-37.073305956609055,41.72420710542281,-62.68939263170181,39.93795319828414,119.60462740606438,0,0,1.0,150-1,77,0.17206308876239973
7.716666666666645,SPH_JUNCTION_REGION,150,150-1,14,125.44354478816504,50.19077185517956,135.11179263276412,21.80666735581916,7.219351452874043,80.23140025727116,0,7,1.0,150-1,77,1.3857231169473039
7.716666666666645,SPH_JUNCTION_REGION,150,150-1,13,119.89656749276661,-127.63665331681096,175.11796642967084,-46.79099112233418,4.985894439660522,77.40003979695571,0,5,1.0,150-1,77,1.7425300330455684
7.716666666666645,SPH_JUNCTION_REGION,150,150-1,13,193.45032948098213,-49.61851198672109,199.712359928165,-14.385803053224585,9.320666722435176,105.49216340641581,0,13,1.0,150-1,77,2.864665988494437
7.716666666666645,SPH_JUNCTION_REGION,150,150-1,1,175.51134186494343,14.096013257408073,176.0764854061611,4.591795769236883,0.0,0.0,0,1,1.0,150-1,77,-0.7320557322350396
7.716666666666645,SPH_JUNCTION_REGION,180,180-1,30,0.06431222754502214,-37.80036125552899,37.80041596478945,-89.90251903601931,22.456275740815425,75.66267680641968,0,0,1.0,180-1,77,0.0
7.716666666666645,SPH_JUNCTION_REGION,180,180-3,9,115.23127506669594,56.08280082827826,128.15431050979467,25.952082075243947,5.891422121318518,63.79263832157717,0,3,1.0,180-3,77,1.7558236619848344
7.716666666666645,SPH_JUNCTION_REGION,180,180-8,6,42.98414549931692,-78.9237049320628,89.869839014598,-61.42600341075366,7.887124183116958,42.31384339398615,0,0,1.0,180-8,22,0.20731290441673877
7.716666666666645,SPH_JUNCTION_REGION,180,180-2,5,119.34724554016846,-144.37016053180977,187.3139297276254,-50.4203014930377,2.542448588704694,33.53196426395972,0,2,1.0,180-2,77,1.7069296930711175
7.716666666666645,SPH_JUNCTION_REGION,180,180-9,3,193.23771518510412,-7.41679481111304,193.37999745379452,-2.19803132621527,1.7140824656591946,22.562356914263873,0,3,1.0,180-9,56,2.8792364916162683
7.716666666666645,SPH_JUNCTION_REGION,180,180-3,2,37.695117645911786,3.8668848951271793,37.89293724602637,5.857095045505092,0.5869276840101043,7.319164683503449,0,0,1.0,180-3,77,0.943644156307144
7.716666666666645,SPH_JUNCTION_REGION,180,180-3,2,71.07713720594654,3.7672218314586026,71.17690210820058,3.0339451172073333,0.3426730744232469,15.06214394517288,0,0,1.0,180-3,77,0.6946348708477501
7.716666666666645,SPH_JUNCTION_REGION,180,180-2,2,101.78329773098694,-113.72552034827176,152.62153739063143,-48.17174897459563,1.5141512008445766,15.13134501045112,0,0,1.0,180-2,77,2.384333874405229
7.716666666666645,SPH_JUNCTION_REGION,180,180-2,2,194.29016870089217,-70.80291662484053,206.78907770093966,-20.022672078690757,1.0877114140544872,8.158376240101035,0,2,1.0,180-2,77,2.5475906645135638
7.716666666666645,SPH_JUNCTION_REGION,180,180-12,1,84.16202050937832,-79.25945377770643,115.60841971656475,-43.28166914444072,0.0,0.0,0,0,1.0,180-12,11,2.0954264162725167
7.716666666666645,SPH_JUNCTION_REGION,180,180-2,1,207.9298349945887,-53.65827668898992,214.74176803339654,-14.470026562755947,0.0,0.0,0,1,1.0,180-2,77,3.1293972119885893
7.716666666666645,SPH_JUNCTION_REGION,180,180-2,1,208.77937147619065,-34.38587039597981,211.59209351221594,-9.352626513376942,0.0,0.0,0,1,1.0,180-2,77,3.8620106246452224
7.716666666666645,SPH_JUNCTION_REGION,180,180-9,1,175.51134186494343,14.096013257408073,176.0764854061611,4.591795769236883,0.0,0.0,0,1,1.0,180-9,56,-0.7320557322350396
7.716666666666645,SPH_JUNCTION_REGION,180,180-13,1,163.3677108794613,25.967910609529493,165.41868497669716,9.031818109837769,0.0,0.0,0,1,1.0,180-13,33,-0.2754667629281471
7.716666666666645,SPH_JUNCTION_REGION,180,180-13,1,151.0993209122516,43.313596020142334,157.18483508385816,15.995291773747637,0.0,0.0,0,1,1.0,180-13,33,0.10269142735154446
7.716666666666645,SPH_JUNCTION_REGION,180,180-2,1,151.13165656331202,-125.54470375414559,196.47455371189184,-39.7163309125634,0.0,0.0,0,1,0.5,180-2,77,21.569407213568184
7.716666666666645,SPH_JUNCTION_REGION,180,180-2,1,167.02008737943237,-96.7094681676948,192.99852543869758,-30.072084161367506,0.0,0.0,0,1,1.0,180-2,77,0.11921998884162122
7.816666666666644,SPH_JUNCTION_REGION,90,90-1,117,81.85281257636343,-36.19753567270664,89.4994106988317,-23.856315222139234,41.270453085433715,305.4940635496222,0,35,1.0,90-1,78,0.9025714658210404
7.816666666666644,SPH_JUNCTION_REGION,120,120-1,106,75.84795257395899,-37.812763648028714,84.75091152526451,-26.497803467989662,41.791556781739544,305.4940635496222,0,29,1.0,120-1,78,0.8355667256394383
7.816666666666644,SPH_JUNCTION_REGION,150,150-1,57,19.22575871117657,-37.051378603502535,41.74247781864976,-62.575447023197555,39.91655046458532,119.66388625813836,0,0,1.0,150-1,78,0.18270713226947066
7.816666666666644,SPH_JUNCTION_REGION,150,150-1,14,125.4829739731853,50.46646546454572,135.2510291777452,21.908896156253952,7.192078479646482,80.03667352250747,0,7,1.0,150-1,78,1.3923654498108817
7.816666666666644,SPH_JUNCTION_REGION,150,150-1,13,120.16261731378793,-127.62026964584336,175.2882991650544,-46.72394089281798,4.961751762417955,77.24950877895998,0,5,1.0,150-1,78,1.7033273538356752
7.816666666666644,SPH_JUNCTION_REGION,150,150-1,13,193.80303135881817,-49.42921740742923,200.00715611541995,-14.308173480688797,9.323074321998373,105.7323298190055,0,13,1.0,150-1,78,2.947961872549456
7.816666666666644,SPH_JUNCTION_REGION,150,150-1,1,175.3860338729175,14.665150038333318,175.99808948769584,4.779748400239734,0.0,0.0,0,1,1.0,150-1,78,-0.7839591846527583
7.816666666666644,SPH_JUNCTION_REGION,180,180-1,30,0.10920008057356138,-37.80025823262999,37.800415964789444,-89.83448032826476,22.44778399032896,75.65636435312942,0,0,1.0,180-1,78,-7.105427357601002e-14
7.816666666666644,SPH_JUNCTION_REGION,180,180-3,9,115.3000635592434,56.33975300524783,128.32876694435234,26.041796224872837,5.860196345235868,63.64499014677646,0,3,1.0,180-3,78,1.7445643455766913
7.816666666666644,SPH_JUNCTION_REGION,180,180-8,6,43.15940386389434,-78.85095533023956,89.8899732916757,-61.30572130519741,7.878061029202058,42.35063135911299,0,0,1.0,180-8,23,0.20134277077701768
7.816666666666644,SPH_JUNCTION_REGION,180,180-2,5,119.64273443290327,-144.3375633863991,187.47724157055703,-50.34435192772647,2.523936766695818,33.44688174613503,0,2,1.0,180-2,78,1.6331184293161982
7.816666666666644,SPH_JUNCTION_REGION,180,180-3,2,37.77361233346602,3.9114952819571163,37.97559195140675,5.911964320119152,0.5854119683997512,7.33219347303372,0,0,1.0,180-3,78,0.8265470538037789
7.816666666666644,SPH_JUNCTION_REGION,180,180-3,2,71.18359170308563,3.8514231841413613,71.28770713310215,3.0969965878853745,0.3442991473706485,15.178622977238785,0,0,1.0,180-3,78,1.1080502490156618
7.816666666666644,SPH_JUNCTION_REGION,180,180-2,2,194.7440937158703,-70.39345292421402,207.07607358603553,-19.873222257899926,1.0772580638473244,8.057291573205454,0,2,1.0,180-2,78,2.869958850958767
7.816666666666644,SPH_JUNCTION_REGION,180,180-9,2,198.42976255574783,-11.059770663229308,198.73773973519397,-3.190162649406403,0.893763569396306,8.464373912250501,0,2,0.6666666666666666,180-9,57,53.57742281399453
7.816666666666644,SPH_JUNCTION_REGION,180,180-12,1,84.52191153060726,-79.14385801719156,115.79163955412834,-43.11793917911991,0.0,0.0,0,0,1.0,180-12,12,1.8321983756358406
7.816666666666644,SPH_JUNCTION_REGION,180,180-2,1,100.7573747982352,-106.31985086188448,146.47852833615377,-46.53870025602089,0.0,0.0,0,0,0.5,180-2,78,-61.43009054477659
7.816666666666644,SPH_JUNCTION_REGION,180,180-2,1,208.34167615005245,-53.28327478505645,215.0473468630412,-14.345864681816895,0.0,0.0,0,1,1.0,180-2,78,3.0557882964467353
7.816666666666644,SPH_JUNCTION_REGION,180,180-2,1,209.20087433375917,-34.22362488373196,211.9817499743591,-9.290842476409386,0.0,0.0,0,1,1.0,180-2,78,3.8965646214316507
7.816666666666644,SPH_JUNCTION_REGION,180,180-9,1,175.3860338729175,14.665150038333318,175.99808948769584,4.779748400239734,0.0,0.0,0,1,1.0,180-9,57,-0.7839591846527583
7.816666666666644,SPH_JUNCTION_REGION,180,180-13,1,163.27630943837275,26.380503880535887,165.39372481689327,9.177947491719598,0.0,0.0,0,1,1.0,180-13,34,-0.2496015980389643
7.816666666666644,SPH_JUNCTION_REGION,180,180-13,1,151.04550990948206,43.538338230891036,157.19520654181193,16.079440890849035,0.0,0.0,0,1,1.0,180-13,34,0.10371457953766594
7.816666666666644,SPH_JUNCTION_REGION,180,180-2,1,151.28095905941,-125.64490247301315,196.65342634032052,-39.71099104357367,0.0,0.0,0,1,1.0,180-2,78,1.7887262842867813
7.816666666666644,SPH_JUNCTION_REGION,180,180-2,1,167.01234457442777,-96.72573208531875,192.99997535670374,-30.077414319977663,0.0,0.0,0,1,1.0,180-2,78,0.014499180061591233
7.916666666666644,SPH_JUNCTION_REGION,90,90-1,118,82.6606944190282,-36.52954545043784,90.37255165508809,-23.84167020287226,45.453534040130776,305.8876292872474,0,36,0.9915254237288136,90-1,79,8.731409562563925
7.916666666666644,SPH_JUNCTION_REGION,120,120-1,106,76.05124857049277,-37.586706933093154,84.83249935729297,-26.299902378191703,46.64291067523161,305.8876292872474,0,29,1.0,120-1,79,0.8158783202846109
7.916666666666644,SPH_JUNCTION_REGION,150,150-1,57,19.37042638015591,-36.99637116991201,41.76056630232565,-62.364507400372496,50.167196081247575,119.66811295557001,0,0,1.0,150-1,79,0.18088483675889222
7.916666666666644,SPH_JUNCTION_REGION,150,150-1,14,125.43583121420659,50.96892614884336,135.39563946141388,22.113611864171382,7.163744468255014,79.86147421501262,0,7,1.0,150-1,79,1.4461028366866913
7.916666666666644,SPH_JUNCTION_REGION,150,150-1,13,120.64915200380818,-127.39205040292433,175.45641163861532,-46.557178766298264,4.93708057021933,77.11233873409064,0,5,1.0,150-1,79,1.681124735609103
7.916666666666644,SPH_JUNCTION_REGION,150,150-1,13,194.23952329079333,-48.89777263470653,200.299736836747,-14.130011682346597,9.325061742901635,105.94983038341188,0,13,1.0,150-1,79,2.9258072132705593
7.916666666666644,SPH_JUNCTION_REGION,150,150-1,1,175.23605281507102,15.548476749460619,175.9244989631486,5.070504645485288,0.0,0.0,0,1,1.0,150-1,79,-0.7359052454722814
7.916666666666644,SPH_JUNCTION_REGION,180,180-1,30,0.21974855545340025,-37.79977721737901,37.80041596478945,-89.66691541933413,50.53131057194193,75.65274745661384,0,0,1.0,180-1,79,7.105427357601002e-14
7.916666666666644,SPH_JUNCTION_REGION,180,180-3,9,115.26890471064851,56.79831036450483,128.5027955083281,26.23159594500144,5.832270316475552,63.49553961343306,0,3,1.0,180-3,79,1.7402856397575306
7.916666666666644,SPH_JUNCTION_REGION,180,180-8,6,43.4717247581979,-78.70106239311711,89.90911007933417,-61.085269049048684,7.870565338667333,42.392583912489684,0,0,1.0,180-8,24,0.19136787658467824
7.916666666666644,SPH_JUNCTION_REGION,180,180-2,5,120.18721385332296,-144.08325119068743,187.62982078417897,-50.16678547519472,2.507164243891719,33.3651521776654,0,2,1.0,180-2,79,1.5257921362194793
7.916666666666644,SPH_JUNCTION_REGION,180,180-3,2,37.83561431255714,4.022350439024114,38.04882407463989,6.068391097431925,0.5841476543799455,7.3499933576329495,0,0,1.0,180-3,79,0.732321232331401
7.916666666666644,SPH_JUNCTION_REGION,180,180-3,2,71.29572415895962,4.059725861259652,71.41121520755013,3.2590207751228233,0.3452142440338466,15.270221432167885,0,0,1.0,180-3,79,1.2350807444798306
7.916666666666644,SPH_JUNCTION_REGION,180,180-9,2,198.81623050106276,-10.565171236683058,199.09675123896963,-3.041858691652985,0.8784561573941656,8.424310036928096,0,2,1.0,180-9,58,3.590115037756618
7.916666666666644,SPH_JUNCTION_REGION,180,180-12,1,84.97731925698794,-78.87119733258093,115.93882247452306,-42.865753101074176,0.0,0.0,0,0,1.0,180-12,13,1.4718292039472658
7.916666666666644,SPH_JUNCTION_REGION,180,180-2,1,101.18391057089163,-106.17487480330574,146.66726900680956,-46.37879850702576,0.0,0.0,0,0,1.0,180-2,79,1.887406706557897
7.916666666666644,SPH_JUNCTION_REGION,180,180-2,1,193.14043105675105,-72.95847453582667,206.4610498747463,-20.693974013139055,0.0,0.0,0,1,0.5,180-2,79,-6.150237112892398
7.916666666666644,SPH_JUNCTION_REGION,180,180-2,1,208.83248636930512,-52.54343863659604,215.34117188067808,-14.122797416562209,0.0,0.0,0,1,1.0,180-2,79,2.9382501763686264
7.916666666666644,SPH_JUNCTION_REGION,180,180-2,1,209.68321474236274,-33.696738473413646,212.37354055634484,-9.129550617463941,0.0,0.0,0,1,1.0,180-2,79,3.9179058198573102
7.916666666666644,SPH_JUNCTION_REGION,180,180-9,1,175.23605281507102,15.548476749460619,175.9244989631486,5.070504645485288,0.0,0.0,0,1,1.0,180-9,58,-0.7359052454722814
7.916666666666644,SPH_JUNCTION_REGION,180,180-13,1,163.1394595465978,27.084608007047045,165.37248638165727,9.42633517252363,0.0,0.0,0,1,1.0,180-13,35,-0.2123843523600044
7.916666666666644,SPH_JUNCTION_REGION,180,180-13,1,150.91648719836488,44.02831280687172,157.2077556512845,16.264054808983317,0.0,0.0,0,1,1.0,180-13,35,0.1254910947255894
7.916666666666644,SPH_JUNCTION_REGION,180,180-2,1,151.64847821967513,-125.48649121033927,196.8352621422946,-39.60716803667794,0.0,0.0,0,1,1.0,180-2,79,1.8183580197407423
7.916666666666644,SPH_JUNCTION_REGION,180,180-2,1,167.17072169718816,-96.44553026708708,192.99686655813443,-29.981866465107355,0.0,0.0,0,1,1.0,180-2,79,-0.031087985693147857
8.016666666666644,SPH_JUNCTION_REGION,90,90-1,118,82.75387672891466,-36.01762408426075,90.25227619478372,-23.520501358392178,41.212102607657826,306.32797193704425,0,36,0.9831932773109243,90-1,80,-1.2027546030437009
8.016666666666644,SPH_JUNCTION_REGION,120,120-1,106,76.04117120379138,-37.78493565018627,84.9114896826868,-26.422828461476037,41.783652485323124,306.32797193704425,0,29,1.0,120-1,80,0.78990325393832
8.016666666666644,SPH_JUNCTION_REGION,150,150-1,57,19.305974602511817,-37.05046475639849,41.778673914067184,-62.47722372893657,39.871883689998256,119.86288990278354,0,0,1.0,150-1,80,0.18107611741534413
8.016666666666644,SPH_JUNCTION_REGION,150,150-1,14,125.67220447133707,50.77567136491332,135.54214023411032,22.000315468548663,7.132194279111162,79.62411264824104,0,7,1.0,150-1,80,1.4650077269644157
8.016666666666644,SPH_JUNCTION_REGION,150,150-1,13,120.42455021203584,-127.83907613889477,175.62716669643473,-46.710660599360935,4.9111529752793,77.01692229565205,0,5,1.0,150-1,80,1.7075505781940592
8.016666666666644,SPH_JUNCTION_REGION,150,150-1,13,194.39630788265092,-49.44743492956041,200.58657317856427,-14.271334824070326,9.327752110828309,106.21277616291593,0,13,1.0,150-1,80,2.8683634181726347
8.016666666666644,SPH_JUNCTION_REGION,150,150-1,1,175.17305911347984,15.475003559625472,175.85527110196364,5.0484738197671835,0.0,0.0,0,1,1.0,150-1,80,-0.6922786118497015
8.016666666666644,SPH_JUNCTION_REGION,180,180-1,30,0.11966186637647427,-37.80022656213643,37.80041596478945,-89.81862285934831,22.445805350359883,75.6548930538959,0,0,1.0,180-1,80,0.0
8.016666666666644,SPH_JUNCTION_REGION,180,180-3,9,115.5528404512508,56.612160469346854,128.67554409972124,26.101362768728347,5.801011662226831,63.37949866266676,0,3,1.0,180-3,80,1.7274859139314458
8.016666666666644,SPH_JUNCTION_REGION,180,180-8,5,40.95183401768971,-78.72904754071078,88.7429751365138,-62.51827677416809,7.954115285211922,42.42183676529565,0,0,0.8333333333333334,180-8,25,-11.661349428203636
8.016666666666644,SPH_JUNCTION_REGION,180,180-2,5,119.92674953136687,-144.49511801556037,187.77982954377694,-50.30831257885965,2.488584870303185,33.289506028182586,0,2,1.0,180-2,80,1.5000875959796645
8.016666666666644,SPH_JUNCTION_REGION,180,180-3,2,37.91334336007522,3.922052987045064,38.11566743967825,5.906115671374789,0.5838137881098984,7.371461371962816,0,0,1.0,180-3,80,0.6684336503835908
8.016666666666644,SPH_JUNCTION_REGION,180,180-3,2,71.40919871568865,3.8707783279567822,71.51403069384979,3.102715527819266,0.3439817225528612,15.260288666707531,0,0,1.0,180-3,80,1.0281548629966153
8.016666666666644,SPH_JUNCTION_REGION,180,180-9,2,199.14859928988744,-11.172490753537694,199.4617485854419,-3.2110005083443265,0.864215159084041,8.382017882351668,0,2,1.0,180-9,59,3.649973464722791
8.016666666666644,SPH_JUNCTION_REGION,180,180-12,1,84.97025555015922,-79.06068201154508,116.06263726277295,-42.93668652983895,0.0,0.0,0,0,1.0,180-12,14,1.238147882498879
8.016666666666644,SPH_JUNCTION_REGION,180,180-2,1,101.0262018578375,-106.61242170813904,146.8758044209277,-46.54108916352702,0.0,0.0,0,0,1.0,180-2,80,2.0853541411813126
8.016666666666644,SPH_JUNCTION_REGION,180,180-2,1,193.40882526204712,-73.28596898908316,206.82796459839258,-20.7525697942274,0.0,0.0,0,1,1.0,180-2,80,3.6691472364628908
8.016666666666644,SPH_JUNCTION_REGION,180,180-2,1,209.0192843979593,-52.966298146119165,215.62581011914733,-14.219651796997443,0.0,0.0,0,1,1.0,180-2,80,2.8463823846925607
8.016666666666644,SPH_JUNCTION_REGION,180,180-2,1,209.97684658170178,-34.33811417918315,212.76602685997156,-9.287532816622441,0.0,0.0,0,1,1.0,180-2,80,3.9248630362672543
8.016666666666644,SPH_JUNCTION_REGION,180,180-9,1,175.17305911347984,15.475003559625472,175.85527110196364,5.0484738197671835,0.0,0.0,0,1,1.0,180-9,59,-0.6922786118497015
8.016666666666644,SPH_JUNCTION_REGION,180,180-13,1,163.1550814530805,26.893686163822117,165.35673847605815,9.360187868136904,0.0,0.0,0,1,1.0,180-13,36,-0.1574790559911321
8.016666666666644,SPH_JUNCTION_REGION,180,180-2,1,151.31363644718732,-126.17692522651012,197.01886466652857,-39.82394163031771,0.0,0.0,0,1,1.0,180-2,80,1.8360252423397583
8.016666666666644,SPH_JUNCTION_REGION,180,180-2,1,166.78766244793596,-97.09052486428142,192.98884517833739,-30.20456406129722,0.0,0.0,0,1,1.0,180-2,80,-0.08021379797042982
8.11666666666665,SPH_JUNCTION_REGION,90,90-1,119,83.23642497332567,-37.04844738128186,91.10921959770967,-23.99379730147088,41.04276336976141,306.84010658723884,0,37,0.9915966386554622,90-1,81,8.569434029259497
8.11666666666665,SPH_JUNCTION_REGION,120,120-1,106,75.97544552585045,-38.08373797870297,84.98611310844832,-26.622948674904546,41.781424947226654,306.84010658723884,0,29,1.0,120-1,81,0.746234257615157
8.11666666666665,SPH_JUNCTION_REGION,150,150-1,57,19.18948720549845,-37.13043962473316,41.79600418623703,-62.66949951963264,39.853168923424725,120.24150984090072,0,0,1.0,150-1,81,0.17330272169843397
8.11666666666665,SPH_JUNCTION_REGION,150,150-1,14,125.97464036458446,50.41924306767044,135.68975674863313,21.81293076484766,7.0988622646263195,79.36462859320415,0,7,1.0,150-1,81,1.4761651452280944
8.11666666666665,SPH_JUNCTION_REGION,150,150-1,13,120.02714059810829,-128.44149480006791,175.79457348460426,-46.93957201499487,4.8858013608198325,76.94734471963399,0,5,1.0,150-1,81,1.6740678816952936
8.11666666666665,SPH_JUNCTION_REGION,150,150-1,13,194.46557358372027,-50.259612381725496,200.8553906321825,-14.4909955277678,9.334681557905459,106.4791283276844,0,13,1.0,150-1,81,2.6881745361822595
8.11666666666665,SPH_JUNCTION_REGION,150,150-1,1,175.12120933971613,15.178789862963397,175.77779615841325,4.953783030258563,0.0,0.0,0,1,1.0,150-1,81,-0.7747494355038498
8.11666666666665,SPH_JUNCTION_REGION,180,180-1,30,-0.030067459525654275,-37.80040400655774,37.800415964789444,-90.04557459671261,22.474141350636422,75.67594707460606,0,0,1.0,180-1,81,-7.105427357601002e-14
8.11666666666665,SPH_JUNCTION_REGION,180,180-3,9,115.9105701723843,56.274658691731105,128.84912684437583,25.896603870116436,5.767176699747389,63.25669445606065,0,3,1.0,180-3,81,1.7358274465459544
8.11666666666665,SPH_JUNCTION_REGION,180,180-8,6,43.10609702784114,-78.93575539514423,89.93880742357936,-61.361448154092784,7.853363003626142,42.45305929004175,0,0,0.8333333333333334,180-8,26,11.958322870655564
8.11666666666665,SPH_JUNCTION_REGION,180,180-2,5,119.47262516624869,-145.0627334796839,187.92792450488238,-50.525375521834285,2.4688642977234094,33.211112736504134,0,2,1.0,180-2,81,1.4809496110544274
8.11666666666665,SPH_JUNCTION_REGION,180,180-3,2,37.990244004113336,3.7699664276991953,38.176842278507635,5.667199376280116,0.5859546837734713,7.395493293059098,0,0,1.0,180-3,81,0.6117483882938757
8.11666666666665,SPH_JUNCTION_REGION,180,180-3,2,71.5212764657996,3.5873590365328605,71.61118719972693,2.8714311985757375,0.342088010531189,15.21897295284344,0,0,1.0,180-3,81,0.9715650587713753
8.11666666666665,SPH_JUNCTION_REGION,180,180-9,2,199.47603268922097,-12.037467671950939,199.83890573505556,-3.45335084272096,0.8524085573872286,8.331949316941818,0,2,1.0,180-9,60,3.7715714961365165
8.11666666666665,SPH_JUNCTION_REGION,180,180-12,1,84.817961793617,-79.35061711818939,116.14907266035732,-43.09257019277688,0.0,0.0,0,0,1.0,180-12,15,0.8643539758436702
8.11666666666665,SPH_JUNCTION_REGION,180,180-2,1,100.73341488039304,-107.17707135040378,147.0855040332491,-46.775168667269334,0.0,0.0,0,0,1.0,180-2,81,2.096996123214012
8.11666666666665,SPH_JUNCTION_REGION,180,180-2,1,193.5512424407156,-73.86942189526077,207.16846995014637,-20.889507484084568,0.0,0.0,0,1,1.0,180-2,81,3.405053517537908
8.11666666666665,SPH_JUNCTION_REGION,180,180-2,1,209.12892433604648,-53.66613171973614,215.90498069222934,-14.392533120499124,0.0,0.0,0,1,1.0,180-2,81,2.7917057308201265
8.11666666666665,SPH_JUNCTION_REGION,180,180-2,1,210.2183492241169,-35.25660281365369,213.15436282767593,-9.52070951220513,0.0,0.0,0,1,1.0,180-2,81,3.883359677043643
8.11666666666665,SPH_JUNCTION_REGION,180,180-9,1,175.12120933971613,15.178789862963397,175.77779615841325,4.953783030258563,0.0,0.0,0,1,1.0,180-9,60,-0.7747494355038498
8.11666666666665,SPH_JUNCTION_REGION,180,180-13,1,163.206413998843,26.498949050811326,165.3436659541551,9.222329502977189,0.0,0.0,0,1,1.0,180-13,37,-0.1307252190304098
8.11666666666665,SPH_JUNCTION_REGION,180,180-2,1,150.8034035517056,-127.0607970113376,197.19562028588493,-40.116121965680534,0.0,0.0,0,1,1.0,180-2,81,1.7675561935635642
8.11666666666665,SPH_JUNCTION_REGION,180,180-2,1,166.26982286235184,-97.94488295126487,192.97371347158875,-30.50114416003658,0.0,0.0,0,1,1.0,180-2,81,-0.15131706748633178
8.216666666666654,SPH_JUNCTION_REGION,90,90-1,119,83.26001511262017,-37.18949924686243,91.18820631411783,-24.068738120380623,41.044053939532915,307.28959152692397,0,37,1.0,90-1,82,0.7898671640816701
8.216666666666654,SPH_JUNCTION_REGION,120,120-1,106,75.98897833733768,-38.218835672770815,85.05882804820811,-26.700217326087483,41.778192236887975,307.28959152692397,0,29,1.0,120-1,82,0.7271493975979126
8.216666666666654,SPH_JUNCTION_REGION,150,150-1,57,19.151601691655866,-37.16890980094985,41.81281745047781,-62.73982155191375,39.829773471605236,120.42645051361569,0,0,1.0,150-1,82,0.16813264240781223
8.216666666666654,SPH_JUNCTION_REGION,150,150-1,14,126.16490460897626,50.33305083426859,135.83445498575517,21.74935661285911,7.066569936593611,79.15603122076108,0,7,1.0,150-1,82,1.4469823712204288
8.216666666666654,SPH_JUNCTION_REGION,150,150-1,13,119.90582272394057,-128.78120264860462,175.96023550429237,-47.043958962812255,4.861507408279334,76.86565346166641,0,5,1.0,150-1,82,1.6566201968811356
8.216666666666654,SPH_JUNCTION_REGION,150,150-1,13,194.6374469252645,-50.65926626398364,201.12209476830324,-14.588975177514723,9.344042668987875,106.71919389829561,0,13,1.0,150-1,82,2.6670413612075095
8.216666666666654,SPH_JUNCTION_REGION,150,150-1,1,175.0043060455958,15.274996792888265,175.66966915641217,4.988336825006364,0.0,0.0,0,1,1.0,150-1,82,-1.0812700200108338
8.216666666666654,SPH_JUNCTION_REGION,180,180-1,30,-0.09774450898387944,-37.80028959045252,37.80041596478946,-90.1481558848878,22.486961613069393,75.68546096558615,0,0,1.0,180-1,82,1.4210854715202004e-13
8.216666666666654,SPH_JUNCTION_REGION,180,180-3,9,116.14279247923815,56.183633707157846,129.0184054366487,25.81519889815837,5.737292732702529,63.14836086577333,0,3,1.0,180-3,82,1.6927859227286035
8.216666666666654,SPH_JUNCTION_REGION,180,180-8,5,47.64592373407277,-79.29600825867638,92.50941019287255,-58.999960116907715,5.50024587372908,29.47613114471831,0,0,0.8333333333333334,180-8,27,25.706027692931883
8.216666666666654,SPH_JUNCTION_REGION,180,180-2,5,119.33084635638406,-145.36933750944473,188.07470638037904,-50.61809671134766,2.4503357143976583,33.12944842920849,0,2,1.0,180-2,82,1.4678187549665722
8.216666666666654,SPH_JUNCTION_REGION,180,180-3,2,38.052423038831144,3.6948035039632403,38.23138072394281,5.545904271374402,0.5954430414065128,7.420807082100008,0,0,1.0,180-3,82,0.5453844543517761
8.216666666666654,SPH_JUNCTION_REGION,180,180-3,2,71.62714936188273,3.4585784456061726,71.71060096369203,2.764428829531339,0.3409181798165297,15.209764797388456,0,0,1.0,180-3,82,0.9941376396510293
8.216666666666654,SPH_JUNCTION_REGION,180,180-9,2,199.83222457795495,-12.470361317635586,200.22094768321972,-3.5708642535740105,0.8417550284232,8.273719616674521,0,2,1.0,180-9,61,3.8204194816415793
8.216666666666654,SPH_JUNCTION_REGION,180,180-12,1,84.79181946372272,-79.44191775059844,116.19238763301747,-43.13425400901653,0.0,0.0,0,0,1.0,180-12,16,0.43314972660155604
8.216666666666654,SPH_JUNCTION_REGION,180,180-2,1,100.6713128708153,-107.50680588792868,147.28349041001968,-46.88062149164591,0.0,0.0,0,0,1.0,180-2,82,1.979863767705865
8.216666666666654,SPH_JUNCTION_REGION,180,180-2,1,193.8156411169218,-74.0364621422768,207.47505987011598,-20.906569825977584,0.0,0.0,0,1,1.0,180-2,82,3.065899199696105
8.216666666666654,SPH_JUNCTION_REGION,180,180-2,1,209.37138013370918,-53.93301144662877,216.20625463384806,-14.445067268226184,0.0,0.0,0,1,1.0,180-2,82,3.0127394161871734
8.216666666666654,SPH_JUNCTION_REGION,180,180-2,1,210.5249329987674,-35.71931110435621,213.5336427823618,-9.629547613910885,0.0,0.0,0,1,1.0,180-2,82,3.792799546858703
8.216666666666654,SPH_JUNCTION_REGION,180,180-9,1,175.0043060455958,15.274996792888265,175.66966915641217,4.988336825006364,0.0,0.0,0,1,1.0,180-9,61,-1.0812700200108338
8.216666666666654,SPH_JUNCTION_REGION,180,180-13,1,163.20193368879126,26.463998276123796,165.33364559132937,9.210622834258126,0.0,0.0,0,1,1.0,180-13,38,-0.10020362825741813
8.216666666666654,SPH_JUNCTION_REGION,180,180-2,1,150.56044655746618,-127.60187623023901,197.35928375696156,-40.28169634089819,0.0,0.0,0,1,1.0,180-2,82,1.636634710766316
8.216666666666654,SPH_JUNCTION_REGION,180,180-2,1,165.96044406178166,-98.4307925471317,192.954631752234,-30.672091046131317,0.0,0.0,0,1,1.0,180-2,82,-0.19081719354744564
8.31666666666666,SPH_JUNCTION_REGION,90,90-1,119,83.4453861604315,-36.96492865483777,91.26630496476112,-23.892551981054087,41.04375256764117,307.62885977906456,0,37,1.0,90-1,83,0.7809865064328392
8.31666666666666,SPH_JUNCTION_REGION,120,120-1,95,61.743736908737205,-38.318227289182076,72.66756903902025,-31.823781171472966,42.91337381885238,287.74502878423533,0,18,0.8962264150943396,120-1,83,-123.91259009187863
8.31666666666666,SPH_JUNCTION_REGION,120,120-1,11,200.75314903733235,-35.4451385098098,203.8582465645797,-10.012992903674107,6.787451630927987,76.82967076953898,0,11,0.10377358490566038,120-1,83,1187.9941851637159
8.31666666666666,SPH_JUNCTION_REGION,150,150-1,57,19.27833185520835,-37.12367402325948,41.83086482616361,-62.55713818081052,39.79877569860486,120.30577488440423,0,0,1.0,150-1,83,0.18047375685803502
8.31666666666666,SPH_JUNCTION_REGION,150,150-1,14,126.13241840154566,50.802449207905845,135.97895358232623,21.93813418594838,7.0333842254626955,78.99852077627264,0,7,1.0,150-1,83,1.4449859657105435
8.31666666666666,SPH_JUNCTION_REGION,150,150-1,13,120.34932371346987,-128.59660618281228,176.12792748461806,-46.897447048771134,4.837924577708857,76.74941304344509,0,5,1.0,150-1,83,1.676919803256851
8.31666666666666,SPH_JUNCTION_REGION,150,150-1,10,201.8646999933109,-38.27684132547945,205.46161122030884,-10.736748234585164,6.655189361255649,76.82967076953898,0,10,0.7692307692307693,150-1,83,43.39516452005597
8.31666666666666,SPH_JUNCTION_REGION,150,150-1,3,172.21389220853544,-89.95737270235169,194.29347280112853,-27.580694009776348,2.6772899786006796,22.73241886798446,0,3,0.23076923076923078,150-1,83,-68.28621967174712
8.31666666666666,SPH_JUNCTION_REGION,150,150-1,1,174.81129979872753,16.168279578520927,175.55740884921323,5.284247294905276,0.0,0.0,0,1,1.0,150-1,83,-1.1226030719893743
8.31666666666666,SPH_JUNCTION_REGION,180,180-1,30,0.0005167836631278474,-37.80041596125689,37.80041596478946,-89.99921668791035,22.468350247047926,75.67164709274361,0,0,1.0,180-1,83,0.0
8.31666666666666,SPH_JUNCTION_REGION,180,180-3,9,116.12686041835529,56.59602278990817,129.18419990950898,25.982925966001677,5.70886990805634,63.01933258056805,0,3,1.0,180-3,83,1.6579447286028426
8.31666666666666,SPH_JUNCTION_REGION,180,180-8,5,47.924571666340725,-79.1564548371135,92.53382577080782,-58.807563860219496,5.515499062717652,29.577828774294503,0,0,1.0,180-8,28,0.2441557793527238
8.31666666666666,SPH_JUNCTION_REGION,180,180-2,5,119.82702372115094,-145.15785044612525,188.2267705721185,-50.460510468372235,2.4314393269710965,33.04259530369368,0,2,1.0,180-2,83,1.5206419173946983
8.31666666666666,SPH_JUNCTION_REGION,180,180-3,2,38.09092277542585,3.782304255133253,38.27824739146053,5.670695186810269,0.6113177795769,7.448176380806118,0,0,1.0,180-3,83,0.4686666751771895
8.31666666666666,SPH_JUNCTION_REGION,180,180-3,2,71.75241455148499,3.6441307098971705,71.84489322560769,2.9074153029356253,0.3367427269910346,15.083306116828684,0,0,1.0,180-3,83,1.3429226191566102
8.31666666666666,SPH_JUNCTION_REGION,180,180-9,2,200.24334328367348,-12.025384863352468,200.60410367321714,-3.436704994133776,0.8317493158500033,8.21072917581487,0,2,1.0,180-9,62,3.831559899974195
8.31666666666666,SPH_JUNCTION_REGION,180,180-12,1,85.11047576607373,-79.14183156106361,116.22057730009428,-42.91888635746334,0.0,0.0,0,0,1.0,180-12,17,0.2818966707680204
8.31666666666666,SPH_JUNCTION_REGION,180,180-2,1,101.08363780430514,-107.3956168964061,147.4846444898979,-46.734174083875196,0.0,0.0,0,0,1.0,180-2,83,2.011540798782221
8.31666666666666,SPH_JUNCTION_REGION,180,180-10,1,180.81518752836908,-80.8769299810312,198.07879705833207,-24.098518153727145,0.0,0.0,0,1,0.0,,1,
8.31666666666666,SPH_JUNCTION_REGION,180,180-2,1,194.3676716031328,-73.35838736229724,207.75043865373698,-20.677545951837576,0.0,0.0,0,1,1.0,180-2,83,2.7537878362099377
8.31666666666666,SPH_JUNCTION_REGION,180,180-2,1,209.86474007555285,-53.29758670918836,216.52676942124918,-14.249674947127666,0.0,0.0,0,1,1.0,180-2,83,3.2051478740112316
8.31666666666666,SPH_JUNCTION_REGION,180,180-2,1,210.97657198413043,-35.25609641133308,213.9020950349486,-9.486982590094712,0.0,0.0,0,1,1.0,180-2,83,3.6845225258679193
8.31666666666666,SPH_JUNCTION_REGION,180,180-9,1,174.81129979872753,16.168279578520927,175.55740884921323,5.284247294905276,0.0,0.0,0,1,1.0,180-9,62,-1.1226030719893743
8.31666666666666,SPH_JUNCTION_REGION,180,180-13,1,163.08400994849595,27.152108407743647,165.32885801295245,9.452559252790575,0.0,0.0,0,1,1.0,180-13,39,-0.0478757837692001
8.31666666666666,SPH_JUNCTION_REGION,180,180-2,1,150.87816810744877,-127.47518770355335,197.51998656215966,-40.19407334491419,0.0,0.0,0,1,1.0,180-2,83,1.6070280519809899
8.31666666666666,SPH_JUNCTION_REGION,180,180-2,1,166.06774494649466,-98.17651971269284,192.91740443648615,-30.59088119506147,0.0,0.0,0,1,1.0,180-2,83,-0.3722731574785598
8.416666666666664,SPH_JUNCTION_REGION,90,90-1,119,83.70442320328115,-36.57589367210112,91.34673755371254,-23.603638528845483,41.0419120850582,307.9084524527727,0,36,1.0,90-1,84,0.8043258895142458
8.416666666666664,SPH_JUNCTION_REGION,120,120-1,96,63.12654181343216,-37.53187164714888,73.44114426301552,-30.73359071926648,42.914115163150974,287.7969239310158,0,18,0.9895833333333334,120-1,84,7.73575223995266
8.416666666666664,SPH_JUNCTION_REGION,120,120-1,11,201.2933124090685,-34.52881915932548,204.2332905604575,-9.733494196916784,6.7521920970201394,76.56196990552023,0,11,1.0,120-1,84,3.7504399587780313
8.416666666666664,SPH_JUNCTION_REGION,150,150-1,57,19.48457272869334,-37.04038600005259,41.85258378466773,-62.25401877211561,39.76293172969225,120.0616225923121,0,0,1.0,150-1,84,0.2171895850411687
8.416666666666664,SPH_JUNCTION_REGION,150,150-1,17,132.4063537616813,-119.83034589859216,178.57982616925054,-42.14571269724915,8.853953400905347,105.63118167357467,0,9,0.7647058823529411,150-1,84,24.51898684632482
8.416666666666664,SPH_JUNCTION_REGION,150,150-1,14,125.9956714283592,51.527832596963776,136.12504086619688,22.24284855190372,6.998097081308775,78.84655607093751,0,6,1.0,150-1,84,1.460872838706564
8.416666666666664,SPH_JUNCTION_REGION,150,150-1,10,202.40833006778087,-37.35134889021454,205.82578882333053,-10.455435339619235,6.618586299098835,76.56196990552023,0,10,1.0,150-1,84,3.6417760302168745
8.416666666666664,SPH_JUNCTION_REGION,150,150-1,1,174.5769129222922,17.386897238269988,175.44059598921726,5.687587798053594,0.0,0.0,0,1,1.0,150-1,84,-1.1681285999597435
8.416666666666664,SPH_JUNCTION_REGION,180,180-1,30,0.17298682050901812,-37.80002014114595,37.80041596478945,-89.73779523136926,22.435722859594275,75.64739317231849,0,0,1.0,180-1,84,-7.105427357601002e-14
8.416666666666664,SPH_JUNCTION_REGION,180,180-3,9,115.99772465407574,57.245962124349134,129.354444471248,26.266770138541172,5.677376303455905,62.859676223642104,0,2,1.0,180-3,84,1.7024456173902536
8.416666666666664,SPH_JUNCTION_REGION,180,180-8,5,48.36167887751677,-78.91010100087605,92.55082940644299,-58.49709325606332,5.53934175087935,29.709698880570368,0,0,1.0,180-8,29,0.1700363563516305
8.416666666666664,SPH_JUNCTION_REGION,180,180-2,5,120.60751482179793,-144.71597823818894,188.38494363649707,-50.191890016675984,2.4114613808035053,32.95542948366139,0,2,1.0,180-2,84,1.5817306437855905
8.416666666666664,SPH_JUNCTION_REGION,180,180-9,3,195.4559624749454,-7.612967375821921,195.6041680007678,-2.230530681201389,1.5789184216382162,22.952527738136787,0,3,0.6666666666666666,180-9,63,-49.999356724493396
8.416666666666664,SPH_JUNCTION_REGION,180,180-3,2,38.11172703095146,3.942352037071977,38.31508680488616,5.905783510204493,0.6308805743091468,7.472853600222807,0,0,1.0,180-3,84,0.3683941342562491
8.416666666666664,SPH_JUNCTION_REGION,180,180-3,2,71.98336124032667,3.9714453302657344,72.09283371782978,3.1579047524237986,0.3293572166242349,14.860512739683577,0,0,1.0,180-3,84,2.4794049222208514
8.416666666666664,SPH_JUNCTION_REGION,180,180-12,1,85.59552606243757,-78.65143540826358,116.24389176935573,-42.579070684988004,0.0,0.0,0,0,1.0,180-12,18,0.233144692614502
8.416666666666664,SPH_JUNCTION_REGION,180,180-2,1,101.70272206313601,-107.07631059669393,147.67796032601194,-46.47436253865857,0.0,0.0,0,0,1.0,180-2,84,1.9331583611403858
8.416666666666664,SPH_JUNCTION_REGION,180,180-10,1,180.95947488288567,-80.18928292787578,197.93092897871378,-23.899756925339723,0.0,0.0,0,1,1.0,180-10,2,-1.478680796182914
8.416666666666664,SPH_JUNCTION_REGION,180,180-2,1,195.0566106271423,-72.31123205215219,208.02883365112828,-20.340710748518653,0.0,0.0,0,1,1.0,180-2,84,2.7839499739130247
8.416666666666664,SPH_JUNCTION_REGION,180,180-2,1,210.45540494718443,-52.25159767048327,216.84489140996942,-13.943384932918073,0.0,0.0,0,1,1.0,180-2,84,3.18121988720236
8.416666666666664,SPH_JUNCTION_REGION,180,180-2,1,211.48604323041312,-34.37512389753951,214.26151223266245,-9.232167251064858,0.0,0.0,0,1,1.0,180-2,84,3.5941719771386715
8.416666666666664,SPH_JUNCTION_REGION,180,180-9,1,174.5769129222922,17.386897238269988,175.44059598921726,5.687587798053594,0.0,0.0,0,1,1.0,180-9,63,-1.1681285999597435
8.416666666666664,SPH_JUNCTION_REGION,180,180-13,1,162.90836459607803,28.16323061336161,165.32484028103605,9.808220083606185,0.0,0.0,0,1,1.0,180-13,40,-0.040177319164058645
8.416666666666664,SPH_JUNCTION_REGION,180,180-2,1,151.44654570191133,-127.05011460992736,197.6810254613143,-39.9936441628487,0.0,0.0,0,1,1.0,180-2,84,1.610388991546472
8.416666666666664,SPH_JUNCTION_REGION,180,180-2,1,166.34891523336339,-97.57199765210034,192.85293963312614,-30.393765141793505,0.0,0.0,0,1,1.0,180-2,84,-0.6446480336001059
8.51666666666667,SPH_JUNCTION_REGION,90,90-1,119,83.93826695139191,-36.25115523710008,91.43182659680085,-23.358490520278753,45.35733110031065,308.3807481718318,0,36,1.0,90-1,85,0.8508904308830267
8.51666666666667,SPH_JUNCTION_REGION,120,120-1,109,79.48718552484547,-36.880472319330615,87.62637674329639,-24.890361939865777,46.26245238129986,308.3807481718318,0,31,0.8807339449541285,120-1,85,141.85232480280874
8.51666666666667,SPH_JUNCTION_REGION,150,150-1,57,19.67109031658841,-36.97124149943539,41.87868780481251,-61.98413601552475,50.03122842100649,120.23148798359827,0,0,1.0,150-1,85,0.26104020144778417
8.51666666666667,SPH_JUNCTION_REGION,150,150-1,17,132.91388154613517,-119.46860953179173,178.7144330240839,-41.95054199698396,8.821005105873759,105.43417935532453,0,9,1.0,150-1,85,1.3460685483335055
8.51666666666667,SPH_JUNCTION_REGION,150,150-1,14,125.89263467450239,52.151081506887934,136.26698340987002,22.501804331769247,6.964466491067742,78.69657908922431,0,6,1.0,150-1,85,1.4194254367313874
8.51666666666667,SPH_JUNCTION_REGION,150,150-1,10,202.93178645083856,-36.576355312666024,206.20169669546158,-10.217273493105386,6.5849531351402,76.32560313412252,0,10,1.0,150-1,85,3.759078721310516
8.51666666666667,SPH_JUNCTION_REGION,150,150-1,1,174.34651265296247,18.430756590197078,175.3179946917506,6.034517062581879,0.0,0.0,0,1,1.0,150-1,85,-1.226012974666446
8.51666666666667,SPH_JUNCTION_REGION,180,180-1,30,0.31565379962104034,-37.79909800233193,37.80041596478945,-89.52154387087624,50.5065826573644,75.66623464320662,0,0,1.0,180-1,85,0.0
8.51666666666667,SPH_JUNCTION_REGION,180,180-3,9,115.90710677923961,57.80206754289658,129.5204092572581,26.505113272523378,5.649861203745177,62.714288954197784,0,2,1.0,180-3,85,1.6596478601010745
8.51666666666667,SPH_JUNCTION_REGION,180,180-8,5,48.77366306001298,-78.68818055740273,92.57807498390798,-58.2079298171866,5.587586386903025,29.997901020323567,0,0,1.0,180-8,30,0.27245577464995563
8.51666666666667,SPH_JUNCTION_REGION,180,180-2,5,121.27221534814566,-144.3619497183015,188.53997650874052,-49.96783787333228,2.3933840892994493,32.87916605257863,0,2,1.0,180-2,85,1.5503287224345286
8.51666666666667,SPH_JUNCTION_REGION,180,180-9,3,195.8648728088716,-6.9550276140911045,195.98831804357172,-2.0336794501659106,1.5680575784948414,22.911470293390472,0,3,1.0,180-9,64,3.8415004280392395
8.51666666666667,SPH_JUNCTION_REGION,180,180-3,2,38.12442453738909,4.069790982776052,38.34103474021744,6.093261920460044,0.6509680200244716,7.492051106223489,0,0,1.0,180-3,85,0.2594793533128126
8.51666666666667,SPH_JUNCTION_REGION,180,180-3,2,72.26081153043987,4.24436899801562,72.38535453549335,3.3615086733316426,0.3237942436075254,14.724721236982313,0,0,1.0,180-3,85,2.9252081766357207
8.51666666666667,SPH_JUNCTION_REGION,180,180-13,2,159.99365556884464,32.735835497523034,163.30831193788939,11.563520115814743,1.462476459950813,9.212500688189506,0,2,0.5,180-13,41,-20.165283431466605
8.51666666666667,SPH_JUNCTION_REGION,180,180-12,1,86.02953561118115,-78.20464604174828,116.26283868885457,-42.272222123219244,0.0,0.0,0,0,1.0,180-12,19,0.1894691949884475
8.51666666666667,SPH_JUNCTION_REGION,180,180-2,1,102.23410192624095,-106.82009796784314,147.8592064314043,-46.25668884722199,0.0,0.0,0,0,1.0,180-2,85,1.812461053923471
8.51666666666667,SPH_JUNCTION_REGION,180,180-10,1,181.00616383678835,-79.58199855018704,197.72841434693254,-23.73339138541082,0.0,0.0,0,1,1.0,180-10,3,-2.025146317812414
8.51666666666667,SPH_JUNCTION_REGION,180,180-2,1,195.67268268064873,-71.42659086662285,208.30160016252822,-20.05364841218786,0.0,0.0,0,1,1.0,180-2,85,2.7276651139993646
8.51666666666667,SPH_JUNCTION_REGION,180,180-2,1,210.9934138934863,-51.36782354188355,217.15633539424564,-13.682869755309987,0.0,0.0,0,1,1.0,180-2,85,3.1144398427622377
8.51666666666667,SPH_JUNCTION_REGION,180,180-2,1,211.95880293675467,-33.657450560383964,214.61444061527334,-9.022801851333236,0.0,0.0,0,1,1.0,180-2,85,3.5292838261088377
8.51666666666667,SPH_JUNCTION_REGION,180,180-9,1,174.34651265296247,18.430756590197078,175.3179946917506,6.034517062581879,0.0,0.0,0,1,1.0,180-9,64,-1.226012974666446
8.51666666666667,SPH_JUNCTION_REGION,180,180-2,1,151.91225305272033,-126.73695463903567,197.83727732338696,-39.837477770629256,0.0,0.0,0,1,1.0,180-2,85,1.5625186207265074
8.51666666666667,SPH_JUNCTION_REGION,180,180-2,1,166.5819790309043,-97.12602382632086,192.82899222410433,-30.244426321337905,0.0,0.0,0,1,1.0,180-2,85,-0.23947409021815247
8.616666666666674,SPH_JUNCTION_REGION,90,90-1,120,84.71425712319062,-36.846793934296535,92.38068836705301,-23.506817659282135,45.18657729113581,308.6318182980027,0,37,0.9916666666666667,90-1,86,9.488617702521651
8.616666666666674,SPH_JUNCTION_REGION,120,120-1,109,79.45097553772429,-37.16049498437017,87.71180024021548,-25.0662456665647,46.26831296739908,308.6318182980027,0,31,1.0,120-1,86,0.8542349691909124
8.616666666666674,SPH_JUNCTION_REGION,150,150-1,56,18.38406759937499,-37.73871671297796,41.97838349246897,-64.02739878241181,49.90070070252153,119.45927338918348,0,0,0.9824561403508771,150-1,86,0.9969568765646386
8.616666666666674,SPH_JUNCTION_REGION,150,150-1,18,130.81134601988595,-118.24012970543156,176.33019174347768,-42.110369066464834,8.55214902084258,105.49892083964514,0,9,0.9444444444444444,150-1,86,-23.842412806062043
8.616666666666674,SPH_JUNCTION_REGION,150,150-1,14,126.1717553622465,51.83535234433948,136.404602575765,22.33441075926427,6.932390360842277,78.45733328371028,0,6,1.0,150-1,86,1.3761916589498924
8.616666666666674,SPH_JUNCTION_REGION,150,150-1,10,203.19475539539812,-37.29679782088699,206.58935051906184,-10.400976997742413,6.5524163266473145,76.04988977967697,0,10,1.0,150-1,86,3.8765382360026024
8.616666666666674,SPH_JUNCTION_REGION,150,150-1,1,174.2505752808494,18.19430745130172,175.19787615533318,5.960916827227257,0.0,0.0,0,1,1.0,150-1,86,-1.2011853641743642
8.616666666666674,SPH_JUNCTION_REGION,180,180-1,31,0.345036588998472,-39.019338868509806,39.02086436745537,-89.49336340255718,49.740220268457264,75.78732343795336,0,0,0.967741935483871,180-1,86,12.20448402665916
8.616666666666674,SPH_JUNCTION_REGION,180,180-3,10,119.08757096720622,57.25083251920885,132.1344292113599,25.675718565795805,5.5453718912057735,65.35529020490172,0,3,0.9,180-3,86,26.14019954101792
8.616666666666674,SPH_JUNCTION_REGION,180,180-8,5,48.64155603979612,-78.82969463177292,92.62894650006118,-58.323500960045386,5.650725226551855,30.43165828734638,0,0,1.0,180-8,31,0.5087151615319385
8.616666666666674,SPH_JUNCTION_REGION,180,180-2,5,120.87123655285298,-144.89489111870938,188.69124330004928,-50.16515504440665,2.377540179811781,32.82653306136433,0,2,1.0,180-2,86,1.5126679130875686
8.616666666666674,SPH_JUNCTION_REGION,180,180-9,3,196.2537911890129,-7.733792015195142,196.40611521792027,-2.2566926206633884,1.5610883819345147,22.810309481783822,0,3,1.0,180-9,65,4.1779717434855
8.616666666666674,SPH_JUNCTION_REGION,180,180-3,2,38.15503799876082,3.911875792897263,38.355047867339934,5.853841844098585,0.668448089079372,7.514355068321028,0,0,1.0,180-3,86,0.14013127122495916
8.616666666666674,SPH_JUNCTION_REGION,180,180-3,2,72.59157285432468,3.9765593924514357,72.70040903644505,3.135523408295585,0.31364556145502465,14.660275764612775,0,0,1.0,180-3,86,3.1505450095170318
8.616666666666674,SPH_JUNCTION_REGION,180,180-2,2,208.28362113695692,-55.69368506755243,215.60114422313978,-14.97028948696258,1.1334934311289846,9.271316180477934,0,2,0.5,180-2,86,-15.551911711058608
8.616666666666674,SPH_JUNCTION_REGION,180,180-13,2,160.1058631478375,32.432723185649564,163.35779426630074,11.451475910869926,1.4630281834653083,9.173787955665851,0,2,1.0,180-13,42,0.4948232841135791
8.616666666666674,SPH_JUNCTION_REGION,180,180-12,1,85.9145537300811,-78.36980132717626,116.2890205595527,-42.37054118908944,0.0,0.0,0,0,1.0,180-12,20,0.261818706981245
8.616666666666674,SPH_JUNCTION_REGION,180,180-2,1,101.97590965638159,-107.31313616006692,148.0378172723293,-46.4608231717044,0.0,0.0,0,0,1.0,180-2,86,1.7861084092501756
8.616666666666674,SPH_JUNCTION_REGION,180,180-10,1,180.4841922807655,-80.29968252165685,197.54134422018905,-23.984881639702053,0.0,0.0,0,1,1.0,180-10,4,-1.8707012674349244
8.616666666666674,SPH_JUNCTION_REGION,180,180-2,1,195.75286762474437,-71.97153209657667,208.56434646324203,-20.18672248801117,0.0,0.0,0,1,1.0,180-2,86,2.6274630071381466
8.616666666666674,SPH_JUNCTION_REGION,180,180-2,1,212.1750432740978,-34.504989177158144,214.96242291731144,-9.236869811699181,0.0,0.0,0,1,1.0,180-2,86,3.4798230203810476
8.616666666666674,SPH_JUNCTION_REGION,180,180-9,1,174.2505752808494,18.19430745130172,175.19787615533318,5.960916827227257,0.0,0.0,0,1,1.0,180-9,65,-1.2011853641743642
8.616666666666674,SPH_JUNCTION_REGION,180,180-2,1,151.43997310277695,-127.5434031152133,197.99339668680773,-40.10422886555422,0.0,0.0,0,1,1.0,180-2,86,1.5611936342077115
8.616666666666674,SPH_JUNCTION_REGION,180,180-2,1,166.10928781227273,-97.93766324399218,192.83174370210438,-30.52350598785891,0.0,0.0,0,1,1.0,180-2,86,0.02751478000050156
8.71666666666668,SPH_JUNCTION_REGION,90,90-1,120,84.89354975975242,-38.06357202400818,93.03628488949039,-24.149949334438087,40.658060945408714,309.0343086594883,0,37,0.9834710743801653,90-1,87,6.555965224373779
8.71666666666668,SPH_JUNCTION_REGION,120,120-1,108,78.6278292569326,-37.916230428572014,87.29247426651347,-25.744482897775065,41.524954296987225,309.0343086594883,0,30,0.9908256880733946,120-1,87,-4.193259737020156
8.71666666666668,SPH_JUNCTION_REGION,150,150-1,55,18.14750197523566,-38.49546023061263,42.55857476828683,-64.75990650262831,38.71394558259558,119.63586163255016,0,0,0.9821428571428571,150-1,87,5.801912758178602
8.71666666666668,SPH_JUNCTION_REGION,150,150-1,18,130.51551642216242,-118.76962031732948,176.46677516537312,-42.30231452496739,8.519889559198896,105.15464034977398,0,9,1.0,150-1,87,1.365834218954376
8.71666666666668,SPH_JUNCTION_REGION,150,150-1,15,129.60190948293692,49.3562769362054,138.681999605669,20.84832746952161,7.830192824643768,91.13123850985355,0,7,0.9333333333333333,150-1,87,22.773970299039945
8.71666666666668,SPH_JUNCTION_REGION,150,150-1,10,203.4743809981065,-37.902122276453,206.97438149592767,-10.551818132723206,6.519665346142976,75.7447177148254,0,10,1.0,150-1,87,3.8503097686583487
8.71666666666668,SPH_JUNCTION_REGION,180,180-1,31,0.22656773100440109,-39.0202065992303,39.020864367455374,-89.66732034482169,22.094069136105272,75.80248134387534,0,0,1.0,180-1,87,7.105427357601002e-14
8.71666666666668,SPH_JUNCTION_REGION,180,180-3,7,126.27908184195086,65.43763101928552,142.2268964164735,27.393123107352828,3.7226281388746747,41.87353480907704,0,3,0.7,180-3,87,100.92467205113593
8.71666666666668,SPH_JUNCTION_REGION,180,180-8,5,48.549710775683806,-78.94969122641912,92.68294428399147,-58.410774559898584,5.7014439450796,30.81552368374537,0,0,1.0,180-8,32,0.5399778393029919
8.71666666666668,SPH_JUNCTION_REGION,180,180-2,5,120.5529918034749,-145.3530620667994,188.8399758657142,-50.328350545234414,2.3622598892452467,32.77443778033577,0,2,1.0,180-2,87,1.4873256566491477
8.71666666666668,SPH_JUNCTION_REGION,180,180-9,3,196.65305675289355,-8.404375880149916,196.83256403398198,-2.4471647087654342,1.5529708374853644,22.686551841871918,0,3,1.0,180-9,66,4.264488160617077
8.71666666666668,SPH_JUNCTION_REGION,180,180-3,2,38.16567150516512,3.770986792154616,38.35151656488668,5.642835658395388,0.6798403644083932,7.543851311370693,0,0,1.0,180-3,87,-0.035313024532541704
8.71666666666668,SPH_JUNCTION_REGION,180,180-3,2,72.92381990925993,3.7351451930680417,73.01941399224917,2.932117404227308,0.2925142660726048,14.619610430132761,0,0,1.0,180-3,87,3.1900495580411814
8.71666666666668,SPH_JUNCTION_REGION,180,180-3,2,102.06377330665399,30.416696492185544,106.49971477468748,16.594928972039824,2.9681903205119244,11.622137674193437,0,0,0.2,180-3,87,-256.34714436672425
8.71666666666668,SPH_JUNCTION_REGION,180,180-2,2,208.5041570604331,-56.25533000915609,215.95982419404035,-15.099126734760688,1.1304158627126881,9.209666889576203,0,2,1.0,180-2,87,3.5867997090056747
8.71666666666668,SPH_JUNCTION_REGION,180,180-12,1,85.89789625408015,-78.46763873673707,116.34267879757539,-42.41166689304021,0.0,0.0,0,0,1.0,180-12,21,0.5365823802269176
8.71666666666668,SPH_JUNCTION_REGION,180,180-2,1,101.77250372557019,-107.74462978422592,148.21115937037635,-46.632730388976725,0.0,0.0,0,0,1.0,180-2,87,1.7334209804704415
8.71666666666668,SPH_JUNCTION_REGION,180,180-10,1,180.07435323155906,-80.96648614496857,197.43947064968467,-24.210022016067803,0.0,0.0,0,1,1.0,180-10,5,-1.0187357050438095
8.71666666666668,SPH_JUNCTION_REGION,180,180-2,1,195.881466843339,-72.39227817250128,208.83053175171233,-20.282893981011203,0.0,0.0,0,1,1.0,180-2,87,2.6618528847029665
8.71666666666668,SPH_JUNCTION_REGION,180,180-2,1,212.40430206615784,-35.23160136452722,215.30641716149702,-9.417930701880369,0.0,0.0,0,1,1.0,180-2,87,3.4399424418558056
8.71666666666668,SPH_JUNCTION_REGION,180,180-9,1,174.14358568672105,18.070307087208533,175.07862357824948,5.924192318617825,0.0,0.0,0,1,1.0,180-9,66,-1.192525770836994
8.71666666666668,SPH_JUNCTION_REGION,180,180-13,1,157.54833417020905,35.941460591511095,161.5959968231237,12.850948899605074,0.0,0.0,0,1,0.5,180-13,43,-17.61797443177045
8.71666666666668,SPH_JUNCTION_REGION,180,180-2,1,151.0361341086428,-128.25716225085986,198.14593984012726,-40.33731540690968,0.0,0.0,0,1,1.0,180-2,87,1.525431533195274
8.71666666666668,SPH_JUNCTION_REGION,180,180-2,1,165.68599996101688,-98.64564684346954,192.8284580248688,-30.76859910374178,0.0,0.0,0,1,1.0,180-2,87,-0.03285677235567164
8.816666666666684,SPH_JUNCTION_REGION,90,90-1,120,84.96505179370219,-38.13613158165305,93.13122225290319,-24.172685021741543,40.658348157843825,309.3862397498747,0,37,1.0,90-1,88,0.9493736341279657
8.816666666666684,SPH_JUNCTION_REGION,120,120-1,108,78.69518202484917,-37.982271886874,87.3818325031729,-25.764305155828307,41.52259697838656,309.3862397498747,0,30,1.0,120-1,88,0.8935823665943587
8.816666666666684,SPH_JUNCTION_REGION,150,150-1,55,18.161349947664124,-38.51213089920249,42.579559160691495,-64.75261687528565,38.698217944736534,119.86907376693536,0,0,1.0,150-1,88,0.20984392404663765
8.816666666666684,SPH_JUNCTION_REGION,150,150-1,18,130.47357563518028,-119.02003305592433,176.6044229561152,-42.37155899671744,8.48838732056075,104.92307364872904,0,9,1.0,150-1,88,1.3764779074207922
8.816666666666684,SPH_JUNCTION_REGION,150,150-1,15,129.72270241623562,49.397286935618915,138.8094790667089,20.846402025961662,7.788491843526581,90.69832504456453,0,7,1.0,150-1,88,1.2747946103988284
8.816666666666684,SPH_JUNCTION_REGION,150,150-1,10,203.8339222188715,-38.07520446434507,207.35956462659405,-10.580641385456467,6.488618398674196,75.4541855618389,0,10,1.0,150-1,88,3.851831306663769
8.816666666666684,SPH_JUNCTION_REGION,180,180-1,31,0.19075842411469812,-39.0203980913442,39.020864367455374,-89.71990122925251,22.100531434752344,75.80711164288142,0,0,1.0,180-1,88,0.0
8.816666666666684,SPH_JUNCTION_REGION,180,180-3,7,126.44049978946795,65.42904073379282,142.36628589084833,27.360164449025827,3.692450894012152,41.696339896641675,0,3,1.0,180-3,88,1.3938947437483762
8.816666666666684,SPH_JUNCTION_REGION,180,180-8,5,48.60307324706264,-78.96662911571686,92.72533226124627,-58.388169603544824,5.732604922192631,31.074524078613997,0,0,1.0,180-8,33,0.423879772547906
8.816666666666684,SPH_JUNCTION_REGION,180,180-2,5,120.53839527116286,-145.5531629543818,188.98472949043241,-50.37048514352867,2.347122297643178,32.70635200081883,0,2,1.0,180-2,88,1.4475362471821995
8.816666666666684,SPH_JUNCTION_REGION,180,180-2,4,203.71385183661178,-62.889266531013526,213.20035946244997,-17.156176224502367,2.3314317695184594,25.0021925494868,0,4,0.5,180-2,88,-27.594647315903842
8.816666666666684,SPH_JUNCTION_REGION,180,180-9,3,197.0812908297087,-8.650261343342093,197.27103744952615,-2.5132043740874654,1.548127657721771,22.55582340706148,0,3,1.0,180-9,67,4.384734155441663
8.816666666666684,SPH_JUNCTION_REGION,180,180-3,2,38.155991269468956,3.705765705691002,38.33552359393656,5.54725197341694,0.6851908925657941,7.559706168815672,0,0,1.0,180-3,88,-0.15992970950122753
8.816666666666684,SPH_JUNCTION_REGION,180,180-3,2,73.2161282146237,3.640374502985539,73.306573765674,2.8464557491862825,0.26704654033108044,14.623976023435556,0,0,1.0,180-3,88,2.8715977342483257
8.816666666666684,SPH_JUNCTION_REGION,180,180-3,2,102.21167023871688,30.478955290435326,106.65923423963139,16.60428980153883,2.9767942248208943,11.648260784974134,0,0,1.0,180-3,88,1.5951946494391223
8.816666666666684,SPH_JUNCTION_REGION,180,180-12,1,86.15657045089146,-78.38878324049348,116.48071071977753,-42.297211740957295,0.0,0.0,0,0,1.0,180-12,22,1.3803192220214555
8.816666666666684,SPH_JUNCTION_REGION,180,180-2,1,101.79100068056003,-107.95313107957044,148.37549099980322,-46.6828243671905,0.0,0.0,0,0,1.0,180-2,88,1.6433162942686863
8.816666666666684,SPH_JUNCTION_REGION,180,180-10,1,179.94093751115113,-81.3112332964424,197.4595088937995,-24.317132765480448,0.0,0.0,0,1,1.0,180-10,6,0.2003824411482924
8.816666666666684,SPH_JUNCTION_REGION,180,180-2,1,212.70587623285257,-35.509564696536756,215.6495280980766,-9.477675918712338,0.0,0.0,0,1,1.0,180-2,88,3.431109365795635
8.816666666666684,SPH_JUNCTION_REGION,180,180-9,1,174.01903584215864,18.322147240779284,174.98093014653708,6.010423796533786,0.0,0.0,0,1,1.0,180-9,67,-0.9769343171240052
8.816666666666684,SPH_JUNCTION_REGION,180,180-13,1,157.60904563783532,36.07073510855615,161.68397941088932,12.890827197919375,0.0,0.0,0,1,1.0,180-13,44,0.8798258776562307
8.816666666666684,SPH_JUNCTION_REGION,180,180-2,1,150.90002809757527,-128.63618154786187,198.28788587067916,-40.44625225623562,0.0,0.0,0,1,1.0,180-2,88,1.4194603055190669
8.816666666666684,SPH_JUNCTION_REGION,180,180-2,1,165.46872302207345,-98.98356866922771,192.81505430088018,-30.887909193091538,0.0,0.0,0,1,1.0,180-2,88,-0.134037239886311
8.91666666666669,SPH_JUNCTION_REGION,90,90-1,119,84.60228166868127,-37.331806059253665,92.47275170120446,-23.810064750520322,40.828087856498,309.6605575713113,0,36,0.9916666666666667,90-1,89,-6.58470551698727
8.91666666666669,SPH_JUNCTION_REGION,120,120-1,109,80.07664807905897,-37.70461993118691,88.50936635030621,-25.213711744571395,41.417732373603755,309.6605575713113,0,31,0.9908256880733946,120-1,89,11.275338471333072
8.91666666666669,SPH_JUNCTION_REGION,150,150-1,55,18.311466409296976,-38.465317450164505,42.60153105934975,-64.54315305412129,38.67627751293371,120.13710597726956,0,0,1.0,150-1,89,0.2197189865825777
8.91666666666669,SPH_JUNCTION_REGION,150,150-1,18,130.85075486681978,-118.81308907669323,176.74408104704045,-42.23959338193447,8.457377600650055,104.84714100490257,0,9,1.0,150-1,89,1.3965809092525205
8.91666666666669,SPH_JUNCTION_REGION,150,150-1,15,129.67065836424598,49.890617326071045,138.93722804847323,21.044164841543168,7.747775433405102,90.19818627617217,0,7,1.0,150-1,89,1.2774898176434135
8.91666666666669,SPH_JUNCTION_REGION,150,150-1,10,204.32722631025666,-37.534335428528514,207.74609923583193,-10.40902553265702,6.4573362824297345,75.16934510650769,0,10,1.0,150-1,89,3.865346092378843
8.91666666666669,SPH_JUNCTION_REGION,180,180-1,31,0.29171108911339744,-39.01977396940988,39.02086436745538,-89.57166582033715,22.082318171724864,75.79389425892138,0,0,1.0,180-1,89,7.105427357601002e-14
8.91666666666669,SPH_JUNCTION_REGION,180,180-3,7,126.3733423171658,65.865883308333,142.50802164228688,27.528560426596083,3.6610965600255745,41.48718878097466,0,3,1.0,180-3,89,1.4173575143854578
8.91666666666669,SPH_JUNCTION_REGION,180,180-8,5,48.91669417448297,-78.80923857481528,92.75634239070689,-58.17223062528829,5.753133501449159,31.251236766001465,0,0,1.0,180-8,34,0.31010129460625535
8.91666666666669,SPH_JUNCTION_REGION,180,180-2,5,121.03226035113019,-145.32793522839796,189.126985920712,-50.211733051194955,2.3328876519677126,32.64624525603585,0,2,1.0,180-2,89,1.4225643027958768
8.91666666666669,SPH_JUNCTION_REGION,180,180-2,4,204.27510250852305,-62.262968546466325,213.5532597669393,-16.951200185955454,2.3177552286140757,24.910729208951526,0,4,1.0,180-2,89,3.5290030448933862
8.91666666666669,SPH_JUNCTION_REGION,180,180-9,3,197.5392800695139,-8.208093056713563,197.7097366393712,-2.3793683546292197,1.5426729538011976,22.420811557241606,0,3,1.0,180-9,68,4.38699189845039
8.91666666666669,SPH_JUNCTION_REGION,180,180-3,2,38.138617103765824,3.7721694353346864,38.32470974236507,5.648572139531654,0.6906192234894504,7.553522167488765,0,0,1.0,180-3,89,-0.10813851571484179
8.91666666666669,SPH_JUNCTION_REGION,180,180-3,2,73.54418218923837,3.7982968018630467,73.64220116535715,2.956497481503069,0.24266702203055823,14.86347763769686,0,0,1.0,180-3,89,3.356273996831476
8.91666666666669,SPH_JUNCTION_REGION,180,180-3,2,102.2424400053861,30.862945404345908,106.79905400932451,16.79698670248287,2.9801151004333457,11.651249089543338,0,0,1.0,180-3,89,1.3981976969311916
8.91666666666669,SPH_JUNCTION_REGION,180,180-12,1,86.79013565650641,-78.03270305955174,116.7117406007423,-41.95859772379072,0.0,0.0,0,0,1.0,180-12,23,2.3102988096476906
8.91666666666669,SPH_JUNCTION_REGION,180,180-2,1,102.18532654876493,-107.81011763249117,148.54246000995576,-46.53431781062274,0.0,0.0,0,0,1.0,180-2,89,1.6696901015254184
8.91666666666669,SPH_JUNCTION_REGION,180,180-10,1,180.19099501218383,-81.0893375380546,197.59624324830017,-24.22864165892696,0.0,0.0,0,1,1.0,180-10,7,1.3673435450067473
8.91666666666669,SPH_JUNCTION_REGION,180,180-2,1,213.13405712382212,-35.04228195579532,215.9955736368922,-9.33671202434775,0.0,0.0,0,1,1.0,180-2,89,3.460455388156163
8.91666666666669,SPH_JUNCTION_REGION,180,180-9,1,173.86102132013298,19.209412737720424,174.91899917449743,6.304876274240003,0.0,0.0,0,1,1.0,180-9,68,-0.6193097203964726
8.91666666666669,SPH_JUNCTION_REGION,180,180-13,1,157.54133221340308,36.75133170706603,161.77123272639247,13.131155225851122,0.0,0.0,0,1,1.0,180-13,45,0.8725331550314763
8.91666666666669,SPH_JUNCTION_REGION,180,180-2,1,151.2168366990099,-128.48117849564437,198.42868978271426,-40.35284695214722,0.0,0.0,0,1,1.0,180-2,89,1.4080391203509635
8.91666666666669,SPH_JUNCTION_REGION,180,180-2,1,165.60291369242682,-98.73809626999228,192.80440004948963,-30.804836342047103,0.0,0.0,0,1,1.0,180-2,89,-0.10654251390548097
9.016666666666694,SPH_JUNCTION_REGION,90,90-1,119,84.55518823407706,-37.67535052507929,92.5689575099979,-24.016372480095505,40.830122784401034,310.0779656284226,0,36,1.0,90-1,90,0.9620580879344232
9.016666666666694,SPH_JUNCTION_REGION,120,120-1,109,80.10317322477309,-37.2669565339433,88.3478602456269,-24.9495895616761,41.59121546716841,310.0779656284226,0,31,0.9818181818181818,120-1,90,-1.6150610467930449
9.016666666666694,SPH_JUNCTION_REGION,150,150-1,55,18.2013794241826,-38.5413432426106,42.62306126837658,-64.72069675950353,38.66531102818177,120.40217747951557,0,0,1.0,150-1,90,0.21530209026828118
9.016666666666694,SPH_JUNCTION_REGION,150,150-1,18,130.42408743268862,-119.48056934691037,176.87862797441488,-42.492575481526295,8.42602619329087,104.48932200313156,0,9,1.0,150-1,90,1.3454692737442997
9.016666666666694,SPH_JUNCTION_REGION,150,150-1,15,129.9516247350234,49.512563775220805,139.06444097204593,20.857223588861604,7.706319268014585,89.84747611920011,0,7,1.0,150-1,90,1.272129235726993
9.016666666666694,SPH_JUNCTION_REGION,150,150-1,10,204.56100854035677,-38.371421322931134,208.1287394604354,-10.624047309088503,6.425816168990867,74.8837366621603,0,10,1.0,150-1,90,3.8264022460347746
9.016666666666694,SPH_JUNCTION_REGION,180,180-1,31,0.13053717766865147,-39.02064602269669,39.020864367455374,-89.80832707267075,22.11140369539546,75.81475450450615,0,0,1.0,180-1,90,-7.105427357601002e-14
9.016666666666694,SPH_JUNCTION_REGION,180,180-3,7,126.74593136176895,65.44477065429435,142.6448355979123,27.309393409317074,3.634808953742844,41.33255341395438,0,3,1.0,180-3,90,1.3681395562542775
9.016666666666694,SPH_JUNCTION_REGION,180,180-8,5,48.69468890011565,-78.97402928783717,92.77968543293952,-58.34238301489687,5.771744367489742,31.408438550990187,0,0,1.0,180-8,35,0.23343042232625066
9.016666666666694,SPH_JUNCTION_REGION,180,180-2,5,120.5474893277808,-145.91060771874686,189.26595739351927,-50.43738209950494,2.318938499457355,32.58662118580429,0,2,1.0,180-2,90,1.389714728072704
9.016666666666694,SPH_JUNCTION_REGION,180,180-2,4,204.4208186991298,-63.016281329627525,213.9133535575497,-17.132826505221836,2.3055503269928064,24.819988150528694,0,4,1.0,180-2,90,3.6009379061039226
9.016666666666694,SPH_JUNCTION_REGION,180,180-3,3,68.38159910696548,3.2063614343332887,68.45672976467195,2.684589447814617,0.1769648874646826,24.077484652528025,0,0,0.6666666666666666,180-3,90,-51.85471400685202
9.016666666666694,SPH_JUNCTION_REGION,180,180-9,3,197.9237846581738,-9.101958354770785,198.1329608603958,-2.6330167269385183,1.5340287384260942,22.304581909176623,0,3,1.0,180-9,69,4.232242210246113
9.016666666666694,SPH_JUNCTION_REGION,180,180-3,2,38.16739427963323,3.587262479314143,38.3356027498261,5.369320645371811,0.6911808422982149,7.563180246860706,0,0,1.0,180-3,90,0.10893007461028503
9.016666666666694,SPH_JUNCTION_REGION,180,180-3,2,102.48242667708402,30.553049198423366,106.93987372792799,16.60087845801978,2.9770182637107707,11.629666308228794,0,0,1.0,180-3,90,1.408197186034812
9.016666666666694,SPH_JUNCTION_REGION,180,180-12,1,86.8071062898053,-78.29411775979015,116.89928390795832,-42.04831540179692,0.0,0.0,0,0,1.0,180-12,24,1.8754330721601775
9.016666666666694,SPH_JUNCTION_REGION,180,180-2,1,101.84999948528659,-108.35708515181732,148.71005446085704,-46.77305882514759,0.0,0.0,0,0,1.0,180-2,90,1.6759445090127656
9.016666666666694,SPH_JUNCTION_REGION,180,180-10,1,179.856766424799,-82.0946757451764,197.7068340105884,-24.534077725052196,0.0,0.0,0,1,1.0,180-10,8,1.1059076228823983
9.016666666666694,SPH_JUNCTION_REGION,180,180-2,1,213.32560992968328,-36.00705606647565,216.34307000328369,-9.580605936249544,0.0,0.0,0,1,1.0,180-2,90,3.4749636639148207
9.016666666666694,SPH_JUNCTION_REGION,180,180-9,1,173.83591899121558,18.94382107095547,174.86507681149155,6.219282858193681,0.0,0.0,0,1,1.0,180-9,69,-0.5392236300588138
9.016666666666694,SPH_JUNCTION_REGION,180,180-13,1,157.72135309948473,36.3751659656206,161.86160113676988,12.987004735634319,0.0,0.0,0,1,1.0,180-13,46,0.9036841037740828
9.016666666666694,SPH_JUNCTION_REGION,180,180-2,1,150.66874042180226,-129.3398879760784,198.56957461292234,-40.6440703318058,0.0,0.0,0,1,1.0,180-2,90,1.4088483020807985
9.016666666666694,SPH_JUNCTION_REGION,180,180-2,1,165.0639266687054,-99.58537263235098,192.77797158808355,-31.103167432099557,0.0,0.0,0,1,1.0,180-2,90,-0.26428461406084125
9.1166666666667,SPH_JUNCTION_REGION,90,90-1,119,84.74353035019156,-37.481698713681126,92.66252573007604,-23.85960030311582,40.829714038717135,310.3682140862958,1,36,1.0,90-1,91,0.9356822007814003
9.1166666666667,SPH_JUNCTION_REGION,120,120-1,109,80.2871396381802,-37.08356783700347,88.43763788570047,-24.791590558024406,41.58870186890518,310.3682140862958,1,31,1.0,120-1,91,0.897776400735637
9.1166666666667,SPH_JUNCTION_REGION,150,150-1,55,18.33115848293338,-38.501642229527675,42.642793361797594,-64.5402419190472,38.64357165299248,120.54842501356785,0,0,1.0,150-1,91,0.19732093421012564
9.1166666666667,SPH_JUNCTION_REGION,150,150-1,18,130.75340342282095,-119.31838890548289,177.01223245202866,-42.381863872497604,8.395256009068689,104.3526236415582,0,9,1.0,150-1,91,1.3360447761377259
9.1166666666667,SPH_JUNCTION_REGION,150,150-1,15,129.91567795312088,49.95607066411233,139.18941186102052,21.033093562711294,7.665519596356695,89.3661142030073,1,7,1.0,150-1,91,1.2497088897458752
9.1166666666667,SPH_JUNCTION_REGION,150,150-1,10,205.03135685639592,-37.91642711158765,208.50782416802278,-10.477334248181327,6.3962094684758055,74.66697455513055,0,10,1.0,150-1,91,3.790847075873671
9.1166666666667,SPH_JUNCTION_REGION,180,180-1,31,0.21684408692203017,-39.02026184721619,39.020864367455374,-89.681598161847,22.095823709732983,75.80374496958595,0,0,1.0,180-1,91,0.0
9.1166666666667,SPH_JUNCTION_REGION,180,180-3,7,126.6994049138697,65.82550855855108,142.7786285916789,27.453716966047526,3.6106337793806564,41.16398648028911,1,3,1.0,180-3,91,1.337929937666047
9.1166666666667,SPH_JUNCTION_REGION,180,180-8,5,48.97267477058496,-78.82368624926957,92.79814862435984,-58.147568275220046,5.791152117027753,31.567409980818134,0,0,1.0,180-8,36,0.1846319142032371
9.1166666666667,SPH_JUNCTION_REGION,180,180-2,5,120.98459675237298,-145.72833172331167,189.40438040920242,-50.300324738035755,2.304963119781818,32.52177506612186,0,2,1.0,180-2,91,1.3842301568314497
9.1166666666667,SPH_JUNCTION_REGION,180,180-2,4,204.96008902737873,-62.48495177193183,214.27320712597657,-16.95457636254721,2.2967606469986075,24.753978409182835,0,4,1.0,180-2,91,3.598535684268711
9.1166666666667,SPH_JUNCTION_REGION,180,180-3,3,68.56673995328036,3.3067176202632673,68.64642896204386,2.7610221429604818,0.15435517545902905,24.33148146423784,0,0,1.0,180-3,91,1.8969919737190821
9.1166666666667,SPH_JUNCTION_REGION,180,180-9,3,198.35664767930163,-8.741016645046392,198.5491502136425,-2.5232305540910813,1.5246612570120874,22.217894870530024,0,3,1.0,180-9,70,4.161893532466934
9.1166666666667,SPH_JUNCTION_REGION,180,180-3,2,38.190283962911636,3.6423291414083128,38.36358104690147,5.448002616758205,0.6884912534915468,7.581433182111716,0,0,1.0,180-3,91,0.2797829707537147
9.1166666666667,SPH_JUNCTION_REGION,180,180-3,2,102.53270325171073,30.901867157036634,107.08819089841097,16.7720436767614,2.9873358871516595,11.672549808712107,0,0,1.0,180-3,91,1.4831717048298287
9.1166666666667,SPH_JUNCTION_REGION,180,180-12,1,87.25677472853208,-78.02345467466169,117.05299746437416,-41.802515597946694,0.0,0.0,0,0,1.0,180-12,25,1.5371355641583762
9.1166666666667,SPH_JUNCTION_REGION,180,180-2,1,102.19471729439047,-108.23944652224462,148.86080083864337,-46.645370962355,0.0,0.0,0,0,1.0,180-2,91,1.507463777863336
9.1166666666667,SPH_JUNCTION_REGION,180,180-10,1,180.0604102551114,-81.98089574493284,197.84493576632326,-24.479613554536463,0.0,0.0,0,1,1.0,180-10,9,1.381017557348514
9.1166666666667,SPH_JUNCTION_REGION,180,180-2,1,213.7414095104963,-35.61848652511065,216.6888707845264,-9.46099680574433,0.0,0.0,0,1,1.0,180-2,91,3.458007812427013
9.1166666666667,SPH_JUNCTION_REGION,180,180-9,1,173.68395638823495,19.78066196959826,174.8067255417417,6.497353933785606,0.0,0.0,0,1,1.0,180-9,70,-0.5835126974983496
9.1166666666667,SPH_JUNCTION_REGION,180,180-13,1,157.6695446266524,37.00143398939244,161.95305313592362,13.207018221325116,0.0,0.0,0,1,1.0,180-13,47,0.9145199915374747
9.1166666666667,SPH_JUNCTION_REGION,180,180-2,1,150.9363994290057,-129.23114441373505,198.70200139675492,-40.57000660090095,0.0,0.0,0,1,1.0,180-2,91,1.3242678383258522
9.1166666666667,SPH_JUNCTION_REGION,180,180-2,1,165.15425693329647,-99.36946515851498,192.74392127659598,-31.034341594562168,0.0,0.0,0,1,1.0,180-2,91,-0.3405031148756166
9.216666666666704,SPH_JUNCTION_REGION,90,90-1,119,84.79253673084186,-37.591520737156486,92.75180168914905,-23.909397955547767,40.830652078137035,310.73898315443785,1,35,1.0,90-1,92,0.8927595907300656
9.216666666666704,SPH_JUNCTION_REGION,120,120-1,96,75.34043111090534,-24.953566167552612,79.36536413609844,-18.325429406013896,44.08374779574445,285.54548510106093,1,27,0.8807339449541285,120-1,92,-90.72273749602033
9.216666666666704,SPH_JUNCTION_REGION,120,120-1,13,117.21336569955695,-127.5408592261628,173.221372442219,-47.416182969301964,4.016242473598442,80.02488758305556,0,3,0.11926605504587157,120-1,92,847.8373455651854
9.216666666666704,SPH_JUNCTION_REGION,150,150-1,53,16.0525002872785,-40.07406899395994,43.16959313227005,-68.17040454672717,37.36057596661166,120.74011240202168,0,0,0.9636363636363636,150-1,92,5.2679977047245785
9.216666666666704,SPH_JUNCTION_REGION,150,150-1,15,130.0551893345206,49.9309407226171,139.31062814546314,21.002853221410522,7.626900068772552,88.98999606307184,1,7,1.0,150-1,92,1.2121628444262456
9.216666666666704,SPH_JUNCTION_REGION,150,150-1,13,117.21336569955695,-127.5408592261628,173.221372442219,-47.416182969301964,4.016242473598442,80.02488758305556,0,3,0.7222222222222222,150-1,92,-37.908600098096485
9.216666666666704,SPH_JUNCTION_REGION,150,150-1,10,205.36117151298177,-38.1958661528786,208.88306526942995,-10.53625420248015,6.367777049877333,74.45180220153098,0,10,1.0,150-1,92,3.752411014071697
9.216666666666704,SPH_JUNCTION_REGION,150,150-1,5,165.60934556423348,-99.05919217462474,192.9745550390075,-30.88574415376694,4.045053625775536,40.817809965436076,0,5,0.2777777777777778,150-1,92,159.62322586978843
9.216666666666704,SPH_JUNCTION_REGION,150,150-1,1,82.01547677730088,3.6024261921938834,82.09455466398599,2.5150281439928426,0.0,0.0,0,0,0.01818181818181818,150-1,92,394.5176130218839
9.216666666666704,SPH_JUNCTION_REGION,180,180-1,31,0.16357251277861087,-39.02052152414691,39.02086436745538,-89.75981972140875,22.10543884509343,75.81058425335915,0,0,1.0,180-1,92,7.105427357601002e-14
9.216666666666704,SPH_JUNCTION_REGION,180,180-3,7,126.88944122149128,65.75655858968874,142.91555300617725,27.3940629141677,3.586731808396772,41.004152846897284,1,3,1.0,180-3,92,1.3692441449833836
9.216666666666704,SPH_JUNCTION_REGION,180,180-8,5,48.9670805584422,-78.84299443901168,92.81159814660555,-58.15679208588198,5.81114491917988,31.73309083744183,0,0,1.0,180-8,37,0.13449522245707612
9.216666666666704,SPH_JUNCTION_REGION,180,180-2,5,120.89926853903012,-145.9853553156888,189.5477699682073,-50.369796614856476,2.290943713930364,32.45992001545392,0,1,1.0,180-2,92,1.433895590048735
9.216666666666704,SPH_JUNCTION_REGION,180,180-2,4,205.26399515379376,-62.688861251832826,214.62339348623723,-16.982987191689155,2.2904132468648224,24.727940347097825,0,4,1.0,180-2,92,3.5018636026066474
9.216666666666704,SPH_JUNCTION_REGION,180,180-9,3,198.75774644264843,-9.090224986982514,198.96550947657758,-2.618609077685731,1.5162512696743193,22.15483272202475,0,3,1.0,180-9,71,4.163592629350887
9.216666666666704,SPH_JUNCTION_REGION,180,180-3,2,38.22440502729171,3.554669246567573,38.38933202261973,5.312926796917645,0.6880021231866742,7.580434840187136,0,0,1.0,180-3,92,0.2575097571826035
9.216666666666704,SPH_JUNCTION_REGION,180,180-3,2,62.070493729561555,2.9367612573605753,62.1399288582975,2.7088335844312894,0.12162161034135188,9.001037130402443,0,0,0.6666666666666666,180-3,92,-65.06500103746355
9.216666666666704,SPH_JUNCTION_REGION,180,180-3,2,102.68783991627394,30.87468325091123,107.22890716833032,16.73421595953836,3.0065366241719396,11.749877693451072,0,0,1.0,180-3,92,1.4071626991935204
9.216666666666704,SPH_JUNCTION_REGION,180,180-3,1,82.01547677730088,3.6024261921938834,82.09455466398599,2.5150281439928426,0.0,0.0,0,0,0.3333333333333333,180-3,92,134.48125701942132
9.216666666666704,SPH_JUNCTION_REGION,180,180-12,1,87.42853285484425,-78.07351397797314,117.21442719230149,-41.76479329225762,0.0,0.0,0,0,1.0,180-12,26,1.6142972792732735
9.216666666666704,SPH_JUNCTION_REGION,180,180-2,1,102.14546901985116,-108.48133642181963,149.00301068484953,-46.72299544603118,0.0,0.0,0,0,1.0,180-2,92,1.4220984620615695
9.216666666666704,SPH_JUNCTION_REGION,180,180-10,1,179.99042307762718,-82.53400373676824,198.01114658645886,-24.633663863597285,0.0,0.0,0,1,1.0,180-10,10,1.662108201356034
9.216666666666704,SPH_JUNCTION_REGION,180,180-2,1,214.02389964821137,-35.99368046085119,217.02943269000522,-9.54644198206504,0.0,0.0,0,1,1.0,180-2,92,3.4056190547883602
9.216666666666704,SPH_JUNCTION_REGION,180,180-9,1,173.57183035527606,19.98081816362555,174.7180969086162,6.566730900176665,0.0,0.0,0,1,1.0,180-9,71,-0.8862863312552349
9.216666666666704,SPH_JUNCTION_REGION,180,180-13,1,157.7456008797527,37.058066812157115,162.0400410786437,13.220369207996184,0.0,0.0,0,1,1.0,180-13,48,0.8698794272007149
9.216666666666704,SPH_JUNCTION_REGION,180,180-2,1,150.74079184050535,-129.6523689868753,198.8278730676648,-40.69887123167453,0.0,0.0,0,1,1.0,180-2,92,1.258716709098735
9.216666666666704,SPH_JUNCTION_REGION,180,180-18,1,155.0759332638519,-114.86605915695056,192.98382477270658,-36.52766190841424,0.0,0.0,0,1,0.0,,1,
9.216666666666704,SPH_JUNCTION_REGION,180,180-2,1,164.8947237983006,-99.75060575747979,192.71858572930117,-31.171215871956118,0.0,0.0,0,1,1.0,180-2,92,-0.25335547294815797
9.316666666666709,SPH_JUNCTION_REGION,90,90-1,119,84.84133897678821,-37.6918445424297,92.83710435157361,-23.953794088387944,40.8313280062941,311.09031055161046,1,35,1.0,90-1,93,0.8530266242456719
9.316666666666709,SPH_JUNCTION_REGION,120,120-1,96,75.4021508892166,-25.028714822922534,79.44759860692687,-18.36288158479101,44.08250834614918,285.99636853149616,1,27,1.0,120-1,93,0.8223447082843904
9.316666666666709,SPH_JUNCTION_REGION,120,120-1,13,117.15566491601977,-127.78957339960415,173.3655816232493,-47.48584434039762,4.004080583637215,79.91805150540371,0,3,1.0,120-1,93,1.4420918103030544
9.316666666666709,SPH_JUNCTION_REGION,150,150-1,53,16.03434650408019,-40.09172162834681,43.17923587718708,-68.20147609207565,37.346616732364524,120.89543169959236,0,0,1.0,150-1,93,0.09642744917030655
9.316666666666709,SPH_JUNCTION_REGION,150,150-1,15,130.18777202174462,49.91937599507137,139.4302696107379,20.97888957481403,7.588741812720024,88.61131441119241,1,7,1.0,150-1,93,1.196414652747535
9.316666666666709,SPH_JUNCTION_REGION,150,150-1,13,117.15566491601977,-127.78957339960415,173.3655816232493,-47.48584434039762,4.004080583637215,79.91805150540371,0,3,1.0,150-1,93,1.4420918103030544
9.316666666666709,SPH_JUNCTION_REGION,150,150-1,10,205.6895686110807,-38.45636147239913,209.2536507999521,-10.589935596979675,6.34033601469361,74.24482114248447,0,10,1.0,150-1,93,3.7058553052216325
9.316666666666709,SPH_JUNCTION_REGION,150,150-1,5,165.43091869144072,-99.47036418608278,193.03300808516147,-31.017667138385907,4.030998761086662,40.699215039343294,0,5,1.0,150-1,93,0.584530461539714
9.316666666666709,SPH_JUNCTION_REGION,150,150-1,1,82.13665898131971,3.4950771810071664,82.21098657183725,2.436578757649277,0.0,0.0,0,0,1.0,150-1,93,1.1643190785126478
9.316666666666709,SPH_JUNCTION_REGION,180,180-1,31,0.11434987983453818,-39.02069681705249,39.020864367455374,-89.83209559844354,22.11432708785631,75.81677808475777,0,0,1.0,180-1,93,-7.105427357601002e-14
9.316666666666709,SPH_JUNCTION_REGION,180,180-3,7,127.07139139940455,65.69928479081146,143.05081102253428,27.340164731899936,3.5667381992422387,40.86170584232883,1,3,1.0,180-3,93,1.3525801635702805
9.316666666666709,SPH_JUNCTION_REGION,180,180-8,5,48.968821342571985,-78.85068436335703,92.81904916691666,-58.158383686695394,5.8316855005859285,31.896347990234442,0,0,1.0,180-8,38,0.07451020311108891
9.316666666666709,SPH_JUNCTION_REGION,180,180-2,5,120.82710505766886,-146.2291226373329,189.68960336270698,-50.433547578809375,2.276649837369686,32.396056626451276,0,1,1.0,180-2,93,1.4183339449968457
9.316666666666709,SPH_JUNCTION_REGION,180,180-2,4,205.56917643216758,-62.87551852561286,214.9698051561296,-17.006808986774228,2.2860776622792587,24.738753613276018,0,4,1.0,180-2,93,3.4641166989237604
9.316666666666709,SPH_JUNCTION_REGION,180,180-9,3,199.15887309275698,-9.421017110871363,199.38157461255093,-2.7083023237166772,1.5091061505858387,22.125081157854826,0,3,1.0,180-9,72,4.160651359733549
9.316666666666709,SPH_JUNCTION_REGION,180,180-3,2,38.25755311826528,3.4731538260772474,38.414882117435745,5.187290869890913,0.6825814315911161,7.592987402860069,0,0,1.0,180-3,93,0.2555009481601189
9.316666666666709,SPH_JUNCTION_REGION,180,180-3,2,62.19692456367429,2.7719437070198643,62.25866282770838,2.551824706678042,0.12428653742020135,9.012619848486802,0,0,1.0,180-3,93,1.1873396941087577
9.316666666666709,SPH_JUNCTION_REGION,180,180-3,2,102.83995275607586,30.848035332279355,107.36692771395421,16.697224982913937,3.008503598834512,11.753992285832654,0,0,1.0,180-3,93,1.3802054562388832
9.316666666666709,SPH_JUNCTION_REGION,180,180-3,1,82.13665898131971,3.4950771810071664,82.21098657183725,2.436578757649277,0.0,0.0,0,0,1.0,180-3,93,1.1643190785126478
9.316666666666709,SPH_JUNCTION_REGION,180,180-12,1,87.56094634961511,-78.11758708788892,117.34256149443,-41.73777993582261,0.0,0.0,0,0,1.0,180-12,27,1.2813430212851529
9.316666666666709,SPH_JUNCTION_REGION,180,180-2,1,102.10761386259863,-108.71722731964994,149.14891995849646,-46.79570372641857,0.0,0.0,0,0,1.0,180-2,93,1.4590927364693584
9.316666666666709,SPH_JUNCTION_REGION,180,180-10,1,179.89038053160613,-83.06459110382238,198.14205839006334,-24.785186167590787,0.0,0.0,0,1,1.0,180-10,11,1.3091180360447652
9.316666666666709,SPH_JUNCTION_REGION,180,180-2,1,214.30458479482297,-36.347443556908566,217.36511154553787,-9.626129457497795,0.0,0.0,0,1,1.0,180-2,93,3.3567885553264887
9.316666666666709,SPH_JUNCTION_REGION,180,180-9,1,173.43677646258809,20.178841631123767,174.60670399302464,6.63635249667165,0.0,0.0,0,1,1.0,180-9,72,-1.113929155915514
9.316666666666709,SPH_JUNCTION_REGION,180,180-13,1,157.81997026523013,37.13177346991397,162.12930523362866,13.239715921925184,0.0,0.0,0,1,1.0,180-13,49,0.8926415498495999
9.316666666666709,SPH_JUNCTION_REGION,180,180-2,1,150.54206151881448,-130.04157436201757,198.93145389527186,-40.82118199071439,0.0,0.0,0,1,1.0,180-2,93,1.035808276070611
9.316666666666709,SPH_JUNCTION_REGION,180,180-18,1,154.9262792479584,-115.20832691530649,193.06763217132104,-36.635717686684,0.0,0.0,0,1,1.0,180-18,2,0.8380739861445363
9.316666666666709,SPH_JUNCTION_REGION,180,180-2,1,164.63622913640663,-100.10228529701057,192.6799301067433,-31.300479956216066,0.0,0.0,0,1,1.0,180-2,93,-0.38655622557854485
9.416666666666714,SPH_JUNCTION_REGION,90,90-1,119,84.61168246607963,-38.406622064527554,92.92042524734883,-24.414072511279684,40.83480656257951,311.5733525763139,1,36,1.0,90-1,94,0.8332089577521629
9.416666666666714,SPH_JUNCTION_REGION,120,120-1,91,70.37483238312744,-21.50713280248388,73.58786445017249,-16.99358716553612,45.25978197193448,263.84502647747405,1,23,0.9479166666666666,120-1,94,-58.59734156754385
9.416666666666714,SPH_JUNCTION_REGION,120,120-1,13,116.15772215255022,-128.87442981468163,173.4970751215373,-47.97087779982773,3.9928079677102564,79.70900926213493,0,3,1.0,120-1,94,1.3149349828799473
9.416666666666714,SPH_JUNCTION_REGION,120,120-1,5,164.51395180731387,-101.0739442017666,193.08232061936954,-31.565699068097075,4.016356728111579,40.56617120293666,0,5,0.052083333333333336,120-1,94,1136.3472201244265
9.416666666666714,SPH_JUNCTION_REGION,150,150-1,53,15.725607331069678,-40.223901824410945,43.18862123188054,-68.64689646964531,37.345733560430716,121.10226894740474,0,0,1.0,150-1,94,0.09385354693456804
9.416666666666714,SPH_JUNCTION_REGION,150,150-1,15,130.6791421416813,48.957302300103684,139.54875721191314,20.537832129262064,7.551118625801139,88.32775034912684,1,8,1.0,150-1,94,1.1848760117524648
9.416666666666714,SPH_JUNCTION_REGION,150,150-1,13,116.15772215255022,-128.87442981468163,173.4970751215373,-47.97087779982773,3.9928079677102564,79.70900926213493,0,3,1.0,150-1,94,1.3149349828799473
9.416666666666714,SPH_JUNCTION_REGION,150,150-1,11,204.2910872711873,-43.216298295492045,208.8121087887597,-11.944412346192847,6.696642263857266,74.01836352415697,0,11,0.9090909090909091,150-1,94,-4.4154201119241065
9.416666666666714,SPH_JUNCTION_REGION,150,150-1,5,164.51395180731387,-101.0739442017666,193.08232061936954,-31.565699068097075,4.016356728111579,40.56617120293666,0,5,1.0,150-1,94,0.49312534208070247
9.416666666666714,SPH_JUNCTION_REGION,150,150-1,1,82.28534413095298,2.7862061197810033,82.33250150026575,1.9393111352400123,0.0,0.0,0,0,1.0,150-1,94,1.215149284284962
9.416666666666714,SPH_JUNCTION_REGION,180,180-1,31,-0.21843328859914635,-39.020252983313426,39.020864367455374,-90.32073535809657,22.17451781757532,75.85548766597957,0,0,1.0,180-1,94,0.0
9.416666666666714,SPH_JUNCTION_REGION,180,180-3,7,127.72520267981562,64.71016614244185,143.1821671919461,26.868407908669376,3.5493380019551424,40.767751365027756,1,4,1.0,180-3,94,1.3135616941181638
9.416666666666714,SPH_JUNCTION_REGION,180,180-8,5,48.402423084726905,-79.20155949681796,92.82069589914148,-58.569660092673615,5.8550193695653325,32.0581658937698,0,0,1.0,180-8,39,0.01646732224827474
9.416666666666714,SPH_JUNCTION_REGION,180,180-2,5,119.68527140521537,-147.33774300105296,189.82353569561494,-50.91238292000127,2.262188486838126,32.321112758508086,0,1,1.0,180-2,94,1.3393233290796047
9.416666666666714,SPH_JUNCTION_REGION,180,180-2,4,205.41098091903837,-64.56016674499334,215.31764027190826,-17.447805265664798,2.282174954467509,24.755707210690982,0,4,1.0,180-2,94,3.4783511577865056
9.416666666666714,SPH_JUNCTION_REGION,180,180-9,3,199.48188073189587,-11.203008559209692,199.79621653352712,-3.2143849044023822,1.501204219538868,22.118469005780202,0,3,1.0,180-9,73,4.1464192097618024
9.416666666666714,SPH_JUNCTION_REGION,180,180-3,2,38.31711602518244,3.1111374125687057,38.443212098980204,4.641916878027779,0.6771109035829683,7.604065921368835,0,0,1.0,180-3,94,0.28329981544459315
9.416666666666714,SPH_JUNCTION_REGION,180,180-3,2,62.36228140644995,2.147632307273258,62.39925053031084,1.9723726278152507,0.11949541461831115,9.022193145333217,0,0,1.0,180-3,94,1.4058770260245979
9.416666666666714,SPH_JUNCTION_REGION,180,180-3,2,103.21544371260582,30.068813524491798,107.50609921097855,16.241943976969065,3.0134795957521145,11.777527768931327,0,0,1.0,180-3,94,1.3917149702433562
9.416666666666714,SPH_JUNCTION_REGION,180,180-3,1,82.28534413095298,2.7862061197810033,82.33250150026575,1.9393111352400123,0.0,0.0,0,0,1.0,180-3,94,1.215149284284962
9.416666666666714,SPH_JUNCTION_REGION,180,180-12,1,87.12063247119666,-78.79582828172724,117.46823892774069,-42.12761178402223,0.0,0.0,0,0,1.0,180-12,28,1.256774333106847
9.416666666666714,SPH_JUNCTION_REGION,180,180-2,1,101.26254833216032,-109.67801467554496,149.2761554900586,-47.284601559312364,0.0,0.0,0,0,1.0,180-2,94,1.2723553156214962
9.416666666666714,SPH_JUNCTION_REGION,180,180-10,1,179.14335915668855,-84.88268270967376,198.23575094804028,-25.352784990472507,0.0,0.0,0,1,1.0,180-10,12,0.9369255797693654
9.416666666666714,SPH_JUNCTION_REGION,180,180-2,1,214.31056117720584,-38.26102531637635,217.69915638410103,-10.122412978465736,0.0,0.0,0,1,1.0,180-2,94,3.340448385631589
9.416666666666714,SPH_JUNCTION_REGION,180,180-9,1,173.44832531523053,19.10838028937379,174.49771274128886,6.286784511205076,0.0,0.0,0,1,1.0,180-9,73,-1.0899125173577318
9.416666666666714,SPH_JUNCTION_REGION,180,180-13,1,158.16190258332045,36.067565348375496,162.22224477221084,12.846173351284893,0.0,0.0,0,1,1.0,180-13,50,0.9293953858218629
9.416666666666714,SPH_JUNCTION_REGION,180,180-2,1,149.36653324912837,-131.48508430430002,198.99419250162015,-41.35697119568088,0.0,0.0,0,1,1.0,180-2,94,0.627386063482902
9.416666666666714,SPH_JUNCTION_REGION,180,180-18,1,153.93414003620808,-116.66490285555987,193.14869667430878,-37.1580670620997,0.0,0.0,0,1,1.0,180-18,3,0.8106450298774348
9.416666666666714,SPH_JUNCTION_REGION,180,180-2,1,163.63788669234256,-101.63402893840073,192.63134168506335,-31.844046269959975,0.0,0.0,0,1,1.0,180-2,94,-0.4858842167996613
9.516666666666719,SPH_JUNCTION_REGION,90,90-1,120,85.4899404722534,-37.861401615871344,93.49874680586758,-23.887380077676713,40.80244829484843,311.84317193843043,2,36,0.9916666666666667,90-1,95,5.78321558518752
9.516666666666719,SPH_JUNCTION_REGION,120,120-1,91,70.51937909883247,-21.334508148268274,73.67593953532847,-16.832349451410906,45.25627589362932,264.17681255414374,1,22,1.0,120-1,95,0.8807508515597817
9.516666666666719,SPH_JUNCTION_REGION,120,120-1,13,116.51046952220437,-128.7271570017153,173.6242219796212,-47.851872653988295,3.9817909580846664,79.63212476237055,1,3,1.0,120-1,95,1.2714685808390414
9.516666666666719,SPH_JUNCTION_REGION,120,120-1,5,164.65686800914574,-100.94759698098228,193.13803747272587,-31.51156917665991,4.003457634831214,40.450759203221764,0,5,1.0,120-1,95,0.5571685335632992
9.516666666666719,SPH_JUNCTION_REGION,150,150-1,50,13.277776187842077,-42.69142557057089,44.70858035927802,-72.72339717528939,34.77529691565634,121.25123522250578,0,0,0.9433962264150944,150-1,95,15.199591273974775
9.516666666666719,SPH_JUNCTION_REGION,150,150-1,15,130.6505630220209,49.36777477824193,139.6665557838607,20.6996319711853,7.513980004265426,87.9081882572555,1,7,1.0,150-1,95,1.1779857194756005
9.516666666666719,SPH_JUNCTION_REGION,150,150-1,13,116.51046952220437,-128.7271570017153,173.6242219796212,-47.851872653988295,3.9817909580846664,79.63212476237055,1,3,1.0,150-1,95,1.2714685808390414
9.516666666666719,SPH_JUNCTION_REGION,150,150-1,11,204.749839194955,-42.80552230895265,209.1765029598262,-11.808325835705814,6.667137487339817,73.83497538132198,0,11,1.0,150-1,95,3.643941710664933
9.516666666666719,SPH_JUNCTION_REGION,150,150-1,5,164.65686800914574,-100.94759698098228,193.13803747272587,-31.51156917665991,4.003457634831214,40.450759203221764,0,5,1.0,150-1,95,0.5571685335632992
9.516666666666719,SPH_JUNCTION_REGION,150,150-1,3,69.15884067393345,2.424805039126993,69.2013361347907,2.0080470711324443,0.09111434184941536,24.445348979655417,0,0,0.3333333333333333,150-1,95,-131.31165365475056
9.516666666666719,SPH_JUNCTION_REGION,180,180-1,31,-0.14021771983407078,-39.0206124372029,39.02086436745538,-90.20588731129943,22.160355274987243,75.8468853802821,0,0,1.0,180-1,95,7.105427357601002e-14
9.516666666666719,SPH_JUNCTION_REGION,180,180-3,7,127.69443981428404,65.0622764443028,143.31423437885954,26.999540338059457,3.5291457580764196,40.604868566754234,1,3,1.0,180-3,95,1.3206718691344577
9.516666666666719,SPH_JUNCTION_REGION,180,180-2,5,120.08824484832681,-147.17466848203816,189.95149273840815,-50.78702359182227,2.248208743437978,32.256469097577494,1,1,1.0,180-2,95,1.2795704279321285
9.516666666666719,SPH_JUNCTION_REGION,180,180-8,4,52.59627318710372,-79.21883508449866,95.08938839490683,-56.4183660741547,4.646240399324771,24.696199039024904,0,0,0.8,180-8,40,22.686924957653503
9.516666666666719,SPH_JUNCTION_REGION,180,180-2,4,205.92285017229761,-64.08298834435107,215.66374201108718,-17.28609036539996,2.2781465190524006,24.766957071926107,0,4,1.0,180-2,95,3.4610173917891984
9.516666666666719,SPH_JUNCTION_REGION,180,180-3,3,69.15884067393345,2.424805039126993,69.2013361347907,2.0080470711324443,0.09111434184941536,24.445348979655417,0,0,0.6666666666666666,180-3,95,68.02085604479856
9.516666666666719,SPH_JUNCTION_REGION,180,180-9,3,199.90694482714716,-10.892082824223342,200.20345665940386,-3.1187206387753825,1.4920451824548155,22.107371090318658,0,3,1.0,180-9,74,4.0724012587674
9.516666666666719,SPH_JUNCTION_REGION,180,180-3,2,38.34473665650286,3.1503103051734893,38.473929930219455,4.696733409027905,0.6711456052804237,7.605363228221305,0,0,1.0,180-3,95,0.3071783123925087
9.516666666666719,SPH_JUNCTION_REGION,180,180-3,2,103.26623380287623,30.374500702678883,107.6407234125047,16.390601989904827,3.0289756359166073,11.841724272275972,0,0,1.0,180-3,95,1.3462420152615096
9.516666666666719,SPH_JUNCTION_REGION,180,180-12,1,87.53609056511658,-78.55400923371516,117.61504800881093,-41.90448419359867,0.0,0.0,0,0,1.0,180-12,29,1.4680908107024493
9.516666666666719,SPH_JUNCTION_REGION,180,180-2,1,101.55308137328896,-109.55797581700105,149.38533529610072,-47.17149709355984,0.0,0.0,0,0,1.0,180-2,95,1.0917980604210697
9.516666666666719,SPH_JUNCTION_REGION,180,180-10,1,179.27941635796884,-84.80181958674237,198.32412292728372,-25.314842783793136,0.0,0.0,0,1,1.0,180-10,13,0.8837197924344764
9.516666666666719,SPH_JUNCTION_REGION,180,180-2,1,214.70711809560805,-37.91830815674277,218.0296875528447,-10.015437287658742,0.0,0.0,0,1,1.0,180-2,95,3.305311687436756
9.516666666666719,SPH_JUNCTION_REGION,180,180-9,1,173.26070636750106,19.85783480064351,174.39497118304493,6.538280532632518,0.0,0.0,0,1,1.0,180-9,74,-1.027415582439346
9.516666666666719,SPH_JUNCTION_REGION,180,180-13,1,158.11550276166383,36.667418672458936,162.3114654165722,13.056263121011941,0.0,0.0,0,1,1.0,180-13,51,0.8922064436134747
9.516666666666719,SPH_JUNCTION_REGION,180,180-2,1,149.56771892169098,-131.34284525453262,199.05136408222393,-41.28797527144999,0.0,0.0,0,1,1.0,180-2,95,0.5717158060377869
9.516666666666719,SPH_JUNCTION_REGION,180,180-18,1,154.17247478191646,-116.51783139172382,193.24998580235612,-37.08063401308015,0.0,0.0,0,1,1.0,180-18,4,1.0128912804734114
9.516666666666719,SPH_JUNCTION_REGION,180,180-2,1,163.70712122803715,-101.4460061447905,192.59105302038338,-31.785661424895522,0.0,0.0,0,1,1.0,180-2,95,-0.4028866467996295
9.616666666666724,SPH_JUNCTION_REGION,90,90-1,120,85.46081859304465,-38.137430893967235,93.58426764037539,-24.04911998247304,40.80268284884242,312.20565592042414,2,37,1.0,90-1,96,0.8552083450780401
9.616666666666724,SPH_JUNCTION_REGION,120,120-1,91,70.55281722062007,-21.537922225380765,73.76708013438498,-16.976053977822446,45.254514841323186,264.4149832883318,1,23,1.0,120-1,96,0.9114059905651573
9.616666666666724,SPH_JUNCTION_REGION,120,120-1,13,116.17621690605407,-129.2021501782819,173.75301144237423,-48.03869950823444,3.9709537073769847,79.49601223567136,1,3,1.0,120-1,96,1.2878946275301928
9.616666666666724,SPH_JUNCTION_REGION,120,120-1,5,164.26500911948838,-101.70608695986571,193.2022809019432,-31.7640753709305,3.991066635491259,40.3407156252035,0,5,1.0,120-1,96,0.6424342921732773
9.616666666666724,SPH_JUNCTION_REGION,150,150-1,50,13.171147806079519,-42.72357542269413,44.70775135732312,-72.86611925532546,34.77858052113814,121.41512808051779,0,0,1.0,150-1,96,-0.008290019548979899
9.616666666666724,SPH_JUNCTION_REGION,150,150-1,15,130.88383986553578,49.08185531374354,139.7841480962218,20.556204632054467,7.477564962626422,87.58219977469953,1,8,1.0,150-1,96,1.1759231236109713
9.616666666666724,SPH_JUNCTION_REGION,150,150-1,13,116.17621690605407,-129.2021501782819,173.75301144237423,-48.03869950823444,3.9709537073769847,79.49601223567136,1,3,1.0,150-1,96,1.2878946275301928
9.616666666666724,SPH_JUNCTION_REGION,150,150-1,12,203.01199577504858,-39.877725181737325,206.89152567043075,-11.113140773621952,7.140905147025051,80.9891019364326,0,12,0.9166666666666666,150-1,96,-22.849772893954423
9.616666666666724,SPH_JUNCTION_REGION,150,150-1,5,164.26500911948838,-101.70608695986571,193.2022809019432,-31.7640753709305,3.991066635491259,40.3407156252035,0,5,1.0,150-1,96,0.6424342921732773
9.616666666666724,SPH_JUNCTION_REGION,150,150-1,3,69.3463032227789,2.1114770736757955,69.37844121986494,1.744020280883436,0.09413829084140785,24.428896119993208,0,0,1.0,150-1,96,1.771050850742455
9.616666666666724,SPH_JUNCTION_REGION,180,180-1,31,-0.26972102658445346,-39.019932169997,39.020864367455374,-90.39604452089506,22.183809771321688,75.86096298580689,0,0,1.0,180-1,96,-7.105427357601002e-14
9.616666666666724,SPH_JUNCTION_REGION,180,180-3,7,128.01008382915717,64.73482618137211,143.4474791785492,26.82576898754293,3.5098858406340434,40.46759077539697,1,4,1.0,180-3,96,1.332447996896633
9.616666666666724,SPH_JUNCTION_REGION,180,180-2,5,119.70439152002182,-147.65064614113254,190.07854864521826,-50.9673783904129,2.2360133340588875,32.187342199743746,1,1,1.0,180-2,96,1.2705590681011358
9.616666666666724,SPH_JUNCTION_REGION,180,180-8,4,52.54381611866437,-79.31371053018894,95.1394623191587,-56.476288413039605,4.69097569686378,24.88883793956486,0,0,1.0,180-8,41,0.5007392425186197
9.616666666666724,SPH_JUNCTION_REGION,180,180-2,4,206.09070632416234,-64.70472250718369,216.0094450433216,-17.430325004164548,2.274069233261728,24.775312662559585,0,4,1.0,180-2,96,3.45703032234411
9.616666666666724,SPH_JUNCTION_REGION,180,180-3,3,69.3463032227789,2.1114770736757955,69.37844121986494,1.744020280883436,0.09413829084140785,24.428896119993208,0,0,1.0,180-3,96,1.771050850742455
9.616666666666724,SPH_JUNCTION_REGION,180,180-9,3,200.2556617584396,-11.64965823604596,200.59422873883298,-3.329368119046017,1.4833699217548773,22.105024159782808,0,3,1.0,180-9,75,3.907720794291265
9.616666666666724,SPH_JUNCTION_REGION,180,180-3,2,38.39031121598769,2.9832998073769494,38.50605242038043,4.443508070353854,0.6651981419818849,7.612476163606319,0,0,1.0,180-3,96,0.3212249016097246
9.616666666666724,SPH_JUNCTION_REGION,180,180-3,2,103.475865026136,30.120750850253998,107.7706559073025,16.229730049773632,3.033818473505817,11.860767316337178,0,0,1.0,180-3,96,1.2993249479779934
9.616666666666724,SPH_JUNCTION_REGION,180,180-12,1,87.51075713721275,-78.7769203563439,117.74521559519087,-41.99344769676689,0.0,0.0,0,0,1.0,180-12,30,1.301675863799403
9.616666666666724,SPH_JUNCTION_REGION,180,180-2,1,101.27002584854338,-109.98384464008154,149.5060674928554,-47.36200253784362,0.0,0.0,0,0,1.0,180-2,96,1.207321967546875
9.616666666666724,SPH_JUNCTION_REGION,180,180-10,1,178.9678529023975,-85.67264782652506,198.41697245473227,-25.580630167420015,0.0,0.0,0,1,1.0,180-10,14,0.9284952744854991
9.616666666666724,SPH_JUNCTION_REGION,180,180-2,1,214.89725480936934,-38.71787899520007,218.35728583788995,-10.213366879524717,0.0,0.0,0,1,1.0,180-2,96,3.275982850452408
9.616666666666724,SPH_JUNCTION_REGION,180,180-9,1,173.1833180646121,19.66595750807574,174.29633255056757,6.478512387186983,0.0,0.0,0,1,1.0,180-9,75,-0.9863863247736049
9.616666666666724,SPH_JUNCTION_REGION,180,180-13,1,158.26270936078774,36.42065984958013,162.3993523327479,12.959722512956596,0.0,0.0,0,1,1.0,180-13,52,0.8788691617570521
9.616666666666724,SPH_JUNCTION_REGION,180,180-2,1,149.07052578622057,-132.00463250978567,199.11615871702583,-41.52546756400884,0.0,0.0,0,1,1.0,180-2,96,0.6479463480189906
9.616666666666724,SPH_JUNCTION_REGION,180,180-18,1,153.78749384535027,-117.18967266884984,193.34945731360565,-37.30824974478623,0.0,0.0,0,1,1.0,180-18,5,0.994715112495328
9.616666666666724,SPH_JUNCTION_REGION,180,180-2,1,163.24459960953394,-102.16100282824266,192.57639990546414,-32.03897121398086,0.0,0.0,0,1,1.0,180-2,96,-0.1465311491924126
9.716666666666729,SPH_JUNCTION_REGION,90,90-1,121,86.3645590401086,-37.65700103735509,94.21723189162249,-23.558346284737592,40.75254264913217,312.48307510479424,3,37,0.9917355371900827,90-1,97,6.329642512471025
9.716666666666729,SPH_JUNCTION_REGION,120,120-1,77,46.57224097561561,-18.555857734266944,50.132758608969084,-21.723905339434232,47.646189494227286,231.46218726779847,1,8,0.8461538461538461,120-1,97,-236.343215254159
9.716666666666729,SPH_JUNCTION_REGION,120,120-1,16,200.6699540439107,-42.31416067454047,205.08271172767357,-11.907208536790877,7.940798129176164,93.37293104427727,1,16,0.15053763440860216,120-1,97,1313.1563159328857
9.716666666666729,SPH_JUNCTION_REGION,120,120-1,13,116.51457537629243,-129.0678104086076,173.8796881719944,-47.926194940804365,3.9601206273326026,79.41918679831961,1,3,1.0,120-1,97,1.2667672962015786
9.716666666666729,SPH_JUNCTION_REGION,120,120-1,4,160.72740678831514,-105.60457108788603,192.31647024514803,-33.30657343644578,2.7825857035871633,25.321234944690033,0,4,0.8,120-1,97,-8.858106567951722
9.716666666666729,SPH_JUNCTION_REGION,150,150-1,50,13.291703981020875,-42.68689947757695,44.70839721716543,-72.70463077892718,34.77069014765937,121.524709724583,0,0,1.0,150-1,97,0.006458598423080275
9.716666666666729,SPH_JUNCTION_REGION,150,150-1,16,133.46450534036632,47.17869423701701,141.5577739852482,19.468116612284764,8.282241435858184,91.96683180910325,1,8,0.9375,150-1,97,17.736258890263912
9.716666666666729,SPH_JUNCTION_REGION,150,150-1,13,116.51457537629243,-129.0678104086076,173.8796881719944,-47.926194940804365,3.9601206273326026,79.41918679831961,1,3,1.0,150-1,97,1.2667672962015786
9.716666666666729,SPH_JUNCTION_REGION,150,150-1,13,202.87403804298694,-37.18737192393125,206.2541537581149,-10.387163269680967,7.159237694128101,81.17588085931834,0,13,0.9230769230769231,150-1,97,-6.373719123158423
9.716666666666729,SPH_JUNCTION_REGION,150,150-1,4,160.72740678831514,-105.60457108788603,192.31647024514803,-33.30657343644578,2.7825857035871633,25.321234944690033,0,4,0.8,150-1,97,-8.858106567951722
9.716666666666729,SPH_JUNCTION_REGION,150,150-1,3,69.55242420597477,2.1526058031569106,69.58572716205278,1.7727041434757456,0.10711175205213733,24.40036465996324,0,0,1.0,150-1,97,2.072859421878377
9.716666666666729,SPH_JUNCTION_REGION,150,150-1,1,179.10298165340092,-85.60674956826746,198.51043702733247,-25.54663410323011,0.0,0.0,1,1,0.2,150-1,97,53.081561253892744
9.716666666666729,SPH_JUNCTION_REGION,180,180-1,31,-0.1955362098222111,-39.02037444174514,39.02086436745538,-90.28711425630026,22.170370829001254,75.85300094605208,0,0,1.0,180-1,97,7.105427357601002e-14
9.716666666666729,SPH_JUNCTION_REGION,180,180-3,7,127.98785655668935,65.06957991321026,143.5790432342316,26.94898065877949,3.4933207552491483,40.32544049252244,1,3,1.0,180-3,97,1.3156405568238938
9.716666666666729,SPH_JUNCTION_REGION,180,180-2,5,120.08967653630944,-147.49674860769946,190.2020537755529,-50.84802738374021,2.2237579552311755,32.12369392015208,1,1,1.0,180-2,97,1.235051303346495
9.716666666666729,SPH_JUNCTION_REGION,180,180-8,4,52.95060553229959,-79.13817323347013,95.21878537855817,-56.213892660380765,4.7385555499799565,25.12957290765591,0,0,1.0,180-8,42,0.7932305939947071
9.716666666666729,SPH_JUNCTION_REGION,180,180-9,4,195.9509878518487,-8.403858235881616,196.13111551552487,-2.4557708095373534,1.926557256776093,32.015947158860484,0,4,0.75,180-9,76,-44.63113223308113
9.716666666666729,SPH_JUNCTION_REGION,180,180-2,4,206.6058025285943,-64.2530511984495,216.3663842346936,-17.275351577476584,2.2694692910017236,24.771514161235242,0,4,1.0,180-2,97,3.56939191372021
9.716666666666729,SPH_JUNCTION_REGION,180,180-3,2,38.422791078843076,3.0149576321448146,38.54089832647977,4.486688898797952,0.6575607181737131,7.610664330269896,0,0,1.0,180-3,97,0.34845906099342017
9.716666666666729,SPH_JUNCTION_REGION,180,180-3,2,103.53120786624399,30.41699855317649,107.9069265766909,16.372548490005936,3.042698540295473,11.900652543414923,0,0,1.0,180-3,97,1.3627066938840926
9.716666666666729,SPH_JUNCTION_REGION,180,180-2,2,165.2807081363523,-98.73929533493893,192.52833797987861,-30.854248191253756,1.1410083201540804,7.669175866963889,0,2,0.5,180-2,97,-0.480619255855288
9.716666666666729,SPH_JUNCTION_REGION,180,180-3,1,58.31178772668969,1.6610824327939349,58.33544190910921,1.6316989390428094,0.0,0.0,0,0,0.3333333333333333,180-3,97,-110.42999310755732
9.716666666666729,SPH_JUNCTION_REGION,180,180-3,1,82.68857133173117,2.73356395345705,82.73374281857696,1.893425619101631,0.0,0.0,0,0,0.3333333333333333,180-3,97,133.55301598712018
9.716666666666729,SPH_JUNCTION_REGION,180,180-12,1,87.88889428039678,-78.53962118851032,117.86827323018464,-41.78473684942523,0.0,0.0,0,0,1.0,180-12,31,1.2305763499377065
9.716666666666729,SPH_JUNCTION_REGION,180,180-2,1,101.56011044301825,-109.88057559390684,149.6268589727337,-47.25350049357855,0.0,0.0,0,0,1.0,180-2,97,1.207914798782781
9.716666666666729,SPH_JUNCTION_REGION,180,180-10,1,179.10298165340092,-85.60674956826746,198.51043702733247,-25.54663410323011,0.0,0.0,1,1,1.0,180-10,15,0.9346457260019747
9.716666666666729,SPH_JUNCTION_REGION,180,180-2,1,215.30910254708616,-38.39796608289649,218.70622633783185,-10.11175415572404,0.0,0.0,0,1,1.0,180-2,97,3.489404999419037
9.716666666666729,SPH_JUNCTION_REGION,180,180-9,1,173.00769509039284,20.338296235170965,174.19904952163174,6.704757211103515,0.0,0.0,0,1,1.0,180-9,76,-0.9728302893583418
9.716666666666729,SPH_JUNCTION_REGION,180,180-13,1,158.21961175302766,37.00342695761472,162.48907394002325,13.163388109286352,0.0,0.0,0,1,1.0,180-13,53,0.8972160727535083
9.716666666666729,SPH_JUNCTION_REGION,180,180-2,1,149.27197443069994,-131.8863424315154,199.18867856984863,-41.46157850917756,0.0,0.0,0,1,1.0,180-2,97,0.7251985282280771
9.716666666666729,SPH_JUNCTION_REGION,180,180-18,1,154.01247624266588,-117.03446366250533,193.43450706419475,-37.23129229206276,0.0,0.0,0,1,1.0,180-18,6,0.8504975058909281
9.816666666666734,SPH_JUNCTION_REGION,90,90-1,121,86.4568965051884,-37.67435122672079,94.30881026533616,-23.545587118322423,40.750812499919654,312.8260925518846,2,37,1.0,90-1,98,0.915783737136735
9.816666666666734,SPH_JUNCTION_REGION,120,120-1,76,46.88485220920345,-17.816136878409765,50.15579826848619,-20.806676793706654,47.83148544313768,231.39468875318153,1,8,0.987012987012987,120-1,98,0.23039659517102962
9.816666666666734,SPH_JUNCTION_REGION,120,120-1,16,201.00923282589554,-42.3737420145143,205.42698384965811,-11.903944405451309,7.932534802942527,93.98682311926468,0,16,1.0,120-1,98,3.4427212198454527
9.816666666666734,SPH_JUNCTION_REGION,120,120-1,13,116.57046451904843,-129.18345502635435,174.0029834535398,-47.93805116818775,3.9498645641031214,79.37185266476664,1,3,1.0,120-1,98,1.232952815454098
9.816666666666734,SPH_JUNCTION_REGION,120,120-1,4,160.63617946369192,-105.84649333562834,192.37323697474307,-33.38171159693522,2.7677729470153754,25.185971238819906,0,4,1.0,120-1,98,0.5676672959504003
9.816666666666734,SPH_JUNCTION_REGION,150,150-1,50,13.320917523362606,-42.67946396027463,44.70999315142656,-72.66605356490471,34.767833293846564,121.66816997029508,0,0,1.0,150-1,98,0.0159593426113247
9.816666666666734,SPH_JUNCTION_REGION,150,150-1,16,133.53185728318422,47.28462065760233,141.65659977646658,19.49943189626651,8.247603439475608,91.66821381843201,1,8,1.0,150-1,98,0.988257912183883
9.816666666666734,SPH_JUNCTION_REGION,150,150-1,13,116.57046451904843,-129.18345502635435,174.0029834535398,-47.93805116818775,3.9498645641031214,79.37185266476664,1,3,1.0,150-1,98,1.232952815454098
9.816666666666734,SPH_JUNCTION_REGION,150,150-1,13,203.23761677267234,-37.23653030968932,206.620638032458,-10.382393712181482,7.139732597184703,81.32254966806944,0,13,1.0,150-1,98,3.6648427434309383
9.816666666666734,SPH_JUNCTION_REGION,150,150-1,4,160.63617946369192,-105.84649333562834,192.37323697474307,-33.38171159693522,2.7677729470153754,25.185971238819906,0,4,1.0,150-1,98,0.5676672959504003
9.816666666666734,SPH_JUNCTION_REGION,150,150-1,3,69.79964907933761,2.034493511298876,69.82929310429967,1.6695627930439394,0.12376712378887152,24.383279856798854,0,0,1.0,150-1,98,2.4356594224688877
9.816666666666734,SPH_JUNCTION_REGION,150,150-1,1,179.0227547914972,-85.90309414147497,198.56608047754693,-25.6337668193077,0.0,0.0,0,1,1.0,150-1,98,0.5564345021446115
9.816666666666734,SPH_JUNCTION_REGION,180,180-1,31,-0.20678903938630272,-39.020316429733604,39.020864367455374,-90.30363742209838,22.172408773870984,75.85422631398775,0,0,1.0,180-1,98,-7.105427357601002e-14
9.816666666666734,SPH_JUNCTION_REGION,180,180-3,7,128.1069814204748,65.11917010534854,143.70770683535102,26.94508068533928,3.47592338859666,40.19250311562264,1,3,1.0,180-3,98,1.2866360111942754
9.816666666666734,SPH_JUNCTION_REGION,180,180-2,5,120.15108616168068,-147.59916050579073,190.3202450814043,-50.8531570245185,2.210613958098069,32.054760457591584,1,1,1.0,180-2,98,1.1819130585138282
9.816666666666734,SPH_JUNCTION_REGION,180,180-8,4,53.19228702203536,-79.08189419922127,95.30669120671128,-56.074322710102585,4.790249141454093,25.420790401729874,0,0,1.0,180-8,43,0.8790582815311154
9.816666666666734,SPH_JUNCTION_REGION,180,180-9,4,196.33145482532933,-8.469570501472228,196.51405491289864,-2.4701592157540335,1.9518146669527259,32.196997217499366,0,4,1.0,180-9,77,3.8293939737377514
9.816666666666734,SPH_JUNCTION_REGION,180,180-2,4,206.97235144336628,-64.25240870528435,216.71623447823936,-17.24641094596354,2.2654547707307993,24.77796702994549,0,4,1.0,180-2,98,3.4985024354574534
9.816666666666734,SPH_JUNCTION_REGION,180,180-3,2,38.464369287161745,2.96139209257637,38.5782004218072,4.402547252008698,0.6475020849984885,7.601913310437228,0,0,1.0,180-3,98,0.3730209532743345
9.816666666666734,SPH_JUNCTION_REGION,180,180-3,2,103.6526290940782,30.495989118084537,108.04569806523939,16.39458795786585,3.06103429704321,11.977703962430276,0,0,1.0,180-3,98,1.3877148854848542
9.816666666666734,SPH_JUNCTION_REGION,180,180-2,2,165.13194395866728,-98.98345738286287,192.52605992704846,-30.939332553393857,1.13629116911555,7.6374973756184605,0,2,1.0,180-2,98,-0.022780528301495906
9.816666666666734,SPH_JUNCTION_REGION,180,180-3,1,58.46832695441157,1.5683789874841827,58.489358600486916,1.5365576094603883,0.0,0.0,0,0,1.0,180-3,98,1.5391669137770947
9.816666666666734,SPH_JUNCTION_REGION,180,180-3,1,82.8281614531827,2.6373971199088357,82.87014054098499,1.8237841037843692,0.0,0.0,0,0,1.0,180-3,98,1.3639772240803438
9.816666666666734,SPH_JUNCTION_REGION,180,180-12,1,88.11724629068121,-78.49338814142432,118.00788565080244,-41.694122060542774,0.0,0.0,0,0,1.0,180-12,32,1.3961242061779444
9.816666666666734,SPH_JUNCTION_REGION,180,180-2,1,101.5995240189372,-109.99099566042315,149.73470675580134,-47.271103998542905,0.0,0.0,0,0,1.0,180-2,98,1.0784778306765475
9.816666666666734,SPH_JUNCTION_REGION,180,180-10,1,179.0227547914972,-85.90309414147497,198.56608047754693,-25.6337668193077,0.0,0.0,0,1,1.0,180-10,16,0.5564345021446115
9.816666666666734,SPH_JUNCTION_REGION,180,180-2,1,215.68124244217609,-38.549856306718326,219.09926919702258,-10.133771610790456,0.0,0.0,0,1,1.0,180-2,98,3.9304285919072868
9.816666666666734,SPH_JUNCTION_REGION,180,180-9,1,172.88165302892028,20.578994053869536,174.1021566502873,6.7882703139865965,0.0,0.0,0,1,1.0,180-9,77,-0.9689287134443703
9.816666666666734,SPH_JUNCTION_REGION,180,180-13,1,158.25433332888525,37.24306021462513,162.57761085561603,13.242834317154248,0.0,0.0,0,1,1.0,180-13,54,0.8853691559278332
9.816666666666734,SPH_JUNCTION_REGION,180,180-2,1,149.2093073084769,-132.1148031491051,199.29309721764645,-41.52272913420762,0.0,0.0,0,1,1.0,180-2,98,1.044186477978144
9.816666666666734,SPH_JUNCTION_REGION,180,180-18,1,153.9847382144426,-117.21251644524007,193.52021500193743,-37.27823380958282,0.0,0.0,0,1,1.0,180-18,7,0.8570793774268282
9.916666666666739,SPH_JUNCTION_REGION,90,90-1,121,86.61008670468753,-37.55806854156205,94.40294291793114,-23.443746088380227,40.74756833463043,313.15370735263474,2,37,1.0,90-1,99,0.9413265259497905
9.916666666666739,SPH_JUNCTION_REGION,120,120-1,76,46.97151247293411,-17.72751868635594,50.20545690231395,-20.67700829063652,47.824260333781105,231.30008218175772,1,8,1.0,120-1,99,0.49658633827760923
9.916666666666739,SPH_JUNCTION_REGION,120,120-1,16,201.41440008250385,-42.126276999626086,205.7726506959663,-11.81325082929287,7.916691667689359,94.33673312986524,0,16,1.0,120-1,99,3.456668463081769
9.916666666666739,SPH_JUNCTION_REGION,120,120-1,13,116.83087391930371,-129.118708805746,174.129532430347,-47.86016412494682,3.938560176537946,79.30622586595817,1,3,1.0,120-1,99,1.2654897680721433
9.916666666666739,SPH_JUNCTION_REGION,120,120-1,4,160.7182860762687,-105.84603787369117,192.44155271887672,-33.368148008710214,2.7548430528977503,25.074155964105756,0,4,1.0,120-1,99,0.6831574413365615
9.916666666666739,SPH_JUNCTION_REGION,150,150-1,50,13.41890341271183,-42.650721104076574,44.711866204592845,-72.53521864111562,34.76152584038983,121.80336058066744,0,0,1.0,150-1,99,0.018730531662853878
9.916666666666739,SPH_JUNCTION_REGION,150,150-1,16,133.52228041372172,47.599817570852046,141.7531022576188,19.620817752119542,8.215697743823647,91.37298670671711,1,8,1.0,150-1,99,0.9650248115221416
9.916666666666739,SPH_JUNCTION_REGION,150,150-1,13,116.83087391930371,-129.118708805746,174.129532430347,-47.86016412494682,3.938560176537946,79.30622586595817,1,3,1.0,150-1,99,1.2654897680721433
9.916666666666739,SPH_JUNCTION_REGION,150,150-1,13,203.65854858083156,-36.9815011256195,206.98897515460848,-10.29195768665246,7.112985600820922,81.28003669025239,0,13,1.0,150-1,99,3.6833712215047854
9.916666666666739,SPH_JUNCTION_REGION,150,150-1,4,160.7182860762687,-105.84603787369117,192.44155271887672,-33.368148008710214,2.7548430528977503,25.074155964105756,0,4,1.0,150-1,99,0.6831574413365615
9.916666666666739,SPH_JUNCTION_REGION,150,150-1,3,70.09222206221591,2.019271489724544,70.1213024049625,1.6501651611636812,0.12599064965544857,24.43170086475811,0,0,1.0,150-1,99,2.920093006628406
9.916666666666739,SPH_JUNCTION_REGION,150,150-1,1,179.0570913504263,-85.8588070070813,198.5778857364388,-25.617960287003708,0.0,0.0,0,1,1.0,150-1,99,0.11805258891854464
9.916666666666739,SPH_JUNCTION_REGION,180,180-1,31,-0.15612416858286676,-39.020552036424775,39.02086436745538,-90.22924350732428,22.163234683775624,75.84865947964934,0,0,1.0,180-1,99,7.105427357601002e-14
9.916666666666739,SPH_JUNCTION_REGION,180,180-3,7,128.12288764433723,65.37213786916766,143.8366808151138,27.032037443378226,3.456641589957459,40.036856533263595,1,3,1.0,180-3,99,1.2897397976277603
9.916666666666739,SPH_JUNCTION_REGION,180,180-2,5,120.44379624339999,-147.51270109321322,190.4381921709438,-50.76843753120454,2.198337752591264,31.990167547483317,1,1,1.0,180-2,99,1.1794708953951272
9.916666666666739,SPH_JUNCTION_REGION,180,180-2,4,207.42947357414536,-63.927235517443556,217.05685418375936,-17.128660261312813,2.26244434436668,24.80153713819845,0,4,1.0,180-2,99,3.406197055199982
9.916666666666739,SPH_JUNCTION_REGION,180,180-8,2,45.112716873964345,-79.29165285067806,91.22676929247747,-60.362434815085145,2.2467005259500255,8.570240809590118,0,0,0.5,180-8,44,-40.799219142338075
9.916666666666739,SPH_JUNCTION_REGION,180,180-3,2,38.503575738934614,2.9669546967928264,38.61771827615784,4.406310676722878,0.6406762727271307,7.628717850805648,0,0,1.0,180-3,99,0.39517854350634707
9.916666666666739,SPH_JUNCTION_REGION,180,180-3,2,103.72122161885545,30.713456496364927,108.17304758608694,16.494835581973266,3.0661995631553864,11.996785665192768,0,0,1.0,180-3,99,1.2734952084754525
9.916666666666739,SPH_JUNCTION_REGION,180,180-2,2,165.14791819011538,-98.97513675422448,192.53548394528858,-30.934764752293155,1.133727245538637,7.620781406950671,0,2,1.0,180-2,99,0.09424018240110854
9.916666666666739,SPH_JUNCTION_REGION,180,180-9,2,206.47265795852695,-14.846454806566687,207.00573833781104,-4.112785223071023,0.7515290535637582,7.618546604372578,0,2,0.5,180-9,78,104.91683424912395
9.916666666666739,SPH_JUNCTION_REGION,180,180-3,1,58.63134720818738,1.5691746034519025,58.652341678599164,1.533064297245288,0.0,0.0,0,0,1.0,180-3,99,1.6298307811224788
9.916666666666739,SPH_JUNCTION_REGION,180,180-8,1,66.51520499186906,-78.29024283825382,102.73088444466501,-49.64885008384496,0.0,0.0,0,0,0.25,180-8,44,74.2419323795373
9.916666666666739,SPH_JUNCTION_REGION,180,180-3,1,83.04020321383703,2.625467953086877,83.08169733321556,1.8109076482724984,0.0,0.0,0,0,1.0,180-3,99,2.1155679223056723
9.916666666666739,SPH_JUNCTION_REGION,180,180-12,1,88.47904090503505,-78.31043724978554,118.15695181294862,-41.511183839535676,0.0,0.0,0,0,1.0,180-12,33,1.4906616214618396
9.916666666666739,SPH_JUNCTION_REGION,180,180-2,1,101.82454364756849,-109.94212808120787,149.85162400207847,-47.195226085247384,0.0,0.0,0,0,1.0,180-2,99,1.1691724627712574
9.916666666666739,SPH_JUNCTION_REGION,180,180-9,1,182.6564674988225,0.8878157688342885,182.65862513439598,0.27848833743389684,0.0,0.0,0,1,0.25,180-9,78,-138.55429778502668
9.916666666666739,SPH_JUNCTION_REGION,180,180-10,1,179.0570913504263,-85.8588070070813,198.5778857364388,-25.617960287003708,0.0,0.0,0,1,1.0,180-10,17,0.11805258891854464
9.916666666666739,SPH_JUNCTION_REGION,180,180-2,1,216.13056778019234,-38.3532660203128,219.50716467444335,-10.062622515665817,0.0,0.0,0,1,1.0,180-2,99,4.078954774207659
9.916666666666739,SPH_JUNCTION_REGION,180,180-9,1,172.72900094468974,21.043361340707303,174.00612294935544,6.946044210766226,0.0,0.0,0,1,1.0,180-9,78,-0.9603370093185504
9.916666666666739,SPH_JUNCTION_REGION,180,180-13,1,158.22723612558994,37.73409687110846,162.66444085485122,13.413380969512405,0.0,0.0,0,1,1.0,180-13,55,0.8682999923519219
9.916666666666739,SPH_JUNCTION_REGION,180,180-2,1,149.37003898514956,-132.13094916276853,199.42416170835273,-41.49558922906817,0.0,0.0,0,1,1.0,180-2,99,1.3106449070627946
9.916666666666739,SPH_JUNCTION_REGION,180,180-18,1,154.1473763661005,-117.1723169946786,193.62532249283328,-37.23961909685265,0.0,0.0,0,1,1.0,180-18,8,1.0510749089584692
