map_case,time,frame,observation_id,source_gap_id,existing_candidate_id,existing_center_odom_x,existing_center_odom_y,existing_opening_axis_odom_x,existing_opening_axis_odom_y,axis_dot,normal_dot,tangent_dot,center_distance_over_W,termination_distance_over_W,gap_width_difference_over_W,creation_time_difference,shared_termination_count,spatial_overlap,center_within_smaller_half_width,physical_gap_disks_overlap
M1_CROSS_BASELINE,2.2166666666666637,132,O1,3,C0,214.9954707827433,-43.5958688801828,-0.004627157304503253,-0.9999892946503375,-0.00461159996411561,-0.00461159996411561,0.00461159996411561,0.7157859972000205,0.7157859972000205,0.014956469463100353,0.0,0,0.2996681493402378,False,
M1_CROSS_BASELINE,2.2166666666666637,132,O2,5,C0,214.9954707827433,-43.5958688801828,-0.004627157304503253,-0.9999892946503375,-0.9997626679542736,-0.9997626679542736,0.9997626679542736,1.0110397669169826,1.0110462847937434,0.007320926429344576,0.0,0,0.003343332156960477,False,
M1_CROSS_BASELINE,2.2166666666666637,132,O2,5,C2,257.2943234953748,-0.864781918105547,0.9999999998789821,-1.555750637621974e-05,-0.017174757230814183,-0.017174757230814183,0.017174757230814183,0.7138062655546262,0.7138062655546262,0.0076355430337557775,0.0,0,0.30160513767537156,False,
M1_CROSS_BASELINE,2.3166666666666633,138,O3,2,C0,214.9954707827433,-43.5958688801828,-0.004627157304503253,-0.9999892946503375,-0.999989316472716,-0.999989316472716,0.999989316472716,1.0023294322650413,1.0023304695898052,0.002882349534996786,0.09999999999999964,0,0.007587518370633095,False,
M1_CROSS_BASELINE,2.3166666666666633,138,O3,2,C2,257.2943234953748,-0.864781918105547,0.9999999998789821,-1.555750637621974e-05,-1.0838948235844456e-05,-1.0838948235844456e-05,1.0838948235844456e-05,0.7037588101524356,0.7199555395043215,0.012074119928103567,0.09999999999999964,0,0.31143566392730004,False,
M1_CROSS_BASELINE,2.3166666666666633,138,O3,2,C1,214.6951476154427,41.33094053229961,-0.017159202017045346,0.9998527700547407,0.9998526890769177,0.9998526890769177,0.9998526890769177,0.010310519103978838,0.012702584932302934,0.00443857689434779,0.09999999999999964,0,0.9898361588236644,True,
M1_CROSS_BASELINE,2.416666666666663,144,O4,0,C0,214.9954707827433,-43.5958688801828,-0.004627157304503253,-0.9999892946503375,0.9999790489460247,0.9999790489460247,0.9999790489460247,0.00540671693058821,0.005829631508923114,0.00953776939477772,0.1999999999999993,0,0.9946818211261649,True,
M1_CROSS_BASELINE,2.416666666666663,144,O4,0,C2,257.2943234953748,-0.864781918105547,0.9999999998789821,-1.555750637621974e-05,-0.011084584365914314,-0.011084584365914314,0.011084584365914314,0.7151559259974346,0.7215463671995591,0.005418700068322632,0.1999999999999993,0,0.30028461701784037,False,
M1_CROSS_BASELINE,2.416666666666663,144,O4,0,C1,214.6951476154427,41.33094053229961,-0.017159202017045346,0.9998527700547407,-0.9996007011030008,-0.9996007011030008,0.9996007011030008,1.0143777354188173,1.0143782694460826,0.0022168429654331454,0.1999999999999993,0,0.002233275414662339,False,
M1_CROSS_BASELINE,2.416666666666663,144,O5,3,C0,214.9954707827433,-43.5958688801828,-0.004627157304503253,-0.9999892946503375,0.045539977318590656,0.045539977318590656,0.045539977318590656,0.7321876983914681,0.7367382305683003,0.005449225892449016,0.1999999999999993,0,0.27689425474860285,False,
M1_CROSS_BASELINE,2.416666666666663,144,O5,3,C2,257.2943234953748,-0.864781918105547,0.9999999998789821,-1.555750637621974e-05,0.9987418824381126,0.9987418824381126,0.9987418824381126,0.036441493354613365,0.0367310115501018,0.009507243570651337,0.1999999999999993,0,0.9643452951277697,True,
M1_CROSS_BASELINE,2.416666666666663,144,O5,3,C1,214.6951476154427,41.33094053229961,-0.017159202017045346,0.9998527700547407,-0.0672920615137643,-0.0672920615137643,0.0672920615137643,0.7468698055678429,0.750477586041305,0.0018717005368955597,0.1999999999999993,0,0.26375519926413926,False,
M1_CROSS_BASELINE,2.416666666666663,144,O6,5,C0,214.9954707827433,-43.5958688801828,-0.004627157304503253,-0.9999892946503375,-0.9999892946503375,-0.9999892946503375,0.9999892946503375,1.002696251074113,1.0032253802892341,0.06529704392575805,0.1999999999999993,0,0.06500440973920196,False,
M1_CROSS_BASELINE,2.416666666666663,144,O6,5,C2,257.2943234953748,-0.864781918105547,0.9999999998789821,-1.555750637621974e-05,-1.5557506375273215e-05,-1.5557506375273215e-05,1.5557506375273215e-05,0.6860228141115788,0.7443511771770884,0.050340574462657696,0.1999999999999993,0,0.36029649524916896,False,
M1_CROSS_BASELINE,2.416666666666663,144,O6,5,C1,214.6951476154427,41.33094053229961,-0.017159202017045346,0.9998527700547407,0.9998527700547407,0.9998527700547407,0.9998527700547407,0.03193743649506085,0.031969584244080994,0.05797611749641347,0.1999999999999993,0,0.9702189349415359,True,
M1_CROSS_BASELINE,2.5166666666666626,150,O7,0,C0,214.9954707827433,-43.5958688801828,-0.004627157304503253,-0.9999892946503375,0.999997069604717,0.999997069604717,0.999997069604717,0.0018978827083039366,0.003748661654111812,0.006207495365424552,0.29999999999999893,0,0.9981270609382903,True,
M1_CROSS_BASELINE,2.5166666666666626,150,O7,0,C2,257.2943234953748,-0.864781918105547,0.9999999998789821,-1.555750637621974e-05,-0.002190706994696922,-0.002190706994696922,0.002190706994696922,0.7159603460795151,0.7188603466630555,0.008748974097675801,0.29999999999999893,0,0.2994975647326671,False,
M1_CROSS_BASELINE,2.5166666666666626,150,O7,0,C1,214.6951476154427,41.33094053229961,-0.017159202017045346,0.9998527700547407,-0.9998124788710349,-0.9998124788710349,0.9998124788710349,1.0098281057693068,1.0098282314543567,0.0011134310639200234,0.29999999999999893,0,0.004537756156404171,False,
M1_CROSS_BASELINE,2.5166666666666626,150,O8,3,C0,214.9954707827433,-43.5958688801828,-0.004627157304503253,-0.9999892946503375,0.021779964635315154,0.021779964635315154,0.021779964635315154,0.7210958851370817,0.7211267489902761,0.00452517896908284,0.29999999999999893,0,0.28399521066384525,False,
M1_CROSS_BASELINE,2.5166666666666626,150,O8,3,C2,257.2943234953748,-0.864781918105547,0.9999999998789821,-1.555750637621974e-05,0.999651716990184,0.999651716990184,0.999651716990184,0.01665498930788012,0.01799196377686551,0.019481648432183193,0.29999999999999893,0,0.9837045995167089,True,
M1_CROSS_BASELINE,2.5166666666666626,150,O8,3,C1,214.6951476154427,41.33094053229961,-0.017159202017045346,0.9998527700547407,-0.0435551221507256,-0.0435551221507256,0.0435551221507256,0.7296660644986327,0.7300695306353637,0.011846105398427417,0.29999999999999893,0,0.2807141991072001,False,
M1_CROSS_BASELINE,2.5166666666666626,150,O9,5,C0,214.9954707827433,-43.5958688801828,-0.004627157304503253,-0.9999892946503375,-0.9999892946503375,-0.9999892946503375,0.9999892946503375,1.0024621234662943,1.002528312796788,0.023109146875974658,0.29999999999999893,0,0.02694323200363391,False,
M1_CROSS_BASELINE,2.5166666666666626,150,O9,5,C2,257.2943234953748,-0.864781918105547,0.9999999998789821,-1.555750637621974e-05,-1.555750637564499e-05,-1.555750637564499e-05,1.555750637564499e-05,0.6934202018972877,0.7260257180266616,0.008152677412874303,0.29999999999999893,0,0.32691998557664315,False,
M1_CROSS_BASELINE,2.5166666666666626,150,O9,5,C1,214.6951476154427,41.33094053229961,-0.017159202017045346,0.9998527700547407,0.9998527700547407,0.9998527700547407,0.9998527700547407,0.02193564395682888,0.022611499366643,0.01578822044663008,0.29999999999999893,0,0.9787077972195639,True,
M1_CROSS_BASELINE,2.6166666666666623,156,O10,0,C0,214.9954707827433,-43.5958688801828,-0.004627157304503253,-0.9999892946503375,0.999986013964606,0.999986013964606,0.999986013964606,0.005312559482826849,0.006565358091481592,0.0059803339002890595,0.3999999999999986,0,0.9947249483574377,True,
M1_CROSS_BASELINE,2.6166666666666623,156,O10,0,C2,257.2943234953748,-0.864781918105547,0.9999999998789821,-1.555750637621974e-05,-0.00990032363594676,-0.00990032363594676,0.00990032363594676,0.7144375674726071,0.7158689650669023,0.020936803363389413,0.3999999999999986,0,0.3009874658540813,False,
M1_CROSS_BASELINE,2.6166666666666623,156,O10,0,C1,214.6951476154427,41.33094053229961,-0.017159202017045346,0.9998527700547407,-0.999633465148124,-0.999633465148124,0.999633465148124,1.0137066453523882,1.013728861430239,0.013301260329633635,0.3999999999999986,0,0.0007143928590743753,False,
M1_CROSS_BASELINE,2.6166666666666623,156,O11,3,C0,214.9954707827433,-43.5958688801828,-0.004627157304503253,-0.9999892946503375,-0.003580412164289685,-0.003580412164289685,0.003580412164289685,0.7092798691870253,0.7133180708348572,0.002816757353019942,0.3999999999999986,0,0.2976920672251576,False,
M1_CROSS_BASELINE,2.6166666666666623,156,O11,3,C2,257.2943234953748,-0.864781918105547,0.9999999998789821,-1.555750637621974e-05,0.9999994683169409,0.9999994683169409,0.9999994683169409,0.011540440966558475,0.011562222136000135,0.01213971211008041,0.3999999999999986,0,0.988708722423804,True,
M1_CROSS_BASELINE,2.6166666666666623,156,O11,3,C1,214.6951476154427,41.33094053229961,-0.017159202017045346,0.9998527700547407,-0.018205792314028302,-0.018205792314028302,0.018205792314028302,0.7233262144792318,0.7250383138176814,0.004504169076324634,0.3999999999999986,0,0.28696385812331227,False,
M1_CROSS_BASELINE,2.6166666666666623,156,O12,5,C0,214.9954707827433,-43.5958688801828,-0.004627157304503253,-0.9999892946503375,-0.9999892967731159,-0.9999892967731159,0.9999892967731159,1.0023316884907294,1.0023327907135169,0.002964513178608421,0.3999999999999986,0,0.004744994035951522,False,
M1_CROSS_BASELINE,2.6166666666666623,156,O12,5,C2,257.2943234953748,-0.864781918105547,0.9999999998789821,-1.555750637621974e-05,-1.5098718509860435e-05,-1.5098718509860435e-05,1.5098718509860435e-05,0.7021992914315662,0.7180856073956859,0.017920982641708775,0.3999999999999986,0,0.3129615119268381,False,
M1_CROSS_BASELINE,2.6166666666666623,156,O12,5,C1,214.6951476154427,41.33094053229961,-0.017159202017045346,0.9998527700547407,0.9998527621822018,0.9998527621822018,0.9998527621822018,0.011632409414637465,0.015195616003125165,0.010285439607952997,0.3999999999999986,0,0.988533073786473,True,
M1_CROSS_BASELINE,2.716666666666662,162,O13,0,C0,214.9954707827433,-43.5958688801828,-0.004627157304503253,-0.9999892946503375,0.9999493298106563,0.9999493298106563,0.9999493298106563,0.005138163085466651,0.005189510467839625,0.0013274010032614367,0.4999999999999982,0,0.9949048290621939,True,
M1_CROSS_BASELINE,2.716666666666662,162,O13,0,C2,257.2943234953748,-0.864781918105547,0.9999999998789821,-1.555750637621974e-05,-0.014677927577408973,-0.014677927577408973,0.014677927577408973,0.7188904018429992,0.7208704453344733,0.013629068459838916,0.4999999999999982,0,0.2966307702111144,False,
M1_CROSS_BASELINE,2.716666666666662,162,O13,0,C1,214.6951476154427,41.33094053229961,-0.017159202017045346,0.9998527700547407,-0.9994927024444101,-0.9994927024444101,0.9994927024444101,1.016127153141779,1.016131716477263,0.005993525426083139,0.4999999999999982,0,0.0,False,
M1_CROSS_BASELINE,2.716666666666662,162,O14,3,C0,214.9954707827433,-43.5958688801828,-0.004627157304503253,-0.9999892946503375,-0.004640613839837583,-0.004640613839837583,0.004640613839837583,0.7084561379804069,0.7166764133743819,0.011834118899434557,0.4999999999999982,0,0.30471570341935383,False,
M1_CROSS_BASELINE,2.716666666666662,162,O14,3,C2,257.2943234953748,-0.864781918105547,0.9999999998789821,-1.555750637621974e-05,0.9999999995790886,0.9999999995790886,0.9999999995790886,0.011800772894237288,0.011802362333998765,0.0031223505636657953,0.4999999999999982,0,0.9884540111813234,True,
M1_CROSS_BASELINE,2.716666666666662,162,O14,3,C1,214.6951476154427,41.33094053229961,-0.017159202017045346,0.9998527700547407,-0.017145747316906223,-0.017145747316906223,0.017145747316906223,0.7230470510869698,0.7245463379997258,0.004513192470089982,0.4999999999999982,0,0.29039606920080396,False,
M1_CROSS_BASELINE,2.716666666666662,162,O15,5,C0,214.9954707827433,-43.5958688801828,-0.004627157304503253,-0.9999892946503375,-0.9999619613455425,-0.9999619613455425,0.9999619613455425,1.0043882128212633,1.0043882734911662,0.0007045095710709115,0.4999999999999982,0,0.00340014627523777,False,
M1_CROSS_BASELINE,2.716666666666662,162,O15,5,C2,257.2943234953748,-0.864781918105547,0.9999999998789821,-1.555750637621974e-05,-0.004110630492701151,-0.004110630492701151,0.004110630492701151,0.7058890981099024,0.7177141396129019,0.014251959892029441,0.4999999999999982,0,0.3093513698596221,False,
M1_CROSS_BASELINE,2.716666666666662,162,O15,5,C1,214.6951476154427,41.33094053229961,-0.017159202017045346,0.9998527700547407,0.9999146546290645,0.9999146546290645,0.9999146546290645,0.00806151793477354,0.01057623628908346,0.006616416858273665,0.4999999999999982,0,0.9920531655969097,True,
M1_CROSS_BASELINE,2.8166666666666615,168,O16,0,C0,214.9954707827433,-43.5958688801828,-0.004627157304503253,-0.9999892946503375,0.9999925070550042,0.9999925070550042,0.9999925070550042,0.0050434323299402605,0.0060458599365096856,0.011368902626782716,0.5999999999999979,0,0.9950480758805866,True,
M1_CROSS_BASELINE,2.8166666666666615,168,O16,0,C2,257.2943234953748,-0.864781918105547,0.9999999998789821,-1.555750637621974e-05,-0.008482678317590761,-0.008482678317590761,0.008482678317590761,0.7139665330783934,0.7216786424534023,0.0035875668363176366,0.5999999999999979,0,0.30144833040062813,False,
M1_CROSS_BASELINE,2.8166666666666615,168,O16,0,C1,214.6951476154427,41.33094053229961,-0.017159202017045346,0.9998527700547407,-0.9996708417823565,-0.9996708417823565,0.9996708417823565,1.0130675227025387,1.0130694475316464,0.0040479761974381405,0.5999999999999979,0,0.005313609447313183,False,
M1_CROSS_BASELINE,2.8166666666666615,168,O17,3,C0,214.9954707827433,-43.5958688801828,-0.004627157304503253,-0.9999892946503375,0.024197547322384057,0.024197547322384057,0.024197547322384057,0.7260871002648088,0.7292522397216603,0.0019640972653946725,0.5999999999999979,0,0.2804425373849647,False,
M1_CROSS_BASELINE,2.8166666666666615,168,O17,3,C2,257.2943234953748,-0.864781918105547,0.9999999998789821,-1.555750637621974e-05,0.9995849767063493,0.9995849767063493,0.9995849767063493,0.02704399408545774,0.027048666345394348,0.01299237219770568,0.5999999999999979,0,0.9735398980963751,True,
M1_CROSS_BASELINE,2.8166666666666615,168,O17,3,C1,214.6951476154427,41.33094053229961,-0.017159202017045346,0.9998527700547407,-0.04597091996981985,-0.04597091996981985,0.04597091996981985,0.739049795177405,0.7403995728609432,0.005356829163949904,0.5999999999999979,0,0.2714639618205301,False,
M1_CROSS_BASELINE,2.8166666666666615,168,O18,5,C0,214.9954707827433,-43.5958688801828,-0.004627157304503253,-0.9999892946503375,-0.9999892946503375,-0.9999892946503375,0.9999892946503375,1.002542459610003,1.0027138617000595,0.037172309614027774,0.5999999999999979,0,0.039970278351834865,False,
M1_CROSS_BASELINE,2.8166666666666615,168,O18,5,C2,257.2943234953748,-0.864781918105547,0.9999999998789821,-1.555750637621974e-05,-1.555750637565273e-05,-1.555750637565273e-05,1.555750637565273e-05,0.6904525925958188,0.7320083532205499,0.02221584015092742,0.5999999999999979,0,0.33882599791446855,False,
M1_CROSS_BASELINE,2.8166666666666615,168,O18,5,C1,214.6951476154427,41.33094053229961,-0.017159202017045346,0.9998527700547407,0.9998527700547407,0.9998527700547407,0.9998527700547407,0.025878039684834448,0.02620826615394597,0.029851383184683198,0.5999999999999979,0,0.9752193166510911,True,
M1_CROSS_BASELINE,2.916666666666661,174,O19,0,C0,214.9954707827433,-43.5958688801828,-0.004627157304503253,-0.9999892946503375,0.9999917833002765,0.9999917833002765,0.9999917833002765,0.005854043675077363,0.00594515424015498,0.00638532984429777,0.6999999999999975,0,0.994223909012254,True,
M1_CROSS_BASELINE,2.916666666666661,174,O19,0,C2,257.2943234953748,-0.864781918105547,0.9999999998789821,-1.555750637621974e-05,-0.008665323590339674,-0.008665323590339674,0.008665323590339674,0.7134254772397033,0.7197760006209806,0.008571139618802584,0.6999999999999975,0,0.30197770459669004,False,
M1_CROSS_BASELINE,2.916666666666661,174,O19,0,C1,214.6951476154427,41.33094053229961,-0.017159202017045346,0.9998527700547407,-0.999666139066813,-0.999666139066813,0.999666139066813,1.0131444670428873,1.013144605301112,0.0009355965850468062,0.6999999999999975,0,0.0012685735936158737,False,
M1_CROSS_BASELINE,2.916666666666661,174,O20,3,C0,214.9954707827433,-43.5958688801828,-0.004627157304503253,-0.9999892946503375,0.017529387646321788,0.017529387646321788,0.017529387646321788,0.7224007681769119,0.725503031252166,0.0019353009621770837,0.6999999999999975,0,0.2840752880241689,False,
M1_CROSS_BASELINE,2.916666666666661,174,O20,3,C2,257.2943234953748,-0.864781918105547,0.9999999998789821,-1.555750637621974e-05,0.9997548781067381,0.9997548781067381,0.9997548781067381,0.022563170819411126,0.02257129794833839,0.01302116850092327,0.6999999999999975,0,0.9779239783419584,True,
M1_CROSS_BASELINE,2.916666666666661,174,O20,3,C1,214.6951476154427,41.33094053229961,-0.017159202017045346,0.9998527700547407,-0.039307374356741365,-0.039307374356741365,0.039307374356741365,0.7354999559009595,0.7361134329774235,0.005385625467167492,0.6999999999999975,0,0.27496330091718,False,
M1_CROSS_BASELINE,2.916666666666661,174,O21,5,C0,214.9954707827433,-43.5958688801828,-0.004627157304503253,-0.9999892946503375,-0.9999892946503375,-0.9999892946503375,0.9999892946503375,1.0024427696968912,1.0025678013130714,0.03172948654957862,0.6999999999999975,0,0.03503633043643317,False,
M1_CROSS_BASELINE,2.916666666666661,174,O21,5,C2,257.2943234953748,-0.864781918105547,0.9999999998789821,-1.555750637621974e-05,-1.555750637662687e-05,-1.555750637662687e-05,1.555750637662687e-05,0.6944185095789033,0.7292972141349605,0.016773017086478263,0.6999999999999975,0,0.33154425023312184,False,
M1_CROSS_BASELINE,2.916666666666661,174,O21,5,C1,214.6951476154427,41.33094053229961,-0.017159202017045346,0.9998527700547407,0.9998527700547407,0.9998527700547407,0.9998527700547407,0.02064117571572604,0.020992891677043456,0.02440856012023404,0.6999999999999975,0,0.980130551823147,True,
M1_CROSS_BASELINE,3.016666666666661,180,O22,0,C0,214.9954707827433,-43.5958688801828,-0.004627157304503253,-0.9999892946503375,0.9999941999050606,0.9999941999050606,0.9999941999050606,0.008713286965571169,0.008853739269330292,0.001285312653143324,0.7999999999999972,0,0.9913592584031912,True,
M1_CROSS_BASELINE,3.016666666666661,180,O22,0,C2,257.2943234953748,-0.864781918105547,0.9999999998789821,-1.555750637621974e-05,-0.008017437209442136,-0.008017437209442136,0.008017437209442136,0.711037202015771,0.7179082654861985,0.013671156809957029,0.7999999999999972,0,0.3043144158679415,False,
M1_CROSS_BASELINE,3.016666666666661,180,O22,0,C1,214.6951476154427,41.33094053229961,-0.017159202017045346,0.9998527700547407,-0.9996826700160403,-0.9996826700160403,0.9996826700160403,1.0128268002859981,1.0128315812499236,0.006035613776201252,0.7999999999999972,0,0.0015817212083443222,False,
M1_CROSS_BASELINE,3.016666666666661,180,O23,3,C0,214.9954707827433,-43.5958688801828,-0.004627157304503253,-0.9999892946503375,0.0005535482510360592,0.0005535482510360592,0.0005535482510360592,0.718875835668849,0.7216997334928857,0.006836737823623162,0.7999999999999972,0,0.2910125255489642,False,
M1_CROSS_BASELINE,3.016666666666661,180,O23,3,C2,257.2943234953748,-0.864781918105547,0.9999999998789821,-1.555750637621974e-05,0.9999866605670398,0.9999866605670398,0.9999866605670398,0.013979145339200855,0.014140403673234183,0.008119731639477192,0.7999999999999972,0,0.9863226707921913,True,
M1_CROSS_BASELINE,3.016666666666661,180,O23,3,C1,214.6951476154427,41.33094053229961,-0.017159202017045346,0.9998527700547407,-0.022338907908763018,-0.022338907908763018,0.022338907908763018,0.7274735119562576,0.7275201626107338,0.000484188605721414,0.7999999999999972,0,0.28287556029442407,False,
M1_CROSS_BASELINE,3.016666666666661,180,O24,5,C0,214.9954707827433,-43.5958688801828,-0.004627157304503253,-0.9999892946503375,-0.9999465884632415,-0.9999465884632415,0.9999465884632415,1.005270679292727,1.0052974156908037,0.01474330401293297,0.7999999999999972,0,0.016228395259734074,False,
M1_CROSS_BASELINE,3.016666666666661,180,O24,5,C2,257.2943234953748,-0.864781918105547,0.9999999998789821,-1.555750637621974e-05,-0.00572392326764875,-0.00572392326764875,0.00572392326764875,0.7021871441977673,0.7206164612562121,0.00021316545016738413,0.7999999999999972,0,0.3129733968963123,False,
M1_CROSS_BASELINE,3.016666666666661,180,O24,5,C1,214.6951476154427,41.33094053229961,-0.017159202017045346,0.9998527700547407,0.9999344306051713,0.9999344306051713,0.9999344306051713,0.012106003059459665,0.012669310656209309,0.007422377583588393,0.7999999999999972,0,0.9881529002067638,True,
M1_CROSS_BASELINE,3.1166666666666605,186,O25,0,C0,214.9954707827433,-43.5958688801828,-0.004627157304503253,-0.9999892946503375,0.9999976399627313,0.9999976399627313,0.9999976399627313,0.007746820569248603,0.007778873592546158,0.006527414760234372,0.8999999999999968,0,0.9923574078505843,True,
M1_CROSS_BASELINE,3.1166666666666605,186,O25,0,C2,257.2943234953748,-0.864781918105547,0.9999999998789821,-1.555750637621974e-05,-0.006784137949231763,-0.006784137949231763,0.006784137949231763,0.7112135742351663,0.7198115771575821,0.008429054702865982,0.8999999999999968,0,0.3041418516053026,False,
M1_CROSS_BASELINE,3.1166666666666605,186,O25,0,C1,214.6951476154427,41.33094053229961,-0.017159202017045346,0.9998527700547407,-0.9997129779226814,-0.9997129779226814,0.9997129779226814,1.0122121060026716,1.012212214534785,0.0007935116691102044,0.8999999999999968,0,0.002187670822008436,False,
M1_CROSS_BASELINE,3.1166666666666605,186,O26,3,C0,214.9954707827433,-43.5958688801828,-0.004627157304503253,-0.9999892946503375,-0.001188720084249118,-0.001188720084249118,0.001188720084249118,0.7197532452955127,0.7222033006528316,0.005152303531243518,0.8999999999999968,0,0.28896596946188935,False,
M1_CROSS_BASELINE,3.1166666666666605,186,O26,3,C2,257.2943234953748,-0.864781918105547,0.9999999998789821,-1.555750637621974e-05,0.9999941418973919,0.9999941418973919,0.9999941418973919,0.014529660275882076,0.01495594116745102,0.009804165931856835,0.8999999999999968,0,0.9857840417243834,True,
M1_CROSS_BASELINE,3.1166666666666605,186,O26,3,C1,214.6951476154427,41.33094053229961,-0.017159202017045346,0.9998527700547407,-0.020597041015233613,-0.020597041015233613,0.020597041015233613,0.7278306936376884,0.7278599473909653,0.0021686228981010573,0.8999999999999968,0,0.2825234598963212,False,
M1_CROSS_BASELINE,3.1166666666666605,186,O27,5,C0,214.9954707827433,-43.5958688801828,-0.004627157304503253,-0.9999892946503375,-0.9999511719743116,-0.9999511719743116,0.9999511719743116,1.0050405297181948,1.0050636083509084,0.013700990788210547,0.8999999999999968,0,0.015449359514567607,False,
M1_CROSS_BASELINE,3.1166666666666605,186,O27,5,C2,257.2943234953748,-0.864781918105547,0.9999999998789821,-1.555750637621974e-05,-0.005270507137968676,-0.005270507137968676,0.005270507137968676,0.7016701202179445,0.7203963614556976,0.0012554786748898057,0.8999999999999968,0,0.3134792580923139,False,
M1_CROSS_BASELINE,3.1166666666666605,186,O27,5,C1,214.6951476154427,41.33094053229961,-0.017159202017045346,0.9998527700547407,0.9999291354893411,0.9999291354893411,0.9999291354893411,0.012654731154758282,0.01331774019011976,0.006380064358865971,0.8999999999999968,0,0.9876032624603889,True,
M1_CROSS_BASELINE,3.21666666666666,192,O28,0,C0,214.9954707827433,-43.5958688801828,-0.004627157304503253,-0.9999892946503375,0.9999997342385513,0.9999997342385513,0.9999997342385513,0.010884868740776363,0.010889170565333662,0.004607476159097111,0.9999999999999964,0,0.9892412017552799,True,
M1_CROSS_BASELINE,3.21666666666666,192,O28,0,C2,257.2943234953748,-0.864781918105547,0.9999999998789821,-1.555750637621974e-05,-0.005340647106760707,-0.005340647106760707,0.005340647106760707,0.7084476381320863,0.7193765827690635,0.010348993304003243,0.9999999999999964,0,0.3068480698848639,False,
M1_CROSS_BASELINE,3.21666666666666,192,O28,0,C1,214.6951476154427,41.33094053229961,-0.017159202017045346,0.9998527700547407,-0.9997465194078867,-0.9997465194078867,0.9997465194078867,1.0115157689936995,1.0115168116371167,0.0027134502702474655,0.9999999999999964,0,0.002874101708079335,False,
M1_CROSS_BASELINE,3.21666666666666,192,O29,3,C0,214.9954707827433,-43.5958688801828,-0.004627157304503253,-0.9999892946503375,-0.0026423038890739745,-0.0026423038890739745,0.0026423038890739745,0.7210855887043737,0.723235414287719,0.002896654701241495,0.9999999999999964,0,0.2860588744946232,False,
M1_CROSS_BASELINE,3.21666666666666,192,O29,3,C2,257.2943234953748,-0.864781918105547,0.9999999998789821,-1.555750637621974e-05,0.9999980609109762,0.9999980609109762,0.9999980609109762,0.015716681007495115,0.016531456828032424,0.01205981476185886,0.9999999999999964,0,0.984622649312414,True,
M1_CROSS_BASELINE,3.21666666666666,192,O29,3,C1,214.6951476154427,41.33094053229961,-0.017159202017045346,0.9998527700547407,-0.01914374153370134,-0.01914374153370134,0.01914374153370134,0.7286729156979715,0.7286989188862584,0.004424271728103081,0.9999999999999964,0,0.28169321932651115,False,
M1_CROSS_BASELINE,3.21666666666666,192,O30,5,C0,214.9954707827433,-43.5958688801828,-0.004627157304503253,-0.9999892946503375,-0.9999581276516964,-0.9999581276516964,0.9999581276516964,1.0046937356782362,1.0046989902100958,0.006608065736298299,0.9999999999999964,0,0.00890262100006911,False,
M1_CROSS_BASELINE,3.21666666666666,192,O30,5,C2,257.2943234953748,-0.864781918105547,0.9999999998789821,-1.555750637621974e-05,-0.004539612878926307,-0.004539612878926307,0.004539612878926307,0.698343130187414,0.71816619770327,0.008348403726802053,0.9999999999999964,0,0.316734416888829,False,
M1_CROSS_BASELINE,3.21666666666666,192,O30,5,C1,214.6951476154427,41.33094053229961,-0.017159202017045346,0.9998527700547407,0.9999201671526541,0.9999201671526541,0.9999201671526541,0.016732381717880357,0.017801906615387875,0.0007128606930462768,0.9999999999999964,0,0.9835056539280618,True,
M1_CROSS_BASELINE,3.3166666666666598,198,O31,0,C0,214.9954707827433,-43.5958688801828,-0.004627157304503253,-0.9999892946503375,-0.003872207677035119,-0.003872207677035119,0.003872207677035119,0.7226688003221357,0.724569469670915,0.00010143409017463309,1.099999999999996,0,0.28250566516012765,False,
M1_CROSS_BASELINE,3.3166666666666598,198,O31,0,C2,257.2943234953748,-0.864781918105547,0.9999999998789821,-1.555750637621974e-05,0.9999997266446043,0.9999997266446043,0.9999997266446043,0.01730985951305105,0.018615513363740312,0.01485503537292572,1.099999999999996,0,0.9830638682583114,True,
M1_CROSS_BASELINE,3.3166666666666598,198,O31,0,C1,214.6951476154427,41.33094053229961,-0.017159202017045346,0.9998527700547407,-0.01791404236572919,-0.01791404236572919,0.01791404236572919,0.7297927933224478,0.7298193387597738,0.007219492339169943,1.099999999999996,0,0.28058927313356763,False,
M1_CROSS_BASELINE,3.3166666666666598,198,O32,2,C0,214.9954707827433,-43.5958688801828,-0.004627157304503253,-0.9999892946503375,-0.9999672070914299,-0.9999672070914299,0.9999672070914299,1.0041472684202648,1.0041600745910613,0.010231063378000218,1.099999999999996,0,0.012969309311270383,False,
M1_CROSS_BASELINE,3.3166666666666598,198,O32,2,C2,257.2943234953748,-0.864781918105547,0.9999999998789821,-1.555750637621974e-05,-0.003486905848644391,-0.003486905848644391,0.003486905848644391,0.698348003837823,0.7198222734384021,0.004725406085100134,1.099999999999996,0,0.316729648462758,False,
M1_CROSS_BASELINE,3.3166666666666598,198,O32,2,C1,214.6951476154427,41.33094053229961,-0.017159202017045346,0.9998527700547407,0.9999063113627803,0.9999063113627803,0.9999063113627803,0.016445566166094622,0.017446179138267966,0.002910136948655643,1.099999999999996,0,0.9838347630450418,True,
M1_CROSS_BASELINE,3.4166666666666594,204,O33,0,C0,214.9954707827433,-43.5958688801828,-0.004627157304503253,-0.9999892946503375,0.9999921108282912,0.9999921108282912,0.9999921108282912,0.006078094717289986,0.00672150733434476,0.007111583849485166,1.1999999999999957,0,0.9939648179703714,True,
M1_CROSS_BASELINE,3.4166666666666594,204,O33,0,C2,257.2943234953748,-0.864781918105547,0.9999999998789821,-1.555750637621974e-05,-0.0006394173584601175,-0.0006394173584601175,0.0006394173584601175,0.710907380301351,0.7147280475554596,0.022068053312585517,1.1999999999999957,0,0.3044414346722646,False,
M1_CROSS_BASELINE,3.4166666666666594,204,O33,0,C1,214.6951476154427,41.33094053229961,-0.017159202017045346,0.9998527700547407,-0.9998413167442975,-0.9998413167442975,0.9998413167442975,1.0101468196182966,1.0101726739389527,0.014432510278829741,1.1999999999999957,0,0.004223576345556368,False,
M1_CROSS_BASELINE,3.4166666666666594,204,O34,2,C0,214.9954707827433,-43.5958688801828,-0.004627157304503253,-0.9999892946503375,0.005162269309472645,0.005162269309472645,0.005162269309472645,0.7043357276923418,0.7128849309844482,0.00604595106038867,1.1999999999999957,0,0.30063703770489203,False,
M1_CROSS_BASELINE,3.4166666666666594,204,O34,2,C2,257.2943234953748,-0.864781918105547,0.9999999998789821,-1.555750637621974e-05,-0.9999998483780151,-0.9999998483780151,0.9999998483780151,0.9978426598166203,0.9978978932115481,0.021002420523489024,1.1999999999999957,0,0.023701218869536578,False,
M1_CROSS_BASELINE,3.4166666666666594,204,O34,2,C1,214.6951476154427,41.33094053229961,-0.017159202017045346,0.9998527700547407,0.016624159949617863,0.016624159949617863,0.016624159949617863,0.7071771834520519,0.7209085185298821,0.013366877489733245,1.1999999999999957,0,0.3028831522787959,False,
M1_CROSS_BASELINE,3.4166666666666594,204,O35,3,C0,214.9954707827433,-43.5958688801828,-0.004627157304503253,-0.9999892946503375,-0.004628423460848862,-0.004628423460848862,0.004628423460848862,0.713222696129368,0.713230800639894,0.0030421571575071347,1.1999999999999957,0,0.29181281322276176,False,
M1_CROSS_BASELINE,3.4166666666666594,204,O35,3,C2,257.2943234953748,-0.864781918105547,0.9999999998789821,-1.555750637621974e-05,0.9999999998584821,0.9999999998584821,0.9999999998584821,0.006539798704507393,0.009543323361220128,0.01799862662060749,1.1999999999999957,0,0.9936013985358949,True,
M1_CROSS_BASELINE,3.4166666666666594,204,O35,3,C1,214.6951476154427,41.33094053229961,-0.017159202017045346,0.9998527700547407,-0.01715793603354561,-0.01715793603354561,0.01715793603354561,0.7198174342454985,0.7212786151403501,0.01036308358685171,1.1999999999999957,0,0.2904227222851147,False,
M1_CROSS_BASELINE,3.4166666666666594,204,O36,5,C0,214.9954707827433,-43.5958688801828,-0.004627157304503253,-0.9999892946503375,-0.9999756756146706,-0.9999756756146706,0.9999756756146706,1.003514766962763,1.003520203747082,0.006574624312216585,1.1999999999999957,0,0.0035702683585534523,False,
M1_CROSS_BASELINE,3.4166666666666594,204,O36,5,C2,257.2943234953748,-0.864781918105547,0.9999999998789821,-1.555750637621974e-05,-0.0023632626996259337,-0.0023632626996259337,0.0023632626996259337,0.7018880526977568,0.7157067470113235,0.02153109377531694,1.1999999999999957,0,0.31326603087425875,False,
M1_CROSS_BASELINE,3.4166666666666594,204,O36,5,C1,214.6951476154427,41.33094053229961,-0.017159202017045346,0.9998527700547407,0.9998902993451785,0.9998902993451785,0.9998902993451785,0.011979541884670198,0.01572379433564274,0.013895550741561161,1.1999999999999957,0,0.9881908796392161,True,
M1_CROSS_BASELINE,3.516666666666659,210,O37,1,C0,214.9954707827433,-43.5958688801828,-0.004627157304503253,-0.9999892946503375,0.999992363304399,0.999992363304399,0.999992363304399,0.007215557199238281,0.007590664476554525,0.0033043846946515572,1.2999999999999954,0,0.9928353862241199,True,
M1_CROSS_BASELINE,3.516666666666659,210,O37,1,C2,257.2943234953748,-0.864781918105547,0.9999999998789821,-1.555750637621974e-05,-0.008519634355548441,-0.008519634355548441,0.008519634355548441,0.7123244185261912,0.7160542362097326,0.01826085415775191,1.2999999999999954,0,0.3030549909497834,False,
M1_CROSS_BASELINE,3.516666666666659,210,O37,1,C1,214.6951476154427,41.33094053229961,-0.017159202017045346,0.9998527700547407,-0.9996698929373077,-0.9996698929373077,0.9996698929373077,1.0130511032491922,1.0130654487896709,0.010625311123996133,1.2999999999999954,0,0.0013606091896093409,False,
M1_CROSS_BASELINE,3.516666666666659,210,O38,3,C0,214.9954707827433,-43.5958688801828,-0.004627157304503253,-0.9999892946503375,0.0038148327201592345,0.0038148327201592345,0.0038148327201592345,0.7056081194111522,0.7129389721212349,0.005136413225854886,1.2999999999999954,0,0.29937362935191447,False,
M1_CROSS_BASELINE,3.516666666666659,210,O38,3,C2,257.2943234953748,-0.864781918105547,0.9999999998789821,-1.555750637621974e-05,-0.9999996825753449,-0.9999996825753449,0.9999996825753449,0.9981067308958484,0.998157312738123,0.02009288268895524,1.2999999999999954,0,0.023442849205495886,False,
M1_CROSS_BASELINE,3.516666666666659,210,O38,3,C1,214.6951476154427,41.33094053229961,-0.017159202017045346,0.9998527700547407,0.01797140850990123,0.01797140850990123,0.01797140850990123,0.7062763921013806,0.7211201991872299,0.012457339655199462,1.2999999999999954,0,0.30377112892952607,False,
M1_CROSS_BASELINE,3.516666666666659,210,O39,7,C0,214.9954707827433,-43.5958688801828,-0.004627157304503253,-0.9999892946503375,-0.006478518459747736,-0.006478518459747736,0.006478518459747736,0.7113349098597047,0.7141155652316431,0.001458425867997482,1.2999999999999954,0,0.29470862424256117,False,
M1_CROSS_BASELINE,3.516666666666659,210,O39,7,C2,257.2943234953748,-0.864781918105547,0.9999999998789821,-1.555750637621974e-05,0.9999982572540801,0.9999982572540801,0.9999982572540801,0.011514627871489947,0.012158656207851216,0.013498043595102871,1.2999999999999954,0,0.9887339782023626,True,
M1_CROSS_BASELINE,3.516666666666659,210,O39,7,C1,214.6951476154427,41.33094053229961,-0.017159202017045346,0.9998527700547407,-0.015308056283982536,-0.015308056283982536,0.015308056283982536,0.724408049924224,0.7259318852238741,0.0058625005613470935,1.2999999999999954,0,0.2858974129200259,False,
M1_CROSS_BASELINE,3.516666666666659,210,O40,9,C0,214.9954707827433,-43.5958688801828,-0.004627157304503253,-0.9999892946503375,-0.9999964752580568,-0.9999964752580568,0.9999964752580568,1.0033278694761765,1.0033323971220962,0.006020190534981633,1.2999999999999954,0,0.0037558463077126403,False,
M1_CROSS_BASELINE,3.516666666666659,210,O40,9,C2,257.2943234953748,-0.864781918105547,0.9999999998789821,-1.555750637621974e-05,0.001956527863916624,0.001956527863916624,0.001956527863916624,0.7012718883964919,0.7175069638525317,0.020976659998081987,1.2999999999999954,0,0.3138688919068905,False,
M1_CROSS_BASELINE,3.516666666666659,210,O40,9,C1,214.6951476154427,41.33094053229961,-0.017159202017045346,0.9998527700547407,0.9998169863681045,0.9998169863681045,0.9998169863681045,0.012630629817894404,0.017224619185348535,0.013341116964326208,1.2999999999999954,0,0.9875490541134222,True,
M1_CROSS_BASELINE,3.6166666666666587,216,O41,1,C0,214.9954707827433,-43.5958688801828,-0.004627157304503253,-0.9999892946503375,0.9999995524927792,0.9999995524927792,0.9999995524927792,0.009477819578273296,0.009484390044540268,0.005273807963958752,1.399999999999995,0,0.9906381200901265,True,
M1_CROSS_BASELINE,3.6166666666666587,216,O41,1,C2,257.2943234953748,-0.864781918105547,0.9999999998789821,-1.555750637621974e-05,-0.003665556036925779,-0.003665556036925779,0.003665556036925779,0.708830072215096,0.7194621819573073,0.009682661499141602,1.399999999999995,0,0.30647389272834336,False,
M1_CROSS_BASELINE,3.6166666666666587,216,O41,1,C1,214.6951476154427,41.33094053229961,-0.017159202017045346,0.9998527700547407,-0.9997828307621093,-0.9997828307621093,0.9997828307621093,1.0106603518442472,1.0106609381733784,0.0020471184653858237,1.399999999999995,0,0.00371734965310222,False,
M1_CROSS_BASELINE,3.6166666666666587,216,O42,3,C0,214.9954707827433,-43.5958688801828,-0.004627157304503253,-0.9999892946503375,0.006108110512597284,0.006108110512597284,0.006108110512597284,0.7078795123335898,0.7137001401286911,0.00453122625752148,1.399999999999995,0,0.2971182729638795,False,
M1_CROSS_BASELINE,3.6166666666666587,216,O42,3,C2,257.2943234953748,-0.864781918105547,0.9999999998789821,-1.555750637621974e-05,-0.9999988801959195,-0.9999988801959195,0.9999988801959195,1.001035028886658,1.0010824169607002,0.019487695720621832,1.399999999999995,0,0.02057777450550291,False,
M1_CROSS_BASELINE,3.6166666666666587,216,O42,3,C1,214.6951476154427,41.33094053229961,-0.017159202017045346,0.9998527700547407,0.01567842710649238,0.01567842710649238,0.01567842710649238,0.7080997662272507,0.719777041182391,0.011852152686866055,1.399999999999995,0,0.30197369420936415,False,
M1_CROSS_BASELINE,3.6166666666666587,216,O43,7,C0,214.9954707827433,-43.5958688801828,-0.004627157304503253,-0.9999892946503375,-0.007251389442833565,-0.007251389442833565,0.007251389442833565,0.7194850150514573,0.7209161329980992,0.0019295424663202507,1.399999999999995,0,0.2869608332752336,False,
M1_CROSS_BASELINE,3.6166666666666587,216,O43,7,C2,257.2943234953748,-0.864781918105547,0.9999999998789821,-1.555750637621974e-05,0.9999965156331647,0.9999965156331647,0.9999965156331647,0.01213815995560216,0.013746907141649712,0.013026926996780102,1.399999999999995,0,0.9881239084606798,True,
M1_CROSS_BASELINE,3.6166666666666587,216,O43,7,C1,214.6951476154427,41.33094053229961,-0.017159202017045346,0.9998527700547407,-0.014535253137401795,-0.014535253137401795,0.014535253137401795,0.7254043333121923,0.725472615882679,0.005391383963024325,1.399999999999995,0,0.2849153027061935,False,
M1_CROSS_BASELINE,3.6166666666666587,216,O44,9,C0,214.9954707827433,-43.5958688801828,-0.004627157304503253,-0.9999892946503375,-0.9999731461820356,-0.9999731461820356,0.9999731461820356,1.0062917521759562,1.0062937998228723,0.004107432755029365,1.399999999999995,0,0.004871454744044379,False,
M1_CROSS_BASELINE,3.6166666666666587,216,O44,9,C2,257.2943234953748,-0.864781918105547,0.9999999998789821,-1.555750637621974e-05,-0.002716946121541174,-0.002716946121541174,0.002716946121541174,0.7026657963817792,0.7179626572258005,0.010849036708070988,1.399999999999995,0,0.3125050790315278,False,
M1_CROSS_BASELINE,3.6166666666666587,216,O44,9,C1,214.6951476154427,41.33094053229961,-0.017159202017045346,0.9998527700547407,0.9998954755088648,0.9998954755088648,0.9998954755088648,0.011966938845589595,0.014061766366733503,0.0032134936743152104,1.399999999999995,0,0.9882033033868726,True,
M1_CROSS_BASELINE,3.7166666666666583,222,O45,1,C0,214.9954707827433,-43.5958688801828,-0.004627157304503253,-0.9999892946503375,0.9999999999266311,0.9999999999266311,0.9999999999266311,0.005772610568904652,0.0057768610948045265,0.0010001227457105226,1.4999999999999947,0,0.994273831771493,True,
M1_CROSS_BASELINE,3.7166666666666583,222,O45,1,C2,257.2943234953748,-0.864781918105547,0.9999999998789821,-1.555750637621974e-05,-0.004623713364552337,-0.004623713364552337,0.004623713364552337,0.7140683475768489,0.7182066815822757,0.013956346717389831,1.4999999999999947,0,0.30134871412368736,False,
M1_CROSS_BASELINE,3.7166666666666583,222,O45,1,C1,214.6951476154427,41.33094053229961,-0.017159202017045346,0.9998527700547407,-0.9997624039816916,-0.9997624039816916,0.9997624039816916,1.013707496391696,1.0137125033728178,0.006320803683634054,1.4999999999999947,0,0.0007135539266914792,False,
M1_CROSS_BASELINE,3.7166666666666583,222,O46,3,C0,214.9954707827433,-43.5958688801828,-0.004627157304503253,-0.9999892946503375,0.00031293841771499065,0.00031293841771499065,0.00031293841771499065,0.7059384175594331,0.7111676035167305,0.0033313792979871187,1.4999999999999947,0,0.29904566318132253,False,
M1_CROSS_BASELINE,3.7166666666666583,222,O46,3,C2,257.2943234953748,-0.864781918105547,0.9999999998789821,-1.555750637621974e-05,-0.9999907606984388,-0.9999907606984388,0.9999907606984388,1.0003323781722229,1.0003743503282894,0.018287848761087473,1.4999999999999947,0,0.021265254670150946,False,
M1_CROSS_BASELINE,3.7166666666666583,222,O46,3,C1,214.6951476154427,41.33094053229961,-0.017159202017045346,0.9998527700547407,0.021472629156042606,0.021472629156042606,0.021472629156042606,0.7090533295322665,0.723180370930651,0.010652305727331694,1.4999999999999947,0,0.3010336963405835,False,
M1_CROSS_BASELINE,3.7166666666666583,222,O47,7,C0,214.9954707827433,-43.5958688801828,-0.004627157304503253,-0.9999892946503375,-0.008176095237376063,-0.008176095237376063,0.008176095237376063,0.7114254109772761,0.7134614331776632,0.00018995709472963406,1.4999999999999947,0,0.29373062281937723,False,
M1_CROSS_BASELINE,3.7166666666666583,222,O47,7,C2,257.2943234953748,-0.864781918105547,0.9999999998789821,-1.555750637621974e-05,0.999993646927001,0.999993646927001,0.999993646927001,0.010741294331424107,0.011881341262052078,0.014766512368370718,1.4999999999999947,0,0.9894906151181588,True,
M1_CROSS_BASELINE,3.7166666666666583,222,O47,7,C1,214.6951476154427,41.33094053229961,-0.017159202017045346,0.9998527700547407,-0.01361061140586426,-0.01361061140586426,0.01361061140586426,0.7236074040582505,0.7255083151784876,0.007130969334614942,1.4999999999999947,0,0.2866866687604136,False,
M1_CROSS_BASELINE,3.7166666666666583,222,O48,9,C0,214.9954707827433,-43.5958688801828,-0.004627157304503253,-0.9999892946503375,-0.9999939627683005,-0.9999939627683005,0.9999939627683005,1.0029103945845164,1.0029163708843996,0.006915501722092628,1.4999999999999947,0,0.004170373734671218,False,
M1_CROSS_BASELINE,3.7166666666666583,222,O48,9,C2,257.2943234953748,-0.864781918105547,0.9999999998789821,-1.555750637621974e-05,0.0011367814578044056,0.0011367814578044056,0.0011367814578044056,0.7016224447952234,0.717272083683978,0.02187197118519298,1.4999999999999947,0,0.31352590418088777,False,
M1_CROSS_BASELINE,3.7166666666666583,222,O48,9,C1,214.6951476154427,41.33094053229961,-0.017159202017045346,0.9998527700547407,0.9998323329928365,0.9998323329928365,0.9998323329928365,0.012199545726803648,0.016855030610427296,0.014236428151437204,1.4999999999999947,0,0.9879740055820443,True,
M1_CROSS_BASELINE,3.816666666666658,228,O49,1,C0,214.9954707827433,-43.5958688801828,-0.004627157304503253,-0.9999892946503375,0.9999893028743717,0.9999893028743717,0.9999893028743717,0.005030531108866416,0.005772796747657463,0.0033009997505410687,1.5999999999999943,0,0.9950049855489493,True,
M1_CROSS_BASELINE,3.816666666666658,228,O49,1,C2,257.2943234953748,-0.864781918105547,0.9999999998789821,-1.555750637621974e-05,1.3779824367877045e-05,1.3779824367877045e-05,1.3779824367877045e-05,0.7109981706289826,0.7163623646113747,0.018257469213641422,1.5999999999999943,0,0.3043526045492657,False,
M1_CROSS_BASELINE,3.816666666666658,228,O49,1,C1,214.6951476154427,41.33094053229961,-0.017159202017045346,0.9998527700547407,-0.9998527395495561,-0.9998527395495561,0.9998527395495561,1.0087439660352162,1.0087579190259799,0.010621926179885645,1.5999999999999943,0,0.005606472867864309,False,
M1_CROSS_BASELINE,3.816666666666658,228,O50,3,C0,214.9954707827433,-43.5958688801828,-0.004627157304503253,-0.9999892946503375,0.003733380017460489,0.003733380017460489,0.003733380017460489,0.7066331274338917,0.7118410716814146,0.007112875604195474,1.5999999999999943,0,0.2983558581116168,False,
M1_CROSS_BASELINE,3.816666666666658,228,O50,3,C2,257.2943234953748,-0.864781918105547,0.9999999998789821,-1.555750637621974e-05,-0.9999996143581489,-0.9999996143581489,0.9999996143581489,1.000573115688359,1.0006339915794689,0.022069345067295826,1.5999999999999943,0,0.02102971478691995,False,
M1_CROSS_BASELINE,3.816666666666658,228,O50,3,C1,214.6951476154427,41.33094053229961,-0.017159202017045346,0.9998527700547407,0.0180528485784153,0.0180528485784153,0.0180528485784153,0.7086969698628162,0.7207276294223329,0.01443380203354005,1.5999999999999943,0,0.301384986420687,False,
M1_CROSS_BASELINE,3.816666666666658,228,O51,7,C0,214.9954707827433,-43.5958688801828,-0.004627157304503253,-0.9999892946503375,-0.0056571935500285215,-0.0056571935500285215,0.0056571935500285215,0.7137707873342268,0.7138509182313714,0.004610070706901141,1.5999999999999943,0,0.29126859166254937,False,
M1_CROSS_BASELINE,3.816666666666658,228,O51,7,C2,257.2943234953748,-0.864781918105547,0.9999999998789821,-1.555750637621974e-05,0.999999453352616,0.999999453352616,0.999999453352616,0.005621970087300701,0.010229315912053347,0.019566540170001496,1.5999999999999943,0,0.9944994108141335,True,
M1_CROSS_BASELINE,3.816666666666658,228,O51,7,C1,214.6951476154427,41.33094053229961,-0.017159202017045346,0.9998527700547407,-0.016129294840949264,-0.016129294840949264,0.016129294840949264,0.7190507502789428,0.7206861913441677,0.011930997136245717,1.5999999999999943,0,0.29117849936965623,False,
M1_CROSS_BASELINE,3.816666666666658,228,O52,9,C0,214.9954707827433,-43.5958688801828,-0.004627157304503253,-0.9999892946503375,-0.9999746290046739,-0.9999746290046739,0.9999746290046739,1.0035796047029426,1.0035830350510062,0.005224286440507579,1.5999999999999943,0,0.0035058883871028623,False,
M1_CROSS_BASELINE,3.816666666666658,228,O52,9,C2,257.2943234953748,-0.864781918105547,0.9999999998789821,-1.555750637621974e-05,-0.002511737365794263,-0.002511737365794263,0.002511737365794263,0.7028925830654642,0.7162975908458106,0.020180755903607933,1.5999999999999943,0,0.3122831887759048,False,
M1_CROSS_BASELINE,3.816666666666658,228,O52,9,C1,214.6951476154427,41.33094053229961,-0.017159202017045346,0.9998527700547407,0.9998924875068255,0.9998924875068255,0.9998924875068255,0.010918018923675386,0.014594580723011685,0.012545212869852154,1.5999999999999943,0,0.9892373013248538,True,
M1_CROSS_BASELINE,3.9166666666666576,234,O53,0,C0,214.9954707827433,-43.5958688801828,-0.004627157304503253,-0.9999892946503375,0.9999424467093464,0.9999424467093464,0.9999424467093464,0.004522139654615594,0.007078972831288837,0.0039021683757293466,1.699999999999994,0,0.9955097876475385,True,
M1_CROSS_BASELINE,3.9166666666666576,234,O53,0,C2,257.2943234953748,-0.864781918105547,0.9999999998789821,-1.555750637621974e-05,0.006117170518853457,0.006117170518853457,0.006117170518853457,0.7131813174449506,0.7183629095270179,0.0188586378388297,1.699999999999994,0,0.3022165928699794,False,
M1_CROSS_BASELINE,3.9166666666666576,234,O53,0,C1,214.6951476154427,41.33094053229961,-0.017159202017045346,0.9998527700547407,-0.9999388565950135,-0.9999388565950135,0.9999388565950135,1.0118033315776245,1.011818778434634,0.011223094805073922,1.699999999999994,0,0.002590630002940797,False,
M1_CROSS_BASELINE,3.9166666666666576,234,O54,2,C0,214.9954707827433,-43.5958688801828,-0.004627157304503253,-0.9999892946503375,0.002855053871189254,0.002855053871189254,0.002855053871189254,0.7039306694149939,0.7128022718954266,0.000987856564823258,1.699999999999994,0,0.30103923618157047,False,
M1_CROSS_BASELINE,3.9166666666666576,234,O54,2,C2,257.2943234953748,-0.864781918105547,0.9999999998789821,-1.555750637621974e-05,-0.9999984572514095,-0.9999984572514095,0.9999984572514095,0.9998441368685543,0.9998759890525639,0.01594432602792361,1.699999999999994,0,0.02174295462111997,False,
M1_CROSS_BASELINE,3.9166666666666576,234,O54,2,C1,214.6951476154427,41.33094053229961,-0.017159202017045346,0.9998527700547407,0.01893102930417483,0.01893102930417483,0.01893102930417483,0.7103734054576726,0.7234034665726826,0.008308782994167834,1.699999999999994,0,0.2997323998771151,False,
M1_CROSS_BASELINE,3.9166666666666576,234,O55,3,C0,214.9954707827433,-43.5958688801828,-0.004627157304503253,-0.9999892946503375,0.0031533087520460353,0.0031533087520460353,0.0031533087520460353,0.7168222294782979,0.7169386209745436,0.004199413155756052,1.699999999999994,0,0.28823869337222463,False,
M1_CROSS_BASELINE,3.9166666666666576,234,O55,3,C2,257.2943234953748,-0.864781918105547,0.9999999998789821,-1.555750637621974e-05,0.9999698530802872,0.9999698530802872,0.9999698530802872,0.008085111604572018,0.011547259742737783,0.019155882618856406,1.699999999999994,0,0.9920894496470034,True,
M1_CROSS_BASELINE,3.9166666666666576,234,O55,3,C1,214.6951476154427,41.33094053229961,-0.017159202017045346,0.9998527700547407,-0.024937946430270277,-0.024937946430270277,0.024937946430270277,0.7218307352624279,0.7219688694850839,0.011520339585100629,1.699999999999994,0,0.2884380625827405,False,
M1_CROSS_BASELINE,3.9166666666666576,234,O56,5,C0,214.9954707827433,-43.5958688801828,-0.004627157304503253,-0.9999892946503375,-0.9999720119697043,-0.9999720119697043,0.9999720119697043,1.003805513024914,1.0038060314727733,0.002103361777683248,1.699999999999994,0,0.0053588944946200145,False,
M1_CROSS_BASELINE,3.9166666666666576,234,O56,5,C2,257.2943234953748,-0.864781918105547,0.9999999998789821,-1.555750637621974e-05,-0.0028701122830989893,-0.0028701122830989893,0.0028701122830989893,0.6995852608628594,0.7172705588068755,0.012853107685417106,1.699999999999994,0,0.31551910438188036,False,
M1_CROSS_BASELINE,3.9166666666666576,234,O56,5,C1,214.6951476154427,41.33094053229961,-0.017159202017045346,0.9998527700547407,0.9998976782878001,0.9998976782878001,0.9998976782878001,0.014746710427606063,0.01658781678840248,0.005217564651661328,1.699999999999994,0,0.9854630769655662,True,
M1_CROSS_BASELINE,4.016666666666658,240,O57,0,C0,214.9954707827433,-43.5958688801828,-0.004627157304503253,-0.9999892946503375,0.9999775301384934,0.9999775301384934,0.9999775301384934,0.006763793315066493,0.007820515238814376,0.0052321121392175825,1.799999999999994,0,0.9932839605557493,True,
M1_CROSS_BASELINE,4.016666666666658,240,O57,0,C2,257.2943234953748,-0.864781918105547,0.9999999998789821,-1.555750637621974e-05,0.0020921043622187958,0.0020921043622187958,0.0020921043622187958,0.7102111737794461,0.7163620700887087,0.020188581602317936,1.799999999999994,0,0.3051226097774419,False,
M1_CROSS_BASELINE,4.016666666666658,240,O57,0,C1,214.6951476154427,41.33094053229961,-0.017159202017045346,0.9998527700547407,-0.9998862462339329,-0.9998862462339329,0.9998862462339329,1.0097998739265217,1.0098194034865966,0.012553038568562158,1.799999999999994,0,0.004565586371671593,False,
M1_CROSS_BASELINE,4.016666666666658,240,O58,2,C0,214.9954707827433,-43.5958688801828,-0.004627157304503253,-0.9999892946503375,0.007398867768566948,0.007398867768566948,0.007398867768566948,0.7068153436698955,0.7155496448874771,0.00012550700601905653,1.799999999999994,0,0.2982623795354401,False,
M1_CROSS_BASELINE,4.016666666666658,240,O58,2,C2,257.2943234953748,-0.864781918105547,0.9999999998789821,-1.555750637621974e-05,-0.9999961154290044,-0.9999961154290044,0.9999961154290044,0.99926292499592,0.9992904028737587,0.014830962457081296,1.799999999999994,0,0.022311617864016142,False,
M1_CROSS_BASELINE,4.016666666666658,240,O58,2,C1,214.6951476154427,41.33094053229961,-0.017159202017045346,0.9998527700547407,0.01438778627755014,0.01438778627755014,0.01438778627755014,0.7066852934834033,0.720567015582087,0.007195419423325519,1.799999999999994,0,0.30336804459771405,False,
M1_CROSS_BASELINE,4.016666666666658,240,O59,3,C0,214.9954707827433,-43.5958688801828,-0.004627157304503253,-0.9999892946503375,-0.006500792153851983,-0.006500792153851983,0.006500792153851983,0.7143534677404605,0.7143621687627592,0.004550808395993417,1.799999999999994,0,0.29069002510834374,False,
M1_CROSS_BASELINE,4.016666666666658,240,O59,3,C2,257.2943234953748,-0.864781918105547,0.9999999998789821,-1.555750637621974e-05,0.9999982154213429,0.9999982154213429,0.9999982154213429,0.005957890311981517,0.010581410162094861,0.01950727785909377,1.799999999999994,0,0.9941707432605,True,
M1_CROSS_BASELINE,4.016666666666658,240,O59,3,C1,214.6951476154427,41.33094053229961,-0.017159202017045346,0.9998527700547407,-0.015285784727010716,-0.015285784727010716,0.015285784727010716,0.7195854768908377,0.7211089762707784,0.011871734825337992,1.799999999999994,0,0.2906513798035848,False,
M1_CROSS_BASELINE,4.016666666666658,240,O60,5,C0,214.9954707827433,-43.5958688801828,-0.004627157304503253,-0.9999892946503375,-0.999997917903147,-0.999997917903147,0.999997917903147,1.0061894156642848,1.0061917329739567,0.004317562514147018,1.799999999999994,0,0.0009145032660690111,False,
M1_CROSS_BASELINE,4.016666666666658,240,O60,5,C2,257.2943234953748,-0.864781918105547,0.9999999998789821,-1.555750637621974e-05,0.002570977510266856,0.002570977510266856,0.002570977510266856,0.704795048607766,0.7183105398107577,0.01927403197724737,1.799999999999994,0,0.3104217983334143,False,
M1_CROSS_BASELINE,4.016666666666658,240,O60,5,C1,214.6951476154427,41.33094053229961,-0.017159202017045346,0.9998527700547407,0.9998050425840934,0.9998050425840934,0.9998050425840934,0.009255234775463613,0.01478635565547319,0.011638488943491595,1.799999999999994,0,0.9908764306279003,True,
M1_CROSS_BASELINE,4.116666666666657,246,O61,0,C0,214.9954707827433,-43.5958688801828,-0.004627157304503253,-0.9999892946503375,0.9999969416153265,0.9999969416153265,0.9999969416153265,0.006023528738665303,0.00618980798440751,0.0014226899132161464,1.8999999999999937,0,0.9940274358165404,True,
M1_CROSS_BASELINE,4.116666666666657,246,O61,0,C2,257.2943234953748,-0.864781918105547,0.9999999998789821,-1.555750637621974e-05,-0.0021384037177098318,-0.0021384037177098318,0.0021384037177098318,0.7135779762123402,0.7185500870079409,0.013533779549884207,1.8999999999999937,0,0.30182849814651036,False,
M1_CROSS_BASELINE,4.116666666666657,246,O61,0,C1,214.6951476154427,41.33094053229961,-0.017159202017045346,0.9998527700547407,-0.9998134903640243,-0.9998134903640243,0.9998134903640243,1.0134261617760802,1.01343049545192,0.005898236516128429,1.8999999999999937,0,0.0009908862628897896,False,
M1_CROSS_BASELINE,4.116666666666657,246,O62,2,C0,214.9954707827433,-43.5958688801828,-0.004627157304503253,-0.9999892946503375,0.0012425396822955126,0.0012425396822955126,0.0012425396822955126,0.7053800316204117,0.7113681206088566,0.003512971661766953,1.8999999999999937,0,0.2996001067926063,False,
M1_CROSS_BASELINE,4.116666666666657,246,O62,2,C2,257.2943234953748,-0.864781918105547,0.9999999998789821,-1.555750637621974e-05,-0.999994324667784,-0.999994324667784,0.999994324667784,1.0006126373367765,1.0006554017075826,0.018469441124867307,1.8999999999999937,0,0.02099104642893934,False,
M1_CROSS_BASELINE,4.116666666666657,246,O62,2,C1,214.6951476154427,41.33094053229961,-0.017159202017045346,0.9998527700547407,0.020543232764991783,0.020543232764991783,0.020543232764991783,0.710001813530041,0.7230675235652626,0.01083389809111153,1.8999999999999937,0,0.3000987055205815,False,
M1_CROSS_BASELINE,4.116666666666657,246,O63,3,C0,214.9954707827433,-43.5958688801828,-0.004627157304503253,-0.9999892946503375,-0.008395884891588776,-0.008395884891588776,0.008395884891588776,0.7126085046110662,0.713949604299146,0.0005594228826723901,1.8999999999999937,0,0.29242266841364273,False,
M1_CROSS_BASELINE,4.116666666666657,246,O63,3,C2,257.2943234953748,-0.864781918105547,0.9999999998789821,-1.555750637621974e-05,0.9999928392909044,0.9999928392909044,0.9999928392909044,0.009881448463779849,0.011584453237948303,0.015515892345772744,1.8999999999999937,0,0.9903318965208756,True,
M1_CROSS_BASELINE,4.116666666666657,246,O63,3,C1,214.6951476154427,41.33094053229961,-0.017159202017045346,0.9998527700547407,-0.013390834238222158,-0.013390834238222158,0.013390834238222158,0.723150198176864,0.7248277775051344,0.007880349312016966,1.8999999999999937,0,0.28713737040951937,False,
M1_CROSS_BASELINE,4.116666666666657,246,O64,5,C0,214.9954707827433,-43.5958688801828,-0.004627157304503253,-0.9999892946503375,-0.9999853879563407,-0.9999853879563407,0.9999853879563407,1.0027303605208768,1.002734536885671,0.005769639598730251,1.8999999999999937,0,0.004349136718161506,False,
M1_CROSS_BASELINE,4.116666666666657,246,O64,5,C2,257.2943234953748,-0.864781918105547,0.9999999998789821,-1.555750637621974e-05,-0.000794320943312186,-0.000794320943312186,0.000794320943312186,0.7016141060743168,0.7167627658623973,0.020726109061830606,1.8999999999999937,0,0.31353406286500207,False,
M1_CROSS_BASELINE,4.116666666666657,246,O64,5,C1,214.6951476154427,41.33094053229961,-0.017159202017045346,0.9998527700547407,0.9998658298223115,0.9998658298223115,0.9998658298223115,0.012197865507797924,0.016101889795270007,0.013090566028074827,1.8999999999999937,0,0.9879756618981758,True,
M1_CROSS_BASELINE,4.216666666666657,252,O65,0,C0,214.9954707827433,-43.5958688801828,-0.004627157304503253,-0.9999892946503375,0.99999223837285,0.99999223837285,0.99999223837285,0.009552847996263627,0.009756920004585092,0.0005038358481438568,1.9999999999999933,0,0.9905145972150087,True,
M1_CROSS_BASELINE,4.216666666666657,252,O65,0,C2,257.2943234953748,-0.864781918105547,0.9999999998789821,-1.555750637621974e-05,-0.0006716575818868828,-0.0006716575818868828,0.0006716575818868828,0.7090891788943163,0.717810881308209,0.01546030531124421,1.9999999999999933,0,0.30622038028064735,False,
M1_CROSS_BASELINE,4.216666666666657,252,O65,0,C1,214.6951476154427,41.33094053229961,-0.017159202017045346,0.9998527700547407,-0.9998407418947253,-0.9998407418947253,0.9998407418947253,1.0111063178081625,1.0111140534732777,0.007824762277488432,1.9999999999999933,0,0.0032777280218752036,False,
M1_CROSS_BASELINE,4.216666666666657,252,O66,2,C0,214.9954707827433,-43.5958688801828,-0.004627157304503253,-0.9999892946503375,0.007268040821146963,0.007268040821146963,0.007268040821146963,0.7066376608067932,0.715777454113398,0.0006043119151428638,1.9999999999999933,0,0.29877212526376773,False,
M1_CROSS_BASELINE,4.216666666666657,252,O66,2,C2,257.2943234953748,-0.864781918105547,0.9999999998789821,-1.555750637621974e-05,-0.9999964715364972,-0.9999964715364972,0.9999964715364972,0.9986488471315234,0.99867459860849,0.01435215754795749,1.9999999999999933,0,0.022912437506904304,False,
M1_CROSS_BASELINE,4.216666666666657,252,O66,2,C1,214.6951476154427,41.33094053229961,-0.017159202017045346,0.9998527700547407,0.014518603077401243,0.014518603077401243,0.014518603077401243,0.7060056436786417,0.7207584579907851,0.006716614514201712,1.9999999999999933,0,0.30403802567252314,False,
M1_CROSS_BASELINE,4.216666666666657,252,O67,3,C0,214.9954707827433,-43.5958688801828,-0.004627157304503253,-0.9999892946503375,-0.008927372453835063,-0.008927372453835063,0.008927372453835063,0.715410290573392,0.7161531066055051,0.004441561540939379,1.9999999999999933,0,0.2896406636774226,False,
M1_CROSS_BASELINE,4.216666666666657,252,O67,3,C2,257.2943234953748,-0.864781918105547,0.9999999998789821,-1.555750637621974e-05,0.9999906866271127,0.9999906866271127,0.9999906866271127,0.010507770060489738,0.01381327124606747,0.019398031004039733,1.9999999999999933,0,0.9897190974934459,True,
M1_CROSS_BASELINE,4.216666666666657,252,O67,3,C1,214.6951476154427,41.33094053229961,-0.017159202017045346,0.9998527700547407,-0.012859372520673415,-0.012859372520673415,0.012859372520673415,0.7243045639566971,0.7254749875975709,0.011762487970283956,1.9999999999999933,0,0.2859994266913324,False,
M1_CROSS_BASELINE,4.216666666666657,252,O68,5,C0,214.9954707827433,-43.5958688801828,-0.004627157304503253,-0.9999892946503375,-0.9999994083169028,-0.9999994083169028,0.9999994083169028,1.005216067029303,1.0052166350165586,0.002138140670110729,1.9999999999999933,0,0.0018809798452664728,False,
M1_CROSS_BASELINE,4.216666666666657,252,O68,5,C2,257.2943234953748,-0.864781918105547,0.9999999998789821,-1.555750637621974e-05,0.005699411869580832,0.005699411869580832,0.005699411869580832,0.7028544659270848,0.7198338053548804,0.01709461013321108,1.9999999999999933,0,0.3123204829478605,False,
M1_CROSS_BASELINE,4.216666666666657,252,O68,5,C1,214.6951476154427,41.33094053229961,-0.017159202017045346,0.9998527700547407,0.9997383775800142,0.9997383775800142,0.9997383775800142,0.011270099951282711,0.016760847928643477,0.009459067099455305,1.9999999999999933,0,0.9888902290184342,True,
M1_CROSS_BASELINE,4.316666666666657,258,O69,0,C0,214.9954707827433,-43.5958688801828,-0.004627157304503253,-0.9999892946503375,0.999989297285241,0.999989297285241,0.999989297285241,0.006404687125237394,0.006932051467530199,0.0026395239694651756,2.099999999999993,0,0.9936405313767699,True,
M1_CROSS_BASELINE,4.316666666666657,258,O69,0,C2,257.2943234953748,-0.864781918105547,0.9999999998789821,-1.555750637621974e-05,1.4988028081913783e-05,1.4988028081913783e-05,1.4988028081913783e-05,0.7099390743811982,0.7165217938314947,0.01759599343256553,2.099999999999993,0,0.3053888344254285,False,
M1_CROSS_BASELINE,4.316666666666657,258,O69,0,C1,214.6951476154427,41.33094053229961,-0.017159202017045346,0.9998527700547407,-0.9998527602827855,-0.9998527602827855,0.9998527602827855,1.0087513211831751,1.0087636524848358,0.009960450398809752,2.099999999999993,0,0.005599222354584765,False,
M1_CROSS_BASELINE,4.316666666666657,258,O70,2,C0,214.9954707827433,-43.5958688801828,-0.004627157304503253,-0.9999892946503375,0.0020637006330627146,0.0020637006330627146,0.0020637006330627146,0.7059644227190564,0.712163314025996,0.005031948902696352,2.099999999999993,0,0.29901984162385487,False,
M1_CROSS_BASELINE,4.316666666666657,258,O70,2,C2,257.2943234953748,-0.864781918105547,0.9999999998789821,-1.555750637621974e-05,-0.9999967540683401,-0.9999967540683401,0.9999967540683401,0.998556190179958,0.9986062866975729,0.019988418365796706,2.099999999999993,0,0.02300309395257405,False,
M1_CROSS_BASELINE,4.316666666666657,258,O70,2,C1,214.6951476154427,41.33094053229961,-0.017159202017045346,0.9998527700547407,0.019722237128666754,0.019722237128666754,0.019722237128666754,0.7065478028157356,0.7218015219330152,0.012352875332040927,2.099999999999993,0,0.30350357931670424,False,
M1_CROSS_BASELINE,4.316666666666657,258,O71,3,C0,214.9954707827433,-43.5958688801828,-0.004627157304503253,-0.9999892946503375,-0.006526508776854978,-0.006526508776854978,0.006526508776854978,0.7147871621910097,0.7147871898003034,0.0045527612300345155,2.099999999999993,0,0.2902593926361551,False,
M1_CROSS_BASELINE,4.316666666666657,258,O71,3,C2,257.2943234953748,-0.864781918105547,0.9999999998789821,-1.555750637621974e-05,0.9999981665052549,0.9999981665052549,0.9999981665052549,0.006295169206290615,0.010843045180285019,0.019509230693134868,2.099999999999993,0,0.9938407463715362,True,
M1_CROSS_BASELINE,4.316666666666657,258,O71,3,C1,214.6951476154427,41.33094053229961,-0.017159202017045346,0.9998527700547407,-0.015260070558040637,-0.015260070558040637,0.015260070558040637,0.7200183531361363,0.7213795626223289,0.011873687659379092,2.099999999999993,0,0.2902246616760247,False,
M1_CROSS_BASELINE,4.316666666666657,258,O72,5,C0,214.9954707827433,-43.5958688801828,-0.004627157304503253,-0.9999892946503375,-0.9999869579017494,-0.9999869579017494,0.9999869579017494,1.0046625206468573,1.0046688526511123,0.007112443853573426,2.099999999999993,0,0.002430618068310242,False,
M1_CROSS_BASELINE,4.316666666666657,258,O72,5,C2,257.2943234953748,-0.864781918105547,0.9999999998789821,-1.555750637621974e-05,-0.0004956582071475707,-0.0004956582071475707,0.0004956582071475707,0.7022976233765555,0.7160743077387508,0.02206891331667378,2.099999999999993,0,0.31286530301344406,False,
M1_CROSS_BASELINE,4.316666666666657,258,O72,5,C1,214.6951476154427,41.33094053229961,-0.017159202017045346,0.9998527700547407,0.9998608929683046,0.9998608929683046,0.9998608929683046,0.011762038911634362,0.016122773281805395,0.014433370282918002,2.099999999999993,0,0.9884052884047713,True,
M1_CROSS_BASELINE,4.416666666666656,264,O73,0,C0,214.9954707827433,-43.5958688801828,-0.004627157304503253,-0.9999892946503375,0.9999876262808196,0.9999876262808196,0.9999876262808196,0.006375316489645554,0.0073120551201890675,0.007110599100057767,2.1999999999999926,0,0.9936696946492044,True,
M1_CROSS_BASELINE,4.416666666666656,264,O73,0,C2,257.2943234953748,-0.864781918105547,0.9999999998789821,-1.555750637621974e-05,0.0003630685361253031,0.0003630685361253031,0.0003630685361253031,0.7103278200602554,0.7151304110555754,0.02206706856315812,2.1999999999999926,0,0.30500848194310126,False,
M1_CROSS_BASELINE,4.416666666666656,264,O73,0,C1,214.6951476154427,41.33094053229961,-0.017159202017045346,0.9998527700547407,-0.9998586726936501,-0.9998586726936501,0.9998586726936501,1.0095048362956758,1.009530679376123,0.014431525529402342,2.1999999999999926,0,0.004856426783363621,False,
M1_CROSS_BASELINE,4.416666666666656,264,O74,3,C0,214.9954707827433,-43.5958688801828,-0.004627157304503253,-0.9999892946503375,0.008931290133002048,0.008931290133002048,0.008931290133002048,0.7073222791919945,0.7159564011729457,0.001338115772351365,2.1999999999999926,0,0.297671571916741,False,
M1_CROSS_BASELINE,4.416666666666656,264,O74,3,C2,257.2943234953748,-0.864781918105547,0.9999999998789821,-1.555750637621974e-05,-0.9999906697106038,-0.9999906697106038,0.9999906697106038,0.9995544364465833,0.9995875990712245,0.016294585235451717,2.1999999999999926,0,0.022026400278690184,False,
M1_CROSS_BASELINE,4.416666666666656,264,O74,3,C1,214.6951476154427,41.33094053229961,-0.017159202017045346,0.9998527700547407,0.012855455009161134,0.012855455009161134,0.012855455009161134,0.7065866890493944,0.7194356617026506,0.00865904220169594,2.1999999999999926,0,0.3034652462804267,False,
M1_CROSS_BASELINE,4.416666666666656,264,O75,4,C0,214.9954707827433,-43.5958688801828,-0.004627157304503253,-0.9999892946503375,-0.001001629437916398,-0.001001629437916398,0.001001629437916398,0.7157929478711397,0.7158499680390114,0.0020469580735847344,2.1999999999999926,0,0.28926070802449355,False,
M1_CROSS_BASELINE,4.416666666666656,264,O75,4,C2,257.2943234953748,-0.864781918105547,0.9999999998789821,-1.555750637621974e-05,0.9999934840050729,0.9999934840050729,0.9999934840050729,0.006269989307282327,0.009608348471967846,0.017003427536685087,2.1999999999999926,0,0.9938653826250265,True,
M1_CROSS_BASELINE,4.416666666666656,264,O75,4,C1,214.6951476154427,41.33094053229961,-0.017159202017045346,0.9998527700547407,-0.020784091722744633,-0.020784091722744633,0.020784091722744633,0.7200762278920767,0.7204902799795316,0.009367884502929311,2.1999999999999926,0,0.2901676102490728,False,
M1_CROSS_BASELINE,4.416666666666656,264,O76,8,C0,214.9954707827433,-43.5958688801828,-0.004627157304503253,-0.9999892946503375,-0.9999908776268246,-0.9999908776268246,0.9999908776268246,1.0070025493209012,1.0070026386146282,0.0008623654045991424,2.1999999999999926,0,0.0009625632064129697,False,
M1_CROSS_BASELINE,4.416666666666656,264,O76,8,C2,257.2943234953748,-0.864781918105547,0.9999999998789821,-1.555750637621974e-05,0.0003402261210233014,0.0003402261210233014,0.0003402261210233014,0.7042820460370468,0.7182526945247245,0.01409410405850121,2.1999999999999926,0,0.31092372494437115,False,
M1_CROSS_BASELINE,4.416666666666656,264,O76,8,C1,214.6951476154427,41.33094053229961,-0.017159202017045346,0.9998527700547407,0.9998466018099419,0.9998466018099419,0.9998466018099419,0.010243863940487909,0.013913599119043107,0.006458561024745434,2.1999999999999926,0,0.9899018657476779,True,
M1_CROSS_BASELINE,4.516666666666656,270,O77,0,C0,214.9954707827433,-43.5958688801828,-0.004627157304503253,-0.9999892946503375,0.999973278446482,0.999973278446482,0.999973278446482,0.002360938034538622,0.004291525782970648,0.0004724834876138776,2.2999999999999923,0,0.9976568300007805,True,
M1_CROSS_BASELINE,4.516666666666656,270,O77,0,C2,257.2943234953748,-0.864781918105547,0.9999999998789821,-1.555750637621974e-05,0.002698875954380556,0.002698875954380556,0.002698875954380556,0.7136197886520241,0.718681885322385,0.014483985975486476,2.2999999999999923,0,0.30178758845649256,False,
M1_CROSS_BASELINE,4.516666666666656,270,O77,0,C1,214.6951476154427,41.33094053229961,-0.017159202017045346,0.9998527700547407,-0.9998952140834979,-0.9998952140834979,0.9998952140834979,1.0101694884104517,1.0101751878611336,0.006848442941730698,2.2999999999999923,0,0.004201230040699944,False,
M1_CROSS_BASELINE,4.516666666666656,270,O78,2,C0,214.9954707827433,-43.5958688801828,-0.004627157304503253,-0.9999892946503375,-0.0002000681302069861,-0.0002000681302069861,0.0002000681302069861,0.7094879454388516,0.7128765577534543,0.002228225366104585,2.2999999999999923,0,0.2970764096984211,False,
M1_CROSS_BASELINE,4.516666666666656,270,O78,2,C2,257.2943234953748,-0.864781918105547,0.9999999998789821,-1.555750637621974e-05,-0.9999884238687523,-0.9999884238687523,0.9999884238687523,1.0027307667288898,1.0027510689001484,0.012728244096995769,2.2999999999999923,0,0.018918648417636796,False,
M1_CROSS_BASELINE,4.516666666666656,270,O78,2,C1,214.6951476154427,41.33094053229961,-0.017159202017045346,0.9998527700547407,0.021985514581795994,0.021985514581795994,0.021985514581795994,0.7088690067019842,0.7238155596866299,0.005092701063239991,2.2999999999999923,0,0.3012153969856499,False,
M1_CROSS_BASELINE,4.516666666666656,270,O79,3,C0,214.9954707827433,-43.5958688801828,-0.004627157304503253,-0.9999892946503375,-0.0006676097812028979,-0.0006676097812028979,0.0006676097812028979,0.7156823601785396,0.7157979633387428,0.0032613727255449156,2.2999999999999923,0,0.2893705149436223,False,
M1_CROSS_BASELINE,4.516666666666656,270,O79,3,C2,257.2943234953748,-0.864781918105547,0.9999999998789821,-1.555750637621974e-05,0.9999922224165282,0.9999922224165282,0.9999922224165282,0.006336801181864204,0.010126413361786624,0.018217842188645268,2.2999999999999923,0,0.9938000132493262,True,
M1_CROSS_BASELINE,4.516666666666656,270,O79,3,C1,214.6951476154427,41.33094053229961,-0.017159202017045346,0.9998527700547407,-0.02111803817923797,-0.02111803817923797,0.02111803817923797,0.7201417526056594,0.7206103967583191,0.010582299154889492,2.2999999999999923,0,0.2901030176931342,False,
M1_CROSS_BASELINE,4.516666666666656,270,O80,5,C0,214.9954707827433,-43.5958688801828,-0.004627157304503253,-0.9999892946503375,-0.9999982634889499,-0.9999982634889499,0.9999982634889499,1.0074861572775775,1.0074861802387947,0.0004248085117930194,2.2999999999999923,0,0.0,False,
M1_CROSS_BASELINE,4.516666666666656,270,O80,5,C2,257.2943234953748,-0.864781918105547,0.9999999998789821,-1.555750637621974e-05,0.0027480079829515745,0.0027480079829515745,0.0027480079829515745,0.704070655956304,0.7187114453322702,0.015381277974893373,2.2999999999999923,0,0.31113055101674025,False,
M1_CROSS_BASELINE,4.516666666666656,270,O80,5,C1,214.6951476154427,41.33094053229961,-0.017159202017045346,0.9998527700547407,0.9998015313852212,0.9998015313852212,0.9998015313852212,0.010796431528481303,0.015260087726031612,0.007745734941137596,2.2999999999999923,0,0.9893571590120696,True,
M1_CROSS_BASELINE,4.616666666666656,276,O81,0,C0,214.9954707827433,-43.5958688801828,-0.004627157304503253,-0.9999892946503375,0.9999978929021888,0.9999978929021888,0.9999978929021888,0.004242896542974066,0.00456330495785053,0.0028205698392902434,2.399999999999992,0,0.9957988252864437,True,
M1_CROSS_BASELINE,4.616666666666656,276,O81,0,C2,257.2943234953748,-0.864781918105547,0.9999999998789821,-1.555750637621974e-05,-0.002558762548448673,-0.002558762548448673,0.002558762548448673,0.7151881245118731,0.7188730316240676,0.01213589962381011,2.399999999999992,0,0.30025311368403196,False,
M1_CROSS_BASELINE,4.616666666666656,276,O81,0,C1,214.6951476154427,41.33094053229961,-0.017159202017045346,0.9998527700547407,-0.9998052836983687,-0.9998052836983687,0.9998052836983687,1.0135777375572923,1.0135802264775409,0.004500356590054332,2.399999999999992,0,0.0008414668058400743,False,
M1_CROSS_BASELINE,4.616666666666656,276,O82,2,C0,214.9954707827433,-43.5958688801828,-0.004627157304503253,-0.9999892946503375,-9.016005424418438e-06,-9.016005424418438e-06,9.016005424418438e-06,0.706949829693778,0.7109501141456838,0.003553150955825334,2.399999999999992,0,0.29804139183945233,False,
M1_CROSS_BASELINE,4.616666666666656,276,O82,2,C2,257.2943234953748,-0.864781918105547,0.9999999998789821,-1.555750637621974e-05,-0.9999893248974961,-0.9999893248974961,0.9999893248974961,1.002815059858132,1.0028579858184965,0.018509620418925687,2.399999999999992,0,0.018836175215546924,False,
M1_CROSS_BASELINE,4.616666666666656,276,O82,2,C1,214.6951476154427,41.33094053229961,-0.017159202017045346,0.9998527700547407,0.02179450823492638,0.02179450823492638,0.02179450823492638,0.7115181814774612,0.7232562113719009,0.01087407738516991,2.399999999999992,0,0.29860390949459703,False,
M1_CROSS_BASELINE,4.616666666666656,276,O83,3,C0,214.9954707827433,-43.5958688801828,-0.004627157304503253,-0.9999892946503375,-0.006856960801035046,-0.006856960801035046,0.006856960801035046,0.7117319052371823,0.7130638241142249,0.0009601581282227571,2.399999999999992,0,0.29329307880283884,False,
M1_CROSS_BASELINE,4.616666666666656,276,O83,3,C2,257.2943234953748,-0.864781918105547,0.9999999998789821,-1.555750637621974e-05,0.9999974790944638,0.9999974790944638,0.9999974790944638,0.010147345532248195,0.011324840979049462,0.01591662759132311,2.399999999999992,0,0.9900717402915363,True,
M1_CROSS_BASELINE,4.616666666666656,276,O83,3,C1,214.6951476154427,41.33094053229961,-0.017159202017045346,0.9998527700547407,-0.014929648785431168,-0.014929648785431168,0.014929648785431168,0.723095024409932,0.7248451616658653,0.008281084557567334,2.399999999999992,0,0.2871917592718589,False,
M1_CROSS_BASELINE,4.616666666666656,276,O84,5,C0,214.9954707827433,-43.5958688801828,-0.004627157304503253,-0.9999892946503375,-0.9999892882313922,-0.9999892882313922,0.9999892882313922,1.002337562359449,1.00233964814349,0.004078994936777171,2.399999999999992,0,0.004739161638039113,False,
M1_CROSS_BASELINE,4.616666666666656,276,O84,5,C2,257.2943234953748,-0.864781918105547,0.9999999998789821,-1.555750637621974e-05,-1.6944531475172e-05,-1.6944531475172e-05,1.6944531475172e-05,0.7018583788115345,0.7177116501668827,0.019035464399877525,2.399999999999992,0,0.3132950640877271,False,
M1_CROSS_BASELINE,4.616666666666656,276,O84,5,C1,214.6951476154427,41.33094053229961,-0.017159202017045346,0.9998527700547407,0.9998527938540228,0.9998527938540228,0.9998527938540228,0.011955387019270847,0.0157080207268828,0.011399921366121748,2.399999999999992,0,0.988214690876369,True,
M1_CROSS_BASELINE,4.716666666666655,282,O85,0,C0,214.9954707827433,-43.5958688801828,-0.004627157304503253,-0.9999892946503375,0.9999718267536648,0.9999718267536648,0.9999718267536648,0.0018939130371594085,0.004246805819808959,0.0027358713949495054,2.4999999999999916,0,0.9981245531615967,True,
M1_CROSS_BASELINE,4.716666666666655,282,O85,0,C2,257.2943234953748,-0.864781918105547,0.9999999998789821,-1.555750637621974e-05,0.002894827358679866,0.002894827358679866,0.002894827358679866,0.7139824160966644,0.7194965924959329,0.012220598068150849,2.4999999999999916,0,0.3014327903039745,False,
M1_CROSS_BASELINE,4.716666666666655,282,O85,0,C1,214.6951476154427,41.33094053229961,-0.017159202017045346,0.9998527700547407,-0.9998980315329754,-0.9998980315329754,0.9998980315329754,1.0101712169451005,1.0101737398413866,0.00458505503439507,2.4999999999999916,0,0.00419952609626606,False,
M1_CROSS_BASELINE,4.716666666666655,282,O86,2,C0,214.9954707827433,-43.5958688801828,-0.004627157304503253,-0.9999892946503375,8.262170685983776e-06,8.262170685983776e-06,8.262170685983776e-06,0.710516573572839,0.7131189974331072,0.001868260722529515,2.4999999999999916,0,0.29580615910116204,False,
M1_CROSS_BASELINE,4.716666666666655,282,O86,2,C2,257.2943234953748,-0.864781918105547,0.9999999998789821,-1.555750637621974e-05,-0.9999894045840448,-0.9999894045840448,0.9999894045840448,1.0044808956267541,1.004502319603809,0.013088208740570838,2.4999999999999916,0,0.017206305601866423,False,
M1_CROSS_BASELINE,4.716666666666655,282,O86,2,C1,214.6951476154427,41.33094053229961,-0.017159202017045346,0.9998527700547407,0.02177723415962274,0.02177723415962274,0.02177723415962274,0.7102969023354908,0.7234937841047426,0.005452665706815061,2.4999999999999916,0,0.2998078146622978,False,
M1_CROSS_BASELINE,4.716666666666655,282,O87,3,C0,214.9954707827433,-43.5958688801828,-0.004627157304503253,-0.9999892946503375,-0.0054541879387696,-0.0054541879387696,0.0054541879387696,0.7134307919268152,0.7134917263694287,0.006266949856898087,2.4999999999999916,0,0.2916061866274863,False,
M1_CROSS_BASELINE,4.716666666666655,282,O87,3,C2,257.2943234953748,-0.864781918105547,0.9999999998789821,-1.555750637621974e-05,0.9999996450137608,0.9999996450137608,0.9999996450137608,0.006506740497654427,0.011139894744856623,0.02122341931999844,2.4999999999999916,0,0.9936337430009661,True,
M1_CROSS_BASELINE,4.716666666666655,282,O87,3,C1,214.6951476154427,41.33094053229961,-0.017159202017045346,0.9998527700547407,-0.01633227684332395,-0.01633227684332395,0.01633227684332395,0.7198664610497312,0.7216106806269338,0.013587876286242664,2.4999999999999916,0,0.2903743929384951,False,
M1_CROSS_BASELINE,4.716666666666655,282,O88,5,C0,214.9954707827433,-43.5958688801828,-0.004627157304503253,-0.9999892946503375,-0.99999983906706,-0.99999983906706,0.99999983906706,1.0057878452455995,1.0057887807683659,0.0027428696547776524,2.4999999999999916,0,0.0013132385091355614,False,
M1_CROSS_BASELINE,4.716666666666655,282,O88,5,C2,257.2943234953748,-0.864781918105547,0.9999999998789821,-1.555750637621974e-05,0.0051789254148077194,0.0051789254148077194,0.0051789254148077194,0.7050168772555503,0.7200120863581548,0.017699339117878004,2.4999999999999916,0,0.31020475906743283,False,
M1_CROSS_BASELINE,4.716666666666655,282,O88,5,C1,214.6951476154427,41.33094053229961,-0.017159202017045346,0.9998527700547407,0.999750147446522,0.999750147446522,0.999750147446522,0.00888842093291936,0.01513708635366638,0.010063796084122228,2.4999999999999916,0,0.9912380261595416,True,
M1_CROSS_BASELINE,4.816666666666655,288,O89,1,C0,214.9954707827433,-43.5958688801828,-0.004627157304503253,-0.9999892946503375,0.999985659608256,0.999985659608256,0.999985659608256,0.006612229387046091,0.007550752937218342,0.006206517761058923,2.599999999999991,0,0.9934344544090495,True,
M1_CROSS_BASELINE,4.816666666666655,288,O89,1,C2,257.2943234953748,-0.864781918105547,0.9999999998789821,-1.555750637621974e-05,0.0007438343062257094,0.0007438343062257094,0.0007438343062257094,0.709953814108943,0.7155745921266398,0.021162987224159276,2.599999999999991,0,0.30537441293513656,False,
M1_CROSS_BASELINE,4.816666666666655,288,O89,1,C1,214.6951476154427,41.33094053229961,-0.017159202017045346,0.9998527700547407,-0.9998650015490036,-0.9998650015490036,0.9998650015490036,1.009115098582973,1.0091378131218118,0.0135274441904035,2.599999999999991,0,0.005240620069112967,False,
M1_CROSS_BASELINE,4.816666666666655,288,O90,3,C0,214.9954707827433,-43.5958688801828,-0.004627157304503253,-0.9999892946503375,0.01365852557960872,0.01365852557960872,0.01365852557960872,0.7088056364007906,0.7171009163935337,0.0028423342118342717,2.599999999999991,0,0.29619868753661105,False,
M1_CROSS_BASELINE,4.816666666666655,288,O90,3,C2,257.2943234953748,-0.864781918105547,0.9999999998789821,-1.555750637621974e-05,-0.9999590731530644,-0.9999590731530644,0.9999590731530644,1.0022441535673594,1.0022836447527543,0.017798803674934624,2.599999999999991,0,0.019394755378799755,False,
M1_CROSS_BASELINE,4.816666666666655,288,O90,3,C1,214.6951476154427,41.33094053229961,-0.017159202017045346,0.9998527700547407,0.008128178201651737,0.008128178201651737,0.008128178201651737,0.7088679859104147,0.7168847360508235,0.010163260641178848,2.599999999999991,0,0.3012164032553908,False,
M1_CROSS_BASELINE,4.816666666666655,288,O91,7,C0,214.9954707827433,-43.5958688801828,-0.004627157304503253,-0.9999892946503375,-0.004792318403418229,-0.004792318403418229,0.004792318403418229,0.7134867534854874,0.7135357394922404,0.007110777480069227,2.599999999999991,0,0.2915506201697463,False,
M1_CROSS_BASELINE,4.816666666666655,288,O91,7,C2,257.2943234953748,-0.864781918105547,0.9999999998789821,-1.555750637621974e-05,0.9999999836700619,0.9999999836700619,0.9999999836700619,0.007097088324101035,0.01166543041888024,0.02206724694316958,2.599999999999991,0,0.9930561410536722,True,
M1_CROSS_BASELINE,4.816666666666655,288,O91,7,C1,214.6951476154427,41.33094053229961,-0.017159202017045346,0.9998527700547407,-0.01699406316977982,-0.01699406316977982,0.01699406316977982,0.7205142432181377,0.7221478027244335,0.014431703909413804,2.599999999999991,0,0.28973582614955373,False,
M1_CROSS_BASELINE,4.816666666666655,288,O92,9,C0,214.9954707827433,-43.5958688801828,-0.004627157304503253,-0.9999892946503375,-0.9999993241701235,-0.9999993241701235,0.9999993241701235,1.0040816045817347,1.0040825168878567,0.0027043160088099953,2.599999999999991,0,0.005677410566983676,False,
M1_CROSS_BASELINE,4.816666666666655,288,O92,9,C2,257.2943234953748,-0.864781918105547,0.9999999998789821,-1.555750637621974e-05,0.0034490003779424896,0.0034490003779424896,0.0034490003779424896,0.7051695586870615,0.7212155938751956,0.012252153454290357,2.599999999999991,0,0.3100553740977492,False,
M1_CROSS_BASELINE,4.816666666666655,288,O92,9,C1,214.6951476154427,41.33094053229961,-0.017159202017045346,0.9998527700547407,0.9997873202929595,0.9997873202929595,0.9997873202929595,0.00872505500715895,0.012975574343063925,0.00461661042053458,2.599999999999991,0,0.9913990680339912,True,
M1_CROSS_BASELINE,4.9166666666666545,294,O93,1,C0,214.9954707827433,-43.5958688801828,-0.004627157304503253,-0.9999892946503375,0.9999383013274763,0.9999383013274763,0.9999383013274763,0.004629268560313211,0.007240226226081387,0.00040958120422661723,2.699999999999991,0,0.9954052837182473,True,
M1_CROSS_BASELINE,4.9166666666666545,294,O93,1,C2,257.2943234953748,-0.864781918105547,0.9999999998789821,-1.555750637621974e-05,0.0064968308612774524,0.0064968308612774524,0.0064968308612774524,0.7132681761545334,0.719913294378612,0.014546888258873736,2.699999999999991,0,0.30213160947960016,False,
M1_CROSS_BASELINE,4.9166666666666545,294,O93,1,C1,214.6951476154427,41.33094053229961,-0.017159202017045346,0.9998527700547407,-0.9999429829567049,-0.9999429829567049,0.9999429829567049,1.0119971154815388,1.0120029454723878,0.006911345225117958,2.699999999999991,0,0.0023996028779189604,False,
M1_CROSS_BASELINE,4.9166666666666545,294,O94,4,C0,214.9954707827433,-43.5958688801828,-0.004627157304503253,-0.9999892946503375,0.0008906202954698508,0.0008906202954698508,0.0008906202954698508,0.7045636977761817,0.7123228896067861,0.0005755561513475914,2.699999999999991,0,0.300410677140064,False,
M1_CROSS_BASELINE,4.9166666666666545,294,O94,4,C2,257.2943234953748,-0.864781918105547,0.9999999998789821,-1.555750637621974e-05,-0.9999930771027561,-0.9999930771027561,0.9999930771027561,1.000938441227473,1.0009687326207901,0.015532025614447945,2.699999999999991,0,0.02067227679301975,False,
M1_CROSS_BASELINE,4.9166666666666545,294,O94,4,C1,214.6951476154427,41.33094053229961,-0.017159202017045346,0.9998527700547407,0.020895076807263352,0.020895076807263352,0.020895076807263352,0.71127129058826,0.7242216988891338,0.007896482580692168,2.699999999999991,0,0.2988472881024459,False,
M1_CROSS_BASELINE,4.9166666666666545,294,O95,9,C0,214.9954707827433,-43.5958688801828,-0.004627157304503253,-0.9999892946503375,-0.0039035593164979104,-0.0039035593164979104,0.0039035593164979104,0.7165500473753985,0.7165500689284483,0.00237878247095952,2.699999999999991,0,0.288508953809518,False,
M1_CROSS_BASELINE,4.9166666666666545,294,O95,9,C2,257.2943234953748,-0.864781918105547,0.9999999998789821,-1.555750637621974e-05,0.999999749334677,0.999999749334677,0.999999749334677,0.006475907809791545,0.010218893701561356,0.017335251934059874,2.699999999999991,0,0.9936639099970184,True,
M1_CROSS_BASELINE,4.9166666666666545,294,O95,9,C1,214.6951476154427,41.33094053229961,-0.017159202017045346,0.9998527700547407,-0.017882695511528005,-0.017882695511528005,0.017882695511528005,0.720240446973808,0.7207507593397023,0.009699708900304096,2.699999999999991,0,0.29000572735568897,False,
M1_CROSS_BASELINE,4.9166666666666545,294,O96,13,C0,214.9954707827433,-43.5958688801828,-0.004627157304503253,-0.9999892946503375,-0.9999563858040745,-0.9999563858040745,0.9999563858040745,1.0047213006625155,1.00472220634007,0.0026343611975194322,2.699999999999991,0,0.0023722530525114305,False,
M1_CROSS_BASELINE,4.9166666666666545,294,O96,13,C2,257.2943234953748,-0.864781918105547,0.9999999998789821,-1.555750637621974e-05,-0.004728014136870845,-0.004728014136870845,0.004728014136870845,0.7019975476514697,0.7153015570822661,0.017590830660619786,2.699999999999991,0,0.31315889996659685,False,
M1_CROSS_BASELINE,4.9166666666666545,294,O96,13,C1,214.6951476154427,41.33094053229961,-0.017159202017045346,0.9998527700547407,0.9999225300016191,0.9999225300016191,0.9999225300016191,0.012138205955268497,0.01452729821208318,0.009955287626864009,2.699999999999991,0,0.9880344727311169,True,
M1_CROSS_BASELINE,5.016666666666654,300,O97,0,C0,214.9954707827433,-43.5958688801828,-0.004627157304503253,-0.9999892946503375,0.9999996379428984,0.9999996379428984,0.9999996379428984,0.008093654997690115,0.008100787506490124,0.0035337374115437725,2.7999999999999905,0,0.9919634879895634,True,
M1_CROSS_BASELINE,5.016666666666654,300,O97,0,C2,257.2943234953748,-0.864781918105547,0.9999999998789821,-1.555750637621974e-05,-0.0037606584182465776,-0.0037606584182465776,0.0037606584182465776,0.7104632155048292,0.7158130860585723,0.018490206874644127,2.7999999999999905,0,0.30487600974800355,False,
M1_CROSS_BASELINE,5.016666666666654,300,O97,0,C1,214.6951476154427,41.33094053229961,-0.017159202017045346,0.9998527700547407,-0.9997808443261093,-0.9997808443261093,0.9997808443261093,1.0115726259307602,1.011587459957052,0.010854663840888349,2.7999999999999905,0,0.002818053620468053,False,
M1_CROSS_BASELINE,5.016666666666654,300,O98,2,C0,214.9954707827433,-43.5958688801828,-0.004627157304503253,-0.9999892946503375,0.017105921565248774,0.017105921565248774,0.017105921565248774,0.7093724521542116,0.7181139839434286,0.0034153924357337388,2.7999999999999905,0,0.2956358736272745,False,
M1_CROSS_BASELINE,5.016666666666654,300,O98,2,C2,257.2943234953748,-0.864781918105547,0.9999999998789821,-1.555750637621974e-05,-0.9999219367588582,-0.9999219367588582,0.9999219367588582,1.0035402604928274,1.0035823465796327,0.01837186189883409,2.7999999999999905,0,0.01812663199371456,False,
M1_CROSS_BASELINE,5.016666666666654,300,O98,2,C1,214.6951476154427,41.33094053229961,-0.017159202017045346,0.9998527700547407,0.004680445000527044,0.004680445000527044,0.004680445000527044,0.7101185581105603,0.715276053201845,0.010736318865078314,2.7999999999999905,0,0.2999836217539321,False,
M1_CROSS_BASELINE,5.016666666666654,300,O99,3,C0,214.9954707827433,-43.5958688801828,-0.004627157304503253,-0.9999892946503375,-0.006869549083056985,-0.006869549083056985,0.006869549083056985,0.7133002068835544,0.7142221568665098,0.0024087611105516075,2.7999999999999905,0,0.29173584971157485,False,
M1_CROSS_BASELINE,5.016666666666654,300,O99,3,C2,257.2943234953748,-0.864781918105547,0.9999999998789821,-1.555750637621974e-05,0.9999974507488798,0.9999974507488798,0.9999974507488798,0.010143361833402703,0.012091817482847276,0.01736523057365196,2.7999999999999905,0,0.9900756379805046,True,
M1_CROSS_BASELINE,5.016666666666654,300,O99,3,C1,214.6951476154427,41.33094053229961,-0.017159202017045346,0.9998527700547407,-0.014917061608775223,-0.014917061608775223,0.014917061608775223,0.7236283209156568,0.7250002211332623,0.009729687539896184,2.7999999999999905,0,0.2866660494672004,False,
M1_CROSS_BASELINE,5.016666666666654,300,O100,5,C0,214.9954707827433,-43.5958688801828,-0.004627157304503253,-0.9999892946503375,-0.9999980856929358,-0.9999980856929358,0.9999980856929358,1.0036862068992054,1.0036918660653626,0.006735121120128339,2.7999999999999905,0,0.010020595079313077,False,
M1_CROSS_BASELINE,5.016666666666654,300,O100,5,C2,257.2943234953748,-0.864781918105547,0.9999999998789821,-1.555750637621974e-05,0.0026549284054781653,0.0026549284054781653,0.0026549284054781653,0.7056082551879399,0.7221050139197858,0.008221348342972015,2.7999999999999905,0,0.3096261492546537,False,
M1_CROSS_BASELINE,5.016666666666654,300,O100,5,C1,214.6951476154427,41.33094053229961,-0.017159202017045346,0.9998527700547407,0.9998033814197148,0.9998033814197148,0.9998033814197148,0.008496118367563355,0.011554784626119897,0.0005858053092162374,2.7999999999999905,0,0.9916247478102302,True,
M1_CROSS_BASELINE,5.116666666666654,306,O101,1,C0,214.9954707827433,-43.5958688801828,-0.004627157304503253,-0.9999892946503375,0.9999654300372667,0.9999654300372667,0.9999654300372667,0.0012721733159459867,0.005011571070803572,0.005252660448350964,2.89999999999999,0,0.9987433625951861,True,
M1_CROSS_BASELINE,5.116666666666654,306,O101,1,C2,257.2943234953748,-0.864781918105547,0.9999999998789821,-1.555750637621974e-05,0.0037034412992011452,0.0037034412992011452,0.0037034412992011452,0.7146218586760602,0.7206316611821517,0.00970380901474939,2.89999999999999,0,0.3008071535818667,False,
M1_CROSS_BASELINE,5.116666666666654,306,O101,1,C1,214.6951476154427,41.33094053229961,-0.017159202017045346,0.9998527700547407,-0.9999092519338347,-0.9999092519338347,0.9999092519338347,1.0105778040589222,1.0105782939914003,0.002068265980993612,2.89999999999999,0,0.0037987231097672547,False,
M1_CROSS_BASELINE,5.116666666666654,306,O102,3,C0,214.9954707827433,-43.5958688801828,-0.004627157304503253,-0.9999892946503375,0.002391385338999089,0.002391385338999089,0.002391385338999089,0.7119584090564072,0.7147670601884533,0.0016796826504958738,2.89999999999999,0,0.2942452486659315,False,
M1_CROSS_BASELINE,5.116666666666654,306,O102,3,C2,257.2943234953748,-0.864781918105547,0.9999999998789821,-1.555750637621974e-05,-0.999997535293291,-0.999997535293291,0.999997535293291,1.0074409107606528,1.0074628313866565,0.013276786812604479,2.89999999999999,0,0.014310198546387265,False,
M1_CROSS_BASELINE,5.116666666666654,306,O102,3,C1,214.6951476154427,41.33094053229961,-0.017159202017045346,0.9998527700547407,0.0193946142908479,0.0193946142908479,0.0193946142908479,0.7130189003352181,0.7223427162753455,0.005641243778848702,2.89999999999999,0,0.29712453993359345,False,
M1_CROSS_BASELINE,5.116666666666654,306,O103,7,C0,214.9954707827433,-43.5958688801828,-0.004627157304503253,-0.9999892946503375,-0.005443515830025134,-0.005443515830025134,0.005443515830025134,0.7136809283429907,0.7136975079681471,0.007110574960240257,2.89999999999999,0,0.2913578162295122,False,
M1_CROSS_BASELINE,5.116666666666654,306,O103,7,C2,257.2943234953748,-0.864781918105547,0.9999999998789821,-1.555750637621974e-05,0.9999996539492492,0.9999996539492492,0.9999996539492492,0.00721856688568797,0.011840051344275127,0.02206704442334061,2.89999999999999,0,0.9929372852697027,True,
M1_CROSS_BASELINE,5.116666666666654,306,O103,7,C1,214.6951476154427,41.33094053229961,-0.017159202017045346,0.9998527700547407,-0.016342947686096437,-0.016342947686096437,0.016342947686096437,0.7207046947907869,0.7223541027515625,0.014431501389584833,2.89999999999999,0,0.2895480839498964,False,
M1_CROSS_BASELINE,5.116666666666654,306,O104,9,C0,214.9954707827433,-43.5958688801828,-0.004627157304503253,-0.9999892946503375,-0.9999999274655216,-0.9999999274655216,0.9999999274655216,1.0048621953141363,1.0048627894736195,0.002186627173905043,2.89999999999999,0,0.004394002043168532,False,
M1_CROSS_BASELINE,5.116666666666654,306,O104,9,C2,257.2943234953748,-0.864781918105547,0.9999999998789821,-1.555750637621974e-05,0.004992474761931454,0.004992474761931454,0.004992474761931454,0.7055701962061308,0.7215955404619249,0.01276984228919531,2.89999999999999,0,0.30966338652566616,False,
M1_CROSS_BASELINE,5.116666666666654,306,O104,9,C1,214.6951476154427,41.33094053229961,-0.017159202017045346,0.9998527700547407,0.9997542977957262,0.9997542977957262,0.9997542977957262,0.008253336417455513,0.013551106437468994,0.0051342992554395325,2.89999999999999,0,0.9918640759329457,True,
M1_CROSS_BASELINE,5.2166666666666535,312,O105,0,C0,214.9954707827433,-43.5958688801828,-0.004627157304503253,-0.9999892946503375,0.9473041391139172,0.9473041391139172,0.9473041391139172,0.17656538279167547,0.17661748013129303,0.05961537951414136,2.99999999999999,0,0.8344791298431689,True,
M1_CROSS_BASELINE,5.2166666666666535,312,O105,0,C2,257.2943234953748,-0.864781918105547,0.9999999998789821,-1.555750637621974e-05,-0.324700736795197,-0.324700736795197,0.324700736795197,0.8491600537932317,0.8911208036994079,0.044658910051041,2.99999999999999,0,0.2039565809334627,False,
M1_CROSS_BASELINE,5.2166666666666535,312,O105,0,C1,214.6951476154427,41.33094053229961,-0.017159202017045346,0.9998527700547407,-0.9401006450471395,-0.9401006450471395,0.9401006450471395,1.187600153015112,1.1876055672981214,0.05229445308479678,2.99999999999999,0,0.0,False,
M1_CROSS_BASELINE,5.2166666666666535,312,O106,1,C0,214.9954707827433,-43.5958688801828,-0.004627157304503253,-0.9999892946503375,0.9999997473230187,0.9999997473230187,0.9999997473230187,0.007057618054498986,0.007327104613865078,0.004921843975524658,2.99999999999999,0,0.993026291457572,True,
M1_CROSS_BASELINE,5.2166666666666535,312,O106,1,C2,257.2943234953748,-0.864781918105547,0.9999999998789821,-1.555750637621974e-05,-0.005322473718882521,-0.005322473718882521,0.005322473718882521,0.717586578976579,0.72183042818198,0.010034625487575695,2.99999999999999,0,0.2979064429464633,False,
M1_CROSS_BASELINE,5.2166666666666535,312,O106,1,C1,214.6951476154427,41.33094053229961,-0.017159202017045346,0.9998527700547407,-0.9997469284110126,-0.9997469284110126,0.9997469284110126,1.0171221130023829,1.017122835955399,0.0023990824538199177,2.99999999999999,0,0.0,False,
M1_CROSS_BASELINE,5.2166666666666535,312,O107,3,C0,214.9954707827433,-43.5958688801828,-0.004627157304503253,-0.9999892946503375,0.0031916795958270286,0.0031916795958270286,0.0031916795958270286,0.7102005077011997,0.7155279431123601,0.005023323957985326,2.99999999999999,0,0.29831357670407066,False,
M1_CROSS_BASELINE,5.2166666666666535,312,O107,3,C2,257.2943234953748,-0.864781918105547,0.9999999998789821,-1.555750637621974e-05,-0.9999989918977279,-0.9999989918977279,0.9999989918977279,1.0052461222748605,1.0052584145980918,0.009933145505115027,2.99999999999999,0,0.016457600546530227,False,
M1_CROSS_BASELINE,5.2166666666666535,312,O107,3,C1,214.6951476154427,41.33094053229961,-0.017159202017045346,0.9998527700547407,0.0185944612994725,0.0185944612994725,0.0185944612994725,0.711686319193279,0.7232590777809501,0.0022976024713592495,2.99999999999999,0,0.29843816371379883,False,
M1_CROSS_BASELINE,5.2166666666666535,312,O108,5,C0,214.9954707827433,-43.5958688801828,-0.004627157304503253,-0.9999892946503375,-0.0017253908378075033,-0.0017253908378075033,0.0017253908378075033,0.604791126225802,0.8865879190138073,0.34724398227549036,2.99999999999999,0,0.5534469230732169,False,
M1_CROSS_BASELINE,5.2166666666666535,312,O108,5,C2,257.2943234953748,-0.864781918105547,0.9999999998789821,-1.555750637621974e-05,0.9999958348566244,0.9999958348566244,0.9999958348566244,0.1813406441906152,0.18202712139784533,0.33228751281239,2.99999999999999,0,0.8661054715856221,True,
M1_CROSS_BASELINE,5.2166666666666535,312,O108,5,C1,214.6951476154427,41.33094053229961,-0.017159202017045346,0.9998527700547407,-0.020060480595459822,-0.020060480595459822,0.020060480595459822,0.8541221379861901,0.8543166397963046,0.3399230558461458,2.99999999999999,0,0.36935108296113806,False,
M1_CROSS_BASELINE,5.2166666666666535,312,O109,7,C0,214.9954707827433,-43.5958688801828,-0.004627157304503253,-0.9999892946503375,-0.00380417597796688,-0.00380417597796688,0.00380417597796688,0.7127853309938459,0.7172975434963794,0.006258533134649825,2.99999999999999,0,0.2966181490163521,False,
M1_CROSS_BASELINE,5.2166666666666535,312,O109,7,C2,257.2943234953748,-0.864781918105547,0.9999999998789821,-1.555750637621974e-05,0.9999996740274817,0.9999996740274817,0.9999996740274817,0.01258080883540261,0.012736745880417363,0.008697936328450527,2.99999999999999,0,0.9876908165723279,True,
M1_CROSS_BASELINE,5.2166666666666535,312,O109,7,C1,214.6951476154427,41.33094053229961,-0.017159202017045346,0.9998527700547407,-0.01798206360733724,-0.01798206360733724,0.01798206360733724,0.7260055385885946,0.7265405010266429,0.0010623932946947502,2.99999999999999,0,0.28432265020420944,False,
M1_CROSS_BASELINE,5.2166666666666535,312,O110,9,C0,214.9954707827433,-43.5958688801828,-0.004627157304503253,-0.9999892946503375,-0.9999998710680553,-0.9999998710680553,0.9999998710680553,1.0066986155599318,1.0067009081313247,0.004297091450632131,2.99999999999999,0,0.004655786381543292,False,
M1_CROSS_BASELINE,5.2166666666666535,312,O110,9,C2,257.2943234953748,-0.864781918105547,0.9999999998789821,-1.555750637621974e-05,0.004103801783024817,0.004103801783024817,0.004103801783024817,0.7048345678924416,0.7209375843789124,0.010659378012468222,2.99999999999999,0,0.3103831322881412,False,
M1_CROSS_BASELINE,5.2166666666666535,312,O110,9,C1,214.6951476154427,41.33094053229961,-0.017159202017045346,0.9998527700547407,0.9997736017920261,0.9997736017920261,0.9997736017920261,0.009396252103834638,0.014165395479387626,0.003023834978712445,2.99999999999999,0,0.9907374194186469,True,
M1_CROSS_BASELINE,5.316666666666653,318,O111,1,C0,214.9954707827433,-43.5958688801828,-0.004627157304503253,-0.9999892946503375,0.004136202542368445,0.004136202542368445,0.004136202542368445,0.7093985572963168,0.7164122876816768,0.006935518919989748,3.0999999999999894,0,0.3004275949779055,False,
M1_CROSS_BASELINE,5.316666666666653,318,O111,1,C2,257.2943234953748,-0.864781918105547,0.9999999998789821,-1.555750637621974e-05,-0.999999886996484,-0.999999886996484,0.999999886996484,1.0043950787614744,1.0044030914446214,0.008020950543110604,3.0999999999999894,0,0.017290269641836886,False,
M1_CROSS_BASELINE,5.316666666666653,318,O111,1,C1,214.6951476154427,41.33094053229961,-0.017159202017045346,0.9998527700547407,0.017650087125433214,0.017650087125433214,0.017650087125433214,0.7112914208628155,0.723579727617098,0.00038540750935482713,3.0999999999999894,0,0.29882744420211893,False,
M1_CROSS_BASELINE,5.316666666666653,318,O112,2,C0,214.9954707827433,-43.5958688801828,-0.004627157304503253,-0.9999892946503375,-0.9999971671677657,-0.9999971671677657,0.9999971671677657,1.0059125592565419,1.0059208297211026,0.00815527073631474,3.0999999999999894,0,0.00921249775884525,False,
M1_CROSS_BASELINE,5.316666666666653,318,O112,2,C2,257.2943234953748,-0.864781918105547,0.9999999998789821,-1.555750637621974e-05,0.0069918255339357855,0.0069918255339357855,0.0069918255339357855,0.7026454922189087,0.7230549890461275,0.006801198726785614,3.0999999999999894,0,0.3125249448182501,False,
M1_CROSS_BASELINE,5.316666666666653,318,O112,2,C1,214.6951476154427,41.33094053229961,-0.017159202017045346,0.9998527700547407,0.999707980567605,0.999707980567605,0.999707980567605,0.011807143647730703,0.016520511064694966,0.0008343443069701637,3.0999999999999894,0,0.9883703903925966,True,
M1_CROSS_BASELINE,5.416666666666653,324,O113,0,C0,214.9954707827433,-43.5958688801828,-0.004627157304503253,-0.9999892946503375,0.9999256524295065,0.9999256524295065,0.9999256524295065,0.0035835241890613545,0.0070454734170758,0.000943766513578515,3.199999999999989,0,0.9964451075826017,True,
M1_CROSS_BASELINE,5.416666666666653,324,O113,0,C2,257.2943234953748,-0.864781918105547,0.9999999998789821,-1.555750637621974e-05,0.007582448292355478,0.007582448292355478,0.007582448292355478,0.7145534746956563,0.7205042395931601,0.014012702949521838,3.199999999999989,0,0.3008740611209063,False,
M1_CROSS_BASELINE,5.416666666666653,324,O113,0,C1,214.6951476154427,41.33094053229961,-0.017159202017045346,0.9998527700547407,-0.9999539867538515,-0.9999539867538515,0.9999539867538515,1.0125401360000097,1.012545071056383,0.0063771599157660605,3.199999999999989,0,0.0018643073947750555,False,
M1_CROSS_BASELINE,5.416666666666653,324,O114,2,C0,214.9954707827433,-43.5958688801828,-0.004627157304503253,-0.9999892946503375,0.0052586120745555295,0.0052586120745555295,0.0052586120745555295,0.7093784041490948,0.7171311238602369,0.007766597407648845,3.199999999999989,0,0.3010203295776922,False,
M1_CROSS_BASELINE,5.416666666666653,324,O114,2,C2,257.2943234953748,-0.864781918105547,0.9999999998789821,-1.555750637621974e-05,-0.9999997906825666,-0.9999997906825666,0.9999997906825666,1.0046503096761725,1.0046567339428016,0.007189872055451508,3.199999999999989,0,0.017040549279137118,False,
M1_CROSS_BASELINE,5.416666666666653,324,O114,2,C1,214.6951476154427,41.33094053229961,-0.017159202017045346,0.9998527700547407,0.016527829113549553,0.016527829113549553,0.016527829113549553,0.711669683994674,0.7234268001542007,0.00044567097830426947,3.199999999999989,0,0.2987626374602823,False,
M1_CROSS_BASELINE,5.416666666666653,324,O115,5,C0,214.9954707827433,-43.5958688801828,-0.004627157304503253,-0.9999892946503375,-0.9999967386067216,-0.9999967386067216,0.9999967386067216,1.0059602897677051,1.0059609685593518,0.002343948602672238,3.199999999999989,0,0.0034613553347820902,False,
M1_CROSS_BASELINE,5.416666666666653,324,O115,5,C2,257.2943234953748,-0.864781918105547,0.9999999998789821,-1.555750637621974e-05,0.007165530342555143,0.007165530342555143,0.007165530342555143,0.7053326375282309,0.7220544525826105,0.012612520860428115,3.199999999999989,0,0.3098958162032299,False,
M1_CROSS_BASELINE,5.416666666666653,324,O115,5,C1,214.6951476154427,41.33094053229961,-0.017159202017045346,0.9998527700547407,0.9997037677798455,0.9997037677798455,0.9997037677798455,0.008565851877280626,0.014891362700489857,0.004976977826672338,3.199999999999989,0,0.991556006332688,True,
M1_CROSS_BASELINE,5.516666666666652,330,O116,0,C0,214.9954707827433,-43.5958688801828,-0.004627157304503253,-0.9999892946503375,0.9999243420798556,0.9999243420798556,0.9999243420798556,0.00708494695499115,0.010341331259871332,0.00961696094706287,3.2999999999999887,0,0.993031615870914,True,
M1_CROSS_BASELINE,5.516666666666652,330,O116,0,C2,257.2943234953748,-0.864781918105547,0.9999999998789821,-1.555750637621974e-05,0.0076894358426309985,0.0076894358426309985,0.0076894358426309985,0.7120661942827894,0.7241250706003418,0.005339508516037483,3.2999999999999887,0,0.30330764001385313,False,
M1_CROSS_BASELINE,5.516666666666652,330,O116,0,C1,214.6951476154427,41.33094053229961,-0.017159202017045346,0.9998527700547407,-0.9999550073850003,-0.9999550073850003,0.9999550073850003,1.0126570053955597,1.012657667445934,0.0022960345177182938,3.2999999999999887,0,0.004003410408746189,False,
M1_CROSS_BASELINE,5.516666666666652,330,O117,2,C0,214.9954707827433,-43.5958688801828,-0.004627157304503253,-0.9999892946503375,0.006626060024461417,0.006626060024461417,0.006626060024461417,0.7101522574228588,0.7176981808002386,0.007538240372053534,3.2999999999999887,0,0.300100336052464,False,
M1_CROSS_BASELINE,5.516666666666652,330,O117,2,C2,257.2943234953748,-0.864781918105547,0.9999999998789821,-1.555750637621974e-05,-0.9999979709112718,-0.9999979709112718,0.9999979709112718,1.0060349584485728,1.006041773712654,0.0074182290910468195,3.2999999999999887,0,0.015685795706027128,False,
M1_CROSS_BASELINE,5.516666666666652,330,O117,2,C1,214.6951476154427,41.33094053229961,-0.017159202017045346,0.9998527700547407,0.015160528674358013,0.015160528674358013,0.015160528674358013,0.7128426635961086,0.7228093201525433,0.00021731394270895792,3.2999999999999887,0,0.2974487717479677,False,
M1_CROSS_BASELINE,5.516666666666652,330,O118,5,C0,214.9954707827433,-43.5958688801828,-0.004627157304503253,-0.9999892946503375,-0.9999977489880333,-0.9999977489880333,0.9999977489880333,1.0057604514864973,1.0057665958635933,0.0070357901410937574,3.2999999999999887,0,0.00826878806316389,False,
M1_CROSS_BASELINE,5.516666666666652,330,O118,5,C2,257.2943234953748,-0.864781918105547,0.9999999998789821,-1.555750637621974e-05,0.006733363162833262,0.006733363162833262,0.006733363162833262,0.7049989358959797,0.7230545250066903,0.007920679322006595,3.2999999999999887,0,0.31022231306485737,False,
M1_CROSS_BASELINE,5.516666666666652,330,O118,5,C1,214.6951476154427,41.33094053229961,-0.017159202017045346,0.9998527700547407,0.9997141930986474,0.9997141930986474,0.9997141930986474,0.008903077760538858,0.014381925018524562,0.00028513628825081803,3.2999999999999887,0,0.9912235778406383,True,
M1_CROSS_BASELINE,5.616666666666652,336,O119,0,C0,214.9954707827433,-43.5958688801828,-0.004627157304503253,-0.9999892946503375,0.9999301024862641,0.9999301024862641,0.9999301024862641,0.0054428939969318356,0.009393206876520772,0.010409520946947535,3.3999999999999884,0,0.9946508232711432,True,
M1_CROSS_BASELINE,5.616666666666652,336,O119,0,C2,257.2943234953748,-0.864781918105547,0.9999999998789821,-1.555750637621974e-05,0.007211884765787097,0.007211884765787097,0.007211884765787097,0.7130325286366296,0.7240962558901474,0.00454694851615282,3.3999999999999884,0,0.30236216925998494,False,
M1_CROSS_BASELINE,5.616666666666652,336,O119,0,C1,214.6951476154427,41.33094053229961,-0.017159202017045346,0.9998527700547407,-0.9999503632060862,-0.9999503632060862,0.9999503632060862,1.0124009534716885,1.0124021579326405,0.003088594517602958,3.3999999999999884,0,0.005030848729371651,False,
M1_CROSS_BASELINE,5.616666666666652,336,O120,1,C0,214.9954707827433,-43.5958688801828,-0.004627157304503253,-0.9999892946503375,0.008289228455749953,0.008289228455749953,0.008289228455749953,0.7119796176163957,0.7182516289887179,0.005997429692719267,3.3999999999999884,0,0.29723215862497865,False,
M1_CROSS_BASELINE,5.616666666666652,336,O120,1,C2,257.2943234953748,-0.864781918105547,0.9999999998789821,-1.555750637621974e-05,-0.9999932372429542,-0.9999932372429542,0.9999932372429542,1.008906725163953,1.0089166256951752,0.008959039770381086,3.3999999999999884,0,0.012876031745412297,False,
M1_CROSS_BASELINE,5.616666666666652,336,O120,1,C1,214.6951476154427,41.33094053229961,-0.017159202017045346,0.9998527700547407,0.013497484746203037,0.013497484746203037,0.013497484746203037,0.7150623063123258,0.7217520354617929,0.001323496736625309,3.3999999999999884,0,0.29511020354561424,False,
M1_CROSS_BASELINE,5.716666666666652,342,O121,0,C0,214.9954707827433,-43.5958688801828,-0.004627157304503253,-0.9999892946503375,0.9999446749499524,0.9999446749499524,0.9999446749499524,0.0019973895460501903,0.00804132298505015,0.011508418939451627,3.499999999999988,0,0.9980391197699446,True,
M1_CROSS_BASELINE,5.716666666666652,342,O121,0,C2,257.2943234953748,-0.864781918105547,0.9999999998789821,-1.555750637621974e-05,0.005907432959286242,0.005907432959286242,0.005907432959286242,0.7149390555369349,0.7237510810522652,0.003448050523648726,3.499999999999988,0,0.3004968051460649,False,
M1_CROSS_BASELINE,5.716666666666652,342,O121,0,C1,214.6951476154427,41.33094053229961,-0.017159202017045346,0.9998527700547407,-0.9999365152456408,-0.9999365152456408,0.9999365152456408,1.0117164655012199,1.0117187052030903,0.0041874925101070505,3.499999999999988,0,0.006776209705368963,False,
M1_CROSS_BASELINE,5.716666666666652,342,O122,2,C0,214.9954707827433,-43.5958688801828,-0.004627157304503253,-0.9999892946503375,-0.008807035595282647,-0.008807035595282647,0.008807035595282647,0.7098133016103395,0.7141533322975571,0.006751180486131283,3.499999999999988,0,0.2998913261276942,False,
M1_CROSS_BASELINE,5.716666666666652,342,O122,2,C2,257.2943234953748,-0.864781918105547,0.9999999998789821,-1.555750637621974e-05,-0.9999099697136732,-0.9999099697136732,0.9999099697136732,1.0041810065204035,1.0041897296085271,0.00820528897696907,3.499999999999988,0,0.01749971996546784,False,
M1_CROSS_BASELINE,5.716666666666652,342,O122,2,C1,214.6951476154427,41.33094053229961,-0.017159202017045346,0.9998527700547407,0.030589594873607004,0.030589594873607004,0.030589594873607004,0.7105774837531934,0.7285876207909716,0.000569745943213293,3.499999999999988,0,0.299531224808984,False,
M1_CROSS_BASELINE,5.716666666666652,342,O123,3,C0,214.9954707827433,-43.5958688801828,-0.004627157304503253,-0.9999892946503375,0.02956094260574482,0.02956094260574482,0.02956094260574482,0.7208991066468345,0.7251592660946378,0.0007959447109899186,3.499999999999988,0,0.2841905998546025,False,
M1_CROSS_BASELINE,5.716666666666652,342,O123,3,C2,257.2943234953748,-0.864781918105547,0.9999999998789821,-1.555750637621974e-05,-0.9996886742480778,-0.9996886742480778,0.9996886742480778,1.0235654576355455,1.0235960826438804,0.015752414174090273,3.499999999999988,0,0.0,False,
M1_CROSS_BASELINE,5.716666666666652,342,O123,3,C1,214.6951476154427,41.33094053229961,-0.017159202017045346,0.9998527700547407,-0.00777795317676204,-0.00777795317676204,0.00777795317676204,0.7269778533761772,0.7301763750354068,0.008116871140334495,3.499999999999988,0,0.2833641676123313,False,
M1_CROSS_BASELINE,5.916666666666651,354,O124,0,C0,214.9954707827433,-43.5958688801828,-0.004627157304503253,-0.9999892946503375,0.9999864332918889,0.9999864332918889,0.9999864332918889,0.011680122412087265,0.01191917176504901,0.0026843331335883697,3.6999999999999873,0,0.9884331718309538,True,
M1_CROSS_BASELINE,5.916666666666651,354,O124,0,C2,257.2943234953748,-0.864781918105547,0.9999999998789821,-1.555750637621974e-05,0.0005973641281180082,0.0005973641281180082,0.0005973641281180082,0.7062786860454443,0.7192668139534589,0.012272136329511983,3.6999999999999873,0,0.30897019330551234,False,
M1_CROSS_BASELINE,5.916666666666651,354,O124,0,C1,214.6951476154427,41.33094053229961,-0.017159202017045346,0.9998527700547407,-0.9998625841675747,-0.9998625841675747,0.9998625841675747,1.0091078599159318,1.0091106410820865,0.0046365932957562065,3.6999999999999873,0,0.005247755758537975,False,
M1_CROSS_BASELINE,5.916666666666651,354,O125,2,C0,214.9954707827433,-43.5958688801828,-0.004627157304503253,-0.9999892946503375,0.011754687580021905,0.011754687580021905,0.011754687580021905,0.7098700682710528,0.7187268042302388,0.0031514928915947443,3.6999999999999873,0,0.29734056267483344,False,
M1_CROSS_BASELINE,5.916666666666651,354,O125,2,C2,257.2943234953748,-0.864781918105547,0.9999999998789821,-1.555750637621974e-05,-0.9999744864411482,-0.9999744864411482,0.9999744864411482,1.0005562787745836,1.0005737253426672,0.011804976571505608,3.6999999999999873,0,0.021046188184038472,False,
M1_CROSS_BASELINE,5.916666666666651,354,O125,2,C1,214.6951476154427,41.33094053229961,-0.017159202017045346,0.9998527700547407,0.01003209142213668,0.01003209142213668,0.01003209142213668,0.7054453006186073,0.7194244045396263,0.004169433537749832,3.6999999999999873,0,0.30459039726594306,False,
M1_CROSS_BASELINE,6.016666666666651,360,O126,0,C0,214.9954707827433,-43.5958688801828,-0.004627157304503253,-0.9999892946503375,0.9999060027576571,0.9999060027576571,0.9999060027576571,0.006069564646014827,0.010280107616759663,0.009311045575116797,3.799999999999987,0,0.9940284962065244,True,
M1_CROSS_BASELINE,6.016666666666651,360,O126,0,C2,257.2943234953748,-0.864781918105547,0.9999999998789821,-1.555750637621974e-05,0.009099473591290744,0.009099473591290744,0.009099473591290744,0.7135027271657348,0.7243684745071372,0.005645423887983556,3.799999999999987,0,0.30190212253183724,False,
M1_CROSS_BASELINE,6.016666666666651,360,O126,0,C1,214.6951476154427,41.33094053229961,-0.017159202017045346,0.9998527700547407,-0.999967389268895,-0.999967389268895,0.999967389268895,1.0133866544343408,1.0133871594239492,0.0019901191457722214,3.799999999999987,0,0.0029857816597327336,False,
M1_CROSS_BASELINE,6.016666666666651,360,O127,3,C0,214.9954707827433,-43.5958688801828,-0.004627157304503253,-0.9999892946503375,-0.004488660443263053,-0.004488660443263053,0.004488660443263053,0.707727767369783,0.7160198273996381,0.012660261481718308,3.799999999999987,0,0.305993220606941,False,
M1_CROSS_BASELINE,6.016666666666651,360,O127,3,C2,257.2943234953748,-0.864781918105547,0.9999999998789821,-1.555750637621974e-05,-0.9999585926301027,-0.9999585926301027,0.9999585926301027,1.001504011735912,1.001504725873317,0.0022962079813820444,3.799999999999987,0,0.020118917210123488,False,
M1_CROSS_BASELINE,6.016666666666651,360,O127,3,C1,214.6951476154427,41.33094053229961,-0.017159202017045346,0.9998527700547407,0.02627287004150561,0.02627287004150561,0.02627287004150561,0.7089070422932225,0.7289113471650631,0.005339335052373733,3.799999999999987,0,0.30483680873592334,False,
M1_CROSS_BASELINE,6.016666666666651,360,O128,4,C0,214.9954707827433,-43.5958688801828,-0.004627157304503253,-0.9999892946503375,0.035838530214712755,0.035838530214712755,0.035838530214712755,0.7185957694588171,0.726813274284963,0.0026409758907815573,3.799999999999987,0,0.2883438722019418,False,
M1_CROSS_BASELINE,6.016666666666651,360,O128,4,C2,257.2943234953748,-0.864781918105547,0.9999999998789821,-1.555750637621974e-05,-0.9995122398450111,-0.9995122398450111,0.9995122398450111,1.0219537714586255,1.0219727876490525,0.012315493572318795,3.799999999999987,0,0.00011067713812151769,False,
M1_CROSS_BASELINE,6.016666666666651,360,O128,4,C1,214.6951476154427,41.33094053229961,-0.017159202017045346,0.9998527700547407,-0.014058525355317049,-0.014058525355317049,0.014058525355317049,0.7269724953820127,0.7304327263090236,0.004679950538563018,3.799999999999987,0,0.2833694493834198,False,
M1_CROSS_BASELINE,6.21666666666665,372,O129,0,C0,214.9954707827433,-43.5958688801828,-0.004627157304503253,-0.9999892946503375,0.9999894996829098,0.9999894996829098,0.9999894996829098,0.00814546111589548,0.008477857632361934,0.0009780911431630354,3.9999999999999862,0,0.991912047633965,True,
M1_CROSS_BASELINE,6.21666666666665,372,O129,0,C2,257.2943234953748,-0.864781918105547,0.9999999998789821,-1.555750637621974e-05,-2.8967410833072503e-05,-2.8967410833072503e-05,2.8967410833072503e-05,0.7086600777262106,0.7172040772455968,0.015934560606263387,3.9999999999999862,0,0.30664021695858634,False,
M1_CROSS_BASELINE,6.21666666666665,372,O129,0,C1,214.6951476154427,41.33094053229961,-0.017159202017045346,0.9998527700547407,-0.9998520050516037,-0.9998520050516037,0.9998520050516037,1.0087877053046914,1.008796337279207,0.008299017572507611,3.9999999999999862,0,0.005563355835285,False,
M1_CROSS_BASELINE,6.21666666666665,372,O130,3,C0,214.9954707827433,-43.5958688801828,-0.004627157304503253,-0.9999892946503375,0.0028064175959828875,0.0028064175959828875,0.0028064175959828875,0.7103052348756532,0.7173442675358794,0.008365138005776561,3.9999999999999862,0,0.3005196153932709,False,
M1_CROSS_BASELINE,6.21666666666665,372,O130,3,C2,257.2943234953748,-0.864781918105547,0.9999999998789821,-1.555750637621974e-05,-0.9999983706358944,-0.9999983706358944,0.9999983706358944,0.9978893601923999,0.9978948010009535,0.0065913314573237914,3.9999999999999862,0,0.023655526776195535,False,
M1_CROSS_BASELINE,6.21666666666665,372,O130,3,C1,214.6951476154427,41.33094053229961,-0.017159202017045346,0.9998527700547407,0.018979657035795877,0.018979657035795877,0.018979657035795877,0.701288726831688,0.7244834061645381,0.0010442115764319854,3.9999999999999862,0,0.30939871441259115,False,
M1_CROSS_BASELINE,6.21666666666665,372,O131,4,C0,214.9954707827433,-43.5958688801828,-0.004627157304503253,-0.9999892946503375,0.03518706655126789,0.03518706655126789,0.03518706655126789,0.7162343004869491,0.7233430036212118,0.00664478706934852,3.9999999999999862,0,0.2888224714553783,False,
M1_CROSS_BASELINE,6.21666666666665,372,O131,4,C2,257.2943234953748,-0.864781918105547,0.9999999998789821,-1.555750637621974e-05,-0.9995323852104612,-0.9995323852104612,0.9995323852104612,1.0141212220446778,1.014180220609708,0.021601256532448872,3.9999999999999862,0,0.007774118233520699,False,
M1_CROSS_BASELINE,6.21666666666665,372,O131,4,C1,214.6951476154427,41.33094053229961,-0.017159202017045346,0.9998527700547407,-0.013406711973029062,-0.013406711973029062,0.013406711973029062,0.7181882359852954,0.7204313080110138,0.013965713498693097,3.9999999999999862,0,0.2920287434945683,False,
M1_CROSS_BASELINE,6.416666666666649,384,O132,0,C0,214.9954707827433,-43.5958688801828,-0.004627157304503253,-0.9999892946503375,0.9999739106920762,0.9999739106920762,0.9999739106920762,0.008681333674182997,0.009466255867644203,0.0025568467499343093,4.199999999999985,0,0.9913799584539875,True,
M1_CROSS_BASELINE,6.416666666666649,384,O132,0,C2,257.2943234953748,-0.864781918105547,0.9999999998789821,-1.555750637621974e-05,0.0026118731397931096,0.0026118731397931096,0.0026118731397931096,0.7090117813288441,0.7175953454077558,0.017513316213034664,4.199999999999985,0,0.30629610679733776,False,
M1_CROSS_BASELINE,6.416666666666649,384,O132,0,C1,214.6951476154427,41.33094053229961,-0.017159202017045346,0.9998527700547407,-0.9998939508230774,-0.9998939508230774,0.9998939508230774,1.0100793306148144,1.0100914841382935,0.009877773179278885,4.199999999999985,0,0.004290105247314213,False,
M1_CROSS_BASELINE,6.416666666666649,384,O133,2,C0,214.9954707827433,-43.5958688801828,-0.004627157304503253,-0.9999892946503375,0.004632625038374048,0.004632625038374048,0.004632625038374048,0.709990508189329,0.719488305270883,0.014008143970737848,4.199999999999985,0,0.30469337034536526,False,
M1_CROSS_BASELINE,6.416666666666649,384,O133,2,C2,257.2943234953748,-0.864781918105547,0.9999999998789821,-1.555750637621974e-05,-0.9999999997789686,-0.9999999997789686,0.9999999997789686,0.9972166230719515,0.9972167358086491,0.0009483254923625038,4.199999999999985,0,0.024313739195010897,False,
M1_CROSS_BASELINE,6.416666666666649,384,O133,2,C1,214.6951476154427,41.33094053229961,-0.017159202017045346,0.9998527700547407,0.017153735029337036,0.017153735029337036,0.017153735029337036,0.7006652124921185,0.7258311004461792,0.006687217541393274,4.199999999999985,0,0.31382580218349787,False,
M1_CROSS_BASELINE,6.416666666666649,384,O134,3,C0,214.9954707827433,-43.5958688801828,-0.004627157304503253,-0.9999892946503375,0.03373149626449998,0.03373149626449998,0.03373149626449998,0.7136870144658595,0.7232460141575865,0.0040773109824411135,4.199999999999985,0,0.29135177307601157,False,
M1_CROSS_BASELINE,6.416666666666649,384,O134,3,C2,257.2943234953748,-0.864781918105547,0.9999999998789821,-1.555750637621974e-05,-0.9995758598947041,-0.9995758598947041,0.9995758598947041,1.011839141516317,1.0118848647475502,0.019033780445541465,4.199999999999985,0,0.0100069276011715,False,
M1_CROSS_BASELINE,6.416666666666649,384,O134,3,C1,214.6951476154427,41.33094053229961,-0.017159202017045346,0.9998527700547407,-0.011950393775317238,-0.011950393775317238,0.011950393775317238,0.7174989017620765,0.719312062138499,0.01139823741178569,4.199999999999985,0,0.2927082712168442,False,
M1_CROSS_BASELINE,6.516666666666649,390,O135,0,C0,214.9954707827433,-43.5958688801828,-0.004627157304503253,-0.9999892946503375,0.999725166586743,0.999725166586743,0.999725166586743,0.016226693066983107,0.020635053654415828,0.009505176015417354,4.299999999999985,0,0.9840385165172613,True,
M1_CROSS_BASELINE,6.516666666666649,390,O135,0,C2,257.2943234953748,-0.864781918105547,0.9999999998789821,-1.555750637621974e-05,0.018832781692554968,0.018832781692554968,0.018832781692554968,0.7108746937207735,0.7290641764205218,0.0054512934476829995,4.299999999999985,0,0.30447341553464136,False,
M1_CROSS_BASELINE,6.516666666666649,390,O135,0,C1,214.6951476154427,41.33094053229961,-0.017159202017045346,0.9998527700547407,-0.9999986250317655,-0.9999986250317655,0.9999986250317655,1.0184272170758646,1.0184278024592874,0.002184249586072778,4.299999999999985,0,0.0,False,
M1_CROSS_BASELINE,6.516666666666649,390,O136,3,C0,214.9954707827433,-43.5958688801828,-0.004627157304503253,-0.9999892946503375,0.004614632687347538,0.004614632687347538,0.004614632687347538,0.699032151197364,0.7200508169160734,0.01627355096843716,4.299999999999985,0,0.31694049345294006,False,
M1_CROSS_BASELINE,6.516666666666649,390,O136,3,C2,257.2943234953748,-0.864781918105547,0.9999999998789821,-1.555750637621974e-05,-0.9999999999954013,-0.9999999999954013,0.9999999999954013,0.9973392485570982,0.9973394659459525,0.0013170815053368098,4.299999999999985,0,0.025449610847604665,False,
M1_CROSS_BASELINE,6.516666666666649,390,O136,3,C1,214.6951476154427,41.33094053229961,-0.017159202017045346,0.9998527700547407,0.017171724922555705,0.017171724922555705,0.017171724922555705,0.7117641316023595,0.7279685775552495,0.008952624539092588,4.299999999999985,0,0.3044994344288212,False,
M1_CROSS_BASELINE,6.6166666666666485,396,O137,0,C0,214.9954707827433,-43.5958688801828,-0.004627157304503253,-0.9999892946503375,0.9999590155588379,0.9999590155588379,0.9999590155588379,0.010477756520670919,0.011427868275200589,0.0010968556740135142,4.399999999999984,0,0.9896075373005381,True,
M1_CROSS_BASELINE,6.6166666666666485,396,O137,0,C2,257.2943234953748,-0.864781918105547,0.9999999998789821,-1.555750637621974e-05,0.00444206679224704,0.00444206679224704,0.00444206679224704,0.7083820476023635,0.719882621296427,0.013859613789086839,4.399999999999984,0,0.30691224428509845,False,
M1_CROSS_BASELINE,6.6166666666666485,396,O137,0,C1,214.6951476154427,41.33094053229961,-0.017159202017045346,0.9998527700547407,-0.9999189298259527,-0.9999189298259527,0.9999189298259527,1.0110304348707853,1.0110352861284508,0.0062240707553310615,4.399999999999984,0,0.003352531445031559,False,
M1_CROSS_BASELINE,6.716666666666648,402,O138,0,C0,214.9954707827433,-43.5958688801828,-0.004627157304503253,-0.9999892946503375,0.9997065440732903,0.9997065440732903,0.9997065440732903,0.015313954444904606,0.019728145128378723,0.0067103631098172556,4.499999999999984,0,0.9848948111161524,True,
M1_CROSS_BASELINE,6.716666666666648,402,O138,0,C2,257.2943234953748,-0.864781918105547,0.9999999998789821,-1.555750637621974e-05,0.01961398205768846,0.01961398205768846,0.01961398205768846,0.7119907662814895,0.7279952646620207,0.008246106353283097,4.499999999999984,0,0.30338143949016105,False,
M1_CROSS_BASELINE,6.716666666666648,402,O138,0,C1,214.6951476154427,41.33094053229961,-0.017159202017045346,0.9998527700547407,-0.999997024084211,-0.999997024084211,0.999997024084211,1.0187756573020914,1.0187757037191676,0.0006105633195273205,4.499999999999984,0,0.0,False,
M1_CROSS_BASELINE,6.716666666666648,402,O139,2,C0,214.9954707827433,-43.5958688801828,-0.004627157304503253,-0.9999892946503375,0.004627157304503915,0.004627157304503915,0.004627157304503915,0.698145545183329,0.7198532891057876,0.015578716044623369,4.499999999999984,0,0.31734334550127485,False,
M1_CROSS_BASELINE,6.716666666666648,402,O139,2,C2,257.2943234953748,-0.864781918105547,0.9999999998789821,-1.555750637621974e-05,-0.9999999998789821,-0.9999999998789821,0.9999999998789821,0.9971885156151569,0.997188564176709,0.0006222465815230158,4.499999999999984,0,0.024934871144046356,False,
M1_CROSS_BASELINE,6.716666666666648,402,O139,2,C1,214.6951476154427,41.33094053229961,-0.017159202017045346,0.9998527700547407,0.017159202017044684,0.017159202017044684,0.017159202017044684,0.7124381586920326,0.7281083403769687,0.008257789615278793,4.499999999999984,0,0.3033678245096846,False,
M2_T_JUNCTION,5.2166666666666535,312,O19,2,C0,215.1688465662098,-58.42634764409074,-0.32471545130690066,-0.9458117548870684,0.3233574150317365,0.3233574150317365,0.3233574150317365,0.8456590216186767,0.8456590216186767,0.0545920555561562,0.0,0,0.20723861664633614,False,True
M2_T_JUNCTION,5.316666666666653,318,O20,1,C0,215.1688465662098,-58.42634764409074,-0.32471545130690066,-0.9458117548870684,0.9759696276812849,0.9759696276812849,0.9759696276812849,0.11578570989279151,0.11731222819670384,0.05298069027110569,0.09999999999999964,0,0.8914569144292941,True,True
M2_T_JUNCTION,5.316666666666653,318,O21,2,C0,215.1688465662098,-58.42634764409074,-0.32471545130690066,-0.9458117548870684,0.32425105694321743,0.32425105694321743,0.32425105694321743,0.8449246133564479,0.8467270462926894,0.05267986059415178,0.09999999999999964,0,0.20792708622453138,False,True
M2_T_JUNCTION,5.316666666666653,318,O22,4,C0,215.1688465662098,-58.42634764409074,-0.32471545130690066,-0.9458117548870684,-0.8850434289557665,-0.8850434289557665,0.8850434289557665,1.263898033135117,1.2638985605961524,0.047741065262702,0.09999999999999964,0,0.0,False,False
M2_T_JUNCTION,5.416666666666653,324,O23,1,C0,215.1688465662098,-58.42634764409074,-0.32471545130690066,-0.9458117548870684,0.9669653783340824,0.9669653783340824,0.9669653783340824,0.14263333782248447,0.1472927910357295,0.06271416678897575,0.1999999999999993,0,0.8662886585327644,True,True
M2_T_JUNCTION,5.416666666666653,324,O23,1,C1,215.2418557507044,47.741062035790875,-0.1528960995786603,0.9882422692506289,-0.9744680653924478,-0.9744680653924478,0.9744680653924478,1.1217215997040182,1.1217282748812585,0.014973101526273746,0.09999999999999964,0,0.0,False,False
M2_T_JUNCTION,5.416666666666653,324,O24,2,C0,215.1688465662098,-58.42634764409074,-0.32471545130690066,-0.9458117548870684,0.3239343123427135,0.3239343123427135,0.3239343123427135,0.8368468719702497,0.8467191827214461,0.06672600450019164,0.1999999999999993,0,0.21549954896895795,False,True
M2_T_JUNCTION,5.416666666666653,324,O24,2,C1,215.2418557507044,47.741062035790875,-0.1528960995786603,0.9882422692506289,0.15371211378255129,0.15371211378255129,0.15371211378255129,0.7633481156517581,0.772714634741123,0.018984939237489652,0.09999999999999964,0,0.25087384636994225,False,True
M2_T_JUNCTION,5.416666666666653,324,O25,4,C0,215.1688465662098,-58.42634764409074,-0.32471545130690066,-0.9458117548870684,-0.9016610974129827,-0.9016610974129827,0.9016610974129827,1.2374043242580204,1.2374210048993972,0.05938385970760642,0.1999999999999993,0,0.0,False,False
M2_T_JUNCTION,5.416666666666653,324,O25,4,C1,215.2418557507044,47.741062035790875,-0.1528960995786603,0.9882422692506289,0.9993152762605293,0.9993152762605293,0.9993152762605293,0.028504918607292623,0.030933380926797188,0.011642794444904427,0.09999999999999964,0,0.9720261574005632,True,True
M2_T_JUNCTION,5.516666666666652,330,O26,5,C0,215.1688465662098,-58.42634764409074,-0.32471545130690066,-0.9458117548870684,0.906142202301889,0.906142202301889,0.906142202301889,0.2316725903518692,0.23730827980470326,0.06108000120206537,0.29999999999999893,0,0.7828189867105908,True,True
M2_T_JUNCTION,5.516666666666652,330,O26,5,C1,215.2418557507044,47.741062035790875,-0.1528960995786603,0.9882422692506289,-0.9988727956535923,-0.9988727956535923,0.9988727956535923,1.032569162331418,1.0325760026415938,0.013338935939363375,0.1999999999999993,0,0.0,False,False
M2_T_JUNCTION,5.516666666666652,330,O27,6,C0,215.1688465662098,-58.42634764409074,-0.32471545130690066,-0.9458117548870684,0.3247118230906489,0.3247118230906489,0.3247118230906489,0.8369280239710064,0.8480065930340976,0.06384933670599005,0.29999999999999893,0,0.21542347318576727,False,True
M2_T_JUNCTION,5.516666666666652,330,O27,6,C1,215.2418557507044,47.741062035790875,-0.1528960995786603,0.9882422692506289,0.15289989055843858,0.15289989055843858,0.15289989055843858,0.7621057664085346,0.7723178078370861,0.01610827144328805,0.1999999999999993,0,0.25209304936652877,False,True
M2_T_JUNCTION,5.516666666666652,330,O28,8,C0,215.1688465662098,-58.42634764409074,-0.32471545130690066,-0.9458117548870684,-0.9639879440061481,-0.9639879440061481,0.9639879440061481,1.150310845255211,1.1503261796387703,0.06483397756308087,0.29999999999999893,0,0.0,False,False
M2_T_JUNCTION,5.516666666666652,330,O28,8,C1,215.2418557507044,47.741062035790875,-0.1528960995786603,0.9882422692506289,0.9769712818381883,0.9769712818381883,0.9769712818381883,0.11414706544405022,0.11874820419105643,0.017092912300378873,0.1999999999999993,0,0.887979612013256,True,True
M2_T_JUNCTION,5.616666666666652,336,O29,1,C0,215.1688465662098,-58.42634764409074,-0.32471545130690066,-0.9458117548870684,0.8858156645194991,0.8858156645194991,0.8858156645194991,0.24602808800509463,0.25403927369724544,0.050377947990074154,0.3999999999999986,0,0.7693614537246388,True,True
M2_T_JUNCTION,5.616666666666652,336,O29,1,C1,215.2418557507044,47.741062035790875,-0.1528960995786603,0.9882422692506289,-0.9999986196546745,-0.9999986196546745,0.9999986196546745,1.018077358275431,1.0180780456055296,0.002636882727372159,0.29999999999999893,0,0.0008904720337900018,False,False
M2_T_JUNCTION,5.616666666666652,336,O30,2,C0,215.1688465662098,-58.42634764409074,-0.32471545130690066,-0.9458117548870684,0.33080054188025104,0.33080054188025104,0.33080054188025104,0.838662071542253,0.8497844457673221,0.05267911642818052,0.3999999999999986,0,0.2137978937072308,False,True
M2_T_JUNCTION,5.616666666666652,336,O30,2,C1,215.2418557507044,47.741062035790875,-0.1528960995786603,0.9882422692506289,0.14652781384728894,0.14652781384728894,0.14652781384728894,0.7699705036139898,0.7719240894855381,0.004938051165478524,0.29999999999999893,0,0.24437484031979062,False,True
M2_T_JUNCTION,5.616666666666652,336,O31,4,C0,215.1688465662098,-58.42634764409074,-0.32471545130690066,-0.9458117548870684,-0.971194784372639,-0.971194784372639,0.971194784372639,1.1373504719775245,1.1373505674125868,0.051420584545616474,0.3999999999999986,0,0.0,False,False
M2_T_JUNCTION,5.616666666666652,336,O31,4,C1,215.2418557507044,47.741062035790875,-0.1528960995786603,0.9882422692506289,0.9704741737219177,0.9704741737219177,0.9704741737219177,0.12666560244676398,0.1272415195013132,0.0036795192829144766,0.29999999999999893,0,0.875694308255204,True,True
M2_T_JUNCTION,5.716666666666652,342,O32,1,C0,215.1688465662098,-58.42634764409074,-0.32471545130690066,-0.9458117548870684,0.8851784539650617,0.8851784539650617,0.8851784539650617,0.25003079403767825,0.25436648654580474,0.04638132345041208,0.4999999999999982,0,0.7656091248421595,True,True
M2_T_JUNCTION,5.716666666666652,342,O32,1,C1,215.2418557507044,47.741062035790875,-0.1528960995786603,0.9882422692506289,-0.9999999579096165,-0.9999999579096165,0.9999999579096165,1.013996242743699,1.0139964803761448,0.0013597418122899168,0.3999999999999986,0,0.006221658365395455,False,True
M2_T_JUNCTION,5.716666666666652,342,O33,2,C0,215.1688465662098,-58.42634764409074,-0.32471545130690066,-0.9458117548870684,0.32334488203854667,0.32334488203854667,0.32334488203854667,0.8409870002328245,0.8475524335734771,0.05269908610795546,0.4999999999999982,0,0.2116183938877787,False,True
M2_T_JUNCTION,5.716666666666652,342,O33,2,C1,215.2418557507044,47.741062035790875,-0.1528960995786603,0.9882422692506289,0.15432763811248892,0.15432763811248892,0.15432763811248892,0.7674563809051365,0.7734859681241419,0.0049580208452534675,0.3999999999999986,0,0.24684212233178493,False,True
M2_T_JUNCTION,5.716666666666652,342,O34,4,C0,215.1688465662098,-58.42634764409074,-0.32471545130690066,-0.9458117548870684,-0.9708173773369315,-0.9708173773369315,0.9708173773369315,1.1414311069619907,1.141432726975158,0.05584321093560212,0.4999999999999982,0,0.0,False,False
M2_T_JUNCTION,5.716666666666652,342,O34,4,C1,215.2418557507044,47.741062035790875,-0.1528960995786603,0.9882422692506289,0.9708537678872758,0.9708537678872758,0.9708537678872758,0.12270856565165464,0.12622984855493932,0.008102145672900124,0.3999999999999986,0,0.8795776213771103,True,True
M2_T_JUNCTION,5.816666666666651,348,O35,1,C0,215.1688465662098,-58.42634764409074,-0.32471545130690066,-0.9458117548870684,0.8852777702807211,0.8852777702807211,0.8852777702807211,0.24977757402076156,0.2544544728432293,0.047005745924100464,0.5999999999999979,0,0.7658465054480205,True,True
M2_T_JUNCTION,5.816666666666651,348,O35,1,C1,215.2418557507044,47.741062035790875,-0.1528960995786603,0.9882422692506289,-0.9999998731680717,-0.9999998731680717,0.9999998731680717,1.0142602623878234,1.0142603417386238,0.0007353193386015345,0.4999999999999982,0,0.0053542073722061545,False,True
M2_T_JUNCTION,5.816666666666651,348,O36,2,C0,215.1688465662098,-58.42634764409074,-0.32471545130690066,-0.9458117548870684,0.32451085084001735,0.32451085084001735,0.32451085084001735,0.8409248580494567,0.8480033291257999,0.05270012651754844,0.5999999999999979,0,0.21167664895511884,False,True
M2_T_JUNCTION,5.816666666666651,348,O36,2,C1,215.2418557507044,47.741062035790875,-0.1528960995786603,0.9882422692506289,0.1531098672101182,0.1531098672101182,0.1531098672101182,0.7675643420185154,0.7730035784833679,0.004959061254846443,0.4999999999999982,0,0.24673617264520165,False,True
M2_T_JUNCTION,5.816666666666651,348,O37,4,C0,215.1688465662098,-58.42634764409074,-0.32471545130690066,-0.9458117548870684,-0.9708767079909422,-0.9708767079909422,0.9708767079909422,1.141166686147803,1.1411677380817946,0.05515253715855601,0.5999999999999979,0,0.0,False,False
M2_T_JUNCTION,5.816666666666651,348,O37,4,C1,215.2418557507044,47.741062035790875,-0.1528960995786603,0.9882422692506289,0.9707944142284746,0.9707944142284746,0.9707944142284746,0.12295109983831361,0.12610524561895917,0.007411471895854015,0.4999999999999982,0,0.8793396058522792,True,True
M2_T_JUNCTION,5.916666666666651,354,O38,1,C0,215.1688465662098,-58.42634764409074,-0.32471545130690066,-0.9458117548870684,0.8853293004941234,0.8853293004941234,0.8853293004941234,0.24960051375670575,0.2544806400225268,0.047329507705654125,0.6999999999999975,0,0.7660124902436432,True,True
M2_T_JUNCTION,5.916666666666651,354,O38,1,C1,215.2418557507044,47.741062035790875,-0.1528960995786603,0.9882422692506289,-0.9999998112164137,-0.9999998112164137,0.9999998112164137,1.0144431182904552,1.014443148909032,0.00041155755704786704,0.5999999999999979,0,0.004858929726196615,False,True
M2_T_JUNCTION,5.916666666666651,354,O39,2,C0,215.1688465662098,-58.42634764409074,-0.32471545130690066,-0.9458117548870684,0.3251152440277752,0.3251152440277752,0.3251152440277752,0.8408555633943012,0.8482221865340462,0.052700059638731714,0.6999999999999975,0,0.21174160909304174,False,True
M2_T_JUNCTION,5.916666666666651,354,O39,2,C1,215.2418557507044,47.741062035790875,-0.1528960995786603,0.9882422692506289,0.15247832758890006,0.15247832758890006,0.15247832758890006,0.767655320670781,0.7727716070614544,0.004958994376029715,0.5999999999999979,0,0.2466468890189809,False,True
M2_T_JUNCTION,5.916666666666651,354,O40,4,C0,215.1688465662098,-58.42634764409074,-0.32471545130690066,-0.9458117548870684,-0.9709074172829334,-0.9709074172829334,0.9709074172829334,1.140983692680835,1.1409844982221524,0.05479437957452878,0.6999999999999975,0,0.0,False,False
M2_T_JUNCTION,5.916666666666651,354,O40,4,C1,215.2418557507044,47.741062035790875,-0.1528960995786603,0.9882422692506289,0.9707636462511736,0.9707636462511736,0.9707636462511736,0.12312310085675511,0.1260642626140008,0.007053314311826785,0.5999999999999979,0,0.8791708093900577,True,True
M2_T_JUNCTION,6.016666666666651,360,O41,1,C0,215.1688465662098,-58.42634764409074,-0.32471545130690066,-0.9458117548870684,0.8855002550882151,0.8855002550882151,0.8855002550882151,0.24880590057298857,0.2544832955305537,0.04840253498203749,0.7999999999999972,0,0.7667573988068475,True,True
M2_T_JUNCTION,6.016666666666651,360,O41,1,C1,215.2418557507044,47.741062035790875,-0.1528960995786603,0.9882422692506289,-0.9999995175767158,-0.9999995175767158,0.9999995175767158,1.0152579180300034,1.0152579499553216,0.0006614697193354925,0.6999999999999975,0,0.0036573832020236896,False,True
M2_T_JUNCTION,6.016666666666651,360,O42,2,C0,215.1688465662098,-58.42634764409074,-0.32471545130690066,-0.9458117548870684,0.327117565326072,0.327117565326072,0.327117565326072,0.840457594254518,0.8488841056031915,0.05269687700208893,0.7999999999999972,0,0.21211468447889015,False,True
M2_T_JUNCTION,6.016666666666651,360,O42,2,C1,215.2418557507044,47.741062035790875,-0.1528960995786603,0.9882422692506289,0.15038463444055025,0.15038463444055025,0.15038463444055025,0.7681158826522091,0.7721011737238518,0.004955811739386935,0.6999999999999975,0,0.24619490778187414,False,True
M2_T_JUNCTION,6.016666666666651,360,O43,4,C0,215.1688465662098,-58.42634764409074,-0.32471545130690066,-0.9458117548870684,-0.9710089349574952,-0.9710089349574952,0.9710089349574952,1.1401687783312884,1.1401690020172608,0.05360713811716015,0.7999999999999972,0,0.0,False,False
M2_T_JUNCTION,6.016666666666651,360,O43,4,C1,215.2418557507044,47.741062035790875,-0.1528960995786603,0.9882422692506289,0.970661706748238,0.970661706748238,0.970661706748238,0.12390343445827387,0.1260515944457056,0.00586607285445815,0.6999999999999975,0,0.8784050142076657,True,True
M2_T_JUNCTION,6.11666666666665,366,O44,1,C0,215.1688465662098,-58.42634764409074,-0.32471545130690066,-0.9458117548870684,0.8855575791462813,0.8855575791462813,0.8855575791462813,0.24850919434206492,0.25447341528182194,0.04876197149034971,0.8999999999999968,0,0.7670355454783351,True,True
M2_T_JUNCTION,6.11666666666665,366,O44,1,C1,215.2418557507044,47.741062035790875,-0.1528960995786603,0.9882422692506289,-0.9999993887647466,-0.9999993887647466,0.9999993887647466,1.0155617086253539,1.015561796908836,0.001020906227647717,0.7999999999999972,0,0.0033592525385196526,False,True
M2_T_JUNCTION,6.11666666666665,366,O45,2,C0,215.1688465662098,-58.42634764409074,-0.32471545130690066,-0.9458117548870684,0.32778801731019414,0.32778801731019414,0.32778801731019414,0.8402994746265442,0.8490981879009958,0.05269479350631116,0.8999999999999968,0,0.21226291341254233,False,True
M2_T_JUNCTION,6.11666666666665,366,O45,2,C1,215.2418557507044,47.741062035790875,-0.1528960995786603,0.9882422692506289,0.1496830937286178,0.1496830937286178,0.1496830937286178,0.7682936638966819,0.7719001937843092,0.0049537282436091686,0.7999999999999972,0,0.24602043878518864,False,True
M2_T_JUNCTION,6.11666666666665,366,O46,4,C0,215.1688465662098,-58.42634764409074,-0.32471545130690066,-0.9458117548870684,-0.9710428514803984,-0.9710428514803984,0.9710428514803984,1.1398650662565362,1.1398651756210785,0.05320936794263362,0.8999999999999968,0,0.0,False,False
M2_T_JUNCTION,6.11666666666665,366,O46,4,C1,215.2418557507044,47.741062035790875,-0.1528960995786603,0.9882422692506289,0.9706275711120723,0.9706275711120723,0.9706275711120723,0.12419626820923427,0.12607455379685176,0.0054683026799316236,0.7999999999999972,0,0.8781176362512497,True,True
M2_T_JUNCTION,6.21666666666665,372,O47,1,C0,215.1688465662098,-58.42634764409074,-0.32471545130690066,-0.9458117548870684,0.8857252227679933,0.8857252227679933,0.8857252227679933,0.24786911437778358,0.2545363837810842,0.049812080798204254,0.9999999999999964,0,0.7676355871795036,True,True
M2_T_JUNCTION,6.21666666666665,372,O47,1,C1,215.2418557507044,47.741062035790875,-0.1528960995786603,0.9882422692506289,-0.9999989244439268,-0.9999989244439268,0.9999989244439268,1.016223236309104,1.0162236500063497,0.002071015535502258,0.8999999999999968,0,0.0027100497972194493,False,True
M2_T_JUNCTION,6.21666666666665,372,O48,2,C0,215.1688465662098,-58.42634764409074,-0.32471545130690066,-0.9458117548870684,0.3297459706592074,0.3297459706592074,0.3297459706592074,0.8400201474994488,0.8497937118927302,0.05268578084494534,0.9999999999999964,0,0.21252476807739362,False,True
M2_T_JUNCTION,6.21666666666665,372,O48,2,C1,215.2418557507044,47.741062035790875,-0.1528960995786603,0.9882422692506289,0.147632929295725,0.147632929295725,0.147632929295725,0.768640655860962,0.7712408019894929,0.00494471558224334,0.8999999999999968,0,0.2456799116387769,False,True
M2_T_JUNCTION,6.21666666666665,372,O49,4,C0,215.1688465662098,-58.42634764409074,-0.32471545130690066,-0.9458117548870684,-0.9711416843333958,-0.9711416843333958,0.9711416843333958,1.1392041080543527,1.139204115304818,0.05204704998647764,0.9999999999999964,0,0.0,False,False
M2_T_JUNCTION,6.21666666666665,372,O49,4,C1,215.2418557507044,47.741062035790875,-0.1528960995786603,0.9882422692506289,0.9705278755630709,0.9705278755630709,0.9705278755630709,0.12482777982537072,0.1260422056565649,0.004305984723775646,0.8999999999999968,0,0.877497890347292,True,True
M2_T_JUNCTION,6.3166666666666496,378,O50,1,C0,215.1688465662098,-58.42634764409074,-0.32471545130690066,-0.9458117548870684,0.8859570457619029,0.8859570457619029,0.8859570457619029,0.24688115107471714,0.2545852954876929,0.05126161160333032,1.099999999999996,0,0.7685617514310745,True,True
M2_T_JUNCTION,6.3166666666666496,378,O50,1,C1,215.2418557507044,47.741062035790875,-0.1528960995786603,0.9882422692506289,-0.9999980668368369,-0.9999980668368369,0.9999980668368369,1.017243025867927,1.0172442820979748,0.0035205463406283244,0.9999999999999964,0,0.0017092599687661414,False,False
M2_T_JUNCTION,6.3166666666666496,378,O51,2,C0,215.1688465662098,-58.42634764409074,-0.32471545130690066,-0.9458117548870684,0.3324466566111955,0.3324466566111955,0.3324466566111955,0.8395490921344462,0.850726951336988,0.052666176205754145,1.099999999999996,0,0.21296635800104968,False,True
M2_T_JUNCTION,6.3166666666666496,378,O51,2,C1,215.2418557507044,47.741062035790875,-0.1528960995786603,0.9882422692506289,0.1448015715050327,0.1448015715050327,0.1448015715050327,0.7692007542063615,0.7705471032083336,0.004925110943052147,0.9999999999999964,0,0.24513024850273124,False,True
M2_T_JUNCTION,6.3166666666666496,378,O52,4,C0,215.1688465662098,-58.42634764409074,-0.32471545130690066,-0.9458117548870684,-0.9712774860504944,-0.9712774860504944,0.9712774860504944,1.1381859302932082,1.138186365142402,0.05044210393058061,1.099999999999996,0,0.0,False,False
M2_T_JUNCTION,6.3166666666666496,378,O52,4,C1,215.2418557507044,47.741062035790875,-0.1528960995786603,0.9882422692506289,0.970390341453878,0.970390341453878,0.970390341453878,0.12581022268861053,0.12622626959813132,0.002701038667878614,0.9999999999999964,0,0.8765337514069977,True,True
M2_T_JUNCTION,6.416666666666649,384,O53,1,C0,215.1688465662098,-58.42634764409074,-0.32471545130690066,-0.9458117548870684,0.8909125414418737,0.8909125414418737,0.8909125414418737,0.2505259855862259,0.2549498593920441,0.054805625964532347,1.1999999999999957,0,0.7651449085008021,True,True
M2_T_JUNCTION,6.416666666666649,384,O53,1,C1,215.2418557507044,47.741062035790875,-0.1528960995786603,0.9882422692506289,-0.9999185519836793,-0.9999185519836793,0.9999185519836793,1.013642993296529,1.0136463551100148,0.0070645607018303535,1.099999999999996,0,0.0052422202235401505,False,True
M2_T_JUNCTION,6.416666666666649,384,O54,2,C0,215.1688465662098,-58.42634764409074,-0.32471545130690066,-0.9458117548870684,0.3229168344406284,0.3229168344406284,0.3229168344406284,0.8403402335313721,0.8496786897111827,0.05912944180214197,1.1999999999999957,0,0.21222470405753124,False,True
M2_T_JUNCTION,6.416666666666649,384,O54,2,C1,215.2418557507044,47.741062035790875,-0.1528960995786603,0.9882422692506289,0.1547745156976821,0.1547745156976821,0.1547745156976821,0.760035940280276,0.7720971044099317,0.011388376539439974,1.099999999999996,0,0.2541243125010705,False,True
M2_T_JUNCTION,6.416666666666649,384,O55,3,C0,215.1688465662098,-58.42634764409074,-0.32471545130690066,-0.9458117548870684,0.35024173754977816,0.35024173754977816,0.35024173754977816,0.8458253638190069,0.8552877609979583,0.06635895845964766,1.1999999999999957,0,0.20708267947843184,False,True
M2_T_JUNCTION,6.416666666666649,384,O55,3,C1,215.2418557507044,47.741062035790875,-0.1528960995786603,0.9882422692506289,0.1260437025975991,0.1260437025975991,0.1260437025975991,0.772352676440458,0.7731227382189714,0.018617893196945665,1.099999999999996,0,0.24203704982789886,False,True
M2_T_JUNCTION,6.416666666666649,384,O56,6,C0,215.1688465662098,-58.42634764409074,-0.32471545130690066,-0.9458117548870684,-0.9703020559148788,-0.9703020559148788,0.9703020559148788,1.1347721022616826,1.1348203289515144,0.033833333024109014,1.1999999999999957,0,0.0,False,False
M2_T_JUNCTION,6.416666666666649,384,O56,6,C1,215.2418557507044,47.741062035790875,-0.1528960995786603,0.9882422692506289,0.9713643299816275,0.9713643299816275,0.9713643299816275,0.12918621753260853,0.13398397369715895,0.013907732238592985,1.099999999999996,0,0.8749277184756151,True,True
M2_T_JUNCTION,6.516666666666649,390,O57,5,C0,215.1688465662098,-58.42634764409074,-0.32471545130690066,-0.9458117548870684,0.8917701765898924,0.8917701765898924,0.8917701765898924,0.24884435893614648,0.2543168625069264,0.05700928672179221,1.2999999999999954,0,0.7667213460900915,True,True
M2_T_JUNCTION,6.516666666666649,390,O57,5,C1,215.2418557507044,47.741062035790875,-0.1528960995786603,0.9882422692506289,-0.9998926172940995,-0.9998926172940995,0.9998926172940995,1.0153783953841797,1.0153847293244314,0.00926822145909021,1.1999999999999957,0,0.0035391504651072214,False,False
M2_T_JUNCTION,6.516666666666649,390,O58,6,C0,215.1688465662098,-58.42634764409074,-0.32471545130690066,-0.9458117548870684,0.32471110502785416,0.32471110502785416,0.32471110502785416,0.8376549180628035,0.8485982066704267,0.06311180272299852,1.2999999999999954,0,0.2147420477518358,False,True
M2_T_JUNCTION,6.516666666666649,390,O58,6,C1,215.2418557507044,47.741062035790875,-0.1528960995786603,0.9882422692506289,0.15290064083301722,0.15290064083301722,0.15290064083301722,0.761419155764956,0.771934405394698,0.015370737460296522,1.1999999999999957,0,0.252766867746268,False,True
M2_T_JUNCTION,6.516666666666649,390,O59,8,C0,215.1688465662098,-58.42634764409074,-0.32471545130690066,-0.9458117548870684,-0.9722677214053536,-0.9722677214053536,0.9722677214053536,1.1349087968868115,1.1349235134893185,0.06223418581442141,1.2999999999999954,0,0.0,False,False
M2_T_JUNCTION,6.516666666666649,390,O59,8,C1,215.2418557507044,47.741062035790875,-0.1528960995786603,0.9882422692506289,0.9693679217682266,0.9693679217682266,0.9693679217682266,0.1294902418206573,0.13459273917954376,0.014493120551719415,1.1999999999999957,0,0.8729222948236256,True,True
M2_T_JUNCTION,6.6166666666666485,396,O60,1,C0,215.1688465662098,-58.42634764409074,-0.32471545130690066,-0.9458117548870684,0.8920902769524268,0.8920902769524268,0.8920902769524268,0.24713443606359434,0.2530861453233258,0.05711024616091517,1.399999999999995,0,0.7683243099173771,True,True
M2_T_JUNCTION,6.6166666666666485,396,O60,1,C1,215.2418557507044,47.741062035790875,-0.1528960995786603,0.9882422692506289,-0.9998819926092891,-0.9998819926092891,0.9998819926092891,1.0170901227418598,1.0170964612976559,0.009369180898213174,1.2999999999999954,0,0.0018593143520286848,False,False
M2_T_JUNCTION,6.6166666666666485,396,O61,2,C0,215.1688465662098,-58.42634764409074,-0.32471545130690066,-0.9458117548870684,0.3247152120186098,0.3247152120186098,0.3247152120186098,0.8365484659774994,0.847850048485534,0.0631360921969424,1.399999999999995,0,0.21577928907882027,False,True
M2_T_JUNCTION,6.6166666666666485,396,O61,2,C1,215.2418557507044,47.741062035790875,-0.1528960995786603,0.9882422692506289,0.15289634960176213,0.15289634960176213,0.15289634960176213,0.7624645414003434,0.7726483574048301,0.0153950269342404,1.2999999999999954,0,0.25174095872253344,False,True
M2_T_JUNCTION,6.6166666666666485,396,O62,4,C0,215.1688465662098,-58.42634764409074,-0.32471545130690066,-0.9458117548870684,-0.9724290943507647,-0.9724290943507647,0.9724290943507647,1.1331849111380916,1.133199632755707,0.062164995587802405,1.399999999999995,0,0.0,False,False
M2_T_JUNCTION,6.6166666666666485,396,O62,4,C1,215.2418557507044,47.741062035790875,-0.1528960995786603,0.9882422692506289,0.9691979711604677,0.9691979711604677,0.9691979711604677,0.1312082655331775,0.13582921957730687,0.014423930325100406,1.2999999999999954,0,0.8712362796632861,True,True
M2_T_JUNCTION,6.716666666666648,402,O63,1,C0,215.1688465662098,-58.42634764409074,-0.32471545130690066,-0.9458117548870684,0.8922859702656488,0.8922859702656488,0.8922859702656488,0.24615836543594766,0.25240100902350104,0.057172484497534815,1.4999999999999947,0,0.7692393254038115,True,True
M2_T_JUNCTION,6.716666666666648,402,O63,1,C1,215.2418557507044,47.741062035790875,-0.1528960995786603,0.9882422692506289,-0.9998752426962698,-0.9998752426962698,0.9998752426962698,1.0180672570576814,1.0180736001273698,0.009431419234832816,1.399999999999995,0,0.0009003850554438753,False,False
M2_T_JUNCTION,6.716666666666648,402,O64,2,C0,215.1688465662098,-58.42634764409074,-0.32471545130690066,-0.9458117548870684,0.3247177121536611,0.3247177121536611,0.3247177121536611,0.8359292744555875,0.8474541256531323,0.06314897956907134,1.4999999999999947,0,0.21635974895085264,False,True
M2_T_JUNCTION,6.716666666666648,402,O64,2,C1,215.2418557507044,47.741062035790875,-0.1528960995786603,0.9882422692506289,0.15289373730556383,0.15289373730556383,0.15289373730556383,0.7630495187125387,0.7730726904963247,0.015407914306369347,1.399999999999995,0,0.25116688014048116,False,True
M2_T_JUNCTION,6.716666666666648,402,O65,4,C0,215.1688465662098,-58.42634764409074,-0.32471545130690066,-0.9458117548870684,-0.9725280990679768,-0.9725280990679768,0.9725280990679768,1.1322013325177807,1.1322160578187928,0.06212293128979917,1.4999999999999947,0,0.0,False,False
M2_T_JUNCTION,6.716666666666648,402,O65,4,C1,215.2418557507044,47.741062035790875,-0.1528960995786603,0.9882422692506289,0.9690932313150005,0.9690932313150005,0.9690932313150005,0.13218859567390298,0.13656507107526944,0.014381866027097175,1.399999999999995,0,0.8702742140833085,True,True
M2_T_JUNCTION,6.816666666666648,408,O66,1,C0,215.1688465662098,-58.42634764409074,-0.32471545130690066,-0.9458117548870684,0.892464161410056,0.892464161410056,0.892464161410056,0.2453116268356929,0.251816386470552,0.057229469507746156,1.5999999999999943,0,0.7700330988360301,True,True
M2_T_JUNCTION,6.816666666666648,408,O66,1,C1,215.2418557507044,47.741062035790875,-0.1528960995786603,0.9882422692506289,-0.9998689279734535,-0.9998689279734535,0.9998689279734535,1.0189149400709214,1.0189212882957919,0.009488404245044163,1.4999999999999947,0,6.849525027430303e-05,False,False
M2_T_JUNCTION,6.816666666666648,408,O67,2,C0,215.1688465662098,-58.42634764409074,-0.32471545130690066,-0.9458117548870684,0.32471993667858273,0.32471993667858273,0.32471993667858273,0.835398187420128,0.8471273737480687,0.0631643472994796,1.5999999999999943,0,0.2168576154456795,False,True
M2_T_JUNCTION,6.816666666666648,408,O67,2,C1,215.2418557507044,47.741062035790875,-0.1528960995786603,0.9882422692506289,0.1528914129810353,0.1528914129810353,0.1528914129810353,0.7635511245276925,0.7734494963574756,0.01542328203677761,1.4999999999999947,0,0.2506746197585664,False,True
M2_T_JUNCTION,6.816666666666648,408,O68,4,C0,215.1688465662098,-58.42634764409074,-0.32471545130690066,-0.9458117548870684,-0.9726173422577018,-0.9726173422577018,0.9726173422577018,1.1313459702250144,1.13136069959911,0.062085275483588595,1.5999999999999943,0,0.0,False,False
M2_T_JUNCTION,6.816666666666648,408,O68,4,C1,215.2418557507044,47.741062035790875,-0.1528960995786603,0.9882422692506289,0.9689985085333688,0.9689985085333688,0.9689985085333688,0.13304119263389766,0.13722074787555552,0.0143442102208866,1.4999999999999947,0,0.8694375018832762,True,True
M2_T_JUNCTION,6.916666666666647,414,O69,1,C0,215.1688465662098,-58.42634764409074,-0.32471545130690066,-0.9458117548870684,-0.9727336322000881,-0.9727336322000881,0.9727336322000881,1.1306137311845748,1.1306276074920576,0.0617317739626493,1.699999999999994,0,0.0,False,False
M2_T_JUNCTION,6.916666666666647,414,O69,1,C1,215.2418557507044,47.741062035790875,-0.1528960995786603,0.9882422692506289,0.9688746349494044,0.9688746349494044,0.9688746349494044,0.13375753730203527,0.1376827751387275,0.013990708699947299,1.5999999999999943,0,0.8687345034544962,True,True
M2_T_JUNCTION,7.016666666666647,420,O70,1,C0,215.1688465662098,-58.42634764409074,-0.32471545130690066,-0.9458117548870684,0.8940434337393989,0.8940434337393989,0.8940434337393989,0.24382070066540074,0.24403532663053729,0.04307376703831353,1.7999999999999936,0,0.7714307646363389,True,True
M2_T_JUNCTION,7.016666666666647,420,O70,1,C1,215.2418557507044,47.741062035790875,-0.1528960995786603,0.9882422692506289,-0.9998058815054244,-0.9998058815054244,0.9998058815054244,1.020120924236792,1.0201276980981637,0.004667298224388462,1.699999999999994,0,0.003449521474135575,False,True
M2_T_JUNCTION,7.016666666666647,420,O71,2,C0,215.1688465662098,-58.42634764409074,-0.32471545130690066,-0.9458117548870684,0.3124558352607366,0.3124558352607366,0.3124558352607366,0.8397486918017206,0.8406494140994525,0.06308928441066085,1.7999999999999936,0,0.21277924368629597,False,True
M2_T_JUNCTION,7.016666666666647,420,O71,2,C1,215.2418557507044,47.741062035790875,-0.1528960995786603,0.9882422692506289,0.16566453504731868,0.16566453504731868,0.16566453504731868,0.7690542232997731,0.7777604934406028,0.01534821914795885,1.699999999999994,0,0.24527404938753028,False,True
M2_T_JUNCTION,7.016666666666647,420,O72,4,C0,215.1688465662098,-58.42634764409074,-0.32471545130690066,-0.9458117548870684,-0.9729541857323215,-0.9729541857323215,0.9729541857323215,1.1300777504185386,1.13008844028485,0.06041268876250833,1.7999999999999936,0,0.0,False,False
M2_T_JUNCTION,7.016666666666647,420,O72,4,C1,215.2418557507044,47.741062035790875,-0.1528960995786603,0.9882422692506289,0.9686383096716203,0.9686383096716203,0.9686383096716203,0.13423940832745457,0.13767503687486857,0.012671623499806339,1.699999999999994,0,0.8682616101828466,True,True
M2_T_JUNCTION,7.116666666666647,426,O73,1,C0,215.1688465662098,-58.42634764409074,-0.32471545130690066,-0.9458117548870684,0.8941209895262732,0.8941209895262732,0.8941209895262732,0.24330052820664502,0.24370966688868564,0.04357867916275857,1.8999999999999932,0,0.7719183992827432,True,True
M2_T_JUNCTION,7.116666666666647,426,O73,1,C1,215.2418557507044,47.741062035790875,-0.1528960995786603,0.9882422692506289,-0.9998024549203083,-0.9998024549203083,0.9998024549203083,1.0206463466940396,1.0206522674807472,0.004162386099943423,1.7999999999999936,0,0.002444198921224383,False,True
M2_T_JUNCTION,7.116666666666647,426,O74,2,C0,215.1688465662098,-58.42634764409074,-0.32471545130690066,-0.9458117548870684,0.31342778393252163,0.31342778393252163,0.31342778393252163,0.839542249600634,0.8407442447273121,0.06285956953860453,1.8999999999999932,0,0.21297277252088787,False,True
M2_T_JUNCTION,7.116666666666647,426,O74,2,C1,215.2418557507044,47.741062035790875,-0.1528960995786603,0.9882422692506289,0.16465523974498458,0.16465523974498458,0.16465523974498458,0.7692921209116595,0.7775586685950447,0.015118504275902535,1.7999999999999936,0,0.24504058405330587,False,True
M2_T_JUNCTION,7.116666666666647,426,O75,4,C0,215.1688465662098,-58.42634764409074,-0.32471545130690066,-0.9458117548870684,-0.9730526823454331,-0.9730526823454331,0.9730526823454331,1.129671819299032,1.1296812165453052,0.0598204275311203,1.8999999999999932,0,0.0,False,False
M2_T_JUNCTION,7.116666666666647,426,O75,4,C1,215.2418557507044,47.741062035790875,-0.1528960995786603,0.9882422692506289,0.9685321774876249,0.9685321774876249,0.9685321774876249,0.1346217593808814,0.1377993353731509,0.012079362268418305,1.7999999999999936,0,0.8678863827235563,True,True
M2_T_JUNCTION,7.216666666666646,432,O76,1,C0,215.1688465662098,-58.42634764409074,-0.32471545130690066,-0.9458117548870684,0.894113826531818,0.894113826531818,0.894113826531818,0.24331066538581922,0.24370451128694554,0.04353206070772806,1.999999999999993,0,0.7719088962041027,True,True
M2_T_JUNCTION,7.216666666666646,432,O76,1,C1,215.2418557507044,47.741062035790875,-0.1528960995786603,0.9882422692506289,-0.9998027727034073,-0.9998027727034073,0.9998027727034073,1.0206357182021808,1.0206417151220994,0.0042090045549739346,1.8999999999999932,0,0.002500036833307795,False,True
M2_T_JUNCTION,7.216666666666646,432,O77,2,C0,215.1688465662098,-58.42634764409074,-0.32471545130690066,-0.9458117548870684,0.313338079642425,0.313338079642425,0.313338079642425,0.8395307607098905,0.8407039485032538,0.06288081771938232,1.999999999999993,0,0.2129835427588752,False,True
M2_T_JUNCTION,7.216666666666646,432,O77,2,C1,215.2418557507044,47.741062035790875,-0.1528960995786603,0.9882422692506289,0.16474841237963822,0.16474841237963822,0.16474841237963822,0.769299058042007,0.7776009328863858,0.015139752456680321,1.8999999999999932,0,0.24503377616884547,False,True
M2_T_JUNCTION,7.216666666666646,432,O78,4,C0,215.1688465662098,-58.42634764409074,-0.32471545130690066,-0.9458117548870684,-0.9730436014449823,-0.9730436014449823,0.9730436014449823,1.1296714142805415,1.129680927862504,0.05987511362762091,1.999999999999993,0,0.0,False,False
M2_T_JUNCTION,7.216666666666646,432,O78,4,C1,215.2418557507044,47.741062035790875,-0.1528960995786603,0.9882422692506289,0.9685419777352056,0.9685419777352056,0.9685419777352056,0.13462421371012198,0.1378160884530754,0.01213404836491891,1.8999999999999932,0,0.8678839741209987,True,True
M2_T_JUNCTION,7.316666666666646,438,O79,1,C0,215.1688465662098,-58.42634764409074,-0.32471545130690066,-0.9458117548870684,0.8940800136555607,0.8940800136555607,0.8940800136555607,0.24340571900937527,0.24372364597330728,0.04331195774542199,2.0999999999999925,0,0.7718197883720136,True,True
M2_T_JUNCTION,7.316666666666646,438,O79,1,C1,215.2418557507044,47.741062035790875,-0.1528960995786603,0.9882422692506289,-0.9998042692068436,-0.9998042692068436,0.9998042692068436,1.0205383711972156,1.020544734409874,0.004429107517280005,1.999999999999993,0,0.002809686447550641,False,True
M2_T_JUNCTION,7.316666666666646,438,O80,2,C0,215.1688465662098,-58.42634764409074,-0.32471545130690066,-0.9458117548870684,0.31291445474742,0.31291445474742,0.31291445474742,0.8395145470924271,0.8405525800206546,0.06298103206370224,2.0999999999999925,0,0.2129987421826156,False,True
M2_T_JUNCTION,7.316666666666646,438,O80,2,C1,215.2418557507044,47.741062035790875,-0.1528960995786603,0.9882422692506289,0.16518835729776948,0.16518835729776948,0.16518835729776948,0.7692958226767085,0.7777708075039949,0.015239966801000244,1.999999999999993,0,0.24503695125595448,False,True
M2_T_JUNCTION,7.316666666666646,438,O81,4,C0,215.1688465662098,-58.42634764409074,-0.32471545130690066,-0.9458117548870684,-0.9730006906962911,-0.9730006906962911,0.9730006906962911,1.1297166728089985,1.12972674477643,0.060133299456164684,2.0999999999999925,0,0.0,False,False
M2_T_JUNCTION,7.316666666666646,438,O81,4,C1,215.2418557507044,47.741062035790875,-0.1528960995786603,0.9882422692506289,0.9685882453670543,0.9685882453670543,0.9685882453670543,0.13458882547882803,0.13785978931989812,0.012392234193462687,1.999999999999993,0,0.8679187030330762,True,True
M2_T_JUNCTION,7.416666666666646,444,O82,1,C0,215.1688465662098,-58.42634764409074,-0.32471545130690066,-0.9458117548870684,-0.9728800677969062,-0.9728800677969062,0.9728800677969062,1.1299895337484183,1.1300012545163653,0.060857064758909896,2.199999999999992,0,0.0,False,False
M2_T_JUNCTION,7.416666666666646,444,O82,1,C1,215.2418557507044,47.741062035790875,-0.1528960995786603,0.9882422692506289,0.9687179316200346,0.9687179316200346,0.9687179316200346,0.13434470812340185,0.13787470796656018,0.013115999496207903,2.0999999999999925,0,0.8681582722306088,True,True
M2_T_JUNCTION,7.516666666666645,450,O83,1,C0,215.1688465662098,-58.42634764409074,-0.32471545130690066,-0.9458117548870684,-0.9728064478899346,-0.9728064478899346,0.9728064478899346,1.130225607956018,1.1302383922122605,0.06129735888853004,2.299999999999992,0,0.0,False,False
M2_T_JUNCTION,7.516666666666645,450,O83,1,C1,215.2418557507044,47.741062035790875,-0.1528960995786603,0.9882422692506289,0.9687968140034319,0.9687968140034319,0.9687968140034319,0.13412683358697544,0.1378338329155588,0.01355629362582804,2.199999999999992,0,0.8683720875399028,True,True
M2_T_JUNCTION,7.616666666666645,456,O84,1,C0,215.1688465662098,-58.42634764409074,-0.32471545130690066,-0.9458117548870684,-0.9727535217691314,-0.9727535217691314,0.9727535217691314,1.130355045411282,1.1303686219509892,0.06161321898572342,2.3999999999999915,0,0.0,False,False
M2_T_JUNCTION,7.616666666666645,456,O84,1,C1,215.2418557507044,47.741062035790875,-0.1528960995786603,0.9882422692506289,0.9688533978705126,0.9688533978705126,0.9688533978705126,0.1340105807177484,0.13783482914563305,0.013872153723021424,2.299999999999992,0,0.8684861744983781,True,True
M2_T_JUNCTION,7.716666666666645,462,O85,1,C0,215.1688465662098,-58.42634764409074,-0.32471545130690066,-0.9458117548870684,-0.9726827693317026,-0.9726827693317026,0.9726827693317026,1.1305058358556055,1.1305205071641857,0.06203459131005353,2.499999999999991,0,0.0,False,False
M2_T_JUNCTION,7.716666666666645,462,O85,1,C1,215.2418557507044,47.741062035790875,-0.1528960995786603,0.9882422692506289,0.9689288766507543,0.9689288766507543,0.9689288766507543,0.13387762421023994,0.13785296927535443,0.014293526047351537,2.3999999999999915,0,0.8686166538891404,True,True
M2_T_JUNCTION,7.816666666666644,468,O86,1,C0,215.1688465662098,-58.42634764409074,-0.32471545130690066,-0.9458117548870684,-0.9726360105410637,-0.9726360105410637,0.9726360105410637,1.1308972472479755,1.1309119828031737,0.06207743051138743,2.5999999999999908,0,0.0,False,False
M2_T_JUNCTION,7.816666666666644,468,O86,1,C1,215.2418557507044,47.741062035790875,-0.1528960995786603,0.9882422692506289,0.9689786567020948,0.9689786567020948,0.9689786567020948,0.133488489783354,0.13755228386352564,0.014336365248685434,2.499999999999991,0,0.8689985383406521,True,True
M2_T_JUNCTION,7.916666666666644,474,O87,1,C0,215.1688465662098,-58.42634764409074,-0.32471545130690066,-0.9458117548870684,0.8924071095122393,0.8924071095122393,0.8924071095122393,0.24532558609985738,0.25185106210791414,0.05721119229129321,2.6999999999999904,0,0.7700200127513473,True,True
M2_T_JUNCTION,7.916666666666644,474,O87,1,C1,215.2418557507044,47.741062035790875,-0.1528960995786603,0.9882422692506289,-0.9998709672776631,-0.9998709672776631,0.9998709672776631,1.0189009480373876,1.0189072928471667,0.009470127028591216,2.5999999999999908,0,8.222659780465769e-05,False,False
M2_T_JUNCTION,7.916666666666644,474,O88,2,C0,215.1688465662098,-58.42634764409074,-0.32471545130690066,-0.9458117548870684,0.3247192297962374,0.3247192297962374,0.3247192297962374,0.8353595225058037,0.8471045672536303,0.06315905236863746,2.6999999999999904,0,0.2168938617934194,False,True
M2_T_JUNCTION,7.916666666666644,474,O88,2,C1,215.2418557507044,47.741062035790875,-0.1528960995786603,0.9882422692506289,0.1528921515767753,0.1528921515767753,0.1528921515767753,0.7635880109495684,0.773478393553392,0.01541798710593547,2.5999999999999908,0,0.2506384205687413,False,True
M2_T_JUNCTION,7.916666666666644,474,O89,4,C0,215.1688465662098,-58.42634764409074,-0.32471545130690066,-0.9458117548870684,-0.972588862370535,-0.972588862370535,0.972588862370535,1.1313626069937788,1.1313773398321172,0.06209726508093537,2.6999999999999904,0,0.0,False,False
M2_T_JUNCTION,7.916666666666644,474,O89,4,C1,215.2418557507044,47.741062035790875,-0.1528960995786603,0.9882422692506289,0.9690287691217262,0.9690287691217262,0.9690287691217262,0.13302461451551006,0.13719100507825774,0.01435619981823337,2.5999999999999908,0,0.8694537711342345,True,True
M2_T_JUNCTION,8.016666666666644,480,O90,1,C0,215.1688465662098,-58.42634764409074,-0.32471545130690066,-0.9458117548870684,0.8923478364447853,0.8923478364447853,0.8923478364447853,0.2456466585030878,0.2520671256103074,0.05719223555058558,2.799999999999991,0,0.769719024059647,True,True
M2_T_JUNCTION,8.016666666666644,480,O90,1,C1,215.2418557507044,47.741062035790875,-0.1528960995786603,0.9882422692506289,-0.999873068509634,-0.999873068509634,0.999873068509634,1.018579519152056,1.0185858625023954,0.009451170287883585,2.6999999999999913,0,0.00039766693177156753,False,False
M2_T_JUNCTION,8.016666666666644,480,O91,2,C0,215.1688465662098,-58.42634764409074,-0.32471545130690066,-0.9458117548870684,0.32471849006558834,0.32471849006558834,0.32471849006558834,0.8355681809413482,0.8472310317211516,0.06315392457705268,2.799999999999991,0,0.21669825535420228,False,True
M2_T_JUNCTION,8.016666666666644,480,O91,2,C1,215.2418557507044,47.741062035790875,-0.1528960995786603,0.9882422692506289,0.1528929244942227,0.1528929244942227,0.1528929244942227,0.763390833929386,0.7733284431348897,0.015412859314350684,2.6999999999999913,0,0.2508319239778476,False,True
M2_T_JUNCTION,8.016666666666644,480,O92,4,C0,215.1688465662098,-58.42634764409074,-0.32471545130690066,-0.9458117548870684,-0.972559180732582,-0.972559180732582,0.972559180732582,1.131686598329394,1.1317013290498743,0.06210978800092008,2.799999999999991,0,0.0,False,False
M2_T_JUNCTION,8.016666666666644,480,O92,4,C1,215.2418557507044,47.741062035790875,-0.1528960995786603,0.9882422692506289,0.9690602746431397,0.9690602746431397,0.9690602746431397,0.1327016653916487,0.13694359622848942,0.014368722738218088,2.6999999999999913,0,0.8697707033831206,True,True
M2_T_JUNCTION,8.11666666666665,486,O93,1,C0,215.1688465662098,-58.42634764409074,-0.32471545130690066,-0.9458117548870684,0.8923350543806481,0.8923350543806481,0.8923350543806481,0.24575979503784687,0.2521400406033414,0.057188151882164175,2.899999999999996,0,0.7696129644380849,True,True
M2_T_JUNCTION,8.11666666666665,486,O93,1,C1,215.2418557507044,47.741062035790875,-0.1528960995786603,0.9882422692506289,-0.9998735193022461,-0.9998735193022461,0.9998735193022461,1.018466259787339,1.01847260312105,0.009447086619462178,2.7999999999999963,0,0.0005088161578102879,False,False
M2_T_JUNCTION,8.11666666666665,486,O94,2,C0,215.1688465662098,-58.42634764409074,-0.32471545130690066,-0.9458117548870684,0.3247183298306511,0.3247183298306511,0.3247183298306511,0.8356488165926963,0.8472803498703126,0.06315286876897323,2.899999999999996,0,0.2166226636217473,False,True
M2_T_JUNCTION,8.11666666666665,486,O94,2,C1,215.2418557507044,47.741062035790875,-0.1528960995786603,0.9882422692506289,0.15289309191779712,0.15289309191779712,0.15289309191779712,0.7633146009077014,0.7732708394955012,0.015411803506271244,2.7999999999999963,0,0.25090673669978036,False,True
M2_T_JUNCTION,8.11666666666665,486,O95,4,C0,215.1688465662098,-58.42634764409074,-0.32471545130690066,-0.9458117548870684,-0.9725527675160265,-0.9725527675160265,0.9725527675160265,1.1318003854854826,1.1318151149296003,0.06211249743672773,2.899999999999996,0,0.0,False,False
M2_T_JUNCTION,8.11666666666665,486,O95,4,C1,215.2418557507044,47.741062035790875,-0.1528960995786603,0.9882422692506289,0.9690670776602017,0.9690670776602017,0.9690670776602017,0.1325882446841814,0.13685974167040377,0.014371432174025736,2.7999999999999963,0,0.8698820109459282,True,True
M2_T_JUNCTION,8.216666666666654,492,O96,1,C0,215.1688465662098,-58.42634764409074,-0.32471545130690066,-0.9458117548870684,0.8923777746660341,0.8923777746660341,0.8923777746660341,0.24560713089461178,0.2520300528776227,0.05720180631398432,3.000000000000001,0,0.7697560791383193,True,True
M2_T_JUNCTION,8.216666666666654,492,O96,1,C1,215.2418557507044,47.741062035790875,-0.1528960995786603,0.9882422692506289,-0.9998720094228517,-0.9998720094228517,0.9998720094228517,1.0186190970764788,1.0186254419573888,0.00946074105128232,2.9000000000000012,0,0.0003588263848653961,False,False
M2_T_JUNCTION,8.216666666666654,492,O97,2,C0,215.1688465662098,-58.42634764409074,-0.32471545130690066,-0.9458117548870684,0.32471886437620145,0.32471886437620145,0.32471886437620145,0.8355624212754164,0.8472273403721409,0.06315646694749975,3.000000000000001,0,0.21670365474168007,False,True
M2_T_JUNCTION,8.216666666666654,492,O97,2,C1,215.2418557507044,47.741062035790875,-0.1528960995786603,0.9882422692506289,0.1528925333908175,0.1528925333908175,0.1528925333908175,0.7633961625617328,0.7733321695985795,0.01541540168479776,2.9000000000000012,0,0.25082669462341256,False,True
M2_T_JUNCTION,8.216666666666654,492,O98,4,C0,215.1688465662098,-58.42634764409074,-0.32471545130690066,-0.9458117548870684,-0.9725741844913092,-0.9725741844913092,0.9725741844913092,1.1316457502408692,1.131660479661905,0.06210345431606409,3.000000000000001,0,0.0,False,False
M2_T_JUNCTION,8.216666666666654,492,O98,4,C1,215.2418557507044,47.741062035790875,-0.1528960995786603,0.9882422692506289,0.9690443530038397,0.9690443530038397,0.9690443530038397,0.13274237839158506,0.13698191584377858,0.014362389053362094,2.9000000000000012,0,0.8697307489083277,True,True
M2_T_JUNCTION,8.31666666666666,498,O99,1,C0,215.1688465662098,-58.42634764409074,-0.32471545130690066,-0.9458117548870684,0.8924845399861709,0.8924845399861709,0.8924845399861709,0.24519038472304627,0.25173610028291504,0.05723600531982784,3.100000000000006,0,0.77014675701561,True,True
M2_T_JUNCTION,8.31666666666666,498,O99,1,C1,215.2418557507044,47.741062035790875,-0.1528960995786603,0.9882422692506289,-0.9998681955470857,-0.9998681955470857,0.9998681955470857,1.0190363172246626,1.0190426659254759,0.009494940057125843,3.000000000000006,0,0.0,False,False
M2_T_JUNCTION,8.31666666666666,498,O100,2,C0,215.1688465662098,-58.42634764409074,-0.32471545130690066,-0.9458117548870684,0.3247201879578344,0.3247201879578344,0.3247201879578344,0.8353175429087449,0.8470788611133258,0.06316632381988896,3.100000000000006,0,0.21693321548395683,False,True
M2_T_JUNCTION,8.31666666666666,498,O100,2,C1,215.2418557507044,47.741062035790875,-0.1528960995786603,0.9882422692506289,0.1528911504283872,0.1528911504283872,0.1528911504283872,0.7636273218584408,0.7735078255132383,0.015425258557186964,3.000000000000006,0,0.2505998420626109,False,True
M2_T_JUNCTION,8.31666666666666,498,O101,4,C0,215.1688465662098,-58.42634764409074,-0.32471545130690066,-0.9458117548870684,-0.9726274938922496,-0.9726274938922496,0.9726274938922496,1.1312236055682368,1.1312383359675502,0.06208100807264182,3.100000000000006,0,0.0,False,False
M2_T_JUNCTION,8.31666666666666,498,O101,4,C1,215.2418557507044,47.741062035790875,-0.1528960995786603,0.9882422692506289,0.9689877149005474,0.9689877149005474,0.9689877149005474,0.13316316669456432,0.13731389443279557,0.014339942809939828,3.000000000000006,0,0.8693178003250536,True,True
M2_T_JUNCTION,8.416666666666664,504,O102,1,C0,215.1688465662098,-58.42634764409074,-0.32471545130690066,-0.9458117548870684,-0.9729082949415301,-0.9729082949415301,0.9729082949415301,1.1304499869936449,1.130461303361757,0.0606879589927878,3.200000000000011,0,0.0,False,False
M2_T_JUNCTION,8.416666666666664,504,O102,1,C1,215.2418557507044,47.741062035790875,-0.1528960995786603,0.9882422692506289,0.9686876327289351,0.9686876327289351,0.9686876327289351,0.13387889724028268,0.1374849001650082,0.012946893730085798,3.100000000000011,0,0.8686154045769593,True,True
M2_T_JUNCTION,8.51666666666667,510,O103,1,C0,215.1688465662098,-58.42634764409074,-0.32471545130690066,-0.9458117548870684,0.8946713109366833,0.8946713109366833,0.8946713109366833,0.2415063313410475,0.2437074973015915,0.047151295992674105,3.300000000000016,0,0.7736003655987382,True,True
M2_T_JUNCTION,8.51666666666667,510,O103,1,C1,215.2418557507044,47.741062035790875,-0.1528960995786603,0.9882422692506289,-0.9997772431239017,-0.9997772431239017,0.9997772431239017,1.022485986015473,1.0224875157752695,0.0005897692700278935,3.200000000000016,0,0.0,False,False
M2_T_JUNCTION,8.51666666666667,510,O104,2,C0,215.1688465662098,-58.42634764409074,-0.32471545130690066,-0.9458117548870684,0.31981806875011376,0.31981806875011376,0.31981806875011376,0.842714934132499,0.8466460564619327,0.05308454941245615,3.300000000000016,0,0.20999854565860987,False,True
M2_T_JUNCTION,8.51666666666667,510,O104,2,C1,215.2418557507044,47.741062035790875,-0.1528960995786603,0.9882422692506289,0.15800659963232466,0.15800659963232466,0.15800659963232466,0.7662757029078113,0.7742818961842937,0.0053434841497541526,3.200000000000016,0,0.24800080308133599,False,True
M2_T_JUNCTION,8.51666666666667,510,O105,4,C0,215.1688465662098,-58.42634764409074,-0.32471545130690066,-0.9458117548870684,-0.9755398391045729,-0.9755398391045729,0.9755398391045729,1.13274154694637,1.1327447530748267,0.05530638361532848,3.300000000000016,0,0.0,False,False
M2_T_JUNCTION,8.51666666666667,510,O105,4,C1,215.2418557507044,47.741062035790875,-0.1528960995786603,0.9882422692506289,0.9657244544858449,0.9657244544858449,0.9657244544858449,0.13143377785329508,0.13660052160933697,0.007565318352626484,3.200000000000016,0,0.8710149688700818,True,True
M2_T_JUNCTION,8.616666666666674,516,O106,1,C0,215.1688465662098,-58.42634764409074,-0.32471545130690066,-0.9458117548870684,0.8950943003741014,0.8950943003741014,0.8950943003741014,0.2390164098218181,0.2433924437437668,0.04988527225592235,3.400000000000021,0,0.7759345376202795,True,True
M2_T_JUNCTION,8.616666666666674,516,O106,1,C1,215.2418557507044,47.741062035790875,-0.1528960995786603,0.9882422692506289,-0.9997567905008993,-0.9997567905008993,0.9997567905008993,1.0250214877286896,1.0250215907247113,0.00214420699322035,3.300000000000021,0,0.0,False,False
M2_T_JUNCTION,8.616666666666674,516,O107,2,C0,215.1688465662098,-58.42634764409074,-0.32471545130690066,-0.9458117548870684,0.324750963246728,0.324750963246728,0.324750963246728,0.8412388205495386,0.847969723654856,0.053098113229853236,3.400000000000021,0,0.2113823254281142,False,True
M2_T_JUNCTION,8.616666666666674,516,O107,2,C1,215.2418557507044,47.741062035790875,-0.1528960995786603,0.9882422692506289,0.15285899417375648,0.15285899417375648,0.15285899417375648,0.7677365481009701,0.7727144860113173,0.005357047967151239,3.300000000000021,0,0.24656717493952074,False,True
M2_T_JUNCTION,8.616666666666674,516,O108,4,C0,215.1688465662098,-58.42634764409074,-0.32471545130690066,-0.9458117548870684,-0.9757592593157842,-0.9757592593157842,0.9757592593157842,1.1302038945357853,1.130204525440644,0.05247991051180769,3.400000000000021,0,0.0,False,False
M2_T_JUNCTION,8.616666666666674,516,O108,4,C1,215.2418557507044,47.741062035790875,-0.1528960995786603,0.9882422692506289,0.965464300695912,0.965464300695912,0.965464300695912,0.13388346618242206,0.13675672225957367,0.0047388452491056955,3.300000000000021,0,0.8686109207589203,True,True
M2_T_JUNCTION,8.71666666666668,522,O109,1,C0,215.1688465662098,-58.42634764409074,-0.32471545130690066,-0.9458117548870684,0.8952768160535859,0.8952768160535859,0.8952768160535859,0.23821771896248706,0.24342978281205652,0.051061750316313305,3.5000000000000258,0,0.7766832687924525,True,True
M2_T_JUNCTION,8.71666666666668,522,O109,1,C1,215.2418557507044,47.741062035790875,-0.1528960995786603,0.9882422692506289,-0.9997476755311633,-0.9997476755311633,0.9997476755311633,1.0258425422783348,1.0258425476013282,0.003320685053611309,3.400000000000026,0,0.0,False,False
M2_T_JUNCTION,8.71666666666668,522,O110,2,C0,215.1688465662098,-58.42634764409074,-0.32471545130690066,-0.9458117548870684,0.3268714920095238,0.3268714920095238,0.3268714920095238,0.8408224529124899,0.8486869585145109,0.05309547825180415,3.5000000000000258,0,0.21177264844896793,False,True
M2_T_JUNCTION,8.71666666666668,522,O110,2,C1,215.2418557507044,47.741062035790875,-0.1528960995786603,0.9882422692506289,0.15064205591293747,0.15064205591293747,0.15064205591293747,0.7681595171434561,0.7719957148307524,0.005354412989102151,3.400000000000026,0,0.24615208624616425,False,True
M2_T_JUNCTION,8.71666666666668,522,O111,4,C0,215.1688465662098,-58.42634764409074,-0.32471545130690066,-0.9458117548870684,-0.9758530272346829,-0.9758530272346829,0.9758530272346829,1.1293828879692054,1.129383021076347,0.051263026396886874,3.5000000000000258,0,0.0,False,False
M2_T_JUNCTION,8.71666666666668,522,O111,4,C1,215.2418557507044,47.741062035790875,-0.1528960995786603,0.9882422692506289,0.9653524750474463,0.9653524750474463,0.9653524750474463,0.13467240520720575,0.13674642003675821,0.003521961134184877,3.400000000000026,0,0.8678366804811667,True,True
M2_T_JUNCTION,8.816666666666684,528,O112,1,C0,215.1688465662098,-58.42634764409074,-0.32471545130690066,-0.9458117548870684,0.895482419420296,0.895482419420296,0.895482419420296,0.2371983473968888,0.24343073855726965,0.05238474546278634,3.6000000000000307,0,0.7776388766578405,True,True
M2_T_JUNCTION,8.816666666666684,528,O112,1,C1,215.2418557507044,47.741062035790875,-0.1528960995786603,0.9882422692506289,-0.9997371974744728,-0.9997371974744728,0.9997371974744728,1.0268892059569146,1.0268894720061823,0.004643680200084347,3.500000000000031,0,0.0,False,False
M2_T_JUNCTION,8.816666666666684,528,O113,2,C0,215.1688465662098,-58.42634764409074,-0.32471545130690066,-0.9458117548870684,0.3292544842037738,0.3292544842037738,0.3292544842037738,0.8402552032694496,0.849465175474051,0.053086421921062055,3.6000000000000307,0,0.21230441550900914,False,True
M2_T_JUNCTION,8.816666666666684,528,O113,2,C1,215.2418557507044,47.741062035790875,-0.1528960995786603,0.9882422692506289,0.14814776181889874,0.14814776181889874,0.14814776181889874,0.7687290697643876,0.7713154343587741,0.005345356658360059,3.500000000000031,0,0.2455931449774823,False,True
M2_T_JUNCTION,8.816666666666684,528,O114,4,C0,215.1688465662098,-58.42634764409074,-0.32471545130690066,-0.9458117548870684,-0.9759580073361627,-0.9759580073361627,0.9759580073361627,1.1283369798751575,1.1283369938776298,0.04989415945507638,3.6000000000000307,0,0.0,False,False
M2_T_JUNCTION,8.816666666666684,528,O114,4,C1,215.2418557507044,47.741062035790875,-0.1528960995786603,0.9882422692506289,0.9652268118813219,0.9652268118813219,0.9652268118813219,0.1356858764593851,0.13687708308216606,0.0021530941923743846,3.500000000000031,0,0.8668420912427934,True,True
M2_T_JUNCTION,8.91666666666669,534,O115,1,C0,215.1688465662098,-58.42634764409074,-0.32471545130690066,-0.9458117548870684,0.8956079148018118,0.8956079148018118,0.8956079148018118,0.23661842091002386,0.24345193121511527,0.053191073887138174,3.7000000000000357,0,0.778182527600144,True,True
M2_T_JUNCTION,8.91666666666669,534,O115,1,C1,215.2418557507044,47.741062035790875,-0.1528960995786603,0.9882422692506289,-0.9997306922807739,-0.9997306922807739,0.9997306922807739,1.027486829785057,1.0274874470413455,0.005450008624436178,3.600000000000036,0,0.0,False,False
M2_T_JUNCTION,8.91666666666669,534,O116,2,C0,215.1688465662098,-58.42634764409074,-0.32471545130690066,-0.9458117548870684,0.330705989342364,0.330705989342364,0.330705989342364,0.8399422613473287,0.8499564935550585,0.05307773743740845,3.7000000000000357,0,0.21259778229721538,False,True
M2_T_JUNCTION,8.91666666666669,534,O116,2,C1,215.2418557507044,47.741062035790875,-0.1528960995786603,0.9882422692506289,0.1466269232936353,0.1466269232936353,0.1466269232936353,0.769045440713534,0.7709514006597962,0.005336672174706453,3.600000000000036,0,0.24528266834513746,False,True
M2_T_JUNCTION,8.91666666666669,534,O117,4,C0,215.1688465662098,-58.42634764409074,-0.32471545130690066,-0.9458117548870684,-0.976021749152199,-0.976021749152199,0.976021749152199,1.1277401816401444,1.127740352200551,0.049059648254547096,3.7000000000000357,0,0.0,False,False
M2_T_JUNCTION,8.91666666666669,534,O117,4,C1,215.2418557507044,47.741062035790875,-0.1528960995786603,0.9882422692506289,0.9651502701735568,0.9651502701735568,0.9651502701735568,0.13626485924575013,0.13700220653030357,0.0013185829918451002,3.600000000000036,0,0.8662738955023778,True,True
M2_T_JUNCTION,9.016666666666694,540,O118,1,C0,215.1688465662098,-58.42634764409074,-0.32471545130690066,-0.9458117548870684,0.8957624216553508,0.8957624216553508,0.8957624216553508,0.23593058996454128,0.24348998080461703,0.054182563702353276,3.8000000000000407,0,0.7788273333645412,True,True
M2_T_JUNCTION,9.016666666666694,540,O118,1,C1,215.2418557507044,47.741062035790875,-0.1528960995786603,0.9882422692506289,-0.9997225688412494,-0.9997225688412494,0.9997225688412494,1.0281975391470137,1.0281987878402086,0.006441498439651282,3.700000000000041,0,0.0,False,False
M2_T_JUNCTION,9.016666666666694,540,O119,2,C0,215.1688465662098,-58.42634764409074,-0.32471545130690066,-0.9458117548870684,0.3324898986166148,0.3324898986166148,0.3324898986166148,0.8395772075977381,0.8505706057411773,0.0530637717221736,3.8000000000000407,0,0.21294000121539114,False,True
M2_T_JUNCTION,9.016666666666694,540,O119,2,C1,215.2418557507044,47.741062035790875,-0.1528960995786603,0.9882422692506289,0.1447562043604453,0.1447562043604453,0.1447562043604453,0.769415982583128,0.7706092318766984,0.005322706459471606,3.700000000000041,0,0.24491903005241578,False,True
M2_T_JUNCTION,9.016666666666694,540,O120,4,C0,215.1688465662098,-58.42634764409074,-0.32471545130690066,-0.9458117548870684,-0.9760998796162463,-0.9760998796162463,0.9760998796162463,1.1270308669411007,1.1270314682961462,0.048033270036048084,3.8000000000000407,0,0.0,False,False
M2_T_JUNCTION,9.016666666666694,540,O120,4,C1,215.2418557507044,47.741062035790875,-0.1528960995786603,0.9882422692506289,0.9650562002309467,0.9650562002309467,0.9650562002309467,0.13695423887941033,0.13725837034057264,0.00029220477334609046,3.700000000000041,0,0.8655973597216956,True,True
M2_T_JUNCTION,9.1166666666667,546,O121,1,C0,215.1688465662098,-58.42634764409074,-0.32471545130690066,-0.9458117548870684,0.8958760299085543,0.8958760299085543,0.8958760299085543,0.23536317449065897,0.24349597781926516,0.054910729477334656,3.9000000000000457,0,0.7793592558823785,True,True
M2_T_JUNCTION,9.1166666666667,546,O121,1,C1,215.2418557507044,47.741062035790875,-0.1528960995786603,0.9882422692506289,-0.9997165150165688,-0.9997165150165688,0.9997165150165688,1.028782610954933,1.028784463407759,0.007169664214632662,3.800000000000046,0,0.0,False,False
M2_T_JUNCTION,9.1166666666667,546,O122,2,C0,215.1688465662098,-58.42634764409074,-0.32471545130690066,-0.9458117548870684,0.33379937855768793,0.33379937855768793,0.33379937855768793,0.8392584135653516,0.8510061187962189,0.053051205383199594,3.9000000000000457,0,0.21323885405283372,False,True
M2_T_JUNCTION,9.1166666666667,546,O122,2,C1,215.2418557507044,47.741062035790875,-0.1528960995786603,0.9882422692506289,0.14338187796860588,0.14338187796860588,0.14338187796860588,0.7697362294417103,0.7705280356971623,0.005310140120497596,3.800000000000046,0,0.24460474972282198,False,True
M2_T_JUNCTION,9.1166666666667,546,O123,4,C0,215.1688465662098,-58.42634764409074,-0.32471545130690066,-0.9458117548870684,-0.9761570857564377,-0.9761570857564377,0.9761570857564377,1.1264470840081704,1.1264481693547996,0.04727931733897335,3.9000000000000457,0,0.0,False,False
M2_T_JUNCTION,9.1166666666667,546,O123,4,C1,215.2418557507044,47.741062035790875,-0.1528960995786603,0.9882422692506289,0.9649871479144261,0.9649871479144261,0.9649871479144261,0.13752470939976072,0.13762391112353536,0.0004617479237286456,3.800000000000046,0,0.86509864753971,True,True
M2_T_JUNCTION,9.216666666666704,552,O124,1,C0,215.1688465662098,-58.42634764409074,-0.32471545130690066,-0.9458117548870684,0.8959543432381764,0.8959543432381764,0.8959543432381764,0.2349811808060327,0.24350420917050583,0.0554122446644539,4.000000000000051,0,0.7797173551092714,True,True
M2_T_JUNCTION,9.216666666666704,552,O124,1,C1,215.2418557507044,47.741062035790875,-0.1528960995786603,0.9882422692506289,-0.9997123020675728,-0.9997123020675728,0.9997123020675728,1.0291771588457932,1.029179496100188,0.007671179401751903,3.900000000000051,0,0.0,False,False
M2_T_JUNCTION,9.216666666666704,552,O125,2,C0,215.1688465662098,-58.42634764409074,-0.32471545130690066,-0.9458117548870684,0.334700941596216,0.334700941596216,0.334700941596216,0.8390457342105228,0.8513094749238264,0.053041412675621,4.000000000000051,0,0.21343822989491035,False,True
M2_T_JUNCTION,9.216666666666704,552,O125,2,C1,215.2418557507044,47.741062035790875,-0.1528960995786603,0.9882422692506289,0.14243511500100275,0.14243511500100275,0.14243511500100275,0.7699503656987895,0.7705327458139105,0.005300347412919002,3.900000000000051,0,0.2443946030448787,False,True
M2_T_JUNCTION,9.216666666666704,552,O126,4,C0,215.1688465662098,-58.42634764409074,-0.32471545130690066,-0.9458117548870684,-0.9761964002970422,-0.9761964002970422,0.9761964002970422,1.1260535550024324,1.12605505634075,0.04675996077948918,4.000000000000051,0,0.0,False,False
M2_T_JUNCTION,9.216666666666704,552,O126,4,C1,215.2418557507044,47.741062035790875,-0.1528960995786603,0.9882422692506289,0.9649396058420813,0.9649396058420813,0.9649396058420813,0.1379097402445923,0.13793520219600705,0.0009811044832128161,3.900000000000051,0,0.8647898441169444,True,True
M2_T_JUNCTION,9.316666666666709,558,O127,1,C0,215.1688465662098,-58.42634764409074,-0.32471545130690066,-0.9458117548870684,0.8959906777952407,0.8959906777952407,0.8959906777952407,0.23477082249515324,0.24349621410909147,0.05564481064772104,4.100000000000056,0,0.7799145550932716,True,True
M2_T_JUNCTION,9.316666666666709,558,O127,1,C1,215.2418557507044,47.741062035790875,-0.1528960995786603,0.9882422692506289,-0.9997103363470915,-0.9997103363470915,0.9997103363470915,1.0293934805261002,1.0293960615878097,0.007903745385019045,4.000000000000056,0,0.0,False,False
M2_T_JUNCTION,9.316666666666709,558,O128,2,C0,215.1688465662098,-58.42634764409074,-0.32471545130690066,-0.9458117548870684,0.33511892965214946,0.33511892965214946,0.33511892965214946,0.8389202508149607,0.8514416572677793,0.053036556509754106,4.100000000000056,0,0.21355586405680127,False,True
M2_T_JUNCTION,9.316666666666709,558,O128,2,C1,215.2418557507044,47.741062035790875,-0.1528960995786603,0.9882422692506289,0.14199601768959702,0.14199601768959702,0.14199601768959702,0.7700751265188851,0.7705813023970082,0.0052954912470521125,4.000000000000056,0,0.244272166647427,False,True
M2_T_JUNCTION,9.316666666666709,558,O129,4,C0,215.1688465662098,-58.42634764409074,-0.32471545130690066,-0.9458117548870684,-0.9762146078833354,-0.9762146078833354,0.9762146078833354,1.1258377409731668,1.1258394581425668,0.046519098863387044,4.100000000000056,0,0.0,False,False
M2_T_JUNCTION,9.316666666666709,558,O129,4,C1,215.2418557507044,47.741062035790875,-0.1528960995786603,0.9882422692506289,0.9649175639890178,0.9649175639890178,0.9649175639890178,0.13812178423895774,0.13812985906807035,0.0012219663993149545,4.000000000000056,0,0.8646139219074782,True,True
M2_T_JUNCTION,9.416666666666714,564,O130,1,C0,215.1688465662098,-58.42634764409074,-0.32471545130690066,-0.9458117548870684,0.9001973649143744,0.9001973649143744,0.9001973649143744,0.2395154529030974,0.24368309249711478,0.05671032737757303,4.200000000000061,0,0.7754667106671528,True,True
M2_T_JUNCTION,9.416666666666714,564,O130,1,C1,215.2418557507044,47.741062035790875,-0.1528960995786603,0.9882422692506289,-0.9994343894272506,-0.9994343894272506,0.9994343894272506,1.0246408677171086,1.0246433975135538,0.00896926211487104,4.100000000000061,0,0.0,False,False
M2_T_JUNCTION,9.416666666666714,564,O131,2,C0,215.1688465662098,-58.42634764409074,-0.32471545130690066,-0.9458117548870684,0.3351946957698196,0.3351946957698196,0.3351946957698196,0.8428558116691302,0.8516979721773872,0.06270209755431567,4.200000000000061,0,0.20986648028950938,False,True
M2_T_JUNCTION,9.416666666666714,564,O131,2,C1,215.2418557507044,47.741062035790875,-0.1528960995786603,0.9882422692506289,0.1419164148178053,0.1419164148178053,0.1419164148178053,0.7665174539177217,0.7669894130578863,0.014961032291613682,4.100000000000061,0,0.24776355614186374,False,True
M2_T_JUNCTION,9.416666666666714,564,O132,4,C0,215.1688465662098,-58.42634764409074,-0.32471545130690066,-0.9458117548870684,-0.976224009848405,-0.976224009848405,0.976224009848405,1.1257567258855932,1.1257585602392548,0.046394640454760945,4.200000000000061,0,0.0,False,False
M2_T_JUNCTION,9.416666666666714,564,O132,4,C1,215.2418557507044,47.741062035790875,-0.1528960995786603,0.9882422692506289,0.9649061761720557,0.9649061761720557,0.9649061761720557,0.13820090811726354,0.1382039906493926,0.001346424807941052,4.100000000000061,0,0.8645528888381302,True,True
M2_T_JUNCTION,9.516666666666719,570,O133,1,C0,215.1688465662098,-58.42634764409074,-0.32471545130690066,-0.9458117548870684,0.9002630384711505,0.9002630384711505,0.9002630384711505,0.23943458686064384,0.24368492410034492,0.05692112064250665,4.3000000000000655,0,0.7755425183792956,True,True
M2_T_JUNCTION,9.516666666666719,570,O133,1,C1,215.2418557507044,47.741062035790875,-0.1528960995786603,0.9882422692506289,-0.9994293058138094,-0.9994293058138094,0.9994293058138094,1.024726759294836,1.0247295112717882,0.009180055379804656,4.200000000000066,0,0.0,False,False
M2_T_JUNCTION,9.516666666666719,570,O134,2,C0,215.1688465662098,-58.42634764409074,-0.32471545130690066,-0.9458117548870684,0.33554486493529834,0.33554486493529834,0.33554486493529834,0.8428198759808228,0.8518063219914211,0.0627859736754454,4.3000000000000655,0,0.20990016812969803,False,True
M2_T_JUNCTION,9.516666666666719,570,O134,2,C1,215.2418557507044,47.741062035790875,-0.1528960995786603,0.9882422692506289,0.14154847176521068,0.14154847176521068,0.14154847176521068,0.7665452950428714,0.7669630187653175,0.015044908412743413,4.200000000000066,0,0.24773623372556575,False,True
M2_T_JUNCTION,9.516666666666719,570,O135,4,C0,215.1688465662098,-58.42634764409074,-0.32471545130690066,-0.9458117548870684,-0.9762383457529185,-0.9762383457529185,0.9762383457529185,1.1256272960187845,1.1256293166173885,0.046204760089284695,4.3000000000000655,0,0.0,False,False
M2_T_JUNCTION,9.516666666666719,570,O135,4,C1,215.2418557507044,47.741062035790875,-0.1528960995786603,0.9882422692506289,0.9648888045076958,0.9648888045076958,0.9648888045076958,0.13832750944329383,0.13832752550668123,0.0015363051734173013,4.200000000000066,0,0.864454034845884,True,True
M2_T_JUNCTION,9.616666666666724,576,O136,1,C0,215.1688465662098,-58.42634764409074,-0.32471545130690066,-0.9458117548870684,0.90030674646254,0.90030674646254,0.90030674646254,0.23936049497053558,0.24367213917162026,0.05706138494867626,4.4000000000000705,0,0.7756119756756714,True,True
M2_T_JUNCTION,9.616666666666724,576,O136,1,C1,215.2418557507044,47.741062035790875,-0.1528960995786603,0.9882422692506289,-0.9994259090106755,-0.9994259090106755,0.9994259090106755,1.024804241204973,1.0248071461634995,0.00932031968597427,4.300000000000071,0,0.0,False,False
M2_T_JUNCTION,9.616666666666724,576,O137,2,C0,215.1688465662098,-58.42634764409074,-0.32471545130690066,-0.9458117548870684,0.3357778901847713,0.3357778901847713,0.3357778901847713,0.8427795428661824,0.851866425938118,0.06284171949163427,4.4000000000000705,0,0.20993797832853678,False,True
M2_T_JUNCTION,9.616666666666724,576,O137,2,C1,215.2418557507044,47.741062035790875,-0.1528960995786603,0.9882422692506289,0.14130358078343092,0.14130358078343092,0.14130358078343092,0.7665792775876468,0.7669662728287263,0.015100654228932274,4.300000000000071,0,0.24770288431061838,False,True
M2_T_JUNCTION,9.616666666666724,576,O138,4,C0,215.1688465662098,-58.42634764409074,-0.32471545130690066,-0.9458117548870684,-0.9762478797934357,-0.9762478797934357,0.9762478797934357,1.1255208460727688,1.1255229956207073,0.046078407896465765,4.4000000000000705,0,0.0,False,False
M2_T_JUNCTION,9.616666666666724,576,O138,4,C1,215.2418557507044,47.741062035790875,-0.1528960995786603,0.9882422692506289,0.9648772463414135,0.9648772463414135,0.9648772463414135,0.1384321099161584,0.13843298722025382,0.0016626573662362279,4.300000000000071,0,0.8643683304747809,True,True
M2_T_JUNCTION,9.716666666666729,582,O139,1,C0,215.1688465662098,-58.42634764409074,-0.32471545130690066,-0.9458117548870684,0.9002890742932977,0.9002890742932977,0.9002890742932977,0.2393502729388021,0.24364938260836805,0.05700467527162225,4.5000000000000755,0,0.7756215582991763,True,True
M2_T_JUNCTION,9.716666666666729,582,O139,1,C1,215.2418557507044,47.741062035790875,-0.1528960995786603,0.9882422692506289,-0.9994272837164676,-0.9994272837164676,0.9994272837164676,1.0248131255059485,1.0248159679862947,0.009263610008920255,4.400000000000076,0,0.0,False,False
M2_T_JUNCTION,9.716666666666729,582,O140,2,C0,215.1688465662098,-58.42634764409074,-0.32471545130690066,-0.9458117548870684,0.3356836749315222,0.3356836749315222,0.3356836749315222,0.8427633656984438,0.851818161949328,0.06281918751750448,4.5000000000000755,0,0.20995314358255457,False,True
M2_T_JUNCTION,9.716666666666729,582,O140,2,C1,215.2418557507044,47.741062035790875,-0.1528960995786603,0.9882422692506289,0.14140259715417633,0.14140259715417633,0.14140259715417633,0.7665961260227581,0.7670000655154467,0.01507812225480248,4.400000000000076,0,0.24768634977921533,False,True
M2_T_JUNCTION,9.716666666666729,582,O141,4,C0,215.1688465662098,-58.42634764409074,-0.32471545130690066,-0.9458117548870684,-0.9762440256291202,-0.9762440256291202,0.9762440256291202,1.125523671990712,1.1255257689668545,0.04612949316899637,4.5000000000000755,0,0.0,False,False
M2_T_JUNCTION,9.716666666666729,582,O141,4,C1,215.2418557507044,47.741062035790875,-0.1528960995786603,0.9882422692506289,0.9648819192654826,0.9648819192654826,0.9648819192654826,0.13843001456234427,0.13843028038647417,0.0016115720937056228,4.400000000000076,0,0.8643635945895435,True,True
M2_T_JUNCTION,9.816666666666734,588,O142,1,C0,215.1688465662098,-58.42634764409074,-0.32471545130690066,-0.9458117548870684,0.9002003385740677,0.9002003385740677,0.9002003385740677,0.2394368875170031,0.24363092452253268,0.05671987297817725,4.6000000000000805,0,0.7755403616335252,True,True
M2_T_JUNCTION,9.816666666666734,588,O142,1,C1,215.2418557507044,47.741062035790875,-0.1528960995786603,0.9882422692506289,-0.9994341597698867,-0.9994341597698867,0.9994341597698867,1.0247197242848496,1.0247222637277325,0.008978807715475259,4.500000000000081,0,0.0,False,False
M2_T_JUNCTION,9.816666666666734,588,O143,2,C0,215.1688465662098,-58.42634764409074,-0.32471545130690066,-0.9458117548870684,0.33521055216760726,0.33521055216760726,0.33521055216760726,0.8427936215821008,0.8516580120384744,0.06270589840337085,4.6000000000000805,0,0.20992478026404282,False,True
M2_T_JUNCTION,9.816666666666734,588,O143,2,C1,215.2418557507044,47.741062035790875,-0.1528960995786603,0.9882422692506289,0.14189975505650976,0.14189975505650976,0.14189975505650976,0.7665757380120478,0.7670539222258596,0.014964833140668855,4.500000000000081,0,0.2477063579402764,False,True
M2_T_JUNCTION,9.816666666666734,588,O144,4,C0,215.1688465662098,-58.42634764409074,-0.32471545130690066,-0.9458117548870684,-0.9762246592425612,-0.9762246592425612,0.9762246592425612,1.1256758951131256,1.1256777377737253,0.04638604201714324,4.6000000000000805,0,0.0,False,False
M2_T_JUNCTION,9.816666666666734,588,O144,4,C1,215.2418557507044,47.741062035790875,-0.1528960995786603,0.9882422692506289,0.9649053894658802,0.9649053894658802,0.9649053894658802,0.13828158258228745,0.13828428560926675,0.0013550232455587534,4.500000000000081,0,0.8644749639794818,True,True
M2_T_JUNCTION,9.916666666666739,594,O145,1,C0,215.1688465662098,-58.42634764409074,-0.32471545130690066,-0.9458117548870684,0.8959599211103842,0.8959599211103842,0.8959599211103842,0.2348386265120824,0.24346309042326608,0.055447951753142564,4.700000000000085,0,0.7798509923512165,True,True
M2_T_JUNCTION,9.916666666666739,594,O145,1,C1,215.2418557507044,47.741062035790875,-0.1528960995786603,0.9882422692506289,-0.9997120007573093,-0.9997120007573093,0.9997120007573093,1.029320722759231,1.0293230963813658,0.007706886490440569,4.600000000000086,0,0.0,False,False
M2_T_JUNCTION,9.916666666666739,594,O146,2,C0,215.1688465662098,-58.42634764409074,-0.32471545130690066,-0.9458117548870684,0.3347651212695565,0.3347651212695565,0.3347651212695565,0.8389375238492511,0.8513007396221361,0.05304068005422194,4.700000000000085,0,0.2135396714848441,False,True
M2_T_JUNCTION,9.916666666666739,594,O146,2,C1,215.2418557507044,47.741062035790875,-0.1528960995786603,0.9882422692506289,0.14236770043975422,0.14236770043975422,0.14236770043975422,0.770053748676904,0.7706356870706954,0.005299614791519943,4.600000000000086,0,0.2442931461981822,False,True
M2_T_JUNCTION,9.916666666666739,594,O147,4,C0,215.1688465662098,-58.42634764409074,-0.32471545130690066,-0.9458117548870684,-0.9761991967759457,-0.9761991967759457,0.9761991967759457,1.1259100640382118,1.1259115976441156,0.046722980895075865,4.700000000000085,0,0.0,False,False
M2_T_JUNCTION,9.916666666666739,594,O147,4,C1,215.2418557507044,47.741062035790875,-0.1528960995786603,0.9882422692506289,0.9649362214468673,0.9649362214468673,0.9649362214468673,0.13805260184595494,0.13807367633290704,0.001018084367626129,4.600000000000086,0,0.8646546861127544,True,True
M3_ANGLED_Y,2.5166666666666626,150,O1,0,C1,247.5454358087665,31.500988729395463,0.289358540692669,0.9572207869286005,-0.8370073911881917,-0.8370073911881917,0.8370073911881917,0.7878018711112527,0.7878035683336219,0.010433793895130503,0.09999999999999964,0,0.0,False,False
M3_ANGLED_Y,2.5166666666666626,150,O2,14,C1,247.5454358087665,31.500988729395463,0.289358540692669,0.9572207869286005,0.9998329595025487,0.9998329595025487,0.9998329595025487,0.005788236656099823,0.011163480478952468,0.01360415987070418,0.09999999999999964,0,0.9922687332371493,True,True
M3_ANGLED_Y,2.5166666666666626,150,O2,14,C0,248.34488283990444,-34.66953931341388,0.28158791918374826,-0.9595354312216756,-0.8268664912013427,-0.8268664912013427,0.8268664912013427,0.7833186339885818,0.7833433687914654,0.003170365975573678,0.0,0,0.0,False,False
M3_ANGLED_Y,2.6166666666666623,156,O3,0,C1,247.5454358087665,31.500988729395463,0.289358540692669,0.9572207869286005,-0.8315667875883735,-0.8315667875883735,0.8315667875883735,0.7821878513743133,0.7821883799334117,0.003812240686651488,0.1999999999999993,0,0.0,False,False
M3_ANGLED_Y,2.6166666666666623,156,O3,0,C0,248.34488283990444,-34.66953931341388,0.28158791918374826,-0.9595354312216756,0.9999513072018972,0.9999513072018972,0.9999513072018972,0.013446688235792722,0.015442107942914654,0.01424603458178199,0.09999999999999964,0,0.9821304375885054,True,True
M3_ANGLED_Y,2.6166666666666623,156,O4,14,C1,247.5454358087665,31.500988729395463,0.289358540692669,0.9572207869286005,0.9997384046917904,0.9997384046917904,0.9997384046917904,0.006605973762609973,0.011966538996113359,0.012122755325138476,0.1999999999999993,0,0.9913170886110484,True,True
M3_ANGLED_Y,2.6166666666666623,156,O4,14,C0,248.34488283990444,-34.66953931341388,0.28158791918374826,-0.9595354312216756,-0.8493037256775191,-0.8493037256775191,0.8493037256775191,0.7944033603764774,0.7944683521639704,0.02255654922026898,0.09999999999999964,0,0.0,False,False
M3_ANGLED_Y,2.716666666666662,162,O5,0,C1,247.5454358087665,31.500988729395463,0.289358540692669,0.9572207869286005,-0.8491290800016685,-0.8491290800016685,0.8491290800016685,0.7919931069119668,0.7920835348730054,0.0185440234786805,0.29999999999999893,0,0.0,False,False
M3_ANGLED_Y,2.716666666666662,162,O5,0,C0,248.34488283990444,-34.66953931341388,0.28158791918374826,-0.9595354312216756,0.9997459146556155,0.9997459146556155,0.9997459146556155,0.012385969262419558,0.018770088378306498,0.028977817373811006,0.1999999999999993,0,0.9838561021436559,True,True
M3_ANGLED_Y,2.716666666666662,162,O6,14,C1,247.5454358087665,31.500988729395463,0.289358540692669,0.9572207869286005,0.9999997487278117,0.9999997487278117,0.9999997487278117,0.00627677006756398,0.006971964874512437,0.00904059463165398,0.29999999999999893,0,0.9916162059907703,True,True
M3_ANGLED_Y,2.716666666666662,162,O6,14,C0,248.34488283990444,-34.66953931341388,0.28158791918374826,-0.9595354312216756,-0.8373950869535383,-0.8373950869535383,0.8373950869535383,0.7893064805095109,0.7893072027667345,0.001393199263476522,0.1999999999999993,0,0.0,False,False
M3_ANGLED_Y,2.8166666666666615,168,O7,0,C1,247.5454358087665,31.500988729395463,0.289358540692669,0.9572207869286005,-0.8338797669908793,-0.8338797669908793,0.8338797669908793,0.7855517511384061,0.7855554637657773,0.00901973199702519,0.3999999999999986,0,0.0,False,False
M3_ANGLED_Y,2.8166666666666615,168,O7,0,C0,248.34488283990444,-34.66953931341388,0.28158791918374826,-0.9595354312216756,0.9999838061024421,0.9999838061024421,0.9999838061024421,0.0038605192642733096,0.004319538251219009,0.001414061898105313,0.29999999999999893,0,0.9947806784693313,True,True
M3_ANGLED_Y,2.8166666666666615,168,O8,14,C1,247.5454358087665,31.500988729395463,0.289358540692669,0.9572207869286005,0.999921828971577,0.999921828971577,0.999921828971577,0.0036615829514268943,0.006069623323878943,0.005523690192005979,0.3999999999999986,0,0.995109274852825,True,True
M3_ANGLED_Y,2.8166666666666615,168,O8,14,C0,248.34488283990444,-34.66953931341388,0.28158791918374826,-0.9595354312216756,-0.83010018578674,-0.83010018578674,0.83010018578674,0.7841654655030654,0.7841701381852187,0.004910103703124523,0.29999999999999893,0,0.0,False,False
M3_ANGLED_Y,2.916666666666661,174,O9,0,C1,247.5454358087665,31.500988729395463,0.289358540692669,0.9572207869286005,-0.8469416756206702,-0.8469416756206702,0.8469416756206702,0.7937508170015659,0.7937568982370341,0.005764383726509844,0.4999999999999982,0,0.0,False,False
M3_ANGLED_Y,2.916666666666661,174,O9,0,C0,248.34488283990444,-34.66953931341388,0.28158791918374826,-0.9595354312216756,0.9998304404823678,0.9998304404823678,0.9998304404823678,0.006300023242669726,0.0076745654128320615,0.004669410168620658,0.3999999999999986,0,0.9915198549641064,True,True
M3_ANGLED_Y,2.916666666666661,174,O10,14,C1,247.5454358087665,31.500988729395463,0.289358540692669,0.9572207869286005,0.9999037294907442,0.9999037294907442,0.9999037294907442,0.0071000990132528185,0.007919567667873944,0.0013213763732767042,0.4999999999999982,0,0.9905164970308767,True,True
M3_ANGLED_Y,2.916666666666661,174,O10,14,C0,248.34488283990444,-34.66953931341388,0.28158791918374826,-0.9595354312216756,-0.8445194132225391,-0.8445194132225391,0.8445194132225391,0.7929226639975888,0.7929322291372771,0.009112417521853797,0.3999999999999986,0,0.0,False,False
M3_ANGLED_Y,3.016666666666661,180,O11,0,C1,247.5454358087665,31.500988729395463,0.289358540692669,0.9572207869286005,-0.8611902328621939,-0.8611902328621939,0.8611902328621939,0.8010712757790389,0.8012125220181738,0.015150935887694164,0.5999999999999979,0,0.0,False,False
M3_ANGLED_Y,3.016666666666661,180,O11,0,C0,248.34488283990444,-34.66953931341388,0.28158791918374826,-0.9595354312216756,0.9989506475968857,0.9989506475968857,0.9989506475968857,0.013422404857287518,0.02459367490781461,0.025584729782824667,0.4999999999999982,0,0.9824274944401151,True,True
M3_ANGLED_Y,3.016666666666661,180,O12,14,C1,247.5454358087665,31.500988729395463,0.289358540692669,0.9572207869286005,0.9999832077241886,0.9999832077241886,0.9999832077241886,0.004284612238844123,0.005493914238213183,0.00938346134631509,0.5999999999999979,0,0.9942771033456328,True,True
M3_ANGLED_Y,3.016666666666661,180,O12,14,C0,248.34488283990444,-34.66953931341388,0.28158791918374826,-0.9595354312216756,-0.8338222547400388,-0.8338222547400388,0.8338222547400388,0.7870718118130677,0.7870757874190879,0.0010503325488154115,0.4999999999999982,0,0.0,False,False
M3_ANGLED_Y,3.1166666666666605,186,O13,0,C1,247.5454358087665,31.500988729395463,0.289358540692669,0.9572207869286005,-0.8480194837619451,-0.8480194837619451,0.8480194837619451,0.7935225604344067,0.7935446940517303,0.001209891616247188,0.6999999999999975,0,0.0,False,False
M3_ANGLED_Y,3.1166666666666605,186,O13,0,C0,248.34488283990444,-34.66953931341388,0.28158791918374826,-0.9595354312216756,0.9997909902264186,0.9997909902264186,0.9997909902264186,0.005836573541263982,0.010992607184042219,0.011643685511377691,0.5999999999999979,0,0.9922167483450736,True,True
M3_ANGLED_Y,3.1166666666666605,186,O14,14,C1,247.5454358087665,31.500988729395463,0.289358540692669,0.9572207869286005,0.9997583148351129,0.9997583148351129,0.9997583148351129,0.007380768324174751,0.009705040286337287,0.0072090841266540875,0.6999999999999975,0,0.9902356327605554,True,True
M3_ANGLED_Y,3.1166666666666605,186,O14,14,C0,248.34488283990444,-34.66953931341388,0.28158791918374826,-0.9595354312216756,-0.8488347535673939,-0.8488347535673939,0.8488347535673939,0.7947134896791949,0.7947576953345622,0.01764287802178459,0.5999999999999979,0,0.0,False,False
M3_ANGLED_Y,3.21666666666666,192,O15,0,C1,247.5454358087665,31.500988729395463,0.289358540692669,0.9572207869286005,-0.8594578947868109,-0.8594578947868109,0.8594578947868109,0.8000452322946587,0.8001679249024134,0.01326498974739169,0.7999999999999972,0,0.0,False,False
M3_ANGLED_Y,3.21666666666666,192,O15,0,C0,248.34488283990444,-34.66953931341388,0.28158791918374826,-0.9595354312216756,0.9991005258499345,0.9991005258499345,0.9991005258499345,0.012300564285080131,0.02257131657035288,0.023698783642522193,0.6999999999999975,0,0.9838563394262073,True,True
M3_ANGLED_Y,3.21666666666666,192,O16,14,C1,247.5454358087665,31.500988729395463,0.289358540692669,0.9572207869286005,0.9999999756179265,0.9999999756179265,0.9999999756179265,0.004834891334133789,0.005154167238120607,0.006134907664591878,0.7999999999999972,0,0.993542103252777,True,True
M3_ANGLED_Y,3.21666666666666,192,O16,14,C0,248.34488283990444,-34.66953931341388,0.28158791918374826,-0.9595354312216756,-0.8371282049383671,-0.8371282049383671,0.8371282049383671,0.788726838615782,0.7887268405911683,0.004298886230538625,0.6999999999999975,0,0.0,False,False
M3_ANGLED_Y,3.3166666666666598,198,O17,0,C1,247.5454358087665,31.500988729395463,0.289358540692669,0.9572207869286005,-0.8458762841478191,-0.8458762841478191,0.8458762841478191,0.7926140308958404,0.7926246069353203,0.0027440258894638908,0.8999999999999968,0,0.0,False,False
M3_ANGLED_Y,3.3166666666666598,198,O17,0,C0,248.34488283990444,-34.66953931341388,0.28158791918374826,-0.9595354312216756,0.9998652796596362,0.9998652796596362,0.9998652796596362,0.004884719864147067,0.007967183669027492,0.007689768005666612,0.7999999999999972,0,0.9934515468731234,True,True
M3_ANGLED_Y,3.3166666666666598,198,O18,14,C1,247.5454358087665,31.500988729395463,0.289358540692669,0.9572207869286005,0.999734052057646,0.999734052057646,0.999734052057646,0.009901584312309801,0.010325714189395622,0.003398884096492017,0.8999999999999968,0,0.9868343622058495,True,True
M3_ANGLED_Y,3.3166666666666598,198,O18,14,C0,248.34488283990444,-34.66953931341388,0.28158791918374826,-0.9595354312216756,-0.849403758984946,-0.849403758984946,0.849403758984946,0.7955914301069691,0.7956271732204385,0.013832677991622518,0.7999999999999972,0,0.0,False,False
M3_ANGLED_Y,3.4166666666666594,204,O19,0,C1,247.5454358087665,31.500988729395463,0.289358540692669,0.9572207869286005,-0.8552975206716475,-0.8552975206716475,0.8552975206716475,0.7983331296775724,0.7983880724250053,0.0034358528026647746,0.9999999999999964,0,0.0,False,False
M3_ANGLED_Y,3.4166666666666594,204,O19,0,C0,248.34488283990444,-34.66953931341388,0.28158791918374826,-0.9595354312216756,0.9994106568402071,0.9994106568402071,0.9994106568402071,0.010873710168251508,0.01593784969936936,0.013869646697795276,0.8999999999999968,0,0.9855424860985267,True,True
M3_ANGLED_Y,3.4166666666666594,204,O20,14,C1,247.5454358087665,31.500988729395463,0.289358540692669,0.9572207869286005,0.9991030380987147,0.9991030380987147,0.9991030380987147,0.016688727907728247,0.01674046889239169,0.009004975812409046,0.9999999999999964,0,0.9779740239782202,True,True
M3_ANGLED_Y,3.4166666666666594,204,O20,14,C0,248.34488283990444,-34.66953931341388,0.28158791918374826,-0.9595354312216756,-0.8594275857274205,-0.8594275857274205,0.8594275857274205,0.8018961546172024,0.8020015714652771,0.01943876970753955,0.8999999999999968,0,0.0,False,False
M3_ANGLED_Y,3.516666666666659,210,O21,0,C1,247.5454358087665,31.500988729395463,0.289358540692669,0.9572207869286005,-0.8624003196823546,-0.8624003196823546,0.8624003196823546,0.8032631422588568,0.803356268820481,0.005057478929891126,1.099999999999996,0,0.0,False,False
M3_ANGLED_Y,3.516666666666659,210,O21,0,C0,248.34488283990444,-34.66953931341388,0.28158791918374826,-0.9595354312216756,0.9988385475970966,0.9988385475970966,0.9988385475970966,0.016601608612763163,0.020829578158817478,0.015491272825021628,0.9999999999999964,0,0.9779742519402489,True,True
M3_ANGLED_Y,3.516666666666659,210,O22,14,C1,247.5454358087665,31.500988729395463,0.289358540692669,0.9572207869286005,0.9997661963426723,0.9997661963426723,0.9997661963426723,0.00968444713226371,0.010249762857339454,0.002399478718061063,1.099999999999996,0,0.9871059441924185,True,True
M3_ANGLED_Y,3.516666666666659,210,O22,14,C0,248.34488283990444,-34.66953931341388,0.28158791918374826,-0.9595354312216756,-0.8486436006628736,-0.8486436006628736,0.8486436006628736,0.7952020245184629,0.7952322149811921,0.012833272613191565,0.9999999999999964,0,0.0,False,False
M3_ANGLED_Y,3.6166666666666587,216,O23,0,C1,247.5454358087665,31.500988729395463,0.289358540692669,0.9572207869286005,-0.8670761650730069,-0.8670761650730069,0.8670761650730069,0.8071841203629362,0.8072800411443304,0.0015755706338308208,1.1999999999999957,0,0.0,False,False
M3_ANGLED_Y,3.6166666666666587,216,O23,0,C0,248.34488283990444,-34.66953931341388,0.28158791918374826,-0.9595354312216756,0.9983466509668879,0.9983466509668879,0.9983466509668879,0.022269577909971656,0.022294212764600713,0.012009364528961322,1.099999999999996,0,0.9703173024651802,True,True
M3_ANGLED_Y,3.6166666666666587,216,O24,14,C1,247.5454358087665,31.500988729395463,0.289358540692669,0.9572207869286005,0.9994506257059327,0.9994506257059327,0.9994506257059327,0.017412739021648544,0.019284355723751697,0.002032965463792872,1.1999999999999957,0,0.9767420479764946,True,True
M3_ANGLED_Y,3.6166666666666587,216,O24,14,C0,248.34488283990444,-34.66953931341388,0.28158791918374826,-0.9595354312216756,-0.8546830350753828,-0.8546830350753828,0.8546830350753828,0.7999468911722561,0.7999822058379751,0.00840082843133763,1.099999999999996,0,0.0,False,False
M3_ANGLED_Y,3.7166666666666583,222,O25,0,C1,247.5454358087665,31.500988729395463,0.289358540692669,0.9572207869286005,-0.8711602554299902,-0.8711602554299902,0.8711602554299902,0.809816791917284,0.809954974343396,0.005201816146970948,1.2999999999999954,0,0.0,False,False
M3_ANGLED_Y,3.7166666666666583,222,O25,0,C0,248.34488283990444,-34.66953931341388,0.28158791918374826,-0.9595354312216756,0.9978379758732422,0.9978379758732422,0.9978379758732422,0.02473610597182056,0.026223287799636372,0.01563561004210145,1.1999999999999957,0,0.9671883045790728,True,True
M3_ANGLED_Y,3.7166666666666583,222,O26,14,C1,247.5454358087665,31.500988729395463,0.289358540692669,0.9572207869286005,0.9990289643898924,0.9990289643898924,0.9990289643898924,0.02141499847169641,0.02340370553494318,0.00015777654951234932,1.2999999999999954,0,0.9714023126685497,True,True
M3_ANGLED_Y,3.7166666666666583,222,O26,14,C0,248.34488283990444,-34.66953931341388,0.28158791918374826,-0.9595354312216756,-0.8603029239850782,-0.8603029239850782,0.8603029239850782,0.8036332553924875,0.8036971472620859,0.010591570444642852,1.1999999999999957,0,0.0,False,False
M3_ANGLED_Y,3.816666666666658,228,O27,0,C1,247.5454358087665,31.500988729395463,0.289358540692669,0.9572207869286005,-0.8728599227764068,-0.8728599227764068,0.8728599227764068,0.811342957656498,0.8114785860440366,0.0034397477665658116,1.399999999999995,0,0.0,False,False
M3_ANGLED_Y,3.816666666666658,228,O27,0,C0,248.34488283990444,-34.66953931341388,0.28158791918374826,-0.9595354312216756,0.9976037507460165,0.9976037507460165,0.9976037507460165,0.027096848290974092,0.027291458425964272,0.013873541661696314,1.2999999999999954,0,0.9639726435561623,True,True
M3_ANGLED_Y,3.816666666666658,228,O28,14,C1,247.5454358087665,31.500988729395463,0.289358540692669,0.9572207869286005,0.9987381682957365,0.9987381682957365,0.9987381682957365,0.026011284625993447,0.028850446890854937,0.0029901796456524125,1.399999999999995,0,0.9652570908488913,True,True
M3_ANGLED_Y,3.816666666666658,228,O28,14,C0,248.34488283990444,-34.66953931341388,0.28158791918374826,-0.9595354312216756,-0.8634313141133035,-0.8634313141133035,0.8634313141133035,0.8062862378857671,0.8063492313349583,0.0074436142494780895,1.2999999999999954,0,0.0,False,False
M3_ANGLED_Y,3.9166666666666576,234,O29,0,C1,247.5454358087665,31.500988729395463,0.289358540692669,0.9572207869286005,-0.8741665436692277,-0.8741665436692277,0.8741665436692277,0.811745323386074,0.8119245356709734,0.008419579889092805,1.4999999999999947,0,0.0,False,False
M3_ANGLED_Y,3.9166666666666576,234,O29,0,C0,248.34488283990444,-34.66953931341388,0.28158791918374826,-0.9595354312216756,0.997414453610896,0.997414453610896,0.997414453610896,0.026529688415092574,0.029397348266816895,0.018853373784223307,1.399999999999995,0,0.9649587372238203,True,True
M3_ANGLED_Y,3.9166666666666576,234,O30,14,C1,247.5454358087665,31.500988729395463,0.289358540692669,0.9572207869286005,0.9984399345475947,0.9984399345475947,0.9984399345475947,0.027296981924503923,0.02988988790370408,6.84839207641476e-06,1.4999999999999947,0,0.9635401364549392,True,True
M3_ANGLED_Y,3.9166666666666576,234,O30,14,C0,248.34488283990444,-34.66953931341388,0.28158791918374826,-0.9595354312216756,-0.8662547812317807,-0.8662547812317807,0.8662547812317807,0.8079712350893884,0.8080616096566918,0.010440642287206916,1.399999999999995,0,0.0,False,False
M3_ANGLED_Y,4.016666666666658,240,O31,0,C1,247.5454358087665,31.500988729395463,0.289358540692669,0.9572207869286005,-0.8902795180606264,-0.8902795180606264,0.8902795180606264,0.8236382487641465,0.8240495722138842,0.01948612187148523,1.5999999999999948,0,0.0,False,False
M3_ANGLED_Y,4.016666666666658,240,O31,0,C0,248.34488283990444,-34.66953931341388,0.28158791918374826,-0.9595354312216756,0.9943695251864594,0.9943695251864594,0.9943695251864594,0.03961624636511511,0.044079834463219815,0.02991991576661573,1.4999999999999951,0,0.9484274305227443,True,True
M3_ANGLED_Y,4.016666666666658,240,O32,14,C1,247.5454358087665,31.500988729395463,0.289358540692669,0.9572207869286005,0.9982950669197183,0.9982950669197183,0.9982950669197183,0.028682941184244738,0.0314101502861004,6.827501536619369e-05,1.5999999999999948,0,0.9616920899935403,True,True
M3_ANGLED_Y,4.016666666666658,240,O32,14,C0,248.34488283990444,-34.66953931341388,0.28158791918374826,-0.9595354312216756,-0.8675194650413172,-0.8675194650413172,0.8675194650413172,0.8088997314016069,0.8089975956641906,0.010502068910496695,1.4999999999999951,0,0.0,False,False
M3_ANGLED_Y,4.116666666666657,246,O33,0,C1,247.5454358087665,31.500988729395463,0.289358540692669,0.9572207869286005,-0.49085268254512987,-0.49085268254512987,0.49085268254512987,1.364169639543598,1.3785498390152071,0.17147996455310976,1.6999999999999944,0,0.0,False,False
M3_ANGLED_Y,4.116666666666657,246,O33,0,C0,248.34488283990444,-34.66953931341388,0.28158791918374826,-0.9595354312216756,-0.0658892855320467,-0.0658892855320467,0.0658892855320467,0.6116356640534866,0.6137591434510841,0.1819137584482403,1.5999999999999948,0,0.3352934404891339,False,True
M3_ANGLED_Y,4.116666666666657,246,O34,1,C1,247.5454358087665,31.500988729395463,0.289358540692669,0.9572207869286005,-0.9040824949652193,-0.9040824949652193,0.9040824949652193,0.8349111991498338,0.8356037943253601,0.03009098332151904,1.6999999999999944,0,0.0,False,False
M3_ANGLED_Y,4.116666666666657,246,O34,1,C0,248.34488283990444,-34.66953931341388,0.28158791918374826,-0.9595354312216756,0.9905704190687642,0.9905704190687642,0.9905704190687642,0.05214075676019247,0.057597879016245815,0.04052477721664954,1.5999999999999948,0,0.9330472906630198,True,True
M3_ANGLED_Y,4.116666666666657,246,O35,9,C1,247.5454358087665,31.500988729395463,0.289358540692669,0.9572207869286005,0.06558377965822504,0.06558377965822504,0.06558377965822504,1.207501152648177,1.2394692231534106,0.44698506417738626,1.6999999999999944,0,0.0,False,False
M3_ANGLED_Y,4.116666666666657,246,O35,9,C0,248.34488283990444,-34.66953931341388,0.28158791918374826,-0.9595354312216756,0.49111940623276595,0.49111940623276595,0.49111940623276595,0.42045421603687205,0.5853672861992878,0.4574188580725168,1.5999999999999948,0,0.6483508642581174,False,True
M3_ANGLED_Y,4.116666666666657,246,O36,20,C1,247.5454358087665,31.500988729395463,0.289358540692669,0.9572207869286005,0.42996528613700935,0.42996528613700935,0.42996528613700935,0.48586513459255715,0.6541001635659258,0.5616517461241362,1.6999999999999944,0,0.6292041869425957,False,True
M3_ANGLED_Y,4.116666666666657,246,O36,20,C0,248.34488283990444,-34.66953931341388,0.28158791918374826,-0.9595354312216756,0.13414529105165535,0.13414529105165535,0.13414529105165535,1.2732407131762498,1.3092929116041414,0.5720855400192667,1.5999999999999948,0,0.028305816065837264,False,False
M3_ANGLED_Y,4.116666666666657,246,O37,26,C1,247.5454358087665,31.500988729395463,0.289358540692669,0.9572207869286005,0.995941235371512,0.995941235371512,0.995941235371512,0.041799193098701934,0.04504888270202391,0.006200264844307685,1.6999999999999944,0,0.9446279716495857,True,True
M3_ANGLED_Y,4.116666666666657,246,O37,26,C0,248.34488283990444,-34.66953931341388,0.28158791918374826,-0.9595354312216756,-0.8828606266826571,-0.8828606266826571,0.8828606266826571,0.8199943441990527,0.8202321023456166,0.016634058739438188,1.5999999999999948,0,0.0,False,False
M3_ANGLED_Y,4.116666666666657,246,O38,27,C1,247.5454358087665,31.500988729395463,0.289358540692669,0.9572207869286005,-0.041097269824761806,-0.041097269824761806,0.041097269824761806,0.6555202876731052,0.6657872469176501,0.30972052400082406,1.6999999999999944,0,0.38064945621661184,False,True
M3_ANGLED_Y,4.116666666666657,246,O38,27,C0,248.34488283990444,-34.66953931341388,0.28158791918374826,-0.9595354312216756,-0.5123305684787196,-0.5123305684787196,0.5123305684787196,1.4255977711187373,1.4350087312847915,0.32015431789595455,1.5999999999999948,0,0.0,False,False
M3_ANGLED_Y,4.216666666666657,252,O39,1,C1,247.5454358087665,31.500988729395463,0.289358540692669,0.9572207869286005,-0.90071723478484,-0.90071723478484,0.90071723478484,0.8327548849372638,0.8332761090523316,0.020622623161847778,1.799999999999994,0,0.0,False,False
M3_ANGLED_Y,4.216666666666657,252,O39,1,C0,248.34488283990444,-34.66953931341388,0.28158791918374826,-0.9595354312216756,0.9916102199299464,0.9916102199299464,0.9916102199299464,0.05146621566952331,0.051589913702524255,0.03105641705697828,1.6999999999999944,0,0.9331000771470147,True,True
M3_ANGLED_Y,4.216666666666657,252,O40,10,C1,247.5454358087665,31.500988729395463,0.289358540692669,0.9572207869286005,-0.02671659615716765,-0.02671659615716765,0.02671659615716765,1.1386942348293037,1.1666839458957814,0.34979130376340495,1.799999999999994,0,0.0,False,False
M3_ANGLED_Y,4.216666666666657,252,O40,10,C0,248.34488283990444,-34.66953931341388,0.28158791918374826,-0.9595354312216756,0.5693582490538729,0.5693582490538729,0.5693582490538729,0.35541794554503736,0.5150780373167989,0.36022509765853544,1.6999999999999944,0,0.6764428117931556,True,True
M3_ANGLED_Y,4.216666666666657,252,O41,23,C1,247.5454358087665,31.500988729395463,0.289358540692669,0.9572207869286005,0.5846295496358074,0.5846295496358074,0.5846295496358074,0.35159816556268675,0.505169721725642,0.3401925287979927,1.799999999999994,0,0.6770985616777168,True,True
M3_ANGLED_Y,4.216666666666657,252,O41,23,C0,248.34488283990444,-34.66953931341388,0.28158791918374826,-0.9595354312216756,-0.04540252167424702,-0.04540252167424702,0.04540252167424702,1.1365160341176677,1.1638323124131567,0.3506263226931232,1.6999999999999944,0,0.0,False,False
M3_ANGLED_Y,4.216666666666657,252,O42,24,C1,247.5454358087665,31.500988729395463,0.289358540692669,0.9572207869286005,0.3665382440052414,0.3665382440052414,0.3665382440052414,0.5542947970968004,0.731591359585558,0.6945602877815764,1.799999999999994,0,0.6159369951412644,False,True
M3_ANGLED_Y,4.216666666666657,252,O42,24,C0,248.34488283990444,-34.66953931341388,0.28158791918374826,-0.9595354312216756,0.20231346195442518,0.20231346195442518,0.20231346195442518,1.3397480112177413,1.3801454473319192,0.7049940816767069,1.6999999999999944,0,0.07170760101516593,False,False
M3_ANGLED_Y,4.216666666666657,252,O43,32,C1,247.5454358087665,31.500988729395463,0.289358540692669,0.9572207869286005,0.9959539443205,0.9959539443205,0.9959539443205,0.03906867762613939,0.04105035940203329,0.012342769220695396,1.799999999999994,0,0.9486628609767791,True,True
M3_ANGLED_Y,4.216666666666657,252,O43,32,C0,248.34488283990444,-34.66953931341388,0.28158791918374826,-0.9595354312216756,-0.8827942528767988,-0.8827942528767988,0.8827942528767988,0.8192537067356982,0.8195500938254303,0.022776563115825897,1.6999999999999944,0,0.0,False,False
M3_ANGLED_Y,4.216666666666657,252,O44,35,C1,247.5454358087665,31.500988729395463,0.289358540692669,0.9572207869286005,-0.0007570963686218679,-0.0007570963686218679,0.0007570963686218679,0.7109809121635716,0.7165498272479554,0.46492217684956616,1.799999999999994,0,0.41415602012041774,False,True
M3_ANGLED_Y,4.216666666666657,252,O44,35,C0,248.34488283990444,-34.66953931341388,0.28158791918374826,-0.9595354312216756,-0.5465577296317536,-0.5465577296317536,0.5465577296317536,1.4884287857294618,1.4937442357862707,0.47535597074469665,1.6999999999999944,0,0.0,False,False
M3_ANGLED_Y,4.316666666666657,258,O45,1,C1,247.5454358087665,31.500988729395463,0.289358540692669,0.9572207869286005,-0.9115801501470118,-0.9115801501470118,0.9115801501470118,0.8421241199055614,0.8428915161297948,0.030043472520421183,1.8999999999999937,0,0.0,False,False
M3_ANGLED_Y,4.316666666666657,258,O45,1,C0,248.34488283990444,-34.66953931341388,0.28158791918374826,-0.9595354312216756,0.9879620410483445,0.9879620410483445,0.9879620410483445,0.06168438775319277,0.062457358952225525,0.04047726641555168,1.799999999999994,0,0.920787707870586,True,True
M3_ANGLED_Y,4.316666666666657,258,O46,9,C1,247.5454358087665,31.500988729395463,0.289358540692669,0.9572207869286005,-0.007116650539584823,-0.007116650539584823,0.007116650539584823,0.8511171361293651,0.9411118902692999,0.6764085638456268,1.8999999999999937,0,0.40276149368022196,False,True
M3_ANGLED_Y,4.316666666666657,258,O46,9,C0,248.34488283990444,-34.66953931341388,0.28158791918374826,-0.9595354312216756,0.5531344139105336,0.5531344139105336,0.5531344139105336,0.11732949205708793,0.604793145226713,0.6868423577407573,1.799999999999994,0,0.9176685703896078,True,True
M3_ANGLED_Y,4.316666666666657,258,O47,23,C1,247.5454358087665,31.500988729395463,0.289358540692669,0.9572207869286005,-0.3697119606067816,-0.3697119606067816,0.3697119606067816,0.5860713124841317,0.7915559644848871,0.4670755821584027,1.8999999999999937,0,0.5179361469704997,False,True
M3_ANGLED_Y,4.316666666666657,258,O47,23,C0,248.34488283990444,-34.66953931341388,0.28158791918374826,-0.9595354312216756,0.8178727417759437,0.8178727417759437,0.8178727417759437,1.2013284915692486,1.2088218537780946,0.4775093760535332,1.799999999999994,0,0.01186591279253324,False,False
M3_ANGLED_Y,4.316666666666657,258,O48,28,C1,247.5454358087665,31.500988729395463,0.289358540692669,0.9572207869286005,0.5622306962366285,0.5622306962366285,0.5622306962366285,0.11184021528790862,0.5972996120129958,0.6716396140522987,1.8999999999999937,0,0.9212569501067034,True,True
M3_ANGLED_Y,4.316666666666657,258,O48,28,C0,248.34488283990444,-34.66953931341388,0.28158791918374826,-0.9595354312216756,-0.01807451459585041,-0.01807451459585041,0.01807451459585041,0.8553424110291222,0.9426438410915277,0.6820734079474291,1.799999999999994,0,0.39778129026187214,False,True
M3_ANGLED_Y,4.316666666666657,258,O49,32,C1,247.5454358087665,31.500988729395463,0.289358540692669,0.9572207869286005,0.9933583458293275,0.9933583458293275,0.9933583458293275,0.05012272673029873,0.05261758406189436,0.017036322187539216,1.8999999999999937,0,0.9345412991333869,True,True
M3_ANGLED_Y,4.316666666666657,258,O49,32,C0,248.34488283990444,-34.66953931341388,0.28158791918374826,-0.9595354312216756,-0.8944090758459051,-0.8944090758459051,0.8944090758459051,0.8284287571532067,0.8288803358905282,0.02747011608266972,1.799999999999994,0,0.0,False,False
M3_ANGLED_Y,4.416666666666656,264,O50,1,C1,247.5454358087665,31.500988729395463,0.289358540692669,0.9572207869286005,-0.9335611679145642,-0.9335611679145642,0.9335611679145642,0.86407535055849,0.8654852010133164,0.05122810019965578,1.9999999999999933,0,0.0,False,False
M3_ANGLED_Y,4.416666666666656,264,O50,1,C0,248.34488283990444,-34.66953931341388,0.28158791918374826,-0.9595354312216756,0.9775209733912188,0.9775209733912188,0.9775209733912188,0.08603266251821029,0.08762853412649103,0.06166189409478628,1.8999999999999937,0,0.8924466750736051,True,True
M3_ANGLED_Y,4.416666666666656,264,O51,22,C1,247.5454358087665,31.500988729395463,0.289358540692669,0.9572207869286005,0.8247844698140532,0.8247844698140532,0.8247844698140532,1.1990129844974367,1.2069204003805099,0.4534829779358003,1.9999999999999933,0,0.002619397604066931,False,False
M3_ANGLED_Y,4.416666666666656,264,O51,22,C0,248.34488283990444,-34.66953931341388,0.28158791918374826,-0.9595354312216756,-0.380942729130088,-0.380942729130088,0.380942729130088,0.5728897286114,0.7743517162172583,0.4639167718309308,1.8999999999999937,0,0.5234504463115742,False,True
M3_ANGLED_Y,4.416666666666656,264,O52,34,C1,247.5454358087665,31.500988729395463,0.289358540692669,0.9572207869286005,0.9907151028778421,0.9907151028778421,0.9907151028778421,0.05967388076860965,0.06276067332928881,0.020521928681773122,1.9999999999999933,0,0.9224209401156864,True,True
M3_ANGLED_Y,4.416666666666656,264,O52,34,C0,248.34488283990444,-34.66953931341388,0.28158791918374826,-0.9595354312216756,-0.9036289387748864,-0.9036289387748864,0.9036289387748864,0.8362581117014769,0.8368445177691944,0.030955722576903627,1.8999999999999937,0,0.0,False,False
M3_ANGLED_Y,4.516666666666656,270,O53,1,C1,247.5454358087665,31.500988729395463,0.289358540692669,0.9572207869286005,-0.9515152556047499,-0.9515152556047499,0.9515152556047499,0.8861307331967161,0.8882851517839709,0.07428821064879551,2.099999999999993,0,0.0,False,False
M3_ANGLED_Y,4.516666666666656,270,O53,1,C0,248.34488283990444,-34.66953931341388,0.28158791918374826,-0.9595354312216756,0.9647422847106117,0.9647422847106117,0.9647422847106117,0.11044475335235135,0.11249942398491082,0.08472200454392602,1.9999999999999933,0,0.8657968882767929,True,True
M3_ANGLED_Y,4.516666666666656,270,O54,26,C1,247.5454358087665,31.500988729395463,0.289358540692669,0.9572207869286005,0.9829349385379357,0.9829349385379357,0.9829349385379357,0.07815062063120032,0.08013560150251843,0.04102505189566628,2.099999999999993,0,0.9010380841714793,True,True
M3_ANGLED_Y,4.516666666666656,270,O54,26,C0,248.34488283990444,-34.66953931341388,0.28158791918374826,-0.9595354312216756,-0.9233816396899353,-0.9233816396899353,0.9233816396899353,0.8539256730971846,0.8550916236621597,0.05145884579079678,1.9999999999999933,0,0.0,False,False
M3_ANGLED_Y,4.616666666666656,276,O55,1,C1,247.5454358087665,31.500988729395463,0.289358540692669,0.9572207869286005,-0.9659541310368195,-0.9659541310368195,0.9659541310368195,0.9083758460461255,0.9113645876995445,0.09980753505684932,2.1999999999999926,0,0.0,False,False
M3_ANGLED_Y,4.616666666666656,276,O55,1,C0,248.34488283990444,-34.66953931341388,0.28158791918374826,-0.9595354312216756,0.9500765347959381,0.9500765347959381,0.9500765347959381,0.1349231889553789,0.13750097506239506,0.11024132895197981,2.099999999999993,0,0.8409836905265794,True,True
M3_ANGLED_Y,4.616666666666656,276,O56,23,C1,247.5454358087665,31.500988729395463,0.289358540692669,0.9572207869286005,-0.3623997657991172,-0.3623997657991172,0.3623997657991172,0.622918466066392,0.8313397487265216,0.5455046912323491,2.1999999999999926,0,0.5186784565620401,False,True
M3_ANGLED_Y,4.616666666666656,276,O56,23,C0,248.34488283990444,-34.66953931341388,0.28158791918374826,-0.9595354312216756,0.8133262862511925,0.8133262862511925,0.8133262862511925,1.2432029392630615,1.2501099462741936,0.5559384851274797,2.099999999999993,0,0.039392167467181216,False,False
M3_ANGLED_Y,4.616666666666656,276,O57,32,C1,247.5454358087665,31.500988729395463,0.289358540692669,0.9572207869286005,0.9741627355368541,0.9741627355368541,0.9741627355368541,0.09781074815131632,0.10047583942365586,0.05404486899950346,2.1999999999999926,0,0.8781514311058102,True,True
M3_ANGLED_Y,4.616666666666656,276,O57,32,C0,248.34488283990444,-34.66953931341388,0.28158791918374826,-0.9595354312216756,-0.9389631048691616,-0.9389631048691616,0.9389631048691616,0.8708013803237437,0.8724366599981,0.06447866289463396,2.099999999999993,0,0.0,False,False
M3_ANGLED_Y,4.716666666666655,282,O58,1,C1,247.5454358087665,31.500988729395463,0.289358540692669,0.9572207869286005,-0.9859631220804136,-0.9859631220804136,0.9859631220804136,0.9538525558419062,0.9587403958042412,0.15857232508233185,2.2999999999999923,0,0.0,False,False
M3_ANGLED_Y,4.716666666666655,282,O58,1,C0,248.34488283990444,-34.66953931341388,0.28158791918374826,-0.9595354312216756,0.9166192973590737,0.9166192973590737,0.9166192973590737,0.1845421609278762,0.18858461530472292,0.16900611897746234,2.1999999999999926,0,0.7965920063354897,True,True
M3_ANGLED_Y,4.716666666666655,282,O59,17,C1,247.5454358087665,31.500988729395463,0.289358540692669,0.9572207869286005,0.9073705145743225,0.9073705145743225,0.9073705145743225,0.8793080979703926,0.8944133648039487,0.1706440875530481,2.2999999999999923,0,0.0,False,False
M3_ANGLED_Y,4.716666666666655,282,O59,17,C0,248.34488283990444,-34.66953931341388,0.28158791918374826,-0.9595354312216756,-0.5294738521515651,-0.5294738521515651,0.5294738521515651,0.3256250465818603,0.4539666834078601,0.16021029365791759,2.1999999999999926,0,0.55892016984183,False,True
M3_ANGLED_Y,4.716666666666655,282,O60,22,C1,247.5454358087665,31.500988729395463,0.289358540692669,0.9572207869286005,0.8197524221043845,0.8197524221043845,0.8197524221043845,1.230138455388894,1.237738183548301,0.5193032909629102,2.2999999999999923,0,0.02984567218583134,False,False
M3_ANGLED_Y,4.716666666666655,282,O60,22,C0,248.34488283990444,-34.66953931341388,0.28158791918374826,-0.9595354312216756,-0.37275233979921174,-0.37275233979921174,0.37275233979921174,0.6008130042206965,0.80705087686986,0.5297370848580407,2.1999999999999926,0,0.5261660720398584,False,True
M3_ANGLED_Y,4.716666666666655,282,O61,34,C1,247.5454358087665,31.500988729395463,0.289358540692669,0.9572207869286005,0.954513850032981,0.954513850032981,0.954513850032981,0.13307574647532963,0.13615080748414518,0.08557406768787136,2.2999999999999923,0,0.8404851475607888,True,True
M3_ANGLED_Y,4.716666666666655,282,O61,34,C0,248.34488283990444,-34.66953931341388,0.28158791918374826,-0.9595354312216756,-0.9620893906043316,-0.9620893906043316,0.9620893906043316,0.9020476123084525,0.9047638774083249,0.09600786158300186,2.1999999999999926,0,0.0,False,False
M3_ANGLED_Y,4.816666666666655,288,O62,1,C1,247.5454358087665,31.500988729395463,0.289358540692669,0.9572207869286005,-0.9999785285786655,-0.9999785285786655,0.9999785285786655,1.0505961863595052,1.0591016851680888,0.2926919226186331,2.399999999999992,0,0.0,False,False
M3_ANGLED_Y,4.816666666666655,288,O62,1,C0,248.34488283990444,-34.66953931341388,0.28158791918374826,-0.9595354312216756,0.8405751897934365,0.8405751897934365,0.8405751897934365,0.29048093495427524,0.2905932625704346,0.30312571651376363,2.2999999999999923,0,0.7210590928428517,True,True
M3_ANGLED_Y,4.816666666666655,288,O63,14,C1,247.5454358087665,31.500988729395463,0.289358540692669,0.9572207869286005,0.8691661530779952,0.8691661530779952,0.8691661530779952,0.983461402908033,0.9952060676404697,0.029707700330028362,2.399999999999992,0,0.0,False,False
M3_ANGLED_Y,4.816666666666655,288,O63,14,C0,248.34488283990444,-34.66953931341388,0.28158791918374826,-0.9595354312216756,-0.45690122039307185,-0.45690122039307185,0.45690122039307185,0.39454625201275095,0.558216111611548,0.040141494225158864,2.2999999999999923,0,0.49312304681047825,False,True
M3_ANGLED_Y,4.816666666666655,288,O64,19,C1,247.5454358087665,31.500988729395463,0.289358540692669,0.9572207869286005,-0.5241844120753786,-0.5241844120753786,0.5241844120753786,0.33691042392113313,0.4663706361791518,0.16880762273338726,2.399999999999992,0,0.5499934578911103,False,True
M3_ANGLED_Y,4.816666666666655,288,O64,19,C0,248.34488283990444,-34.66953931341388,0.28158791918374826,-0.9595354312216756,0.9047371940772265,0.9047371940772265,0.9047371940772265,0.8834097223485389,0.8978349888097962,0.15837382883825674,2.2999999999999923,0,0.0,False,False
M3_ANGLED_Y,4.816666666666655,288,O65,26,C1,247.5454358087665,31.500988729395463,0.289358540692669,0.9572207869286005,0.9116527878514408,0.9116527878514408,0.9116527878514408,0.1961188923897311,0.1989498155388286,0.15783537765658812,2.399999999999992,0,0.7836560469744116,True,True
M3_ANGLED_Y,4.816666666666655,288,O65,26,C0,248.34488283990444,-34.66953931341388,0.28158791918374826,-0.9595354312216756,-0.9879346882643826,-0.9879346882643826,0.9879346882643826,0.9593401905033455,0.9644614988647204,0.16826917155171864,2.2999999999999923,0,0.0,False,False
M3_ANGLED_Y,4.9166666666666545,294,O66,14,C1,247.5454358087665,31.500988729395463,0.289358540692669,0.9572207869286005,-0.45089359133357976,-0.45089359133357976,0.45089359133357976,0.39906543211504686,0.5627449585665129,0.01768349288473821,2.4999999999999916,0,0.4792732373868168,False,True
M3_ANGLED_Y,4.9166666666666545,294,O66,14,C0,248.34488283990444,-34.66953931341388,0.28158791918374826,-0.9595354312216756,0.865812277798798,0.865812277798798,0.865812277798798,0.9747459384331106,0.9863186291363328,0.02811728677986871,2.399999999999992,0,0.0,False,False
M3_ANGLED_Y,4.9166666666666545,294,O67,15,C1,247.5454358087665,31.500988729395463,0.289358540692669,0.9572207869286005,-0.35651643786827536,-0.35651643786827536,0.35651643786827536,0.6451125235517946,0.8572155287550741,0.5972267543585276,2.4999999999999916,0,0.5206851987627072,False,True
M3_ANGLED_Y,4.9166666666666545,294,O67,15,C0,248.34488283990444,-34.66953931341388,0.28158791918374826,-0.9595354312216756,0.8096419967912039,0.8096419967912039,0.8096419967912039,1.2672899748283286,1.2740190513336367,0.607660548253658,2.399999999999992,0,0.05841102099440976,False,False
M3_ANGLED_Y,4.9166666666666545,294,O68,24,C1,247.5454358087665,31.500988729395463,0.289358540692669,0.9572207869286005,0.8428218942715189,0.8428218942715189,0.8428218942715189,0.28950898441380263,0.29096089849677137,0.2898980240348618,2.4999999999999916,0,0.7212445561647352,True,True
M3_ANGLED_Y,4.9166666666666545,294,O68,24,C0,248.34488283990444,-34.66953931341388,0.28158791918374826,-0.9595354312216756,-0.9999426047724917,-0.9999426047724917,0.9999426047724917,1.046065289973727,1.0553504934907376,0.30033181792999236,2.399999999999992,0,0.0,False,False
M4_ASYMMETRIC_CROSS,2.2166666666666637,132,O1,0,C1,215.31203672602737,41.127479951072814,-0.0165474888622122,0.9998630809327621,-0.9997758092149062,-0.9997758092149062,0.9997758092149062,1.0086183362879901,1.0162136403703341,0.24786215025078512,0.09999999999999964,0,0.0,False,
M4_ASYMMETRIC_CROSS,2.2166666666666637,132,O2,3,C1,215.31203672602737,41.127479951072814,-0.0165474888622122,0.9998630809327621,0.10662466714920457,0.10662466714920457,0.10662466714920457,0.6694973621600431,0.6727828018103522,0.2564338805425829,0.09999999999999964,0,0.34083968983556534,False,
M4_ASYMMETRIC_CROSS,2.2166666666666637,132,O2,3,C0,214.9954707827433,-43.5958688801828,-0.004627157304503253,-0.9999892946503375,-0.127653893548574,-0.127653893548574,0.127653893548574,0.6679682360059511,0.6679682360059511,0.008571730291797797,0.0,0,0.34234520625277687,False,
M4_ASYMMETRIC_CROSS,2.2166666666666637,132,O3,5,C1,215.31203672602737,41.127479951072814,-0.0165474888622122,0.9998630809327621,0.9999250306931656,0.9999250306931656,0.9999250306931656,0.009982055054637439,0.011663088915222967,0.008021185427572453,0.09999999999999964,0,0.9869901571493138,True,
M4_ASYMMETRIC_CROSS,2.2166666666666637,132,O3,5,C0,214.9954707827433,-43.5958688801828,-0.004627157304503253,-0.9999892946503375,-0.9999601242512381,-0.9999601242512381,0.9999601242512381,1.0039937147575413,1.0111275704177398,0.23984096482321265,0.0,0,0.003094702040714936,False,
M4_ASYMMETRIC_CROSS,2.2166666666666637,132,O3,5,C2,252.04394455192403,-1.4571965094713066,0.9923988323930865,0.12306322547714518,0.11879158351451935,0.11879158351451935,0.11879158351451935,0.6718373434299669,0.6718373434299669,0.24841269511501046,0.0,0,0.33853583792092057,False,
M4_ASYMMETRIC_CROSS,2.3166666666666633,138,O4,2,C1,215.31203672602737,41.127479951072814,-0.0165474888622122,0.9998630809327621,0.9998630809327621,0.9998630809327621,0.9998630809327621,0.022891834221723934,0.022926286452696724,0.04047109742357234,0.1999999999999993,0,0.9713751659390155,True,
M4_ASYMMETRIC_CROSS,2.3166666666666633,138,O4,2,C0,214.9954707827433,-43.5958688801828,-0.004627157304503253,-0.9999892946503375,-0.9999892946503375,-0.9999892946503375,0.9999892946503375,1.0026614448538471,1.0080113758906994,0.20739105282721276,0.09999999999999964,0,0.004417565825400205,False,
M4_ASYMMETRIC_CROSS,2.3166666666666633,138,O4,2,C2,252.04394455192403,-1.4571965094713066,0.9923988323930865,0.12306322547714518,0.12306322547714645,0.12306322547714645,0.12306322547714645,0.6504843433354786,0.6906032113599883,0.21596278311901057,0.09999999999999964,0,0.3595591472881343,False,
M4_ASYMMETRIC_CROSS,2.416666666666663,144,O5,0,C1,215.31203672602737,41.127479951072814,-0.0165474888622122,0.9998630809327621,-0.9996178014480033,-0.9996178014480033,0.9996178014480033,1.0119253565572957,1.0200797433294635,0.25739991964556286,0.29999999999999893,0,0.004645495181189951,False,
M4_ASYMMETRIC_CROSS,2.416666666666663,144,O5,0,C0,214.9954707827433,-43.5958688801828,-0.004627157304503253,-0.9999892946503375,0.9999790489460247,0.9999790489460247,0.9999790489460247,0.00540671693058821,0.005829631508923114,0.00953776939477772,0.1999999999999993,0,0.9946818211261649,True,
M4_ASYMMETRIC_CROSS,2.416666666666663,144,O5,0,C2,252.04394455192403,-1.4571965094713066,0.9923988323930865,0.12306322547714518,-0.13407141062470185,-0.13407141062470185,0.13407141062470185,0.6676580490653973,0.6737184654555941,0.0009660391029799241,0.1999999999999993,0,0.3432752302238077,False,
M4_ASYMMETRIC_CROSS,2.416666666666663,144,O6,4,C1,215.31203672602737,41.127479951072814,-0.0165474888622122,0.9998630809327621,0.08913375831031391,0.08913375831031391,0.08913375831031391,0.6849686603032508,0.6856269205562479,0.257723214510746,0.29999999999999893,0,0.3264622755515544,False,
M4_ASYMMETRIC_CROSS,2.416666666666663,144,O6,4,C0,214.9954707827433,-43.5958688801828,-0.004627157304503253,-0.9999892946503375,-0.11020333185930474,-0.11020333185930474,0.11020333185930474,0.6762071271789966,0.6811990246692055,0.009861064259960847,0.1999999999999993,0,0.3350775939233135,False,
M4_ASYMMETRIC_CROSS,2.416666666666663,144,O6,4,C2,252.04394455192403,-1.4571965094713066,0.9923988323930865,0.12306322547714518,0.9998455542973368,0.9998455542973368,0.9998455542973368,0.01849277684730178,0.01900263990501619,0.0012893339681630507,0.1999999999999993,0,0.9818158354413614,True,
M4_ASYMMETRIC_CROSS,2.416666666666663,144,O7,5,C1,215.31203672602737,41.127479951072814,-0.0165474888622122,0.9998630809327621,0.11161445103604489,0.11161445103604489,0.11161445103604489,0.6704212702538561,0.6756461524568211,0.2770413005664917,0.29999999999999893,0,0.35305604868539975,False,
M4_ASYMMETRIC_CROSS,2.416666666666663,144,O7,5,C0,214.9954707827433,-43.5958688801828,-0.004627157304503253,-0.9999892946503375,-0.1326309606848193,-0.1326309606848193,0.1326309606848193,0.67383954783095,0.6789545304932818,0.029179150315706573,0.1999999999999993,0,0.34975747493701936,False,
M4_ASYMMETRIC_CROSS,2.416666666666663,144,O7,5,C2,252.04394455192403,-1.4571965094713066,0.9923988323930865,0.12306322547714518,0.9999874010102807,0.9999874010102807,0.9999874010102807,0.006115793516386202,0.012212719562866828,0.020607420023908776,0.1999999999999993,0,0.994098373965049,True,
M4_ASYMMETRIC_CROSS,2.416666666666663,144,O8,8,C1,215.31203672602737,41.127479951072814,-0.0165474888622122,0.9998630809327621,0.9998630809327621,0.9998630809327621,0.9998630809327621,0.011244581631704208,0.014181888866981499,0.024901985057973655,0.29999999999999893,0,0.9856601696649246,True,
M4_ASYMMETRIC_CROSS,2.416666666666663,144,O8,8,C0,214.9954707827433,-43.5958688801828,-0.004627157304503253,-0.9999892946503375,-0.9999892946503375,-0.9999892946503375,0.9999892946503375,1.002414060628916,1.0085956726783716,0.22296016519281145,0.1999999999999993,0,0.004663203463206589,False,
M4_ASYMMETRIC_CROSS,2.416666666666663,144,O8,8,C2,252.04394455192403,-1.4571965094713066,0.9923988323930865,0.12306322547714518,0.12306322547714689,0.12306322547714689,0.12306322547714689,0.6586554631711836,0.6820262929266235,0.23153189548460926,0.1999999999999993,0,0.35151418969798554,False,
M4_ASYMMETRIC_CROSS,2.416666666666663,144,O9,9,C1,215.31203672602737,41.127479951072814,-0.0165474888622122,0.9998630809327621,0.9999866975060677,0.9999866975060677,0.9999866975060677,0.0038539663911880484,0.004201120767554758,0.0002136840615903965,0.29999999999999893,0,0.9949239708044615,True,
M4_ASYMMETRIC_CROSS,2.416666666666663,144,O9,9,C0,214.9954707827433,-43.5958688801828,-0.004627157304503253,-0.9999892946503375,-0.9996532953741196,-0.9996532953741196,0.9996532953741196,1.0105658834284916,1.0181613125244209,0.2480758343123755,0.1999999999999993,0,0.0,False,
M4_ASYMMETRIC_CROSS,2.416666666666663,144,O9,9,C2,252.04394455192403,-1.4571965094713066,0.9923988323930865,0.12306322547714518,0.10149466752777343,0.10149466752777343,0.10149466752777343,0.6731480058128119,0.6752363725844742,0.2566475646041733,0.1999999999999993,0,0.337245412190176,False,
M4_ASYMMETRIC_CROSS,2.5166666666666626,150,O10,0,C1,215.31203672602737,41.127479951072814,-0.0165474888622122,0.9998630809327621,-0.9998241393249568,-0.9998241393249568,0.9998241393249568,1.0074173397354418,1.0154065612641574,0.25406964561620965,0.3999999999999986,0,0.005823026481756255,False,
M4_ASYMMETRIC_CROSS,2.5166666666666626,150,O10,0,C0,214.9954707827433,-43.5958688801828,-0.004627157304503253,-0.9999892946503375,0.999997069604717,0.999997069604717,0.999997069604717,0.0018978827083039366,0.003748661654111812,0.006207495365424552,0.29999999999999893,0,0.9981270609382903,True,
M4_ASYMMETRIC_CROSS,2.5166666666666626,150,O10,0,C2,252.04394455192403,-1.4571965094713066,0.9923988323930865,0.12306322547714518,-0.12525242024282932,-0.12525242024282932,0.12525242024282932,0.6680308270801493,0.6709442555217503,0.002364234926373245,0.29999999999999893,0,0.34228358158595384,False,
M4_ASYMMETRIC_CROSS,2.5166666666666626,150,O11,3,C1,215.31203672602737,41.127479951072814,-0.0165474888622122,0.9998630809327621,0.10204577536003735,0.10204577536003735,0.10204577536003735,0.6681323658157232,0.6681506603631907,0.26110303860824285,0.3999999999999986,0,0.34519379805344474,False,
M4_ASYMMETRIC_CROSS,2.5166666666666626,150,O11,3,C0,214.9954707827433,-43.5958688801828,-0.004627157304503253,-0.9999892946503375,-0.12308619942547647,-0.12308619942547647,0.12308619942547647,0.6741739526974703,0.6741851529210784,0.013240888357457726,0.29999999999999893,0,0.33927271300776385,False,
M4_ASYMMETRIC_CROSS,2.5166666666666626,150,O11,3,C2,252.04394455192403,-1.4571965094713066,0.9923988323930865,0.12306322547714518,0.999989401500831,0.999989401500831,0.999989401500831,0.006229386530744412,0.006230687569026018,0.0046691580656599285,0.29999999999999893,0,0.9938948610434795,True,
M4_ASYMMETRIC_CROSS,2.5166666666666626,150,O12,5,C1,215.31203672602737,41.127479951072814,-0.0165474888622122,0.9998630809327621,0.9999974431685225,0.9999974431685225,0.9999974431685225,0.0020456500787281377,0.0032947446460062403,0.005616997859637387,0.3999999999999986,0,0.9973254765753868,True,
M4_ASYMMETRIC_CROSS,2.5166666666666626,150,O12,5,C0,214.9954707827433,-43.5958688801828,-0.004627157304503253,-0.9999892946503375,-0.9998211341875626,-0.9998211341875626,0.9998211341875626,1.0077907446121186,1.015049422166352,0.24224515239114772,0.29999999999999893,0,0.0,False,
M4_ASYMMETRIC_CROSS,2.5166666666666626,150,O12,5,C2,252.04394455192403,-1.4571965094713066,0.9923988323930865,0.12306322547714518,0.10887284292190663,0.10887284292190663,0.10887284292190663,0.6701009362995765,0.6738855997630223,0.2508168826829455,0.29999999999999893,0,0.34024543489221726,False,
M4_ASYMMETRIC_CROSS,2.6166666666666623,156,O13,0,C1,215.31203672602737,41.127479951072814,-0.0165474888622122,0.9998630809327621,-0.9996498411936954,-0.9996498411936954,0.9996498411936954,1.0112517980102693,1.018461125948445,0.24188181635049605,0.4999999999999982,0,0.0,False,
M4_ASYMMETRIC_CROSS,2.6166666666666623,156,O13,0,C0,214.9954707827433,-43.5958688801828,-0.004627157304503253,-0.9999892946503375,0.999986013964606,0.999986013964606,0.999986013964606,0.005312559482826849,0.006565358091481592,0.0059803339002890595,0.3999999999999986,0,0.9947249483574377,True,
M4_ASYMMETRIC_CROSS,2.6166666666666623,156,O13,0,C2,252.04394455192403,-1.4571965094713066,0.9923988323930865,0.12306322547714518,-0.13289768336199326,-0.13289768336199326,0.13289768336199326,0.6669273355673377,0.6682169771044213,0.014552064192086857,0.3999999999999986,0,0.3433700351688357,False,
M4_ASYMMETRIC_CROSS,2.6166666666666623,156,O14,3,C1,215.31203672602737,41.127479951072814,-0.0165474888622122,0.9998630809327621,0.10627214152495258,0.10627214152495258,0.10627214152495258,0.673400426346203,0.6760689058441267,0.2594084901212986,0.4999999999999982,0,0.33893294392524675,False,
M4_ASYMMETRIC_CROSS,2.6166666666666623,156,O14,3,C0,214.9954707827433,-43.5958688801828,-0.004627157304503253,-0.9999892946503375,-0.127302246062573,-0.127302246062573,0.127302246062573,0.6661974490249949,0.6703960285112518,0.011546339870513461,0.3999999999999986,0,0.34600399827331196,False,
M4_ASYMMETRIC_CROSS,2.6166666666666623,156,O14,3,C2,252.04394455192403,-1.4571965094713066,0.9923988323930865,0.12306322547714518,0.99999993715068,0.99999993715068,0.99999993715068,0.004099296331495482,0.004145211470544376,0.002974609578715664,0.3999999999999986,0,0.9959757825332196,True,
M4_ASYMMETRIC_CROSS,2.6166666666666623,156,O15,5,C1,215.31203672602737,41.127479951072814,-0.0165474888622122,0.9998630809327621,0.9998846684012676,0.9998846684012676,0.9998846684012676,0.006311261819946031,0.0069421904749344746,0.0013817068703427064,0.4999999999999982,0,0.9916874860839515,True,
M4_ASYMMETRIC_CROSS,2.6166666666666623,156,O15,5,C0,214.9954707827433,-43.5958688801828,-0.004627157304503253,-0.9999892946503375,-0.9999820739464725,-0.9999820739464725,0.9999820739464725,1.0028396668229873,1.0105531724479495,0.24924385712112782,0.3999999999999986,0,0.004240602142623118,False,
M4_ASYMMETRIC_CROSS,2.6166666666666623,156,O15,5,C2,252.04394455192403,-1.4571965094713066,0.9923988323930865,0.12306322547714518,0.12171295534247664,0.12171295534247664,0.12171295534247664,0.6668174961666676,0.6695883142218259,0.2578155874129256,0.3999999999999986,0,0.34347817864707186,False,
M4_ASYMMETRIC_CROSS,2.716666666666662,162,O16,0,C1,215.31203672602737,41.127479951072814,-0.0165474888622122,0.9998630809327621,-0.99951200040641,-0.99951200040641,0.99951200040641,1.0137003620124903,1.0213346006150423,0.24918955125404654,0.5999999999999979,0,0.0,False,
M4_ASYMMETRIC_CROSS,2.716666666666662,162,O16,0,C0,214.9954707827433,-43.5958688801828,-0.004627157304503253,-0.9999892946503375,0.9999493298106563,0.9999493298106563,0.9999493298106563,0.005138163085466651,0.005189510467839625,0.0013274010032614367,0.4999999999999982,0,0.9949048290621939,True,
M4_ASYMMETRIC_CROSS,2.716666666666662,162,O16,0,C2,252.04394455192403,-1.4571965094713066,0.9923988323930865,0.12306322547714518,-0.13763173595589126,-0.13763173595589126,0.13763173595589126,0.6713093286361594,0.6730555182128504,0.0072443292885363605,0.4999999999999982,0,0.33905570015627673,False,
M4_ASYMMETRIC_CROSS,2.716666666666662,162,O17,3,C1,215.31203672602737,41.127479951072814,-0.0165474888622122,0.9998630809327621,0.1055030067342939,0.1055030067342939,0.1055030067342939,0.6744861813893195,0.6771036147959169,0.26585372207544417,0.5999999999999979,0,0.3420301727779941,False,
M4_ASYMMETRIC_CROSS,2.716666666666662,162,O17,3,C0,214.9954707827433,-43.5958688801828,-0.004627157304503253,-0.9999892946503375,-0.12653501789001634,-0.12653501789001634,0.12653501789001634,0.6648057690173403,0.6732858966240436,0.017991571824659047,0.4999999999999982,0,0.35147353786326396,False,
M4_ASYMMETRIC_CROSS,2.716666666666662,162,O17,3,C2,252.04394455192403,-1.4571965094713066,0.9923988323930865,0.12306322547714518,0.9999993637817941,0.9999993637817941,0.9999993637817941,0.005583758107887345,0.0058779496369163915,0.00941984153286125,0.4999999999999982,0,0.9945529731240328,True,
M4_ASYMMETRIC_CROSS,2.716666666666662,162,O18,5,C1,215.31203672602737,41.127479951072814,-0.0165474888622122,0.9998630809327621,0.9999142340757663,0.9999142340757663,0.9999142340757663,0.007421421867316374,0.009047983984501342,0.0040422146717250685,0.5999999999999979,0,0.9902770675059521,True,
M4_ASYMMETRIC_CROSS,2.716666666666662,162,O18,5,C0,214.9954707827433,-43.5958688801828,-0.004627157304503253,-0.9999892946503375,-0.9999673706509588,-0.9999673706509588,0.9999673706509588,1.0036428084925497,1.0110186915253894,0.24381993557906004,0.4999999999999982,0,0.0034431308301737795,False,
M4_ASYMMETRIC_CROSS,2.716666666666662,162,O18,5,C2,252.04394455192403,-1.4571965094713066,0.9923988323930865,0.12306322547714518,0.11963759832089547,0.11963759832089547,0.11963759832089547,0.6693749278406428,0.6708231732288907,0.2523916658708578,0.4999999999999982,0,0.3409602337667471,False,
M4_ASYMMETRIC_CROSS,2.8166666666666615,168,O19,0,C1,215.31203672602737,41.127479951072814,-0.0165474888622122,0.9998630809327621,-0.9996863507703488,-0.9996863507703488,0.9996863507703488,1.0106125136062347,1.018894523830044,0.2592310528775678,0.6999999999999975,0,0.007724074773713396,False,
M4_ASYMMETRIC_CROSS,2.8166666666666615,168,O19,0,C0,214.9954707827433,-43.5958688801828,-0.004627157304503253,-0.9999892946503375,0.9999925070550042,0.9999925070550042,0.9999925070550042,0.0050434323299402605,0.0060458599365096856,0.011368902626782716,0.5999999999999979,0,0.9950480758805866,True,
M4_ASYMMETRIC_CROSS,2.8166666666666615,168,O19,0,C2,252.04394455192403,-1.4571965094713066,0.9923988323930865,0.12306322547714518,-0.13149242033628306,-0.13149242033628306,0.13149242033628306,0.666431313135315,0.6738384539533725,0.0027971723349849193,0.5999999999999979,0,0.34566043964623805,False,
M4_ASYMMETRIC_CROSS,2.8166666666666615,168,O20,3,C1,215.31203672602737,41.127479951072814,-0.0165474888622122,0.9998630809327621,0.11511650421575818,0.11511650421575818,0.11511650421575818,0.6750352089791513,0.6778097852916076,0.2608109732568483,0.6999999999999975,0,0.3382392124197553,False,
M4_ASYMMETRIC_CROSS,2.8166666666666615,168,O20,3,C0,214.9954707827433,-43.5958688801828,-0.004627157304503253,-0.9999892946503375,-0.13612376791401729,-0.13612376791401729,0.13612376791401729,0.6699751840573265,0.6735754143406766,0.012948823006063207,0.5999999999999979,0,0.34319973304579254,False,
M4_ASYMMETRIC_CROSS,2.8166666666666615,168,O20,3,C2,252.04394455192403,-1.4571965094713066,0.9923988323930865,0.12306322547714518,0.9999634956211338,0.9999634956211338,0.9999634956211338,0.00618590818444796,0.006201751950142413,0.004377092714265409,0.5999999999999979,0,0.9939357363622113,True,
M4_ASYMMETRIC_CROSS,2.8166666666666615,168,O21,5,C1,215.31203672602737,41.127479951072814,-0.0165474888622122,0.9998630809327621,0.9999127391631079,0.9999127391631079,0.9999127391631079,0.006896800078324714,0.008239600333098255,0.0020376732586860954,0.6999999999999975,0,0.9909405918647546,True,
M4_ASYMMETRIC_CROSS,2.8166666666666615,168,O21,5,C0,214.9954707827433,-43.5958688801828,-0.004627157304503253,-0.9999892946503375,-0.9999682822893141,-0.9999682822893141,0.9999682822893141,1.0035976398867172,1.0110955320217034,0.24582447699209903,0.5999999999999979,0,0.0034879805356987648,False,
M4_ASYMMETRIC_CROSS,2.8166666666666615,168,O21,5,C2,252.04394455192403,-1.4571965094713066,0.9923988323930865,0.12306322547714518,0.11975043209924276,0.11975043209924276,0.11975043209924276,0.6688287044057603,0.6701615459689807,0.25439620728389684,0.5999999999999979,0,0.341498023501414,False,
M4_ASYMMETRIC_CROSS,2.916666666666661,174,O22,0,C1,215.31203672602737,41.127479951072814,-0.0165474888622122,0.9998630809327621,-0.9996817597651296,-0.9996817597651296,0.9996817597651296,1.0106833299555071,1.0186495062116663,0.25424748009508286,0.7999999999999972,0,0.002774971004290694,False,
M4_ASYMMETRIC_CROSS,2.916666666666661,174,O22,0,C0,214.9954707827433,-43.5958688801828,-0.004627157304503253,-0.9999892946503375,0.9999917833002765,0.9999917833002765,0.9999917833002765,0.005854043675077363,0.00594515424015498,0.00638532984429777,0.6999999999999975,0,0.994223909012254,True,
M4_ASYMMETRIC_CROSS,2.916666666666661,174,O22,0,C2,252.04394455192403,-1.4571965094713066,0.9923988323930865,0.12306322547714518,-0.1316734841936284,-0.1316734841936284,0.1316734841936284,0.6659303107155158,0.6720079856531732,0.0021864004475000273,0.6999999999999975,0,0.34435166593799693,False,
M4_ASYMMETRIC_CROSS,2.916666666666661,174,O23,3,C1,215.31203672602737,41.127479951072814,-0.0165474888622122,0.9998630809327621,0.1137588221125458,0.1137588221125458,0.1137588221125458,0.6751078410216154,0.6780519062149518,0.259225242337157,0.7999999999999972,0,0.33713755727617567,False,
M4_ASYMMETRIC_CROSS,2.916666666666661,174,O23,3,C0,214.9954707827433,-43.5958688801828,-0.004627157304503253,-0.9999892946503375,-0.13476970172487593,-0.13476970172487593,0.13476970172487593,0.6687839271153,0.6722540024006588,0.011363092086371904,0.6999999999999975,0,0.34334676529421904,False,
M4_ASYMMETRIC_CROSS,2.916666666666661,174,O23,3,C2,252.04394455192403,-1.4571965094713066,0.9923988323930865,0.12306322547714518,0.9999742391181405,0.9999742391181405,0.9999742391181405,0.00582597360272245,0.006060744834537774,0.002791361794574108,0.6999999999999975,0,0.9942797004287476,True,
M4_ASYMMETRIC_CROSS,2.916666666666661,174,O24,5,C1,215.31203672602737,41.127479951072814,-0.0165474888622122,0.9998630809327621,0.9998843182027173,0.9998843182027173,0.9998843182027173,0.005876089983910086,0.006868237396340416,0.005422519608287958,0.7999999999999972,0,0.9922606475287024,True,
M4_ASYMMETRIC_CROSS,2.916666666666661,174,O24,5,C0,214.9954707827433,-43.5958688801828,-0.004627157304503253,-0.9999892946503375,-0.9999822116444042,-0.9999822116444042,0.9999822116444042,1.0028361738161085,1.010801320123037,0.25328466985907305,0.6999999999999975,0,0.004244070488103824,False,
M4_ASYMMETRIC_CROSS,2.916666666666661,174,O24,5,C2,252.04394455192403,-1.4571965094713066,0.9923988323930865,0.12306322547714518,0.12173582538227348,0.12173582538227348,0.12173582538227348,0.665832921601296,0.6683094667058291,0.26185640015087086,0.6999999999999975,0,0.3444475513624422,False,
M4_ASYMMETRIC_CROSS,3.016666666666661,180,O25,0,C1,215.31203672602737,41.127479951072814,-0.0165474888622122,0.9998630809327621,-0.9996978944496149,-0.9996978944496149,0.9996978944496149,1.0103434418326718,1.0179934481912025,0.24914746290392845,0.8999999999999968,0,0.0,False,
M4_ASYMMETRIC_CROSS,3.016666666666661,180,O25,0,C0,214.9954707827433,-43.5958688801828,-0.004627157304503253,-0.9999892946503375,0.9999941999050606,0.9999941999050606,0.9999941999050606,0.008713286965571169,0.008853739269330292,0.001285312653143324,0.7999999999999972,0,0.9913592584031912,True,
M4_ASYMMETRIC_CROSS,3.016666666666661,180,O25,0,C2,252.04394455192403,-1.4571965094713066,0.9923988323930865,0.12306322547714518,-0.13103118891930815,-0.13103118891930815,0.13103118891930815,0.6636636081318211,0.6702625103325899,0.007286417638654473,0.7999999999999972,0,0.3465833705907204,False,
M4_ASYMMETRIC_CROSS,3.016666666666661,180,O26,3,C1,215.31203672602737,41.127479951072814,-0.0165474888622122,0.9998630809327621,0.11161456869906776,0.11161456869906776,0.11161456869906776,0.6763639997263896,0.6781849479831591,0.25721723373503835,0.8999999999999968,0,0.3345922744512625,False,
M4_ASYMMETRIC_CROSS,3.016666666666661,180,O26,3,C0,214.9954707827433,-43.5958688801828,-0.004627157304503253,-0.9999892946503375,-0.13263107804164087,-0.13263107804164087,0.13263107804164087,0.6698278559848143,0.6729568003059002,0.00935508348425326,0.7999999999999972,0,0.3410225406137144,False,
M4_ASYMMETRIC_CROSS,3.016666666666661,180,O26,3,C2,252.04394455192403,-1.4571965094713066,0.9923988323930865,0.12306322547714518,0.9999874004159218,0.9999874004159218,0.9999874004159218,0.0074066156277024465,0.007498688435308172,0.0007833531924554615,0.7999999999999972,0,0.9927133625372774,True,
M4_ASYMMETRIC_CROSS,3.016666666666661,180,O27,5,C1,215.31203672602737,41.127479951072814,-0.0165474888622122,0.9998630809327621,0.9998630393841121,0.9998630393841121,0.9998630393841121,0.0063210453841847924,0.007372607415715465,0.0030291930451393882,0.8999999999999968,0,0.9916746002274931,True,
M4_ASYMMETRIC_CROSS,3.016666666666661,180,O27,5,C0,214.9954707827433,-43.5958688801828,-0.004627157304503253,-0.9999892946503375,-0.9999893062645109,-0.9999893062645109,0.9999893062645109,1.0023383290518804,1.0101582686651978,0.2508913432959245,0.7999999999999972,0,0.004738400358625272,False,
M4_ASYMMETRIC_CROSS,3.016666666666661,180,O27,5,C2,252.04394455192403,-1.4571965094713066,0.9923988323930865,0.12306322547714518,0.1230657170756169,0.1230657170756169,0.1230657170756169,0.6642965342557057,0.6694611188254658,0.2594630735877223,0.7999999999999972,0,0.34596021685821743,False,
M4_ASYMMETRIC_CROSS,3.1166666666666605,186,O28,0,C1,215.31203672602737,41.127479951072814,-0.0165474888622122,0.9998630809327621,-0.9997274480252735,-0.9997274480252735,0.9997274480252735,1.0097350551042377,1.0177158123499812,0.2543895650110195,0.9999999999999964,0,0.003850271715022391,False,
M4_ASYMMETRIC_CROSS,3.1166666666666605,186,O28,0,C0,214.9954707827433,-43.5958688801828,-0.004627157304503253,-0.9999892946503375,0.9999976399627313,0.9999976399627313,0.9999976399627313,0.007746820569248603,0.007778873592546158,0.006527414760234372,0.8999999999999968,0,0.9923574078505843,True,
M4_ASYMMETRIC_CROSS,3.1166666666666605,186,O28,0,C2,252.04394455192403,-1.4571965094713066,0.9923988323930865,0.12306322547714518,-0.12980838995229593,-0.12980838995229593,0.12980838995229593,0.663776536677554,0.6720894080802532,0.0020443155315634258,0.8999999999999968,0,0.34647218566387994,False,
M4_ASYMMETRIC_CROSS,3.1166666666666605,186,O29,3,C1,215.31203672602737,41.127479951072814,-0.0165474888622122,0.9998630809327621,0.10779881348836196,0.10779881348836196,0.10779881348836196,0.6757100544206889,0.6757344049216366,0.26202079938602857,0.9999999999999964,0,0.3383623631683369,False,
M4_ASYMMETRIC_CROSS,3.1166666666666605,186,O29,3,C0,214.9954707827433,-43.5958688801828,-0.004627157304503253,-0.9999892946503375,-0.1288250957920177,-0.1288250957920177,0.1288250957920177,0.6749464005763169,0.6777187875700293,0.01415864913524345,0.8999999999999968,0,0.33911011306733885,False,
M4_ASYMMETRIC_CROSS,3.1166666666666605,186,O29,3,C2,252.04394455192403,-1.4571965094713066,0.9923988323930865,0.12306322547714518,0.9999993026748804,0.9999993026748804,0.9999993026748804,0.009992017837556164,0.010362775442999881,0.005586918843445653,0.8999999999999968,0,0.9902160771088593,True,
M4_ASYMMETRIC_CROSS,3.1166666666666605,186,O30,5,C1,215.31203672602737,41.127479951072814,-0.0165474888622122,0.9998630809327621,0.9999678367597817,0.9999678367597817,0.9999678367597817,0.005688893047558867,0.006393431742428858,0.0011722593631005346,0.9999999999999964,0,0.9925072031593916,True,
M4_ASYMMETRIC_CROSS,3.1166666666666605,186,O30,5,C0,214.9954707827433,-43.5958688801828,-0.004627157304503253,-0.9999892946503375,-0.9999134740067569,-0.9999134740067569,0.9999134740067569,1.0055988449181787,1.0132850786050458,0.24903440961388565,0.8999999999999968,0,0.0015009044526093085,False,
M4_ASYMMETRIC_CROSS,3.1166666666666605,186,O30,5,C2,252.04394455192403,-1.4571965094713066,0.9923988323930865,0.12306322547714518,0.11459583125934789,0.11459583125934789,0.11459583125934789,0.6640536456419079,0.6706001514113125,0.25760613990568343,0.8999999999999968,0,0.346199355267202,False,
M4_ASYMMETRIC_CROSS,3.21666666666666,192,O31,0,C1,215.31203672602737,41.127479951072814,-0.0165474888622122,0.9998630809327621,-0.9997601065986889,-0.9997601065986889,0.9997601065986889,1.0090153985344987,1.0168792021160118,0.25246962640988224,1.099999999999996,0,0.00267119823125217,False,
M4_ASYMMETRIC_CROSS,3.21666666666666,192,O31,0,C0,214.9954707827433,-43.5958688801828,-0.004627157304503253,-0.9999892946503375,0.9999997342385513,0.9999997342385513,0.9999997342385513,0.010884868740776363,0.010889170565333662,0.004607476159097111,0.9999999999999964,0,0.9892412017552799,True,
M4_ASYMMETRIC_CROSS,3.21666666666666,192,O31,0,C2,252.04394455192403,-1.4571965094713066,0.9923988323930865,0.12306322547714518,-0.12837695117194134,-0.12837695117194134,0.12837695117194134,0.6611237110891347,0.6717453982963238,0.003964254132700687,0.9999999999999964,0,0.3490840515747967,False,
M4_ASYMMETRIC_CROSS,3.21666666666666,192,O32,3,C1,215.31203672602737,41.127479951072814,-0.0165474888622122,0.9998630809327621,0.10523401660036803,0.10523401660036803,0.10523401660036803,0.6789292629135045,0.6789515640959722,0.2569698160122784,1.099999999999996,0,0.3319059447296463,False,
M4_ASYMMETRIC_CROSS,3.21666666666666,192,O32,3,C0,214.9954707827433,-43.5958688801828,-0.004627157304503253,-0.9999892946503375,-0.1262666915526207,-0.1262666915526207,0.1262666915526207,0.6768943547842602,0.679366920648983,0.009107665761493286,0.9999999999999964,0,0.3339083772339331,False,
M4_ASYMMETRIC_CROSS,3.21666666666666,192,O32,3,C2,252.04394455192403,-1.4571965094713066,0.9923988323930865,0.12306322547714518,0.9999990220721671,0.9999990220721671,0.9999990220721671,0.013858359335968013,0.013863373730525522,0.0005359354696954895,0.9999999999999964,0,0.9863628098037363,True,
M4_ASYMMETRIC_CROSS,3.21666666666666,192,O33,5,C1,215.31203672602737,41.127479951072814,-0.0165474888622122,0.9998630809327621,0.9999240848980839,0.9999240848980839,0.9999240848980839,0.006816813819598147,0.006846725097844121,0.009427152972669547,1.099999999999996,0,0.99113173960637,True,
M4_ASYMMETRIC_CROSS,3.21666666666666,192,O33,5,C0,214.9954707827433,-43.5958688801828,-0.004627157304503253,-0.9999892946503375,-0.9999608089097596,-0.9999608089097596,0.9999608089097596,1.0039928268255873,1.011049551685324,0.23843499727811557,0.9999999999999964,0,0.0030955837036735767,False,
M4_ASYMMETRIC_CROSS,3.21666666666666,192,O33,5,C2,252.04394455192403,-1.4571965094713066,0.9923988323930865,0.12306322547714518,0.11886803696760065,0.11886803696760065,0.11886803696760065,0.6627199736448376,0.6747622989812057,0.24700672756991335,0.9999999999999964,0,0.3475124353432911,False,
M4_ASYMMETRIC_CROSS,3.3166666666666598,198,O34,0,C1,215.31203672602737,41.127479951072814,-0.0165474888622122,0.9998630809327621,0.11969963842741731,0.11969963842741731,0.11969963842741731,0.6764422729033499,0.6787631233784854,0.25387086883458937,1.1999999999999957,0,0.33231715186875577,False,
M4_ASYMMETRIC_CROSS,3.3166666666666598,198,O34,0,C0,214.9954707827433,-43.5958688801828,-0.004627157304503253,-0.9999892946503375,-0.14069440167242916,-0.14069440167242916,0.14069440167242916,0.6732328053759304,0.6755081867134987,0.006008718583804262,1.099999999999996,0,0.33548505917663973,False,
M4_ASYMMETRIC_CROSS,3.3166666666666598,198,O34,0,C2,252.04394455192403,-1.4571965094713066,0.9923988323930865,0.12306322547714518,0.999913413719452,0.999913413719452,0.999913413719452,0.009308392519549803,0.010018102467880293,0.0025630117079935353,1.099999999999996,0,0.9908353292378589,True,
M4_ASYMMETRIC_CROSS,3.3166666666666598,198,O35,2,C1,215.31203672602737,41.127479951072814,-0.0165474888622122,0.9998630809327621,0.9998630801032604,0.9998630801032604,0.9998630801032604,0.006362171210460079,0.008361843247209693,0.006105649251132915,1.1999999999999957,0,0.9916204337211787,True,
M4_ASYMMETRIC_CROSS,3.3166666666666598,198,O35,2,C0,214.9954707827433,-43.5958688801828,-0.004627157304503253,-0.9999892946503375,-0.9999892948822886,-0.9999892948822886,0.9999892948822886,1.0023394517600999,1.0103516295752546,0.253967799501918,1.099999999999996,0,0.00473728557697306,False,
M4_ASYMMETRIC_CROSS,3.3166666666666598,198,O35,2,C2,252.04394455192403,-1.4571965094713066,0.9923988323930865,0.12306322547714518,0.12306327522459223,0.12306327522459223,0.12306327522459223,0.6640952435430683,0.6684143592565202,0.2625395297937158,1.099999999999996,0,0.3461583996384262,False,
M4_ASYMMETRIC_CROSS,3.4166666666666594,204,O36,0,C1,215.31203672602737,41.127479951072814,-0.0165474888622122,0.9998630809327621,-0.9998520282768462,-0.9998520282768462,0.9998520282768462,1.0076817117890353,1.0148508222033281,0.24075056640129994,1.2999999999999954,0,0.0,False,
M4_ASYMMETRIC_CROSS,3.4166666666666594,204,O36,0,C0,214.9954707827433,-43.5958688801828,-0.004627157304503253,-0.9999892946503375,0.9999921108282912,0.9999921108282912,0.9999921108282912,0.006078094717289986,0.00672150733434476,0.007111583849485166,1.1999999999999957,0,0.9939648179703714,True,
M4_ASYMMETRIC_CROSS,3.4166666666666594,204,O36,0,C2,252.04394455192403,-1.4571965094713066,0.9923988323930865,0.12306322547714518,-0.12371319536844588,-0.12371319536844588,0.12371319536844588,0.6633138401121025,0.6671400477796546,0.01568331414128296,1.1999999999999957,0,0.3469277381855673,False,
M4_ASYMMETRIC_CROSS,3.4166666666666594,204,O37,2,C1,215.31203672602737,41.127479951072814,-0.0165474888622122,0.9998630809327621,0.1328552534807596,0.1328552534807596,0.1328552534807596,0.6705665132575565,0.6707080093005505,0.2486719467857106,1.2999999999999954,0,0.3347027856938528,False,
M4_ASYMMETRIC_CROSS,3.4166666666666594,204,O37,2,C0,214.9954707827433,-43.5958688801828,-0.004627157304503253,-0.9999892946503375,-0.11183932959173346,-0.11183932959173346,0.11183932959173346,0.6642990242155451,0.6726507637316311,0.0008097965349254956,1.1999999999999957,0,0.3409210249257646,False,
M4_ASYMMETRIC_CROSS,3.4166666666666594,204,O37,2,C2,252.04394455192403,-1.4571965094713066,0.9923988323930865,0.12306322547714518,-0.971319678705259,-0.971319678705259,0.971319678705259,0.876367147806754,0.8763739875144203,0.007761933756872301,1.1999999999999957,0,0.13716397761081833,False,
M4_ASYMMETRIC_CROSS,3.4166666666666594,204,O38,3,C1,215.31203672602737,41.127479951072814,-0.0165474888622122,0.9998630809327621,0.09989902040269785,0.09989902040269785,0.09989902040269785,0.6716152895615055,0.6716676762974663,0.2545184596203405,1.2999999999999954,0,0.3375050993938532,False,
M4_ASYMMETRIC_CROSS,3.4166666666666594,204,O38,3,C0,214.9954707827433,-43.5958688801828,-0.004627157304503253,-0.9999892946503375,-0.12094453903496902,-0.12094453903496902,0.12094453903496902,0.6737189076085217,0.6737196998445157,0.006656309369555387,1.1999999999999957,0,0.3354300480204975,False,
M4_ASYMMETRIC_CROSS,3.4166666666666594,204,O38,3,C2,252.04394455192403,-1.4571965094713066,0.9923988323930865,0.12306322547714518,0.9999771390688337,0.9999771390688337,0.9999771390688337,0.006438185734910336,0.00675143930374914,0.0019154209222424104,1.1999999999999957,0,0.993661219975195,True,
M4_ASYMMETRIC_CROSS,3.4166666666666594,204,O39,5,C1,215.31203672602737,41.127479951072814,-0.0165474888622122,0.9998630809327621,0.9999520012873356,0.9999520012873356,0.9999520012873356,0.004183672394631042,0.004805212860456141,0.005457500371992721,1.2999999999999954,0,0.9945290429989528,True,
M4_ASYMMETRIC_CROSS,3.4166666666666594,204,O39,5,C0,214.9954707827433,-43.5958688801828,-0.004627157304503253,-0.9999892946503375,-0.9999352763628979,-0.9999352763628979,0.9999352763628979,1.004921293595253,1.012207568086933,0.2424046498787924,1.1999999999999957,0,0.0021736721139359316,False,
M4_ASYMMETRIC_CROSS,3.4166666666666594,204,O39,5,C2,252.04394455192403,-1.4571965094713066,0.9923988323930865,0.12306322547714518,0.11636140591348458,0.11636140591348458,0.11636140591348458,0.665423900246935,0.6726806957010355,0.2509763801705902,1.1999999999999957,0,0.3448502574193184,False,
M4_ASYMMETRIC_CROSS,3.516666666666659,210,O40,1,C1,215.31203672602737,41.127479951072814,-0.0165474888622122,0.9998630809327621,-0.9996854245285461,-0.9996854245285461,0.9996854245285461,1.0105793302810533,1.0179510861459264,0.24455776555613357,1.399999999999995,0,0.0,False,
M4_ASYMMETRIC_CROSS,3.516666666666659,210,O40,1,C0,214.9954707827433,-43.5958688801828,-0.004627157304503253,-0.9999892946503375,0.999992363304399,0.999992363304399,0.999992363304399,0.007215557199238281,0.007590664476554525,0.0033043846946515572,1.2999999999999954,0,0.9928353862241199,True,
M4_ASYMMETRIC_CROSS,3.516666666666659,210,O40,1,C2,252.04394455192403,-1.4571965094713066,0.9923988323930865,0.12306322547714518,-0.131529056725538,-0.131529056725538,0.131529056725538,0.6648897243461775,0.6684239497522217,0.011876114986449355,1.2999999999999954,0,0.3453761856340162,False,
M4_ASYMMETRIC_CROSS,3.516666666666659,210,O41,3,C1,215.31203672602737,41.127479951072814,-0.0165474888622122,0.9998630809327621,0.13795672169186093,0.13795672169186093,0.13795672169186093,0.6691192034357263,0.6718612162820607,0.24822131639203873,1.399999999999995,0,0.33584178451862157,False,
M4_ASYMMETRIC_CROSS,3.516666666666659,210,O41,3,C0,214.9954707827433,-43.5958688801828,-0.004627157304503253,-0.9999892946503375,-0.11695441634374935,-0.11695441634374935,0.11695441634374935,0.6636513199840709,0.6707799351175021,0.0003591661412536206,1.2999999999999954,0,0.34126912795319164,False,
M4_ASYMMETRIC_CROSS,3.516666666666659,210,O41,3,C2,252.04394455192403,-1.4571965094713066,0.9923988323930865,0.12306322547714518,-0.9700825181337444,-0.9700825181337444,0.9700825181337444,0.8747666165435355,0.8747754255617347,0.008212564150544176,1.2999999999999954,0,0.13873979664091451,False,
M4_ASYMMETRIC_CROSS,3.516666666666659,210,O42,7,C1,215.31203672602737,41.127479951072814,-0.0165474888622122,0.9998630809327621,0.10914872083017253,0.10914872083017253,0.10914872083017253,0.6748079717167683,0.6771632892648748,0.2573674293933844,1.399999999999995,0,0.3362211784314876,False,
M4_ASYMMETRIC_CROSS,3.516666666666659,210,O42,7,C0,214.9954707827433,-43.5958688801828,-0.004627157304503253,-0.9999892946503375,-0.13017158161790937,-0.13017158161790937,0.13017158161790937,0.6678772006013537,0.6708736317832594,0.009505279142599323,1.2999999999999954,0,0.34303867211320416,False,
M4_ASYMMETRIC_CROSS,3.516666666666659,210,O42,7,C2,252.04394455192403,-1.4571965094713066,0.9923988323930865,0.12306322547714518,0.9999967770629468,0.9999967770629468,0.9999967770629468,0.005346763652509092,0.005392193670171658,0.0009335488508015255,1.2999999999999954,0,0.9947406245551031,True,
M4_ASYMMETRIC_CROSS,3.516666666666659,210,O43,9,C1,215.31203672602737,41.127479951072814,-0.0165474888622122,0.9998630809327621,0.9998630805687087,0.9998630805687087,0.9998630805687087,0.006316456782439942,0.008039608806288859,0.005604323500342308,1.399999999999995,0,0.9916806438392062,True,
M4_ASYMMETRIC_CROSS,3.516666666666659,210,O43,9,C0,214.9954707827433,-43.5958688801828,-0.004627157304503253,-0.9999892946503375,-0.999989294752137,-0.999989294752137,0.999989294752137,1.0023298552136577,1.0103105415339142,0.2534664737511274,1.2999999999999954,0,0.004746814369683383,False,
M4_ASYMMETRIC_CROSS,3.516666666666659,210,O43,9,C2,252.04394455192403,-1.4571965094713066,0.9923988323930865,0.12306322547714518,0.12306324731042947,0.12306324731042947,0.12306324731042947,0.6643726733378424,0.6685814643111192,0.2620382040429252,1.2999999999999954,0,0.3458852533649559,False,
M4_ASYMMETRIC_CROSS,3.6166666666666587,216,O44,1,C1,215.31203672602737,41.127479951072814,-0.0165474888622122,0.9998630809327621,-0.9997953933557858,-0.9997953933557858,0.9997953933557858,1.008170150957179,1.0160845677646195,0.2531359582147439,1.4999999999999947,0,0.0041625287300890434,False,
M4_ASYMMETRIC_CROSS,3.6166666666666587,216,O44,1,C0,214.9954707827433,-43.5958688801828,-0.004627157304503253,-0.9999892946503375,0.9999995524927792,0.9999995524927792,0.9999995524927792,0.009477819578273296,0.009484390044540268,0.005273807963958752,1.399999999999995,0,0.9906381200901265,True,
M4_ASYMMETRIC_CROSS,3.6166666666666587,216,O44,1,C2,252.04394455192403,-1.4571965094713066,0.9923988323930865,0.12306322547714518,-0.12671552436240163,-0.12671552436240163,0.12671552436240163,0.6614090448975636,0.6717929485453191,0.003297922327839045,1.399999999999995,0,0.3488031233257929,False,
M4_ASYMMETRIC_CROSS,3.6166666666666587,216,O45,3,C1,215.31203672602737,41.127479951072814,-0.0165474888622122,0.9998630809327621,0.10772642652895424,0.10772642652895424,0.10772642652895424,0.5364918015851352,0.8656250081836182,0.6362094310312139,1.4999999999999947,0,0.6155442040745531,False,
M4_ASYMMETRIC_CROSS,3.6166666666666587,216,O45,3,C0,214.9954707827433,-43.5958688801828,-0.004627157304503253,-0.9999892946503375,-0.08665165931626334,-0.08665165931626334,0.08665165931626334,0.8206891975646022,0.8259136871568221,0.38834728078042874,1.399999999999995,0,0.4118852930746114,False,
M4_ASYMMETRIC_CROSS,3.6166666666666587,216,O45,3,C2,252.04394455192403,-1.4571965094713066,0.9923988323930865,0.12306322547714518,-0.9770267972668358,-0.9770267972668358,0.9770267972668358,0.8956931013971751,0.9210458654270187,0.37977555048863093,1.399999999999995,0,0.358136688789758,False,
M4_ASYMMETRIC_CROSS,3.6166666666666587,216,O46,4,C1,215.31203672602737,41.127479951072814,-0.0165474888622122,0.9998630809327621,0.13858298255248508,0.13858298255248508,0.13858298255248508,0.666766050741562,0.6750449925794046,0.2562813822066261,1.4999999999999947,0,0.3434302499036741,False,
M4_ASYMMETRIC_CROSS,3.6166666666666587,216,O46,4,C0,214.9954707827433,-43.5958688801828,-0.004627157304503253,-0.9999892946503375,-0.11758238809079556,-0.11758238809079556,0.11758238809079556,0.6672871101707128,0.6729335751475193,0.008419231955840985,1.399999999999995,0,0.34291715860455607,False,
M4_ASYMMETRIC_CROSS,3.6166666666666587,216,O46,4,C2,252.04394455192403,-1.4571965094713066,0.9923988323930865,0.12306322547714518,-0.9699288088736482,-0.9699288088736482,0.9699288088736482,0.8757506320019811,0.8757508695375239,0.0001524983359568109,1.399999999999995,0,0.13777097439984853,False,
M4_ASYMMETRIC_CROSS,3.6166666666666587,216,O47,9,C1,215.31203672602737,41.127479951072814,-0.0165474888622122,0.9998630809327621,0.1166133408191973,0.1166133408191973,0.1166133408191973,0.6741954337660495,0.6765583867853392,0.2557616185255085,1.4999999999999947,0,0.3357745174684581,False,
M4_ASYMMETRIC_CROSS,3.6166666666666587,216,O47,9,C0,214.9954707827433,-43.5958688801828,-0.004627157304503253,-0.9999892946503375,-0.13761657184296547,-0.13761657184296547,0.13761657184296547,0.6726224544661308,0.6743288712911539,0.007899468274723395,1.399999999999995,0,0.33732423566910563,False,
M4_ASYMMETRIC_CROSS,3.6166666666666587,216,O47,9,C2,252.04394455192403,-1.4571965094713066,0.9923988323930865,0.12306322547714518,0.9999494838120744,0.9999494838120744,0.9999494838120744,0.007088107440213373,0.0072308865748431025,0.000672262017074403,1.399999999999995,0,0.9930213330733736,True,
M4_ASYMMETRIC_CROSS,3.6166666666666587,216,O48,13,C1,215.31203672602737,41.127479951072814,-0.0165474888622122,0.9998630809327621,0.9997105181775863,0.9997105181775863,0.9997105181775863,0.0012191769149234324,0.009590468858393921,0.00595193917078941,1.4999999999999947,0,0.998394231556137,True,
M4_ASYMMETRIC_CROSS,3.6166666666666587,216,O48,13,C0,214.9954707827433,-43.5958688801828,-0.004627157304503253,-0.9999892946503375,-0.999995833120915,-0.999995833120915,0.999995833120915,1.0074201283123863,1.015382343744603,0.2538140894215745,1.399999999999995,0,0.0,False,
M4_ASYMMETRIC_CROSS,3.6166666666666587,216,O48,13,C2,252.04394455192403,-1.4571965094713066,0.9923988323930865,0.12306322547714518,0.13051656581364565,0.13051656581364565,0.13051656581364565,0.6684456420588936,0.6706800716778221,0.2623858197133723,1.399999999999995,0,0.341875171358365,False,
M4_ASYMMETRIC_CROSS,3.7166666666666583,222,O49,1,C1,215.31203672602737,41.127479951072814,-0.0165474888622122,0.9998630809327621,-0.9997755526516713,-0.9997755526516713,0.9997755526516713,1.011248845388815,1.0188803397974415,0.24886227299649546,1.5999999999999943,0,0.0,False,
M4_ASYMMETRIC_CROSS,3.7166666666666583,222,O49,1,C0,214.9954707827433,-43.5958688801828,-0.004627157304503253,-0.9999892946503375,0.9999999999266311,0.9999999999266311,0.9999999999266311,0.005772610568904614,0.005776861094804466,0.0010001227457103533,1.4999999999999947,0,0.994273831771493,True,
M4_ASYMMETRIC_CROSS,3.7166666666666583,222,O49,1,C2,252.04394455192403,-1.4571965094713066,0.9923988323930865,0.12306322547714518,-0.12766590796528754,-0.12766590796528754,0.12766590796528754,0.6665810855375381,0.67054252552498,0.007571607546087444,1.4999999999999947,0,0.34371093909159456,False,
M4_ASYMMETRIC_CROSS,3.7166666666666583,222,O50,3,C1,215.31203672602737,41.127479951072814,-0.0165474888622122,0.9998630809327621,0.1436935734361845,0.1436935734361845,0.1436935734361845,0.6706745870804397,0.675276646234876,0.2515922832552704,1.5999999999999943,0,0.3365179264567506,False,
M4_ASYMMETRIC_CROSS,3.7166666666666583,222,O50,3,C0,214.9954707827433,-43.5958688801828,-0.004627157304503253,-0.9999892946503375,-0.12270726039408869,-0.12270726039408869,0.12270726039408869,0.6632247993207347,0.6684009690016615,0.0037301330044852777,1.4999999999999947,0,0.3438878204791006,False,
M4_ASYMMETRIC_CROSS,3.7166666666666583,222,O50,3,C2,252.04394455192403,-1.4571965094713066,0.9923988323930865,0.12306322547714518,-0.9686594515267494,-0.9686594515267494,0.9686594515267494,0.8756289888683876,0.8756334487902481,0.00484159728731252,1.4999999999999947,0,0.1378907393611476,False,
M4_ASYMMETRIC_CROSS,3.7166666666666583,222,O51,7,C1,215.31203672602737,41.127479951072814,-0.0165474888622122,0.9998630809327621,0.11009131437811231,0.11009131437811231,0.11009131437811231,0.6733346765793831,0.6757685559587874,0.25851598062751907,1.5999999999999943,0,0.33841783558280014,False,
M4_ASYMMETRIC_CROSS,3.7166666666666583,222,O51,7,C0,214.9954707827433,-43.5958688801828,-0.004627157304503253,-0.9999892946503375,-0.13111176274858527,-0.13111176274858527,0.13111176274858527,0.6690772530198454,0.6713113049491711,0.010653830376733979,1.4999999999999947,0,0.3426009492576646,False,
M4_ASYMMETRIC_CROSS,3.7166666666666583,222,O51,7,C2,252.04394455192403,-1.4571965094713066,0.9923988323930865,0.12306322547714518,0.9999939197877447,0.9999939197877447,0.9999939197877447,0.004171041810812104,0.004172659744010786,0.0020821000849361817,1.4999999999999947,0,0.9959017603503058,True,
M4_ASYMMETRIC_CROSS,3.7166666666666583,222,O52,9,C1,215.31203672602737,41.127479951072814,-0.0165474888622122,0.9998630809327621,0.9999089342031303,0.9999089342031303,0.9999089342031303,0.005313574199739134,0.008129218089769021,0.008593931456721191,1.5999999999999943,0,0.9930015326983115,True,
M4_ASYMMETRIC_CROSS,3.7166666666666583,222,O52,9,C0,214.9954707827433,-43.5958688801828,-0.004627157304503253,-0.9999892946503375,-0.999970511236186,-0.999970511236186,0.999970511236186,1.0034772816765898,1.0116384617456045,0.2564560817075063,1.4999999999999947,0,0.003607488990348795,False,
M4_ASYMMETRIC_CROSS,3.7166666666666583,222,O52,9,C2,252.04394455192403,-1.4571965094713066,0.9923988323930865,0.12306322547714518,0.12003333177322933,0.12003333177322933,0.12003333177322933,0.664741794286523,0.6667967676508678,0.2650278119993041,1.4999999999999947,0,0.34552183165073824,False,
M4_ASYMMETRIC_CROSS,3.816666666666658,228,O53,1,C1,215.31203672602737,41.127479951072814,-0.0165474888622122,0.9998630809327621,-0.999863051515009,-0.999863051515009,0.999863051515009,1.0062900296454769,1.0136983773143402,0.24456115049763533,1.699999999999994,0,0.0,False,
M4_ASYMMETRIC_CROSS,3.816666666666658,228,O53,1,C0,214.9954707827433,-43.5958688801828,-0.004627157304503253,-0.9999892946503375,0.9999893028743717,0.9999893028743717,0.9999893028743717,0.0050305311090012945,0.0057727967481341355,0.0033009997531497754,1.5999999999999943,0,0.9950049855488154,True,
M4_ASYMMETRIC_CROSS,3.816666666666658,228,O53,1,C2,252.04394455192403,-1.4571965094713066,0.9923988323930865,0.12306322547714518,-0.12306498964649971,-0.12306498964649971,0.12306498964649971,0.6632804899326421,0.6686773763790173,0.011872730044947573,1.5999999999999943,0,0.346960573437623,False,
M4_ASYMMETRIC_CROSS,3.816666666666658,228,O54,3,C1,215.31203672602737,41.127479951072814,-0.0165474888622122,0.9998630809327621,0.1397124053486028,0.1397124053486028,0.1397124053486028,0.667831291186395,0.6742636374784685,0.2540675919645998,1.699999999999994,0,0.3409446003225244,False,
M4_ASYMMETRIC_CROSS,3.816666666666658,228,O54,3,C0,214.9954707827433,-43.5958688801828,-0.004627157304503253,-0.9999892946503375,-0.11871491797899301,-0.11871491797899301,0.11871491797899301,0.6665853728106484,0.6716390394199905,0.006205441713814726,1.5999999999999943,0,0.34217414623319053,False,
M4_ASYMMETRIC_CROSS,3.816666666666658,228,O54,3,C2,252.04394455192403,-1.4571965094713066,0.9923988323930865,0.12306322547714518,-0.9696505887419435,-0.9696505887419435,0.9696505887419435,0.8760269655746645,0.8760272474278592,0.002366288577983071,1.5999999999999943,0,0.13749890742277915,False,
M4_ASYMMETRIC_CROSS,3.816666666666658,228,O55,7,C1,215.31203672602737,41.127479951072814,-0.0165474888622122,0.9998630809327621,0.1086066278869923,0.1086066278869923,0.1086066278869923,0.6704949250952639,0.6732166624580997,0.24866334405114948,1.699999999999994,0,0.334768133474311,False,
M4_ASYMMETRIC_CROSS,3.816666666666658,228,O55,7,C0,214.9954707827433,-43.5958688801828,-0.004627157304503253,-0.9999892946503375,-0.12963086739911417,-0.12963086739911417,0.12963086739911417,0.6699908331252186,0.6700341544467934,0.0008011938003643795,1.5999999999999943,0,0.33526826856793046,False,
M4_ASYMMETRIC_CROSS,3.816666666666658,228,O55,7,C2,252.04394455192403,-1.4571965094713066,0.9923988323930865,0.12306322547714518,0.99999801290297,0.99999801290297,0.99999801290297,0.0023946792941099077,0.0045980395086194295,0.007770536491433418,1.5999999999999943,0,0.9976422945997022,True,
M4_ASYMMETRIC_CROSS,3.816666666666658,228,O56,9,C1,215.31203672602737,41.127479951072814,-0.0165474888622122,0.9998630809327621,0.9997128606129485,0.9997128606129485,0.9997128606129485,0.003501308125658183,0.009705156265795788,0.006398825310461019,1.699999999999994,0,0.9953884542664788,True,
M4_ASYMMETRIC_CROSS,3.816666666666658,228,O56,9,C0,214.9954707827433,-43.5958688801828,-0.004627157304503253,-0.9999892946503375,-0.9999961099894765,-0.9999961099894765,0.9999961099894765,1.0051210247179152,1.0131293140449613,0.2542609755612461,1.5999999999999943,0,0.001975351136999093,False,
M4_ASYMMETRIC_CROSS,3.816666666666658,228,O56,9,C2,252.04394455192403,-1.4571965094713066,0.9923988323930865,0.12306322547714518,0.1304198435572084,0.1304198435572084,0.1304198435572084,0.6667516594909121,0.6704642821804758,0.2628327058530439,1.5999999999999943,0,0.3435429988033025,False,
M4_ASYMMETRIC_CROSS,3.9166666666666576,234,O57,0,C1,215.31203672602737,41.127479951072814,-0.0165474888622122,0.9998630809327621,-0.9999454348463356,-0.9999454348463356,0.9999454348463356,1.0093495008372622,1.0166983564749674,0.24395998167662758,1.7999999999999936,0,0.0,False,
M4_ASYMMETRIC_CROSS,3.9166666666666576,234,O57,0,C0,214.9954707827433,-43.5958688801828,-0.004627157304503253,-0.9999892946503375,0.9999424467069219,0.9999424467069219,0.9999424467069219,0.004522139614411958,0.00707897290467901,0.003902168574157541,1.699999999999994,0,0.9955097876874582,True,
M4_ASYMMETRIC_CROSS,3.9166666666666576,234,O57,0,C2,252.04394455192403,-1.4571965094713066,0.9923988323930865,0.12306322547714518,-0.11700570051139993,-0.11700570051139993,0.11700570051139993,0.6655876224375133,0.670808290182186,0.012473898865955338,1.699999999999994,0,0.34468906310247416,False,
M4_ASYMMETRIC_CROSS,3.9166666666666576,234,O58,2,C1,215.31203672602737,41.127479951072814,-0.0165474888622122,0.9998630809327621,0.13974222381561338,0.13974222381561338,0.13974222381561338,0.6720216733245535,0.675091237499298,0.25461200049794436,1.7999999999999936,0,0.33716539438887627,False,
M4_ASYMMETRIC_CROSS,3.9166666666666576,234,O58,2,C0,214.9954707827433,-43.5958688801828,-0.004627157304503253,-0.9999892946503375,-0.11874481885480494,-0.11874481885480494,0.11874481885480494,0.6619267474620482,0.67078117271685,0.006749850247159271,1.699999999999994,0,0.3471223146317086,False,
M4_ASYMMETRIC_CROSS,3.9166666666666576,234,O58,2,C2,252.04394455192403,-1.4571965094713066,0.9923988323930865,0.12306322547714518,-0.9696432256125833,-0.9696432256125833,0.9696432256125833,0.8756660581484497,0.8756669872013121,0.0018218800446385263,1.699999999999994,0,0.13785424243147415,False,
M4_ASYMMETRIC_CROSS,3.9166666666666576,234,O59,3,C1,215.31203672602737,41.127479951072814,-0.0165474888622122,0.9998630809327621,0.10328698351627658,0.10328698351627658,0.10328698351627658,0.6701839094227108,0.6707416073283601,0.2525701011043277,1.7999999999999936,0,0.3376440596669956,False,
M4_ASYMMETRIC_CROSS,3.9166666666666576,234,O59,3,C0,214.9954707827433,-43.5958688801828,-0.004627157304503253,-0.9999892946503375,-0.12432441679115133,-0.12432441679115133,0.12432441679115133,0.6731036493329756,0.6731729730534766,0.004707950853542576,1.699999999999994,0,0.33475842328181726,False,
M4_ASYMMETRIC_CROSS,3.9166666666666576,234,O59,3,C2,252.04394455192403,-1.4571965094713066,0.9923988323930865,0.12306322547714518,0.9999943678920546,0.9999943678920546,0.9999943678920546,0.00531736657322605,0.005877837662117995,0.0038637794382552215,1.699999999999994,0,0.9947647336677216,True,
M4_ASYMMETRIC_CROSS,3.9166666666666576,234,O60,5,C1,215.31203672602737,41.127479951072814,-0.0165474888622122,0.9998630809327621,0.999944362466742,0.999944362466742,0.999944362466742,0.004810999334584351,0.0059501783079358005,0.0022393969723828668,1.7999999999999936,0,0.993663470149116,True,
M4_ASYMMETRIC_CROSS,3.9166666666666576,234,O60,5,C0,214.9954707827433,-43.5958688801828,-0.004627157304503253,-0.9999892946503375,-0.9999435374813703,-0.9999435374813703,0.9999435374813703,1.0046118905788195,1.0123685251485421,0.25010154722316796,1.699999999999994,0,0.0024808906769144823,False,
M4_ASYMMETRIC_CROSS,3.9166666666666576,234,O60,5,C2,252.04394455192403,-1.4571965094713066,0.9923988323930865,0.12306322547714518,0.11710715414429146,0.11710715414429146,0.11710715414429146,0.6647273089970674,0.669580037474289,0.25867327751496577,1.699999999999994,0,0.34553609328704926,False,
M4_ASYMMETRIC_CROSS,4.016666666666658,240,O61,0,C1,215.31203672602737,41.127479951072814,-0.0165474888622122,0.9998630809327621,-0.9998952870018166,-0.9998952870018166,0.9998952870018166,1.0073301450140089,1.0146134273269753,0.24263004072280903,1.8999999999999937,0,0.0,False,
M4_ASYMMETRIC_CROSS,4.016666666666658,240,O61,0,C0,214.9954707827433,-43.5958688801828,-0.004627157304503253,-0.9999892946503375,0.9999775300629189,0.9999775300629189,0.9999775300629189,0.006763788674843003,0.007820513551923071,0.005232109527976074,1.799999999999994,0,0.9932839651632118,True,
M4_ASYMMETRIC_CROSS,4.016666666666658,240,O61,0,C2,252.04394455192403,-1.4571965094713066,0.9923988323930865,0.12306322547714518,-0.12100218625022521,-0.12100218625022521,0.12100218625022521,0.6626312303041604,0.6687879327667025,0.01380383981977387,1.799999999999994,0,0.34759980848510164,False,
M4_ASYMMETRIC_CROSS,4.016666666666658,240,O62,2,C1,215.31203672602737,41.127479951072814,-0.0165474888622122,0.9998630809327621,0.1398920626790057,0.1398920626790057,0.1398920626790057,0.6677377821753474,0.674244871795095,0.25299505723117494,1.8999999999999937,0,0.3403386681527184,False,
M4_ASYMMETRIC_CROSS,4.016666666666658,240,O62,2,C0,214.9954707827433,-43.5958688801828,-0.004627157304503253,-0.9999892946503375,-0.11889507211892966,-0.11889507211892966,0.11889507211892966,0.6625316170792699,0.6710855075368382,0.005132906980389828,1.799999999999994,0,0.34548186342003895,False,
M4_ASYMMETRIC_CROSS,4.016666666666658,240,O62,2,C2,252.04394455192403,-1.4571965094713066,0.9923988323930865,0.12306322547714518,-0.9696062118390154,-0.9696062118390154,0.9696062118390154,0.8728511646053194,0.872852685212407,0.003438823311407969,1.799999999999994,0,0.1406256739648012,False,
M4_ASYMMETRIC_CROSS,4.016666666666658,240,O63,3,C1,215.31203672602737,41.127479951072814,-0.0165474888622122,0.9998630809327621,0.10826854842257741,0.10826854842257741,0.10826854842257741,0.6714001979439389,0.6734787654400995,0.24861809921055006,1.8999999999999937,0,0.3338400628630531,False,
M4_ASYMMETRIC_CROSS,4.016666666666658,240,O63,3,C0,214.9954707827433,-43.5958688801828,-0.004627157304503253,-0.9999892946503375,-0.12929364457732698,-0.12929364457732698,0.12929364457732698,0.67091029775746,0.6709104953941499,0.0007559489597649563,1.799999999999994,0,0.33432613939151923,False,
M4_ASYMMETRIC_CROSS,4.016666666666658,240,O63,3,C2,252.04394455192403,-1.4571965094713066,0.9923988323930865,0.12306322547714518,0.9999986330459943,0.9999986330459943,0.9999986330459943,0.0037441003517852942,0.0054275058410100056,0.007815781332032841,1.799999999999994,0,0.9963137086288032,True,
M4_ASYMMETRIC_CROSS,4.016666666666658,240,O64,5,C1,215.31203672602737,41.127479951072814,-0.0165474888622122,0.9998630809327621,0.9998046829663907,0.9998046829663907,0.9998046829663907,0.005673784540457636,0.009795096137737509,0.00805318383433304,1.8999999999999937,0,0.992527102456729,True,
M4_ASYMMETRIC_CROSS,4.016666666666658,240,O64,5,C0,214.9954707827433,-43.5958688801828,-0.004627157304503253,-0.9999892946503375,-0.9999990050595872,-0.9999990050595872,0.9999990050595872,1.003552322388216,1.0116771741181596,0.25591533408511813,1.799999999999994,0,0.003532978082677607,False,
M4_ASYMMETRIC_CROSS,4.016666666666658,240,O64,5,C2,252.04394455192403,-1.4571965094713066,0.9923988323930865,0.12306322547714518,0.12625467622323097,0.12625467622323097,0.12625467622323097,0.664000954673444,0.668692499825925,0.26448706437691594,1.799999999999994,0,0.34625123268611147,False,
M4_ASYMMETRIC_CROSS,4.116666666666657,246,O65,0,C1,215.31203672602737,41.127479951072814,-0.0165474888622122,0.9998630809327621,-0.999825126199717,-0.999825126199717,0.999825126199717,1.0109645725071696,1.0186242356495168,0.2492846818042294,1.9999999999999933,0,0.0,False,
M4_ASYMMETRIC_CROSS,4.116666666666657,246,O65,0,C0,214.9954707827433,-43.5958688801828,-0.004627157304503253,-0.9999892946503375,0.9999969406398743,0.9999969406398743,0.9999969406398743,0.006023565486033271,0.00618987883882053,0.0014225315534442898,1.8999999999999937,0,0.9940273984422714,True,
M4_ASYMMETRIC_CROSS,4.116666666666657,246,O65,0,C2,252.04394455192403,-1.4571965094713066,0.9923988323930865,0.12306322547714518,-0.12520013729316737,-0.12520013729316737,0.12520013729316737,0.6660972824448451,0.6709097126467701,0.0071491987383535075,1.8999999999999937,0,0.34418727225534174,False,
M4_ASYMMETRIC_CROSS,4.116666666666657,246,O66,2,C1,215.31203672602737,41.127479951072814,-0.0165474888622122,0.9998630809327621,0.14058413025817593,0.14058413025817593,0.14058413025817593,0.6704652055736047,0.6751241646146,0.2556656513974822,1.9999999999999933,0,0.3393871237190468,False,
M4_ASYMMETRIC_CROSS,4.116666666666657,246,O66,2,C0,214.9954707827433,-43.5958688801828,-0.004627157304503253,-0.9999892946503375,-0.11958906006425996,-0.11958906006425996,0.11958906006425996,0.6649100587209752,0.6708617455011042,0.007803501146697097,1.8999999999999937,0,0.34486063898870045,False,
M4_ASYMMETRIC_CROSS,4.116666666666657,246,O66,2,C2,252.04394455192403,-1.4571965094713066,0.9923988323930865,0.12306322547714518,-0.9694349562317464,-0.9694349562317464,0.9694349562317464,0.8767563781388148,0.8767564553809978,0.0007682291451006998,1.8999999999999937,0,0.13678075700248193,False,
M4_ASYMMETRIC_CROSS,4.116666666666657,246,O67,3,C1,215.31203672602737,41.127479951072814,-0.0165474888622122,0.9998630809327621,0.11053766563301648,0.11053766563301648,0.11053766563301648,0.6738684261794095,0.6762461789660328,0.2551242061518699,1.9999999999999933,0,0.335679505077088,False,
M4_ASYMMETRIC_CROSS,4.116666666666657,246,O67,3,C0,214.9954707827433,-43.5958688801828,-0.004627157304503253,-0.9999892946503375,-0.1315569649546935,-0.1315569649546935,0.1315569649546935,0.6693561073540382,0.6708709599674028,0.007262055901084826,1.8999999999999937,0,0.3401278895967724,False,
M4_ASYMMETRIC_CROSS,4.116666666666657,246,O67,3,C2,252.04394455192403,-1.4571965094713066,0.9923988323930865,0.12306322547714518,0.9999922528835861,0.9999922528835861,0.9999922528835861,0.004800553655293317,0.0050832461056047155,0.0013096743907129713,1.8999999999999937,0,0.9952735669843794,True,
M4_ASYMMETRIC_CROSS,4.116666666666657,246,O68,5,C1,215.31203672602737,41.127479951072814,-0.0165474888622122,0.9998630809327621,0.9997874670180631,0.9997874670180631,0.9997874670180631,0.004370648845872102,0.00852355091193639,0.005538652853187574,1.9999999999999933,0,0.9942434523570781,True,
M4_ASYMMETRIC_CROSS,4.116666666666657,246,O68,5,C0,214.9954707827433,-43.5958688801828,-0.004627157304503253,-0.9999892946503375,-0.999999844359936,-0.999999844359936,0.999999844359936,1.0042673563592939,1.0122281865262581,0.25340080310397267,1.8999999999999937,0,0.0028229924089517855,False,
M4_ASYMMETRIC_CROSS,4.116666666666657,246,O68,5,C2,252.04394455192403,-1.4571965094713066,0.9923988323930865,0.12306322547714518,0.12710051336953737,0.12710051336953737,0.12710051336953737,0.665947012900914,0.6697551127678883,0.2619725333957705,1.8999999999999937,0,0.3443352216346587,False,
M4_ASYMMETRIC_CROSS,4.216666666666657,252,O69,0,C1,215.31203672602737,41.127479951072814,-0.0165474888622122,0.9998630809327621,-0.9998515671285948,-0.9998515671285948,0.9998515671285948,1.0086161817624446,1.016172751647942,0.2473599282345132,2.099999999999993,0,0.0,False,
M4_ASYMMETRIC_CROSS,4.216666666666657,252,O69,0,C0,214.9954707827433,-43.5958688801828,-0.004627157304503253,-0.9999892946503375,0.9999922168701609,0.9999922168701609,0.9999922168701609,0.00955216131402178,0.00975680227948022,0.000502222016271909,1.9999999999999933,0,0.9905152790491226,True,
M4_ASYMMETRIC_CROSS,4.216666666666657,252,O69,0,C2,252.04394455192403,-1.4571965094713066,0.9923988323930865,0.12306322547714518,-0.12373977594974314,-0.12373977594974314,0.12373977594974314,0.661691058138746,0.670248518765675,0.009073952308069707,1.9999999999999933,0,0.348525464374414,False,
M4_ASYMMETRIC_CROSS,4.216666666666657,252,O70,3,C1,215.31203672602737,41.127479951072814,-0.0165474888622122,0.9998630809327621,0.14015393706233684,0.14015393706233684,0.14015393706233684,0.6681216780573821,0.674085531625406,0.25084254722220917,2.099999999999993,0,0.3385528648680085,False,
M4_ASYMMETRIC_CROSS,4.216666666666657,252,O70,3,C0,214.9954707827433,-43.5958688801828,-0.004627157304503253,-0.9999892946503375,-0.11915767192900728,-0.11915767192900728,0.11915767192900728,0.6614369701198844,0.670384539376508,0.002980396971424054,1.9999999999999933,0,0.3451707924995562,False,
M4_ASYMMETRIC_CROSS,4.216666666666657,252,O70,3,C2,252.04394455192403,-1.4571965094713066,0.9923988323930865,0.12306322547714518,-0.9695414674045053,-0.9695414674045053,0.9695414674045053,0.8723054321401691,0.872310140920554,0.005591333320373744,1.9999999999999933,0,0.14116298031031793,False,
M4_ASYMMETRIC_CROSS,4.216666666666657,252,O71,4,C1,215.31203672602737,41.127479951072814,-0.0165474888622122,0.9998630809327621,0.11366745844364876,0.11366745844364876,0.11366745844364876,0.6737711020589,0.676067968258787,0.25240916179600553,2.099999999999993,0,0.33399283186727324,False,
M4_ASYMMETRIC_CROSS,4.216666666666657,252,O71,4,C0,214.9954707827433,-43.5958688801828,-0.004627157304503253,-0.9999892946503375,-0.13467857995532587,-0.13467857995532587,0.13467857995532587,0.6716066166221507,0.6725286734439144,0.004547011545220414,1.9999999999999933,0,0.3361323757150114,False,
M4_ASYMMETRIC_CROSS,4.216666666666657,252,O71,4,C2,252.04394455192403,-1.4571965094713066,0.9923988323930865,0.12306322547714518,0.9999748949633688,0.9999748949633688,0.9999748949633688,0.006015556365843535,0.006738336100108953,0.004024718746577383,1.9999999999999933,0,0.9940773239387712,True,
M4_ASYMMETRIC_CROSS,4.216666666666657,252,O72,8,C1,215.31203672602737,41.127479951072814,-0.0165474888622122,0.9998630809327621,0.9998641247807368,0.9998641247807368,0.9998641247807368,0.0064052591358966255,0.009701443605097752,0.00924831331459026,2.099999999999993,0,0.9915636829493009,True,
M4_ASYMMETRIC_CROSS,4.216666666666657,252,O72,8,C0,214.9954707827433,-43.5958688801828,-0.004627157304503253,-0.9999892946503375,-0.999989000204513,-0.999989000204513,0.999989000204513,1.002724600248757,1.0109326652966684,0.25711046356537537,1.9999999999999933,0,0.0043548563214910185,False,
M4_ASYMMETRIC_CROSS,4.216666666666657,252,O72,8,C2,252.04394455192403,-1.4571965094713066,0.9923988323930865,0.12306322547714518,0.1230005030048139,0.1230005030048139,0.1230005030048139,0.6634089630361034,0.6673660731971368,0.2656821938571732,1.9999999999999933,0,0.34683408396132065,False,
M4_ASYMMETRIC_CROSS,4.316666666666657,258,O73,0,C1,215.31203672602737,41.127479951072814,-0.0165474888622122,0.9998630809327621,-0.9998630719889476,-0.9998630719889476,0.9998630719889476,1.006285271695184,1.0137320365414986,0.2452155809046828,2.1999999999999926,0,0.0,False,
M4_ASYMMETRIC_CROSS,4.316666666666657,258,O73,0,C0,214.9954707827433,-43.5958688801828,-0.004627157304503253,-0.9999892946503375,0.9999892971511003,0.9999892971511003,0.9999892971511003,0.006413791228400081,0.006940937115620045,0.002646569346102317,2.099999999999993,0,0.9936314915505812,True,
M4_ASYMMETRIC_CROSS,4.316666666666657,258,O73,0,C2,252.04394455192403,-1.4571965094713066,0.9923988323930865,0.12306322547714518,-0.12306376185374693,-0.12306376185374693,0.12306376185374693,0.6622800887029584,0.6688601385272077,0.011218299637900114,2.099999999999993,0,0.3479455284533076,False,
M4_ASYMMETRIC_CROSS,4.316666666666657,258,O74,2,C1,215.31203672602737,41.127479951072814,-0.0165474888622122,0.9998630809327621,0.13802979501443058,0.13802979501443058,0.13802979501443058,0.6687373500217851,0.6725222868181708,0.25115164796173517,2.1999999999999926,0,0.3381458793190346,False,
M4_ASYMMETRIC_CROSS,4.316666666666657,258,O74,2,C0,214.9954707827433,-43.5958688801828,-0.004627157304503253,-0.9999892946503375,-0.11702768885532401,-0.11702768885532401,0.11702768885532401,0.6654730819517815,0.671509275318915,0.003289497710950075,2.099999999999993,0,0.3413765486888086,False,
M4_ASYMMETRIC_CROSS,4.316666666666657,258,O74,2,C2,252.04394455192403,-1.4571965094713066,0.9923988323930865,0.12306322547714518,-0.9700646037275504,-0.9700646037275504,0.9700646037275504,0.875868233466441,0.8758711308840542,0.005282232580847722,2.099999999999993,0,0.13765518870423488,False,
M4_ASYMMETRIC_CROSS,4.316666666666657,258,O75,3,C1,215.31203672602737,41.127479951072814,-0.0165474888622122,0.9998630809327621,0.10816697704847354,0.10816697704847354,0.10816697704847354,0.6718459222662895,0.6736534783297965,0.248605086914594,2.1999999999999926,0,0.3333892109717975,False,
M4_ASYMMETRIC_CROSS,4.316666666666657,258,O75,3,C0,214.9954707827433,-43.5958688801828,-0.004627157304503253,-0.9999892946503375,-0.1291923300886249,-0.1291923300886249,0.1291923300886249,0.6713641726616382,0.6713701266355605,0.0007429366638088739,2.099999999999993,0,0.3338672067047884,False,
M4_ASYMMETRIC_CROSS,4.316666666666657,258,O75,3,C2,252.04394455192403,-1.4571965094713066,0.9923988323930865,0.12306322547714518,0.9999987967620982,0.9999987967620982,0.9999987967620982,0.004416475902294191,0.005915359235238,0.007828793627988924,2.099999999999993,0,0.9956517145695728,True,
M4_ASYMMETRIC_CROSS,4.316666666666657,258,O76,5,C1,215.31203672602737,41.127479951072814,-0.0165474888622122,0.9998630809327621,0.9997922250102236,0.9997922250102236,0.9997922250102236,0.004909757156009883,0.008185757898538662,0.003246624874186921,2.1999999999999926,0,0.9935333969896848,True,
M4_ASYMMETRIC_CROSS,4.316666666666657,258,O76,5,C0,214.9954707827433,-43.5958688801828,-0.004627157304503253,-0.9999892946503375,-0.9999996879326899,-0.9999996879326899,0.9999996879326899,1.0037881776471105,1.0116099246527959,0.25110877512497204,2.099999999999993,0,0.0032987880138679593,False,
M4_ASYMMETRIC_CROSS,4.316666666666657,258,O76,5,C2,252.04394455192403,-1.4571965094713066,0.9923988323930865,0.12306322547714518,0.12687029520843449,0.12687029520843449,0.12687029520843449,0.6652798801471466,0.670483697438533,0.25968050541676985,2.099999999999993,0,0.34499205384602905,False,
M4_ASYMMETRIC_CROSS,4.416666666666656,264,O77,0,C1,215.31203672602737,41.127479951072814,-0.0165474888622122,0.9998630809327621,-0.9998706296898557,-0.9998706296898557,0.9998706296898557,1.0070391789418198,1.0142128794002214,0.24075158288132298,2.2999999999999923,0,0.0,False,
M4_ASYMMETRIC_CROSS,4.416666666666656,264,O77,0,C0,214.9954707827433,-43.5958688801828,-0.004627157304503253,-0.9999892946503375,0.9999870468527311,0.9999870468527311,0.9999870468527311,0.006359286851328994,0.007326335019972037,0.007110567369462134,2.1999999999999926,0,0.9936856111147432,True,
M4_ASYMMETRIC_CROSS,4.416666666666656,264,O77,0,C2,252.04394455192403,-1.4571965094713066,0.9923988323930865,0.12306322547714518,-0.12260407471492864,-0.12260407471492864,0.12260407471492864,0.662726969774664,0.667590205831844,0.01568229766125993,2.1999999999999926,0,0.3475055472338421,False,
M4_ASYMMETRIC_CROSS,4.416666666666656,264,O78,2,C1,215.31203672602737,41.127479951072814,-0.0165474888622122,0.9998630809327621,0.13526842504350486,0.13526842504350486,0.13526842504350486,0.6682906744719901,0.6721429978976488,0.2521063708106473,2.2999999999999923,0,0.3392123329216299,False,
M4_ASYMMETRIC_CROSS,4.416666666666656,264,O78,2,C0,214.9954707827433,-43.5958688801828,-0.004627157304503253,-0.9999892946503375,-0.11425887258447545,-0.11425887258447545,0.11425887258447545,0.6645117484905538,0.6729436686774634,0.004244220559862183,2.1999999999999926,0,0.3429488322904233,False,
M4_ASYMMETRIC_CROSS,4.416666666666656,264,O78,2,C2,252.04394455192403,-1.4571965094713066,0.9923988323930865,0.12306322547714518,-0.9707377746955904,-0.9707377746955904,0.9707377746955904,0.8747917568075236,0.8747933205114345,0.004327509731935615,2.1999999999999926,0,0.13871504454308003,False,
M4_ASYMMETRIC_CROSS,4.416666666666656,264,O79,3,C1,215.31203672602737,41.127479951072814,-0.0165474888622122,0.9998630809327621,0.10723726826618535,0.10723726826618535,0.10723726826618535,0.6699678786907066,0.6720566691312875,0.25147402078156034,2.2999999999999923,0,0.33713950506785695,False,
M4_ASYMMETRIC_CROSS,4.416666666666656,264,O79,3,C0,214.9954707827433,-43.5958688801828,-0.004627157304503253,-0.9999892946503375,-0.12826496231367876,-0.12826496231367876,0.12826496231367876,0.6709197361314702,0.6709508557284805,0.0036118705307752108,2.1999999999999926,0,0.33619774544869063,False,
M4_ASYMMETRIC_CROSS,4.416666666666656,264,O79,3,C2,252.04394455192403,-1.4571965094713066,0.9923988323930865,0.12306322547714518,0.9999998101895993,0.9999998101895993,0.9999998101895993,0.0030786092356354317,0.0038171993327576837,0.004959859761022587,2.1999999999999926,0,0.9969689245494721,True,
M4_ASYMMETRIC_CROSS,4.416666666666656,264,O80,5,C1,215.31203672602737,41.127479951072814,-0.0165474888622122,0.9998630809327621,0.9998459034636697,0.9998459034636697,0.9998459034636697,0.0034620248824052393,0.007110968344785476,0.004452923210163276,2.2999999999999923,0,0.995440193921008,True,
M4_ASYMMETRIC_CROSS,4.416666666666656,264,O80,5,C0,214.9954707827433,-43.5958688801828,-0.004627157304503253,-0.9999892946503375,-0.9999934486617442,-0.9999934486617442,0.9999934486617442,1.0051563187683723,1.0130425903836082,0.2523150734609484,2.1999999999999926,0,0.0019403062703130525,False,
M4_ASYMMETRIC_CROSS,4.416666666666656,264,O80,5,C2,252.04394455192403,-1.4571965094713066,0.9923988323930865,0.12306322547714518,0.12406291526851783,0.12406291526851783,0.12406291526851783,0.6668834745463853,0.669434532990249,0.2608868037527462,2.1999999999999926,0,0.34341321897479093,False,
M4_ASYMMETRIC_CROSS,4.516666666666656,270,O81,0,C1,215.31203672602737,41.127479951072814,-0.0165474888622122,0.9998630809327621,-0.9999067902286464,-0.9999067902286464,0.9999067902286464,1.007742112779011,1.0153642739257718,0.2482416128980704,2.399999999999992,0,0.0,False,
M4_ASYMMETRIC_CROSS,4.516666666666656,270,O81,0,C0,214.9954707827433,-43.5958688801828,-0.004627157304503253,-0.9999892946503375,0.9999717117141416,0.9999717117141416,0.9999717117141416,0.002416753579817083,0.004417504889602264,0.0003794626472852886,2.2999999999999923,0,0.9976012130563267,True,
M4_ASYMMETRIC_CROSS,4.516666666666656,270,O81,0,C2,252.04394455192403,-1.4571965094713066,0.9923988323930865,0.12306322547714518,-0.1201901323015038,-0.1201901323015038,0.1201901323015038,0.6658268619577913,0.6710167036291558,0.008192267644512509,2.2999999999999923,0,0.344453517444936,False,
M4_ASYMMETRIC_CROSS,4.516666666666656,270,O82,2,C1,215.31203672602737,41.127479951072814,-0.0165474888622122,0.9998630809327621,0.14705401499549253,0.14705401499549253,0.14705401499549253,0.670481880546328,0.6769686250148934,0.2543439334895696,2.399999999999992,0,0.33850923728957416,False,
M4_ASYMMETRIC_CROSS,4.516666666666656,270,O82,2,C0,214.9954707827433,-43.5958688801828,-0.004627157304503253,-0.9999892946503375,-0.12607740349838722,-0.12607740349838722,0.12607740349838722,0.664322298218174,0.6678861805117061,0.006481783238784476,2.2999999999999923,0,0.3445862200246007,False,
M4_ASYMMETRIC_CROSS,4.516666666666656,270,O82,2,C2,252.04394455192403,-1.4571965094713066,0.9923988323930865,0.12306322547714518,-0.9678101941217623,-0.9678101941217623,0.9678101941217623,0.8763203466658267,0.876321656403966,0.0020899470530133207,2.2999999999999923,0,0.13721005614124016,False,
M4_ASYMMETRIC_CROSS,4.516666666666656,270,O83,3,C1,215.31203672602737,41.127479951072814,-0.0165474888622122,0.9998630809327621,0.10338847709511392,0.10338847709511392,0.10338847709511392,0.6708737420155015,0.6716301976254423,0.2507245328464158,2.399999999999992,0,0.33575068621765203,False,
M4_ASYMMETRIC_CROSS,4.516666666666656,270,O83,3,C0,214.9954707827433,-43.5958688801828,-0.004627157304503253,-0.9999892946503375,-0.12442566434710976,-0.12442566434710976,0.12442566434710976,0.6724171747094954,0.6724931302530404,0.002862382595630716,2.2999999999999923,0,0.33422249388629843,False,
M4_ASYMMETRIC_CROSS,4.516666666666656,270,O83,3,C2,252.04394455192403,-1.4571965094713066,0.9923988323930865,0.12306322547714518,0.9999947051538254,0.9999947051538254,0.9999947051538254,0.004870987194736808,0.005851832047957507,0.0057093476961670815,2.2999999999999923,0,0.9952042209401235,True,
M4_ASYMMETRIC_CROSS,4.516666666666656,270,O84,5,C1,215.31203672602737,41.127479951072814,-0.0165474888622122,0.9998630809327621,0.9998782020110586,0.9998782020110586,0.9998782020110586,0.005755372524386437,0.008523096355084605,0.0052328108183287625,2.399999999999992,0,0.9924196435568863,True,
M4_ASYMMETRIC_CROSS,4.516666666666656,270,O84,5,C0,214.9954707827433,-43.5958688801828,-0.004627157304503253,-0.9999892946503375,-0.9999845004097384,-0.9999845004097384,0.9999845004097384,1.004700399308514,1.012640241196583,0.2530949610691139,2.2999999999999923,0,0.0023930068383493097,False,
M4_ASYMMETRIC_CROSS,4.516666666666656,270,O84,5,C2,252.04394455192403,-1.4571965094713066,0.9923988323930865,0.12306322547714518,0.12212979612019313,0.12212979612019313,0.12212979612019313,0.6637736261004825,0.6693205076700613,0.2616666913609117,2.2999999999999923,0,0.34647505130158607,False,
M4_ASYMMETRIC_CROSS,4.616666666666656,276,O85,0,C1,215.31203672602737,41.127479951072814,-0.0165474888622122,0.9998630809327621,-0.9998263558752376,-0.9998263558752376,0.9998263558752376,1.0110767558513387,1.018820162111706,0.2506347341780061,2.4999999999999916,0,0.0,False,
M4_ASYMMETRIC_CROSS,4.616666666666656,276,O85,0,C0,214.9954707827433,-43.5958688801828,-0.004627157304503253,-0.9999892946503375,0.9999967755304217,0.9999967755304217,0.9999967755304217,0.004361870283024173,0.004736408162682783,0.002772583927220954,2.399999999999992,0,0.9956808162332982,True,
M4_ASYMMETRIC_CROSS,4.616666666666656,276,O85,0,C2,252.04394455192403,-1.4571965094713066,0.9923988323930865,0.12306322547714518,-0.125134783829405,-0.125134783829405,0.125134783829405,0.6674579582438477,0.6712118031443338,0.005799146364576843,2.399999999999992,0,0.3428476053165356,False,
M4_ASYMMETRIC_CROSS,4.616666666666656,276,O86,2,C1,215.31203672602737,41.127479951072814,-0.0165474888622122,0.9998630809327621,0.14555120171218103,0.14555120171218103,0.14555120171218103,0.6720054336449136,0.6763094316897891,0.2529712114178373,2.4999999999999916,0,0.33610699537405886,False,
M4_ASYMMETRIC_CROSS,4.616666666666656,276,O86,2,C0,214.9954707827433,-43.5958688801828,-0.004627157304503253,-0.9999892946503375,-0.12457022109711767,-0.12457022109711767,0.12457022109711767,0.6637257246800521,0.6680334631450758,0.005109061167052194,2.399999999999992,0,0.34428675194581126,False,
M4_ASYMMETRIC_CROSS,4.616666666666656,276,O86,2,C2,252.04394455192403,-1.4571965094713066,0.9923988323930865,0.12306322547714518,-0.9681914211562954,-0.9681914211562954,0.9681914211562954,0.877027073466107,0.8770301125919179,0.003462669124745603,2.399999999999992,0,0.13651424121618772,False,
M4_ASYMMETRIC_CROSS,4.616666666666656,276,O87,3,C1,215.31203672602737,41.127479951072814,-0.0165474888622122,0.9998630809327621,0.1087002494606795,0.1087002494606795,0.1087002494606795,0.6738473406745337,0.6759995426874242,0.2545699825873039,2.4999999999999916,0,0.33533713940499277,False,
M4_ASYMMETRIC_CROSS,4.616666666666656,276,O87,3,C0,214.9954707827433,-43.5958688801828,-0.004627157304503253,-0.9999892946503375,-0.1297242513142247,-0.1297242513142247,0.1297242513142247,0.6689733948643809,0.6703259096773948,0.006707832336518817,2.399999999999992,0,0.3401446537617584,False,
M4_ASYMMETRIC_CROSS,4.616666666666656,276,O87,3,C2,252.04394455192403,-1.4571965094713066,0.9923988323930865,0.12306322547714518,0.9999978207185082,0.9999978207185082,0.9999978207185082,0.004633985162472863,0.0048350967056697,0.001863897955278981,2.399999999999992,0,0.995437563656505,True,
M4_ASYMMETRIC_CROSS,4.616666666666656,276,O88,5,C1,215.31203672602737,41.127479951072814,-0.0165474888622122,0.9998630809327621,0.9998630845343431,0.9998630845343431,0.9998630845343431,0.006525336322395558,0.008936491558041661,0.0069696866815770735,2.4999999999999916,0,0.991405530219744,True,
M4_ASYMMETRIC_CROSS,4.616666666666656,276,O88,5,C0,214.9954707827433,-43.5958688801828,-0.004627157304503253,-0.9999892946503375,-0.9999892936432008,-0.9999892936432008,0.9999892936432008,1.0023449803239541,1.0104116627847521,0.25483183693236217,2.399999999999992,0,0.004731796045997494,False,
M4_ASYMMETRIC_CROSS,4.616666666666656,276,O88,5,C2,252.04394455192403,-1.4571965094713066,0.9923988323930865,0.12306322547714518,0.12306300947891173,0.12306300947891173,0.12306300947891173,0.6635925558974591,0.6681321516880627,0.26340356722416,2.399999999999992,0,0.3466533257772335,False,
M4_ASYMMETRIC_CROSS,4.716666666666655,282,O89,0,C1,215.31203672602737,41.127479951072814,-0.0165474888622122,0.9998630809327621,-0.9999100002856479,-0.9999100002856479,0.9999100002856479,1.0078625508163754,1.0156270238452176,0.25057194245765385,2.599999999999991,0,0.0019386251117051723,False,
M4_ASYMMETRIC_CROSS,4.716666666666655,282,O89,0,C0,214.9954707827433,-43.5958688801828,-0.004627157304503253,-0.9999892946503375,0.9999698996478652,0.9999698996478652,0.9999698996478652,0.0021154486652647966,0.004476679895023268,0.002709792206868738,2.4999999999999916,0,0.9979051234698129,True,
M4_ASYMMETRIC_CROSS,4.716666666666655,282,O89,0,C2,252.04394455192403,-1.4571965094713066,0.9923988323930865,0.12306322547714518,-0.11995467514420836,-0.11995467514420836,0.11995467514420836,0.6660994677795442,0.6718177648081867,0.005861938084929059,2.4999999999999916,0,0.34418512066225193,False,
M4_ASYMMETRIC_CROSS,4.716666666666655,282,O90,3,C1,215.31203672602737,41.127479951072814,-0.0165474888622122,0.9998630809327621,0.14812218287052534,0.14812218287052534,0.14812218287052534,0.6708360896297305,0.6775587817034938,0.25547589907001045,2.599999999999991,0,0.33889808748486094,False,
M4_ASYMMETRIC_CROSS,4.716666666666655,282,O90,3,C0,214.9954707827433,-43.5958688801828,-0.004627157304503253,-0.9999892946503375,-0.1271487068914987,-0.1271487068914987,0.1271487068914987,0.6650485022562316,0.668056142906055,0.007613748819225343,2.4999999999999916,0,0.3446016939851917,False,
M4_ASYMMETRIC_CROSS,4.716666666666655,282,O90,3,C2,252.04394455192403,-1.4571965094713066,0.9923988323930865,0.12306322547714518,-0.9675378152991184,-0.9675378152991184,0.9675378152991184,0.8771447695507992,0.8771453212183059,0.000957981472572454,2.4999999999999916,0,0.1363983623612799,False,
M4_ASYMMETRIC_CROSS,4.716666666666655,282,O91,4,C1,215.31203672602737,41.127479951072814,-0.0165474888622122,0.9998630809327621,0.10869052058983791,0.10869052058983791,0.10869052058983791,0.6707187013690662,0.673241186882216,0.24886552065296827,2.599999999999991,0,0.3346795701034597,False,
M4_ASYMMETRIC_CROSS,4.716666666666655,282,O91,4,C0,214.9954707827433,-43.5958688801828,-0.004627157304503253,-0.9999892946503375,-0.12971454714893996,-0.12971454714893996,0.12971454714893996,0.6703768069063952,0.6703918950788637,0.0010033704021831606,2.4999999999999916,0,0.33501871283262363,False,
M4_ASYMMETRIC_CROSS,4.716666666666655,282,O91,4,C2,252.04394455192403,-1.4571965094713066,0.9923988323930865,0.12306322547714518,0.9999978411027952,0.9999978411027952,0.9999978411027952,0.002869110465673861,0.0047671650675235175,0.0075683598896146365,2.4999999999999916,0,0.9971751886544439,True,
M4_ASYMMETRIC_CROSS,4.716666666666655,282,O92,8,C1,215.31203672602737,41.127479951072814,-0.0165474888622122,0.9998630809327621,0.9998016503770992,0.9998016503770992,0.9998016503770992,0.0052146550586051905,0.009866353012904928,0.009245750313786584,2.599999999999991,0,0.9931318183306775,True,
M4_ASYMMETRIC_CROSS,4.716666666666655,282,O92,8,C0,214.9954707827433,-43.5958688801828,-0.004627157304503253,-0.9999892946503375,-0.9999992089967186,-0.9999992089967186,0.9999992089967186,1.0038025587324295,1.0120009319361556,0.25710790056457167,2.4999999999999916,0,0.003284508462179314,False,
M4_ASYMMETRIC_CROSS,4.716666666666655,282,O92,8,C2,252.04394455192403,-1.4571965094713066,0.9923988323930865,0.12306322547714518,0.12640630456458407,0.12640630456458407,0.12640630456458407,0.6645541031538015,0.6683466280785553,0.2656796308563695,2.4999999999999916,0,0.3457066248288033,False,
M4_ASYMMETRIC_CROSS,4.816666666666655,288,O93,1,C1,215.31203672602737,41.127479951072814,-0.0165474888622122,0.9998630809327621,-0.9998800866587493,-0.9998800866587493,0.9998800866587493,1.0068134749251612,1.0140659898672173,0.24205196454261063,2.699999999999991,0,0.0,False,
M4_ASYMMETRIC_CROSS,4.816666666666655,288,O93,1,C0,214.9954707827433,-43.5958688801828,-0.004627157304503253,-0.9999892946503375,0.9999838181120329,0.9999838181120329,0.9999838181120329,0.006736344203196935,0.0076680865981848,0.005810185708174487,2.599999999999991,0,0.9933112158708423,True,
M4_ASYMMETRIC_CROSS,4.816666666666655,288,O93,1,C2,252.04394455192403,-1.4571965094713066,0.9923988323930865,0.12306322547714518,-0.12200947606163492,-0.12200947606163492,0.12200947606163492,0.6623396035770843,0.6682199915232617,0.014381915999972284,2.599999999999991,0,0.34788693248996927,False,
M4_ASYMMETRIC_CROSS,4.816666666666655,288,O94,3,C1,215.31203672602737,41.127479951072814,-0.0165474888622122,0.9998630809327621,0.134061892830772,0.134061892830772,0.134061892830772,0.6685212558891493,0.6724673361293404,0.2530261167264202,2.699999999999991,0,0.33958493480243823,False,
M4_ASYMMETRIC_CROSS,4.816666666666655,288,O94,3,C0,214.9954707827433,-43.5958688801828,-0.004627157304503253,-0.9999892946503375,-0.11304913896016686,-0.11304913896016686,0.11304913896016686,0.6654298835605233,0.673631042312388,0.005163966475635107,2.599999999999991,0,0.3426388225284823,False,
M4_ASYMMETRIC_CROSS,4.816666666666655,288,O94,3,C2,252.04394455192403,-1.4571965094713066,0.9923988323930865,0.12306322547714518,-0.9710294575182311,-0.9710294575182311,0.9710294575182311,0.8756702511506298,0.8756708883604883,0.0034077638161626907,2.599999999999991,0,0.13785011416932735,False,
M4_ASYMMETRIC_CROSS,4.816666666666655,288,O95,7,C1,215.31203672602737,41.127479951072814,-0.0165474888622122,0.9998630809327621,0.10829155360045407,0.10829155360045407,0.10829155360045407,0.6710991289900751,0.6733575885448444,0.2486214159124436,2.699999999999991,0,0.3341409732006412,False,
M4_ASYMMETRIC_CROSS,4.816666666666655,288,O95,7,C0,214.9954707827433,-43.5958688801828,-0.004627157304503253,-0.9999892946503375,-0.12931659154164524,-0.12931659154164524,0.12931659154164524,0.6706181894752051,0.6706250044758806,0.0007592656616584883,2.599999999999991,0,0.3346181574249786,False,
M4_ASYMMETRIC_CROSS,4.816666666666655,288,O95,7,C2,252.04394455192403,-1.4571965094713066,0.9923988323930865,0.12306322547714518,0.9999985945152909,0.9999985945152909,0.9999985945152909,0.003304450936490055,0.005131104051406811,0.007812464630139309,2.599999999999991,0,0.9967465698487707,True,
M4_ASYMMETRIC_CROSS,4.816666666666655,288,O96,9,C1,215.31203672602737,41.127479951072814,-0.0165474888622122,0.9998630809327621,0.9997563192250571,0.9997563192250571,0.9997563192250571,0.004228677274898273,0.008477021590588659,0.0027349517119710127,2.699999999999991,0,0.9944304420103474,True,
M4_ASYMMETRIC_CROSS,4.816666666666655,288,O96,9,C0,214.9954707827433,-43.5958688801828,-0.004627157304503253,-0.9999892946503375,-0.9999995938318462,-0.9999995938318462,0.9999995938318462,1.0044286197399395,1.0122137665389639,0.25059710196275614,2.599999999999991,0,0.0026628675832987003,False,
M4_ASYMMETRIC_CROSS,4.816666666666655,288,O96,9,C2,252.04394455192403,-1.4571965094713066,0.9923988323930865,0.12306322547714518,0.1285477649098613,0.1285477649098613,0.1285477649098613,0.6667174080336289,0.67109405976561,0.2591688322545539,2.599999999999991,0,0.34357672141743434,False,
M4_ASYMMETRIC_CROSS,4.9166666666666545,294,O97,1,C1,215.31203672602737,41.127479951072814,-0.0165474888622122,0.9998630809327621,-0.9999525412296278,-0.9999525412296278,0.9999525412296278,1.0097039657461386,1.0173098871461097,0.24825830111722388,2.7999999999999905,0,0.0,False,
M4_ASYMMETRIC_CROSS,4.9166666666666545,294,O97,1,C0,214.9954707827433,-43.5958688801828,-0.004627157304503253,-0.9999892946503375,0.9999346460703951,0.9999346460703951,0.9999346460703951,0.005110758691481356,0.00767023717462278,0.0003961508664387804,2.699999999999991,0,0.9949273197495754,True,
M4_ASYMMETRIC_CROSS,4.9166666666666545,294,O97,1,C2,252.04394455192403,-1.4571965094713066,0.9923988323930865,0.12306322547714518,-0.11630651626795249,-0.11630651626795249,0.11630651626795249,0.665506634577054,0.6724555562789549,0.008175579425359018,2.699999999999991,0,0.34476880050882885,False,
M4_ASYMMETRIC_CROSS,4.9166666666666545,294,O98,3,C1,215.31203672602737,41.127479951072814,-0.0165474888622122,0.9998630809327621,0.1369440069421704,0.1369440069421704,0.1369440069421704,0.672648515667437,0.6759682855993185,0.2588869745455814,2.7999999999999905,0,0.33933284552391707,False,
M4_ASYMMETRIC_CROSS,4.9166666666666545,294,O98,3,C0,214.9954707827433,-43.5958688801828,-0.004627157304503253,-0.9999892946503375,-0.1159389530367612,-0.1159389530367612,0.1159389530367612,0.6649404307438297,0.6732819876510571,0.011024824294796278,2.699999999999991,0,0.34690363236775124,False,
M4_ASYMMETRIC_CROSS,4.9166666666666545,294,O98,3,C2,252.04394455192403,-1.4571965094713066,0.9923988323930865,0.12306322547714518,-0.9703302292487953,-0.9703302292487953,0.9703302292487953,0.8784427214029368,0.8784436438608034,0.002453094002998482,2.699999999999991,0,0.13720429079718854,False,
M4_ASYMMETRIC_CROSS,4.9166666666666545,294,O99,7,C1,215.31203672602737,41.127479951072814,-0.0165474888622122,0.9998630809327621,0.10808220894332837,0.10808220894332837,0.10808220894332837,0.6722164298577779,0.6738132490545384,0.24858904975814833,2.7999999999999905,0,0.33301097717842665,False,
M4_ASYMMETRIC_CROSS,4.9166666666666545,294,O99,7,C0,214.9954707827433,-43.5958688801828,-0.004627157304503253,-0.9999892946503375,-0.1291077762013231,-0.1291077762013231,0.1291077762013231,0.6717465997265846,0.6717685232685916,0.0007268995073632127,2.699999999999991,0,0.33347715373433595,False,
M4_ASYMMETRIC_CROSS,4.9166666666666545,294,O99,7,C2,252.04394455192403,-1.4571965094713066,0.9923988323930865,0.12306322547714518,0.9999989254014615,0.9999989254014615,0.9999989254014615,0.0049811480603020415,0.006352937082352385,0.007844830784434584,2.699999999999991,0,0.9950957609604162,True,
M4_ASYMMETRIC_CROSS,4.9166666666666545,294,O100,9,C1,215.31203672602737,41.127479951072814,-0.0165474888622122,0.9998630809327621,0.9997659822919341,0.9997659822919341,0.9997659822919341,0.004353304753243884,0.00821627814803068,3.1366912833045525e-05,2.7999999999999905,0,0.9942665329941414,True,
M4_ASYMMETRIC_CROSS,4.9166666666666545,294,O100,9,C0,214.9954707827433,-43.5958688801828,-0.004627157304503253,-0.9999892946503375,-0.9999998945997453,-0.9999998945997453,0.9999998945997453,1.0042675173144984,1.0118835451059875,0.24783078333795205,2.699999999999991,0,0.0028228325901265006,False,
M4_ASYMMETRIC_CROSS,4.9166666666666545,294,O100,9,C2,252.04394455192403,-1.4571965094713066,0.9923988323930865,0.12306322547714518,0.1281092540011939,0.1281092540011939,0.1281092540011939,0.6663163223733388,0.6719646875587868,0.25640251362974986,2.699999999999991,0,0.3439716143075069,False,
M4_ASYMMETRIC_CROSS,5.016666666666654,300,O101,0,C1,215.31203672602737,41.127479951072814,-0.0165474888622122,0.9998630809327621,-0.9998318732894028,-0.9998318732894028,0.9998318732894028,1.0085117414874658,1.0159150257342233,0.24480357740198042,2.89999999999999,0,0.0,False,
M4_ASYMMETRIC_CROSS,5.016666666666654,300,O101,0,C0,214.9954707827433,-43.5958688801828,-0.004627157304503253,-0.9999892946503375,0.9999959730313676,0.9999959730313676,0.9999959730313676,0.008293484476006932,0.008423732352897926,0.0030585728488046826,2.7999999999999905,0,0.9917650693513843,True,
M4_ASYMMETRIC_CROSS,5.016666666666654,300,O101,0,C2,252.04394455192403,-1.4571965094713066,0.9923988323930865,0.12306322547714518,-0.12483865423824177,-0.12483865423824177,0.12483865423824177,0.6624388165620769,0.6687069683794821,0.01163030314060248,2.7999999999999905,0,0.34778925135535055,False,
M4_ASYMMETRIC_CROSS,5.016666666666654,300,O102,2,C1,215.31203672602737,41.127479951072814,-0.0165474888622122,0.9998630809327621,0.14006451893752442,0.14006451893752442,0.14006451893752442,0.6673304313589487,0.6739447076632595,0.25158235073680996,2.89999999999999,0,0.33981973152791867,False,
M4_ASYMMETRIC_CROSS,5.016666666666654,300,O102,2,C0,214.9954707827433,-43.5958688801828,-0.004627157304503253,-0.9999892946503375,-0.11906800593595845,-0.11906800593595845,0.11906800593595845,0.6622021154633156,0.6708615819560072,0.003720200486024828,2.7999999999999905,0,0.34489309969111515,False,
M4_ASYMMETRIC_CROSS,5.016666666666654,300,O102,2,C2,252.04394455192403,-1.4571965094713066,0.9923988323930865,0.12306322547714518,-0.9695635825653087,-0.9695635825653087,0.9695635825653087,0.8722859298196939,0.8722890713209841,0.0048515298057729694,2.7999999999999905,0,0.14118218151459438,False,
M4_ASYMMETRIC_CROSS,5.016666666666654,300,O103,3,C1,215.31203672602737,41.127479951072814,-0.0165474888622122,0.9998630809327621,0.10689636444415915,0.10689636444415915,0.10689636444415915,0.674711448905028,0.6756198888445061,0.25157423247324234,2.89999999999999,0,0.33251243767881833,False,
M4_ASYMMETRIC_CROSS,5.016666666666654,300,O103,3,C0,214.9954707827433,-43.5958688801828,-0.004627157304503253,-0.9999892946503375,-0.12792491222135724,-0.12792491222135724,0.12792491222135724,0.6719029634372405,0.6725459771478337,0.003712082222457235,2.7999999999999905,0,0.33529085372874634,False,
M4_ASYMMETRIC_CROSS,5.016666666666654,300,O103,3,C2,252.04394455192403,-1.4571965094713066,0.9923988323930865,0.12306322547714518,0.99999996266475,0.99999996266475,0.99999996266475,0.006986544469229555,0.007384999690917263,0.004859648069340562,2.7999999999999905,0,0.9931213279101553,True,
M4_ASYMMETRIC_CROSS,5.016666666666654,300,O104,5,C1,215.31203672602737,41.127479951072814,-0.0165474888622122,0.9998630809327621,0.9998216675842638,0.9998216675842638,0.9998216675842638,0.007162001573705672,0.010035753909869157,0.0048654551483772865,2.89999999999999,0,0.9905669833629722,True,
M4_ASYMMETRIC_CROSS,5.016666666666654,300,O104,5,C0,214.9954707827433,-43.5958688801828,-0.004627157304503253,-0.9999892946503375,-0.9999973789466816,-0.9999973789466816,0.9999973789466816,1.0032338885815524,1.0111611628070485,0.2527276053991624,2.7999999999999905,0,0.003849163676517442,False,
M4_ASYMMETRIC_CROSS,5.016666666666654,300,O104,5,C2,252.04394455192403,-1.4571965094713066,0.9923988323930865,0.12306322547714518,0.1253827271653806,0.1253827271653806,0.1253827271653806,0.6623353777054669,0.6698228492940266,0.2612993356909602,2.7999999999999905,0,0.34789109311404853,False,
M4_ASYMMETRIC_CROSS,5.116666666666654,306,O105,1,C1,215.31203672602737,41.127479951072814,-0.0165474888622122,0.9998630809327621,-0.9999224409404772,-0.9999224409404772,0.9999224409404772,1.0083482875078804,1.0162707249248404,0.25318475480605873,2.99999999999999,0,0.004034576487052299,False,
M4_ASYMMETRIC_CROSS,5.116666666666654,306,O105,1,C0,214.9954707827433,-43.5958688801828,-0.004627157304503253,-0.9999892946503375,0.9999619749805746,0.9999619749805746,0.9999619749805746,0.0018853683876253221,0.005358331761475162,0.005322604555273595,2.89999999999999,0,0.9981377845850267,True,
M4_ASYMMETRIC_CROSS,5.116666666666654,306,O105,1,C2,252.04394455192403,-1.4571965094713066,0.9923988323930865,0.12306322547714518,-0.11899980012725267,-0.11899980012725267,0.11899980012725267,0.6665379450849235,0.6730371328959517,0.003249125736524202,2.89999999999999,0,0.3437534134548009,False,
M4_ASYMMETRIC_CROSS,5.116666666666654,306,O106,3,C1,215.31203672602737,41.127479951072814,-0.0165474888622122,0.9998630809327621,0.14551211553936957,0.14551211553936957,0.14551211553936957,0.6713131437649235,0.6785293972582949,0.2601149153040004,2.99999999999999,0,0.34143870147172783,False,
M4_ASYMMETRIC_CROSS,5.116666666666654,306,O106,3,C0,214.9954707827433,-43.5958688801828,-0.004627157304503253,-0.9999892946503375,-0.1245310219483758,-0.1245310219483758,0.1245310219483758,0.667782610322351,0.6711901231820082,0.012252765053215259,2.89999999999999,0,0.3449021711058815,False,
M4_ASYMMETRIC_CROSS,5.116666666666654,306,O106,3,C2,252.04394455192403,-1.4571965094713066,0.9923988323930865,0.12306322547714518,-0.9682013054175245,-0.9682013054175245,0.9682013054175245,0.879590518541322,0.8795922358248932,0.0036810347614174618,2.89999999999999,0,0.1371176336351123,False,
M4_ASYMMETRIC_CROSS,5.116666666666654,306,O107,7,C1,215.31203672602737,41.127479951072814,-0.0165474888622122,0.9998630809327621,0.10226886404809885,0.10226886404809885,0.10226886404809885,0.6737368259287875,0.6741058162030432,0.24787210112002,2.99999999999999,0,0.3310265143500186,False,
M4_ASYMMETRIC_CROSS,5.116666666666654,306,O107,7,C0,214.9954707827433,-43.5958688801828,-0.004627157304503253,-0.9999892946503375,-0.12330875300649993,-0.12330875300649993,0.12330875300649993,0.6732853581007883,0.6732882106089467,9.950869234895013e-06,2.89999999999999,0,0.3314747902864559,False,
M4_ASYMMETRIC_CROSS,5.116666666666654,306,O107,7,C2,252.04394455192403,-1.4571965094713066,0.9923988323930865,0.12306322547714518,0.9999904088581879,0.9999904088581879,0.9999904088581879,0.007277586597694429,0.008498014973764196,0.008561779422562902,2.89999999999999,0,0.9928347794776852,True,
M4_ASYMMETRIC_CROSS,5.116666666666654,306,O108,9,C1,215.31203672602737,41.127479951072814,-0.0165474888622122,0.9998630809327621,0.999679145487586,0.999679145487586,0.999679145487586,0.005063588136634103,0.01047524136835711,0.002023738808460962,2.99999999999999,0,0.9933485166009327,True,
M4_ASYMMETRIC_CROSS,5.116666666666654,306,O108,9,C0,214.9954707827433,-43.5958688801828,-0.004627157304503253,-0.9999892946503375,-0.9999913587078597,-0.9999913587078597,0.9999913587078597,1.005709945614854,1.0131935059331365,0.24583841144232416,2.89999999999999,0,0.00139058815132731,False,
M4_ASYMMETRIC_CROSS,5.116666666666654,306,O108,9,C2,252.04394455192403,-1.4571965094713066,0.9923988323930865,0.12306322547714518,0.13177600305916687,0.13177600305916687,0.13177600305916687,0.6645817275378525,0.6743298063942973,0.25441014173412196,2.89999999999999,0,0.34567942696576714,False,
M4_ASYMMETRIC_CROSS,5.2166666666666535,312,O109,0,C1,215.31203672602737,41.127479951072814,-0.0165474888622122,0.9998630809327621,-0.9451272124612022,-0.9451272124612022,0.9451272124612022,1.1773892877239218,1.1841119999144225,0.3014688692870194,3.0999999999999894,0,0.0,False,
M4_ASYMMETRIC_CROSS,5.2166666666666535,312,O109,0,C0,214.9954707827433,-43.5958688801828,-0.004627157304503253,-0.9999892946503375,0.9518328695653193,0.9518328695653193,0.9518328695653193,0.16879479994470273,0.1689314650378802,0.05360671903623425,2.99999999999999,0,0.8408672835532038,True,
M4_ASYMMETRIC_CROSS,5.2166666666666535,312,O109,0,C2,252.04394455192403,-1.4571965094713066,0.9923988323930865,0.12306322547714518,-0.4256139987970017,-0.4256139987970017,0.4256139987970017,0.8011615808534129,0.8353541318292357,0.04503498874443645,2.99999999999999,0,0.24469818551413192,False,
M4_ASYMMETRIC_CROSS,5.2166666666666535,312,O110,1,C1,215.31203672602737,41.127479951072814,-0.0165474888622122,0.9998630809327621,-0.9998635087562999,-0.9998635087562999,0.9998635087562999,1.0124243604118357,1.0202815489117067,0.25265381163737793,3.0999999999999894,0,0.0,False,
M4_ASYMMETRIC_CROSS,5.2166666666666535,312,O110,1,C0,214.9954707827433,-43.5958688801828,-0.004627157304503253,-0.9999892946503375,0.9999891745901479,0.9999891745901479,0.9999891745901479,0.005770332903939214,0.006671172205867569,0.004791661386592848,2.99999999999999,0,0.9942975382678776,True,
M4_ASYMMETRIC_CROSS,5.2166666666666535,312,O110,1,C2,252.04394455192403,-1.4571965094713066,0.9923988323930865,0.12306322547714518,-0.12303754759816815,-0.12303754759816815,0.12303754759816815,0.6679969033397268,0.6730938389972232,0.0037800689052049493,2.99999999999999,0,0.34231698154317936,False,
M4_ASYMMETRIC_CROSS,5.2166666666666535,312,O111,3,C1,215.31203672602737,41.127479951072814,-0.0165474888622122,0.9998630809327621,0.14736243102355404,0.14736243102355404,0.14736243102355404,0.6717990665505441,0.6784245315334064,0.25705271617600356,3.0999999999999894,0,0.3389762728695387,False,
M4_ASYMMETRIC_CROSS,5.2166666666666535,312,O111,3,C0,214.9954707827433,-43.5958688801828,-0.004627157304503253,-0.9999892946503375,-0.12638672229212933,-0.12638672229212933,0.12638672229212933,0.6627430843798758,0.6689254403181085,0.009190565925218476,2.99999999999999,0,0.34788700136759887,False,
M4_ASYMMETRIC_CROSS,5.2166666666666535,312,O111,3,C2,252.04394455192403,-1.4571965094713066,0.9923988323930865,0.12306322547714518,-0.967731669585717,-0.967731669585717,0.967731669585717,0.8761196269309919,0.8761197497068276,0.0006188356334206784,2.99999999999999,0,0.13793291768067506,False,
M4_ASYMMETRIC_CROSS,5.2166666666666535,312,O112,5,C1,215.31203672602737,41.127479951072814,-0.0165474888622122,0.9998630809327621,-0.07065928879338872,-0.07065928879338872,0.07065928879338872,0.80751012751186,0.8075612280404808,0.5819185034724086,3.0999999999999894,0,0.39790476265025243,False,
M4_ASYMMETRIC_CROSS,5.2166666666666535,312,O112,5,C0,214.9954707827433,-43.5958688801828,-0.004627157304503253,-0.9999892946503375,0.09176435928893957,0.09176435928893957,0.09176435928893957,0.5590192720283754,0.8361020769776475,0.33405635322162347,2.99999999999999,0,0.5831843715544429,False,
M4_ASYMMETRIC_CROSS,5.2166666666666535,312,O112,5,C2,252.04394455192403,-1.4571965094713066,0.9923988323930865,0.12306322547714518,-0.9993481220438146,-0.9993481220438146,0.9993481220438146,0.16749369585718926,0.17146793406728675,0.32548462292982566,2.99999999999999,0,0.8751134467223884,True,
M4_ASYMMETRIC_CROSS,5.2166666666666535,312,O113,7,C1,215.31203672602737,41.127479951072814,-0.0165474888622122,0.9998630809327621,0.10264724303694997,0.10264724303694997,0.10264724303694997,0.6771267996484642,0.6773596735832876,0.25409821760072454,3.0999999999999894,0,0.33179143842392866,False,
M4_ASYMMETRIC_CROSS,5.2166666666666535,312,O113,7,C0,214.9954707827433,-43.5958688801828,-0.004627157304503253,-0.9999892946503375,-0.12368622195672654,-0.12368622195672654,0.12368622195672654,0.6720972435684178,0.6738417841456348,0.006236067349939438,2.99999999999999,0,0.33675475169901803,False,
M4_ASYMMETRIC_CROSS,5.2166666666666535,312,O113,7,C2,252.04394455192403,-1.4571965094713066,0.9923988323930865,0.12306322547714518,0.9999920024861204,0.9999920024861204,0.9999920024861204,0.009201545930192371,0.009207641235274138,0.0023356629418583587,2.99999999999999,0,0.990940526113846,True,
M4_ASYMMETRIC_CROSS,5.2166666666666535,312,O114,9,C1,215.31203672602737,41.127479951072814,-0.0165474888622122,0.9998630809327621,0.9998311712936417,0.9998311712936417,0.9998311712936417,0.00878052154604275,0.010728455658622042,0.0011381208441823634,3.0999999999999894,0,0.9884352432803576,True,
M4_ASYMMETRIC_CROSS,5.2166666666666535,312,O114,9,C0,214.9954707827433,-43.5958688801828,-0.004627157304503253,-0.9999892946503375,-0.9999960808352244,-0.9999960808352244,0.9999960808352244,1.0030828971014187,1.0107803777774493,0.24900027109496747,2.99999999999999,0,0.00399908912353919,False,
M4_ASYMMETRIC_CROSS,5.2166666666666535,312,O114,9,C2,252.04394455192403,-1.4571965094713066,0.9923988323930865,0.12306322547714518,0.12487659927097133,0.12487659927097133,0.12487659927097133,0.6608448386446869,0.671461909347515,0.2575720013867653,2.99999999999999,0,0.3493586182234023,False,
M4_ASYMMETRIC_CROSS,5.316666666666653,318,O115,1,C1,215.31203672602737,41.127479951072814,-0.0165474888622122,0.9998630809327621,0.1357810986259193,0.1357810986259193,0.1357810986259193,0.674036531922401,0.6772238853167777,0.2596591907495448,3.199999999999989,0,0.3384712968498246,False,
M4_ASYMMETRIC_CROSS,5.316666666666653,318,O115,1,C0,214.9954707827433,-43.5958688801828,-0.004627157304503253,-0.9999892946503375,-0.11477291608694651,-0.11477291608694651,0.11477291608694651,0.6661442230363013,0.6741326874368037,0.011797040498759685,3.0999999999999894,0,0.3462171512879979,False,
M4_ASYMMETRIC_CROSS,5.316666666666653,318,O115,1,C2,252.04394455192403,-1.4571965094713066,0.9923988323930865,0.12306322547714518,-0.9706133838536654,-0.9706133838536654,0.9706133838536654,0.8804131673167969,0.8804148387226023,0.0032253102069618863,3.0999999999999894,0,0.13592431088220225,False,
M4_ASYMMETRIC_CROSS,5.316666666666653,318,O116,2,C1,215.31203672602737,41.127479951072814,-0.0165474888622122,0.9998630809327621,0.9997580684168736,0.9997580684168736,0.9997580684168736,0.004629287539491207,0.009624433947242914,0.009359031411197432,3.199999999999989,0,0.993977044553356,True,
M4_ASYMMETRIC_CROSS,5.316666666666653,318,O116,2,C0,214.9954707827433,-43.5958688801828,-0.004627157304503253,-0.9999892946503375,-0.9999996622274887,-0.9999996622274887,0.9999996622274887,1.0044444636803973,1.0114986647818307,0.2385031188395877,3.0999999999999894,0,0.002647135504550868,False,
M4_ASYMMETRIC_CROSS,5.316666666666653,318,O116,2,C2,252.04394455192403,-1.4571965094713066,0.9923988323930865,0.12306322547714518,0.12846904154652453,0.12846904154652453,0.12846904154652453,0.6650359218154998,0.6760297911813973,0.24707484913138547,3.0999999999999894,0,0.34523224545639875,False,
M4_ASYMMETRIC_CROSS,5.416666666666653,324,O117,0,C1,215.31203672602737,41.127479951072814,-0.0165474888622122,0.9998630809327621,-0.999963924327583,-0.999963924327583,0.999963924327583,1.0103402798948058,1.0180136475090564,0.24944550725709358,3.2999999999999887,0,0.0,False,
M4_ASYMMETRIC_CROSS,5.416666666666653,324,O117,0,C0,214.9954707827433,-43.5958688801828,-0.004627157304503253,-0.9999892946503375,0.9999195946908187,0.9999195946908187,0.9999195946908187,0.0048497149671936045,0.008006664249271387,0.0015833570063084796,3.199999999999989,0,0.9951920839893624,True,
M4_ASYMMETRIC_CROSS,5.416666666666653,324,O117,0,C2,252.04394455192403,-1.4571965094713066,0.9923988323930865,0.12306322547714518,-0.11506651668886006,-0.11506651668886006,0.11506651668886006,0.666290123795418,0.6733260968445692,0.006988373285489317,3.199999999999989,0,0.3439974083788867,False,
M4_ASYMMETRIC_CROSS,5.416666666666653,324,O118,2,C1,215.31203672602737,41.127479951072814,-0.0165474888622122,0.9998630809327621,0.13830939464782896,0.13830939464782896,0.13830939464782896,0.6721625556377241,0.6781683096977175,0.2630874705019014,3.2999999999999887,0,0.34252268777201056,False,
M4_ASYMMETRIC_CROSS,5.416666666666653,324,O118,2,C0,214.9954707827433,-43.5958688801828,-0.004627157304503253,-0.9999892946503375,-0.11730805171791374,-0.11730805171791374,0.11730805171791374,0.6655541257051683,0.6743202997759179,0.015225320251116295,3.199999999999989,0,0.34898673834082206,False,
M4_ASYMMETRIC_CROSS,5.416666666666653,324,O118,2,C2,252.04394455192403,-1.4571965094713066,0.9923988323930865,0.12306322547714518,-0.9699960075772183,-0.9699960075772183,0.9699960075772183,0.8785402537747483,0.8785468212988106,0.006653589959318497,3.199999999999989,0,0.14065387919758254,False,
M4_ASYMMETRIC_CROSS,5.416666666666653,324,O119,5,C1,215.31203672602737,41.127479951072814,-0.0165474888622122,0.9998630809327621,0.9996835235034681,0.9996835235034681,0.9996835235034681,0.004633589240309409,0.010372484447626893,0.005755688245187515,3.2999999999999887,0,0.9939430519499903,True,
M4_ASYMMETRIC_CROSS,5.416666666666653,324,O119,5,C0,214.9954707827433,-43.5958688801828,-0.004627157304503253,-0.9999892946503375,-0.9999920646686493,-0.9999920646686493,0.9999920646686493,1.0056535476834847,1.0129129517483817,0.2421064620055976,3.199999999999989,0,0.0014465879008771498,False,
M4_ASYMMETRIC_CROSS,5.416666666666653,324,O119,5,C2,252.04394455192403,-1.4571965094713066,0.9923988323930865,0.12306322547714518,0.13160408040453953,0.13160408040453953,0.13160408040453953,0.6649228118106755,0.6757068942204018,0.2506781922973954,3.199999999999989,0,0.3453436090405989,False,
M4_ASYMMETRIC_CROSS,5.516666666666652,330,O120,0,C1,215.31203672602737,41.127479951072814,-0.0165474888622122,0.9998630809327621,-0.9999649933257636,-0.9999649933257636,0.9999649933257636,1.0104022531904082,1.0180389053454804,0.2488497839649066,3.3999999999999884,0,0.0,False,
M4_ASYMMETRIC_CROSS,5.516666666666652,330,O120,0,C0,214.9954707827433,-43.5958688801828,-0.004627157304503253,-0.9999892946503375,0.9999179787458675,0.9999179787458675,0.9999179787458675,0.003935102807198358,0.0074575318240605775,0.000987633714121472,3.2999999999999887,0,0.9960965078872013,True,
M4_ASYMMETRIC_CROSS,5.516666666666652,330,O120,0,C2,252.04394455192403,-1.4571965094713066,0.9923988323930865,0.12306322547714518,-0.11494056003492346,-0.11494056003492346,0.11494056003492346,0.6670105192794635,0.6731447700439622,0.007584096577676325,3.2999999999999887,0,0.343288135814806,False,
M4_ASYMMETRIC_CROSS,5.516666666666652,330,O121,2,C1,215.31203672602737,41.127479951072814,-0.0165474888622122,0.9998630809327621,0.14122578247164208,0.14122578247164208,0.14122578247164208,0.6709279922897168,0.6796353514445759,0.26541332249405225,3.3999999999999884,0,0.3452199277988651,False,
M4_ASYMMETRIC_CROSS,5.516666666666652,330,O121,2,C0,214.9954707827433,-43.5958688801828,-0.004627157304503253,-0.9999892946503375,-0.12023250208552613,-0.12023250208552613,0.12023250208552613,0.6655931906852293,0.6740879122207437,0.01755117224326715,3.2999999999999887,0,0.35042633119819844,False,
M4_ASYMMETRIC_CROSS,5.516666666666652,330,O121,2,C2,252.04394455192403,-1.4571965094713066,0.9923988323930865,0.12306322547714518,-0.9692757377789741,-0.9692757377789741,0.9692757377789741,0.877630210617564,0.8776417425836045,0.008979441951469354,3.2999999999999887,0,0.14349262621625536,False,
M4_ASYMMETRIC_CROSS,5.516666666666652,330,O122,5,C1,215.31203672602737,41.127479951072814,-0.0165474888622122,0.9998630809327621,0.9996194710457337,0.9996194710457337,0.9996194710457337,0.004554697132229517,0.011238506169953099,0.0016910632198155657,3.3999999999999884,0,0.9940143754878924,True,
M4_ASYMMETRIC_CROSS,5.516666666666652,330,O122,5,C0,214.9954707827433,-43.5958688801828,-0.004627157304503253,-0.9999892946503375,-0.9999794384855939,-0.9999794384855939,0.9999794384855939,1.0065632200061096,1.0140609314869045,0.24617108703096954,3.2999999999999887,0,0.0005433380652436481,False,
M4_ASYMMETRIC_CROSS,5.516666666666652,330,O122,5,C2,252.04394455192403,-1.4571965094713066,0.9923988323930865,0.12306322547714518,0.13401149614009755,0.13401149614009755,0.13401149614009755,0.665278591140391,0.6748257304486124,0.2547428173227673,3.2999999999999887,0,0.3449933229504958,False,
M4_ASYMMETRIC_CROSS,5.616666666666652,336,O123,0,C1,215.31203672602737,41.127479951072814,-0.0165474888622122,0.9998630809327621,-0.9999597433350637,-0.9999597433350637,0.9999597433350637,1.0101378449409484,1.0183932101700874,0.2587522326429002,3.499999999999988,0,0.007723629659900699,False,
M4_ASYMMETRIC_CROSS,5.616666666666652,336,O123,0,C0,214.9954707827433,-43.5958688801828,-0.004627157304503253,-0.9999892946503375,0.999925550837952,0.999925550837952,0.999925550837952,0.0065236073632191985,0.010215319899958528,0.01089008239211507,3.3999999999999884,0,0.9935917444650562,True,
M4_ASYMMETRIC_CROSS,5.616666666666652,336,O123,0,C2,252.04394455192403,-1.4571965094713066,0.9923988323930865,0.12306322547714518,-0.1155420554765861,-0.1155420554765861,0.1155420554765861,0.6649488531606205,0.6769038222771278,0.002318352100317273,3.3999999999999884,0,0.3468089154558859,False,
M4_ASYMMETRIC_CROSS,5.616666666666652,336,O124,1,C1,215.31203672602737,41.127479951072814,-0.0165474888622122,0.9998630809327621,0.145562016322911,0.145562016322911,0.145562016322911,0.6741832886659993,0.6778471157296801,0.25697534598977984,3.499999999999988,0,0.3365797868962088,False,
M4_ASYMMETRIC_CROSS,5.616666666666652,336,O124,1,C0,214.9954707827433,-43.5958688801828,-0.004627157304503253,-0.9999892946503375,-0.12458106697264591,-0.12458106697264591,0.12458106697264591,0.6629142373385593,0.6699965396869795,0.009113195738994728,3.3999999999999884,0,0.34766893217585637,False,
M4_ASYMMETRIC_CROSS,5.616666666666652,336,O124,1,C2,252.04394455192403,-1.4571965094713066,0.9923988323930865,0.12306322547714518,-0.9681886860390263,-0.9681886860390263,0.9681886860390263,0.878068143562749,0.8780683455110527,0.0005414654471969305,3.3999999999999884,0,0.13594987488537025,False,
M4_ASYMMETRIC_CROSS,5.716666666666652,342,O125,0,C1,215.31203672602737,41.127479951072814,-0.0165474888622122,0.9998630809327621,-0.9999470981572768,-0.9999470981572768,0.9999470981572768,1.0094700040461058,1.017803535160119,0.25986637205334906,3.5999999999999877,0,0.009463743117071433,False,
M4_ASYMMETRIC_CROSS,5.716666666666652,342,O125,0,C0,214.9954707827433,-43.5958688801828,-0.004627157304503253,-0.9999892946503375,0.999940712368216,0.999940712368216,0.999940712368216,0.0030524454493329016,0.008574936662542217,0.012004221802563955,3.499999999999988,0,0.9970048066038588,True,
M4_ASYMMETRIC_CROSS,5.716666666666652,342,O125,0,C2,252.04394455192403,-1.4571965094713066,0.9923988323930865,0.12306322547714518,-0.11684634559158769,-0.11684634559158769,0.11684634559158769,0.6666844412267616,0.6764128713325069,0.0034324915107661574,3.499999999999988,0,0.3458199765342589,False,
M4_ASYMMETRIC_CROSS,5.716666666666652,342,O126,2,C1,215.31203672602737,41.127479951072814,-0.0165474888622122,0.9998630809327621,0.149526157757048,0.149526157757048,0.149526157757048,0.6749973127902616,0.6786288494651231,0.25617247671065224,3.5999999999999877,0,0.33525357425449465,False,
M4_ASYMMETRIC_CROSS,5.716666666666652,342,O126,2,C0,214.9954707827433,-43.5958688801828,-0.004627157304503253,-0.9999892946503375,-0.12855684102032902,-0.12855684102032902,0.12855684102032902,0.6647402133735091,0.6696694217272844,0.008310326459867127,3.499999999999988,0,0.3453549036177438,False,
M4_ASYMMETRIC_CROSS,5.716666666666652,342,O126,2,C2,252.04394455192403,-1.4571965094713066,0.9923988323930865,0.12306322547714518,-0.9671780229441539,-0.9671780229441539,0.9671780229441539,0.8800761909379146,0.8800769750109476,0.00026140383193067117,3.499999999999988,0,0.1335122021760936,False,
M4_ASYMMETRIC_CROSS,5.916666666666651,354,O127,0,C1,215.31203672602737,41.127479951072814,-0.0165474888622122,0.9998630809327621,-0.9998849341315671,-0.9998849341315671,0.9998849341315671,1.0069747184096367,1.0142256251418753,0.24205156337672187,3.799999999999987,0,0.0,False,
M4_ASYMMETRIC_CROSS,5.916666666666651,354,O127,0,C0,214.9954707827433,-43.5958688801828,-0.004627157304503253,-0.9999892946503375,0.9999819689669388,0.9999819689669388,0.9999819689669388,0.007318512408675746,0.008211269864099263,0.005810586874063228,3.6999999999999873,0,0.9927331579011414,True,
M4_ASYMMETRIC_CROSS,5.916666666666651,354,O127,0,C2,252.04394455192403,-1.4571965094713066,0.9923988323930865,0.12306322547714518,-0.12169557835934913,-0.12169557835934913,0.12169557835934913,0.6620395942848306,0.6683349312881568,0.014382317165861025,3.6999999999999873,0,0.34818230963304886,False,
M4_ASYMMETRIC_CROSS,5.916666666666651,354,O128,2,C1,215.31203672602737,41.127479951072814,-0.0165474888622122,0.9998630809327621,0.1304641985342455,0.1304641985342455,0.1304641985342455,0.6680017746232101,0.6741741684675633,0.2563649269153404,3.799999999999987,0,0.34226753268481913,False,
M4_ASYMMETRIC_CROSS,5.916666666666651,354,O128,2,C0,214.9954707827433,-43.5958688801828,-0.004627157304503253,-0.9999892946503375,-0.1094420865157538,-0.1094420865157538,0.1094420865157538,0.6672550308973401,0.6761231276730956,0.008502776664555324,3.6999999999999873,0,0.3430027965896878,False,
M4_ASYMMETRIC_CROSS,5.916666666666651,354,O128,2,C2,252.04394455192403,-1.4571965094713066,0.9923988323930865,0.12306322547714518,-0.9718903841145636,-0.9718903841145636,0.9718903841145636,0.8766686225654959,0.876669244179148,6.895362724247347e-05,3.6999999999999873,0,0.13686715762808088,False,
M4_ASYMMETRIC_CROSS,6.016666666666651,360,O129,0,C1,215.31203672602737,41.127479951072814,-0.0165474888622122,0.9998630809327621,-0.9999769682197857,-0.9999769682197857,0.9999769682197857,1.0113059618231157,1.0195389084030952,0.25856743746666394,3.8999999999999866,0,0.006395801097800691,False,
M4_ASYMMETRIC_CROSS,6.016666666666651,360,O129,0,C0,214.9954707827433,-43.5958688801828,-0.004627157304503253,-0.9999892946503375,0.9998964888907127,0.9998964888907127,0.9998964888907127,0.008346760287288396,0.012162830311031941,0.010705287215878843,3.799999999999987,0,0.991799340277072,True,
M4_ASYMMETRIC_CROSS,6.016666666666651,360,O129,0,C2,252.04394455192403,-1.4571965094713066,0.9923988323930865,0.12306322547714518,-0.11337049618917618,-0.11337049618917618,0.11337049618917618,0.6648122263034273,0.6778909559925934,0.0021335569240810465,3.799999999999987,0,0.34682455708479154,False,
M4_ASYMMETRIC_CROSS,6.016666666666651,360,O130,3,C1,215.31203672602737,41.127479951072814,-0.0165474888622122,0.9998630809327621,0.11460775003587498,0.11460775003587498,0.11460775003587498,0.6843769009216611,0.6887300938186547,0.2556377598339709,3.8999999999999866,0,0.3256613255029749,False,
M4_ASYMMETRIC_CROSS,6.016666666666651,360,O130,3,C0,214.9954707827433,-43.5958688801828,-0.004627157304503253,-0.9999892946503375,-0.09354773870609429,-0.09354773870609429,0.09354773870609429,0.6714936109091995,0.6812125693724337,0.007775609583185815,3.799999999999987,0,0.3383556474452619,False,
M4_ASYMMETRIC_CROSS,6.016666666666651,360,O130,3,C2,252.04394455192403,-1.4571965094713066,0.9923988323930865,0.12306322547714518,-0.9755277140608981,-0.9755277140608981,0.9755277140608981,0.8922372284346066,0.8922373537300907,0.0007961207086119819,3.799999999999987,0,0.12153893132947213,False,
M4_ASYMMETRIC_CROSS,6.21666666666665,372,O131,0,C1,215.31203672602737,41.127479951072814,-0.0165474888622122,0.9998630809327621,-0.9998677566986244,-0.9998677566986244,0.9998677566986244,1.0065247672140576,1.0142009147187603,0.24907054546836602,4.099999999999985,0,0.0017792481979652663,False,
M4_ASYMMETRIC_CROSS,6.21666666666665,372,O131,0,C0,214.9954707827433,-43.5958688801828,-0.004627157304503253,-0.9999892946503375,0.9999879351962014,0.9999879351962014,0.9999879351962014,0.010941238112997591,0.011184589527144989,0.0012083952175809185,3.9999999999999862,0,0.9891490291242095,True,
M4_ASYMMETRIC_CROSS,6.21666666666665,372,O131,0,C2,252.04394455192403,-1.4571965094713066,0.9923988323930865,0.12306322547714518,-0.12278036615618584,-0.12278036615618584,0.12278036615618584,0.6593281489052546,0.6708912966966561,0.007363335074216879,3.9999999999999862,0,0.350851890244433,False,
M4_ASYMMETRIC_CROSS,6.21666666666665,372,O132,3,C1,215.31203672602737,41.127479951072814,-0.0165474888622122,0.9998630809327621,0.13385741604553553,0.13385741604553553,0.13385741604553553,0.6653064449654921,0.6751020941082899,0.2585101042491599,4.099999999999985,0,0.34630216657970136,False,
M4_ASYMMETRIC_CROSS,6.21666666666665,372,O132,3,C0,214.9954707827433,-43.5958688801828,-0.004627157304503253,-0.9999892946503375,-0.11284412275558657,-0.11284412275558657,0.11284412275558657,0.6674127919970062,0.6759173024646759,0.01064795399837474,3.9999999999999862,0,0.3442325721824857,False,
M4_ASYMMETRIC_CROSS,6.21666666666665,372,O132,3,C2,252.04394455192403,-1.4571965094713066,0.9923988323930865,0.12306322547714518,-0.9710787429886112,-0.9710787429886112,0.9710787429886112,0.8747322839647611,0.8747350286873934,0.002076223706576944,3.9999999999999862,0,0.14053049812224172,False,
M4_ASYMMETRIC_CROSS,6.416666666666649,384,O133,0,C1,215.31203672602737,41.127479951072814,-0.0165474888622122,0.9998630809327621,-0.9999178910263543,-0.9999178910263543,0.9999178910263543,1.0081835658122482,1.0158357175055,0.24886629746318772,4.299999999999985,0,0.0,False,
M4_ASYMMETRIC_CROSS,6.416666666666649,384,O133,0,C0,214.9954707827433,-43.5958688801828,-0.004627157304503253,-0.9999892946503375,0.9999650505947834,0.9999650505947834,0.9999650505947834,0.010491261412089677,0.011298531223279071,0.0010041472124026115,4.199999999999985,0,0.9895931853993772,True,
M4_ASYMMETRIC_CROSS,6.416666666666649,384,O133,0,C2,252.04394455192403,-1.4571965094713066,0.9923988323930865,0.12306322547714518,-0.11935735327087012,-0.11935735327087012,0.11935735327087012,0.6607527341761749,0.6720723264914321,0.007567583079395186,4.199999999999985,0,0.34944930059717005,False,
M4_ASYMMETRIC_CROSS,6.416666666666649,384,O134,2,C1,215.31203672602737,41.127479951072814,-0.0165474888622122,0.9998630809327621,0.13974723746587606,0.13974723746587606,0.13974723746587606,0.668113306641257,0.6749018257669349,0.2541107195468526,4.299999999999985,0,0.34069435140656945,False,
M4_ASYMMETRIC_CROSS,6.416666666666649,384,O134,2,C0,214.9954707827433,-43.5958688801828,-0.004627157304503253,-0.9999892946503375,-0.11874984636311381,-0.11874984636311381,0.11874984636311381,0.661216975413005,0.671232160712683,0.006248569296067515,4.199999999999985,0,0.34749976912263847,False,
M4_ASYMMETRIC_CROSS,6.416666666666649,384,O134,2,C2,252.04394455192403,-1.4571965094713066,0.9923988323930865,0.12306322547714518,-0.9696419874931989,-0.9696419874931989,0.9696419874931989,0.8721301056606037,0.872130961715309,0.002323160995730283,4.199999999999985,0,0.14133559974570675,False,
M4_ASYMMETRIC_CROSS,6.6166666666666485,396,O135,0,C1,215.31203672602737,41.127479951072814,-0.0165474888622122,0.9998630809327621,-0.9999370521310336,-0.9999370521310336,0.9999370521310336,1.0090049855073568,1.0168234188984695,0.25167844054145927,4.499999999999984,0,0.0019009550296847921,False,
M4_ASYMMETRIC_CROSS,6.6166666666666485,396,O135,0,C0,214.9954707827433,-43.5958688801828,-0.004627157304503253,-0.9999892946503375,0.9999504490773068,0.9999504490773068,0.9999504490773068,0.011903784257257818,0.012960419269791216,0.0038162902906741856,4.399999999999984,0,0.9882248790944006,True,
M4_ASYMMETRIC_CROSS,6.6166666666666485,396,O135,0,C2,252.04394455192403,-1.4571965094713066,0.9923988323930865,0.12306322547714518,-0.1177741435291914,-0.1177741435291914,0.1177741435291914,0.6604466799155915,0.673999419732427,0.004755440001123611,4.399999999999984,0,0.34975062937415347,False,
M4_ASYMMETRIC_CROSS,6.6166666666666485,396,O136,3,C1,215.31203672602737,41.127479951072814,-0.0165474888622122,0.9998630809327621,0.13916851622931362,0.13916851622931362,0.13916851622931362,0.6674686647182998,0.6762270557157325,0.2589842969172798,4.499999999999984,0,0.34448309194875604,False,
M4_ASYMMETRIC_CROSS,6.6166666666666485,396,O136,3,C0,214.9954707827433,-43.5958688801828,-0.004627157304503253,-0.9999892946503375,-0.11816952912475105,-0.11816952912475105,0.11816952912475105,0.6618357784807595,0.6728106109136018,0.011122146666494697,4.399999999999984,0,0.3500151151957128,False,
M4_ASYMMETRIC_CROSS,6.6166666666666485,396,O136,3,C2,252.04394455192403,-1.4571965094713066,0.9923988323930865,0.12306322547714518,-0.9697847325198755,-0.9697847325198755,0.9697847325198755,0.8721106673274387,0.8721117576102974,0.0025504163746969005,4.399999999999984,0,0.14350542827914725,False,
M4_ASYMMETRIC_CROSS,6.716666666666648,402,O137,0,C1,215.31203672602737,41.127479951072814,-0.0165474888622122,0.9998630809327621,-0.9999921334068896,-0.9999921334068896,0.9999921334068896,1.0167609317732218,1.0248527154270601,0.25709804397854524,4.599999999999984,0,0.0,False,
M4_ASYMMETRIC_CROSS,6.716666666666648,402,O137,0,C0,214.9954707827433,-43.5958688801828,-0.004627157304503253,-0.9999892946503375,0.9996839583614329,0.9996839583614329,0.9996839583614329,0.016668161565576118,0.021397291583103672,0.009235893727760146,4.499999999999984,0,0.9835999193218666,True,
M4_ASYMMETRIC_CROSS,6.716666666666648,402,O137,0,C2,252.04394455192403,-1.4571965094713066,0.9923988323930865,0.12306322547714518,-0.10267993977688963,-0.10267993977688963,0.10267993977688963,0.6646234212396742,0.6823856314587422,0.000664163435962349,4.499999999999984,0,0.34606599017982576,False,
M4_ASYMMETRIC_CROSS,6.716666666666648,402,O138,2,C1,215.31203672602737,41.127479951072814,-0.0165474888622122,0.9998630809327621,0.13552555633038005,0.13552555633038005,0.13552555633038005,0.6672364778890166,0.6888099720767682,0.2901826007357087,4.599999999999984,0,0.3641920628188081,False,
M4_ASYMMETRIC_CROSS,6.716666666666648,402,O138,2,C0,214.9954707827433,-43.5958688801828,-0.004627157304503253,-0.9999892946503375,-0.11451669023909913,-0.11451669023909913,0.11451669023909913,0.6619859640454637,0.6847500013252358,0.042320450484923576,4.499999999999984,0,0.3691952640624996,False,
M4_ASYMMETRIC_CROSS,6.716666666666648,402,O138,2,C2,252.04394455192403,-1.4571965094713066,0.9923988323930865,0.12306322547714518,-0.9706754200925961,-0.9706754200925961,0.9706754200925961,0.8720478627742083,0.8722193267939276,0.033748720193125775,4.499999999999984,0,0.16902781678258216,False,
M4_ASYMMETRIC_CROSS,6.716666666666648,402,O139,3,C1,215.31203672602737,41.127479951072814,-0.0165474888622122,0.9998630809327621,0.11715552189134931,0.11715552189134931,0.11715552189134931,0.6823046465347232,0.6848183404942129,0.2668166357281874,4.599999999999984,0,0.3350277921612491,False,
M4_ASYMMETRIC_CROSS,6.716666666666648,402,O139,3,C0,214.9954707827433,-43.5958688801828,-0.004627157304503253,-0.9999892946503375,-0.09610123314330382,-0.09610123314330382,0.09610123314330382,0.6612003772209307,0.683894871407879,0.018954485477402323,4.499999999999984,0,0.3555959542449906,False,
M4_ASYMMETRIC_CROSS,6.716666666666648,402,O139,3,C2,252.04394455192403,-1.4571965094713066,0.9923988323930865,0.12306322547714518,-0.9749605104819534,-0.9749605104819534,0.9749605104819534,0.8829358248534134,0.8829512978489242,0.010382755185604524,4.499999999999984,0,0.13949320466363935,False,
M5_UNEQUAL_WIDTH,2.0166666666666644,120,O1,5,C0,207.6361939021034,-36.263997440493995,0.1422685015644752,-0.9898281029868767,-0.9561403091251601,-0.9561403091251601,0.9561403091251601,0.8401150711894061,0.8428728456999078,0.16670044428364386,0.0,0,0.29658127558282366,False,
M5_UNEQUAL_WIDTH,2.116666666666664,126,O2,0,C0,207.6361939021034,-36.263997440493995,0.1422685015644752,-0.9898281029868767,0.9961572533761864,0.9961572533761864,0.9961572533761864,0.0523729581617299,0.052577944788106915,0.010153221505457768,0.09999999999999964,0,0.9561487221364554,True,
M5_UNEQUAL_WIDTH,2.116666666666664,126,O2,0,C1,214.641572827652,33.95709926573498,0.1539009563484607,0.9880862794488289,-0.9781198646181963,-0.9781198646181963,0.9781198646181963,0.8922724185986931,0.8952785704782992,0.1565472227781861,0.09999999999999964,0,0.24650493190762102,False,
M5_UNEQUAL_WIDTH,2.116666666666664,126,O3,5,C0,207.6361939021034,-36.263997440493995,0.1422685015644752,-0.9898281029868767,-0.952850326974753,-0.952850326974753,0.952850326974753,0.833979068763874,0.8366142050320503,0.1618141554238257,0.09999999999999964,0,0.301718880117257,False,
M5_UNEQUAL_WIDTH,2.116666666666664,126,O3,5,C1,214.641572827652,33.95709926573498,0.1539009563484607,0.9880862794488289,0.9999391302113866,0.9999391302113866,0.9999391302113866,0.006236329066372841,0.007608764822862879,0.00488628885981817,0.09999999999999964,0,0.9939600727365793,True,
M5_UNEQUAL_WIDTH,2.2166666666666637,132,O4,0,C0,207.6361939021034,-36.263997440493995,0.1422685015644752,-0.9898281029868767,0.9999996674261648,0.9999996674261648,0.9999996674261648,0.0029749217731239023,0.0036837538921510476,0.005708303848468094,0.1999999999999993,0,0.9975091320812409,True,
M5_UNEQUAL_WIDTH,2.2166666666666637,132,O4,0,C1,214.641572827652,33.95709926573498,0.1539009563484607,0.9880862794488289,-0.9563788777359099,-0.9563788777359099,0.9563788777359099,0.840715869884638,0.8433020807390573,0.1609921404351758,0.1999999999999993,0,0.29269768412743213,False,
M5_UNEQUAL_WIDTH,2.416666666666663,144,O5,0,C0,207.6361939021034,-36.263997440493995,0.1422685015644752,-0.9898281029868767,0.9868249026951436,0.9868249026951436,0.9868249026951436,0.13199711835926076,0.1323194352877303,0.16489621529057802,0.3999999999999986,0,0.9028881427223605,True,
M5_UNEQUAL_WIDTH,2.416666666666663,144,O5,0,C1,214.641572827652,33.95709926573498,0.1539009563484607,0.9880862794488289,-0.9909333718298555,-0.9909333718298555,0.9909333718298555,0.9343562076494135,0.950148096920674,0.33159665957422185,0.3999999999999986,0,0.31258297293457304,False,
M5_UNEQUAL_WIDTH,2.416666666666663,144,O6,1,C0,207.6361939021034,-36.263997440493995,0.1422685015644752,-0.9898281029868767,0.9999993426534942,0.9999993426534942,0.9999993426534942,0.0007481001875369616,0.0010802318413694425,0.001575046084530148,0.3999999999999986,0,0.9993744492398575,True,
M5_UNEQUAL_WIDTH,2.416666666666663,144,O6,1,C1,214.641572827652,33.95709926573498,0.1539009563484607,0.9880862794488289,-0.9564755302521557,-0.9564755302521557,0.9564755302521557,0.8406281567970226,0.8434697544231862,0.16827549036817402,0.3999999999999986,0,0.2970786650743775,False,
M5_UNEQUAL_WIDTH,2.416666666666663,144,O7,2,C0,207.6361939021034,-36.263997440493995,0.1422685015644752,-0.9898281029868767,0.9998516258461593,0.9998516258461593,0.9998516258461593,0.10635043829202713,0.10673600826631613,0.21230089372840072,0.3999999999999986,0,0.9243935756134047,True,
M5_UNEQUAL_WIDTH,2.416666666666663,144,O7,2,C1,214.641572827652,33.95709926573498,0.1539009563484607,0.9880862794488289,-0.9610440191684231,-0.9610440191684231,0.9610440191684231,0.833183090916954,0.8564288154906317,0.3790013380120446,0.3999999999999986,0,0.407675272661994,False,
M5_UNEQUAL_WIDTH,2.416666666666663,144,O8,7,C0,207.6361939021034,-36.263997440493995,0.1422685015644752,-0.9898281029868767,-0.049117112407272595,-0.049117112407272595,0.049117112407272595,0.7547431666805159,0.8597505069225692,0.3149277124440375,0.3999999999999986,0,0.3680621931738969,False,
M5_UNEQUAL_WIDTH,2.416666666666663,144,O8,7,C1,214.641572827652,33.95709926573498,0.1539009563484607,0.9880862794488289,0.339518363572081,0.339518363572081,0.339518363572081,0.7916276886133664,0.7916864830172159,0.1482272681603936,0.3999999999999986,0,0.22965760926239298,False,
M5_UNEQUAL_WIDTH,2.416666666666663,144,O9,10,C0,207.6361939021034,-36.263997440493995,0.1422685015644752,-0.9898281029868767,0.1530992793097424,0.1530992793097424,0.1530992793097424,0.7278589540291824,0.7285113034762083,0.5266585700625169,0.3999999999999986,0,0.39057203643071137,False,
M5_UNEQUAL_WIDTH,2.416666666666663,144,O9,10,C1,214.641572827652,33.95709926573498,0.1539009563484607,0.9880862794488289,0.14307149426193688,0.14307149426193688,0.14307149426193688,0.6617194734304617,0.6617599575097683,0.35995812577887304,0.3999999999999986,0,0.35607285029033875,False,
M5_UNEQUAL_WIDTH,2.416666666666663,144,O9,10,C2,265.06094151319854,-9.398428746959773,0.9816455884578474,0.19071428541471797,0.9794982738405638,0.9794982738405638,0.9794982738405638,0.13124909059008222,0.131249090590082,0.2117308576184794,0.0,0,0.8507521719798766,True,
M5_UNEQUAL_WIDTH,2.416666666666663,144,O10,12,C0,207.6361939021034,-36.263997440493995,0.1422685015644752,-0.9898281029868767,-0.15668128378291815,-0.15668128378291815,0.15668128378291815,0.8186588719386879,0.834167079901155,0.5031339982427356,0.3999999999999986,0,0.314546305404766,False,
M5_UNEQUAL_WIDTH,2.416666666666663,144,O10,12,C1,214.641572827652,33.95709926573498,0.1539009563484607,0.9880862794488289,0.4391006810291392,0.4391006810291392,0.4391006810291392,0.744664261314796,0.7446668327482836,0.33643355395909175,0.3999999999999986,0,0.2753582831811927,False,
M5_UNEQUAL_WIDTH,2.416666666666663,144,O10,12,C2,265.06094151319854,-9.398428746959773,0.9816455884578474,0.19071428541471797,0.9941528822729474,0.9941528822729474,0.9941528822729474,0.10311383052343089,0.10311383052343077,0.1882062857986981,0.0,0,0.8827457380826983,True,
M5_UNEQUAL_WIDTH,2.416666666666663,144,O11,14,C0,207.6361939021034,-36.263997440493995,0.1422685015644752,-0.9898281029868767,-0.9548652532078821,-0.9548652532078821,0.9548652532078821,0.8380090969414091,0.8404245289670664,0.16010144694159342,0.3999999999999986,0,0.2983445836937997,False,
M5_UNEQUAL_WIDTH,2.416666666666663,144,O11,14,C1,214.641572827652,33.95709926573498,0.1539009563484607,0.9880862794488289,0.9999906576002309,0.9999906576002309,0.9999906576002309,0.006374136264572907,0.00654683263402486,0.006598997342050457,0.3999999999999986,0,0.993836828807176,True,
M5_UNEQUAL_WIDTH,2.416666666666663,144,O11,14,C2,265.06094151319854,-9.398428746959773,0.9816455884578474,0.19071428541471797,0.3435810094909204,0.3435810094909204,0.3435810094909204,0.7854871384773295,0.7854871384773295,0.15482626550244408,0.0,0,0.2405101643176758,False,
M5_UNEQUAL_WIDTH,2.5166666666666626,150,O12,0,C0,207.6361939021034,-36.263997440493995,0.1422685015644752,-0.9898281029868767,0.9852519827366395,0.9852519827366395,0.9852519827366395,0.13986189666361723,0.14138256748628977,0.15634660278044438,0.4999999999999982,0,0.896450600225409,True,
M5_UNEQUAL_WIDTH,2.5166666666666626,150,O12,0,C1,214.641572827652,33.95709926573498,0.1539009563484607,0.9880862794488289,-0.992158715263157,-0.992158715263157,0.992158715263157,0.9406899513143058,0.955617270689827,0.3230470470640882,0.4999999999999982,0,0.3035424075017237,False,
M5_UNEQUAL_WIDTH,2.5166666666666626,150,O12,0,C2,265.06094151319854,-9.398428746959773,0.9816455884578474,0.19071428541471797,-0.21929591061824838,-0.21929591061824838,0.21929591061824838,0.7275533276679181,0.7303280577528346,0.4712743152244818,0.09999999999999964,0,0.4613421369137125,False,
M5_UNEQUAL_WIDTH,2.5166666666666626,150,O13,1,C0,207.6361939021034,-36.263997440493995,0.1422685015644752,-0.9898281029868767,0.9997655012670436,0.9997655012670436,0.9997655012670436,0.13676095725349044,0.13676175099975169,0.25434009743315195,0.4999999999999982,0,0.9055956044380216,True,
M5_UNEQUAL_WIDTH,2.5166666666666626,150,O13,1,C1,214.641572827652,33.95709926573498,0.1539009563484607,0.9880862794488289,-0.9622590641677443,-0.9622590641677443,0.9622590641677443,0.8351294121755344,0.8649296030070256,0.42104054171679584,0.4999999999999982,0,0.42352050646786843,False,
M5_UNEQUAL_WIDTH,2.5166666666666626,150,O13,1,C2,265.06094151319854,-9.398428746959773,0.9816455884578474,0.19071428541471797,-0.0707345370808865,-0.0707345370808865,0.0707345370808865,0.6322660662914742,0.8341824361001697,0.5692678098771895,0.09999999999999964,0,0.5635545624913867,False,
M5_UNEQUAL_WIDTH,2.5166666666666626,150,O14,5,C0,207.6361939021034,-36.263997440493995,0.1422685015644752,-0.9898281029868767,0.016872469843708535,0.016872469843708535,0.016872469843708535,0.7767124539978593,0.8856307425762984,0.3229988178189282,0.4999999999999982,0,0.3496675605919085,False,
M5_UNEQUAL_WIDTH,2.5166666666666626,150,O14,5,C1,214.641572827652,33.95709926573498,0.1539009563484607,0.9880862794488289,0.27673490185553706,0.27673490185553706,0.27673490185553706,0.8218729563832848,0.8255137110212428,0.15629837353528434,0.4999999999999982,0,0.20022557673307417,False,
M5_UNEQUAL_WIDTH,2.5166666666666626,150,O14,5,C2,265.06094151319854,-9.398428746959773,0.9816455884578474,0.19071428541471797,0.9978221208055643,0.9978221208055643,0.9978221208055643,0.031834251734485834,0.0361716950484814,0.008071105374890732,0.09999999999999964,0,0.9638001840115082,True,
M5_UNEQUAL_WIDTH,2.5166666666666626,150,O15,9,C0,207.6361939021034,-36.263997440493995,0.1422685015644752,-0.9898281029868767,-0.953857506962295,-0.953857506962295,0.953857506962295,0.8367407877529084,0.83731507192214,0.11075053653534979,0.4999999999999982,0,0.2994065244470808,False,
M5_UNEQUAL_WIDTH,2.5166666666666626,150,O15,9,C1,214.641572827652,33.95709926573498,0.1539009563484607,0.9880862794488289,0.999970378730349,0.999970378730349,0.999970378730349,0.041209424970776586,0.04137718699040014,0.05594990774829408,0.4999999999999982,0,0.9619692204877552,True,
M5_UNEQUAL_WIDTH,2.5166666666666626,150,O15,9,C2,265.06094151319854,-9.398428746959773,0.9816455884578474,0.19071428541471797,0.3467479691977807,0.3467479691977807,0.3467479691977807,0.7558113965753716,0.8113935107208018,0.2041771759086877,0.09999999999999964,0,0.3024873170061607,False,
M5_UNEQUAL_WIDTH,2.6166666666666623,156,O16,0,C0,207.6361939021034,-36.263997440493995,0.1422685015644752,-0.9898281029868767,0.9999999938042438,0.9999999938042438,0.9999999938042438,0.0006380653429537737,0.0010214021230470717,0.0020373090152711526,0.5999999999999979,0,0.999466664969434,True,
M5_UNEQUAL_WIDTH,2.6166666666666623,156,O16,0,C1,214.641572827652,33.95709926573498,0.1539009563484607,0.9880862794488289,-0.9561729090077863,-0.9561729090077863,0.9561729090077863,0.8399767023047604,0.8428293971498582,0.16873775329891502,0.5999999999999979,0,0.2978947922095945,False,
M5_UNEQUAL_WIDTH,2.6166666666666623,156,O16,0,C2,265.06094151319854,-9.398428746959773,0.9816455884578474,0.19071428541471797,-0.04922829491797312,-0.04922829491797312,0.04922829491797312,0.7541371302666154,0.8594168770431088,0.3169650214593086,0.1999999999999993,0,0.3696448900362538,False,
M5_UNEQUAL_WIDTH,2.6166666666666623,156,O17,5,C0,207.6361939021034,-36.263997440493995,0.1422685015644752,-0.9898281029868767,0.14443000880336657,0.14443000880336657,0.14443000880336657,0.7227800747194484,0.722887283035633,0.5394041675979937,0.5999999999999979,0,0.39482452389110645,False,
M5_UNEQUAL_WIDTH,2.6166666666666623,156,O17,5,C1,214.641572827652,33.95709926573498,0.1539009563484607,0.9880862794488289,0.15174254697706765,0.15174254697706765,0.15174254697706765,0.6628879964158325,0.6649091009560164,0.37270372331434987,0.5999999999999979,0,0.3549357465695743,False,
M5_UNEQUAL_WIDTH,2.6166666666666623,156,O17,5,C2,265.06094151319854,-9.398428746959773,0.9816455884578474,0.19071428541471797,0.9812267152250865,0.9812267152250865,0.9812267152250865,0.12935517536642957,0.13799432024286284,0.22447645515395626,0.1999999999999993,0,0.8529058077293785,True,
M5_UNEQUAL_WIDTH,2.6166666666666623,156,O18,9,C0,207.6361939021034,-36.263997440493995,0.1422685015644752,-0.9898281029868767,-0.950722571539407,-0.950722571539407,0.950722571539407,0.8326286329399518,0.8356457778443313,0.17470048521302925,0.5999999999999979,0,0.30284958456150146,False,
M5_UNEQUAL_WIDTH,2.6166666666666623,156,O18,9,C1,214.641572827652,33.95709926573498,0.1539009563484607,0.9880862794488289,0.9998385398019685,0.9998385398019685,0.9998385398019685,0.011986920473285513,0.015549218982628024,0.008000040929385391,0.5999999999999979,0,0.9883353840349535,True,
M5_UNEQUAL_WIDTH,2.6166666666666623,156,O18,9,C2,265.06094151319854,-9.398428746959773,0.9816455884578474,0.19071428541471797,0.35636542108575464,0.35636542108575464,0.35636542108575464,0.7796700328109533,0.7876482914562214,0.14022722723100822,0.1999999999999993,0,0.23534092569834186,False,
M5_UNEQUAL_WIDTH,2.716666666666662,162,O19,0,C0,207.6361939021034,-36.263997440493995,0.1422685015644752,-0.9898281029868767,0.9863485820284184,0.9863485820284184,0.9863485820284184,0.1348050809203902,0.13541958887176347,0.1609592884046231,0.6999999999999975,0,0.9005341939599026,True,
M5_UNEQUAL_WIDTH,2.716666666666662,162,O19,0,C1,214.641572827652,33.95709926573498,0.1539009563484607,0.9880862794488289,-0.9913212071654419,-0.9913212071654419,0.9913212071654419,0.936310876576223,0.9517248622591911,0.327659732688267,0.6999999999999975,0,0.3091438734585751,False,
M5_UNEQUAL_WIDTH,2.716666666666662,162,O19,0,C2,265.06094151319854,-9.398428746959773,0.9816455884578474,0.19071428541471797,-0.21291864799262208,-0.21291864799262208,0.21291864799262208,0.7272330206625282,0.7280663304990593,0.4758870008486606,0.29999999999999893,0,0.4634117788046075,False,
M5_UNEQUAL_WIDTH,2.716666666666662,162,O20,5,C0,207.6361939021034,-36.263997440493995,0.1422685015644752,-0.9898281029868767,0.002276012086418394,0.002276012086418394,0.002276012086418394,0.7728656405927704,0.8772735382755805,0.3300943951680187,0.6999999999999975,0,0.35288845338537733,False,
M5_UNEQUAL_WIDTH,2.716666666666662,162,O20,5,C1,214.641572827652,33.95709926573498,0.1539009563484607,0.9880862794488289,0.2907321004947391,0.2907321004947391,0.2907321004947391,0.8144006655485322,0.8168080732450141,0.16339395088437483,0.6999999999999975,0,0.20749695249307665,False,
M5_UNEQUAL_WIDTH,2.716666666666662,162,O20,5,C2,265.06094151319854,-9.398428746959773,0.9816455884578474,0.19071428541471797,0.9986786481074125,0.9986786481074125,0.9986786481074125,0.024603687654506882,0.025996932232997712,0.015166682723981225,0.29999999999999893,0,0.9720223056235168,True,
M5_UNEQUAL_WIDTH,2.716666666666662,162,O21,9,C0,207.6361939021034,-36.263997440493995,0.1422685015644752,-0.9898281029868767,-0.9535170286536707,-0.9535170286536707,0.9535170286536707,0.8355754196723698,0.8363764081502195,0.11819313365764912,0.6999999999999975,0,0.30038227378999927,False,
M5_UNEQUAL_WIDTH,2.716666666666662,162,O21,9,C1,214.641572827652,33.95709926573498,0.1539009563484607,0.9880862794488289,0.9999610259750813,0.9999610259750813,0.9999610259750813,0.033288526547165215,0.03345696995987903,0.04850731062599475,0.6999999999999975,0,0.9690666826629462,True,
M5_UNEQUAL_WIDTH,2.716666666666662,162,O21,9,C2,265.06094151319854,-9.398428746959773,0.9816455884578474,0.19071428541471797,0.3478094326083777,0.3478094326083777,0.3478094326083777,0.7618561278529208,0.8072232253311985,0.19673457878638836,0.29999999999999893,0,0.2920462449828557,False,
M5_UNEQUAL_WIDTH,2.8166666666666615,168,O22,0,C0,207.6361939021034,-36.263997440493995,0.1422685015644752,-0.9898281029868767,0.9854341995132566,0.9854341995132566,0.9854341995132566,0.13678722890536843,0.13703162539461658,0.16319957423222456,0.7999999999999972,0,0.8992382263684222,True,
M5_UNEQUAL_WIDTH,2.8166666666666615,168,O22,0,C1,214.641572827652,33.95709926573498,0.1539009563484607,0.9880862794488289,-0.992024641313626,-0.992024641313626,0.992024641313626,0.9400327387661972,0.9555438222748235,0.3299000185158684,0.7999999999999972,0,0.30754232841897866,False,
M5_UNEQUAL_WIDTH,2.8166666666666615,168,O22,0,C2,265.06094151319854,-9.398428746959773,0.9816455884578474,0.19071428541471797,-0.2182535900568069,-0.2182535900568069,0.2182535900568069,0.7304138892438924,0.7327290918431152,0.47812728667626203,0.3999999999999986,0,0.4619541637452902,False,
M5_UNEQUAL_WIDTH,2.8166666666666615,168,O23,1,C0,207.6361939021034,-36.263997440493995,0.1422685015644752,-0.9898281029868767,0.9999927207974478,0.9999927207974478,0.9999927207974478,0.002628878708302866,0.0030595162864763487,0.00047275739872176814,0.7999999999999972,0,0.9977997409131436,True,
M5_UNEQUAL_WIDTH,2.8166666666666615,168,O23,1,C1,214.641572827652,33.95709926573498,0.1539009563484607,0.9880862794488289,-0.9550157427502308,-0.9550157427502308,0.9550157427502308,0.8377091234937006,0.8404701054972141,0.16717320168236563,0.7999999999999972,0,0.2988732780678979,False,
M5_UNEQUAL_WIDTH,2.8166666666666615,168,O23,1,C2,265.06094151319854,-9.398428746959773,0.9816455884578474,0.19071428541471797,-0.04530581926326713,-0.04530581926326713,0.04530581926326713,0.7526045322253846,0.8605031133401452,0.31540046984275927,0.3999999999999986,0,0.37010218249772353,False,
M5_UNEQUAL_WIDTH,2.8166666666666615,168,O24,7,C0,207.6361939021034,-36.263997440493995,0.1422685015644752,-0.9898281029868767,-0.04974453916463728,-0.04974453916463728,0.04974453916463728,0.7507561828596826,0.8624670806504917,0.3046369049141475,0.7999999999999972,0,0.37140044905062086,False,
M5_UNEQUAL_WIDTH,2.8166666666666615,168,O24,7,C1,214.641572827652,33.95709926573498,0.1539009563484607,0.9880862794488289,0.3401091761202194,0.3401091761202194,0.3401091761202194,0.794684515168628,0.7947234777621395,0.13793646063050366,0.7999999999999972,0,0.22668297470814291,False,
M5_UNEQUAL_WIDTH,2.8166666666666615,168,O24,7,C2,265.06094151319854,-9.398428746959773,0.9816455884578474,0.19071428541471797,0.9999998026857131,0.9999998026857131,0.9999998026857131,0.006509595052711946,0.007184865661062594,0.010290807529889957,0.3999999999999986,0,0.9926833367234968,True,
M5_UNEQUAL_WIDTH,2.8166666666666615,168,O25,10,C0,207.6361939021034,-36.263997440493995,0.1422685015644752,-0.9898281029868767,0.14941829617658361,0.14941829617658361,0.14941829617658361,0.7279363036058535,0.7284949715423514,0.533739302417462,0.7999999999999972,0,0.390507272516312,False,
M5_UNEQUAL_WIDTH,2.8166666666666615,168,O25,10,C1,214.641572827652,33.95709926573498,0.1539009563484607,0.9880862794488289,0.14675601538944466,0.14675601538944466,0.14675601538944466,0.6592258757624447,0.6592879051124347,0.36703885813381815,0.7999999999999972,0,0.3584994000646179,False,
M5_UNEQUAL_WIDTH,2.8166666666666615,168,O25,10,C2,265.06094151319854,-9.398428746959773,0.9816455884578474,0.19071428541471797,0.9802416560841996,0.9802416560841996,0.9802416560841996,0.13383481664802085,0.1349588871580925,0.21881158997342456,0.3999999999999986,0,0.8478118544792574,True,
M5_UNEQUAL_WIDTH,2.8166666666666615,168,O26,14,C0,207.6361939021034,-36.263997440493995,0.1422685015644752,-0.9898281029868767,-0.953998085757421,-0.953998085757421,0.953998085757421,0.8376077595177505,0.8403933083932787,0.17016469238457685,0.7999999999999972,0,0.29868061892074915,False,
M5_UNEQUAL_WIDTH,2.8166666666666615,168,O26,14,C1,214.641572827652,33.95709926573498,0.1539009563484607,0.9880862794488289,0.9999738752518887,0.9999738752518887,0.9999738752518887,0.008933005147414321,0.00979608090671684,0.00346424810093299,0.7999999999999972,0,0.9913071856369953,True,
M5_UNEQUAL_WIDTH,2.8166666666666615,168,O26,14,C2,265.06094151319854,-9.398428746959773,0.9816455884578474,0.19071428541471797,0.34630846063890086,0.34630846063890086,0.34630846063890086,0.7831565373629259,0.7840880476878114,0.14476302005946062,0.3999999999999986,0,0.23532318502548366,False,
M5_UNEQUAL_WIDTH,2.916666666666661,174,O27,2,C0,207.6361939021034,-36.263997440493995,0.1422685015644752,-0.9898281029868767,0.015014027261098961,0.015014027261098961,0.015014027261098961,0.7743745740989535,0.8858782941270501,0.3186495179176552,0.8999999999999968,0,0.3516250406475878,False,
M5_UNEQUAL_WIDTH,2.916666666666661,174,O27,2,C1,214.641572827652,33.95709926573498,0.1539009563484607,0.9880862794488289,0.2785205136093323,0.2785205136093323,0.2785205136093323,0.8219236213764674,0.8253180925840198,0.15194907363401133,0.8999999999999968,0,0.20017627402103377,False,
M5_UNEQUAL_WIDTH,2.916666666666661,174,O27,2,C2,265.06094151319854,-9.398428746959773,0.9816455884578474,0.19071428541471797,0.997942999763338,0.997942999763338,0.997942999763338,0.03117261558189625,0.036879920545910196,0.003721805473617731,0.4999999999999982,0,0.9645525531004645,True,
M5_UNEQUAL_WIDTH,2.916666666666661,174,O28,5,C0,207.6361939021034,-36.263997440493995,0.1422685015644752,-0.9898281029868767,0.23674272575211527,0.23674272575211527,0.23674272575211527,0.7474280327162793,0.7486512030464718,0.5341964745639257,0.8999999999999968,0,0.37418707103709137,False,
M5_UNEQUAL_WIDTH,2.916666666666661,174,O28,5,C1,214.641572827652,33.95709926573498,0.1539009563484607,0.9880862794488289,0.058223074851976406,0.058223074851976406,0.058223074851976406,0.687288452034653,0.6901960790715478,0.3674960302802818,0.8999999999999968,0,0.33119137078932104,False,
M5_UNEQUAL_WIDTH,2.916666666666661,174,O28,5,C2,265.06094151319854,-9.398428746959773,0.9816455884578474,0.19071428541471797,0.9587715945639181,0.9587715945639181,0.9587715945639181,0.10938811217003759,0.15953355951703,0.21926876211988822,0.4999999999999982,0,0.8756110379188151,True,
M5_UNEQUAL_WIDTH,2.916666666666661,174,O29,9,C0,207.6361939021034,-36.263997440493995,0.1422685015644752,-0.9898281029868767,-0.9539907085211373,-0.9539907085211373,0.9539907085211373,0.8361265496477943,0.8366793155143255,0.10780299557222167,0.8999999999999968,0,0.2999208189755388,False,
M5_UNEQUAL_WIDTH,2.916666666666661,174,O29,9,C1,214.641572827652,33.95709926573498,0.1539009563484607,0.9880862794488289,0.9999736970946754,0.9999736970946754,0.9999736970946754,0.03707374637286794,0.03718478830606116,0.0588974487114222,0.8999999999999968,0,0.9658787141135194,True,
M5_UNEQUAL_WIDTH,2.916666666666661,174,O29,9,C2,265.06094151319854,-9.398428746959773,0.9816455884578474,0.19071428541471797,0.34633154316955295,0.34633154316955295,0.34633154316955295,0.7589548709044267,0.8122111472711419,0.2071247168718158,0.4999999999999982,0,0.30148639782412145,False,
M5_UNEQUAL_WIDTH,3.016666666666661,180,O30,0,C0,207.6361939021034,-36.263997440493995,0.1422685015644752,-0.9898281029868767,0.9842579925661068,0.9842579925661068,0.9842579925661068,0.142620661810322,0.14411078886743756,0.1564920253206897,0.9999999999999964,0,0.8944194637534975,True,
M5_UNEQUAL_WIDTH,3.016666666666661,180,O30,0,C1,214.641572827652,33.95709926573498,0.1539009563484607,0.9880862794488289,-0.9928568036545675,-0.9928568036545675,0.9928568036545675,0.9446533972545046,0.9594921120117038,0.32319246960433357,0.9999999999999964,0,0.30068328821909385,False,
M5_UNEQUAL_WIDTH,3.016666666666661,180,O30,0,C2,265.06094151319854,-9.398428746959773,0.9816455884578474,0.19071428541471797,-0.22486826293425732,-0.22486826293425732,0.22486826293425732,0.7301680626031006,0.7343974730382831,0.4714197377647272,0.5999999999999979,0,0.45946446593949386,False,
M5_UNEQUAL_WIDTH,3.016666666666661,180,O31,1,C0,207.6361939021034,-36.263997440493995,0.1422685015644752,-0.9898281029868767,0.999989163465814,0.999989163465814,0.999989163465814,0.0059681243125466795,0.0076662533495216855,0.008037524985980548,0.9999999999999964,0,0.9950029578862915,True,
M5_UNEQUAL_WIDTH,3.016666666666661,180,O31,1,C1,214.641572827652,33.95709926573498,0.1539009563484607,0.9880862794488289,-0.9574935629989024,-0.9574935629989024,0.9574935629989024,0.8430422101097867,0.8456058420155379,0.15866291929766332,0.9999999999999964,0,0.2893479207951417,False,
M5_UNEQUAL_WIDTH,3.016666666666661,180,O31,1,C2,265.06094151319854,-9.398428746959773,0.9816455884578474,0.19071428541471797,-0.053766382847933725,-0.053766382847933725,0.053766382847933725,0.7517735116593206,0.8533883590049021,0.3068901874580569,0.5999999999999979,0,0.36628391467817445,False,
M5_UNEQUAL_WIDTH,3.016666666666661,180,O32,4,C0,207.6361939021034,-36.263997440493995,0.1422685015644752,-0.9898281029868767,0.30274913381809454,0.30274913381809454,0.30274913381809454,0.6493417436911552,0.6568890957753197,0.18048483459669706,0.9999999999999964,0,0.4563135971226019,False,
M5_UNEQUAL_WIDTH,3.016666666666661,180,O32,4,C1,214.641572827652,33.95709926573498,0.1539009563484607,0.9880862794488289,-0.010307743334326547,-0.010307743334326547,0.010307743334326547,0.7189646248855569,0.7262482502789682,0.013784390313053188,0.9999999999999964,0,0.3003669073775811,False,
M5_UNEQUAL_WIDTH,3.016666666666661,180,O32,4,C2,265.06094151319854,-9.398428746959773,0.9816455884578474,0.19071428541471797,0.9370497877021312,0.9370497877021312,0.9370497877021312,1.186878705811491,1.1897322240958925,0.1344428778473404,0.5999999999999979,0,0.0,False,
M5_UNEQUAL_WIDTH,3.016666666666661,180,O33,7,C0,207.6361939021034,-36.263997440493995,0.1422685015644752,-0.9898281029868767,-0.01953613473825133,-0.01953613473825133,0.01953613473825133,0.7594460909540434,0.874454955800866,0.31045214264678495,0.9999999999999964,0,0.3641244885582283,False,
M5_UNEQUAL_WIDTH,3.016666666666661,180,O33,7,C1,214.641572827652,33.95709926573498,0.1539009563484607,0.9880862794488289,0.31153243072192327,0.31153243072192327,0.31153243072192327,0.8113885781680414,0.8119801944308589,0.14375169836314108,0.9999999999999964,0,0.21042805082019833,False,
M5_UNEQUAL_WIDTH,3.016666666666661,180,O33,7,C2,265.06094151319854,-9.398428746959773,0.9816455884578474,0.19071428541471797,0.9995619666247938,0.9995619666247938,0.9995619666247938,0.020154488037069634,0.023865977826710023,0.004475569797252531,0.5999999999999979,0,0.977197690942253,True,
M5_UNEQUAL_WIDTH,3.016666666666661,180,O34,10,C0,207.6361939021034,-36.263997440493995,0.1422685015644752,-0.9898281029868767,0.19017973484782766,0.19017973484782766,0.19017973484782766,0.733247374221333,0.73801042028295,0.5317468788505224,0.9999999999999964,0,0.38606037393569137,False,
M5_UNEQUAL_WIDTH,3.016666666666661,180,O34,10,C1,214.641572827652,33.95709926573498,0.1539009563484607,0.9880862794488289,0.1057247375466589,0.1057247375466589,0.1057247375466589,0.6766830375208022,0.6771324941483388,0.3650464345668785,0.9999999999999964,0,0.3415116267491317,False,
M5_UNEQUAL_WIDTH,3.016666666666661,180,O34,10,C2,265.06094151319854,-9.398428746959773,0.9816455884578474,0.19071428541471797,0.971223264974676,0.971223264974676,0.971223264974676,0.11671588572068359,0.14285686379332904,0.2168191664064849,0.5999999999999979,0,0.8672783760943388,True,
M5_UNEQUAL_WIDTH,3.016666666666661,180,O35,14,C0,207.6361939021034,-36.263997440493995,0.1422685015644752,-0.9898281029868767,-0.952537984175615,-0.952537984175615,0.952537984175615,0.8340701699799983,0.8355526392618062,0.13888792653201928,0.9999999999999964,0,0.3016426021126877,False,
M5_UNEQUAL_WIDTH,3.016666666666661,180,O35,14,C1,214.641572827652,33.95709926573498,0.1539009563484607,0.9880862794488289,0.9999272633896112,0.9999272633896112,0.9999272633896112,0.02240875128914965,0.022764438095290638,0.02781251775162459,0.9999999999999964,0,0.978768402274368,True,
M5_UNEQUAL_WIDTH,3.016666666666661,180,O35,14,C2,265.06094151319854,-9.398428746959773,0.9816455884578474,0.19071428541471797,0.35083824599399843,0.35083824599399843,0.35083824599399843,0.770423586419614,0.7971808485468271,0.1760397859120182,0.5999999999999979,0,0.2700475160737692,False,
M5_UNEQUAL_WIDTH,3.1166666666666605,186,O36,1,C0,207.6361939021034,-36.263997440493995,0.1422685015644752,-0.9898281029868767,0.9839038314233951,0.9839038314233951,0.9839038314233951,0.14286842514919842,0.14393822637756756,0.15962576751511953,1.099999999999996,0,0.8944808385475844,True,
M5_UNEQUAL_WIDTH,3.1166666666666605,186,O36,1,C1,214.641572827652,33.95709926573498,0.1539009563484607,0.9880862794488289,-0.9930925998709291,-0.9930925998709291,0.9930925998709291,0.9459351370098391,0.9610050744350657,0.3263262117987634,1.099999999999996,0,0.3013551990832313,False,
M5_UNEQUAL_WIDTH,3.1166666666666605,186,O36,1,C2,265.06094151319854,-9.398428746959773,0.9816455884578474,0.19071428541471797,-0.22680960066969974,-0.22680960066969974,0.22680960066969974,0.731859759642771,0.7368040408126635,0.474553479959157,0.6999999999999975,0,0.4594660922619903,False,
M5_UNEQUAL_WIDTH,3.1166666666666605,186,O37,2,C0,207.6361939021034,-36.263997440493995,0.1422685015644752,-0.9898281029868767,0.9952855448063426,0.9952855448063426,0.9952855448063426,0.058190451681607296,0.06098567704917572,0.01506996239770483,1.099999999999996,0,0.951277801459763,True,
M5_UNEQUAL_WIDTH,3.1166666666666605,186,O37,2,C1,214.641572827652,33.95709926573498,0.1539009563484607,0.9880862794488289,-0.9800413093937757,-0.9800413093937757,0.9800413093937757,0.8975768506590239,0.9004733760518462,0.15163048188593903,1.099999999999996,0,0.23886525865734398,False,
M5_UNEQUAL_WIDTH,3.1166666666666605,186,O37,2,C2,265.06094151319854,-9.398428746959773,0.9816455884578474,0.19071428541471797,-0.1457565526002335,-0.1457565526002335,0.1457565526002335,0.7778503444792261,0.8214587178911217,0.29985775004633264,0.6999999999999975,0,0.3403919449194861,False,
M5_UNEQUAL_WIDTH,3.1166666666666605,186,O38,3,C0,207.6361939021034,-36.263997440493995,0.1422685015644752,-0.9898281029868767,0.9999967289526963,0.9999967289526963,0.9999967289526963,0.0077620445935571184,0.007825690261250103,0.003280014088499597,1.099999999999996,0,0.9935187286205327,True,
M5_UNEQUAL_WIDTH,3.1166666666666605,186,O38,3,C1,214.641572827652,33.95709926573498,0.1539009563484607,0.9880862794488289,-0.9568863695914206,-0.9568863695914206,0.9568863695914206,0.8406644869540458,0.8437159743734478,0.16998045837214346,1.099999999999996,0,0.2980490367766754,False,
M5_UNEQUAL_WIDTH,3.1166666666666605,186,O38,3,C2,265.06094151319854,-9.398428746959773,0.9816455884578474,0.19071428541471797,-0.05167161438024942,-0.05167161438024942,0.05167161438024942,0.7483641393499043,0.853276484606605,0.3182077265325371,0.6999999999999975,0,0.3751194006519565,False,
M5_UNEQUAL_WIDTH,3.1166666666666605,186,O39,6,C0,207.6361939021034,-36.263997440493995,0.1422685015644752,-0.9898281029868767,-0.3061809691648233,-0.3061809691648233,0.3061809691648233,0.6500133206318501,0.6551614892167987,0.17998333216261436,1.099999999999996,0,0.45575129344400844,False,
M5_UNEQUAL_WIDTH,3.1166666666666605,186,O39,6,C1,214.641572827652,33.95709926573498,0.1539009563484607,0.9880862794488289,0.013910367600009771,0.013910367600009771,0.013910367600009771,0.7196030051370249,0.7278092710138117,0.013282887878970499,1.099999999999996,0,0.29974569190446276,False,
M5_UNEQUAL_WIDTH,3.1166666666666605,186,O39,6,C2,265.06094151319854,-9.398428746959773,0.9816455884578474,0.19071428541471797,-0.9357855944675955,-0.9357855944675955,0.9357855944675955,1.1877075594658495,1.1905665757012116,0.1349443802814231,0.6999999999999975,0,0.0,False,
M5_UNEQUAL_WIDTH,3.1166666666666605,186,O40,16,C0,207.6361939021034,-36.263997440493995,0.1422685015644752,-0.9898281029868767,-0.04756287267987033,-0.04756287267987033,0.04756287267987033,0.7484424498874452,0.8669261117633892,0.29452368675277285,1.099999999999996,0,0.3733377111612375,False,
M5_UNEQUAL_WIDTH,3.1166666666666605,186,O40,16,C1,214.641572827652,33.95709926573498,0.1539009563484607,0.9880862794488289,0.33805432490672593,0.33805432490672593,0.33805432490672593,0.7994058551845704,0.7994956090520459,0.127823242469129,1.099999999999996,0,0.2220885821576033,False,
M5_UNEQUAL_WIDTH,3.1166666666666605,186,O40,16,C2,265.06094151319854,-9.398428746959773,0.9816455884578474,0.19071428541471797,0.9999987893404186,0.9999987893404186,0.9999987893404186,0.013005731274373171,0.013360532999352073,0.02040402569126461,0.6999999999999975,0,0.9855460993979019,True,
M5_UNEQUAL_WIDTH,3.1166666666666605,186,O41,20,C0,207.6361939021034,-36.263997440493995,0.1422685015644752,-0.9898281029868767,0.1483183421062083,0.1483183421062083,0.1483183421062083,0.6948969076902473,0.7839735624349974,0.41449297550089087,1.099999999999996,0,0.41817078020409415,False,
M5_UNEQUAL_WIDTH,3.1166666666666605,186,O41,20,C1,214.641572827652,33.95709926573498,0.1539009563484607,0.9880862794488289,0.14785622966119644,0.14785622966119644,0.14785622966119644,0.6997438892010225,0.6998092866361185,0.24779253121724698,1.099999999999996,0,0.3190708356154822,False,
M5_UNEQUAL_WIDTH,3.1166666666666605,186,O41,20,C2,265.06094151319854,-9.398428746959773,0.9816455884578474,0.19071428541471797,0.9804610763284193,0.9804610763284193,0.9804610763284193,0.09665645053335718,0.09801521007781021,0.09956526305685338,0.6999999999999975,0,0.8900886456326569,True,
M5_UNEQUAL_WIDTH,3.1166666666666605,186,O42,23,C0,207.6361939021034,-36.263997440493995,0.1422685015644752,-0.9898281029868767,0.13772393343336725,0.13772393343336725,0.13772393343336725,0.7290570057254799,0.7308135756470717,0.5280804027785183,1.099999999999996,0,0.3895689214707544,False,
M5_UNEQUAL_WIDTH,3.1166666666666605,186,O42,23,C1,214.641572827652,33.95709926573498,0.1539009563484607,0.9880862794488289,0.15843441038546385,0.15843441038546385,0.15843441038546385,0.665343799754294,0.6654757327860431,0.3613799584948745,1.099999999999996,0,0.3525459749103167,False,
M5_UNEQUAL_WIDTH,3.1166666666666605,186,O42,23,C2,265.06094151319854,-9.398428746959773,0.9816455884578474,0.19071428541471797,0.9825105808619694,0.9825105808619694,0.9825105808619694,0.12770466200867897,0.12983297679329361,0.21315269033448084,0.6999999999999975,0,0.8547826628958026,True,
M5_UNEQUAL_WIDTH,3.1166666666666605,186,O43,27,C0,207.6361939021034,-36.263997440493995,0.1422685015644752,-0.9898281029868767,-0.9536662326954202,-0.9536662326954202,0.9536662326954202,0.8368178739150485,0.8395271778219996,0.16798476385214503,1.099999999999996,0,0.29934198108665044,False,
M5_UNEQUAL_WIDTH,3.1166666666666605,186,O43,27,C1,214.641572827652,33.95709926573498,0.1539009563484607,0.9880862794488289,0.9999652780662528,0.9999652780662528,0.9999652780662528,0.008777590314966036,0.009760872400153353,0.0012843195685011636,1.099999999999996,0,0.9914584216729581,True,
M5_UNEQUAL_WIDTH,3.1166666666666605,186,O43,27,C2,265.06094151319854,-9.398428746959773,0.9816455884578474,0.19071428541471797,0.3473448027893459,0.3473448027893459,0.3473448027893459,0.7830656494125376,0.7849433284836363,0.14694294859189244,0.6999999999999975,0,0.23703588977107093,False,
M5_UNEQUAL_WIDTH,3.21666666666666,192,O44,1,C0,207.6361939021034,-36.263997440493995,0.1422685015644752,-0.9898281029868767,0.9836200939060435,0.9836200939060435,0.9836200939060435,0.1439923329721521,0.1451610774963967,0.15963835051230088,1.1999999999999957,0,0.8936517357749998,True,
M5_UNEQUAL_WIDTH,3.21666666666666,192,O44,1,C1,214.641572827652,33.95709926573498,0.1539009563484607,0.9880862794488289,-0.9932768529961401,-0.9932768529961401,0.9932768529961401,0.9470101347837395,0.9620580384492657,0.32633879479594474,1.1999999999999957,0,0.30056773191381003,False,
M5_UNEQUAL_WIDTH,3.21666666666666,192,O44,1,C2,265.06094151319854,-9.398428746959773,0.9816455884578474,0.19071428541471797,-0.22834903445855073,-0.22834903445855073,0.22834903445855073,0.7321101471288239,0.7376735725656256,0.47456606295633835,0.7999999999999972,0,0.45928618724638826,False,
M5_UNEQUAL_WIDTH,3.21666666666666,192,O45,2,C0,207.6361939021034,-36.263997440493995,0.1422685015644752,-0.9898281029868767,0.9953660241804124,0.9953660241804124,0.9953660241804124,0.05772469039255245,0.06076523450649888,0.015979402011979005,1.1999999999999957,0,0.9516677780511436,True,
M5_UNEQUAL_WIDTH,3.21666666666666,192,O45,2,C1,214.641572827652,33.95709926573498,0.1539009563484607,0.9880862794488289,-0.9798753042151627,-0.9798753042151627,0.9798753042151627,0.8971079621534604,0.8999646280852198,0.15072104227166486,1.1999999999999957,0,0.23867574178967366,False,
M5_UNEQUAL_WIDTH,3.21666666666666,192,O45,2,C2,265.06094151319854,-9.398428746959773,0.9816455884578474,0.19071428541471797,-0.14493205205631113,-0.14493205205631113,0.14493205205631113,0.7776001518268442,0.8216554817036185,0.2989483104320585,0.7999999999999972,0,0.34009519060255544,False,
M5_UNEQUAL_WIDTH,3.21666666666666,192,O46,3,C0,207.6361939021034,-36.263997440493995,0.1422685015644752,-0.9898281029868767,0.9999907232493519,0.9999907232493519,0.9999907232493519,0.00655880723829585,0.007011721049918403,0.00018308483180768626,1.1999999999999957,0,0.9945092275467001,True,
M5_UNEQUAL_WIDTH,3.21666666666666,192,O46,3,C1,214.641572827652,33.95709926573498,0.1539009563484607,0.9880862794488289,-0.9548697723288722,-0.9548697723288722,0.9548697723288722,0.8369877689871043,0.8398147416467284,0.16688352911545157,1.1999999999999957,0,0.2993071424832062,False,
M5_UNEQUAL_WIDTH,3.21666666666666,192,O46,3,C2,265.06094151319854,-9.398428746959773,0.9816455884578474,0.19071428541471797,-0.04481448808646929,-0.04481448808646929,0.04481448808646929,0.7481887823273214,0.8572069702556723,0.3151107972758452,0.7999999999999972,0,0.37364612091599325,False,
M5_UNEQUAL_WIDTH,3.21666666666666,192,O47,6,C0,207.6361939021034,-36.263997440493995,0.1422685015644752,-0.9898281029868767,-0.31298251804804217,-0.31298251804804217,0.31298251804804217,0.6467959017214907,0.6523815541707351,0.1787203274243198,1.1999999999999957,0,0.4584452014376319,False,
M5_UNEQUAL_WIDTH,3.21666666666666,192,O47,6,C1,214.641572827652,33.95709926573498,0.1539009563484607,0.9880862794488289,0.021062231981418017,0.021062231981418017,0.021062231981418017,0.7162111335629274,0.7315411989483663,0.012019883140675956,1.1999999999999957,0,0.30304636278175623,False,
M5_UNEQUAL_WIDTH,3.21666666666666,192,O47,6,C2,265.06094151319854,-9.398428746959773,0.9816455884578474,0.19071428541471797,-0.9332397554054708,-0.9332397554054708,0.9332397554054708,1.183533645495726,1.1864297683211424,0.13620738501971766,0.7999999999999972,0,0.0,False,
M5_UNEQUAL_WIDTH,3.21666666666666,192,O48,16,C0,207.6361939021034,-36.263997440493995,0.1422685015644752,-0.9898281029868767,-0.05384253423834534,-0.05384253423834534,0.05384253423834534,0.744765612441812,0.8640700791263052,0.29852998914163786,1.1999999999999957,0,0.37641628503116575,False,
M5_UNEQUAL_WIDTH,3.21666666666666,192,O48,16,C1,214.641572827652,33.95709926573498,0.1539009563484607,0.9880862794488289,0.34396518086483563,0.34396518086483563,0.34396518086483563,0.8010355151461277,0.8029096162780847,0.13182954485799397,1.1999999999999957,0,0.22050274051899865,False,
M5_UNEQUAL_WIDTH,3.21666666666666,192,O48,16,C2,265.06094151319854,-9.398428746959773,0.9816455884578474,0.19071428541471797,0.9999888055268116,0.9999888055268116,0.9999888055268116,0.017860306550179426,0.01860892132545468,0.01639772330239962,0.7999999999999972,0,0.9800622031873473,True,
M5_UNEQUAL_WIDTH,3.21666666666666,192,O49,20,C0,207.6361939021034,-36.263997440493995,0.1422685015644752,-0.9898281029868767,0.14340288641171053,0.14340288641171053,0.14340288641171053,0.6912436854689078,0.7796742361364072,0.4226029217286003,1.1999999999999957,0,0.4212295813172666,False,
M5_UNEQUAL_WIDTH,3.21666666666666,192,O49,20,C1,214.641572827652,33.95709926573498,0.1539009563484607,0.9880862794488289,0.15276837334056503,0.15276837334056503,0.15276837334056503,0.7001257488480898,0.7018678897107186,0.2559024774449564,1.1999999999999957,0,0.31869924341667566,False,
M5_UNEQUAL_WIDTH,3.21666666666666,192,O49,20,C2,265.06094151319854,-9.398428746959773,0.9816455884578474,0.19071428541471797,0.9814263590613818,0.9814263590613818,0.9814263590613818,0.09766978263960266,0.1025908304634476,0.10767520928456283,0.7999999999999972,0,0.8889363510511078,True,
M5_UNEQUAL_WIDTH,3.21666666666666,192,O50,23,C0,207.6361939021034,-36.263997440493995,0.1422685015644752,-0.9898281029868767,0.1367120713459807,0.1367120713459807,0.1367120713459807,0.7258943119743744,0.7259207226798268,0.5429168603710549,1.1999999999999957,0,0.3922170087154877,False,
M5_UNEQUAL_WIDTH,3.21666666666666,192,O50,23,C1,214.641572827652,33.95709926573498,0.1539009563484607,0.9880862794488289,0.1594429500482232,0.1594429500482232,0.1594429500482232,0.6620541784926763,0.6641489595691242,0.37621641608741097,1.1999999999999957,0,0.3557471447831576,False,
M5_UNEQUAL_WIDTH,3.21666666666666,192,O50,23,C2,265.06094151319854,-9.398428746959773,0.9816455884578474,0.19071428541471797,0.9827002830363677,0.9827002830363677,0.9827002830363677,0.1306050753409496,0.1381423190155012,0.22798914792701738,0.7999999999999972,0,0.8514845037370931,True,
M5_UNEQUAL_WIDTH,3.21666666666666,192,O51,27,C0,207.6361939021034,-36.263997440493995,0.1422685015644752,-0.9898281029868767,-0.9509493596874466,-0.9509493596874466,0.9509493596874466,0.8334559319129837,0.8366310927336977,0.1788292455300454,1.1999999999999957,0,0.3021568966092453,False,
M5_UNEQUAL_WIDTH,3.21666666666666,192,O51,27,C1,214.641572827652,33.95709926573498,0.1539009563484607,0.9880862794488289,0.9998514305284831,0.9998514305284831,0.9998514305284831,0.01224399517960941,0.016239996533608587,0.012128801246401536,1.1999999999999957,0,0.98808522155742,True,
M5_UNEQUAL_WIDTH,3.21666666666666,192,O51,27,C2,265.06094151319854,-9.398428746959773,0.9816455884578474,0.19071428541471797,0.3556811075184878,0.3556811075184878,0.3556811075184878,0.7793891450858423,0.7861494601205963,0.13609846691399208,0.7999999999999972,0,0.23250862613192735,False,
M5_UNEQUAL_WIDTH,3.3166666666666598,198,O52,1,C0,207.6361939021034,-36.263997440493995,0.1422685015644752,-0.9898281029868767,0.9834170673507164,0.9834170673507164,0.9834170673507164,0.14585322612657686,0.14754265679683365,0.15672858265373163,1.2999999999999954,0,0.8920453363993643,True,
M5_UNEQUAL_WIDTH,3.3166666666666598,198,O52,1,C1,214.641572827652,33.95709926573498,0.1539009563484607,0.9880862794488289,-0.9934062166475925,-0.9934062166475925,0.9934062166475925,0.9479447350169917,0.9627317431426705,0.3234290269373755,1.2999999999999954,0,0.29836961650787985,False,
M5_UNEQUAL_WIDTH,3.3166666666666598,198,O52,1,C2,265.06094151319854,-9.398428746959773,0.9816455884578474,0.19071428541471797,-0.2294421183994231,-0.2294421183994231,0.2294421183994231,0.7311901245373852,0.7372064026352052,0.47165629509776913,0.8999999999999968,0,0.458802619463232,False,
M5_UNEQUAL_WIDTH,3.3166666666666598,198,O53,2,C0,207.6361939021034,-36.263997440493995,0.1422685015644752,-0.9898281029868767,0.9999881927909215,0.9999881927909215,0.9999881927909215,0.00640420843478743,0.0074012306514123416,0.00641301068769231,1.2999999999999954,0,0.994637829646691,True,
M5_UNEQUAL_WIDTH,3.3166666666666598,198,O53,2,C1,214.641572827652,33.95709926573498,0.1539009563484607,0.9880862794488289,-0.954705642176016,-0.954705642176016,0.954705642176016,0.8373618905367044,0.8399190191493595,0.16028743359595157,1.2999999999999954,0,0.2951015012497952,False,
M5_UNEQUAL_WIDTH,3.3166666666666598,198,O53,2,C2,265.06094151319854,-9.398428746959773,0.9816455884578474,0.19071428541471797,-0.04426294518777149,-0.04426294518777149,0.04426294518777149,0.7483646336207558,0.8568043433671636,0.30851470175634516,0.8999999999999968,0,0.37002016366077417,False,
M5_UNEQUAL_WIDTH,3.3166666666666598,198,O54,5,C0,207.6361939021034,-36.263997440493995,0.1422685015644752,-0.9898281029868767,-0.30774567269744235,-0.30774567269744235,0.30774567269744235,0.6463620983259949,0.6549287775907727,0.1794905464327798,1.2999999999999954,0,0.45880842005085776,False,
M5_UNEQUAL_WIDTH,3.3166666666666598,198,O54,5,C1,214.641572827652,33.95709926573498,0.1539009563484607,0.9880862794488289,0.015554266607878037,0.015554266607878037,0.015554266607878037,0.7158971793314737,0.7290912106232865,0.012790102149135948,1.2999999999999954,0,0.3033518754068437,False,
M5_UNEQUAL_WIDTH,3.3166666666666598,198,O54,5,C2,265.06094151319854,-9.398428746959773,0.9816455884578474,0.19071428541471797,-0.9352046782342278,-0.9352046782342278,0.9352046782342278,1.1830553901608059,1.1859411851810369,0.13543716601125766,0.8999999999999968,0,0.0,False,
M5_UNEQUAL_WIDTH,3.3166666666666598,198,O55,13,C0,207.6361939021034,-36.263997440493995,0.1422685015644752,-0.9898281029868767,-0.009922001301019667,-0.009922001301019667,0.009922001301019667,0.7626854934997492,0.8809392192147992,0.3052716778674639,1.2999999999999954,0,0.3614121739185824,False,
M5_UNEQUAL_WIDTH,3.3166666666666598,198,O55,13,C1,214.641572827652,33.95709926573498,0.1539009563484607,0.9880862794488289,0.30238145322204124,0.30238145322204124,0.30238145322204124,0.8172256982790363,0.8185199199023602,0.13857123358382004,1.2999999999999954,0,0.20474787928753935,False,
M5_UNEQUAL_WIDTH,3.3166666666666598,198,O55,13,C2,265.06094151319854,-9.398428746959773,0.9816455884578474,0.19071428541471797,0.9992312014407412,0.9992312014407412,0.9992312014407412,0.025796864926607214,0.031162816711058323,0.009656034576573566,0.8999999999999968,0,0.9709841035061836,True,
M5_UNEQUAL_WIDTH,3.3166666666666598,198,O56,16,C0,207.6361939021034,-36.263997440493995,0.1422685015644752,-0.9898281029868767,0.20243621558406522,0.20243621558406522,0.20243621558406522,0.7404923255081589,0.7407977930693779,0.5426207852215728,1.2999999999999954,0,0.37999425922425245,False,
M5_UNEQUAL_WIDTH,3.3166666666666598,198,O56,16,C1,214.641572827652,33.95709926573498,0.1539009563484607,0.9880862794488289,0.09328707036179987,0.09328707036179987,0.09328707036179987,0.6769825912324533,0.6779754222594512,0.3759203409379288,1.2999999999999954,0,0.34122012744244146,False,
M5_UNEQUAL_WIDTH,3.3166666666666598,198,O56,16,C2,265.06094151319854,-9.398428746959773,0.9816455884578474,0.19071428541471797,0.9681703838508762,0.9681703838508762,0.9681703838508762,0.11810155249086182,0.15076075744301665,0.22769307277753523,0.8999999999999968,0,0.86570268703715,True,
M5_UNEQUAL_WIDTH,3.3166666666666598,198,O57,20,C0,207.6361939021034,-36.263997440493995,0.1422685015644752,-0.9898281029868767,-0.9526455076273853,-0.9526455076273853,0.9526455076273853,0.8350509789168479,0.8363707705102064,0.1367278061238664,1.2999999999999954,0,0.30082138202639763,False,
M5_UNEQUAL_WIDTH,3.3166666666666598,198,O57,20,C1,214.641572827652,33.95709926573498,0.1539009563484607,0.9880862794488289,0.9999314633470091,0.9999314633470091,0.9999314633470091,0.029623799050111692,0.030017666606945017,0.029972638159777482,1.2999999999999954,0,0.9719896952212811,True,
M5_UNEQUAL_WIDTH,3.3166666666666598,198,O57,20,C2,265.06094151319854,-9.398428746959773,0.9816455884578474,0.19071428541471797,0.35050728452252977,0.35050728452252977,0.35050728452252977,0.7646938688271002,0.798770117872745,0.17819990632017108,0.8999999999999968,0,0.27695606184636135,False,
M5_UNEQUAL_WIDTH,3.4166666666666594,204,O58,0,C0,207.6361939021034,-36.263997440493995,0.1422685015644752,-0.9898281029868767,0.9835431660369,0.9835431660369,0.9835431660369,0.14671516231136456,0.14791420775958977,0.15669127484679127,1.399999999999995,0,0.8914043673382962,True,
M5_UNEQUAL_WIDTH,3.4166666666666594,204,O58,0,C1,214.641572827652,33.95709926573498,0.1539009563484607,0.9880862794488289,-0.993326110123662,-0.993326110123662,0.993326110123662,0.9489967647203827,0.96376981487798,0.32339171913043513,1.399999999999995,0,0.297571549966944,False,
M5_UNEQUAL_WIDTH,3.4166666666666594,204,O58,0,C2,265.06094151319854,-9.398428746959773,0.9816455884578474,0.19071428541471797,-0.22876403012590804,-0.22876403012590804,0.22876403012590804,0.7317434030394426,0.7379036893531545,0.47161898729082874,0.9999999999999964,0,0.45837814887561146,False,
M5_UNEQUAL_WIDTH,3.4166666666666594,204,O59,1,C0,207.6361939021034,-36.263997440493995,0.1422685015644752,-0.9898281029868767,0.9958434390277614,0.9958434390277614,0.9958434390277614,0.05671338217316977,0.06045510483271874,0.017769093391436792,1.399999999999995,0,0.9525145348372868,True,
M5_UNEQUAL_WIDTH,3.4166666666666594,204,O59,1,C1,214.641572827652,33.95709926573498,0.1539009563484607,0.9880862794488289,-0.9788446574384702,-0.9788446574384702,0.9788446574384702,0.8956906635740054,0.8984733744750809,0.14893135089220708,1.399999999999995,0,0.23872228681085295,False,
M5_UNEQUAL_WIDTH,3.4166666666666594,204,O59,1,C2,265.06094151319854,-9.398428746959773,0.9816455884578474,0.19071428541471797,-0.13988455023115176,-0.13988455023115176,0.13988455023115176,0.7749675026588998,0.8210975115407014,0.29715861905260066,0.9999999999999964,0,0.34132897415054253,False,
M5_UNEQUAL_WIDTH,3.4166666666666594,204,O60,2,C0,207.6361939021034,-36.263997440493995,0.1422685015644752,-0.9898281029868767,0.9999851488264319,0.9999851488264319,0.9999851488264319,0.006187754556121368,0.00719092633720958,0.006309571076495705,1.399999999999995,0,0.994819063999517,True,
M5_UNEQUAL_WIDTH,3.4166666666666594,204,O60,2,C1,214.641572827652,33.95709926573498,0.1539009563484607,0.9880862794488289,-0.9545297650531667,-0.9545297650531667,0.9545297650531667,0.8385167505627623,0.8410710005395782,0.16039087320714818,1.399999999999995,0,0.2941907893660328,False,
M5_UNEQUAL_WIDTH,3.4166666666666594,204,O60,2,C2,265.06094151319854,-9.398428746959773,0.9816455884578474,0.19071428541471797,-0.04367299518504325,-0.04367299518504325,0.04367299518504325,0.7487850776725136,0.8568754400489379,0.3086181413675418,0.9999999999999964,0,0.36972111260528384,False,
M5_UNEQUAL_WIDTH,3.4166666666666594,204,O61,5,C0,207.6361939021034,-36.263997440493995,0.1422685015644752,-0.9898281029868767,-0.31004961824230004,-0.31004961824230004,0.31004961824230004,0.6447520997033441,0.6539540915000092,0.1775140961645845,1.399999999999995,0,0.46015645345282385,False,
M5_UNEQUAL_WIDTH,3.4166666666666594,204,O61,5,C1,214.641572827652,33.95709926573498,0.1539009563484607,0.9880862794488289,0.017976339286172427,0.017976339286172427,0.017976339286172427,0.7151595303852398,0.7309241639898827,0.010813651880940628,1.399999999999995,0,0.304069690436485,False,
M5_UNEQUAL_WIDTH,3.4166666666666594,204,O61,5,C2,265.06094151319854,-9.398428746959773,0.9816455884578474,0.19071428541471797,-0.9343441399690309,-0.9343441399690309,0.9343441399690309,1.1815341557106827,1.1844802392910028,0.13741361627945298,0.9999999999999964,0,0.0,False,
M5_UNEQUAL_WIDTH,3.4166666666666594,204,O62,9,C0,207.6361939021034,-36.263997440493995,0.1422685015644752,-0.9898281029868767,-0.03810049066700594,-0.03810049066700594,0.03810049066700594,0.7514303359161197,0.8715852827254315,0.2959284649869386,1.399999999999995,0,0.37083598841982945,False,
M5_UNEQUAL_WIDTH,3.4166666666666594,204,O62,9,C1,214.641572827652,33.95709926573498,0.1539009563484607,0.9880862794488289,0.32912578345083127,0.32912578345083127,0.32912578345083127,0.8060816664181881,0.806100655530386,0.1292280207032947,1.399999999999995,0,0.2155922702425589,False,
M5_UNEQUAL_WIDTH,3.4166666666666594,204,O62,9,C2,265.06094151319854,-9.398428746959773,0.9816455884578474,0.19071428541471797,0.9999392013968211,0.9999392013968211,0.9999392013968211,0.017712008922066605,0.018760818275366686,0.018999247457098904,0.9999999999999964,0,0.9802850055401772,True,
M5_UNEQUAL_WIDTH,3.4166666666666594,204,O63,13,C0,207.6361939021034,-36.263997440493995,0.1422685015644752,-0.9898281029868767,0.15945345997668647,0.15945345997668647,0.15945345997668647,0.6995660203626239,0.7841261797985604,0.4236508994868969,1.399999999999995,0,0.41426138565471005,False,
M5_UNEQUAL_WIDTH,3.4166666666666594,204,O63,13,C1,214.641572827652,33.95709926573498,0.1539009563484607,0.9880862794488289,0.1367015251646843,0.1367015251646843,0.1367015251646843,0.7031988030030544,0.7032340086209533,0.256950455203253,1.399999999999995,0,0.31570881759068137,False,
M5_UNEQUAL_WIDTH,3.4166666666666594,204,O63,13,C2,265.06094151319854,-9.398428746959773,0.9816455884578474,0.19071428541471797,0.9781820221685278,0.9781820221685278,0.9781820221685278,0.09216255091521759,0.10195464046291364,0.1087231870428594,0.9999999999999964,0,0.8951988125247273,True,
M5_UNEQUAL_WIDTH,3.4166666666666594,204,O64,16,C0,207.6361939021034,-36.263997440493995,0.1422685015644752,-0.9898281029868767,0.16245780968899,0.16245780968899,0.16245780968899,0.7307024990052591,0.7308620013030511,0.5384359353691922,1.399999999999995,0,0.3881911687990155,False,
M5_UNEQUAL_WIDTH,3.4166666666666594,204,O64,16,C1,214.641572827652,33.95709926573498,0.1539009563484607,0.9880862794488289,0.13368543281334422,0.13368543281334422,0.13368543281334422,0.6656190932682328,0.665621049176521,0.3717354910855484,1.399999999999995,0,0.352278083492757,False,
M5_UNEQUAL_WIDTH,3.4166666666666594,204,O64,16,C2,265.06094151319854,-9.398428746959773,0.9816455884578474,0.19071428541471797,0.9775450927405619,0.9775450927405619,0.9775450927405619,0.12771077783987192,0.1377325689711501,0.22350822292515476,0.9999999999999964,0,0.8547757083750667,True,
M5_UNEQUAL_WIDTH,3.4166666666666594,204,O65,20,C0,207.6361939021034,-36.263997440493995,0.1422685015644752,-0.9898281029868767,-0.952515184329692,-0.952515184329692,0.952515184329692,0.8357737814006402,0.838271408898948,0.1662158118941455,1.399999999999995,0,0.30021618778742876,False,
M5_UNEQUAL_WIDTH,3.4166666666666594,204,O65,20,C1,214.641572827652,33.95709926573498,0.1539009563484607,0.9880862794488289,0.9999263573693367,0.9999263573693367,0.9999263573693367,0.017784265756500085,0.01879781142449348,0.00048463238949837873,1.399999999999995,0,0.98270207559246,True,
M5_UNEQUAL_WIDTH,3.4166666666666594,204,O65,20,C2,265.06094151319854,-9.398428746959773,0.9816455884578474,0.19071428541471797,0.3509083721834747,0.3509083721834747,0.3509083721834747,0.7749700647129274,0.785006711222958,0.14871190054989197,0.9999999999999964,0,0.24622282521779204,False,
M5_UNEQUAL_WIDTH,3.516666666666659,210,O66,1,C0,207.6361939021034,-36.263997440493995,0.1422685015644752,-0.9898281029868767,0.9835031409388253,0.9835031409388253,0.9835031409388253,0.14555606943657015,0.14723562123360967,0.15670328802904232,1.4999999999999947,0,0.8922632627187422,True,
M5_UNEQUAL_WIDTH,3.516666666666659,210,O66,1,C1,214.641572827652,33.95709926573498,0.1539009563484607,0.9880862794488289,-0.9933516219325057,-0.9933516219325057,0.9933516219325057,0.9476075959458629,0.962400408560024,0.3234037323126862,1.4999999999999947,0,0.2986060216840837,False,
M5_UNEQUAL_WIDTH,3.516666666666659,210,O66,1,C2,265.06094151319854,-9.398428746959773,0.9816455884578474,0.19071428541471797,-0.228979553005436,-0.228979553005436,0.228979553005436,0.7310406037878387,0.7368970266032757,0.4716310004730798,1.099999999999996,0,0.45890315823247674,False,
M5_UNEQUAL_WIDTH,3.516666666666659,210,O67,2,C0,207.6361939021034,-36.263997440493995,0.1422685015644752,-0.9898281029868767,0.9999901911039124,0.9999901911039124,0.9999901911039124,0.006267285406439334,0.007136437487187891,0.006489233060181713,1.4999999999999947,0,0.9947524737296827,True,
M5_UNEQUAL_WIDTH,3.516666666666659,210,O67,2,C1,214.641572827652,33.95709926573498,0.1539009563484607,0.9880862794488289,-0.9548335815554768,-0.9548335815554768,0.9548335815554768,0.8376096306361809,0.8401668654267359,0.16021121122346216,1.4999999999999947,0,0.29484770563338447,False,
M5_UNEQUAL_WIDTH,3.516666666666659,210,O67,2,C2,265.06094151319854,-9.398428746959773,0.9816455884578474,0.19071428541471797,-0.04469278970649257,-0.04469278970649257,0.04469278970649257,0.7485231155903586,0.856655160586901,0.30843847938385577,1.099999999999996,0,0.36984631857193784,False,
M5_UNEQUAL_WIDTH,3.516666666666659,210,O68,5,C0,207.6361939021034,-36.263997440493995,0.1422685015644752,-0.9898281029868767,-0.3067884343266465,-0.3067884343266465,0.3067884343266465,0.6474023598270071,0.6559071876215506,0.177337024441861,1.4999999999999947,0,0.4579374210137064,False,
M5_UNEQUAL_WIDTH,3.516666666666659,210,O68,5,C1,214.641572827652,33.95709926573498,0.1539009563484607,0.9880862794488289,0.014548480052254564,0.014548480052254564,0.014548480052254564,0.7155238456839921,0.7288535223410866,0.010636580158217123,1.4999999999999947,0,0.30371517085327704,False,
M5_UNEQUAL_WIDTH,3.516666666666659,210,O68,5,C2,265.06094151319854,-9.398428746959773,0.9816455884578474,0.19071428541471797,-0.9355604020898766,-0.9355604020898766,0.9355604020898766,1.1835309386860995,1.1865054831376807,0.1375906880021765,1.099999999999996,0,0.0,False,
M5_UNEQUAL_WIDTH,3.516666666666659,210,O69,13,C0,207.6361939021034,-36.263997440493995,0.1422685015644752,-0.9898281029868767,-0.041919520186504494,-0.041919520186504494,0.041919520186504494,0.7501191162020936,0.8697695390901494,0.29599645467701086,1.4999999999999947,0,0.37193385766453313,False,
M5_UNEQUAL_WIDTH,3.516666666666659,210,O69,13,C1,214.641572827652,33.95709926573498,0.1539009563484607,0.9880862794488289,0.3327325192441072,0.3327325192441072,0.3327325192441072,0.8041214143581292,0.8041280425136493,0.129296010393367,1.4999999999999947,0,0.21749981501406523,False,
M5_UNEQUAL_WIDTH,3.516666666666659,210,O69,13,C2,265.06094151319854,-9.398428746959773,0.9816455884578474,0.19071428541471797,0.9999740435528067,0.9999740435528067,0.9999740435528067,0.01648850463222369,0.016829617721442064,0.018931257767026602,1.099999999999996,0,0.9816454823616416,True,
M5_UNEQUAL_WIDTH,3.516666666666659,210,O70,16,C0,207.6361939021034,-36.263997440493995,0.1422685015644752,-0.9898281029868767,0.1573893517909591,0.1573893517909591,0.1573893517909591,0.7294478267896357,0.7296703553437276,0.5382605017142605,1.4999999999999947,0,0.3892416914711371,False,
M5_UNEQUAL_WIDTH,3.516666666666659,210,O70,16,C1,214.641572827652,33.95709926573498,0.1539009563484607,0.9880862794488289,0.13877210823086045,0.13877210823086045,0.13877210823086045,0.6639305087652397,0.6639582921276075,0.37156005743061665,1.4999999999999947,0,0.35392126530879053,False,
M5_UNEQUAL_WIDTH,3.516666666666659,210,O70,16,C2,265.06094151319854,-9.398428746959773,0.9816455884578474,0.19071428541471797,0.9786141868732028,0.9786141868732028,0.9786141868732028,0.1292327163352473,0.1365877517050674,0.22333278927022307,1.099999999999996,0,0.8530450600803337,True,
M5_UNEQUAL_WIDTH,3.516666666666659,210,O71,20,C0,207.6361939021034,-36.263997440493995,0.1422685015644752,-0.9898281029868767,-0.9520028208858216,-0.9520028208858216,0.9520028208858216,0.836774692104738,0.8393224679220395,0.16588174095494626,1.4999999999999947,0,0.29937813672171554,False,
M5_UNEQUAL_WIDTH,3.516666666666659,210,O71,20,C1,214.641572827652,33.95709926573498,0.1539009563484607,0.9880862794488289,0.9999045817063464,0.9999045817063464,0.9999045817063464,0.013979183554307252,0.015608346426844983,0.0008187033286976062,1.4999999999999947,0,0.9864075179501289,True,
M5_UNEQUAL_WIDTH,3.516666666666659,210,O71,20,C2,265.06094151319854,-9.398428746959773,0.9816455884578474,0.19071428541471797,0.35247943797068837,0.35247943797068837,0.35247943797068837,0.7785672353246917,0.7857918449718865,0.1490459714890912,1.099999999999996,0,0.24297001111284966,False,
M5_UNEQUAL_WIDTH,3.6166666666666587,216,O72,0,C0,207.6361939021034,-36.263997440493995,0.1422685015644752,-0.9898281029868767,0.9807710626714746,0.9807710626714746,0.9807710626714746,0.15227812602385743,0.15368680462563733,0.159905969387107,1.5999999999999943,0,0.8875543318600391,True,
M5_UNEQUAL_WIDTH,3.6166666666666587,216,O72,0,C1,214.641572827652,33.95709926573498,0.1539009563484607,0.9880862794488289,-0.9949193995427255,-0.9949193995427255,0.9949193995427255,0.9572971068998616,0.9720970667595019,0.32660641367075083,1.5999999999999943,0,0.29310981422937976,False,
M5_UNEQUAL_WIDTH,3.6166666666666587,216,O72,0,C2,265.06094151319854,-9.398428746959773,0.9816455884578474,0.19071428541471797,-0.24309887315036643,-0.24309887315036643,0.24309887315036643,0.7379219654525934,0.7476679530662528,0.47483368183114444,1.1999999999999957,0,0.45510146068208035,False,
M5_UNEQUAL_WIDTH,3.6166666666666587,216,O73,1,C0,207.6361939021034,-36.263997440493995,0.1422685015644752,-0.9898281029868767,0.9951136255249176,0.9951136255249176,0.9951136255249176,0.059307151554316775,0.06265563823261995,0.016327805894908648,1.5999999999999943,0,0.9503428014496977,True,
M5_UNEQUAL_WIDTH,3.6166666666666587,216,O73,1,C1,214.641572827652,33.95709926573498,0.1539009563484607,0.9880862794488289,-0.980389027747745,-0.980389027747745,0.980389027747745,0.8985945923164803,0.901454868709032,0.1503726383887352,1.5999999999999943,0,0.23718858292459855,False,
M5_UNEQUAL_WIDTH,3.6166666666666587,216,O73,1,C2,265.06094151319854,-9.398428746959773,0.9816455884578474,0.19071428541471797,-0.14749431335348745,-0.14749431335348745,0.14749431335348745,0.7778336544692019,0.8205125987750964,0.2985999065491288,1.1999999999999957,0,0.3397017995790267,False,
M5_UNEQUAL_WIDTH,3.6166666666666587,216,O74,2,C0,207.6361939021034,-36.263997440493995,0.1422685015644752,-0.9898281029868767,0.9999894149224772,0.9999894149224772,0.9999894149224772,0.006015727644022983,0.006709257414912023,0.0023540580723795707,1.5999999999999943,0,0.9949631001622089,True,
M5_UNEQUAL_WIDTH,3.6166666666666587,216,O74,2,C1,214.641572827652,33.95709926573498,0.1539009563484607,0.9880862794488289,-0.9547824869834054,-0.9547824869834054,0.9547824869834054,0.8370673733611811,0.8397784056704599,0.1643463862112643,1.5999999999999943,0,0.2977489230293673,False,
M5_UNEQUAL_WIDTH,3.6166666666666587,216,O74,2,C2,265.06094151319854,-9.398428746959773,0.9816455884578474,0.19071428541471797,-0.044521054394364074,-0.044521054394364074,0.044521054394364074,0.7487274606704454,0.8575144555996213,0.3125736543716579,1.1999999999999957,0,0.3718609966817624,False,
M5_UNEQUAL_WIDTH,3.6166666666666587,216,O75,5,C0,207.6361939021034,-36.263997440493995,0.1422685015644752,-0.9898281029868767,-0.3090346086556388,-0.3090346086556388,0.3090346086556388,0.6486913220150894,0.6548968149084081,0.17628117171247432,1.5999999999999943,0,0.45685818774048437,False,
M5_UNEQUAL_WIDTH,3.6166666666666587,216,O75,5,C1,214.641572827652,33.95709926573498,0.1539009563484607,0.9880862794488289,0.016909065747243573,0.016909065747243573,0.016909065747243573,0.7162492386412184,0.7299132850569643,0.009580727428830437,1.5999999999999943,0,0.30300928227341606,False,
M5_UNEQUAL_WIDTH,3.6166666666666587,216,O75,5,C2,265.06094151319854,-9.398428746959773,0.9816455884578474,0.19071428541471797,-0.9347240119270485,-0.9347240119270485,0.9347240119270485,1.1848275371122126,1.187833545828596,0.13864654073156318,1.1999999999999957,0,0.0,False,
M5_UNEQUAL_WIDTH,3.6166666666666587,216,O76,9,C0,207.6361939021034,-36.263997440493995,0.1422685015644752,-0.9898281029868767,-0.03828970048063224,-0.03828970048063224,0.03828970048063224,0.7458034278267109,0.8771723362310675,0.27718579517987796,1.5999999999999943,0,0.3755473340990123,False,
M5_UNEQUAL_WIDTH,3.6166666666666587,216,O76,9,C1,214.641572827652,33.95709926573498,0.1539009563484607,0.9880862794488289,0.32930457621419007,0.32930457621419007,0.32930457621419007,0.81055974189573,0.8105795256769313,0.11048535089623408,1.5999999999999943,0,0.2112346013296441,False,
M5_UNEQUAL_WIDTH,3.6166666666666587,216,O76,9,C2,265.06094151319854,-9.398428746959773,0.9816455884578474,0.19071428541471797,0.9999412714012884,0.9999412714012884,0.9999412714012884,0.026443151565746444,0.02674204370775026,0.03774191726415953,1.1999999999999957,0,0.9711679897120846,True,
M5_UNEQUAL_WIDTH,3.6166666666666587,216,O77,13,C0,207.6361939021034,-36.263997440493995,0.1422685015644752,-0.9898281029868767,0.1553250636654228,0.1553250636654228,0.1553250636654228,0.6956865411397875,0.78614116983805,0.41640050630319303,1.5999999999999943,0,0.4175096291631465,False,
M5_UNEQUAL_WIDTH,3.6166666666666587,216,O77,13,C1,214.641572827652,33.95709926573498,0.1539009563484607,0.9880862794488289,0.1408415758300439,0.1408415758300439,0.1408415758300439,0.7039104244493534,0.7039211667178815,0.24970006201954914,1.5999999999999943,0,0.3150163302331429,False,
M5_UNEQUAL_WIDTH,3.6166666666666587,216,O77,13,C2,265.06094151319854,-9.398428746959773,0.9816455884578474,0.19071428541471797,0.979041970108778,0.979041970108778,0.979041970108778,0.09286499446532301,0.09958668941659399,0.10147279385915553,1.1999999999999957,0,0.894400039948943,True,
M5_UNEQUAL_WIDTH,3.6166666666666587,216,O78,16,C0,207.6361939021034,-36.263997440493995,0.1422685015644752,-0.9898281029868767,0.15447985130491548,0.15447985130491548,0.15447985130491548,0.730043158858867,0.7301947890203421,0.5397808719822953,1.5999999999999943,0,0.3887432267499288,False,
M5_UNEQUAL_WIDTH,3.6166666666666587,216,O78,16,C1,214.641572827652,33.95709926573498,0.1539009563484607,0.9880862794488289,0.14168853523611355,0.14168853523611355,0.14168853523611355,0.6642016496319665,0.6642630050342779,0.37308042769865135,1.5999999999999943,0,0.35365741488199864,False,
M5_UNEQUAL_WIDTH,3.6166666666666587,216,O78,16,C2,265.06094151319854,-9.398428746959773,0.9816455884578474,0.19071428541471797,0.9792158496374678,0.9792158496374678,0.9792158496374678,0.12905782833340798,0.1365885462411188,0.22485315953825777,1.1999999999999957,0,0.8532439312062512,True,
M5_UNEQUAL_WIDTH,3.6166666666666587,216,O79,20,C0,207.6361939021034,-36.263997440493995,0.1422685015644752,-0.9898281029868767,-0.9515933690673818,-0.9515933690673818,0.9515933690673818,0.8369114618167488,0.8394747669197449,0.16609090283108227,1.5999999999999943,0,0.2992636210087367,False,
M5_UNEQUAL_WIDTH,3.6166666666666587,216,O79,20,C1,214.641572827652,33.95709926573498,0.1539009563484607,0.9880862794488289,0.9998852502109519,0.9998852502109519,0.9998852502109519,0.013731515836976908,0.01571839702908156,0.0006095414525615879,1.5999999999999943,0,0.9866456185584278,True,
M5_UNEQUAL_WIDTH,3.6166666666666587,216,O79,20,C2,265.06094151319854,-9.398428746959773,0.9816455884578474,0.19071428541471797,0.3537283648565597,0.3537283648565597,0.3537283648565597,0.7788279297999856,0.7861782307684932,0.1488368096129552,1.1999999999999957,0,0.24256248360495747,False,
M5_UNEQUAL_WIDTH,3.7166666666666583,222,O80,1,C0,207.6361939021034,-36.263997440493995,0.1422685015644752,-0.9898281029868767,0.9819624655803645,0.9819624655803645,0.9819624655803645,0.15076140541236313,0.15197052877858666,0.15719055554306055,1.699999999999994,0,0.8884506429269348,True,
M5_UNEQUAL_WIDTH,3.7166666666666583,222,O80,1,C1,214.641572827652,33.95709926573498,0.1539009563484607,0.9880862794488289,-0.9942759525621482,-0.9942759525621482,0.9942759525621482,0.9546610065883482,0.9693226454708207,0.32389099982670444,1.699999999999994,0,0.29364003196720856,False,
M5_UNEQUAL_WIDTH,3.7166666666666583,222,O80,1,C2,265.06094151319854,-9.398428746959773,0.9816455884578474,0.19071428541471797,-0.23707890458581604,-0.23707890458581604,0.23707890458581604,0.7355839844796994,0.7438281975297106,0.47211826798709805,1.2999999999999954,0,0.4557365638936578,False,
M5_UNEQUAL_WIDTH,3.7166666666666583,222,O81,2,C0,207.6361939021034,-36.263997440493995,0.1422685015644752,-0.9898281029868767,0.9960699497344866,0.9960699497344866,0.9960699497344866,0.055063836821454194,0.05860875525615466,0.017612331708227947,1.699999999999994,0,0.9538956802624359,True,
M5_UNEQUAL_WIDTH,3.7166666666666583,222,O81,2,C1,214.641572827652,33.95709926573498,0.1539009563484607,0.9880862794488289,-0.9783256009502281,-0.9783256009502281,0.9783256009502281,0.8941506384233386,0.8969218343317138,0.14908811257541593,1.699999999999994,0,0.24013244864857908,False,
M5_UNEQUAL_WIDTH,3.7166666666666583,222,O81,2,C2,265.06094151319854,-9.398428746959773,0.9816455884578474,0.19071428541471797,-0.13738723629936034,-0.13738723629936034,0.13738723629936034,0.7747084156799409,0.8222586689040351,0.29731538073580954,1.2999999999999954,0,0.34163689926781116,False,
M5_UNEQUAL_WIDTH,3.7166666666666583,222,O82,3,C0,207.6361939021034,-36.263997440493995,0.1422685015644752,-0.9898281029868767,0.9999989907288683,0.9999989907288683,0.9999989907288683,0.008945033559869066,0.008981469771860666,0.00015377440451776656,1.699999999999994,0,0.9925104258781553,True,
M5_UNEQUAL_WIDTH,3.7166666666666583,222,O82,3,C1,214.641572827652,33.95709926573498,0.1539009563484607,0.9880862794488289,-0.9557231924919938,-0.9557231924919938,0.9557231924919938,0.8400697972596926,0.8429574505147738,0.1665466698791261,1.699999999999994,0,0.29652860848848417,False,
M5_UNEQUAL_WIDTH,3.7166666666666583,222,O82,3,C2,265.06094151319854,-9.398428746959773,0.9816455884578474,0.19071428541471797,-0.047698023887904284,-0.047698023887904284,0.047698023887904284,0.7470236970183698,0.8536440125261228,0.3147739380395197,1.2999999999999954,0,0.3744450742690638,False,
M5_UNEQUAL_WIDTH,3.7166666666666583,222,O83,6,C0,207.6361939021034,-36.263997440493995,0.1422685015644752,-0.9898281029868767,-0.3102225573138272,-0.3102225573138272,0.3102225573138272,0.6456219732214039,0.6542610653099499,0.17580902009746915,1.699999999999994,0,0.45942811832176655,False,
M5_UNEQUAL_WIDTH,3.7166666666666583,222,O83,6,C1,214.641572827652,33.95709926573498,0.1539009563484607,0.9880862794488289,0.018158218182757563,0.018158218182757563,0.018158218182757563,0.7148917231955114,0.7311180575652195,0.009108575813825277,1.699999999999994,0,0.3043302968222388,False,
M5_UNEQUAL_WIDTH,3.7166666666666583,222,O83,6,C2,265.06094151319854,-9.398428746959773,0.9816455884578474,0.19071428541471797,-0.9342792973760214,-0.9342792973760214,0.9342792973760214,1.1819588122728473,1.1849730545064294,0.13911869234656832,1.2999999999999954,0,0.0,False,
M5_UNEQUAL_WIDTH,3.7166666666666583,222,O84,16,C0,207.6361939021034,-36.263997440493995,0.1422685015644752,-0.9898281029868767,-0.03704698619159247,-0.03704698619159247,0.03704698619159247,0.7479088844815683,0.8749101497579451,0.2860535201918911,1.699999999999994,0,0.37378445936284244,False,
M5_UNEQUAL_WIDTH,3.7166666666666583,222,O84,16,C1,214.641572827652,33.95709926573498,0.1539009563484607,0.9880862794488289,0.32813008809227673,0.32813008809227673,0.32813008809227673,0.8096540930910108,0.8096611570586864,0.11935307590824723,1.699999999999994,0,0.21211589903490513,False,
M5_UNEQUAL_WIDTH,3.7166666666666583,222,O84,16,C2,265.06094151319854,-9.398428746959773,0.9816455884578474,0.19071428541471797,0.9999270205672031,0.9999270205672031,0.9999270205672031,0.023933783818092295,0.024618902708468143,0.028874192252146373,1.2999999999999954,0,0.9736492715471917,True,
M5_UNEQUAL_WIDTH,3.7166666666666583,222,O85,20,C0,207.6361939021034,-36.263997440493995,0.1422685015644752,-0.9898281029868767,0.15848255596678937,0.15848255596678937,0.15848255596678937,0.6990932272151917,0.7815483762355131,0.4283141600860911,1.699999999999994,0,0.4146572499405502,False,
M5_UNEQUAL_WIDTH,3.7166666666666583,222,O85,20,C1,214.641572827652,33.95709926573498,0.1539009563484607,0.9880862794488289,0.1376756362827141,0.1376756362827141,0.1376756362827141,0.7019459332738611,0.7019483865033472,0.2616137158024472,1.699999999999994,0,0.3169280001386795,False,
M5_UNEQUAL_WIDTH,3.7166666666666583,222,O85,20,C2,265.06094151319854,-9.398428746959773,0.9816455884578474,0.19071428541471797,0.9783858521203569,0.9783858521203569,0.9783858521203569,0.09339578790418782,0.10304937408279256,0.11338644764205358,1.2999999999999954,0,0.8937964565829803,True,
M5_UNEQUAL_WIDTH,3.7166666666666583,222,O86,23,C0,207.6361939021034,-36.263997440493995,0.1422685015644752,-0.9898281029868767,0.15094983578802895,0.15094983578802895,0.15094983578802895,0.7311609202655828,0.731921090751219,0.5363747189428947,1.699999999999994,0,0.3878073379296013,False,
M5_UNEQUAL_WIDTH,3.7166666666666583,222,O86,23,C1,214.641572827652,33.95709926573498,0.1539009563484607,0.9880862794488289,0.14522350286223337,0.14522350286223337,0.14522350286223337,0.6691464389805595,0.6691830632317793,0.3696742746592508,1.699999999999994,0,0.3488455811080168,False,
M5_UNEQUAL_WIDTH,3.7166666666666583,222,O86,23,C2,265.06094151319854,-9.398428746959773,0.9816455884578474,0.19071428541471797,0.9799340604462284,0.9799340604462284,0.9799340604462284,0.12414109418515817,0.13443471770488033,0.22144700649885718,1.2999999999999954,0,0.8588349176982681,True,
M5_UNEQUAL_WIDTH,3.7166666666666583,222,O87,27,C0,207.6361939021034,-36.263997440493995,0.1422685015644752,-0.9898281029868767,-0.9514730335089798,-0.9514730335089798,0.9514730335089798,0.835777620228203,0.838326559671872,0.16694941301089913,1.699999999999994,0,0.30021297358108945,False,
M5_UNEQUAL_WIDTH,3.7166666666666583,222,O87,27,C1,214.641572827652,33.95709926573498,0.1539009563484607,0.9880862794488289,0.9998792462961459,0.9998792462961459,0.9998792462961459,0.017031996232476917,0.018761559979836955,0.00024896872725526417,1.699999999999994,0,0.9834259603529757,True,
M5_UNEQUAL_WIDTH,3.7166666666666583,222,O87,27,C2,265.06094151319854,-9.398428746959773,0.9816455884578474,0.19071428541471797,0.35409431766819566,0.35409431766819566,0.35409431766819566,0.7756116694182262,0.7857698707964696,0.14797829943313834,1.2999999999999954,0,0.24506008682493385,False,
M5_UNEQUAL_WIDTH,3.816666666666658,228,O88,0,C0,207.6361939021034,-36.263997440493995,0.1422685015644752,-0.9898281029868767,0.9803876218040597,0.9803876218040597,0.9803876218040597,0.15517209683824051,0.15524160847976565,0.16290547688960882,1.7999999999999936,0,0.8856705861194787,True,
M5_UNEQUAL_WIDTH,3.816666666666658,228,O88,0,C1,214.641572827652,33.95709926573498,0.1539009563484607,0.9880862794488289,-0.9951143298886369,-0.9951143298886369,0.9951143298886369,0.9621118743558945,0.9770703073924012,0.3296059211732527,1.7999999999999936,0,0.291124571209046,False,
M5_UNEQUAL_WIDTH,3.816666666666658,228,O88,0,C2,265.06094151319854,-9.398428746959773,0.9816455884578474,0.19071428541471797,-0.24499488605089348,-0.24499488605089348,0.24499488605089348,0.7421535408704811,0.7530352882200897,0.4778331893336463,1.399999999999995,0,0.4531879051326627,False,
M5_UNEQUAL_WIDTH,3.816666666666658,228,O89,1,C0,207.6361939021034,-36.263997440493995,0.1422685015644752,-0.9898281029868767,0.9958170223454854,0.9958170223454854,0.9958170223454854,0.058194024546150025,0.05901857069581482,0.012641824031067051,1.7999999999999936,0,0.9512748099412136,True,
M5_UNEQUAL_WIDTH,3.816666666666658,228,O89,1,C1,214.641572827652,33.95709926573498,0.1539009563484607,0.9880862794488289,-0.9789038648332177,-0.9789038648332177,0.9789038648332177,0.8977037694375415,0.9006546503495292,0.15405862025257683,1.7999999999999936,0,0.24032183551262865,False,
M5_UNEQUAL_WIDTH,3.816666666666658,228,O89,1,C2,265.06094151319854,-9.398428746959773,0.9816455884578474,0.19071428541471797,-0.14017127216855338,-0.14017127216855338,0.14017127216855338,0.7786134035881064,0.8238414398384021,0.30228588841297044,1.399999999999995,0,0.3411015733467616,False,
M5_UNEQUAL_WIDTH,3.816666666666658,228,O90,2,C0,207.6361939021034,-36.263997440493995,0.1422685015644752,-0.9898281029868767,0.9999806056305276,0.9999806056305276,0.9999806056305276,0.0029032936919762345,0.004716086435349968,0.0009753355515498592,1.7999999999999936,0,0.9975691054529863,True,
M5_UNEQUAL_WIDTH,3.816666666666658,228,O90,2,C1,214.641572827652,33.95709926573498,0.1539009563484607,0.9880862794488289,-0.9542975189401154,-0.9542975189401154,0.9542975189401154,0.8396604412699905,0.8423603673692972,0.165725108732094,1.7999999999999936,0,0.2963873356711083,False,
M5_UNEQUAL_WIDTH,3.816666666666658,228,O90,2,C2,265.06094151319854,-9.398428746959773,0.9816455884578474,0.19071428541471797,-0.04289564646985061,-0.04289564646985061,0.04289564646985061,0.7520456788656403,0.8599334566154088,0.3139523768924876,1.399999999999995,0,0.36980612900693155,False,
M5_UNEQUAL_WIDTH,3.816666666666658,228,O91,5,C0,207.6361939021034,-36.263997440493995,0.1422685015644752,-0.9898281029868767,-0.313487548337076,-0.313487548337076,0.313487548337076,0.647091398582705,0.652303058052797,0.17513948845537017,1.7999999999999936,0,0.4581977853010658,False,
M5_UNEQUAL_WIDTH,3.816666666666658,228,O91,5,C1,214.641572827652,33.95709926573498,0.1539009563484607,0.9880862794488289,0.021593903420523336,0.021593903420523336,0.021593903420523336,0.718694013815781,0.7328971458399914,0.008439044171726298,1.7999999999999936,0,0.30063024225261104,False,
M5_UNEQUAL_WIDTH,3.816666666666658,228,O91,5,C2,265.06094151319854,-9.398428746959773,0.9816455884578474,0.19071428541471797,-0.9330485748112138,-0.9330485748112138,0.9330485748112138,1.1852095264633284,1.1882079869699185,0.1397882239886673,1.399999999999995,0,0.0,False,
M5_UNEQUAL_WIDTH,3.816666666666658,228,O92,9,C0,207.6361939021034,-36.263997440493995,0.1422685015644752,-0.9898281029868767,-0.04841462243893993,-0.04841462243893993,0.04841462243893993,0.7389938038460063,0.8742755676063074,0.27339409604381903,1.7999999999999936,0,0.3812489542443174,False,
M5_UNEQUAL_WIDTH,3.816666666666658,228,O92,9,C1,214.641572827652,33.95709926573498,0.1539009563484607,0.9880862794488289,0.33885673089114277,0.33885673089114277,0.33885673089114277,0.8102514721170854,0.8123178668181351,0.10669365176017516,1.7999999999999936,0,0.2115345823455801,False,
M5_UNEQUAL_WIDTH,3.816666666666658,228,O92,9,C2,265.06094151319854,-9.398428746959773,0.9816455884578474,0.19071428541471797,0.9999997526657342,0.9999997526657342,0.9999997526657342,0.031756636585877726,0.03255577577737888,0.04153361640021845,1.399999999999995,0,0.9655170483515025,True,
M5_UNEQUAL_WIDTH,3.816666666666658,228,O93,13,C0,207.6361939021034,-36.263997440493995,0.1422685015644752,-0.9898281029868767,0.14226846877857405,0.14226846877857405,0.14226846877857405,0.6917433749657481,0.7780525298223567,0.426172384965752,1.7999999999999936,0,0.4208111970262022,False,
M5_UNEQUAL_WIDTH,3.816666666666658,228,O93,13,C1,214.641572827652,33.95709926573498,0.1539009563484607,0.9880862794488289,0.1539009890766676,0.1539009890766676,0.1539009890766676,0.699863655853177,0.7018621644384041,0.2594719406821081,1.7999999999999936,0,0.3189542892509747,False,
M5_UNEQUAL_WIDTH,3.816666666666658,228,O93,13,C2,265.06094151319854,-9.398428746959773,0.9816455884578474,0.19071428541471797,0.9816455947748424,0.9816455947748424,0.9816455947748424,0.09769507571122864,0.10336192739569114,0.11124467252171451,1.399999999999995,0,0.8889075894346489,True,
M5_UNEQUAL_WIDTH,3.816666666666658,228,O94,16,C0,207.6361939021034,-36.263997440493995,0.1422685015644752,-0.9898281029868767,0.14226940034815638,0.14226940034815638,0.14226940034815638,0.7234908946653776,0.7237500455618919,0.542761340443477,1.7999999999999936,0,0.3942293624938137,False,
M5_UNEQUAL_WIDTH,3.816666666666658,228,O94,16,C1,214.641572827652,33.95709926573498,0.1539009563484607,0.9880862794488289,0.1539000591462681,0.1539000591462681,0.1539000591462681,0.6612677437988638,0.663630167420426,0.3760608961598331,1.7999999999999936,0,0.35651243380842124,False,
M5_UNEQUAL_WIDTH,3.816666666666658,228,O94,16,C2,265.06094151319854,-9.398428746959773,0.9816455884578474,0.19071428541471797,0.9816454152850523,0.9816454152850523,0.9816454152850523,0.13109726124130136,0.139453944172698,0.22783362799943951,1.399999999999995,0,0.8509248223230781,True,
M5_UNEQUAL_WIDTH,3.816666666666658,228,O95,20,C0,207.6361939021034,-36.263997440493995,0.1422685015644752,-0.9898281029868767,-0.9506514523312523,-0.9506514523312523,0.9506514523312523,0.8327889281367321,0.8359299519371819,0.1776312987246234,1.7999999999999936,0,0.3027153712296423,False,
M5_UNEQUAL_WIDTH,3.816666666666658,228,O95,20,C1,214.641572827652,33.95709926573498,0.1539009563484607,0.9880862794488289,0.999834393084548,0.999834393084548,0.999834393084548,0.012080273495339865,0.016188521969565627,0.010930854440979536,1.7999999999999936,0,0.9882445410904401,True,
M5_UNEQUAL_WIDTH,3.816666666666658,228,O95,20,C2,265.06094151319854,-9.398428746959773,0.9816455884578474,0.19071428541471797,0.35657966156344834,0.35657966156344834,0.35657966156344834,0.7795607003831551,0.7871704274119741,0.13729641371941406,1.399999999999995,0,0.23324420050625394,False,
M5_UNEQUAL_WIDTH,3.9166666666666576,234,O96,0,C0,207.6361939021034,-36.263997440493995,0.1422685015644752,-0.9898281029868767,0.9786743049318868,0.9786743049318868,0.9786743049318868,0.16073289082918135,0.16178752231224203,0.15844871541779376,1.8999999999999932,0,0.8811832841252132,True,
M5_UNEQUAL_WIDTH,3.9166666666666576,234,O96,0,C1,214.641572827652,33.95709926573498,0.1539009563484607,0.9880862794488289,-0.9959187786239931,-0.9959187786239931,0.9959187786239931,0.9670332507617447,0.981476211598226,0.32514915970143765,1.8999999999999932,0,0.28515119460310623,False,
M5_UNEQUAL_WIDTH,3.9166666666666576,234,O96,0,C2,265.06094151319854,-9.398428746959773,0.9816455884578474,0.19071428541471797,-0.2532398436115072,-0.2532398436115072,0.2532398436115072,0.7429517186819592,0.7559335608673331,0.4733764278618312,1.4999999999999947,0,0.4507963938685514,False,
M5_UNEQUAL_WIDTH,3.9166666666666576,234,O97,1,C0,207.6361939021034,-36.263997440493995,0.1422685015644752,-0.9898281029868767,0.995637385446648,0.995637385446648,0.995637385446648,0.05894077585573824,0.062123145086886496,0.01790285622060004,1.8999999999999932,0,0.9506495636247729,True,
M5_UNEQUAL_WIDTH,3.9166666666666576,234,O97,1,C1,214.641572827652,33.95709926573498,0.1539009563484607,0.9880862794488289,-0.9792995025680056,-0.9792995025680056,0.9792995025680056,0.8980143938055998,0.9007946073560912,0.14879758806304383,1.8999999999999932,0,0.23666048637138515,False,
M5_UNEQUAL_WIDTH,3.9166666666666576,234,O97,1,C2,265.06094151319854,-9.398428746959773,0.9816455884578474,0.19071428541471797,-0.1420972166963779,-0.1420972166963779,0.1420972166963779,0.776514477225189,0.8210219451089993,0.29702485622343744,1.4999999999999947,0,0.3399391062556065,False,
M5_UNEQUAL_WIDTH,3.9166666666666576,234,O98,2,C0,207.6361939021034,-36.263997440493995,0.1422685015644752,-0.9898281029868767,0.9999943368467245,0.9999943368467245,0.9999943368467245,0.009227622135036003,0.009447584073778267,0.0005905325391713591,1.8999999999999932,0,0.9922776359946086,True,
M5_UNEQUAL_WIDTH,3.9166666666666576,234,O98,2,C1,214.641572827652,33.95709926573498,0.1539009563484607,0.9880862794488289,-0.9551491227027937,-0.9551491227027937,0.9551491227027937,0.83992560972069,0.8428282884266322,0.16729097682281524,1.8999999999999932,0,0.29708746188400537,False,
M5_UNEQUAL_WIDTH,3.9166666666666576,234,O98,2,C2,265.06094151319854,-9.398428746959773,0.9816455884578474,0.19071428541471797,-0.04575544317624475,-0.04575544317624475,0.04575544317624475,0.7467079470088865,0.8542644381099977,0.31551824498320885,1.4999999999999947,0,0.375098970445798,False,
M5_UNEQUAL_WIDTH,3.9166666666666576,234,O99,5,C0,207.6361939021034,-36.263997440493995,0.1422685015644752,-0.9898281029868767,-0.3097708966871595,-0.3097708966871595,0.3097708966871595,0.6448721350375918,0.6540676337961383,0.1765729028594052,1.8999999999999932,0,0.4600559492426304,False,
M5_UNEQUAL_WIDTH,3.9166666666666576,234,O99,5,C1,214.641572827652,33.95709926573498,0.1539009563484607,0.9880862794488289,0.01768323109382408,0.01768323109382408,0.01768323109382408,0.7158983911620574,0.7310955041360024,0.00987245857576132,1.8999999999999932,0,0.30335069615998,False,
M5_UNEQUAL_WIDTH,3.9166666666666576,234,O99,5,C2,265.06094151319854,-9.398428746959773,0.9816455884578474,0.19071428541471797,-0.9344485719898036,-0.9344485719898036,0.9344485719898036,1.1820554419207112,1.185029283356192,0.13835480958463228,1.4999999999999947,0,0.0,False,
M5_UNEQUAL_WIDTH,3.9166666666666576,234,O100,9,C0,207.6361939021034,-36.263997440493995,0.1422685015644752,-0.9898281029868767,-0.03784386080407759,-0.03784386080407759,0.03784386080407759,0.7411477592778735,0.8827000349996387,0.26098839805870644,1.8999999999999932,0,0.37944547203777823,False,
M5_UNEQUAL_WIDTH,3.9166666666666576,234,O100,9,C1,214.641572827652,33.95709926573498,0.1539009563484607,0.9880862794488289,0.32888326569281634,0.32888326569281634,0.32888326569281634,0.815441196384877,0.8156161046383608,0.09428795377506256,1.8999999999999932,0,0.20648439946640063,False,
M5_UNEQUAL_WIDTH,3.9166666666666576,234,O100,9,C2,265.06094151319854,-9.398428746959773,0.9816455884578474,0.19071428541471797,0.9999363365361797,0.9999363365361797,0.9999363365361797,0.035124823638495326,0.03513553548983094,0.05393931438533105,1.4999999999999947,0,0.9623666503123817,True,
M5_UNEQUAL_WIDTH,3.9166666666666576,234,O101,13,C0,207.6361939021034,-36.263997440493995,0.1422685015644752,-0.9898281029868767,0.15166479034546743,0.15166479034546743,0.15166479034546743,0.6954393958458907,0.7830356577742832,0.42082558892199967,1.8999999999999932,0,0.41771656108633226,False,
M5_UNEQUAL_WIDTH,3.9166666666666576,234,O101,13,C1,214.641572827652,33.95709926573498,0.1539009563484607,0.9880862794488289,0.14450785065641603,0.14450785065641603,0.14450785065641603,0.7020811117759292,0.7022425979618346,0.2541251446383558,1.8999999999999932,0,0.31679645631832387,False,
M5_UNEQUAL_WIDTH,3.9166666666666576,234,O101,13,C2,265.06094151319854,-9.398428746959773,0.9816455884578474,0.19071428541471797,0.9797896381882606,0.9797896381882606,0.9797896381882606,0.09448930961320993,0.10022391973149712,0.10589787647796219,1.4999999999999947,0,0.8925529756626125,True,
M5_UNEQUAL_WIDTH,3.9166666666666576,234,O102,16,C0,207.6361939021034,-36.263997440493995,0.1422685015644752,-0.9898281029868767,0.1425062355653757,0.1425062355653757,0.1425062355653757,0.7298761850199131,0.7303600967611749,0.5368537093901316,1.8999999999999932,0,0.3888830320323666,False,
M5_UNEQUAL_WIDTH,3.9166666666666576,234,O102,16,C1,214.641572827652,33.95709926573498,0.1539009563484607,0.9880862794488289,0.15366363215826742,0.15366363215826742,0.15366363215826742,0.6666597513785374,0.6669480631148726,0.3701532651064877,1.8999999999999932,0,0.3512654066142654,False,
M5_UNEQUAL_WIDTH,3.9166666666666576,234,O102,16,C2,265.06094151319854,-9.398428746959773,0.9816455884578474,0.19071428541471797,0.9815997541572696,0.9815997541572696,0.9815997541572696,0.12648483162036772,0.13346641273249546,0.2219259969460941,1.4999999999999947,0,0.8561697737335989,True,
M5_UNEQUAL_WIDTH,3.9166666666666576,234,O103,20,C0,207.6361939021034,-36.263997440493995,0.1422685015644752,-0.9898281029868767,-0.9520146720603516,-0.9520146720603516,0.9520146720603516,0.8350074688762754,0.8378051315754457,0.17193342415992435,1.8999999999999932,0,0.30085781248490073,False,
M5_UNEQUAL_WIDTH,3.9166666666666576,234,O103,20,C1,214.641572827652,33.95709926573498,0.1539009563484607,0.9880862794488289,0.9999051158411807,0.9999051158411807,0.9999051158411807,0.014628971054352664,0.016449206432237212,0.005232979876280484,1.8999999999999932,0,0.9857643729519101,True,
M5_UNEQUAL_WIDTH,3.9166666666666576,234,O103,20,C2,265.06094151319854,-9.398428746959773,0.9816455884578474,0.19071428541471797,0.35244320242945426,0.35244320242945426,0.35244320242945426,0.7774471225494638,0.7840732510470141,0.14299428828411312,1.4999999999999947,0,0.23958464360443976,False,
M5_UNEQUAL_WIDTH,4.016666666666658,240,O104,0,C0,207.6361939021034,-36.263997440493995,0.1422685015644752,-0.9898281029868767,0.9769395490472998,0.9769395490472998,0.9769395490472998,0.1628447129639324,0.1645638062175504,0.16088659577496417,1.9999999999999933,0,0.8798387320308125,True,
M5_UNEQUAL_WIDTH,4.016666666666658,240,O104,0,C1,214.641572827652,33.95709926573498,0.1539009563484607,0.9880862794488289,-0.9966320744815291,-0.9966320744815291,0.9966320744815291,0.9699940976720246,0.9845180974892104,0.327587040058608,1.9999999999999933,0,0.28425234950849354,False,
M5_UNEQUAL_WIDTH,4.016666666666658,240,O104,0,C2,265.06094151319854,-9.398428746959773,0.9816455884578474,0.19071428541471797,-0.26124282388646236,-0.26124282388646236,0.26124282388646236,0.7451945014333284,0.7600388407058729,0.4758143082190016,1.5999999999999948,0,0.4501294236323916,False,
M5_UNEQUAL_WIDTH,4.016666666666658,240,O105,1,C0,207.6361939021034,-36.263997440493995,0.1422685015644752,-0.9898281029868767,0.9954574190600268,0.9954574190600268,0.9954574190600268,0.057271244110772175,0.06096667113602997,0.016342540063703496,1.9999999999999933,0,0.9520474434280187,True,
M5_UNEQUAL_WIDTH,4.016666666666658,240,O105,1,C1,214.641572827652,33.95709926573498,0.1539009563484607,0.9880862794488289,-0.979684192806512,-0.979684192806512,0.979684192806512,0.8964431037463207,0.899294284685796,0.15035790421994039,1.9999999999999933,0,0.23900544999990947,False,
M5_UNEQUAL_WIDTH,4.016666666666658,240,O105,1,C2,265.06094151319854,-9.398428746959773,0.9816455884578474,0.19071428541471797,-0.14398688932661766,-0.14398688932661766,0.14398688932661766,0.7762072311086852,0.820793332834399,0.298585172380334,1.5999999999999948,0,0.34107421868066934,False,
M5_UNEQUAL_WIDTH,4.016666666666658,240,O106,2,C0,207.6361939021034,-36.263997440493995,0.1422685015644752,-0.9898281029868767,0.9999999789140002,0.9999999789140002,0.9999999789140002,0.006875641606841676,0.006875652733552936,0.0018584576904494554,1.9999999999999933,0,0.9942431040526544,True,
M5_UNEQUAL_WIDTH,4.016666666666658,240,O106,2,C1,214.641572827652,33.95709926573498,0.1539009563484607,0.9880862794488289,-0.9560801376829606,-0.9560801376829606,0.9560801376829606,0.8394695390109064,0.8422671110972075,0.1648419865931944,1.9999999999999933,0,0.2960263432778475,False,
M5_UNEQUAL_WIDTH,4.016666666666658,240,O106,2,C2,265.06094151319854,-9.398428746959773,0.9816455884578474,0.19071428541471797,-0.04891200101117377,-0.04891200101117377,0.04891200101117377,0.7485249694714787,0.8545858916224696,0.31306925475358804,1.5999999999999948,0,0.37229186358859834,False,
M5_UNEQUAL_WIDTH,4.016666666666658,240,O107,6,C0,207.6361939021034,-36.263997440493995,0.1422685015644752,-0.9898281029868767,-0.3088838629131729,-0.3088838629131729,0.3088838629131729,0.6486586706713802,0.6555585658840825,0.1742989868628692,1.9999999999999933,0,0.4568855263365055,False,
M5_UNEQUAL_WIDTH,4.016666666666658,240,O107,6,C1,214.641572827652,33.95709926573498,0.1539009563484607,0.9880862794488289,0.016750587869487465,0.016750587869487465,0.016750587869487465,0.7149441902727592,0.7303276883333761,0.007598542579225341,1.9999999999999933,0,0.30427924048059807,False,
M5_UNEQUAL_WIDTH,4.016666666666658,240,O107,6,C2,265.06094151319854,-9.398428746959773,0.9816455884578474,0.19071428541471797,-0.934780327156824,-0.934780327156824,0.934780327156824,1.1840277981837803,1.1871185393117956,0.14062872558116826,1.5999999999999948,0,0.0,False,
M5_UNEQUAL_WIDTH,4.016666666666658,240,O108,10,C0,207.6361939021034,-36.263997440493995,0.1422685015644752,-0.9898281029868767,-0.04286952957694559,-0.04286952957694559,0.04286952957694559,0.73641216632347,0.8830720652280545,0.25513739213395986,1.9999999999999933,0,0.38341052976567913,False,
M5_UNEQUAL_WIDTH,4.016666666666658,240,O108,10,C1,214.641572827652,33.95709926573498,0.1539009563484607,0.9880862794488289,0.3336290539299278,0.3336290539299278,0.3336290539299278,0.8177614328342728,0.8192409459079281,0.08843694785031599,1.9999999999999933,0,0.2042265495715404,False,
M5_UNEQUAL_WIDTH,4.016666666666658,240,O108,10,C2,265.06094151319854,-9.398428746959773,0.9816455884578474,0.19071428541471797,0.9999804424822938,0.9999804424822938,0.9999804424822938,0.04135846873866117,0.04178778427404005,0.059790320310077624,1.5999999999999948,0,0.9559638708160787,True,
M5_UNEQUAL_WIDTH,4.016666666666658,240,O109,15,C0,207.6361939021034,-36.263997440493995,0.1422685015644752,-0.9898281029868767,0.14439387251184646,0.14439387251184646,0.14439387251184646,0.6924125770923035,0.7794749301465339,0.4251470858929353,1.9999999999999933,0,0.42025088175228087,False,
M5_UNEQUAL_WIDTH,4.016666666666658,240,O109,15,C1,214.641572827652,33.95709926573498,0.1539009563484607,0.9880862794488289,0.15177864308389635,0.15177864308389635,0.15177864308389635,0.7013031820201758,0.7027618932376557,0.2584466416092915,1.9999999999999933,0,0.317553469086438,False,
M5_UNEQUAL_WIDTH,4.016666666666658,240,O109,15,C2,265.06094151319854,-9.398428746959773,0.9816455884578474,0.19071428541471797,0.9812337575637561,0.9812337575637561,0.9812337575637561,0.096249919169009,0.10254227640256622,0.11021937344889784,1.5999999999999948,0,0.8905509263454469,True,
M5_UNEQUAL_WIDTH,4.016666666666658,240,O110,19,C0,207.6361939021034,-36.263997440493995,0.1422685015644752,-0.9898281029868767,0.13925992169293785,0.13925992169293785,0.13925992169293785,0.7248484966821553,0.7253839117440569,0.5392230694058102,1.9999999999999933,0,0.3930926578783901,False,
M5_UNEQUAL_WIDTH,4.016666666666658,240,O110,19,C1,214.641572827652,33.95709926573498,0.1539009563484607,0.9880862794488289,0.15690287561486987,0.15690287561486987,0.15690287561486987,0.6649269952150659,0.6667128144960159,0.3725226251221664,1.9999999999999933,0,0.3529515724024682,False,
M5_UNEQUAL_WIDTH,4.016666666666658,240,O110,19,C2,265.06094151319854,-9.398428746959773,0.9816455884578474,0.19071428541471797,0.9822206049337158,0.9822206049337158,0.9822206049337158,0.1275103855306408,0.1363348351906367,0.22429535696177277,1.5999999999999948,0,0.8550035813208541,True,
M5_UNEQUAL_WIDTH,4.016666666666658,240,O111,26,C0,207.6361939021034,-36.263997440493995,0.1422685015644752,-0.9898281029868767,-0.9491802324425895,-0.9491802324425895,0.9491802324425895,0.8352694330955595,0.8382459109349772,0.17383848769986154,1.9999999999999933,0,0.3006384728452597,False,
M5_UNEQUAL_WIDTH,4.016666666666658,240,O111,26,C1,214.641572827652,33.95709926573498,0.1539009563484607,0.9880862794488289,0.9997376353150416,0.9997376353150416,0.9997376353150416,0.011085277401297947,0.0165094715374887,0.007138043416217684,1.9999999999999933,0,0.9892127837136883,True,
M5_UNEQUAL_WIDTH,4.016666666666658,240,O111,26,C2,265.06094151319854,-9.398428746959773,0.9816455884578474,0.19071428541471797,0.36097415744928446,0.36097415744928446,0.36097415744928446,0.7806727749188935,0.7888145248949466,0.14108922474417593,1.5999999999999948,0,0.23500421793416082,False,
M5_UNEQUAL_WIDTH,4.116666666666657,246,O112,0,C0,207.6361939021034,-36.263997440493995,0.1422685015644752,-0.9898281029868767,0.9759382036154511,0.9759382036154511,0.9759382036154511,0.1669201769576002,0.16869548192233316,0.15968661643494353,2.099999999999993,0,0.8767223369933337,True,
M5_UNEQUAL_WIDTH,4.116666666666657,246,O112,0,C1,214.641572827652,33.95709926573498,0.1539009563484607,0.9880862794488289,-0.9970018807778753,-0.9970018807778753,0.9970018807778753,0.9741660135669079,0.9884842828494891,0.3263870607185874,2.099999999999993,0,0.28053689061476406,False,
M5_UNEQUAL_WIDTH,4.116666666666657,246,O112,0,C2,265.06094151319854,-9.398428746959773,0.9816455884578474,0.19071428541471797,-0.26571938378182336,-0.26571938378182336,0.26571938378182336,0.7468375487783944,0.7631715555009004,0.47461432887898103,1.6999999999999944,0,0.4484286481291343,False,
M5_UNEQUAL_WIDTH,4.116666666666657,246,O113,1,C0,207.6361939021034,-36.263997440493995,0.1422685015644752,-0.9898281029868767,0.9957515744624716,0.9957515744624716,0.9957515744624716,0.05662781770728685,0.060720432301128856,0.01855195873508261,2.099999999999993,0,0.9525861769843103,True,
M5_UNEQUAL_WIDTH,4.116666666666657,246,O113,1,C1,214.641572827652,33.95709926573498,0.1539009563484607,0.9880862794488289,-0.9790494033517951,-0.9790494033517951,0.9790494033517951,0.8956574866147065,0.8984127046655205,0.14814848554856125,2.099999999999993,0,0.23824362477728567,False,
M5_UNEQUAL_WIDTH,4.116666666666657,246,O113,1,C2,265.06094151319854,-9.398428746959773,0.9816455884578474,0.19071428541471797,-0.14087771364382423,-0.14087771364382423,0.14087771364382423,0.7751791656291797,0.8210325957590572,0.29637575370895486,1.6999999999999944,0,0.3407103941153433,False,
M5_UNEQUAL_WIDTH,4.116666666666657,246,O114,2,C0,207.6361939021034,-36.263997440493995,0.1422685015644752,-0.9898281029868767,0.999984256264428,0.999984256264428,0.999984256264428,0.008079138040350336,0.008811265584390424,0.0029832699250195425,2.099999999999993,0,0.9932354302766075,True,
M5_UNEQUAL_WIDTH,4.116666666666657,246,O114,2,C1,214.641572827652,33.95709926573498,0.1539009563484607,0.9880862794488289,-0.9544816413960143,-0.9544816413960143,0.9544816413960143,0.8373574291307594,0.8400719653190294,0.16371717435862432,2.099999999999993,0,0.2971345598124777,False,
M5_UNEQUAL_WIDTH,4.116666666666657,246,O114,2,C2,265.06094151319854,-9.398428746959773,0.9816455884578474,0.19071428541471797,-0.043511764145965165,-0.043511764145965165,0.043511764145965165,0.7468021225731388,0.8560704464787945,0.31194444251901793,1.6999999999999944,0,0.3731453446824582,False,
M5_UNEQUAL_WIDTH,4.116666666666657,246,O115,5,C0,207.6361939021034,-36.263997440493995,0.1422685015644752,-0.9898281029868767,-0.30911638640142364,-0.30911638640142364,0.30911638640142364,0.6453344976331661,0.6543528214226211,0.17835224308698305,2.099999999999993,0,0.45966881833836437,False,
M5_UNEQUAL_WIDTH,4.116666666666657,246,O115,5,C1,214.641572827652,33.95709926573498,0.1539009563484607,0.9880862794488289,0.016995041320399557,0.016995041320399557,0.016995041320399557,0.7153444729088376,0.7301747329173258,0.011651798803339173,2.099999999999993,0,0.30388972065040176,False,
M5_UNEQUAL_WIDTH,4.116666666666657,246,O115,5,C2,265.06094151319854,-9.398428746959773,0.9816455884578474,0.19071428541471797,-0.9346934505557132,-0.9346934505557132,0.9346934505557132,1.182035788662347,1.1849567747652383,0.13657546935705445,1.6999999999999944,0,0.0,False,
M5_UNEQUAL_WIDTH,4.116666666666657,246,O116,9,C0,207.6361939021034,-36.263997440493995,0.1422685015644752,-0.9898281029868767,-0.04303496013555877,-0.04303496013555877,0.04303496013555877,0.7346946424991809,0.8858354849583181,0.24702225701902286,2.099999999999993,0,0.3848485927871257,False,
M5_UNEQUAL_WIDTH,4.116666666666657,246,O116,9,C1,214.641572827652,33.95709926573498,0.1539009563484607,0.9880862794488289,0.33378514553424465,0.33378514553424465,0.33378514553424465,0.8196175735799326,0.8213394910746123,0.080321812735379,2.099999999999993,0,0.20242031676775663,False,
M5_UNEQUAL_WIDTH,4.116666666666657,246,O116,9,C2,265.06094151319854,-9.398428746959773,0.9816455884578474,0.19071428541471797,0.9999814643603235,0.9999814643603235,0.9999814643603235,0.04465756129823049,0.045397686744432314,0.06790545542501461,1.6999999999999944,0,0.952858513459937,True,
M5_UNEQUAL_WIDTH,4.116666666666657,246,O117,13,C0,207.6361939021034,-36.263997440493995,0.1422685015644752,-0.9898281029868767,0.1431992228217043,0.1431992228217043,0.1431992228217043,0.6924807371592998,0.7778604353371138,0.4269650203452023,2.099999999999993,0,0.4201938121090536,False,
M5_UNEQUAL_WIDTH,4.116666666666657,246,O117,13,C1,214.641572827652,33.95709926573498,0.1539009563484607,0.9880862794488289,0.1529717420688097,0.1529717420688097,0.1529717420688097,0.6995604817441757,0.7012819383172502,0.2602645760615584,2.099999999999993,0,0.3192493116097137,False,
M5_UNEQUAL_WIDTH,4.116666666666657,246,O117,13,C2,265.06094151319854,-9.398428746959773,0.9816455884578474,0.19071428541471797,0.981465816400645,0.981465816400645,0.981465816400645,0.09767139652063139,0.10325872700258909,0.11203730790116478,1.6999999999999944,0,0.888934515851815,True,
M5_UNEQUAL_WIDTH,4.116666666666657,246,O118,16,C0,207.6361939021034,-36.263997440493995,0.1422685015644752,-0.9898281029868767,0.13730651542382896,0.13730651542382896,0.13730651542382896,0.7259280814160839,0.7259512686203754,0.543662165780509,2.099999999999993,0,0.39218873394882037,False,
M5_UNEQUAL_WIDTH,4.116666666666657,246,O118,16,C1,214.641572827652,33.95709926573498,0.1539009563484607,0.9880862794488289,0.15885049520461525,0.15885049520461525,0.15885049520461525,0.6625205232505698,0.6645915733461256,0.376961721496865,2.099999999999993,0,0.35529333911052785,False,
M5_UNEQUAL_WIDTH,4.116666666666657,246,O118,16,C2,265.06094151319854,-9.398428746959773,0.9816455884578474,0.19071428541471797,0.9825889651785131,0.9825889651785131,0.9825889651785131,0.13013000603645852,0.13829657772232656,0.22873445333647144,1.6999999999999944,0,0.8520247212847769,True,
M5_UNEQUAL_WIDTH,4.116666666666657,246,O119,20,C0,207.6361939021034,-36.263997440493995,0.1422685015644752,-0.9898281029868767,-0.9507794673404592,-0.9507794673404592,0.9507794673404592,0.8330873360377331,0.8362146156523534,0.17767640650548278,2.099999999999993,0,0.3024655177128128,False,
M5_UNEQUAL_WIDTH,4.116666666666657,246,O119,20,C1,214.641572827652,33.95709926573498,0.1539009563484607,0.9880862794488289,0.9998418214148657,0.9998418214148657,0.9998418214148657,0.012461269718273502,0.016371597428975808,0.010975962221838895,2.099999999999993,0,0.9878737891000053,True,
M5_UNEQUAL_WIDTH,4.116666666666657,246,O119,20,C2,265.06094151319854,-9.398428746959773,0.9816455884578474,0.19071428541471797,0.3561939053663582,0.3561939053663582,0.3561939053663582,0.7791666077187565,0.7865423943294597,0.13725130593855472,1.6999999999999944,0,0.23359781703642823,False,
M5_UNEQUAL_WIDTH,4.216666666666657,252,O120,0,C0,207.6361939021034,-36.263997440493995,0.1422685015644752,-0.9898281029868767,0.9750301893626862,0.9750301893626862,0.9750301893626862,0.16945051169990885,0.1712589750334255,0.1601295775323846,2.1999999999999926,0,0.8748945046886898,True,
M5_UNEQUAL_WIDTH,4.216666666666657,252,O120,0,C1,214.641572827652,33.95709926573498,0.1539009563484607,0.9880862794488289,-0.9973126676485682,-0.9973126676485682,0.9973126676485682,0.9770887689884634,0.9913584296639308,0.3268300218160285,2.1999999999999926,0,0.2786143093866752,False,
M5_UNEQUAL_WIDTH,4.216666666666657,252,O120,0,C2,265.06094151319854,-9.398428746959773,0.9816455884578474,0.19071428541471797,-0.2696949846039452,-0.2696949846039452,0.2696949846039452,0.7484828026498969,0.7659913203024337,0.4750572899764221,1.799999999999994,0,0.44739434057688166,False,
M5_UNEQUAL_WIDTH,4.216666666666657,252,O121,1,C0,207.6361939021034,-36.263997440493995,0.1422685015644752,-0.9898281029868767,0.9961122559575707,0.9961122559575707,0.9961122559575707,0.054443348904477856,0.05851382556940073,0.01758166053003864,2.1999999999999926,0,0.9544152076867658,True,
M5_UNEQUAL_WIDTH,4.216666666666657,252,O121,1,C1,214.641572827652,33.95709926573498,0.1539009563484607,0.9880862794488289,-0.9782263117460623,-0.9782263117460623,0.9782263117460623,0.8933596262212469,0.8961399358982977,0.14911878375360524,2.1999999999999926,0,0.2408244549491514,False,
M5_UNEQUAL_WIDTH,4.216666666666657,252,O121,1,C2,265.06094151319854,-9.398428746959773,0.9816455884578474,0.19071428541471797,-0.13691281403165664,-0.13691281403165664,0.13691281403165664,0.7736036339625763,0.8216232250181025,0.2973460519139988,1.799999999999994,0,0.3425929007436399,False,
M5_UNEQUAL_WIDTH,4.216666666666657,252,O122,2,C0,207.6361939021034,-36.263997440493995,0.1422685015644752,-0.9898281029868767,0.999998241223954,0.999998241223954,0.999998241223954,0.00794315339218824,0.007980424440775957,0.0037923560221425675,2.1999999999999926,0,0.9933492886646199,True,
M5_UNEQUAL_WIDTH,4.216666666666657,252,O122,2,C1,214.641572827652,33.95709926573498,0.1539009563484607,0.9880862794488289,-0.9555892727658871,-0.9555892727658871,0.9555892727658871,0.8397155013070263,0.8424346686267745,0.1629080882615013,2.1999999999999926,0,0.29467621891014717,False,
M5_UNEQUAL_WIDTH,4.216666666666657,252,O122,2,C2,265.06094151319854,-9.398428746959773,0.9816455884578474,0.19071428541471797,-0.04724377672003127,-0.04724377672003127,0.04724377672003127,0.7477139557107878,0.8542516919479823,0.31113535642189494,1.799999999999994,0,0.371953437093027,False,
M5_UNEQUAL_WIDTH,4.216666666666657,252,O123,5,C0,207.6361939021034,-36.263997440493995,0.1422685015644752,-0.9898281029868767,-0.30694061069525846,-0.30694061069525846,0.30694061069525846,0.6474210800255225,0.6566439794914972,0.17318741095709506,2.1999999999999926,0,0.45792174680595543,False,
M5_UNEQUAL_WIDTH,4.216666666666657,252,O123,5,C1,214.641572827652,33.95709926573498,0.1539009563484607,0.9880862794488289,0.014708353520190731,0.014708353520190731,0.014708353520190731,0.7142228612823401,0.7299786974975253,0.006486966673451193,2.1999999999999926,0,0.30498117436565586,False,
M5_UNEQUAL_WIDTH,4.216666666666657,252,O123,5,C2,265.06094151319854,-9.398428746959773,0.9816455884578474,0.19071428541471797,-0.9355039221003993,-0.9355039221003993,0.9355039221003993,1.182767426073608,1.1859043664507323,0.14174030148694242,1.799999999999994,0,0.0,False,
M5_UNEQUAL_WIDTH,4.216666666666657,252,O124,9,C0,207.6361939021034,-36.263997440493995,0.1422685015644752,-0.9898281029868767,-0.04188235218778677,-0.04188235218778677,0.04188235218778677,0.7338459092766304,0.8884413046200824,0.2411712615087827,2.1999999999999926,0,0.3855592273909446,False,
M5_UNEQUAL_WIDTH,4.216666666666657,252,O124,9,C1,214.641572827652,33.95709926573498,0.1539009563484607,0.9880862794488289,0.33269743799221285,0.33269743799221285,0.33269743799221285,0.8216374358662192,0.8232592495938276,0.07447081722513885,2.1999999999999926,0,0.20045476457073308,False,
M5_UNEQUAL_WIDTH,4.216666666666657,252,O124,9,C2,265.06094151319854,-9.398428746959773,0.9816455884578474,0.19071428541471797,0.9999737748295512,0.9999737748295512,0.9999737748295512,0.04739153450866042,0.04811425468463083,0.07375645093525476,1.799999999999994,0,0.9502795674041643,True,
M5_UNEQUAL_WIDTH,4.216666666666657,252,O125,13,C0,207.6361939021034,-36.263997440493995,0.1422685015644752,-0.9898281029868767,0.1422682432912007,0.1422682432912007,0.1422682432912007,0.694208910911702,0.7756961551560576,0.4313718368985442,2.1999999999999926,0,0.41874683202480756,False,
M5_UNEQUAL_WIDTH,4.216666666666657,252,O125,13,C1,214.641572827652,33.95709926573498,0.1539009563484607,0.9880862794488289,0.1539012141672357,0.1539012141672357,0.1539012141672357,0.6982998112545812,0.6999473993800892,0.2646713926149003,2.1999999999999926,0,0.32047608517114345,False,
M5_UNEQUAL_WIDTH,4.216666666666657,252,O125,13,C2,265.06094151319854,-9.398428746959773,0.9816455884578474,0.19071428541471797,0.9816456382203961,0.9816456382203961,0.9816456382203961,0.09812046301937917,0.1037461594002997,0.11644412445450669,1.799999999999994,0,0.888423866983519,True,
M5_UNEQUAL_WIDTH,4.216666666666657,252,O126,16,C0,207.6361939021034,-36.263997440493995,0.1422685015644752,-0.9898281029868767,0.13757120058098046,0.13757120058098046,0.13757120058098046,0.724762701294348,0.7251627540274329,0.5387959103053631,2.1999999999999926,0,0.3931644933736953,False,
M5_UNEQUAL_WIDTH,4.216666666666657,252,O126,16,C1,214.641572827652,33.95709926573498,0.1539009563484607,0.9880862794488289,0.1585866615173935,0.1585866615173935,0.1585866615173935,0.6640099950480562,0.6659689593378508,0.3720954660217193,2.1999999999999926,0,0.3538439162544099,False,
M5_UNEQUAL_WIDTH,4.216666666666657,252,O126,16,C2,265.06094151319854,-9.398428746959773,0.9816455884578474,0.19071428541471797,0.9825392823841183,0.9825392823841183,0.9825392823841183,0.128441224301622,0.13637462633017955,0.22386819786132564,1.799999999999994,0,0.853945092731095,True,
M5_UNEQUAL_WIDTH,4.216666666666657,252,O127,20,C0,207.6361939021034,-36.263997440493995,0.1422685015644752,-0.9898281029868767,-0.9493036261674013,-0.9493036261674013,0.9493036261674013,0.8358102746762568,0.8388594030723864,0.17538533475282594,2.1999999999999926,0,0.3001856323858363,False,
M5_UNEQUAL_WIDTH,4.216666666666657,252,O127,20,C1,214.641572827652,33.95709926573498,0.1539009563484607,0.9880862794488289,0.999746543985888,0.999746543985888,0.999746543985888,0.010408018930611688,0.016120760310528538,0.008684890469182062,2.1999999999999926,0,0.9898718320478485,True,
M5_UNEQUAL_WIDTH,4.216666666666657,252,O127,20,C2,265.06094151319854,-9.398428746959773,0.9816455884578474,0.19071428541471797,0.3606082891024537,0.3606082891024537,0.3606082891024537,0.7813876461830782,0.7886264008373749,0.13954237769121156,1.799999999999994,0,0.23314130997800775,False,
M5_UNEQUAL_WIDTH,4.316666666666657,258,O128,0,C0,207.6361939021034,-36.263997440493995,0.1422685015644752,-0.9898281029868767,0.9704183462695324,0.9704183462695324,0.9704183462695324,0.17969725900607686,0.18194764101819305,0.16338335837997808,2.2999999999999923,0,0.8676472671023127,True,
M5_UNEQUAL_WIDTH,4.316666666666657,258,O128,0,C1,214.641572827652,33.95709926573498,0.1539009563484607,0.9880862794488289,-0.9985730001682936,-0.9985730001682936,0.9985730001682936,0.9894768278863763,1.0036047197173712,0.330083802663622,2.2999999999999923,0,0.27121892101165634,False,
M5_UNEQUAL_WIDTH,4.316666666666657,258,O128,0,C2,265.06094151319854,-9.398428746959773,0.9816455884578474,0.19071428541471797,-0.2888023094693393,-0.2888023094693393,0.2888023094693393,0.7564782872550114,0.778951696333645,0.4783110708240156,1.8999999999999937,0,0.44282973903026135,False,
M5_UNEQUAL_WIDTH,4.316666666666657,258,O129,1,C0,207.6361939021034,-36.263997440493995,0.1422685015644752,-0.9898281029868767,0.9999972434714836,0.9999972434714836,0.9999972434714836,0.008975425759973156,0.009084456505754105,0.0002484438781177376,2.2999999999999923,0,0.9924849788371931,True,
M5_UNEQUAL_WIDTH,4.316666666666657,258,O129,1,C1,214.641572827652,33.95709926573498,0.1539009563484607,0.9880862794488289,-0.9554499264604581,-0.9554499264604581,0.9554499264604581,0.837912677476347,0.8407904244325015,0.16645200040552613,2.2999999999999923,0,0.29827934322859573,False,
M5_UNEQUAL_WIDTH,4.316666666666657,258,O129,1,C2,265.06094151319854,-9.398428746959773,0.9816455884578474,0.19071428541471797,-0.04677182259450505,-0.04677182259450505,0.04677182259450505,0.7461313323824151,0.8542260305662753,0.31467926856591977,1.8999999999999937,0,0.375142801068443,False,
M5_UNEQUAL_WIDTH,4.316666666666657,258,O130,4,C0,207.6361939021034,-36.263997440493995,0.1422685015644752,-0.9898281029868767,-0.3112102672560343,-0.3112102672560343,0.3112102672560343,0.6457713282524744,0.6538901430771537,0.17730183644305172,2.2999999999999923,0,0.45930306506532137,False,
M5_UNEQUAL_WIDTH,4.316666666666657,258,O130,4,C1,214.641572827652,33.95709926573498,0.1539009563484607,0.9880862794488289,0.019197181771169414,0.019197181771169414,0.019197181771169414,0.7140325799815406,0.7310402232619291,0.010601392159407854,2.2999999999999923,0,0.30516633937981463,False,
M5_UNEQUAL_WIDTH,4.316666666666657,258,O130,4,C2,265.06094151319854,-9.398428746959773,0.9816455884578474,0.19071428541471797,-0.9339082942162612,-0.9339082942162612,0.9339082942162612,1.1815463212626838,1.1845135575174093,0.13762587600098575,1.8999999999999937,0,0.0,False,
M5_UNEQUAL_WIDTH,4.316666666666657,258,O131,7,C0,207.6361939021034,-36.263997440493995,0.1422685015644752,-0.9898281029868767,-0.03653625092632046,-0.03653625092632046,0.03653625092632046,0.7292640512136076,0.8995564360380826,0.21664641504940735,2.2999999999999923,0,0.3893955646555399,False,
M5_UNEQUAL_WIDTH,4.316666666666657,258,O131,7,C1,214.641572827652,33.95709926573498,0.1539009563484607,0.9880862794488289,0.32764726123557275,0.32764726123557275,0.32764726123557275,0.8311541553974552,0.8326810957223549,0.04994597076576348,2.2999999999999923,0,0.19119393074553792,False,
M5_UNEQUAL_WIDTH,4.316666666666657,258,O131,7,C2,265.06094151319854,-9.398428746959773,0.9816455884578474,0.19071428541471797,0.9999207155388481,0.9999207155388481,0.9999207155388481,0.06081850921175716,0.06136590264457175,0.09828129739463012,1.8999999999999937,0,0.9377933485369868,True,
M5_UNEQUAL_WIDTH,4.316666666666657,258,O132,10,C0,207.6361939021034,-36.263997440493995,0.1422685015644752,-0.9898281029868767,0.13451171981235102,0.13451171981235102,0.13451171981235102,0.7264975861712218,0.7266932515256436,0.541966671054408,2.2999999999999923,0,0.3917118941418145,False,
M5_UNEQUAL_WIDTH,4.316666666666657,258,O132,10,C1,214.641572827652,33.95709926573498,0.1539009563484607,0.9880862794488289,0.16163501210217843,0.16163501210217843,0.16163501210217843,0.6648561687559241,0.666799416013712,0.37526622677076416,2.2999999999999923,0,0.3530204944786507,False,
M5_UNEQUAL_WIDTH,4.316666666666657,258,O132,10,C2,265.06094151319854,-9.398428746959773,0.9816455884578474,0.19071428541471797,0.983109170723347,0.983109170723347,0.983109170723347,0.12780723799565016,0.13664023687720203,0.22703895861037054,1.8999999999999937,0,0.8546660202341763,True,
M5_UNEQUAL_WIDTH,4.316666666666657,258,O133,14,C0,207.6361939021034,-36.263997440493995,0.1422685015644752,-0.9898281029868767,-0.9500000601323072,-0.9500000601323072,0.9500000601323072,0.833747066648114,0.8368800187490257,0.17820480776746248,2.2999999999999923,0,0.30191313283087506,False,
M5_UNEQUAL_WIDTH,4.316666666666657,258,O133,14,C1,214.641572827652,33.95709926573498,0.1539009563484607,0.9880862794488289,0.9997941178955795,0.9997941178955795,0.9997941178955795,0.013189906696055055,0.017727475289255244,0.0115043634838186,2.2999999999999923,0,0.9871647437248654,True,
M5_UNEQUAL_WIDTH,4.316666666666657,258,O133,14,C2,265.06094151319854,-9.398428746959773,0.9816455884578474,0.19071428541471797,0.35853409949719917,0.35853409949719917,0.35853409949719917,0.7785048570927676,0.7865516149102515,0.136722904676575,1.8999999999999937,0,0.23385052447153876,False,
M5_UNEQUAL_WIDTH,4.416666666666656,264,O134,0,C0,207.6361939021034,-36.263997440493995,0.1422685015644752,-0.9898281029868767,0.9674065323950644,0.9674065323950644,0.9674065323950644,0.19149157237940714,0.1915535493751697,0.169241838649903,2.399999999999992,0,0.8595663462012113,True,
M5_UNEQUAL_WIDTH,4.416666666666656,264,O134,0,C1,214.641572827652,33.95709926573498,0.1539009563484607,0.9880862794488289,-0.9991492575870805,-0.9991492575870805,0.9991492575870805,1.0043073352294063,1.0185495222964784,0.3359422829335469,2.399999999999992,0,0.26347386012504415,False,
M5_UNEQUAL_WIDTH,4.416666666666656,264,O134,0,C2,265.06094151319854,-9.398428746959773,0.9816455884578474,0.19071428541471797,-0.30043893298616486,-0.30043893298616486,0.30043893298616486,0.7675286658939336,0.7941834807897356,0.4841695510939405,1.9999999999999933,0,0.43711958908962334,False,
M5_UNEQUAL_WIDTH,4.416666666666656,264,O135,1,C0,207.6361939021034,-36.263997440493995,0.1422685015644752,-0.9898281029868767,0.9955472696180827,0.9955472696180827,0.9955472696180827,0.06282354659158004,0.06360597010162448,0.013755040988199664,2.399999999999992,0,0.9473985641702061,True,
M5_UNEQUAL_WIDTH,4.416666666666656,264,O135,1,C1,214.641572827652,33.95709926573498,0.1539009563484607,0.9880862794488289,-0.9794935471941204,-0.9794935471941204,0.9794935471941204,0.9022350241420821,0.9051542502198383,0.1529454032954442,2.399999999999992,0,0.2357673301899159,False,
M5_UNEQUAL_WIDTH,4.416666666666656,264,O135,1,C2,265.06094151319854,-9.398428746959773,0.9816455884578474,0.19071428541471797,-0.14304827409708898,-0.14304827409708898,0.14304827409708898,0.7803281266373885,0.8228334037154749,0.3011726714558378,1.9999999999999933,0,0.33902782358171835,False,
M5_UNEQUAL_WIDTH,4.416666666666656,264,O136,2,C0,207.6361939021034,-36.263997440493995,0.1422685015644752,-0.9898281029868767,0.9999562281346448,0.9999562281346448,0.9999562281346448,0.005379115330181734,0.007846830419964425,0.0023620564426807163,2.399999999999992,0,0.9955050181873175,True,
M5_UNEQUAL_WIDTH,4.416666666666656,264,O136,2,C1,214.641572827652,33.95709926573498,0.1539009563484607,0.9880862794488289,-0.953357889240299,-0.953357889240299,0.953357889240299,0.8401893867732197,0.8430302975738464,0.1690625007263246,2.399999999999992,0,0.2979075961498481,False,
M5_UNEQUAL_WIDTH,4.416666666666656,264,O136,2,C2,265.06094151319854,-9.398428746959773,0.9816455884578474,0.19071428541471797,-0.039769877071168386,-0.039769877071168386,0.039769877071168386,0.7501559380270256,0.8595847886558462,0.31728976888671817,1.9999999999999933,0,0.3731427769938983,False,
M5_UNEQUAL_WIDTH,4.416666666666656,264,O137,5,C0,207.6361939021034,-36.263997440493995,0.1422685015644752,-0.9898281029868767,-0.30926355781665726,-0.30926355781665726,0.30926355781665726,0.64809739522589,0.6560528742027723,0.1683223399070714,2.399999999999992,0,0.45735547583682146,False,
M5_UNEQUAL_WIDTH,4.416666666666656,264,O137,5,C1,214.641572827652,33.95709926573498,0.1539009563484607,0.9880862794488289,0.017149773097744014,0.017149773097744014,0.017149773097744014,0.718633097790677,0.7325721855305857,0.0016218956234275374,2.399999999999992,0,0.30068952036666374,False,
M5_UNEQUAL_WIDTH,4.416666666666656,264,O137,5,C2,265.06094151319854,-9.398428746959773,0.9816455884578474,0.19071428541471797,-0.9346384311849345,-0.9346384311849345,0.9346384311849345,1.185847897407143,1.1891160329814394,0.14660537253696607,1.9999999999999933,0,0.0,False,
M5_UNEQUAL_WIDTH,4.416666666666656,264,O138,9,C0,207.6361939021034,-36.263997440493995,0.1422685015644752,-0.9898281029868767,-0.032572746552682386,-0.032572746552682386,0.032572746552682386,0.7251753753404684,0.9101194639531839,0.19108262047959151,2.399999999999992,0,0.39281896612263545,False,
M5_UNEQUAL_WIDTH,4.416666666666656,264,O138,9,C1,214.641572827652,33.95709926573498,0.1539009563484607,0.9880862794488289,0.32389773490543994,0.32389773490543994,0.32389773490543994,0.8381275546713257,0.8394655012261713,0.024382176195947652,2.399999999999992,0,0.18440803234219771,False,
M5_UNEQUAL_WIDTH,4.416666666666656,264,O138,9,C2,265.06094151319854,-9.398428746959773,0.9816455884578474,0.19071428541471797,0.9998629132606174,0.9998629132606174,0.9998629132606174,0.07130101848232309,0.07218341649153986,0.12384509196444596,1.9999999999999933,0,0.9289298728196905,True,
M5_UNEQUAL_WIDTH,4.416666666666656,264,O139,13,C0,207.6361939021034,-36.263997440493995,0.1422685015644752,-0.9898281029868767,0.14308201837230933,0.14308201837230933,0.14308201837230933,0.6910689687997381,0.7821718846796388,0.41763338895137586,2.399999999999992,0,0.4213758695827393,False,
M5_UNEQUAL_WIDTH,4.416666666666656,264,O139,13,C1,214.641572827652,33.95709926573498,0.1539009563484607,0.9880862794488289,0.1530887711493025,0.1530887711493025,0.1530887711493025,0.701620860590779,0.7030452066543637,0.25093294466773197,2.399999999999992,0,0.3172443322622912,False,
M5_UNEQUAL_WIDTH,4.416666666666656,264,O139,13,C2,265.06094151319854,-9.398428746959773,0.9816455884578474,0.19071428541471797,0.9814885039607927,0.9814885039607927,0.9814885039607927,0.09651314114071734,0.10083333941727915,0.10270567650733838,1.9999999999999933,0,0.8902516076424523,True,
M5_UNEQUAL_WIDTH,4.416666666666656,264,O140,16,C0,207.6361939021034,-36.263997440493995,0.1422685015644752,-0.9898281029868767,0.13765354217839382,0.13765354217839382,0.13765354217839382,0.7263843058357875,0.7264127449979787,0.541896210035423,2.399999999999992,0,0.39180674246888947,False,
M5_UNEQUAL_WIDTH,4.416666666666656,264,O140,16,C1,214.641572827652,33.95709926573498,0.1539009563484607,0.9880862794488289,0.15850458049951877,0.15850458049951877,0.15850458049951877,0.6619197097269849,0.6636651247842963,0.3751957657517791,2.399999999999992,0,0.35587799795053965,False,
M5_UNEQUAL_WIDTH,4.416666666666656,264,O140,16,C2,265.06094151319854,-9.398428746959773,0.9816455884578474,0.19071428541471797,0.9825238117490813,0.9825238117490813,0.9825238117490813,0.13081450913355652,0.13758472435765048,0.2269684975913855,1.9999999999999933,0,0.851246349411451,True,
M5_UNEQUAL_WIDTH,4.416666666666656,264,O141,20,C0,207.6361939021034,-36.263997440493995,0.1422685015644752,-0.9898281029868767,-0.9500734968377481,-0.9500734968377481,0.9500734968377481,0.8361047933587268,0.8391126464200956,0.17425886812980823,2.399999999999992,0,0.2999390352671264,False,
M5_UNEQUAL_WIDTH,4.416666666666656,264,O141,20,C1,214.641572827652,33.95709926573498,0.1539009563484607,0.9880862794488289,0.9997988640727141,0.9997988640727141,0.9997988640727141,0.009422983337241708,0.014438120635640359,0.007558423846164362,2.399999999999992,0,0.990830381988525,True,
M5_UNEQUAL_WIDTH,4.416666666666656,264,O141,20,C2,265.06094151319854,-9.398428746959773,0.9816455884578474,0.19071428541471797,0.35831446109664483,0.35831446109664483,0.35831446109664483,0.7823359298432105,0.7883992228182792,0.14066884431422924,1.9999999999999933,0,0.23305852866740107,False,
M5_UNEQUAL_WIDTH,4.516666666666656,270,O142,0,C0,207.6361939021034,-36.263997440493995,0.1422685015644752,-0.9898281029868767,0.9628288406214542,0.9628288406214542,0.9628288406214542,0.1998890460139647,0.20141688569903682,0.16728919508169393,2.4999999999999916,0,0.8531976921684857,True,
M5_UNEQUAL_WIDTH,4.516666666666656,270,O142,0,C1,214.641572827652,33.95709926573498,0.1539009563484607,0.9880862794488289,-0.9997177846518756,-0.9997177846518756,0.9997177846518756,1.0126565395527505,1.0263684282857208,0.3339896393653378,2.4999999999999916,0,0.2562858245036942,False,
M5_UNEQUAL_WIDTH,4.516666666666656,270,O142,0,C2,265.06094151319854,-9.398428746959773,0.9816455884578474,0.19071428541471797,-0.3170775967255594,-0.3170775967255594,0.3170775967255594,0.7711408277921569,0.8013258874681632,0.48221690752573143,2.099999999999993,0,0.4336595454305977,False,
M5_UNEQUAL_WIDTH,4.516666666666656,270,O143,1,C0,207.6361939021034,-36.263997440493995,0.1422685015644752,-0.9898281029868767,0.9954469480504575,0.9954469480504575,0.9954469480504575,0.060356143206852064,0.06367780666392496,0.018736346233320978,2.4999999999999916,0,0.9494644927566922,True,
M5_UNEQUAL_WIDTH,4.516666666666656,270,O143,1,C1,214.641572827652,33.95709926573498,0.1539009563484607,0.9880862794488289,-0.9797062304364487,-0.9797062304364487,0.9797062304364487,0.8994133671404947,0.9021703525101191,0.1479640980503229,2.4999999999999916,0,0.23492927017906373,False,
M5_UNEQUAL_WIDTH,4.516666666666656,270,O143,1,C2,265.06094151319854,-9.398428746959773,0.9816455884578474,0.19071428541471797,-0.14409566048653136,-0.14409566048653136,0.14409566048653136,0.7771199884449471,0.8204651431984884,0.2961913662107165,2.099999999999993,0,0.33895605909408266,False,
M5_UNEQUAL_WIDTH,4.516666666666656,270,O144,2,C0,207.6361939021034,-36.263997440493995,0.1422685015644752,-0.9898281029868767,0.9999746282781871,0.9999746282781871,0.9999746282781871,0.007864931818176768,0.008957370409257762,0.002524373057610943,2.4999999999999916,0,0.9934147826924025,True,
M5_UNEQUAL_WIDTH,4.516666666666656,270,O144,2,C1,214.641572827652,33.95709926573498,0.1539009563484607,0.9880862794488289,-0.9540295424691366,-0.9540295424691366,0.9540295424691366,0.8382774947904927,0.8409916813163717,0.16417607122603292,2.4999999999999916,0,0.29663320103827306,False,
M5_UNEQUAL_WIDTH,4.516666666666656,270,O144,2,C2,265.06094151319854,-9.398428746959773,0.9816455884578474,0.19071428541471797,-0.04200106591745914,-0.04200106591745914,0.04200106591745914,0.7472252970870732,0.8566391004655459,0.31240333938642656,2.099999999999993,0,0.37303164097622055,False,
M5_UNEQUAL_WIDTH,4.516666666666656,270,O145,5,C0,207.6361939021034,-36.263997440493995,0.1422685015644752,-0.9898281029868767,-0.3066604093933631,-0.3066604093933631,0.3066604093933631,0.6473800301346666,0.657058271231123,0.17042413287486707,2.4999999999999916,0,0.4579561174092853,False,
M5_UNEQUAL_WIDTH,4.516666666666656,270,O145,5,C1,214.641572827652,33.95709926573498,0.1539009563484607,0.9880862794488289,0.01441398569566435,0.01441398569566435,0.01441398569566435,0.714610972332775,0.7307331662192906,0.0037236885912232003,2.4999999999999916,0,0.30460349885131477,False,
M5_UNEQUAL_WIDTH,4.516666666666656,270,O145,5,C2,265.06094151319854,-9.398428746959773,0.9816455884578474,0.19071428541471797,-0.9356078975387773,-0.9356078975387773,0.9356078975387773,1.1829715012856081,1.186206956510146,0.1445035795691704,2.099999999999993,0,0.0,False,
M5_UNEQUAL_WIDTH,4.516666666666656,270,O146,9,C0,207.6361939021034,-36.263997440493995,0.1422685015644752,-0.9898281029868767,-0.029160613045031203,-0.029160613045031203,0.029160613045031203,0.7216251339309346,0.9188786760211395,0.17136449707270732,2.4999999999999916,0,0.39579154258187177,False,
M5_UNEQUAL_WIDTH,4.516666666666656,270,O146,9,C1,214.641572827652,33.95709926573498,0.1539009563484607,0.9880862794488289,0.3206661208118672,0.3206661208118672,0.3206661208118672,0.8450578309538389,0.8464116444239048,0.00466405278906345,2.4999999999999916,0,0.17766409743853784,False,
M5_UNEQUAL_WIDTH,4.516666666666656,270,O146,9,C2,265.06094151319854,-9.398428746959773,0.9816455884578474,0.19071428541471797,0.9998005635292624,0.9998005635292624,0.9998005635292624,0.08133247565689697,0.08226304533856776,0.14356321537133016,2.099999999999993,0,0.9204935415988444,True,
M5_UNEQUAL_WIDTH,4.516666666666656,270,O147,13,C0,207.6361939021034,-36.263997440493995,0.1422685015644752,-0.9898281029868767,0.14318241104899443,0.14318241104899443,0.14318241104899443,0.6913595499281732,0.7811395969860276,0.41955237989121635,2.4999999999999916,0,0.42113256933291265,False,
M5_UNEQUAL_WIDTH,4.516666666666656,270,O147,13,C1,214.641572827652,33.95709926573498,0.1539009563484607,0.9880862794488289,0.152988528941635,0.152988528941635,0.152988528941635,0.7008151222669723,0.7022971435776943,0.2528519356075725,2.4999999999999916,0,0.3180284058812388,False,
M5_UNEQUAL_WIDTH,4.516666666666656,270,O147,13,C2,265.06094151319854,-9.398428746959773,0.9816455884578474,0.19071428541471797,0.9814690715672463,0.9814690715672463,0.9814690715672463,0.09705787860238362,0.10140230106889293,0.1046246674471789,2.099999999999993,0,0.8896321680514473,True,
M5_UNEQUAL_WIDTH,4.516666666666656,270,O148,16,C0,207.6361939021034,-36.263997440493995,0.1422685015644752,-0.9898281029868767,0.13703188996363133,0.13703188996363133,0.13703188996363133,0.7263981494655519,0.7264191607313604,0.5419252496855206,2.4999999999999916,0,0.39179515135628584,False,
M5_UNEQUAL_WIDTH,4.516666666666656,270,O148,16,C1,214.641572827652,33.95709926573498,0.1539009563484607,0.9880862794488289,0.15912421489844608,0.15912421489844608,0.15912421489844608,0.6619394534394273,0.6637441048972887,0.37522480540187675,2.4999999999999916,0,0.35585878510735125,False,
M5_UNEQUAL_WIDTH,4.516666666666656,270,O148,16,C2,265.06094151319854,-9.398428746959773,0.9816455884578474,0.19071428541471797,0.9826404377131803,0.9826404377131803,0.9826404377131803,0.1307962197671594,0.13757625833595047,0.22699753724148314,2.099999999999993,0,0.8512671468752534,True,
M5_UNEQUAL_WIDTH,4.516666666666656,270,O149,20,C0,207.6361939021034,-36.263997440493995,0.1422685015644752,-0.9898281029868767,-0.9494351616185749,-0.9494351616185749,0.9494351616185749,0.8370556203254603,0.8401161825118664,0.17563580738443565,2.4999999999999916,0,0.29914291874092924,False,
M5_UNEQUAL_WIDTH,4.516666666666656,270,O149,20,C1,214.641572827652,33.95709926573498,0.1539009563484607,0.9880862794488289,0.9997558823718897,0.9997558823718897,0.9997558823718897,0.00960818571130049,0.01547026626447747,0.008935363100791772,2.4999999999999916,0,0.990650159338844,True,
M5_UNEQUAL_WIDTH,4.516666666666656,270,O149,20,C2,265.06094151319854,-9.398428746959773,0.9816455884578474,0.19071428541471797,0.36021774105814697,0.36021774105814697,0.36021774105814697,0.7824016698980423,0.78847105040329,0.13929190505960184,2.099999999999993,0,0.23195734409484114,False,
M5_UNEQUAL_WIDTH,4.616666666666656,276,O150,0,C0,207.6361939021034,-36.263997440493995,0.1422685015644752,-0.9898281029868767,0.9606395737566904,0.9606395737566904,0.9606395737566904,0.20850580392567708,0.2085908337223233,0.172502819186628,2.599999999999991,0,0.8474534799294602,True,
M5_UNEQUAL_WIDTH,4.616666666666656,276,O150,0,C1,214.641572827652,33.95709926573498,0.1539009563484607,0.9880862794488289,-0.9998757032029186,-0.9998757032029186,0.9998757032029186,1.0233122530347696,1.0371814614021664,0.33920326347027185,2.599999999999991,0,0.2513267246908799,False,
M5_UNEQUAL_WIDTH,4.616666666666656,276,O150,0,C2,265.06094151319854,-9.398428746959773,0.9816455884578474,0.19071428541471797,-0.3246463322574606,-0.3246463322574606,0.3246463322574606,0.7795550863758097,0.8125239157535876,0.48743053163066546,2.1999999999999926,0,0.42966376287391994,False,
M5_UNEQUAL_WIDTH,4.616666666666656,276,O151,2,C0,207.6361939021034,-36.263997440493995,0.1422685015644752,-0.9898281029868767,0.9964476292565922,0.9964476292565922,0.9964476292565922,0.0584584144550634,0.059292926749330184,0.01361705152961096,2.599999999999991,0,0.9510534392994355,True,
M5_UNEQUAL_WIDTH,4.616666666666656,276,O151,2,C1,214.641572827652,33.95709926573498,0.1539009563484607,0.9880862794488289,-0.9774110029278447,-0.9774110029278447,0.9774110029278447,0.8977908410523395,0.9006692694628408,0.1530833927540329,2.599999999999991,0,0.23962062386846095,False,
M5_UNEQUAL_WIDTH,4.616666666666656,276,O151,2,C2,265.06094151319854,-9.398428746959773,0.9816455884578474,0.19071428541471797,-0.13305572354669354,-0.13305572354669354,0.13305572354669354,0.7776689056014595,0.8250159991683419,0.30131066091442654,2.1999999999999926,0,0.3413572847490638,False,
M5_UNEQUAL_WIDTH,4.616666666666656,276,O152,3,C0,207.6361939021034,-36.263997440493995,0.1422685015644752,-0.9898281029868767,0.999939517917637,0.999939517917637,0.999939517917637,0.004340022074319867,0.007606398217018152,0.0015621122520812492,2.599999999999991,0,0.9963661492381771,True,
M5_UNEQUAL_WIDTH,4.616666666666656,276,O152,3,C1,214.641572827652,33.95709926573498,0.1539009563484607,0.9880862794488289,-0.9528610061208636,-0.9528610061208636,0.9528610061208636,0.8411738626946785,0.843815318905239,0.1651383320315626,2.599999999999991,0,0.29477236707727716,False,
M5_UNEQUAL_WIDTH,4.616666666666656,276,O152,3,C2,265.06094151319854,-9.398428746959773,0.9816455884578474,0.19071428541471797,-0.038129211545552544,-0.038129211545552544,0.038129211545552544,0.751666943881946,0.860705328610547,0.31336560019195625,2.1999999999999926,0,0.36981363414933954,False,
M5_UNEQUAL_WIDTH,4.616666666666656,276,O153,6,C0,207.6361939021034,-36.263997440493995,0.1422685015644752,-0.9898281029868767,-0.30937993521568297,-0.30937993521568297,0.30937993521568297,0.647391085037813,0.6570234573887077,0.1644310345817334,2.599999999999991,0,0.4579468612655302,False,
M5_UNEQUAL_WIDTH,4.616666666666656,276,O153,6,C1,214.641572827652,33.95709926573498,0.1539009563484607,0.9880862794488289,0.01727213415841225,0.01727213415841225,0.01727213415841225,0.7174284160270409,0.7338608048070439,0.0022694097019104846,2.599999999999991,0,0.30340017456158275,False,
M5_UNEQUAL_WIDTH,4.616666666666656,276,O153,6,C2,265.06094151319854,-9.398428746959773,0.9816455884578474,0.19071428541471797,-0.9345949062085301,-0.9345949062085301,0.9345949062085301,1.184657807638445,1.1880806832656219,0.15049667786230408,2.1999999999999926,0,0.0,False,
M5_UNEQUAL_WIDTH,4.616666666666656,276,O154,11,C0,207.6361939021034,-36.263997440493995,0.1422685015644752,-0.9898281029868767,-0.026103476761965755,-0.026103476761965755,0.026103476761965755,0.7188187751651379,0.9257888123021933,0.15770504993610418,2.599999999999991,0,0.39814127462572,False,
M5_UNEQUAL_WIDTH,4.616666666666656,276,O154,11,C1,214.641572827652,33.95709926573498,0.1539009563484607,0.9880862794488289,0.3177678225320024,0.3177678225320024,0.3177678225320024,0.8519379292815413,0.853419085967403,0.008995394347539704,2.599999999999991,0,0.17816296320733227,False,
M5_UNEQUAL_WIDTH,4.616666666666656,276,O154,11,C2,265.06094151319854,-9.398428746959773,0.9816455884578474,0.19071428541471797,0.9997348111186897,0.9997348111186897,0.9997348111186897,0.09074893627366742,0.09135976989834027,0.15722266250793332,2.1999999999999926,0,0.9124574287446819,True,
M5_UNEQUAL_WIDTH,4.616666666666656,276,O155,13,C0,207.6361939021034,-36.263997440493995,0.1422685015644752,-0.9898281029868767,-0.008724373297528426,-0.008724373297528426,0.008724373297528426,0.9056205045758733,0.924211994927752,0.03461312511682481,2.599999999999991,0,0.24173432666442396,False,
M5_UNEQUAL_WIDTH,4.616666666666656,276,O155,13,C1,214.641572827652,33.95709926573498,0.1539009563484607,0.9880862794488289,0.3012396234928233,0.3012396234928233,0.3012396234928233,1.552610634078191,1.5915254025255123,0.13208731916681907,2.599999999999991,0,0.0,False,
M5_UNEQUAL_WIDTH,4.616666666666656,276,O155,13,C2,265.06094151319854,-9.398428746959773,0.9816455884578474,0.19071428541471797,0.9991835301316616,0.9991835301316616,0.9991835301316616,0.9168870408754007,0.9168962413100078,0.28031458732721265,2.1999999999999926,0,0.20938812528386652,False,
M5_UNEQUAL_WIDTH,4.616666666666656,276,O156,14,C0,207.6361939021034,-36.263997440493995,0.1422685015644752,-0.9898281029868767,0.0047627145493017164,0.0047627145493017164,0.0047627145493017164,0.8691896708778755,0.8725254663954399,0.07790903856495272,2.599999999999991,0,0.31680392848950745,False,
M5_UNEQUAL_WIDTH,4.616666666666656,276,O156,14,C1,214.641572827652,33.95709926573498,0.1539009563484607,0.9880862794488289,0.2883519005897489,0.2883519005897489,0.2883519005897489,1.5002951676711571,1.5346714519679108,0.2446094828485966,2.599999999999991,0,0.0,False,
M5_UNEQUAL_WIDTH,4.616666666666656,276,O156,14,C2,265.06094151319854,-9.398428746959773,0.9816455884578474,0.19071428541471797,0.9985477673556621,0.9985477673556621,0.9985477673556621,0.860033051453388,0.8600442143484139,0.3928367510089902,2.1999999999999926,0,0.3240011682045264,False,
M5_UNEQUAL_WIDTH,4.616666666666656,276,O157,20,C0,207.6361939021034,-36.263997440493995,0.1422685015644752,-0.9898281029868767,0.14328777964288894,0.14328777964288894,0.14328777964288894,0.6934508112877228,0.7764909053292003,0.4304457677743514,2.599999999999991,0,0.4193815801548769,False,
M5_UNEQUAL_WIDTH,4.616666666666656,276,O157,20,C1,214.641572827652,33.95709926573498,0.1539009563484607,0.9880862794488289,0.15288331499922808,0.15288331499922808,0.15288331499922808,0.6992063662543957,0.7008917210229308,0.2637453234907075,2.599999999999991,0,0.3195939056365752,False,
M5_UNEQUAL_WIDTH,4.616666666666656,276,O157,20,C2,265.06094151319854,-9.398428746959773,0.9816455884578474,0.19071428541471797,0.9814486648469685,0.9814486648469685,0.9814486648469685,0.09761682065895509,0.1038518533130945,0.11551805533031392,2.1999999999999926,0,0.8889965759299527,True,
M5_UNEQUAL_WIDTH,4.616666666666656,276,O158,23,C0,207.6361939021034,-36.263997440493995,0.1422685015644752,-0.9898281029868767,0.14346603151690362,0.14346603151690362,0.14346603151690362,0.7244489243500399,0.7248043767968883,0.544154198227714,2.599999999999991,0,0.39342721521441193,False,
M5_UNEQUAL_WIDTH,4.616666666666656,276,O158,23,C1,214.641572827652,33.95709926573498,0.1539009563484607,0.9880862794488289,0.15270531711063606,0.15270531711063606,0.15270531711063606,0.6616535213835244,0.6636753613652013,0.37745375394407016,2.599999999999991,0,0.3561370290175896,False,
M5_UNEQUAL_WIDTH,4.616666666666656,276,O158,23,C2,265.06094151319854,-9.398428746959773,0.9816455884578474,0.19071428541471797,0.9814141167867143,0.9814141167867143,0.9814141167867143,0.13082078659883803,0.13954118275529967,0.22922648578367658,2.1999999999999926,0,0.851239211091067,True,
M5_UNEQUAL_WIDTH,4.616666666666656,276,O159,27,C0,207.6361939021034,-36.263997440493995,0.1422685015644752,-0.9898281029868767,-0.9485791074678662,-0.9485791074678662,0.9485791074678662,0.8361308851410375,0.8391492681829599,0.1745482597805817,2.599999999999991,0,0.29991718891671537,False,
M5_UNEQUAL_WIDTH,4.616666666666656,276,O159,27,C1,214.641572827652,33.95709926573498,0.1539009563484607,0.9880862794488289,0.9996921991931568,0.9996921991931568,0.9996921991931568,0.01037685412707636,0.016860796329694314,0.00784781549693781,2.599999999999991,0,0.9899021588916509,True,
M5_UNEQUAL_WIDTH,4.616666666666656,276,O159,27,C2,265.06094151319854,-9.398428746959773,0.9816455884578474,0.19071428541471797,0.3627495772653774,0.3627495772653774,0.3627495772653774,0.781483996496547,0.7894850096590103,0.1403794526634558,2.1999999999999926,0,0.23367629421211977,False,
M5_UNEQUAL_WIDTH,4.716666666666655,282,O160,0,C0,207.6361939021034,-36.263997440493995,0.1422685015644752,-0.9898281029868767,0.9503944783238177,0.9503944783238177,0.9503944783238177,0.22571233410390884,0.22767079747449243,0.1762537024744991,2.699999999999991,0,0.8353168049185241,True,
M5_UNEQUAL_WIDTH,4.716666666666655,282,O160,0,C1,214.641572827652,33.95709926573498,0.1539009563484607,0.9880862794488289,-0.9998189971306496,-0.9998189971306496,0.9998189971306496,1.0414782475473627,1.0547894207429611,0.34295414675814295,2.699999999999991,0,0.24012143113544737,False,
M5_UNEQUAL_WIDTH,4.716666666666655,282,O160,0,C2,265.06094151319854,-9.398428746959773,0.9816455884578474,0.19071428541471797,-0.35735236638642304,-0.35735236638642304,0.35735236638642304,0.7900999737884692,0.8303564201807916,0.49118141491853656,2.2999999999999923,0,0.42353089106165,False,
M5_UNEQUAL_WIDTH,4.716666666666655,282,O161,1,C0,207.6361939021034,-36.263997440493995,0.1422685015644752,-0.9898281029868767,0.9959165522002614,0.9959165522002614,0.9959165522002614,0.05665639154033645,0.06016379154494361,0.017900954242477275,2.699999999999991,0,0.9525622524412509,True,
M5_UNEQUAL_WIDTH,4.716666666666655,282,O161,1,C1,214.641572827652,33.95709926573498,0.1539009563484607,0.9880862794488289,-0.9786793712849746,-0.9786793712849746,0.9786793712849746,0.8956828579999642,0.8984529727674151,0.1487994900411666,2.699999999999991,0,0.23864359354573916,False,
M5_UNEQUAL_WIDTH,4.716666666666655,282,O161,1,C2,265.06094151319854,-9.398428746959773,0.9816455884578474,0.19071428541471797,-0.1390861560924312,-0.1390861560924312,0.1390861560924312,0.7751772873874204,0.8215590463897571,0.2970267582015602,2.2999999999999923,0,0.3410768235443088,False,
M5_UNEQUAL_WIDTH,4.716666666666655,282,O162,2,C0,207.6361939021034,-36.263997440493995,0.1422685015644752,-0.9898281029868767,0.9999767590125567,0.9999767590125567,0.9999767590125567,0.0064986709964694744,0.007878756403655696,0.005265986078588826,2.699999999999991,0,0.994558737225995,True,
M5_UNEQUAL_WIDTH,4.716666666666655,282,O162,2,C1,214.641572827652,33.95709926573498,0.1539009563484607,0.9880862794488289,-0.9541211128530808,-0.9541211128530808,0.9541211128530808,0.8380563934115914,0.8406414234669917,0.16143445820505503,2.699999999999991,0,0.29519740265992067,False,
M5_UNEQUAL_WIDTH,4.716666666666655,282,O162,2,C2,265.06094151319854,-9.398428746959773,0.9816455884578474,0.19071428541471797,-0.04230647025566653,-0.04230647025566653,0.04230647025566653,0.7483898809196526,0.8573671684341816,0.30966172636544864,2.2999999999999923,0,0.37060663692574325,False,
M5_UNEQUAL_WIDTH,4.716666666666655,282,O163,5,C0,207.6361939021034,-36.263997440493995,0.1422685015644752,-0.9898281029868767,-0.3052477177278706,-0.3052477177278706,0.3052477177278706,0.6482171983166505,0.657456259272089,0.1719637731215317,2.699999999999991,0,0.4572551660814391,False,
M5_UNEQUAL_WIDTH,4.716666666666655,282,O163,5,C1,214.641572827652,33.95709926573498,0.1539009563484607,0.9880862794488289,0.012930276657258766,0.012930276657258766,0.012930276657258766,0.7153607698934505,0.7296017902009218,0.005263328837887826,2.699999999999991,0,0.30387386185937004,False,
M5_UNEQUAL_WIDTH,4.716666666666655,282,O163,5,C2,265.06094151319854,-9.398428746959773,0.9816455884578474,0.19071428541471797,-0.9361307262887145,-0.9361307262887145,0.9361307262887145,1.1839802219310682,1.1871604324425526,0.14296393932250578,2.2999999999999923,0,0.0,False,
M5_UNEQUAL_WIDTH,4.716666666666655,282,O164,9,C0,207.6361939021034,-36.263997440493995,0.1422685015644752,-0.9898281029868767,-0.018928391432765146,-0.018928391432765146,0.018928391432765146,0.7127406372328969,0.9451500721844387,0.116426874245381,2.699999999999991,0,0.4032304298828392,False,
M5_UNEQUAL_WIDTH,4.716666666666655,282,O164,9,C1,214.641572827652,33.95709926573498,0.1539009563484607,0.9880862794488289,0.3109547670861347,0.3109547670861347,0.3109547670861347,0.8672468763032433,0.8684775774615126,0.05027357003826286,2.699999999999991,0,0.19543256927745867,False,
M5_UNEQUAL_WIDTH,4.716666666666655,282,O164,9,C2,265.06094151319854,-9.398428746959773,0.9816455884578474,0.19071428541471797,0.9995437923603964,0.9995437923603964,0.9995437923603964,0.11171735750004354,0.11219632598454704,0.19850083819865647,2.2999999999999923,0,0.8963569085724875,True,
M5_UNEQUAL_WIDTH,4.716666666666655,282,O165,13,C0,207.6361939021034,-36.263997440493995,0.1422685015644752,-0.9898281029868767,0.14441360812043094,0.14441360812043094,0.14441360812043094,0.6932227129531139,0.7776430662548899,0.42870437707805853,2.699999999999991,0,0.4195725642772604,False,
M5_UNEQUAL_WIDTH,4.716666666666655,282,O165,13,C1,214.641572827652,33.95709926573498,0.1539009563484607,0.9880862794488289,0.15175892947085518,0.15175892947085518,0.15175892947085518,0.6999875793995012,0.701484885470788,0.26200393279441464,2.699999999999991,0,0.31883369776293413,False,
M5_UNEQUAL_WIDTH,4.716666666666655,282,O165,13,C2,265.06094151319854,-9.398428746959773,0.9816455884578474,0.19071428541471797,0.9812299116015708,0.9812299116015708,0.9812299116015708,0.09704252224027526,0.10339895219351247,0.11377666463402104,2.2999999999999923,0,0.8896496302958001,True,
M5_UNEQUAL_WIDTH,4.716666666666655,282,O166,16,C0,207.6361939021034,-36.263997440493995,0.1422685015644752,-0.9898281029868767,0.1433169323564067,0.1433169323564067,0.1433169323564067,0.7251095126422902,0.7253580311136019,0.5443332881729975,2.699999999999991,0,0.3928741122052709,False,
M5_UNEQUAL_WIDTH,4.716666666666655,282,O166,16,C1,214.641572827652,33.95709926573498,0.1539009563484607,0.9880862794488289,0.15285420448121034,0.15285420448121034,0.15285420448121034,0.6621685112450975,0.6639953669152002,0.3776328438893537,2.699999999999991,0,0.35563588621160114,False,
M5_UNEQUAL_WIDTH,4.716666666666655,282,O166,16,C2,265.06094151319854,-9.398428746959773,0.9816455884578474,0.19071428541471797,0.9814430168248329,0.9814430168248329,0.9814430168248329,0.13037878528458005,0.139207074237937,0.22940557572896006,2.2999999999999923,0,0.851741825896537,True,
M5_UNEQUAL_WIDTH,4.716666666666655,282,O167,20,C0,207.6361939021034,-36.263997440493995,0.1422685015644752,-0.9898281029868767,-0.9490332617240305,-0.9490332617240305,0.9490332617240305,0.8355592390783865,0.8384807400338561,0.17211419388719595,2.699999999999991,0,0.3003958216159702,False,
M5_UNEQUAL_WIDTH,4.716666666666655,282,O167,20,C1,214.641572827652,33.95709926573498,0.1539009563484607,0.9880862794488289,0.9997268378329349,0.9997268378329349,0.9997268378329349,0.010088759348913325,0.01582759698196707,0.005413749603552073,2.699999999999991,0,0.990182507372839,True,
M5_UNEQUAL_WIDTH,4.716666666666655,282,O167,20,C2,265.06094151319854,-9.398428746959773,0.9816455884578474,0.19071428541471797,0.3614092963616755,0.3614092963616755,0.3614092963616755,0.7816345136503612,0.7897450933786635,0.14281351855684155,2.2999999999999923,0,0.23535379017721825,False,
M5_UNEQUAL_WIDTH,4.816666666666655,288,O168,0,C0,207.6361939021034,-36.263997440493995,0.1422685015644752,-0.9898281029868767,0.9408206334280091,0.9408206334280091,0.9408206334280091,0.2463342728426841,0.2466107643917132,0.19437727866036203,2.7999999999999905,0,0.8226163080077767,True,
M5_UNEQUAL_WIDTH,4.816666666666655,288,O168,0,C1,214.641572827652,33.95709926573498,0.1539009563484607,0.9880862794488289,-0.9988248441751346,-0.9988248441751346,0.9988248441751346,1.0658736428485436,1.0797248345734727,0.3610777229440059,2.7999999999999905,0,0.23247139026237107,False,
M5_UNEQUAL_WIDTH,4.816666666666655,288,O168,0,C2,265.06094151319854,-9.398428746959773,0.9816455884578474,0.19071428541471797,-0.3847062500761777,-0.3847062500761777,0.3847062500761777,0.8101853168157425,0.8583061749750197,0.5093049911043995,2.399999999999992,0,0.4165908745209602,False,
M5_UNEQUAL_WIDTH,4.816666666666655,288,O169,1,C0,207.6361939021034,-36.263997440493995,0.1422685015644752,-0.9898281029868767,0.9999797978053637,0.9999797978053637,0.9999797978053637,0.0028906219400048174,0.006098976285214941,0.007897720215527418,2.7999999999999905,0,0.9975956147733758,True,
M5_UNEQUAL_WIDTH,4.816666666666655,288,O169,1,C1,214.641572827652,33.95709926573498,0.1539009563484607,0.9880862794488289,-0.9542591422414228,-0.9542591422414228,0.9542591422414228,0.8404448349230811,0.8435051720129692,0.1745981644991713,2.7999999999999905,0,0.30092790173787,False,
M5_UNEQUAL_WIDTH,4.816666666666655,288,O169,1,C2,265.06094151319854,-9.398428746959773,0.9816455884578474,0.19071428541471797,-0.04276737955681517,-0.04276737955681517,0.04276737955681517,0.7524433968367152,0.8607669184059339,0.32282543265956487,2.399999999999992,0,0.37412645971193514,False,
M5_UNEQUAL_WIDTH,4.816666666666655,288,O170,4,C0,207.6361939021034,-36.263997440493995,0.1422685015644752,-0.9898281029868767,-0.3100130074013552,-0.3100130074013552,0.3100130074013552,0.6521923850962723,0.6560531400665556,0.17103435988738422,2.7999999999999905,0,0.45392678773217,False,
M5_UNEQUAL_WIDTH,4.816666666666655,288,O170,4,C1,214.641572827652,33.95709926573498,0.1539009563484607,0.9880862794488289,0.01793783721045894,0.01793783721045894,0.01793783721045894,0.7230154867399791,0.7317320458105678,0.004333915603740344,2.7999999999999905,0,0.2964249651610963,False,
M5_UNEQUAL_WIDTH,4.816666666666655,288,O170,4,C2,265.06094151319854,-9.398428746959773,0.9816455884578474,0.19071428541471797,-0.9343578625521418,-0.9343578625521418,0.9343578625521418,1.191187753874306,1.1943335097576422,0.14389335255665325,2.399999999999992,0,0.0,False,
M5_UNEQUAL_WIDTH,4.816666666666655,288,O171,10,C0,207.6361939021034,-36.263997440493995,0.1422685015644752,-0.9898281029868767,0.13698757730315986,0.13698757730315986,0.13698757730315986,0.7255095824669991,0.7255170905090642,0.5429615035154559,2.7999999999999905,0,0.3925391383243999,False,
M5_UNEQUAL_WIDTH,4.816666666666655,288,O171,10,C1,214.641572827652,33.95709926573498,0.1539009563484607,0.9880862794488289,0.15916837927782815,0.15916837927782815,0.15916837927782815,0.6633433544573889,0.6654992440277154,0.376261059231812,2.7999999999999905,0,0.354492632202278,False,
M5_UNEQUAL_WIDTH,4.816666666666655,288,O171,10,C2,265.06094151319854,-9.398428746959773,0.9816455884578474,0.19071428541471797,0.9826487358902066,0.9826487358902066,0.9826487358902066,0.12922525293498058,0.13794068418430108,0.2280337910714184,2.399999999999992,0,0.8530535469679338,True,
M5_UNEQUAL_WIDTH,4.816666666666655,288,O172,14,C0,207.6361939021034,-36.263997440493995,0.1422685015644752,-0.9898281029868767,-0.9500559080404803,-0.9500559080404803,0.9500559080404803,0.8338820557846615,0.8367147580895912,0.16891908977784775,2.7999999999999905,0,0.3018001079733327,False,
M5_UNEQUAL_WIDTH,4.816666666666655,288,O172,14,C1,214.641572827652,33.95709926573498,0.1539009563484607,0.9880862794488289,0.9997977320490135,0.9997977320490135,0.9997977320490135,0.008766792206610733,0.012957025957814458,0.0022186454942038766,2.7999999999999905,0,0.9914689294416043,True,
M5_UNEQUAL_WIDTH,4.816666666666655,288,O172,14,C2,265.06094151319854,-9.398428746959773,0.9816455884578474,0.19071428541471797,0.3583670827396056,0.3583670827396056,0.3583670827396056,0.7830101804950553,0.7909148483689515,0.14600862266618972,2.399999999999992,0,0.23639479328395618,False,
M5_UNEQUAL_WIDTH,4.9166666666666545,294,O173,0,C0,207.6361939021034,-36.263997440493995,0.1422685015644752,-0.9898281029868767,0.9160998815071832,0.9160998815071832,0.9160998815071832,0.29368606702212535,0.2936863950681681,0.21420151822478384,2.89999999999999,0,0.791495063519133,True,
M5_UNEQUAL_WIDTH,4.9166666666666545,294,O173,0,C1,214.641572827652,33.95709926573498,0.1539009563484607,0.9880862794488289,-0.9933619441211392,-0.9933619441211392,0.9933619441211392,1.1155363750939224,1.1286055968651714,0.3809019625084277,2.89999999999999,0,0.20801540437554378,False,
M5_UNEQUAL_WIDTH,4.9166666666666545,294,O173,0,C2,265.06094151319854,-9.398428746959773,0.9816455884578474,0.19071428541471797,-0.44546237501372077,-0.44546237501372077,0.44546237501372077,0.8435834259770846,0.9063937841274352,0.5291292306688213,2.4999999999999916,0,0.4010907278198762,False,
M5_UNEQUAL_WIDTH,4.9166666666666545,294,O174,1,C0,207.6361939021034,-36.263997440493995,0.1422685015644752,-0.9898281029868767,0.9957477688068651,0.9957477688068651,0.9957477688068651,0.0620016521232873,0.062156196866046044,0.010244025342010452,2.89999999999999,0,0.9480867269925604,True,
M5_UNEQUAL_WIDTH,4.9166666666666545,294,O174,1,C1,214.641572827652,33.95709926573498,0.1539009563484607,0.9880862794488289,-0.979057816307296,-0.979057816307296,0.979057816307296,0.9015516505019057,0.9045912443832529,0.15645641894163342,2.89999999999999,0,0.23861053802079701,False,
M5_UNEQUAL_WIDTH,4.9166666666666545,294,O174,1,C2,265.06094151319854,-9.398428746959773,0.9816455884578474,0.19071428541471797,-0.1409186219016116,-0.1409186219016116,0.1409186219016116,0.7808142744558714,0.8242169423283072,0.30468368710202703,2.4999999999999916,0,0.3405771482946435,False,
M5_UNEQUAL_WIDTH,4.9166666666666545,294,O175,2,C0,207.6361939021034,-36.263997440493995,0.1422685015644752,-0.9898281029868767,0.9999541706294842,0.9999541706294842,0.9999541706294842,0.0027301987230384578,0.006364015274699782,0.0021002376541745314,2.89999999999999,0,0.9977180487100196,True,
M5_UNEQUAL_WIDTH,4.9166666666666545,294,O175,2,C1,214.641572827652,33.95709926573498,0.1539009563484607,0.9880862794488289,-0.9532922525767351,-0.9532922525767351,0.9532922525767351,0.8409284385181806,0.8437051870993505,0.16880068193781841,2.89999999999999,0,0.2971362418182517,False,
M5_UNEQUAL_WIDTH,4.9166666666666545,294,O175,2,C2,265.06094151319854,-9.398428746959773,0.9816455884578474,0.19071428541471797,-0.03955266918867131,-0.03955266918867131,0.03955266918867131,0.7529194917146063,0.8616763884510361,0.317027950098212,2.4999999999999916,0,0.3706957699190967,False,
M5_UNEQUAL_WIDTH,4.9166666666666545,294,O176,5,C0,207.6361939021034,-36.263997440493995,0.1422685015644752,-0.9898281029868767,-0.31429492254669655,-0.31429492254669655,0.31429492254669655,0.6466569104805541,0.6533714382723554,0.17146998334158323,2.89999999999999,0,0.45856157721132973,False,
M5_UNEQUAL_WIDTH,4.9166666666666545,294,O176,5,C1,214.641572827652,33.95709926573498,0.1539009563484607,0.9880862794488289,0.022444049152987727,0.022444049152987727,0.022444049152987727,0.7203937396292676,0.7345007229867396,0.0047695390579393674,2.89999999999999,0,0.29897621869381763,False,
M5_UNEQUAL_WIDTH,4.9166666666666545,294,O176,5,C2,265.06094151319854,-9.398428746959773,0.9816455884578474,0.19071428541471797,-0.9327423230525755,-0.9327423230525755,0.9327423230525755,1.1859276453365661,1.189035594769865,0.14345772910245425,2.4999999999999916,0,0.0,False,
M5_UNEQUAL_WIDTH,4.9166666666666545,294,O177,13,C0,207.6361939021034,-36.263997440493995,0.1422685015644752,-0.9898281029868767,0.14469304771897162,0.14469304771897162,0.14469304771897162,0.6921255146862912,0.7812134460802105,0.42221242653134267,2.89999999999999,0,0.4204912358161349,False,
M5_UNEQUAL_WIDTH,4.9166666666666545,294,O177,13,C1,214.641572827652,33.95709926573498,0.1539009563484607,0.9880862794488289,0.15147978867314213,0.15147978867314213,0.15147978867314213,0.7026929945298077,0.7039862026136717,0.25551198224769883,2.89999999999999,0,0.3162010258776585,False,
M5_UNEQUAL_WIDTH,4.9166666666666545,294,O177,13,C2,265.06094151319854,-9.398428746959773,0.9816455884578474,0.19071428541471797,0.9811754129227804,0.9811754129227804,0.9811754129227804,0.095219414643653,0.10161287888980879,0.1072847140873052,2.4999999999999916,0,0.8917227482718527,True,
M5_UNEQUAL_WIDTH,4.9166666666666545,294,O178,16,C0,207.6361939021034,-36.263997440493995,0.1422685015644752,-0.9898281029868767,0.14514695057185212,0.14514695057185212,0.14514695057185212,0.7251563411231439,0.7254212644888641,0.5439849577549287,2.89999999999999,0,0.3928349032547377,False,
M5_UNEQUAL_WIDTH,4.9166666666666545,294,O178,16,C1,214.641572827652,33.95709926573498,0.1539009563484607,0.9880862794488289,0.15102632084911513,0.15102632084911513,0.15102632084911513,0.6624148599023693,0.6640333915204542,0.37728451347128483,2.89999999999999,0,0.3553961613809423,False,
M5_UNEQUAL_WIDTH,4.9166666666666545,294,O178,16,C2,265.06094151319854,-9.398428746959773,0.9816455884578474,0.19071428541471797,0.9810867173444535,0.9810867173444535,0.9810867173444535,0.1301318892781642,0.13907232501253763,0.2290572453108912,2.4999999999999916,0,0.8520225797862496,True,
M5_UNEQUAL_WIDTH,4.9166666666666545,294,O179,20,C0,207.6361939021034,-36.263997440493995,0.1422685015644752,-0.9898281029868767,-0.9507179830671816,-0.9507179830671816,0.9507179830671816,0.8328158067822167,0.8358071017751243,0.17479408591216467,2.89999999999999,0,0.3026928660477105,False,
M5_UNEQUAL_WIDTH,4.9166666666666545,294,O179,20,C1,214.641572827652,33.95709926573498,0.1539009563484607,0.9880862794488289,0.9998382737628745,0.9998382737628745,0.9998382737628745,0.013141197658960749,0.01652013883144869,0.008093641628520791,2.89999999999999,0,0.987212143072596,True,
M5_UNEQUAL_WIDTH,4.9166666666666545,294,O179,20,C2,265.06094151319854,-9.398428746959773,0.9816455884578474,0.19071428541471797,0.3563792485738625,0.3563792485738625,0.3563792485738625,0.7784880671178432,0.7867407424007619,0.1401336265318728,2.4999999999999916,0,0.23643004038972748,False,
M5_UNEQUAL_WIDTH,5.016666666666654,300,O180,0,C0,207.6361939021034,-36.263997440493995,0.1422685015644752,-0.9898281029868767,0.8923583883832505,0.8923583883832505,0.8923583883832505,0.3340702617307879,0.3340962710815868,0.23789291201692192,2.99999999999999,0,0.7667472486630279,True,
M5_UNEQUAL_WIDTH,5.016666666666654,300,O180,0,C1,214.641572827652,33.95709926573498,0.1539009563484607,0.9880862794488289,-0.9854177309977666,-0.9854177309977666,0.9854177309977666,1.1575613370281783,1.170170780602431,0.4045933563005658,2.99999999999999,0,0.1917737145944738,False,
M5_UNEQUAL_WIDTH,5.016666666666654,300,O180,0,C2,265.06094151319854,-9.398428746959773,0.9816455884578474,0.19071428541471797,-0.49461282065294276,-0.49461282065294276,0.49461282065294276,0.8736011231782642,0.9479431419926397,0.5528206244609594,2.599999999999991,0,0.3900388963187388,False,
M5_UNEQUAL_WIDTH,5.016666666666654,300,O181,1,C0,207.6361939021034,-36.263997440493995,0.1422685015644752,-0.9898281029868767,0.9969269145261168,0.9969269145261168,0.9969269145261168,0.05458600643055481,0.05483515165554292,0.010498179801543423,2.99999999999999,0,0.9542957621745224,True,
M5_UNEQUAL_WIDTH,5.016666666666654,300,O181,1,C1,214.641572827652,33.95709926573498,0.1539009563484607,0.9880862794488289,-0.9761477018033577,-0.9761477018033577,0.9761477018033577,0.8941339201972289,0.8970917230027964,0.15620226448210045,2.99999999999999,0,0.2447129345773359,False,
M5_UNEQUAL_WIDTH,5.016666666666654,300,O181,1,C2,265.06094151319854,-9.398428746959773,0.9816455884578474,0.19071428541471797,-0.12720888533615035,-0.12720888533615035,0.12720888533615035,0.7770468538448322,0.8278019527037866,0.30442953264249406,2.599999999999991,0,0.3436179696583712,False,
M5_UNEQUAL_WIDTH,5.016666666666654,300,O182,2,C0,207.6361939021034,-36.263997440493995,0.1422685015644752,-0.9898281029868767,0.9999479931745824,0.9999479931745824,0.9999479931745824,0.004608047189437951,0.007970015463663339,0.004524602459346975,2.99999999999999,0,0.996156296358324,True,
M5_UNEQUAL_WIDTH,5.016666666666654,300,O182,2,C1,214.641572827652,33.95709926573498,0.1539009563484607,0.9880862794488289,-0.9531033282261591,-0.9531033282261591,0.9531033282261591,0.8409285177396041,0.8438309355602642,0.17122504674299086,2.99999999999999,0,0.2985575292211441,False,
M5_UNEQUAL_WIDTH,5.016666666666654,300,O182,2,C2,265.06094151319854,-9.398428746959773,0.9816455884578474,0.19071428541471797,-0.03892829170438619,-0.03892829170438619,0.03892829170438619,0.7512599844488123,0.8607185112050246,0.31945231490338444,2.599999999999991,0,0.37335261134260145,False,
M5_UNEQUAL_WIDTH,5.016666666666654,300,O183,5,C0,207.6361939021034,-36.263997440493995,0.1422685015644752,-0.9898281029868767,-0.31558474829685845,-0.31558474829685845,0.31558474829685845,0.6457967743338101,0.6535341442458483,0.1681415140836608,2.99999999999999,0,0.45928175935293936,False,
M5_UNEQUAL_WIDTH,5.016666666666654,300,O183,5,C1,214.641572827652,33.95709926573498,0.1539009563484607,0.9880862794488289,0.023802667947357192,0.023802667947357192,0.023802667947357192,0.7185139312969964,0.7358410048988328,0.0014410698000169137,2.99999999999999,0,0.3008054827097678,False,
M5_UNEQUAL_WIDTH,5.016666666666654,300,O183,5,C2,265.06094151319854,-9.398428746959773,0.9816455884578474,0.19071428541471797,-0.9322514894016136,-0.9322514894016136,0.9322514894016136,1.1842336980852668,1.1874735613571425,0.1467861983603767,2.599999999999991,0,0.0,False,
M5_UNEQUAL_WIDTH,5.016666666666654,300,O184,6,C0,207.6361939021034,-36.263997440493995,0.1422685015644752,-0.9898281029868767,-0.17405574413807584,-0.17405574413807584,0.17405574413807584,0.737853064628581,0.7695281458769117,0.6320852108246737,2.99999999999999,0,0.38220408212230905,False,
M5_UNEQUAL_WIDTH,5.016666666666654,300,O184,6,C1,214.641572827652,33.95709926573498,0.1539009563484607,0.9880862794488289,0.45485973712504413,0.45485973712504413,0.45485973712504413,1.2691032562806508,1.3316714783338093,0.46538476654102984,2.99999999999999,0,0.0,False,
M5_UNEQUAL_WIDTH,5.016666666666654,300,O184,6,C2,265.06094151319854,-9.398428746959773,0.9816455884578474,0.19071428541471797,0.9920963663610235,0.9920963663610235,0.9920963663610235,0.6033522306769289,0.6033619820820293,0.3171574983806362,2.599999999999991,0,0.3139075512464343,False,
M5_UNEQUAL_WIDTH,5.016666666666654,300,O185,13,C0,207.6361939021034,-36.263997440493995,0.1422685015644752,-0.9898281029868767,0.14530392380545953,0.14530392380545953,0.14530392380545953,0.6959773134070084,0.773416864843385,0.43781194918340144,2.99999999999999,0,0.41726616887500423,False,
M5_UNEQUAL_WIDTH,5.016666666666654,300,O185,13,C1,214.641572827652,33.95709926573498,0.1539009563484607,0.9880862794488289,0.15086948356270133,0.15086948356270133,0.15086948356270133,0.6972203499032124,0.6985467911164998,0.2711115048997576,2.99999999999999,0,0.3215265219485367,False,
M5_UNEQUAL_WIDTH,5.016666666666654,300,O185,13,C2,265.06094151319854,-9.398428746959773,0.9816455884578474,0.19071428541471797,0.981055994310916,0.981055994310916,0.981055994310916,0.0984679514512296,0.10530007249186871,0.12288423673936398,2.599999999999991,0,0.8880287260078168,True,
M5_UNEQUAL_WIDTH,5.016666666666654,300,O186,16,C0,207.6361939021034,-36.263997440493995,0.1422685015644752,-0.9898281029868767,0.14050842744033054,0.14050842744033054,0.14050842744033054,0.7265250354018301,0.7265517286515055,0.5443576434989629,2.99999999999999,0,0.3916889112154953,False,
M5_UNEQUAL_WIDTH,5.016666666666654,300,O186,16,C1,214.641572827652,33.95709926573498,0.1539009563484607,0.9880862794488289,0.15565746552129586,0.15565746552129586,0.15565746552129586,0.6634863414623927,0.6651095067932203,0.37765719921531904,2.99999999999999,0,0.35435348983413784,False,
M5_UNEQUAL_WIDTH,5.016666666666654,300,O186,16,C2,265.06094151319854,-9.398428746959773,0.9816455884578474,0.19071428541471797,0.9819831143971481,0.9819831143971481,0.9819831143971481,0.12922187475195374,0.1382166309931067,0.22942993105492543,2.599999999999991,0,0.8530573884153461,True,
M5_UNEQUAL_WIDTH,5.016666666666654,300,O187,20,C0,207.6361939021034,-36.263997440493995,0.1422685015644752,-0.9898281029868767,-0.9498836331196534,-0.9498836331196534,0.9498836331196534,0.834110104663036,0.8371815551208724,0.17707988265666025,2.99999999999999,0,0.30160916526008763,False,
M5_UNEQUAL_WIDTH,5.016666666666654,300,O187,20,C1,214.641572827652,33.95709926573498,0.1539009563484607,0.9880862794488289,0.9997864869820906,0.9997864869820906,0.9997864869820906,0.013580236433282041,0.017963863818688523,0.010379438373016385,2.99999999999999,0,0.986784909179818,True,
M5_UNEQUAL_WIDTH,5.016666666666654,300,O187,20,C2,265.06094151319854,-9.398428746959773,0.9816455884578474,0.19071428541471797,0.35888195313812665,0.35888195313812665,0.35888195313812665,0.7781934080647191,0.7864624269126198,0.13784782978737722,2.599999999999991,0,0.235003936179078,False,
M5_UNEQUAL_WIDTH,5.116666666666654,306,O188,1,C0,207.6361939021034,-36.263997440493995,0.1422685015644752,-0.9898281029868767,0.9967096981213635,0.9967096981213635,0.9967096981213635,0.05583552228932004,0.055913719739239344,0.009226175716231279,3.0999999999999894,0,0.9532495568609249,True,
M5_UNEQUAL_WIDTH,5.116666666666654,306,O188,1,C1,214.641572827652,33.95709926573498,0.1539009563484607,0.9880862794488289,-0.9767358170320587,-0.9767358170320587,0.9767358170320587,0.8954611569582369,0.8984794715174571,0.1574742685674126,3.0999999999999894,0,0.24440367214212055,False,
M5_UNEQUAL_WIDTH,5.116666666666654,306,O188,1,C2,265.06094151319854,-9.398428746959773,0.9816455884578474,0.19071428541471797,-0.1299118370728441,-0.1299118370728441,0.1299118370728441,0.778197697242783,0.8275344536944365,0.3057015367278062,2.699999999999991,0,0.34335139183314867,False,
M5_UNEQUAL_WIDTH,5.116666666666654,306,O189,2,C0,207.6361939021034,-36.263997440493995,0.1422685015644752,-0.9898281029868767,0.9999522566452759,0.9999522566452759,0.9999522566452759,0.00396360020683207,0.007655932787231255,0.005899133157472121,3.0999999999999894,0,0.9966976342532776,True,
M5_UNEQUAL_WIDTH,5.116666666666654,306,O189,2,C1,214.641572827652,33.95709926573498,0.1539009563484607,0.9880862794488289,-0.9532324657960121,-0.9532324657960121,0.9532324657960121,0.8408432345161558,0.8437964839097367,0.17259957744111598,3.0999999999999894,0,0.2994318924388195,False,
M5_UNEQUAL_WIDTH,5.116666666666654,306,O189,2,C2,265.06094151319854,-9.398428746959773,0.9816455884578474,0.19071428541471797,-0.03935494799167388,-0.03935494799167388,0.03935494799167388,0.751766452478017,0.861152442742811,0.3208268456015096,2.699999999999991,0,0.3736482862426037,False,
M5_UNEQUAL_WIDTH,5.116666666666654,306,O190,5,C0,207.6361939021034,-36.263997440493995,0.1422685015644752,-0.9898281029868767,-0.30678861178441785,-0.30678861178441785,0.30678861178441785,0.6511341339669534,0.6579033867184315,0.16821196600810293,3.0999999999999894,0,0.4548128492790062,False,
M5_UNEQUAL_WIDTH,5.116666666666654,306,O190,5,C1,214.641572827652,33.95709926573498,0.1539009563484607,0.9880862794488289,0.014548666481279643,0.014548666481279643,0.014548666481279643,0.7227620803743937,0.7314058934257532,0.0015115217244590507,3.0999999999999894,0,0.2966715579322954,False,
M5_UNEQUAL_WIDTH,5.116666666666654,306,O190,5,C2,265.06094151319854,-9.398428746959773,0.9816455884578474,0.19071428541471797,-0.9355603362423635,-0.9355603362423635,0.9355603362423635,1.190330281996074,1.193586482340938,0.14671574643593455,2.699999999999991,0,0.0,False,
M5_UNEQUAL_WIDTH,5.116666666666654,306,O191,6,C0,207.6361939021034,-36.263997440493995,0.1422685015644752,-0.9898281029868767,-0.09137931436612073,-0.09137931436612073,0.09137931436612073,0.7837159147607466,0.8103676243919884,0.4376988940327923,3.0999999999999894,0,0.3438036431295526,False,
M5_UNEQUAL_WIDTH,5.116666666666654,306,O191,6,C1,214.641572827652,33.95709926573498,0.1539009563484607,0.9880862794488289,0.37905500683515525,0.37905500683515525,0.37905500683515525,1.3615774254462492,1.4145382566206361,0.2709984497491484,3.0999999999999894,0,0.0,False,
M5_UNEQUAL_WIDTH,5.116666666666654,306,O191,6,C2,265.06094151319854,-9.398428746959773,0.9816455884578474,0.19071428541471797,0.9991025222710872,0.9991025222710872,0.9991025222710872,0.7071276247006718,0.7071376588674501,0.1227711815887548,2.699999999999991,0,0.1959010028555651,False,
M5_UNEQUAL_WIDTH,5.116666666666654,306,O192,13,C0,207.6361939021034,-36.263997440493995,0.1422685015644752,-0.9898281029868767,0.14331159475752703,0.14331159475752703,0.14331159475752703,0.6946955231750911,0.7742694793864047,0.43496739270240004,3.0999999999999894,0,0.41833939715149393,False,
M5_UNEQUAL_WIDTH,5.116666666666654,306,O192,13,C1,214.641572827652,33.95709926573498,0.1539009563484607,0.9880862794488289,0.15285953437367975,0.15285953437367975,0.15285953437367975,0.6977254645630523,0.6993975738813276,0.26826694841875615,3.0999999999999894,0,0.32103498881970016,False,
M5_UNEQUAL_WIDTH,5.116666666666654,306,O192,13,C2,265.06094151319854,-9.398428746959773,0.9816455884578474,0.19071428541471797,0.9814440509922272,0.9814440509922272,0.9814440509922272,0.09844718673669536,0.10483669396320555,0.12003968025836255,2.699999999999991,0,0.8880523382746124,True,
M5_UNEQUAL_WIDTH,5.116666666666654,306,O193,16,C0,207.6361939021034,-36.263997440493995,0.1422685015644752,-0.9898281029868767,0.13824759660729788,0.13824759660729788,0.13824759660729788,0.7259885107986627,0.7260116924343967,0.544350428841623,3.0999999999999894,0,0.39213813711908996,False,
M5_UNEQUAL_WIDTH,5.116666666666654,306,O193,16,C1,214.641572827652,33.95709926573498,0.1539009563484607,0.9880862794488289,0.15791234545952004,0.15791234545952004,0.15791234545952004,0.6629832792953393,0.6649875436114672,0.37764998455797916,3.0999999999999894,0,0.35484302565764636,False,
M5_UNEQUAL_WIDTH,5.116666666666654,306,O193,16,C2,265.06094151319854,-9.398428746959773,0.9816455884578474,0.19071428541471797,0.9824119921475511,0.9824119921475511,0.9824119921475511,0.12966238841179073,0.13845468301157998,0.22942271639758557,2.699999999999991,0,0.8525564652725778,True,
M5_UNEQUAL_WIDTH,5.116666666666654,306,O194,20,C0,207.6361939021034,-36.263997440493995,0.1422685015644752,-0.9898281029868767,-0.9498186379203207,-0.9498186379203207,0.9498186379203207,0.8343705677319536,0.8371505767884218,0.167577721560244,3.0999999999999894,0,0.3013910825164505,False,
M5_UNEQUAL_WIDTH,5.116666666666654,306,O194,20,C1,214.641572827652,33.95709926573498,0.1539009563484607,0.9880862794488289,0.9997821704764235,0.9997821704764235,0.9997821704764235,0.00833574328541968,0.012910167017378585,0.0008772772766001307,3.0999999999999894,0,0.9918883883125501,True,
M5_UNEQUAL_WIDTH,5.116666666666654,306,O194,20,C2,265.06094151319854,-9.398428746959773,0.9816455884578474,0.19071428541471797,0.3590759490293821,0.3590759490293821,0.3590759490293821,0.7833905107476782,0.7913783712227243,0.14734999088379347,2.699999999999991,0,0.237021959774666,False,
M5_UNEQUAL_WIDTH,5.2166666666666535,312,O195,0,C0,207.6361939021034,-36.263997440493995,0.1422685015644752,-0.9898281029868767,0.9968920146433223,0.9968920146433223,0.9968920146433223,0.05322757265748977,0.05334183715211925,0.005180239323004223,3.199999999999989,0,0.9554331632099565,True,
M5_UNEQUAL_WIDTH,5.2166666666666535,312,O195,0,C1,214.641572827652,33.95709926573498,0.1539009563484607,0.9880862794488289,-0.9762440559694282,-0.9762440559694282,0.9762440559694282,0.8930250644833239,0.8961849977203494,0.16152020496063965,3.199999999999989,0,0.2490230908751554,False,
M5_UNEQUAL_WIDTH,5.2166666666666535,312,O195,0,C2,265.06094151319854,-9.398428746959773,0.9816455884578474,0.19071428541471797,-0.12764951590249857,-0.12764951590249857,0.12764951590249857,0.7781707151881359,0.8292964159487598,0.30974747312103323,2.7999999999999905,0,0.3456082458317511,False,
M5_UNEQUAL_WIDTH,5.2166666666666535,312,O196,1,C0,207.6361939021034,-36.263997440493995,0.1422685015644752,-0.9898281029868767,0.9999617096988622,0.9999617096988622,0.9999617096988622,0.0010469324326572115,0.0062510472115391395,0.0064963554129372865,3.199999999999989,0,0.999128157700916,True,
M5_UNEQUAL_WIDTH,5.2166666666666535,312,O196,1,C1,214.641572827652,33.95709926573498,0.1539009563484607,0.9880862794488289,-0.9535404656369972,-0.9535404656369972,0.9535404656369972,0.8405930729182358,0.8435309966248126,0.17319679969658117,3.199999999999989,0,0.2999886387825027,False,
M5_UNEQUAL_WIDTH,5.2166666666666535,312,O196,1,C2,265.06094151319854,-9.398428746959773,0.9816455884578474,0.19071428541471797,-0.04037484328167487,-0.04037484328167487,0.04037484328167487,0.7541874055183706,0.8630020666915263,0.32142406785697475,2.7999999999999905,0,0.37194372716254853,False,
M5_UNEQUAL_WIDTH,5.2166666666666535,312,O197,4,C0,207.6361939021034,-36.263997440493995,0.1422685015644752,-0.9898281029868767,-0.31127472117967,-0.31127472117967,0.31127472117967,0.6525624422788593,0.657153759600062,0.1670906775154027,3.199999999999989,0,0.45361694309271094,False,
M5_UNEQUAL_WIDTH,5.2166666666666535,312,O197,4,C1,214.641572827652,33.95709926573498,0.1539009563484607,0.9880862794488289,0.01926499186679903,0.01926499186679903,0.01926499186679903,0.7227184118556833,0.733489694201327,0.0003902332317588546,3.199999999999989,0,0.29671405229118064,False,
M5_UNEQUAL_WIDTH,5.2166666666666535,312,O197,4,C2,265.06094151319854,-9.398428746959773,0.9816455884578474,0.19071428541471797,-0.9338840446168611,-0.9338840446168611,0.9338840446168611,1.1912592421026755,1.1945517458293797,0.14783703492863476,2.7999999999999905,0,0.0,False,
M5_UNEQUAL_WIDTH,5.2166666666666535,312,O198,7,C0,207.6361939021034,-36.263997440493995,0.1422685015644752,-0.9898281029868767,0.14357532860374794,0.14357532860374794,0.14357532860374794,0.6963041502064727,0.7725587372959177,0.4390208741416829,3.199999999999989,0,0.416992512167184,False,
M5_UNEQUAL_WIDTH,5.2166666666666535,312,O198,7,C1,214.641572827652,33.95709926573498,0.1539009563484607,0.9880862794488289,0.15259617100911707,0.15259617100911707,0.15259617100911707,0.6968242705566056,0.6983123606562675,0.272320429858039,3.199999999999989,0,0.3219119515073755,False,
M5_UNEQUAL_WIDTH,5.2166666666666535,312,O198,7,C2,265.06094151319854,-9.398428746959773,0.9816455884578474,0.19071428541471797,0.9813929170732276,0.9813929170732276,0.9813929170732276,0.09871029634442932,0.10541068018681539,0.1240931616976454,2.7999999999999905,0,0.8877531473445345,True,
M5_UNEQUAL_WIDTH,5.2166666666666535,312,O199,10,C0,207.6361939021034,-36.263997440493995,0.1422685015644752,-0.9898281029868767,0.14325773736077763,0.14325773736077763,0.14325773736077763,0.7252466541428406,0.7254679473553376,0.5443317589008908,3.199999999999989,0,0.3927592851980072,False,
M5_UNEQUAL_WIDTH,5.2166666666666535,312,O199,10,C1,214.641572827652,33.95709926573498,0.1539009563484607,0.9880862794488289,0.15291331352960233,0.15291331352960233,0.15291331352960233,0.6623007856356055,0.6640875371507392,0.37763131461724697,3.199999999999989,0,0.3555071684170079,False,
M5_UNEQUAL_WIDTH,5.2166666666666535,312,O199,10,C2,265.06094151319854,-9.398428746959773,0.9816455884578474,0.19071428541471797,0.9814544842972002,0.9814544842972002,0.9814544842972002,0.1302613582173871,0.13911633092958192,0.22940404645685336,2.7999999999999905,0,0.8518753562292085,True,
M5_UNEQUAL_WIDTH,5.2166666666666535,312,O200,14,C0,207.6361939021034,-36.263997440493995,0.1422685015644752,-0.9898281029868767,-0.9493568595211153,-0.9493568595211153,0.9493568595211153,0.8351811312533883,0.8379700672445455,0.1682207507028026,3.199999999999989,0,0.3007124069660888,False,
M5_UNEQUAL_WIDTH,5.2166666666666535,312,O200,14,C1,214.641572827652,33.95709926573498,0.1539009563484607,0.9880862794488289,0.9997503429841423,0.9997503429841423,0.9997503429841423,0.008699821922994249,0.014045946146553351,0.0015203064191587213,3.199999999999989,0,0.9915340990271703,True,
M5_UNEQUAL_WIDTH,5.2166666666666535,312,O200,14,C2,265.06094151319854,-9.398428746959773,0.9816455884578474,0.19071428541471797,0.3604502985943989,0.3604502985943989,0.3604502985943989,0.7829279202762036,0.791057279761403,0.14670696174123488,2.7999999999999905,0,0.2369946463036553,False,
M5_UNEQUAL_WIDTH,5.316666666666653,318,O201,2,C0,207.6361939021034,-36.263997440493995,0.1422685015644752,-0.9898281029868767,-0.9490779084336795,-0.9490779084336795,0.9490779084336795,0.8355281238256382,0.8383615099452839,0.16915290981950074,3.2999999999999887,0,0.3004218740606278,False,
M5_UNEQUAL_WIDTH,5.316666666666653,318,O201,2,C1,214.641572827652,33.95709926573498,0.1539009563484607,0.9880862794488289,0.9997301392974904,0.9997301392974904,0.9997301392974904,0.008350393692444728,0.014331789867486552,0.0024524655358568737,3.2999999999999887,0,0.991874131825902,True,
M5_UNEQUAL_WIDTH,5.316666666666653,318,O201,2,C2,265.06094151319854,-9.398428746959773,0.9816455884578474,0.19071428541471797,0.361277183030836,0.361277183030836,0.361277183030836,0.7832799498496118,0.7912906041664217,0.14577480262453674,2.89999999999999,0,0.23595748840553565,False,
M5_UNEQUAL_WIDTH,5.416666666666653,324,O202,0,C0,207.6361939021034,-36.263997440493995,0.1422685015644752,-0.9898281029868767,0.9999716395968377,0.9999716395968377,0.9999716395968377,0.006934941673973874,0.008380235747232876,0.005013297653216041,3.3999999999999884,0,0.9941934527858096,True,
M5_UNEQUAL_WIDTH,5.416666666666653,324,O202,0,C1,214.641572827652,33.95709926573498,0.1539009563484607,0.9880862794488289,-0.9539072159908863,-0.9539072159908863,0.9539072159908863,0.8384481339996748,0.841043512727643,0.16168714663042782,3.3999999999999884,0,0.2950177660018921,False,
M5_UNEQUAL_WIDTH,5.416666666666653,324,O202,0,C2,265.06094151319854,-9.398428746959773,0.9816455884578474,0.19071428541471797,-0.04159354118224773,-0.04159354118224773,0.04159354118224773,0.748100968928674,0.8572393525596496,0.30991441479082144,2.99999999999999,0,0.37098328334798314,False,
M5_UNEQUAL_WIDTH,5.416666666666653,324,O203,3,C0,207.6361939021034,-36.263997440493995,0.1422685015644752,-0.9898281029868767,-0.30066172502767874,-0.30066172502767874,0.30066172502767874,0.6495722589762574,0.6596149288413901,0.17134326452325205,3.3999999999999884,0,0.4561205893152599,False,
M5_UNEQUAL_WIDTH,5.416666666666653,324,O203,3,C1,214.641572827652,33.95709926573498,0.1539009563484607,0.9880862794488289,0.00811840233105024,0.00811840233105024,0.00811840233105024,0.717009417880644,0.7279422113470846,0.004642820239608185,3.3999999999999884,0,0.30226954274546447,False,
M5_UNEQUAL_WIDTH,5.416666666666653,324,O203,3,C2,265.06094151319854,-9.398428746959773,0.9816455884578474,0.19071428541471797,-0.937812082408877,-0.937812082408877,0.937812082408877,1.185870430337856,1.1890782728659572,0.14358444792078542,2.99999999999999,0,0.0,False,
M5_UNEQUAL_WIDTH,5.416666666666653,324,O204,9,C0,207.6361939021034,-36.263997440493995,0.1422685015644752,-0.9898281029868767,-0.9491381615545023,-0.9491381615545023,0.9491381615545023,0.8356296598474938,0.8383752901830558,0.16715113189964928,3.3999999999999884,0,0.30033685911276486,False,
M5_UNEQUAL_WIDTH,5.416666666666653,324,O204,9,C1,214.641572827652,33.95709926573498,0.1539009563484607,0.9880862794488289,0.9997345651916835,0.9997345651916835,0.9997345651916835,0.00845251427167712,0.014179164465025804,0.0004506876160054132,3.3999999999999884,0,0.9917747570664274,True,
M5_UNEQUAL_WIDTH,5.416666666666653,324,O204,9,C2,265.06094151319854,-9.398428746959773,0.9816455884578474,0.19071428541471797,0.36109878806718704,0.36109878806718704,0.36109878806718704,0.7831846618251348,0.7914153975754019,0.1477765805443882,2.99999999999999,0,0.23753922775705527,False,
M5_UNEQUAL_WIDTH,5.516666666666652,330,O205,0,C0,207.6361939021034,-36.263997440493995,0.1422685015644752,-0.9898281029868767,0.9999895006478238,0.9999895006478238,0.9999895006478238,0.007288074461719118,0.007850347167688372,0.0022625286290126347,3.499999999999988,0,0.993897778748259,True,
M5_UNEQUAL_WIDTH,5.516666666666652,330,O205,0,C1,214.641572827652,33.95709926573498,0.1539009563484607,0.9880862794488289,-0.954788037327381,-0.954788037327381,0.954788037327381,0.8369261817503082,0.8396646923189279,0.16443791565463123,3.499999999999988,0,0.29792128577255705,False,
M5_UNEQUAL_WIDTH,5.516666666666652,330,O205,0,C2,265.06094151319854,-9.398428746959773,0.9816455884578474,0.19071428541471797,-0.04453970527496254,-0.04453970527496254,0.04453970527496254,0.747478774336786,0.8565121033008763,0.31266518381502484,3.0999999999999894,0,0.3729567215818763,False,
M5_UNEQUAL_WIDTH,5.516666666666652,330,O206,1,C0,207.6361939021034,-36.263997440493995,0.1422685015644752,-0.9898281029868767,-0.3006922549816152,-0.3006922549816152,0.3006922549816152,0.6518855738760944,0.6592602690382047,0.17490330914917504,3.499999999999988,0,0.4541836772518746,False,
M5_UNEQUAL_WIDTH,5.516666666666652,330,O206,1,C1,214.641572827652,33.95709926573498,0.1539009563484607,0.9880862794488289,0.008150412512983068,0.008150412512983068,0.008150412512983068,0.7178114794470576,0.7267209809803109,0.008202864865531182,3.499999999999988,0,0.3014890470231988,False,
M5_UNEQUAL_WIDTH,5.516666666666652,330,O206,1,C2,265.06094151319854,-9.398428746959773,0.9816455884578474,0.19071428541471797,-0.9378009694392755,-0.9378009694392755,0.9378009694392755,1.1878958583781167,1.1909791094462665,0.14002440329486243,3.0999999999999894,0,0.0,False,
M5_UNEQUAL_WIDTH,5.616666666666652,336,O207,0,C0,207.6361939021034,-36.263997440493995,0.1422685015644752,-0.9898281029868767,0.9999419479467844,0.9999419479467844,0.9999419479467844,0.003262232620539509,0.008225893721226361,0.00793521099295362,3.5999999999999877,0,0.9972865980092833,True,
M5_UNEQUAL_WIDTH,5.616666666666652,336,O207,0,C1,214.641572827652,33.95709926573498,0.1539009563484607,0.9880862794488289,-0.9529287067316887,-0.9529287067316887,0.9529287067316887,0.8417260777282074,0.8447300411445524,0.1746356552765975,3.5999999999999877,0,0.29988401177592205,False,
M5_UNEQUAL_WIDTH,5.616666666666652,336,O207,0,C2,265.06094151319854,-9.398428746959773,0.9816455884578474,0.19071428541471797,-0.03835226103760592,-0.03835226103760592,0.03835226103760592,0.7531304836194005,0.8624959101676681,0.3228629234369911,3.199999999999989,0,0.37357448372755286,False,
M5_UNEQUAL_WIDTH,5.616666666666652,336,O208,1,C0,207.6361939021034,-36.263997440493995,0.1422685015644752,-0.9898281029868767,-0.31709856461008196,-0.31709856461008196,0.31709856461008196,0.6491111160763671,0.656263504232415,0.15918639913490787,3.5999999999999877,0,0.456506698982303,False,
M5_UNEQUAL_WIDTH,5.616666666666652,336,O208,1,C1,214.641572827652,33.95709926573498,0.1539009563484607,0.9880862794488289,0.025397951444855238,0.025397951444855238,0.025397951444855238,0.7181897033214535,0.7386047531975325,0.007514045148736008,3.5999999999999877,0,0.306194106653099,False,
M5_UNEQUAL_WIDTH,5.616666666666652,336,O208,1,C2,265.06094151319854,-9.398428746959773,0.9816455884578474,0.19071428541471797,-0.9316729368485888,-0.9316729368485888,0.9316729368485888,1.1862636461132468,1.1898644767727748,0.1557413133091296,3.199999999999989,0,0.0,False,
M5_UNEQUAL_WIDTH,5.616666666666652,336,O209,2,C0,207.6361939021034,-36.263997440493995,0.1422685015644752,-0.9898281029868767,-0.29021416183538007,-0.29021416183538007,0.29021416183538007,0.6581004552725893,0.6651801242176413,0.17375362896951463,3.5999999999999877,0,0.44898002825872263,False,
M5_UNEQUAL_WIDTH,5.616666666666652,336,O209,2,C1,214.641572827652,33.95709926573498,0.1539009563484607,0.9880862794488289,-0.002817287144231795,-0.002817287144231795,0.002817287144231795,0.7335811615695005,0.7347850675941036,0.007053184685870763,3.5999999999999877,0,0.28614338036435116,False,
M5_UNEQUAL_WIDTH,5.616666666666652,336,O209,2,C2,265.06094151319854,-9.398428746959773,0.9816455884578474,0.19071428541471797,-0.9415522142164713,-0.9415522142164713,0.9415522142164713,1.2013471718736877,1.2043833854560875,0.14117408347452284,3.199999999999989,0,0.0,False,
M5_UNEQUAL_WIDTH,5.816666666666651,348,O210,0,C0,207.6361939021034,-36.263997440493995,0.1422685015644752,-0.9898281029868767,0.9999910068654139,0.9999910068654139,0.9999910068654139,0.009765325901810727,0.010077687082676822,0.0004910102682891482,3.799999999999987,0,0.9918269645738721,True,
M5_UNEQUAL_WIDTH,5.816666666666651,348,O210,0,C1,214.641572827652,33.95709926573498,0.1539009563484607,0.9880862794488289,-0.9548894794570781,-0.9548894794570781,0.9548894794570781,0.836693274427842,0.8395933149658499,0.16719145455193302,3.799999999999987,0,0.29973419817625013,False,
M5_UNEQUAL_WIDTH,5.816666666666651,348,O210,0,C2,265.06094151319854,-9.398428746959773,0.9816455884578474,0.19071428541471797,-0.04488077683164435,-0.04488077683164435,0.04488077683164435,0.7451264825283375,0.8547380393564028,0.3154187227123266,3.3999999999999884,0,0.37637051749384365,False,
M5_UNEQUAL_WIDTH,5.816666666666651,348,O211,2,C0,207.6361939021034,-36.263997440493995,0.1422685015644752,-0.9898281029868767,-0.3108967106467988,-0.3108967106467988,0.3108967106467988,0.6451915512462276,0.6536273722680684,0.17911019053444002,3.799999999999987,0,0.4597885057104977,False,
M5_UNEQUAL_WIDTH,5.816666666666651,348,O211,2,C1,214.641572827652,33.95709926573498,0.1539009563484607,0.9880862794488289,0.018867318218995954,0.018867318218995954,0.018867318218995954,0.7145103722067024,0.730710806007542,0.012409746250796161,3.799999999999987,0,0.3047013940395984,False,
M5_UNEQUAL_WIDTH,5.816666666666651,348,O211,2,C2,265.06094151319854,-9.398428746959773,0.9816455884578474,0.19071428541471797,-0.9340261951456447,-0.9340261951456447,0.9340261951456447,1.1814420789064377,1.184338134641761,0.13581752190959745,3.3999999999999884,0,0.0,False,
M5_UNEQUAL_WIDTH,6.016666666666651,360,O212,0,C0,207.6361939021034,-36.263997440493995,0.1422685015644752,-0.9898281029868767,0.9999789045235774,0.9999789045235774,0.9999789045235774,0.00959899778894615,0.010352335718035047,0.0007082538806647184,3.9999999999999862,0,0.9919628691212212,True,
M5_UNEQUAL_WIDTH,6.016666666666651,360,O212,0,C1,214.641572827652,33.95709926573498,0.1539009563484607,0.9880862794488289,-0.9542175710084354,-0.9542175710084354,0.9542175710084354,0.837925312967671,0.840750137263963,0.16599219040297916,3.9999999999999862,0,0.2979984391016237,False,
M5_UNEQUAL_WIDTH,6.016666666666651,360,O212,0,C2,265.06094151319854,-9.398428746959773,0.9816455884578474,0.19071428541471797,-0.04262849399554278,-0.04262849399554278,0.04262849399554278,0.7455820502249113,0.8553265177082132,0.31421945856337274,3.5999999999999877,0,0.37536227282360046,False,
M5_UNEQUAL_WIDTH,6.016666666666651,360,O213,3,C0,207.6361939021034,-36.263997440493995,0.1422685015644752,-0.9898281029868767,-0.3091015107220444,-0.3091015107220444,0.3091015107220444,0.6463232368693217,0.6564644308560778,0.1689055969144712,3.9999999999999862,0,0.45884095830331806,False,
M5_UNEQUAL_WIDTH,6.016666666666651,360,O213,3,C1,214.641572827652,33.95709926573498,0.1539009563484607,0.9880862794488289,0.016979401870995392,0.016979401870995392,0.016979401870995392,0.7122716063901828,0.7322493297913996,0.0022051526308273545,3.9999999999999862,0,0.3068799638852542,False,
M5_UNEQUAL_WIDTH,6.016666666666651,360,O213,3,C2,265.06094151319854,-9.398428746959773,0.9816455884578474,0.19071428541471797,-0.9346990103618398,-0.9346990103618398,0.9346990103618398,1.1808646614220666,1.1841670370062192,0.14602211552956626,3.5999999999999877,0,0.0,False,
M5_UNEQUAL_WIDTH,6.016666666666651,360,O214,4,C0,207.6361939021034,-36.263997440493995,0.1422685015644752,-0.9898281029868767,-0.2659818994372894,-0.2659818994372894,0.2659818994372894,0.6621596984802635,0.6723656936776669,0.1837748581272424,3.9999999999999862,0,0.44558127042522877,False,
M5_UNEQUAL_WIDTH,6.016666666666651,360,O214,4,C1,214.641572827652,33.95709926573498,0.1539009563484607,0.9880862794488289,-0.028041867646169505,-0.028041867646169505,0.028041867646169505,0.7339065970520727,0.7365863829912622,0.017074413843598535,3.9999999999999862,0,0.28582669519620774,False,
M5_UNEQUAL_WIDTH,6.016666666666651,360,O214,4,C2,265.06094151319854,-9.398428746959773,0.9816455884578474,0.19071428541471797,-0.9497502641481609,-0.9497502641481609,0.9497502641481609,1.2042352027650565,1.2069885877569204,0.13115285431679508,3.5999999999999877,0,0.0,False,
M5_UNEQUAL_WIDTH,6.21666666666665,372,O215,0,C0,207.6361939021034,-36.263997440493995,0.1422685015644752,-0.9898281029868767,0.9999737118543096,0.9999737118543096,0.9999737118543096,0.00850529206096284,0.009543839017921264,0.0024029035187580696,4.199999999999985,0,0.9928786163973373,True,
M5_UNEQUAL_WIDTH,6.21666666666665,372,O215,0,C1,214.641572827652,33.95709926573498,0.1539009563484607,0.9880862794488289,-0.9539913187674127,-0.9539913187674127,0.9539913187674127,0.8383383258506537,0.8410671739004197,0.1642975407648858,4.199999999999985,0,0.29665384538110806,False,
M5_UNEQUAL_WIDTH,6.21666666666665,372,O215,0,C2,265.06094151319854,-9.398428746959773,0.9816455884578474,0.19071428541471797,-0.041873669445937206,-0.041873669445937206,0.041873669445937206,0.7466788298524267,0.85620614615072,0.3125248089252794,3.799999999999987,0,0.3735540085452378,False,
M5_UNEQUAL_WIDTH,6.21666666666665,372,O216,2,C0,207.6361939021034,-36.263997440493995,0.1422685015644752,-0.9898281029868767,-0.3081713177870571,-0.3081713177870571,0.3081713177870571,0.6479393868512116,0.6582286886028846,0.16309128030775813,4.199999999999985,0,0.45748777443873345,False,
M5_UNEQUAL_WIDTH,6.21666666666665,372,O216,2,C1,214.641572827652,33.95709926573498,0.1539009563484607,0.9880862794488289,0.016001599169917308,0.016001599169917308,0.016001599169917308,0.7110448997078569,0.7337229393493664,0.003609163975885753,4.199999999999985,0,0.3104953105634082,False,
M5_UNEQUAL_WIDTH,6.21666666666665,372,O216,2,C2,265.06094151319854,-9.398428746959773,0.9816455884578474,0.19071428541471797,-0.9350461610532423,-0.9350461610532423,0.9350461610532423,1.1812155619780396,1.184766588786414,0.15183643213627937,3.799999999999987,0,0.0,False,
M5_UNEQUAL_WIDTH,6.21666666666665,372,O217,3,C0,207.6361939021034,-36.263997440493995,0.1422685015644752,-0.9898281029868767,-0.2741345323149025,-0.2741345323149025,0.2741345323149025,0.6586819909783378,0.669026229398416,0.18200511965715058,4.199999999999985,0,0.4484931150746019,False,
M5_UNEQUAL_WIDTH,6.21666666666665,372,O217,3,C1,214.641572827652,33.95709926573498,0.1539009563484607,0.9880862794488289,-0.01957702030871883,-0.01957702030871883,0.01957702030871883,0.7306566834942573,0.7325544117691027,0.015304675373506712,4.199999999999985,0,0.2889892250266175,False,
M5_UNEQUAL_WIDTH,6.21666666666665,372,O217,3,C2,265.06094151319854,-9.398428746959773,0.9816455884578474,0.19071428541471797,-0.9470659200088654,-0.9470659200088654,0.9470659200088654,1.2000189954410274,1.2028299327778218,0.1329225927868869,3.799999999999987,0,0.0,False,
M5_UNEQUAL_WIDTH,6.3166666666666496,378,O218,0,C0,207.6361939021034,-36.263997440493995,0.1422685015644752,-0.9898281029868767,0.9998165758016228,0.9998165758016228,0.9998165758016228,0.012444483055308072,0.016493063186841923,0.0044186773448722134,4.299999999999985,0,0.9896187843723621,True,
M5_UNEQUAL_WIDTH,6.3166666666666496,378,O218,0,C1,214.641572827652,33.95709926573498,0.1539009563484607,0.9880862794488289,-0.9503550161444654,-0.9503550161444654,0.9503550161444654,0.8456802598206976,0.8485752198383592,0.17111912162851609,4.299999999999985,0,0.29453163379969916,False,
M5_UNEQUAL_WIDTH,6.3166666666666496,378,O218,0,C2,265.06094151319854,-9.398428746959773,0.9816455884578474,0.19071428541471797,-0.02997881106955136,-0.02997881106955136,0.02997881106955136,0.7480298592634246,0.859270840208956,0.31934638978890967,3.8999999999999866,0,0.3759918165814876,False,
M5_UNEQUAL_WIDTH,6.3166666666666496,378,O219,3,C0,207.6361939021034,-36.263997440493995,0.1422685015644752,-0.9898281029868767,-0.3076905973486155,-0.3076905973486155,0.3076905973486155,0.6393460488533109,0.6594881904843133,0.16001101755324246,4.299999999999985,0,0.46468287789570517,False,
M5_UNEQUAL_WIDTH,6.3166666666666496,378,O219,3,C1,214.641572827652,33.95709926573498,0.1539009563484607,0.9880862794488289,0.015496389561574592,0.015496389561574592,0.015496389561574592,0.7191694684102709,0.7360711246275683,0.006689426730401425,4.299999999999985,0,0.3046937106144555,False,
M5_UNEQUAL_WIDTH,6.3166666666666496,378,O219,3,C2,265.06094151319854,-9.398428746959773,0.9816455884578474,0.19071428541471797,-0.935225173841301,-0.935225173841301,0.935225173841301,1.1802841251835263,1.1838131914912209,0.15491669489079504,3.8999999999999866,0,0.0,False,
