time,map_case,observation_id,source_gap_id,proposed_candidate_id,decision,matched_candidate_id,incoming_match_score,duplicate_match_score,decision_reason,raw_identity_proposal_created
0.5166666666666666,M1_CROSS_BASELINE,PARTIAL_30_1,-1,C0,NEW_OUTGOING,C0,NaN,NaN,FROZEN_ONE_ENDED_PARTIAL,True
0.5166666666666666,M1_CROSS_BASELINE,PARTIAL_30_3,-1,C1,NEW_OUTGOING,C1,NaN,NaN,FROZEN_ONE_ENDED_PARTIAL,True
2.2166666666666637,M1_CROSS_BASELINE,O0,0,C2,MERGE_EXISTING,C0,0.005306057733430624,0.0,FROZEN_DIRECTION_ASSOCIATION,False
2.2166666666666637,M1_CROSS_BASELINE,O1,3,C2,NEW_OUTGOING,C2,-0.9999997588582739,0.2996681493402378,NO_PARENT_OR_EXISTING_IDENTITY_MATCH,True
2.2166666666666637,M1_CROSS_BASELINE,O2,5,C3,MERGE_EXISTING,C1,0.016480389255008873,0.30160513767537156,FROZEN_DIRECTION_ASSOCIATION,False
2.3166666666666633,M1_CROSS_BASELINE,O3,2,C3,MERGE_EXISTING,C1,-0.0006348765852181909,0.9998526890769177,FROZEN_DIRECTION_ASSOCIATION,False
2.416666666666663,M1_CROSS_BASELINE,O4,0,C3,MERGE_EXISTING,C0,0.011604856621495612,0.9999790489460247,FROZEN_DIRECTION_ASSOCIATION,False
2.416666666666663,M1_CROSS_BASELINE,O5,3,C3,MERGE_EXISTING,C2,-0.9987156558381176,0.9987418824381126,FROZEN_DIRECTION_ASSOCIATION,False
2.416666666666663,M1_CROSS_BASELINE,O6,5,C3,MERGE_EXISTING,C1,-0.0005047482170938601,0.9998527700547407,FROZEN_DIRECTION_ASSOCIATION,False
2.5166666666666626,M1_CROSS_BASELINE,O7,0,C3,MERGE_EXISTING,C0,0.002585262476734344,0.999997069604717,FROZEN_DIRECTION_ASSOCIATION,False
2.5166666666666626,M1_CROSS_BASELINE,O8,3,C3,MERGE_EXISTING,C2,-0.999641226736849,0.999651716990184,FROZEN_DIRECTION_ASSOCIATION,False
2.5166666666666626,M1_CROSS_BASELINE,O9,5,C3,MERGE_EXISTING,C1,-0.0003789990941226366,0.9998527700547407,FROZEN_DIRECTION_ASSOCIATION,False
2.6166666666666623,M1_CROSS_BASELINE,O10,0,C3,MERGE_EXISTING,C0,0.010295672860077522,0.999986013964606,FROZEN_DIRECTION_ASSOCIATION,False
2.6166666666666623,M1_CROSS_BASELINE,O11,3,C3,MERGE_EXISTING,C2,-0.9999989824550662,0.9999994683169409,FROZEN_DIRECTION_ASSOCIATION,False
2.6166666666666623,M1_CROSS_BASELINE,O12,5,C3,MERGE_EXISTING,C1,-0.0003802706573679355,0.9998527621822018,FROZEN_DIRECTION_ASSOCIATION,False
2.716666666666662,M1_CROSS_BASELINE,O13,0,C3,MERGE_EXISTING,C0,0.01518096815297248,0.9999493298106563,FROZEN_DIRECTION_ASSOCIATION,False
2.716666666666662,M1_CROSS_BASELINE,O14,3,C3,MERGE_EXISTING,C2,-0.9999998876229104,0.9999999995790886,FROZEN_DIRECTION_ASSOCIATION,False
2.716666666666662,M1_CROSS_BASELINE,O15,5,C3,MERGE_EXISTING,C1,0.0036075375930079714,0.9999146546290645,FROZEN_DIRECTION_ASSOCIATION,False
2.8166666666666615,M1_CROSS_BASELINE,O16,0,C3,MERGE_EXISTING,C0,0.009087956792771329,0.9999925070550042,FROZEN_DIRECTION_ASSOCIATION,False
2.8166666666666615,M1_CROSS_BASELINE,O17,3,C3,MERGE_EXISTING,C2,-0.9995673563313928,0.9995849767063493,FROZEN_DIRECTION_ASSOCIATION,False
2.8166666666666615,M1_CROSS_BASELINE,O18,5,C3,MERGE_EXISTING,C1,-0.0005897443034564659,0.9998527700547407,FROZEN_DIRECTION_ASSOCIATION,False
2.916666666666661,M1_CROSS_BASELINE,O19,0,C3,MERGE_EXISTING,C0,0.009326306990595265,0.9999917833002765,FROZEN_DIRECTION_ASSOCIATION,False
2.916666666666661,M1_CROSS_BASELINE,O20,3,C3,MERGE_EXISTING,C2,-0.9997400248679995,0.9997548781067381,FROZEN_DIRECTION_ASSOCIATION,False
2.916666666666661,M1_CROSS_BASELINE,O21,5,C3,MERGE_EXISTING,C1,-0.0006454526076610778,0.9998527700547407,FROZEN_DIRECTION_ASSOCIATION,False
3.016666666666661,M1_CROSS_BASELINE,O22,0,C3,MERGE_EXISTING,C0,0.008688810997513475,0.9999941999050606,FROZEN_DIRECTION_ASSOCIATION,False
3.016666666666661,M1_CROSS_BASELINE,O23,3,C3,MERGE_EXISTING,C2,-0.99998296732145,0.9999866605670398,FROZEN_DIRECTION_ASSOCIATION,False
3.016666666666661,M1_CROSS_BASELINE,O24,5,C3,MERGE_EXISTING,C1,0.005052535802317945,0.9999344306051713,FROZEN_DIRECTION_ASSOCIATION,False
3.1166666666666605,M1_CROSS_BASELINE,O25,0,C3,MERGE_EXISTING,C0,0.007395430957556957,0.9999976399627313,FROZEN_DIRECTION_ASSOCIATION,False
3.1166666666666605,M1_CROSS_BASELINE,O26,3,C3,MERGE_EXISTING,C2,-0.9999918626087582,0.9999941418973919,FROZEN_DIRECTION_ASSOCIATION,False
3.1166666666666605,M1_CROSS_BASELINE,O27,5,C3,MERGE_EXISTING,C1,0.0046592063000903605,0.9999291354893411,FROZEN_DIRECTION_ASSOCIATION,False
3.21666666666666,M1_CROSS_BASELINE,O28,0,C3,MERGE_EXISTING,C0,0.00583366969992915,0.9999997342385513,FROZEN_DIRECTION_ASSOCIATION,False
3.21666666666666,M1_CROSS_BASELINE,O29,3,C3,MERGE_EXISTING,C2,-0.999996968443281,0.9999980609109762,FROZEN_DIRECTION_ASSOCIATION,False
3.21666666666666,M1_CROSS_BASELINE,O30,5,C3,MERGE_EXISTING,C1,0.004046587133866793,0.9999201671526541,FROZEN_DIRECTION_ASSOCIATION,False
3.3166666666666598,M1_CROSS_BASELINE,O31,0,C3,MERGE_EXISTING,C2,-0.9999993780147393,0.9999997266446043,FROZEN_DIRECTION_ASSOCIATION,False
3.3166666666666598,M1_CROSS_BASELINE,O32,2,C3,MERGE_EXISTING,C1,0.003110972530524014,0.9999063113627803,FROZEN_DIRECTION_ASSOCIATION,False
3.4166666666666594,M1_CROSS_BASELINE,O33,0,C3,MERGE_EXISTING,C0,0.0010090411593585637,0.9999921108282912,FROZEN_DIRECTION_ASSOCIATION,False
3.4166666666666594,M1_CROSS_BASELINE,O34,2,C3,KNOWN_PARENT_PATH,KNOWN_PARENT_PATH,0.9999999836100867,0.3028831522787959,DIRECTED_LOCAL_HISTORY_PARENT_MATCH,True
3.4166666666666594,M1_CROSS_BASELINE,O35,3,C3,MERGE_EXISTING,C2,-0.9999999377659915,0.9999999998584821,FROZEN_DIRECTION_ASSOCIATION,False
3.4166666666666594,M1_CROSS_BASELINE,O36,5,C3,MERGE_EXISTING,C1,0.0019936396502286137,0.9998902993451785,FROZEN_DIRECTION_ASSOCIATION,False
3.516666666666659,M1_CROSS_BASELINE,O37,1,C3,MERGE_EXISTING,C0,0.009012226364803318,0.999992363304399,FROZEN_DIRECTION_ASSOCIATION,False
3.516666666666659,M1_CROSS_BASELINE,O38,3,C3,KNOWN_PARENT_PATH,KNOWN_PARENT_PATH,0.9999991687429174,0.30377112892952607,DIRECTED_LOCAL_HISTORY_PARENT_MATCH,False
3.516666666666659,M1_CROSS_BASELINE,O39,7,C3,MERGE_EXISTING,C2,-0.9999990555997024,0.9999982572540801,FROZEN_DIRECTION_ASSOCIATION,False
3.516666666666659,M1_CROSS_BASELINE,O40,9,C3,MERGE_EXISTING,C1,-0.0024491376048345896,0.9998169863681045,FROZEN_DIRECTION_ASSOCIATION,False
3.6166666666666587,M1_CROSS_BASELINE,O41,1,C3,MERGE_EXISTING,C0,0.00437099792644763,0.9999995524927792,FROZEN_DIRECTION_ASSOCIATION,False
3.6166666666666587,M1_CROSS_BASELINE,O42,3,C3,KNOWN_PARENT_PATH,KNOWN_PARENT_PATH,0.9999996870926061,0.30197369420936415,DIRECTED_LOCAL_HISTORY_PARENT_MATCH,False
3.6166666666666587,M1_CROSS_BASELINE,O43,7,C3,MERGE_EXISTING,C2,-0.9999981290700186,0.9999965156331647,FROZEN_DIRECTION_ASSOCIATION,False
3.6166666666666587,M1_CROSS_BASELINE,O44,9,C3,MERGE_EXISTING,C1,0.0020115005082942464,0.9998954755088648,FROZEN_DIRECTION_ASSOCIATION,False
3.7166666666666583,M1_CROSS_BASELINE,O45,1,C3,MERGE_EXISTING,C0,0.00557659125859608,0.9999999999266311,FROZEN_DIRECTION_ASSOCIATION,False
3.7166666666666583,M1_CROSS_BASELINE,O46,3,C3,KNOWN_PARENT_PATH,KNOWN_PARENT_PATH,0.9999862105473571,0.3010336963405835,DIRECTED_LOCAL_HISTORY_PARENT_MATCH,False
3.7166666666666583,M1_CROSS_BASELINE,O47,7,C3,MERGE_EXISTING,C2,-0.9999965895665102,0.999993646927001,FROZEN_DIRECTION_ASSOCIATION,False
3.7166666666666583,M1_CROSS_BASELINE,O48,9,C3,MERGE_EXISTING,C1,-0.0020896705050612923,0.9998323329928365,FROZEN_DIRECTION_ASSOCIATION,False
3.816666666666658,M1_CROSS_BASELINE,O49,1,C3,MERGE_EXISTING,C0,0.001172593923382729,0.9999893028743717,FROZEN_DIRECTION_ASSOCIATION,False
3.816666666666658,M1_CROSS_BASELINE,O50,3,C3,KNOWN_PARENT_PATH,KNOWN_PARENT_PATH,0.999997868710799,0.301384986420687,DIRECTED_LOCAL_HISTORY_PARENT_MATCH,False
3.816666666666658,M1_CROSS_BASELINE,O51,7,C3,MERGE_EXISTING,C2,-0.999999990092382,0.999999453352616,FROZEN_DIRECTION_ASSOCIATION,False
3.816666666666658,M1_CROSS_BASELINE,O52,9,C3,MERGE_EXISTING,C1,0.0013253656023322672,0.9998924875068255,FROZEN_DIRECTION_ASSOCIATION,False
3.9166666666666576,M1_CROSS_BASELINE,O53,0,C3,MERGE_EXISTING,C0,-0.0047669645191509066,0.9999424467093464,FROZEN_DIRECTION_ASSOCIATION,False
3.9166666666666576,M1_CROSS_BASELINE,O54,2,C3,KNOWN_PARENT_PATH,KNOWN_PARENT_PATH,0.9999951739484304,0.30103923618157047,DIRECTED_LOCAL_HISTORY_PARENT_MATCH,False
3.9166666666666576,M1_CROSS_BASELINE,O55,3,C3,MERGE_EXISTING,C2,-0.9999584572496802,0.9999698530802872,FROZEN_DIRECTION_ASSOCIATION,False
3.9166666666666576,M1_CROSS_BASELINE,O56,5,C3,MERGE_EXISTING,C1,0.0015198895417454122,0.9998976782878001,FROZEN_DIRECTION_ASSOCIATION,False
4.016666666666658,M1_CROSS_BASELINE,O57,0,C3,MERGE_EXISTING,C0,-0.0007047553031851068,0.9999775301384934,FROZEN_DIRECTION_ASSOCIATION,False
4.016666666666658,M1_CROSS_BASELINE,O58,2,C3,KNOWN_PARENT_PATH,KNOWN_PARENT_PATH,0.9999990200443438,0.30336804459771405,DIRECTED_LOCAL_HISTORY_PARENT_MATCH,False
4.016666666666658,M1_CROSS_BASELINE,O59,3,C3,MERGE_EXISTING,C2,-0.9999998740626992,0.9999982154213429,FROZEN_DIRECTION_ASSOCIATION,False
4.016666666666658,M1_CROSS_BASELINE,O60,5,C3,MERGE_EXISTING,C1,-0.003958320532689949,0.9998050425840934,FROZEN_DIRECTION_ASSOCIATION,False
4.116666666666657,M1_CROSS_BASELINE,O61,0,C3,MERGE_EXISTING,C0,0.003444374339598949,0.9999969416153265,FROZEN_DIRECTION_ASSOCIATION,False
4.116666666666657,M1_CROSS_BASELINE,O62,2,C3,KNOWN_PARENT_PATH,KNOWN_PARENT_PATH,0.9999890719637851,0.3000987055205815,DIRECTED_LOCAL_HISTORY_PARENT_MATCH,False
4.116666666666657,M1_CROSS_BASELINE,O63,3,C3,MERGE_EXISTING,C2,-0.9999969287895543,0.9999928392909044,FROZEN_DIRECTION_ASSOCIATION,False
4.116666666666657,M1_CROSS_BASELINE,O64,5,C3,MERGE_EXISTING,C1,-0.0005116547535307322,0.9998658298223115,FROZEN_DIRECTION_ASSOCIATION,False
4.216666666666657,M1_CROSS_BASELINE,O65,0,C3,MERGE_EXISTING,C0,0.0018256789974152074,0.99999223837285,FROZEN_DIRECTION_ASSOCIATION,False
4.216666666666657,M1_CROSS_BASELINE,O66,2,C3,KNOWN_PARENT_PATH,KNOWN_PARENT_PATH,0.9999988712979889,0.30403802567252314,DIRECTED_LOCAL_HISTORY_PARENT_MATCH,False
4.216666666666657,M1_CROSS_BASELINE,O67,3,C3,MERGE_EXISTING,C2,-0.9999950013490192,0.9999906866271127,FROZEN_DIRECTION_ASSOCIATION,False
4.216666666666657,M1_CROSS_BASELINE,O68,5,C3,MERGE_EXISTING,C1,-0.006853411454139657,0.9997383775800142,FROZEN_DIRECTION_ASSOCIATION,False
4.316666666666657,M1_CROSS_BASELINE,O69,0,C3,MERGE_EXISTING,C0,0.00098285514000294,0.999989297285241,FROZEN_DIRECTION_ASSOCIATION,False
4.316666666666657,M1_CROSS_BASELINE,O70,2,C3,KNOWN_PARENT_PATH,KNOWN_PARENT_PATH,0.9999937138083254,0.30350357931670424,DIRECTED_LOCAL_HISTORY_PARENT_MATCH,False
4.316666666666657,M1_CROSS_BASELINE,O71,3,C3,MERGE_EXISTING,C2,-0.9999995794679746,0.9999981665052549,FROZEN_DIRECTION_ASSOCIATION,False
4.316666666666657,M1_CROSS_BASELINE,O72,5,C3,MERGE_EXISTING,C1,-0.0005021850777753066,0.9998608929683046,FROZEN_DIRECTION_ASSOCIATION,False
4.416666666666656,M1_CROSS_BASELINE,O73,0,C3,MERGE_EXISTING,C0,0.0005202454163680827,0.9999876262808196,FROZEN_DIRECTION_ASSOCIATION,False
4.416666666666656,M1_CROSS_BASELINE,O74,3,C3,KNOWN_PARENT_PATH,KNOWN_PARENT_PATH,0.9999940953132894,0.3034652462804267,DIRECTED_LOCAL_HISTORY_PARENT_MATCH,False
4.416666666666656,M1_CROSS_BASELINE,O75,4,C3,MERGE_EXISTING,C2,-0.9999899051414458,0.9999934840050729,FROZEN_DIRECTION_ASSOCIATION,False
4.416666666666656,M1_CROSS_BASELINE,O76,8,C3,MERGE_EXISTING,C1,-0.0012235398062413257,0.9998466018099419,FROZEN_DIRECTION_ASSOCIATION,False
4.516666666666656,M1_CROSS_BASELINE,O77,0,C3,MERGE_EXISTING,C0,-0.0018835707980830343,0.999973278446482,FROZEN_DIRECTION_ASSOCIATION,False
4.516666666666656,M1_CROSS_BASELINE,O78,2,C3,KNOWN_PARENT_PATH,KNOWN_PARENT_PATH,0.9999841685236367,0.3012153969856499,DIRECTED_LOCAL_HISTORY_PARENT_MATCH,False
4.516666666666656,M1_CROSS_BASELINE,O79,3,C3,MERGE_EXISTING,C2,-0.9999886744874633,0.9999922224165282,FROZEN_DIRECTION_ASSOCIATION,False
4.516666666666656,M1_CROSS_BASELINE,O80,5,C3,MERGE_EXISTING,C1,-0.003563311219811222,0.9998015313852212,FROZEN_DIRECTION_ASSOCIATION,False
4.616666666666656,M1_CROSS_BASELINE,O81,0,C3,MERGE_EXISTING,C0,0.0033196566822367183,0.9999978929021888,FROZEN_DIRECTION_ASSOCIATION,False
4.616666666666656,M1_CROSS_BASELINE,O82,2,C3,KNOWN_PARENT_PATH,KNOWN_PARENT_PATH,0.9999855196036993,0.29860390949459703,DIRECTED_LOCAL_HISTORY_PARENT_MATCH,False
4.616666666666656,M1_CROSS_BASELINE,O83,3,C3,MERGE_EXISTING,C2,-0.9999988981289096,0.9999974790944638,FROZEN_DIRECTION_ASSOCIATION,False
4.616666666666656,M1_CROSS_BASELINE,O84,5,C3,MERGE_EXISTING,C1,-0.0007439528387283352,0.9998527938540228,FROZEN_DIRECTION_ASSOCIATION,False
4.716666666666655,M1_CROSS_BASELINE,O85,0,C3,MERGE_EXISTING,C0,-0.0021955577039398473,0.9999718267536648,FROZEN_DIRECTION_ASSOCIATION,False
4.716666666666655,M1_CROSS_BASELINE,O86,2,C3,KNOWN_PARENT_PATH,KNOWN_PARENT_PATH,0.999985941111306,0.2998078146622978,DIRECTED_LOCAL_HISTORY_PARENT_MATCH,False
4.716666666666655,M1_CROSS_BASELINE,O87,3,C3,MERGE_EXISTING,C2,-0.9999999897287233,0.9999996450137608,FROZEN_DIRECTION_ASSOCIATION,False
4.716666666666655,M1_CROSS_BASELINE,O88,5,C3,MERGE_EXISTING,C1,-0.005878186647812954,0.999750147446522,FROZEN_DIRECTION_ASSOCIATION,False
4.816666666666655,M1_CROSS_BASELINE,O89,1,C3,MERGE_EXISTING,C0,-0.00012222906099803124,0.999985659608256,FROZEN_DIRECTION_ASSOCIATION,False
4.816666666666655,M1_CROSS_BASELINE,O90,3,C3,KNOWN_PARENT_PATH,KNOWN_PARENT_PATH,0.9999645037581871,0.3012164032553908,DIRECTED_LOCAL_HISTORY_PARENT_MATCH,False
4.816666666666655,M1_CROSS_BASELINE,O91,7,C3,MERGE_EXISTING,C2,-0.9999999028102645,0.9999999836700619,FROZEN_DIRECTION_ASSOCIATION,False
4.816666666666655,M1_CROSS_BASELINE,O92,9,C3,MERGE_EXISTING,C1,-0.004070601287896749,0.9997873202929595,FROZEN_DIRECTION_ASSOCIATION,False
4.9166666666666545,M1_CROSS_BASELINE,O93,1,C3,MERGE_EXISTING,C0,-0.005988406936869034,0.9999383013274763,FROZEN_DIRECTION_ASSOCIATION,False
4.9166666666666545,M1_CROSS_BASELINE,O94,4,C3,KNOWN_PARENT_PATH,KNOWN_PARENT_PATH,0.9999910559753966,0.300410677140064,DIRECTED_LOCAL_HISTORY_PARENT_MATCH,False
4.9166666666666545,M1_CROSS_BASELINE,O95,9,C3,MERGE_EXISTING,C2,-0.9999992600871808,0.999999749334677,FROZEN_DIRECTION_ASSOCIATION,False
4.9166666666666545,M1_CROSS_BASELINE,O96,13,C3,MERGE_EXISTING,C1,0.004219585393606109,0.9999225300016191,FROZEN_DIRECTION_ASSOCIATION,False
5.016666666666654,M1_CROSS_BASELINE,O97,0,C3,MERGE_EXISTING,C0,0.004113941544382626,0.9999996379428984,FROZEN_DIRECTION_ASSOCIATION,False
5.016666666666654,M1_CROSS_BASELINE,O98,2,C3,KNOWN_PARENT_PATH,KNOWN_PARENT_PATH,0.9999262885995386,0.2999836217539321,DIRECTED_LOCAL_HISTORY_PARENT_MATCH,False
5.016666666666654,M1_CROSS_BASELINE,O99,3,C3,MERGE_EXISTING,C2,-0.9999981860577175,0.9999974507488798,FROZEN_DIRECTION_ASSOCIATION,False
5.016666666666654,M1_CROSS_BASELINE,O100,5,C3,MERGE_EXISTING,C1,-0.0030082128537129295,0.9998033814197148,FROZEN_DIRECTION_ASSOCIATION,False
5.116666666666654,M1_CROSS_BASELINE,O101,1,C3,MERGE_EXISTING,C0,-0.0035223099728488513,0.9999654300372667,FROZEN_DIRECTION_ASSOCIATION,False
5.116666666666654,M1_CROSS_BASELINE,O102,3,C3,KNOWN_PARENT_PATH,KNOWN_PARENT_PATH,0.9999971167335782,0.29712453993359345,DIRECTED_LOCAL_HISTORY_PARENT_MATCH,False
5.116666666666654,M1_CROSS_BASELINE,O103,7,C3,MERGE_EXISTING,C2,-0.9999997882336604,0.9999996539492492,FROZEN_DIRECTION_ASSOCIATION,False
5.116666666666654,M1_CROSS_BASELINE,O104,9,C3,MERGE_EXISTING,C1,-0.00517360493043511,0.9997542977957262,FROZEN_DIRECTION_ASSOCIATION,False
5.2166666666666535,M1_CROSS_BASELINE,O105,0,C3,MERGE_EXISTING,C0,0.32474498633530313,0.9473041391139172,FROZEN_DIRECTION_ASSOCIATION,False
5.2166666666666535,M1_CROSS_BASELINE,O106,1,C3,MERGE_EXISTING,C0,0.005369257898304153,0.9999997473230187,FROZEN_DIRECTION_ASSOCIATION,False
5.2166666666666535,M1_CROSS_BASELINE,O107,3,C3,KNOWN_PARENT_PATH,KNOWN_PARENT_PATH,0.9999989243720705,0.29843816371379883,DIRECTED_LOCAL_HISTORY_PARENT_MATCH,False
5.2166666666666535,M1_CROSS_BASELINE,O108,5,C3,MERGE_EXISTING,C2,-0.9999956987308254,0.9999958348566244,FROZEN_DIRECTION_ASSOCIATION,False
5.2166666666666535,M1_CROSS_BASELINE,O109,7,C3,MERGE_EXISTING,C2,-0.9999996351575309,0.9999996740274817,FROZEN_DIRECTION_ASSOCIATION,False
5.2166666666666535,M1_CROSS_BASELINE,O110,9,C3,MERGE_EXISTING,C1,-0.0041505862325045585,0.9997736017920261,FROZEN_DIRECTION_ASSOCIATION,False
5.316666666666653,M1_CROSS_BASELINE,O111,1,C3,KNOWN_PARENT_PATH,KNOWN_PARENT_PATH,0.9999998951851062,0.3004275949779055,DIRECTED_LOCAL_HISTORY_PARENT_MATCH,False
5.316666666666653,M1_CROSS_BASELINE,O112,2,C3,MERGE_EXISTING,C1,-0.006974277448473729,0.999707980567605,FROZEN_DIRECTION_ASSOCIATION,False
5.416666666666653,M1_CROSS_BASELINE,O113,0,C3,MERGE_EXISTING,C0,-0.007595350772061087,0.9999256524295065,FROZEN_DIRECTION_ASSOCIATION,False
5.416666666666653,M1_CROSS_BASELINE,O114,2,C3,KNOWN_PARENT_PATH,KNOWN_PARENT_PATH,0.9999997822509226,0.3010203295776922,DIRECTED_LOCAL_HISTORY_PARENT_MATCH,False
5.416666666666653,M1_CROSS_BASELINE,O115,5,C3,MERGE_EXISTING,C1,-0.007152627821952945,0.9997037677798455,FROZEN_DIRECTION_ASSOCIATION,False
5.516666666666652,M1_CROSS_BASELINE,O116,0,C3,MERGE_EXISTING,C0,-0.007686830129137263,0.9999243420798556,FROZEN_DIRECTION_ASSOCIATION,False
5.516666666666652,M1_CROSS_BASELINE,O117,2,C3,KNOWN_PARENT_PATH,KNOWN_PARENT_PATH,0.9999979761572177,0.300100336052464,DIRECTED_LOCAL_HISTORY_PARENT_MATCH,False
5.516666666666652,M1_CROSS_BASELINE,O118,5,C3,MERGE_EXISTING,C1,-0.006735968894244439,0.9997141930986474,FROZEN_DIRECTION_ASSOCIATION,False
5.616666666666652,M1_CROSS_BASELINE,O119,0,C3,MERGE_EXISTING,C0,-0.007197579151915519,0.9999301024862641,FROZEN_DIRECTION_ASSOCIATION,False
5.616666666666652,M1_CROSS_BASELINE,O120,1,C3,KNOWN_PARENT_PATH,KNOWN_PARENT_PATH,0.9999932897537284,0.29723215862497865,DIRECTED_LOCAL_HISTORY_PARENT_MATCH,False
5.716666666666652,M1_CROSS_BASELINE,O121,0,C3,MERGE_EXISTING,C0,-0.005877595003499277,0.9999446749499524,FROZEN_DIRECTION_ASSOCIATION,False
5.716666666666652,M1_CROSS_BASELINE,O122,2,C3,KNOWN_PARENT_PATH,KNOWN_PARENT_PATH,0.9999095688850712,0.2998913261276942,DIRECTED_LOCAL_HISTORY_PARENT_MATCH,False
5.716666666666652,M1_CROSS_BASELINE,O123,3,C3,KNOWN_PARENT_PATH,KNOWN_PARENT_PATH,0.9996894183041121,0.2841905998546025,DIRECTED_LOCAL_HISTORY_PARENT_MATCH,False
5.916666666666651,M1_CROSS_BASELINE,O124,0,C3,MERGE_EXISTING,C0,-0.0005826098082835753,0.9999864332918889,FROZEN_DIRECTION_ASSOCIATION,False
5.916666666666651,M1_CROSS_BASELINE,O125,2,C3,KNOWN_PARENT_PATH,KNOWN_PARENT_PATH,0.99997459172658,0.30459039726594306,DIRECTED_LOCAL_HISTORY_PARENT_MATCH,False
6.016666666666651,M1_CROSS_BASELINE,O126,0,C3,MERGE_EXISTING,C0,-0.009120318620585889,0.9999060027576571,FROZEN_DIRECTION_ASSOCIATION,False
6.016666666666651,M1_CROSS_BASELINE,O127,3,C3,KNOWN_PARENT_PATH,KNOWN_PARENT_PATH,0.9999587821139391,0.305993220606941,DIRECTED_LOCAL_HISTORY_PARENT_MATCH,False
6.016666666666651,M1_CROSS_BASELINE,O128,4,C3,KNOWN_PARENT_PATH,KNOWN_PARENT_PATH,0.9995115886207411,0.2883438722019418,DIRECTED_LOCAL_HISTORY_PARENT_MATCH,False
6.21666666666665,M1_CROSS_BASELINE,O129,0,C3,MERGE_EXISTING,C0,5.263946946312664e-05,0.9999894996829098,FROZEN_DIRECTION_ASSOCIATION,False
6.21666666666665,M1_CROSS_BASELINE,O130,3,C3,KNOWN_PARENT_PATH,KNOWN_PARENT_PATH,0.9999983276230519,0.30939871441259115,DIRECTED_LOCAL_HISTORY_PARENT_MATCH,False
6.21666666666665,M1_CROSS_BASELINE,O131,4,C3,KNOWN_PARENT_PATH,KNOWN_PARENT_PATH,0.9995331087733917,0.2920287434945683,DIRECTED_LOCAL_HISTORY_PARENT_MATCH,False
6.416666666666649,M1_CROSS_BASELINE,O132,0,C3,MERGE_EXISTING,C0,-0.0025273074945006088,0.9999739106920762,FROZEN_DIRECTION_ASSOCIATION,False
6.416666666666649,M1_CROSS_BASELINE,O133,2,C3,KNOWN_PARENT_PATH,KNOWN_PARENT_PATH,0.9999999979812944,0.31382580218349787,DIRECTED_LOCAL_HISTORY_PARENT_MATCH,False
6.416666666666649,M1_CROSS_BASELINE,O134,3,C3,KNOWN_PARENT_PATH,KNOWN_PARENT_PATH,0.9995783190630674,0.2927082712168442,DIRECTED_LOCAL_HISTORY_PARENT_MATCH,False
6.516666666666649,M1_CROSS_BASELINE,O135,0,C3,MERGE_EXISTING,C0,-0.018743603730863787,0.999725166586743,FROZEN_DIRECTION_ASSOCIATION,False
6.516666666666649,M1_CROSS_BASELINE,O136,3,C3,KNOWN_PARENT_PATH,KNOWN_PARENT_PATH,0.9999999962881453,0.31694049345294006,DIRECTED_LOCAL_HISTORY_PARENT_MATCH,False
6.6166666666666485,M1_CROSS_BASELINE,O137,0,C3,MERGE_EXISTING,C0,-0.004365429654559444,0.9999590155588379,FROZEN_DIRECTION_ASSOCIATION,False
6.716666666666648,M1_CROSS_BASELINE,O138,0,C3,MERGE_EXISTING,C0,-0.019566434626867704,0.9997065440732903,FROZEN_DIRECTION_ASSOCIATION,False
6.716666666666648,M1_CROSS_BASELINE,O139,2,C3,KNOWN_PARENT_PATH,KNOWN_PARENT_PATH,0.9999999994880304,0.31734334550127485,DIRECTED_LOCAL_HISTORY_PARENT_MATCH,False
0.5166666666666666,M2_T_JUNCTION,PARTIAL_30_1,-1,C0,NEW_OUTGOING,C0,NaN,NaN,FROZEN_ONE_ENDED_PARTIAL,True
0.5166666666666666,M2_T_JUNCTION,PARTIAL_30_3,-1,C1,NEW_OUTGOING,C1,NaN,NaN,FROZEN_ONE_ENDED_PARTIAL,True
3.4166666666666594,M2_T_JUNCTION,O0,0,C2,KNOWN_PARENT_PATH,KNOWN_PARENT_PATH,0.9999999836100867,0.0,DIRECTED_LOCAL_HISTORY_PARENT_MATCH,True
3.516666666666659,M2_T_JUNCTION,O1,1,C2,KNOWN_PARENT_PATH,KNOWN_PARENT_PATH,0.9999991687429174,0.0,PERSISTENT_PARENT_GEOMETRY_MATCH,False
3.6166666666666587,M2_T_JUNCTION,O2,1,C2,KNOWN_PARENT_PATH,KNOWN_PARENT_PATH,0.9999996870926061,0.0,PERSISTENT_PARENT_GEOMETRY_MATCH,False
3.7166666666666583,M2_T_JUNCTION,O3,1,C2,KNOWN_PARENT_PATH,KNOWN_PARENT_PATH,0.9999862105473571,0.0,PERSISTENT_PARENT_GEOMETRY_MATCH,False
3.816666666666658,M2_T_JUNCTION,O4,1,C2,KNOWN_PARENT_PATH,KNOWN_PARENT_PATH,0.999997868710799,0.0,PERSISTENT_PARENT_GEOMETRY_MATCH,False
3.9166666666666576,M2_T_JUNCTION,O5,0,C2,KNOWN_PARENT_PATH,KNOWN_PARENT_PATH,0.9999951739484304,0.0,PERSISTENT_PARENT_GEOMETRY_MATCH,False
4.016666666666658,M2_T_JUNCTION,O6,0,C2,KNOWN_PARENT_PATH,KNOWN_PARENT_PATH,0.9999990200443438,0.0,PERSISTENT_PARENT_GEOMETRY_MATCH,False
4.116666666666657,M2_T_JUNCTION,O7,0,C2,KNOWN_PARENT_PATH,KNOWN_PARENT_PATH,0.9999890719637851,0.0,PERSISTENT_PARENT_GEOMETRY_MATCH,False
4.216666666666657,M2_T_JUNCTION,O8,0,C2,KNOWN_PARENT_PATH,KNOWN_PARENT_PATH,0.9999988712979889,0.0,PERSISTENT_PARENT_GEOMETRY_MATCH,False
4.316666666666657,M2_T_JUNCTION,O9,0,C2,KNOWN_PARENT_PATH,KNOWN_PARENT_PATH,0.9999937138083254,0.0,PERSISTENT_PARENT_GEOMETRY_MATCH,False
4.416666666666656,M2_T_JUNCTION,O10,2,C2,KNOWN_PARENT_PATH,KNOWN_PARENT_PATH,0.9999940953132894,0.0,PERSISTENT_PARENT_GEOMETRY_MATCH,False
4.516666666666656,M2_T_JUNCTION,O11,0,C2,KNOWN_PARENT_PATH,KNOWN_PARENT_PATH,0.9999841685236367,0.0,PERSISTENT_PARENT_GEOMETRY_MATCH,False
4.616666666666656,M2_T_JUNCTION,O12,2,C2,KNOWN_PARENT_PATH,KNOWN_PARENT_PATH,0.9999855196036993,0.0,PERSISTENT_PARENT_GEOMETRY_MATCH,False
4.716666666666655,M2_T_JUNCTION,O13,0,C2,KNOWN_PARENT_PATH,KNOWN_PARENT_PATH,0.999985941111306,0.0,PERSISTENT_PARENT_GEOMETRY_MATCH,False
4.816666666666655,M2_T_JUNCTION,O14,2,C2,KNOWN_PARENT_PATH,KNOWN_PARENT_PATH,0.9999645037581871,0.0,PERSISTENT_PARENT_GEOMETRY_MATCH,False
4.9166666666666545,M2_T_JUNCTION,O15,2,C2,KNOWN_PARENT_PATH,KNOWN_PARENT_PATH,0.9999910559753966,0.0,PERSISTENT_PARENT_GEOMETRY_MATCH,False
5.016666666666654,M2_T_JUNCTION,O16,2,C2,KNOWN_PARENT_PATH,KNOWN_PARENT_PATH,0.9999262885995386,0.0,PERSISTENT_PARENT_GEOMETRY_MATCH,False
5.116666666666654,M2_T_JUNCTION,O17,2,C2,KNOWN_PARENT_PATH,KNOWN_PARENT_PATH,0.9999971167335782,0.0,PERSISTENT_PARENT_GEOMETRY_MATCH,False
5.2166666666666535,M2_T_JUNCTION,O18,1,C2,MERGE_EXISTING,C0,0.3247449863353031,0.0,FROZEN_DIRECTION_ASSOCIATION,False
5.2166666666666535,M2_T_JUNCTION,O19,2,C2,KNOWN_PARENT_PATH,KNOWN_PARENT_PATH,0.9999989243720705,0.3233574150317365,PERSISTENT_PARENT_GEOMETRY_MATCH,False
5.316666666666653,M2_T_JUNCTION,O20,1,C2,MERGE_EXISTING,C0,0.11078089322178178,0.9759696276812849,FROZEN_DIRECTION_ASSOCIATION,False
5.316666666666653,M2_T_JUNCTION,O21,2,C2,KNOWN_PARENT_PATH,KNOWN_PARENT_PATH,0.9999998951851062,0.32425105694321743,PERSISTENT_PARENT_GEOMETRY_MATCH,False
5.316666666666653,M2_T_JUNCTION,O22,4,C2,MERGE_EXISTING,C1,0.15292881626290422,0.0,FROZEN_DIRECTION_ASSOCIATION,False
5.416666666666653,M2_T_JUNCTION,O23,1,C2,MERGE_EXISTING,C0,0.07305441013686947,0.9669653783340824,FROZEN_DIRECTION_ASSOCIATION,False
5.416666666666653,M2_T_JUNCTION,O24,2,C2,KNOWN_PARENT_PATH,KNOWN_PARENT_PATH,0.9999995131574237,0.3239343123427135,PERSISTENT_PARENT_GEOMETRY_MATCH,False
5.416666666666653,M2_T_JUNCTION,O25,4,C2,MERGE_EXISTING,C1,0.1160668396590871,0.9993152762605293,FROZEN_DIRECTION_ASSOCIATION,False
5.516666666666652,M2_T_JUNCTION,O26,5,C2,MERGE_EXISTING,C0,-0.09910835749581239,0.906142202301889,FROZEN_DIRECTION_ASSOCIATION,False
5.516666666666652,M2_T_JUNCTION,O27,6,C2,KNOWN_PARENT_PATH,KNOWN_PARENT_PATH,0.9999772485044627,0.3247118230906489,PERSISTENT_PARENT_GEOMETRY_MATCH,False
5.516666666666652,M2_T_JUNCTION,O28,8,C2,MERGE_EXISTING,C1,-0.06821454533473925,0.9769712818381883,FROZEN_DIRECTION_ASSOCIATION,False
5.616666666666652,M2_T_JUNCTION,O29,1,C2,MERGE_EXISTING,C0,-0.10824462638440858,0.8858156645194991,FROZEN_DIRECTION_ASSOCIATION,False
5.616666666666652,M2_T_JUNCTION,O30,2,C2,KNOWN_PARENT_PATH,KNOWN_PARENT_PATH,0.9993178468498618,0.33080054188025104,PERSISTENT_PARENT_GEOMETRY_MATCH,False
5.616666666666652,M2_T_JUNCTION,O31,4,C2,MERGE_EXISTING,C1,-0.13309262176881076,0.9704741737219177,FROZEN_DIRECTION_ASSOCIATION,False
5.716666666666652,M2_T_JUNCTION,O32,1,C2,MERGE_EXISTING,C0,-0.04446508415881416,0.8851784539650617,FROZEN_DIRECTION_ASSOCIATION,False
5.716666666666652,M2_T_JUNCTION,O33,2,C2,KNOWN_PARENT_PATH,KNOWN_PARENT_PATH,0.9939366501171062,0.32334488203854667,PERSISTENT_PARENT_GEOMETRY_MATCH,False
5.716666666666652,M2_T_JUNCTION,O34,4,C2,MERGE_EXISTING,C1,-0.1959819631426989,0.9708537678872758,FROZEN_DIRECTION_ASSOCIATION,False
5.816666666666651,M2_T_JUNCTION,O35,1,C2,MERGE_EXISTING,C0,0.021699787652747327,0.8852777702807211,FROZEN_DIRECTION_ASSOCIATION,False
5.816666666666651,M2_T_JUNCTION,O36,2,C2,KNOWN_PARENT_PATH,KNOWN_PARENT_PATH,0.9847418001837395,0.32451085084001735,PERSISTENT_PARENT_GEOMETRY_MATCH,False
5.816666666666651,M2_T_JUNCTION,O37,4,C2,MERGE_EXISTING,C1,-0.260436215680652,0.9707944142284746,FROZEN_DIRECTION_ASSOCIATION,False
5.916666666666651,M2_T_JUNCTION,O38,1,C2,MERGE_EXISTING,C0,0.3343930136564014,0.8853293004941234,FROZEN_DIRECTION_ASSOCIATION,False
5.916666666666651,M2_T_JUNCTION,O39,2,C2,KNOWN_PARENT_PATH,KNOWN_PARENT_PATH,0.8807171810197336,0.3251152440277752,PERSISTENT_PARENT_GEOMETRY_MATCH,False
5.916666666666651,M2_T_JUNCTION,O40,4,C2,MERGE_EXISTING,C1,-0.550322955574875,0.9707636462511736,FROZEN_DIRECTION_ASSOCIATION,False
6.016666666666651,M2_T_JUNCTION,O41,1,C2,KNOWN_PARENT_PATH,KNOWN_PARENT_PATH,0.694165865896895,0.8855002550882151,DIRECTED_LOCAL_HISTORY_PARENT_MATCH,False
6.016666666666651,M2_T_JUNCTION,O42,2,C2,KNOWN_PARENT_PATH,KNOWN_PARENT_PATH,0.6080172880473091,0.327117565326072,PERSISTENT_PARENT_GEOMETRY_MATCH,False
6.016666666666651,M2_T_JUNCTION,O43,4,C2,MERGE_EXISTING,C1,-0.8463564712075728,0.970661706748238,FROZEN_DIRECTION_ASSOCIATION,False
6.11666666666665,M2_T_JUNCTION,O44,1,C2,KNOWN_PARENT_PATH,KNOWN_PARENT_PATH,0.9543555599811909,0.8855575791462813,DIRECTED_LOCAL_HISTORY_PARENT_MATCH,False
6.11666666666665,M2_T_JUNCTION,O45,2,C2,KNOWN_PARENT_PATH,KNOWN_PARENT_PATH,0.15354974157083565,0.32778801731019414,PERSISTENT_PARENT_GEOMETRY_MATCH,False
6.11666666666665,M2_T_JUNCTION,O46,4,C2,MERGE_EXISTING,C1,-0.9981133551008681,0.9706275711120723,FROZEN_DIRECTION_ASSOCIATION,False
6.21666666666665,M2_T_JUNCTION,O47,1,C2,KNOWN_PARENT_PATH,KNOWN_PARENT_PATH,0.9884654539470443,0.8857252227679933,DIRECTED_LOCAL_HISTORY_PARENT_MATCH,False
6.21666666666665,M2_T_JUNCTION,O48,2,C2,KNOWN_PARENT_PATH,KNOWN_PARENT_PATH,0.005323597098709486,0.3297459706592074,PERSISTENT_PARENT_GEOMETRY_MATCH,False
6.21666666666665,M2_T_JUNCTION,O49,4,C2,MERGE_EXISTING,C1,-0.9959629306952574,0.9705278755630709,FROZEN_DIRECTION_ASSOCIATION,False
6.3166666666666496,M2_T_JUNCTION,O50,1,C2,MERGE_EXISTING,C0,-0.9885409979083354,0.8859570457619029,FROZEN_DIRECTION_ASSOCIATION,False
6.3166666666666496,M2_T_JUNCTION,O51,2,C2,KNOWN_PARENT_PATH,KNOWN_PARENT_PATH,-0.008185650268016672,0.3324466566111955,PERSISTENT_PARENT_GEOMETRY_MATCH,False
6.3166666666666496,M2_T_JUNCTION,O52,4,C2,KNOWN_PARENT_PATH,KNOWN_PARENT_PATH,0.9959115977993168,0.970390341453878,DIRECTED_LOCAL_HISTORY_PARENT_MATCH,False
6.416666666666649,M2_T_JUNCTION,O53,1,C2,MERGE_EXISTING,C0,-0.9901131632246098,0.8909125414418737,FROZEN_DIRECTION_ASSOCIATION,False
6.416666666666649,M2_T_JUNCTION,O54,2,C2,KNOWN_PARENT_PATH,KNOWN_PARENT_PATH,0.0019010443680280464,0.3229168344406284,PERSISTENT_PARENT_GEOMETRY_MATCH,False
6.416666666666649,M2_T_JUNCTION,O55,3,C2,KNOWN_PARENT_PATH,KNOWN_PARENT_PATH,-0.0271149910657671,0.35024173754977816,PERSISTENT_PARENT_GEOMETRY_MATCH,False
6.416666666666649,M2_T_JUNCTION,O56,6,C2,KNOWN_PARENT_PATH,KNOWN_PARENT_PATH,0.9962706238420076,0.9713643299816275,DIRECTED_LOCAL_HISTORY_PARENT_MATCH,False
6.516666666666649,M2_T_JUNCTION,O57,5,C2,MERGE_EXISTING,C0,-0.9903767624594029,0.8917701765898924,FROZEN_DIRECTION_ASSOCIATION,False
6.516666666666649,M2_T_JUNCTION,O58,6,C2,KNOWN_PARENT_PATH,KNOWN_PARENT_PATH,4.595286108026333e-06,0.32471110502785416,PERSISTENT_PARENT_GEOMETRY_MATCH,False
6.516666666666649,M2_T_JUNCTION,O59,8,C2,KNOWN_PARENT_PATH,KNOWN_PARENT_PATH,0.9955236513693548,0.9693679217682266,DIRECTED_LOCAL_HISTORY_PARENT_MATCH,False
6.6166666666666485,M2_T_JUNCTION,O60,1,C2,MERGE_EXISTING,C0,-0.9904744880674755,0.8920902769524268,FROZEN_DIRECTION_ASSOCIATION,False
6.6166666666666485,M2_T_JUNCTION,O61,2,C2,KNOWN_PARENT_PATH,KNOWN_PARENT_PATH,2.5299778656450465e-07,0.3247152120186098,PERSISTENT_PARENT_GEOMETRY_MATCH,False
6.6166666666666485,M2_T_JUNCTION,O62,4,C2,KNOWN_PARENT_PATH,KNOWN_PARENT_PATH,0.995458105204653,0.9691979711604677,DIRECTED_LOCAL_HISTORY_PARENT_MATCH,False
6.716666666666648,M2_T_JUNCTION,O63,1,C2,MERGE_EXISTING,C0,-0.9905340550688807,0.8922859702656488,FROZEN_DIRECTION_ASSOCIATION,False
6.716666666666648,M2_T_JUNCTION,O64,2,C2,KNOWN_PARENT_PATH,KNOWN_PARENT_PATH,-2.390378081532111e-06,0.3247177121536611,PERSISTENT_PARENT_GEOMETRY_MATCH,False
6.716666666666648,M2_T_JUNCTION,O65,4,C2,KNOWN_PARENT_PATH,KNOWN_PARENT_PATH,0.995417561986644,0.9690932313150005,DIRECTED_LOCAL_HISTORY_PARENT_MATCH,False
6.816666666666648,M2_T_JUNCTION,O66,1,C2,MERGE_EXISTING,C0,-0.9905881770557143,0.892464161410056,FROZEN_DIRECTION_ASSOCIATION,False
6.816666666666648,M2_T_JUNCTION,O67,2,C2,KNOWN_PARENT_PATH,KNOWN_PARENT_PATH,-4.742355241728883e-06,0.32471993667858273,PERSISTENT_PARENT_GEOMETRY_MATCH,False
6.816666666666648,M2_T_JUNCTION,O68,4,C2,KNOWN_PARENT_PATH,KNOWN_PARENT_PATH,0.9953808000015584,0.9689985085333688,DIRECTED_LOCAL_HISTORY_PARENT_MATCH,False
6.916666666666647,M2_T_JUNCTION,O69,1,C2,KNOWN_PARENT_PATH,KNOWN_PARENT_PATH,0.9953325873697624,0.9688746349494044,DIRECTED_LOCAL_HISTORY_PARENT_MATCH,False
7.016666666666647,M2_T_JUNCTION,O70,1,C2,MERGE_EXISTING,C0,-0.9910629104595267,0.8940434337393989,FROZEN_DIRECTION_ASSOCIATION,False
7.016666666666647,M2_T_JUNCTION,O71,2,C2,KNOWN_PARENT_PATH,KNOWN_PARENT_PATH,0.012933289604069073,0.3124558352607366,PERSISTENT_PARENT_GEOMETRY_MATCH,False
7.016666666666647,M2_T_JUNCTION,O72,4,C2,KNOWN_PARENT_PATH,KNOWN_PARENT_PATH,0.9952401793947218,0.9686383096716203,DIRECTED_LOCAL_HISTORY_PARENT_MATCH,False
7.116666666666647,M2_T_JUNCTION,O73,1,C2,MERGE_EXISTING,C0,-0.9910859934172837,0.8941209895262732,FROZEN_DIRECTION_ASSOCIATION,False
7.116666666666647,M2_T_JUNCTION,O74,2,C2,KNOWN_PARENT_PATH,KNOWN_PARENT_PATH,0.011910019398143009,0.31342778393252163,PERSISTENT_PARENT_GEOMETRY_MATCH,False
7.116666666666647,M2_T_JUNCTION,O75,4,C2,KNOWN_PARENT_PATH,KNOWN_PARENT_PATH,0.9951984980642803,0.9685321774876249,DIRECTED_LOCAL_HISTORY_PARENT_MATCH,False
7.216666666666646,M2_T_JUNCTION,O76,1,C2,MERGE_EXISTING,C0,-0.9910838624037563,0.894113826531818,FROZEN_DIRECTION_ASSOCIATION,False
7.216666666666646,M2_T_JUNCTION,O77,2,C2,KNOWN_PARENT_PATH,KNOWN_PARENT_PATH,0.012004475318289978,0.313338079642425,PERSISTENT_PARENT_GEOMETRY_MATCH,False
7.216666666666646,M2_T_JUNCTION,O78,4,C2,KNOWN_PARENT_PATH,KNOWN_PARENT_PATH,0.995202351608738,0.9685419777352056,DIRECTED_LOCAL_HISTORY_PARENT_MATCH,False
7.316666666666646,M2_T_JUNCTION,O79,1,C2,MERGE_EXISTING,C0,-0.9910738004618549,0.8940800136555607,FROZEN_DIRECTION_ASSOCIATION,False
7.316666666666646,M2_T_JUNCTION,O80,2,C2,KNOWN_PARENT_PATH,KNOWN_PARENT_PATH,0.012450498373509,0.31291445474742,PERSISTENT_PARENT_GEOMETRY_MATCH,False
7.316666666666646,M2_T_JUNCTION,O81,4,C2,KNOWN_PARENT_PATH,KNOWN_PARENT_PATH,0.9952205315765144,0.9685882453670543,DIRECTED_LOCAL_HISTORY_PARENT_MATCH,False
7.416666666666646,M2_T_JUNCTION,O82,1,C2,KNOWN_PARENT_PATH,KNOWN_PARENT_PATH,0.9952713756775877,0.9687179316200346,DIRECTED_LOCAL_HISTORY_PARENT_MATCH,False
7.516666666666645,M2_T_JUNCTION,O83,1,C2,KNOWN_PARENT_PATH,KNOWN_PARENT_PATH,0.9953022196541158,0.9687968140034319,DIRECTED_LOCAL_HISTORY_PARENT_MATCH,False
7.616666666666645,M2_T_JUNCTION,O84,1,C2,MERGE_EXISTING,C1,-0.9953243061666556,0.9688533978705126,FROZEN_DIRECTION_ASSOCIATION,False
7.716666666666645,M2_T_JUNCTION,O85,1,C2,MERGE_EXISTING,C1,-0.9953537177790498,0.9689288766507543,FROZEN_DIRECTION_ASSOCIATION,False
7.816666666666644,M2_T_JUNCTION,O86,1,C2,MERGE_EXISTING,C1,-0.9953730839471208,0.9689786567020948,FROZEN_DIRECTION_ASSOCIATION,False
7.916666666666644,M2_T_JUNCTION,O87,1,C2,KNOWN_PARENT_PATH,KNOWN_PARENT_PATH,0.9905708608956258,0.8924071095122393,DIRECTED_LOCAL_HISTORY_PARENT_MATCH,False
7.916666666666644,M2_T_JUNCTION,O88,2,C2,KNOWN_PARENT_PATH,KNOWN_PARENT_PATH,3.99497247563727e-06,0.3247192297962374,PERSISTENT_PARENT_GEOMETRY_MATCH,False
7.916666666666644,M2_T_JUNCTION,O89,4,C2,MERGE_EXISTING,C1,-0.9953925540670141,0.9690287691217262,FROZEN_DIRECTION_ASSOCIATION,False
8.016666666666644,M2_T_JUNCTION,O90,1,C2,KNOWN_PARENT_PATH,KNOWN_PARENT_PATH,0.9905528583908225,0.8923478364447853,DIRECTED_LOCAL_HISTORY_PARENT_MATCH,False
8.016666666666644,M2_T_JUNCTION,O91,2,C2,KNOWN_PARENT_PATH,KNOWN_PARENT_PATH,3.2128595864162844e-06,0.32471849006558834,PERSISTENT_PARENT_GEOMETRY_MATCH,False
8.016666666666644,M2_T_JUNCTION,O92,4,C2,MERGE_EXISTING,C1,-0.9954047818209396,0.9690602746431397,FROZEN_DIRECTION_ASSOCIATION,False
8.11666666666665,M2_T_JUNCTION,O93,1,C2,KNOWN_PARENT_PATH,KNOWN_PARENT_PATH,0.9905489745765217,0.8923350543806481,DIRECTED_LOCAL_HISTORY_PARENT_MATCH,False
8.11666666666665,M2_T_JUNCTION,O94,2,C2,KNOWN_PARENT_PATH,KNOWN_PARENT_PATH,3.043444151956102e-06,0.3247183298306511,PERSISTENT_PARENT_GEOMETRY_MATCH,False
8.11666666666665,M2_T_JUNCTION,O95,4,C2,MERGE_EXISTING,C1,-0.9954074208469872,0.9690670776602017,FROZEN_DIRECTION_ASSOCIATION,False
8.216666666666654,M2_T_JUNCTION,O96,1,C2,KNOWN_PARENT_PATH,KNOWN_PARENT_PATH,0.9905619528235856,0.8923777746660341,DIRECTED_LOCAL_HISTORY_PARENT_MATCH,False
8.216666666666654,M2_T_JUNCTION,O97,2,C2,KNOWN_PARENT_PATH,KNOWN_PARENT_PATH,3.608615982393598e-06,0.32471886437620145,PERSISTENT_PARENT_GEOMETRY_MATCH,False
8.216666666666654,M2_T_JUNCTION,O98,4,C2,MERGE_EXISTING,C1,-0.9953986036602126,0.9690443530038397,FROZEN_DIRECTION_ASSOCIATION,False
8.31666666666666,M2_T_JUNCTION,O99,1,C2,KNOWN_PARENT_PATH,KNOWN_PARENT_PATH,0.9905943594882044,0.8924845399861709,DIRECTED_LOCAL_HISTORY_PARENT_MATCH,False
8.31666666666666,M2_T_JUNCTION,O100,2,C2,KNOWN_PARENT_PATH,KNOWN_PARENT_PATH,5.008031441018814e-06,0.3247201879578344,PERSISTENT_PARENT_GEOMETRY_MATCH,False
8.31666666666666,M2_T_JUNCTION,O101,4,C2,MERGE_EXISTING,C1,-0.9953766052034343,0.9689877149005474,FROZEN_DIRECTION_ASSOCIATION,False
8.416666666666664,M2_T_JUNCTION,O102,1,C2,KNOWN_PARENT_PATH,KNOWN_PARENT_PATH,0.995259511880848,0.9686876327289351,DIRECTED_LOCAL_HISTORY_PARENT_MATCH,False
8.51666666666667,M2_T_JUNCTION,O103,1,C2,MERGE_EXISTING,C0,-0.9912491598114549,0.8946713109366833,FROZEN_DIRECTION_ASSOCIATION,False
8.51666666666667,M2_T_JUNCTION,O104,2,C2,KNOWN_PARENT_PATH,KNOWN_PARENT_PATH,0.0051733732365354425,0.31981806875011376,PERSISTENT_PARENT_GEOMETRY_MATCH,False
8.51666666666667,M2_T_JUNCTION,O105,4,C2,KNOWN_PARENT_PATH,KNOWN_PARENT_PATH,0.9940568765542191,0.9657244544858449,DIRECTED_LOCAL_HISTORY_PARENT_MATCH,False
8.616666666666674,M2_T_JUNCTION,O106,1,C2,MERGE_EXISTING,C0,-0.9913738238231393,0.8950943003741014,FROZEN_DIRECTION_ASSOCIATION,False
8.616666666666674,M2_T_JUNCTION,O107,2,C2,KNOWN_PARENT_PATH,KNOWN_PARENT_PATH,-3.754676184677077e-05,0.324750963246728,PERSISTENT_PARENT_GEOMETRY_MATCH,False
8.616666666666674,M2_T_JUNCTION,O108,4,C2,KNOWN_PARENT_PATH,KNOWN_PARENT_PATH,0.9939474747604322,0.965464300695912,DIRECTED_LOCAL_HISTORY_PARENT_MATCH,False
8.71666666666668,M2_T_JUNCTION,O109,1,C2,MERGE_EXISTING,C0,-0.9914274128897012,0.8952768160535859,FROZEN_DIRECTION_ASSOCIATION,False
8.71666666666668,M2_T_JUNCTION,O110,2,C2,KNOWN_PARENT_PATH,KNOWN_PARENT_PATH,-0.0022804591219371655,0.3268714920095238,PERSISTENT_PARENT_GEOMETRY_MATCH,False
8.71666666666668,M2_T_JUNCTION,O111,4,C2,KNOWN_PARENT_PATH,KNOWN_PARENT_PATH,0.993900268815527,0.9653524750474463,DIRECTED_LOCAL_HISTORY_PARENT_MATCH,False
8.816666666666684,M2_T_JUNCTION,O112,1,C2,MERGE_EXISTING,C0,-0.9914876342780717,0.895482419420296,FROZEN_DIRECTION_ASSOCIATION,False
8.816666666666684,M2_T_JUNCTION,O113,2,C2,KNOWN_PARENT_PATH,KNOWN_PARENT_PATH,-0.0048030470839440145,0.3292544842037738,PERSISTENT_PARENT_GEOMETRY_MATCH,False
8.816666666666684,M2_T_JUNCTION,O114,4,C2,KNOWN_PARENT_PATH,KNOWN_PARENT_PATH,0.9938470931471266,0.9652268118813219,DIRECTED_LOCAL_HISTORY_PARENT_MATCH,False
8.91666666666669,M2_T_JUNCTION,O115,1,C2,MERGE_EXISTING,C0,-0.9915243154961562,0.8956079148018118,FROZEN_DIRECTION_ASSOCIATION,False
8.91666666666669,M2_T_JUNCTION,O116,2,C2,KNOWN_PARENT_PATH,KNOWN_PARENT_PATH,-0.006340654452293919,0.330705989342364,PERSISTENT_PARENT_GEOMETRY_MATCH,False
8.91666666666669,M2_T_JUNCTION,O117,4,C2,KNOWN_PARENT_PATH,KNOWN_PARENT_PATH,0.9938146374533235,0.9651502701735568,DIRECTED_LOCAL_HISTORY_PARENT_MATCH,False
9.016666666666694,M2_T_JUNCTION,O118,1,C2,MERGE_EXISTING,C0,-0.9915693967151107,0.8957624216553508,FROZEN_DIRECTION_ASSOCIATION,False
9.016666666666694,M2_T_JUNCTION,O119,2,C2,KNOWN_PARENT_PATH,KNOWN_PARENT_PATH,-0.008231498944260174,0.3324898986166148,PERSISTENT_PARENT_GEOMETRY_MATCH,False
9.016666666666694,M2_T_JUNCTION,O120,4,C2,KNOWN_PARENT_PATH,KNOWN_PARENT_PATH,0.9937746808850813,0.9650562002309467,DIRECTED_LOCAL_HISTORY_PARENT_MATCH,False
9.1166666666667,M2_T_JUNCTION,O121,1,C2,MERGE_EXISTING,C0,-0.9916024884623401,0.8958760299085543,FROZEN_DIRECTION_ASSOCIATION,False
9.1166666666667,M2_T_JUNCTION,O122,2,C2,KNOWN_PARENT_PATH,KNOWN_PARENT_PATH,-0.009620258637823712,0.33379937855768793,PERSISTENT_PARENT_GEOMETRY_MATCH,False
9.1166666666667,M2_T_JUNCTION,O123,4,C2,KNOWN_PARENT_PATH,KNOWN_PARENT_PATH,0.993745302775958,0.9649871479144261,DIRECTED_LOCAL_HISTORY_PARENT_MATCH,False
9.216666666666704,M2_T_JUNCTION,O124,1,C2,MERGE_EXISTING,C0,-0.9916252717065969,0.8959543432381764,FROZEN_DIRECTION_ASSOCIATION,False
9.216666666666704,M2_T_JUNCTION,O125,2,C2,KNOWN_PARENT_PATH,KNOWN_PARENT_PATH,-0.010576791272743238,0.334700941596216,PERSISTENT_PARENT_GEOMETRY_MATCH,False
9.216666666666704,M2_T_JUNCTION,O126,4,C2,KNOWN_PARENT_PATH,KNOWN_PARENT_PATH,0.9937250526488016,0.9649396058420813,DIRECTED_LOCAL_HISTORY_PARENT_MATCH,False
9.316666666666709,M2_T_JUNCTION,O127,1,C2,MERGE_EXISTING,C0,-0.9916358345913467,0.8959906777952407,FROZEN_DIRECTION_ASSOCIATION,False
9.316666666666709,M2_T_JUNCTION,O128,2,C2,KNOWN_PARENT_PATH,KNOWN_PARENT_PATH,-0.01102037166193259,0.33511892965214946,PERSISTENT_PARENT_GEOMETRY_MATCH,False
9.316666666666709,M2_T_JUNCTION,O129,4,C2,KNOWN_PARENT_PATH,KNOWN_PARENT_PATH,0.9937156576287571,0.9649175639890178,DIRECTED_LOCAL_HISTORY_PARENT_MATCH,False
9.416666666666714,M2_T_JUNCTION,O130,1,C2,MERGE_EXISTING,C0,-0.9928250327872677,0.9001973649143744,FROZEN_DIRECTION_ASSOCIATION,False
9.416666666666714,M2_T_JUNCTION,O131,2,C2,KNOWN_PARENT_PATH,KNOWN_PARENT_PATH,-0.011100784005228322,0.3351946957698196,PERSISTENT_PARENT_GEOMETRY_MATCH,False
9.416666666666714,M2_T_JUNCTION,O132,4,C2,KNOWN_PARENT_PATH,KNOWN_PARENT_PATH,0.9937108021287656,0.9649061761720557,DIRECTED_LOCAL_HISTORY_PARENT_MATCH,False
9.516666666666719,M2_T_JUNCTION,O133,1,C2,MERGE_EXISTING,C0,-0.9928430571703151,0.9002630384711505,FROZEN_DIRECTION_ASSOCIATION,False
9.516666666666719,M2_T_JUNCTION,O134,2,C2,KNOWN_PARENT_PATH,KNOWN_PARENT_PATH,-0.01147245564565921,0.33554486493529834,PERSISTENT_PARENT_GEOMETRY_MATCH,False
9.516666666666719,M2_T_JUNCTION,O135,4,C2,KNOWN_PARENT_PATH,KNOWN_PARENT_PATH,0.9937033931464918,0.9648888045076958,DIRECTED_LOCAL_HISTORY_PARENT_MATCH,False
9.616666666666724,M2_T_JUNCTION,O136,1,C2,MERGE_EXISTING,C0,-0.9928550436053384,0.90030674646254,FROZEN_DIRECTION_ASSOCIATION,False
9.616666666666724,M2_T_JUNCTION,O137,2,C2,KNOWN_PARENT_PATH,KNOWN_PARENT_PATH,-0.011719816427770442,0.3357778901847713,PERSISTENT_PARENT_GEOMETRY_MATCH,False
9.616666666666724,M2_T_JUNCTION,O138,4,C2,KNOWN_PARENT_PATH,KNOWN_PARENT_PATH,0.9936984621994606,0.9648772463414135,DIRECTED_LOCAL_HISTORY_PARENT_MATCH,False
9.716666666666729,M2_T_JUNCTION,O139,1,C2,MERGE_EXISTING,C0,-0.9928501981133289,0.9002890742932977,FROZEN_DIRECTION_ASSOCIATION,False
9.716666666666729,M2_T_JUNCTION,O140,2,C2,KNOWN_PARENT_PATH,KNOWN_PARENT_PATH,-0.011619802584876753,0.3356836749315222,PERSISTENT_PARENT_GEOMETRY_MATCH,False
9.716666666666729,M2_T_JUNCTION,O141,4,C2,KNOWN_PARENT_PATH,KNOWN_PARENT_PATH,0.9937004558988911,0.9648819192654826,DIRECTED_LOCAL_HISTORY_PARENT_MATCH,False
9.816666666666734,M2_T_JUNCTION,O142,1,C2,MERGE_EXISTING,C0,-0.9928258492872984,0.9002003385740677,FROZEN_DIRECTION_ASSOCIATION,False
9.816666666666734,M2_T_JUNCTION,O143,2,C2,KNOWN_PARENT_PATH,KNOWN_PARENT_PATH,-0.011117613051121699,0.33521055216760726,PERSISTENT_PARENT_GEOMETRY_MATCH,False
9.816666666666734,M2_T_JUNCTION,O144,4,C2,KNOWN_PARENT_PATH,KNOWN_PARENT_PATH,0.9937104666551281,0.9649053894658802,DIRECTED_LOCAL_HISTORY_PARENT_MATCH,False
9.916666666666739,M2_T_JUNCTION,O145,1,C2,KNOWN_PARENT_PATH,KNOWN_PARENT_PATH,0.9916268935778769,0.8959599211103842,DIRECTED_LOCAL_HISTORY_PARENT_MATCH,False
9.916666666666739,M2_T_JUNCTION,O146,2,C2,KNOWN_PARENT_PATH,KNOWN_PARENT_PATH,0.010644896095631622,0.3347651212695565,PERSISTENT_PARENT_GEOMETRY_MATCH,False
9.916666666666739,M2_T_JUNCTION,O147,4,C2,MERGE_EXISTING,C1,-0.9937236103663166,0.9649362214468673,FROZEN_DIRECTION_ASSOCIATION,False
1.1166666666666676,M3_ANGLED_Y,PARTIAL_66_1,-1,C0,NEW_OUTGOING,C0,NaN,NaN,FROZEN_ONE_ENDED_PARTIAL,True
1.2166666666666672,M3_ANGLED_Y,PARTIAL_72_3,-1,C1,NEW_OUTGOING,C1,NaN,NaN,FROZEN_ONE_ENDED_PARTIAL,True
2.416666666666663,M3_ANGLED_Y,O0,9,C2,MERGE_EXISTING,C1,-0.289841659318185,0.0,FROZEN_DIRECTION_ASSOCIATION,False
2.5166666666666626,M3_ANGLED_Y,O1,0,C2,MERGE_EXISTING,C0,-0.281224235900848,0.0,FROZEN_DIRECTION_ASSOCIATION,False
2.5166666666666626,M3_ANGLED_Y,O2,14,C2,MERGE_EXISTING,C1,-0.3071661434682536,0.9998329595025487,FROZEN_DIRECTION_ASSOCIATION,False
2.6166666666666623,M3_ANGLED_Y,O3,0,C2,MERGE_EXISTING,C0,-0.2906797947833603,0.9999513072018972,FROZEN_DIRECTION_ASSOCIATION,False
2.6166666666666623,M3_ANGLED_Y,O4,14,C2,MERGE_EXISTING,C1,-0.2677553848328656,0.9997384046917904,FROZEN_DIRECTION_ASSOCIATION,False
2.716666666666662,M3_ANGLED_Y,O5,0,C2,MERGE_EXISTING,C0,-0.259416464903257,0.9997459146556155,FROZEN_DIRECTION_ASSOCIATION,False
2.716666666666662,M3_ANGLED_Y,O6,14,C2,MERGE_EXISTING,C1,-0.28914663889022013,0.9999997487278117,FROZEN_DIRECTION_ASSOCIATION,False
2.8166666666666615,M3_ANGLED_Y,O7,0,C2,MERGE_EXISTING,C0,-0.28647910345851696,0.9999838061024421,FROZEN_DIRECTION_ASSOCIATION,False
2.8166666666666615,M3_ANGLED_Y,O8,14,C2,MERGE_EXISTING,C1,-0.3018667566992244,0.999921828971577,FROZEN_DIRECTION_ASSOCIATION,False
2.916666666666661,M3_ANGLED_Y,O9,0,C2,MERGE_EXISTING,C0,-0.26324826847834726,0.9998304404823678,FROZEN_DIRECTION_ASSOCIATION,False
2.916666666666661,M3_ANGLED_Y,O10,14,C2,MERGE_EXISTING,C1,-0.27666900452620874,0.9999037294907442,FROZEN_DIRECTION_ASSOCIATION,False
3.016666666666661,M3_ANGLED_Y,O11,0,C2,MERGE_EXISTING,C0,-0.23670894188835734,0.9989506475968857,FROZEN_DIRECTION_ASSOCIATION,False
3.016666666666661,M3_ANGLED_Y,O12,14,C2,MERGE_EXISTING,C1,-0.29552757117854045,0.9999832077241886,FROZEN_DIRECTION_ASSOCIATION,False
3.1166666666666605,M3_ANGLED_Y,O13,0,C2,MERGE_EXISTING,C0,-0.2613368820287587,0.9997909902264186,FROZEN_DIRECTION_ASSOCIATION,False
3.1166666666666605,M3_ANGLED_Y,O14,14,C2,MERGE_EXISTING,C1,-0.26881859371980804,0.9997583148351129,FROZEN_DIRECTION_ASSOCIATION,False
3.21666666666666,M3_ANGLED_Y,O15,0,C2,MERGE_EXISTING,C0,-0.24018257611451713,0.9991005258499345,FROZEN_DIRECTION_ASSOCIATION,False
3.21666666666666,M3_ANGLED_Y,O16,14,C2,MERGE_EXISTING,C1,-0.2896041987457864,0.9999999756179265,FROZEN_DIRECTION_ASSOCIATION,False
3.3166666666666598,M3_ANGLED_Y,O17,0,C2,MERGE_EXISTING,C0,-0.2654629717107181,0.9998652796596362,FROZEN_DIRECTION_ASSOCIATION,False
3.3166666666666598,M3_ANGLED_Y,O18,14,C2,MERGE_EXISTING,C1,-0.26754373452558766,0.999734052057646,FROZEN_DIRECTION_ASSOCIATION,False
3.4166666666666594,M3_ANGLED_Y,O19,0,C2,MERGE_EXISTING,C0,-0.24820806888954225,0.9994106568402071,FROZEN_DIRECTION_ASSOCIATION,False
3.4166666666666594,M3_ANGLED_Y,O20,14,C2,MERGE_EXISTING,C1,-0.24884120867077822,0.9991030380987147,FROZEN_DIRECTION_ASSOCIATION,False
3.516666666666659,M3_ANGLED_Y,O21,0,C2,MERGE_EXISTING,C0,-0.23475346019534662,0.9988385475970966,FROZEN_DIRECTION_ASSOCIATION,False
3.516666666666659,M3_ANGLED_Y,O22,14,C2,MERGE_EXISTING,C1,-0.26886501477921115,0.9997661963426723,FROZEN_DIRECTION_ASSOCIATION,False
3.6166666666666587,M3_ANGLED_Y,O23,0,C2,MERGE_EXISTING,C0,-0.22566940612267494,0.9983466509668879,FROZEN_DIRECTION_ASSOCIATION,False
3.6166666666666587,M3_ANGLED_Y,O24,14,C2,MERGE_EXISTING,C1,-0.25777088035034323,0.9994506257059327,FROZEN_DIRECTION_ASSOCIATION,False
3.7166666666666583,M3_ANGLED_Y,O25,0,C2,MERGE_EXISTING,C0,-0.21760128864169828,0.9978379758732422,FROZEN_DIRECTION_ASSOCIATION,False
3.7166666666666583,M3_ANGLED_Y,O26,14,C2,MERGE_EXISTING,C1,-0.24721713702434425,0.9990289643898924,FROZEN_DIRECTION_ASSOCIATION,False
3.816666666666658,M3_ANGLED_Y,O27,0,C2,MERGE_EXISTING,C0,-0.21420947823020778,0.9976037507460165,FROZEN_DIRECTION_ASSOCIATION,False
3.816666666666658,M3_ANGLED_Y,O28,14,C2,MERGE_EXISTING,C1,-0.24123644088384677,0.9987381682957365,FROZEN_DIRECTION_ASSOCIATION,False
3.9166666666666576,M3_ANGLED_Y,O29,0,C2,MERGE_EXISTING,C0,-0.21160159460222755,0.997414453610896,FROZEN_DIRECTION_ASSOCIATION,False
3.9166666666666576,M3_ANGLED_Y,O30,14,C2,MERGE_EXISTING,C1,-0.23576011136018096,0.9984399345475947,FROZEN_DIRECTION_ASSOCIATION,False
4.016666666666658,M3_ANGLED_Y,O31,0,C2,MERGE_EXISTING,C0,-0.17806111156477383,0.9943695251864594,FROZEN_DIRECTION_ASSOCIATION,False
4.016666666666658,M3_ANGLED_Y,O32,14,C2,MERGE_EXISTING,C1,-0.2332511072479041,0.9982950669197183,FROZEN_DIRECTION_ASSOCIATION,False
4.116666666666657,M3_ANGLED_Y,O33,0,C2,KNOWN_PARENT_PATH,KNOWN_PARENT_PATH,0.9760474208648185,0.3352934404891339,DIRECTED_LOCAL_HISTORY_PARENT_MATCH,True
4.116666666666657,M3_ANGLED_Y,O34,1,C2,MERGE_EXISTING,C0,-0.1472743157421867,0.9905704190687642,FROZEN_DIRECTION_ASSOCIATION,False
4.116666666666657,M3_ANGLED_Y,O35,9,C2,MERGE_EXISTING,C0,-0.9740920115876402,0.6483508642581174,ENDPOINT_RESOLUTION_AWARE_GAP_OVERLAP,True
4.116666666666657,M3_ANGLED_Y,O36,20,C2,MERGE_EXISTING,C1,-0.9886665490054459,0.6292041869425957,ENDPOINT_RESOLUTION_AWARE_GAP_OVERLAP,False
4.116666666666657,M3_ANGLED_Y,O37,26,C2,MERGE_EXISTING,C1,-0.20222430919719098,0.995941235371512,FROZEN_DIRECTION_ASSOCIATION,False
4.116666666666657,M3_ANGLED_Y,O38,27,C2,KNOWN_PARENT_PATH,KNOWN_PARENT_PATH,0.9682539969987712,0.38064945621661184,DIRECTED_LOCAL_HISTORY_PARENT_MATCH,False
4.216666666666657,M3_ANGLED_Y,O39,1,C2,MERGE_EXISTING,C0,-0.15505797615818834,0.9916102199299464,FROZEN_DIRECTION_ASSOCIATION,False
4.216666666666657,M3_ANGLED_Y,O40,10,C2,MERGE_EXISTING,C0,-0.9491056751995547,0.6764428117931556,FROZEN_DIRECTION_ASSOCIATION,False
4.216666666666657,M3_ANGLED_Y,O41,23,C2,MERGE_EXISTING,C1,-0.9458052310445338,0.6770985616777168,FROZEN_DIRECTION_ASSOCIATION,False
4.216666666666657,M3_ANGLED_Y,O42,24,C2,MERGE_EXISTING,C1,-0.996673124666243,0.6159369951412644,ENDPOINT_RESOLUTION_AWARE_GAP_OVERLAP,False
4.216666666666657,M3_ANGLED_Y,O43,32,C2,MERGE_EXISTING,C1,-0.2022999831410084,0.9959539443205,FROZEN_DIRECTION_ASSOCIATION,False
4.216666666666657,M3_ANGLED_Y,O44,35,C2,KNOWN_PARENT_PATH,KNOWN_PARENT_PATH,0.9574003868497122,0.41415602012041774,DIRECTED_LOCAL_HISTORY_PARENT_MATCH,False
4.316666666666657,M3_ANGLED_Y,O45,1,C2,MERGE_EXISTING,C0,-0.12965629829107578,0.9879620410483445,FROZEN_DIRECTION_ASSOCIATION,False
4.316666666666657,M3_ANGLED_Y,O46,9,C2,MERGE_EXISTING,C0,-0.9551058828157987,0.9176685703896078,FROZEN_DIRECTION_ASSOCIATION,False
4.316666666666657,M3_ANGLED_Y,O47,23,C2,MERGE_EXISTING,C0,-0.7823529328454629,0.8178727417759437,FROZEN_DIRECTION_ASSOCIATION,False
4.316666666666657,M3_ANGLED_Y,O48,28,C2,MERGE_EXISTING,C1,-0.9543207969964725,0.9212569501067034,FROZEN_DIRECTION_ASSOCIATION,False
4.316666666666657,M3_ANGLED_Y,O49,32,C2,MERGE_EXISTING,C1,-0.177401586671694,0.9933583458293275,FROZEN_DIRECTION_ASSOCIATION,False
4.416666666666656,M3_ANGLED_Y,O50,1,C2,MERGE_EXISTING,C0,-0.0728409289071561,0.9775209733912188,FROZEN_DIRECTION_ASSOCIATION,False
4.416666666666656,M3_ANGLED_Y,O51,22,C2,MERGE_EXISTING,C1,-0.7799855854072756,0.8247844698140532,FROZEN_DIRECTION_ASSOCIATION,False
4.416666666666656,M3_ANGLED_Y,O52,34,C2,MERGE_EXISTING,C1,-0.1566429210894339,0.9907151028778421,FROZEN_DIRECTION_ASSOCIATION,False
4.516666666666656,M3_ANGLED_Y,O53,1,C2,MERGE_EXISTING,C0,-0.01895844425480507,0.9647422847106117,FROZEN_DIRECTION_ASSOCIATION,False
4.516666666666656,M3_ANGLED_Y,O54,26,C2,MERGE_EXISTING,C1,-0.10849067154420844,0.9829349385379357,FROZEN_DIRECTION_ASSOCIATION,False
4.616666666666656,M3_ANGLED_Y,O55,1,C2,MERGE_EXISTING,C0,0.03206965937127763,0.9500765347959381,FROZEN_DIRECTION_ASSOCIATION,False
4.616666666666656,M3_ANGLED_Y,O56,23,C2,MERGE_EXISTING,C0,-0.787159496789199,0.8133262862511925,FROZEN_DIRECTION_ASSOCIATION,False
4.616666666666656,M3_ANGLED_Y,O57,32,C2,MERGE_EXISTING,C1,-0.06590472673235707,0.9741627355368541,FROZEN_DIRECTION_ASSOCIATION,False
4.716666666666655,M3_ANGLED_Y,O58,1,C2,MERGE_EXISTING,C0,0.125722411972571,0.9166192973590737,FROZEN_DIRECTION_ASSOCIATION,False
4.716666666666655,M3_ANGLED_Y,O59,17,C2,MERGE_EXISTING,C1,-0.6650910333014441,0.9073705145743225,FROZEN_DIRECTION_ASSOCIATION,False
4.716666666666655,M3_ANGLED_Y,O60,22,C2,MERGE_EXISTING,C1,-0.7855735950906957,0.8197524221043845,FROZEN_DIRECTION_ASSOCIATION,False
4.716666666666655,M3_ANGLED_Y,O61,34,C2,MERGE_EXISTING,C1,0.008966318271436237,0.954513850032981,FROZEN_DIRECTION_ASSOCIATION,False
4.816666666666655,M3_ANGLED_Y,O62,1,C2,MERGE_EXISTING,C0,0.283341441264271,0.8405751897934365,FROZEN_DIRECTION_ASSOCIATION,False
4.816666666666655,M3_ANGLED_Y,O63,14,C2,MERGE_EXISTING,C1,-0.7250536760723771,0.8691661530779952,FROZEN_DIRECTION_ASSOCIATION,False
4.816666666666655,M3_ANGLED_Y,O64,19,C2,MERGE_EXISTING,C0,-0.6632922836129068,0.9047371940772265,FROZEN_DIRECTION_ASSOCIATION,False
4.816666666666655,M3_ANGLED_Y,O65,26,C2,MERGE_EXISTING,C1,0.12931548035581464,0.9116527878514408,FROZEN_DIRECTION_ASSOCIATION,False
4.9166666666666545,M3_ANGLED_Y,O66,14,C2,MERGE_EXISTING,C0,-0.723733205685218,0.865812277798798,FROZEN_DIRECTION_ASSOCIATION,False
4.9166666666666545,M3_ANGLED_Y,O67,15,C2,MERGE_EXISTING,C0,-0.7909906464830176,0.8096419967912039,FROZEN_DIRECTION_ASSOCIATION,False
4.9166666666666545,M3_ANGLED_Y,O68,24,C2,MERGE_EXISTING,C1,0.2710252136695939,0.8428218942715189,FROZEN_DIRECTION_ASSOCIATION,False
0.5166666666666666,M4_ASYMMETRIC_CROSS,PARTIAL_30_1,-1,C0,NEW_OUTGOING,C0,NaN,NaN,FROZEN_ONE_ENDED_PARTIAL,True
0.7166666666666672,M4_ASYMMETRIC_CROSS,PARTIAL_42_3,-1,C1,NEW_OUTGOING,C1,NaN,NaN,FROZEN_ONE_ENDED_PARTIAL,True
2.116666666666664,M4_ASYMMETRIC_CROSS,O0,2,C2,MERGE_EXISTING,C1,0.015864016271478692,0.0,FROZEN_DIRECTION_ASSOCIATION,False
2.2166666666666637,M4_ASYMMETRIC_CROSS,O1,0,C2,MERGE_EXISTING,C0,0.005306057733430624,0.0,FROZEN_DIRECTION_ASSOCIATION,False
2.2166666666666637,M4_ASYMMETRIC_CROSS,O2,3,C2,NEW_OUTGOING,C2,-0.9924821523884703,0.34234520625277687,NO_PARENT_OR_EXISTING_IDENTITY_MATCH,True
2.2166666666666637,M4_ASYMMETRIC_CROSS,O3,5,C3,MERGE_EXISTING,C1,0.003624308503923023,0.9999250306931656,FROZEN_DIRECTION_ASSOCIATION,False
2.3166666666666633,M4_ASYMMETRIC_CROSS,O4,2,C3,MERGE_EXISTING,C1,-0.0006301580280225701,0.9998630809327621,FROZEN_DIRECTION_ASSOCIATION,False
2.416666666666663,M4_ASYMMETRIC_CROSS,O5,0,C3,MERGE_EXISTING,C0,0.011604856621495612,0.9999790489460247,FROZEN_DIRECTION_ASSOCIATION,False
2.416666666666663,M4_ASYMMETRIC_CROSS,O6,4,C3,MERGE_EXISTING,C2,-0.9944615274181134,0.9998455542973368,FROZEN_DIRECTION_ASSOCIATION,False
2.416666666666663,M4_ASYMMETRIC_CROSS,O7,5,C3,MERGE_EXISTING,C2,-0.9918330866659744,0.9999874010102807,FROZEN_DIRECTION_ASSOCIATION,False
2.416666666666663,M4_ASYMMETRIC_CROSS,O8,8,C3,MERGE_EXISTING,C1,-0.0005047482170946395,0.9998630809327621,FROZEN_DIRECTION_ASSOCIATION,False
2.416666666666663,M4_ASYMMETRIC_CROSS,O9,9,C3,MERGE_EXISTING,C1,0.021199915594936773,0.9999866975060677,FROZEN_DIRECTION_ASSOCIATION,False
2.5166666666666626,M4_ASYMMETRIC_CROSS,O10,0,C3,MERGE_EXISTING,C0,0.002585262476734344,0.999997069604717,FROZEN_DIRECTION_ASSOCIATION,False
2.5166666666666626,M4_ASYMMETRIC_CROSS,O11,3,C3,MERGE_EXISTING,C2,-0.9929997358718028,0.999989401500831,FROZEN_DIRECTION_ASSOCIATION,False
2.5166666666666626,M4_ASYMMETRIC_CROSS,O12,5,C3,MERGE_EXISTING,C1,0.013907455214020304,0.9999974431685225,FROZEN_DIRECTION_ASSOCIATION,False
2.6166666666666623,M4_ASYMMETRIC_CROSS,O13,0,C3,MERGE_EXISTING,C0,0.010295672860077522,0.999986013964606,FROZEN_DIRECTION_ASSOCIATION,False
2.6166666666666623,M4_ASYMMETRIC_CROSS,O14,3,C3,MERGE_EXISTING,C2,-0.992488936514158,0.99999993715068,FROZEN_DIRECTION_ASSOCIATION,False
2.6166666666666623,M4_ASYMMETRIC_CROSS,O15,5,C3,MERGE_EXISTING,C1,0.0009806859966720654,0.9998846684012676,FROZEN_DIRECTION_ASSOCIATION,False
2.716666666666662,M4_ASYMMETRIC_CROSS,O16,0,C3,MERGE_EXISTING,C0,0.01518096815297248,0.9999493298106563,FROZEN_DIRECTION_ASSOCIATION,False
2.716666666666662,M4_ASYMMETRIC_CROSS,O17,3,C3,MERGE_EXISTING,C2,-0.992596353529991,0.9999993637817941,FROZEN_DIRECTION_ASSOCIATION,False
2.716666666666662,M4_ASYMMETRIC_CROSS,O18,5,C3,MERGE_EXISTING,C1,0.0029635902571488477,0.9999142340757663,FROZEN_DIRECTION_ASSOCIATION,False
2.8166666666666615,M4_ASYMMETRIC_CROSS,O19,0,C3,MERGE_EXISTING,C0,0.009087956792771329,0.9999925070550042,FROZEN_DIRECTION_ASSOCIATION,False
2.8166666666666615,M4_ASYMMETRIC_CROSS,O20,3,C3,MERGE_EXISTING,C2,-0.9913885008879838,0.9999634956211338,FROZEN_DIRECTION_ASSOCIATION,False
2.8166666666666615,M4_ASYMMETRIC_CROSS,O21,5,C3,MERGE_EXISTING,C1,0.0027477351112308976,0.9999127391631079,FROZEN_DIRECTION_ASSOCIATION,False
2.916666666666661,M4_ASYMMETRIC_CROSS,O22,0,C3,MERGE_EXISTING,C0,0.009326306990595265,0.9999917833002765,FROZEN_DIRECTION_ASSOCIATION,False
2.916666666666661,M4_ASYMMETRIC_CROSS,O23,3,C3,MERGE_EXISTING,C2,-0.991573762270247,0.9999742391181405,FROZEN_DIRECTION_ASSOCIATION,False
2.916666666666661,M4_ASYMMETRIC_CROSS,O24,5,C3,MERGE_EXISTING,C1,0.0006920039479413324,0.9998843182027173,FROZEN_DIRECTION_ASSOCIATION,False
3.016666666666661,M4_ASYMMETRIC_CROSS,O25,0,C3,MERGE_EXISTING,C0,0.008688810997513475,0.9999941999050606,FROZEN_DIRECTION_ASSOCIATION,False
3.016666666666661,M4_ASYMMETRIC_CROSS,O26,3,C3,MERGE_EXISTING,C2,-0.9918523308691785,0.9999874004159218,FROZEN_DIRECTION_ASSOCIATION,False
3.016666666666661,M4_ASYMMETRIC_CROSS,O27,5,C3,MERGE_EXISTING,C1,-0.0006583503534037819,0.9998630393841121,FROZEN_DIRECTION_ASSOCIATION,False
3.1166666666666605,M4_ASYMMETRIC_CROSS,O28,0,C3,MERGE_EXISTING,C0,0.007395430957556957,0.9999976399627313,FROZEN_DIRECTION_ASSOCIATION,False
3.1166666666666605,M4_ASYMMETRIC_CROSS,O29,3,C3,MERGE_EXISTING,C2,-0.9923266455853431,0.9999993026748804,FROZEN_DIRECTION_ASSOCIATION,False
3.1166666666666605,M4_ASYMMETRIC_CROSS,O30,5,C3,MERGE_EXISTING,C1,0.007932009504446266,0.9999678367597817,FROZEN_DIRECTION_ASSOCIATION,False
3.21666666666666,M4_ASYMMETRIC_CROSS,O31,0,C3,MERGE_EXISTING,C0,0.00583366969992915,0.9999997342385513,FROZEN_DIRECTION_ASSOCIATION,False
3.21666666666666,M4_ASYMMETRIC_CROSS,O32,3,C3,MERGE_EXISTING,C2,-0.9926279515870766,0.9999990220721671,FROZEN_DIRECTION_ASSOCIATION,False
3.21666666666666,M4_ASYMMETRIC_CROSS,O33,5,C3,MERGE_EXISTING,C1,0.0037487446674105964,0.9999240848980839,FROZEN_DIRECTION_ASSOCIATION,False
3.3166666666666598,M4_ASYMMETRIC_CROSS,O34,0,C3,MERGE_EXISTING,C2,-0.9907424755779999,0.999913413719452,FROZEN_DIRECTION_ASSOCIATION,False
3.3166666666666598,M4_ASYMMETRIC_CROSS,O35,2,C3,MERGE_EXISTING,C1,-0.0003604279802935887,0.9998630801032604,FROZEN_DIRECTION_ASSOCIATION,False
3.4166666666666594,M4_ASYMMETRIC_CROSS,O36,0,C3,MERGE_EXISTING,C0,0.0010090411593585637,0.9999921108282912,FROZEN_DIRECTION_ASSOCIATION,False
3.4166666666666594,M4_ASYMMETRIC_CROSS,O37,2,C3,KNOWN_PARENT_PATH,KNOWN_PARENT_PATH,0.9931568777555501,0.3409210249257646,DIRECTED_LOCAL_HISTORY_PARENT_MATCH,True
3.4166666666666594,M4_ASYMMETRIC_CROSS,O38,3,C3,MERGE_EXISTING,C2,-0.9932494020846304,0.9999771390688337,FROZEN_DIRECTION_ASSOCIATION,False
3.4166666666666594,M4_ASYMMETRIC_CROSS,O39,5,C3,MERGE_EXISTING,C1,0.006396267315767017,0.9999520012873356,FROZEN_DIRECTION_ASSOCIATION,False
3.516666666666659,M4_ASYMMETRIC_CROSS,O40,1,C3,MERGE_EXISTING,C0,0.009012226364803318,0.999992363304399,FROZEN_DIRECTION_ASSOCIATION,False
3.516666666666659,M4_ASYMMETRIC_CROSS,O41,3,C3,KNOWN_PARENT_PATH,KNOWN_PARENT_PATH,0.9925273873430037,0.34126912795319164,DIRECTED_LOCAL_HISTORY_PARENT_MATCH,False
3.516666666666659,M4_ASYMMETRIC_CROSS,O42,7,C3,MERGE_EXISTING,C2,-0.9921429889783062,0.9999967770629468,FROZEN_DIRECTION_ASSOCIATION,False
3.516666666666659,M4_ASYMMETRIC_CROSS,O43,9,C3,MERGE_EXISTING,C1,-0.00047707541713063806,0.9998630805687087,FROZEN_DIRECTION_ASSOCIATION,False
3.6166666666666587,M4_ASYMMETRIC_CROSS,O44,1,C3,MERGE_EXISTING,C0,0.00437099792644763,0.9999995524927792,FROZEN_DIRECTION_ASSOCIATION,False
3.6166666666666587,M4_ASYMMETRIC_CROSS,O45,3,C3,KNOWN_PARENT_PATH,KNOWN_PARENT_PATH,0.9957638585495033,0.6155442040745531,DIRECTED_LOCAL_HISTORY_PARENT_MATCH,False
3.6166666666666587,M4_ASYMMETRIC_CROSS,O46,4,C3,KNOWN_PARENT_PATH,KNOWN_PARENT_PATH,0.9924239033083584,0.3434302499036741,DIRECTED_LOCAL_HISTORY_PARENT_MATCH,False
3.6166666666666587,M4_ASYMMETRIC_CROSS,O47,9,C3,MERGE_EXISTING,C2,-0.991203289059294,0.9999494838120744,FROZEN_DIRECTION_ASSOCIATION,False
3.6166666666666587,M4_ASYMMETRIC_CROSS,O48,13,C3,MERGE_EXISTING,C1,-0.00820379781551518,0.9997105181775863,FROZEN_DIRECTION_ASSOCIATION,False
3.7166666666666583,M4_ASYMMETRIC_CROSS,O49,1,C3,MERGE_EXISTING,C0,0.005576591258596404,0.9999999999266311,FROZEN_DIRECTION_ASSOCIATION,False
3.7166666666666583,M4_ASYMMETRIC_CROSS,O50,3,C3,KNOWN_PARENT_PATH,KNOWN_PARENT_PATH,0.9917447426432364,0.3438878204791006,DIRECTED_LOCAL_HISTORY_PARENT_MATCH,False
3.7166666666666583,M4_ASYMMETRIC_CROSS,O51,7,C3,MERGE_EXISTING,C2,-0.9920818139412804,0.9999939197877447,FROZEN_DIRECTION_ASSOCIATION,False
3.7166666666666583,M4_ASYMMETRIC_CROSS,O52,9,C3,MERGE_EXISTING,C1,0.00211519344342741,0.9999089342031303,FROZEN_DIRECTION_ASSOCIATION,False
3.816666666666658,M4_ASYMMETRIC_CROSS,O53,1,C3,MERGE_EXISTING,C0,0.0011725939197982978,0.9999893028743717,FROZEN_DIRECTION_ASSOCIATION,False
3.816666666666658,M4_ASYMMETRIC_CROSS,O54,3,C3,KNOWN_PARENT_PATH,KNOWN_PARENT_PATH,0.9922233866953791,0.34217414623319053,DIRECTED_LOCAL_HISTORY_PARENT_MATCH,False
3.816666666666658,M4_ASYMMETRIC_CROSS,O55,7,C3,MERGE_EXISTING,C2,-0.9922972497307385,0.99999801290297,FROZEN_DIRECTION_ASSOCIATION,False
3.816666666666658,M4_ASYMMETRIC_CROSS,O56,9,C3,MERGE_EXISTING,C1,-0.008587154597629643,0.9997128606129485,FROZEN_DIRECTION_ASSOCIATION,False
3.9166666666666576,M4_ASYMMETRIC_CROSS,O57,0,C3,MERGE_EXISTING,C0,-0.004766965126073403,0.9999424467069219,FROZEN_DIRECTION_ASSOCIATION,False
3.9166666666666576,M4_ASYMMETRIC_CROSS,O58,2,C3,KNOWN_PARENT_PATH,KNOWN_PARENT_PATH,0.9921992251573348,0.3471223146317086,DIRECTED_LOCAL_HISTORY_PARENT_MATCH,False
3.9166666666666576,M4_ASYMMETRIC_CROSS,O59,3,C3,MERGE_EXISTING,C2,-0.992965187785993,0.9999943678920546,FROZEN_DIRECTION_ASSOCIATION,False
3.9166666666666576,M4_ASYMMETRIC_CROSS,O60,5,C3,MERGE_EXISTING,C1,0.0046648103342507,0.999944362466742,FROZEN_DIRECTION_ASSOCIATION,False
4.016666666666658,M4_ASYMMETRIC_CROSS,O61,0,C3,MERGE_EXISTING,C0,-0.0007047786397241568,0.9999775300629189,FROZEN_DIRECTION_ASSOCIATION,False
4.016666666666658,M4_ASYMMETRIC_CROSS,O62,2,C3,KNOWN_PARENT_PATH,KNOWN_PARENT_PATH,0.9921757164170367,0.34548186342003895,DIRECTED_LOCAL_HISTORY_PARENT_MATCH,False
4.016666666666658,M4_ASYMMETRIC_CROSS,O63,3,C3,MERGE_EXISTING,C2,-0.9923641294878874,0.9999986330459943,FROZEN_DIRECTION_ASSOCIATION,False
4.016666666666658,M4_ASYMMETRIC_CROSS,O64,5,C3,MERGE_EXISTING,C1,-0.004588307200353826,0.9998046829663907,FROZEN_DIRECTION_ASSOCIATION,False
4.116666666666657,M4_ASYMMETRIC_CROSS,O65,0,C3,MERGE_EXISTING,C0,0.003443638801325407,0.9999969406398743,FROZEN_DIRECTION_ASSOCIATION,False
4.116666666666657,M4_ASYMMETRIC_CROSS,O66,2,C3,KNOWN_PARENT_PATH,KNOWN_PARENT_PATH,0.992098461527039,0.34486063898870045,DIRECTED_LOCAL_HISTORY_PARENT_MATCH,False
4.116666666666657,M4_ASYMMETRIC_CROSS,O67,3,C3,MERGE_EXISTING,C2,-0.9920697086898832,0.9999922528835861,FROZEN_DIRECTION_ASSOCIATION,False
4.116666666666657,M4_ASYMMETRIC_CROSS,O68,5,C3,MERGE_EXISTING,C1,-0.005359300442658216,0.9997874670180631,FROZEN_DIRECTION_ASSOCIATION,False
4.216666666666657,M4_ASYMMETRIC_CROSS,O69,0,C3,MERGE_EXISTING,C0,0.0018159095868256416,0.9999922168701609,FROZEN_DIRECTION_ASSOCIATION,False
4.216666666666657,M4_ASYMMETRIC_CROSS,O70,3,C3,KNOWN_PARENT_PATH,KNOWN_PARENT_PATH,0.9921723640686079,0.3451707924995562,DIRECTED_LOCAL_HISTORY_PARENT_MATCH,False
4.216666666666657,M4_ASYMMETRIC_CROSS,O71,4,C3,MERGE_EXISTING,C2,-0.9916488153177601,0.9999748949633688,FROZEN_DIRECTION_ASSOCIATION,False
4.216666666666657,M4_ASYMMETRIC_CROSS,O72,8,C3,MERGE_EXISTING,C1,-0.0010709464328995195,0.9998641247807368,FROZEN_DIRECTION_ASSOCIATION,False
4.316666666666657,M4_ASYMMETRIC_CROSS,O73,0,C3,MERGE_EXISTING,C0,0.0009626234171063369,0.9999892971511003,FROZEN_DIRECTION_ASSOCIATION,False
4.316666666666657,M4_ASYMMETRIC_CROSS,O74,2,C3,KNOWN_PARENT_PATH,KNOWN_PARENT_PATH,0.9924590453733951,0.3413765486888086,DIRECTED_LOCAL_HISTORY_PARENT_MATCH,False
4.316666666666657,M4_ASYMMETRIC_CROSS,O75,3,C3,MERGE_EXISTING,C2,-0.9923261514019246,0.9999987967620982,FROZEN_DIRECTION_ASSOCIATION,False
4.316666666666657,M4_ASYMMETRIC_CROSS,O76,5,C3,MERGE_EXISTING,C1,-0.004799216542211081,0.9997922250102236,FROZEN_DIRECTION_ASSOCIATION,False
4.416666666666656,M4_ASYMMETRIC_CROSS,O77,0,C3,MERGE_EXISTING,C0,0.00034898907274627197,0.9999870468527311,FROZEN_DIRECTION_ASSOCIATION,False
4.416666666666656,M4_ASYMMETRIC_CROSS,O78,2,C3,KNOWN_PARENT_PATH,KNOWN_PARENT_PATH,0.9928148868575171,0.3429488322904233,DIRECTED_LOCAL_HISTORY_PARENT_MATCH,False
4.416666666666656,M4_ASYMMETRIC_CROSS,O79,3,C3,MERGE_EXISTING,C2,-0.9924228734728927,0.9999998101895993,FROZEN_DIRECTION_ASSOCIATION,False
4.416666666666656,M4_ASYMMETRIC_CROSS,O80,5,C3,MERGE_EXISTING,C1,-0.0018190522963266453,0.9998459034636697,FROZEN_DIRECTION_ASSOCIATION,False
4.516666666666656,M4_ASYMMETRIC_CROSS,O81,0,C3,MERGE_EXISTING,C0,-0.0022076454233184275,0.9999717117141416,FROZEN_DIRECTION_ASSOCIATION,False
4.516666666666656,M4_ASYMMETRIC_CROSS,O82,2,C3,KNOWN_PARENT_PATH,KNOWN_PARENT_PATH,0.9913364139373467,0.3445862200246007,DIRECTED_LOCAL_HISTORY_PARENT_MATCH,False
4.516666666666656,M4_ASYMMETRIC_CROSS,O83,3,C3,MERGE_EXISTING,C2,-0.9928761307653582,0.9999947051538254,FROZEN_DIRECTION_ASSOCIATION,False
4.516666666666656,M4_ASYMMETRIC_CROSS,O84,5,C3,MERGE_EXISTING,C1,0.0002535875054215002,0.9998782020110586,FROZEN_DIRECTION_ASSOCIATION,False
4.616666666666656,M4_ASYMMETRIC_CROSS,O85,0,C3,MERGE_EXISTING,C0,0.0026592536221646803,0.9999967755304217,FROZEN_DIRECTION_ASSOCIATION,False
4.616666666666656,M4_ASYMMETRIC_CROSS,O86,2,C3,KNOWN_PARENT_PATH,KNOWN_PARENT_PATH,0.991549781540999,0.34428675194581126,DIRECTED_LOCAL_HISTORY_PARENT_MATCH,False
4.616666666666656,M4_ASYMMETRIC_CROSS,O87,3,C3,MERGE_EXISTING,C2,-0.9922111085687274,0.9999978207185082,FROZEN_DIRECTION_ASSOCIATION,False
4.616666666666656,M4_ASYMMETRIC_CROSS,O88,5,C3,MERGE_EXISTING,C1,-0.0005713420966418615,0.9998630845343431,FROZEN_DIRECTION_ASSOCIATION,False
4.716666666666655,M4_ASYMMETRIC_CROSS,O89,0,C3,MERGE_EXISTING,C0,-0.002668206411726836,0.9999698996478652,FROZEN_DIRECTION_ASSOCIATION,False
4.716666666666655,M4_ASYMMETRIC_CROSS,O90,3,C3,KNOWN_PARENT_PATH,KNOWN_PARENT_PATH,0.9912235373852225,0.3446016939851917,DIRECTED_LOCAL_HISTORY_PARENT_MATCH,False
4.716666666666655,M4_ASYMMETRIC_CROSS,O91,4,C3,MERGE_EXISTING,C2,-0.9921988680467224,0.9999978411027952,FROZEN_DIRECTION_ASSOCIATION,False
4.716666666666655,M4_ASYMMETRIC_CROSS,O92,8,C3,MERGE_EXISTING,C1,-0.0038329332739796473,0.9998016503770992,FROZEN_DIRECTION_ASSOCIATION,False
4.816666666666655,M4_ASYMMETRIC_CROSS,O93,1,C3,MERGE_EXISTING,C0,-0.0007049700497400016,0.9999838181120329,FROZEN_DIRECTION_ASSOCIATION,False
4.816666666666655,M4_ASYMMETRIC_CROSS,O94,3,C3,KNOWN_PARENT_PATH,KNOWN_PARENT_PATH,0.9930136284932206,0.3426388225284823,DIRECTED_LOCAL_HISTORY_PARENT_MATCH,False
4.816666666666655,M4_ASYMMETRIC_CROSS,O95,7,C3,MERGE_EXISTING,C2,-0.9922355475257782,0.9999985945152909,FROZEN_DIRECTION_ASSOCIATION,False
4.816666666666655,M4_ASYMMETRIC_CROSS,O96,9,C3,MERGE_EXISTING,C1,-0.005885217572947594,0.9997563192250571,FROZEN_DIRECTION_ASSOCIATION,False
4.9166666666666545,M4_ASYMMETRIC_CROSS,O97,1,C3,MERGE_EXISTING,C0,-0.00657722531206691,0.9999346460703951,FROZEN_DIRECTION_ASSOCIATION,False
4.9166666666666545,M4_ASYMMETRIC_CROSS,O98,3,C3,KNOWN_PARENT_PATH,KNOWN_PARENT_PATH,0.9926816880876536,0.34690363236775124,DIRECTED_LOCAL_HISTORY_PARENT_MATCH,False
4.9166666666666545,M4_ASYMMETRIC_CROSS,O99,7,C3,MERGE_EXISTING,C2,-0.9922457638305068,0.9999989254014615,FROZEN_DIRECTION_ASSOCIATION,False
4.9166666666666545,M4_ASYMMETRIC_CROSS,O100,9,C3,MERGE_EXISTING,C1,-0.005314648471221778,0.9997659822919341,FROZEN_DIRECTION_ASSOCIATION,False
5.016666666666654,M4_ASYMMETRIC_CROSS,O101,0,C3,MERGE_EXISTING,C0,0.0018603314773392732,0.9999959730313676,FROZEN_DIRECTION_ASSOCIATION,False
5.016666666666654,M4_ASYMMETRIC_CROSS,O102,2,C3,KNOWN_PARENT_PATH,KNOWN_PARENT_PATH,0.9923157301151303,0.34489309969111515,DIRECTED_LOCAL_HISTORY_PARENT_MATCH,False
5.016666666666654,M4_ASYMMETRIC_CROSS,O103,3,C3,MERGE_EXISTING,C2,-0.9923739344673004,0.99999996266475,FROZEN_DIRECTION_ASSOCIATION,False
5.016666666666654,M4_ASYMMETRIC_CROSS,O104,5,C3,MERGE_EXISTING,C1,-0.002408711905726718,0.9998216675842638,FROZEN_DIRECTION_ASSOCIATION,False
5.116666666666654,M4_ASYMMETRIC_CROSS,O105,1,C3,MERGE_EXISTING,C0,-0.004185439920472582,0.9999619749805746,FROZEN_DIRECTION_ASSOCIATION,False
5.116666666666654,M4_ASYMMETRIC_CROSS,O106,3,C3,KNOWN_PARENT_PATH,KNOWN_PARENT_PATH,0.9916407341080081,0.3449021711058815,DIRECTED_LOCAL_HISTORY_PARENT_MATCH,False
5.116666666666654,M4_ASYMMETRIC_CROSS,O107,7,C3,MERGE_EXISTING,C2,-0.9929173822214973,0.9999904088581879,FROZEN_DIRECTION_ASSOCIATION,False
5.116666666666654,M4_ASYMMETRIC_CROSS,O108,9,C3,MERGE_EXISTING,C1,-0.008692369128197888,0.999679145487586,FROZEN_DIRECTION_ASSOCIATION,False
5.2166666666666535,M4_ASYMMETRIC_CROSS,O109,0,C3,MERGE_EXISTING,C0,0.31080512091680496,0.9518328695653193,FROZEN_DIRECTION_ASSOCIATION,False
5.2166666666666535,M4_ASYMMETRIC_CROSS,O110,1,C3,MERGE_EXISTING,C0,-0.00025020170706813595,0.9999891745901479,FROZEN_DIRECTION_ASSOCIATION,False
5.2166666666666535,M4_ASYMMETRIC_CROSS,O111,3,C3,KNOWN_PARENT_PATH,KNOWN_PARENT_PATH,0.9914149720606994,0.34788700136759887,DIRECTED_LOCAL_HISTORY_PARENT_MATCH,False
5.2166666666666535,M4_ASYMMETRIC_CROSS,O112,5,C3,KNOWN_PARENT_PATH,KNOWN_PARENT_PATH,0.9961751216229794,0.8751134467223884,DIRECTED_LOCAL_HISTORY_PARENT_MATCH,False
5.2166666666666535,M4_ASYMMETRIC_CROSS,O113,7,C3,MERGE_EXISTING,C2,-0.9928563302526056,0.9999920024861204,FROZEN_DIRECTION_ASSOCIATION,False
5.2166666666666535,M4_ASYMMETRIC_CROSS,O114,9,C3,MERGE_EXISTING,C1,-0.0016031433302462325,0.9998311712936417,FROZEN_DIRECTION_ASSOCIATION,False
5.316666666666653,M4_ASYMMETRIC_CROSS,O115,1,C3,KNOWN_PARENT_PATH,KNOWN_PARENT_PATH,0.9928872327049497,0.3462171512879979,DIRECTED_LOCAL_HISTORY_PARENT_MATCH,False
5.316666666666653,M4_ASYMMETRIC_CROSS,O116,2,C3,MERGE_EXISTING,C1,-0.005137145138368644,0.9997580684168736,FROZEN_DIRECTION_ASSOCIATION,False
5.416666666666653,M4_ASYMMETRIC_CROSS,O117,0,C3,MERGE_EXISTING,C0,-0.008409159200184476,0.9999195946908187,FROZEN_DIRECTION_ASSOCIATION,False
5.416666666666653,M4_ASYMMETRIC_CROSS,O118,2,C3,KNOWN_PARENT_PATH,KNOWN_PARENT_PATH,0.9925853818857867,0.34898673834082206,DIRECTED_LOCAL_HISTORY_PARENT_MATCH,False
5.416666666666653,M4_ASYMMETRIC_CROSS,O119,5,C3,MERGE_EXISTING,C1,-0.008255648208491097,0.9996835235034681,FROZEN_DIRECTION_ASSOCIATION,False
5.516666666666652,M4_ASYMMETRIC_CROSS,O120,0,C3,MERGE_EXISTING,C0,-0.008526507851425265,0.9999179787458675,FROZEN_DIRECTION_ASSOCIATION,False
5.516666666666652,M4_ASYMMETRIC_CROSS,O121,2,C3,KNOWN_PARENT_PATH,KNOWN_PARENT_PATH,0.9922219021134996,0.35042633119819844,DIRECTED_LOCAL_HISTORY_PARENT_MATCH,False
5.516666666666652,M4_ASYMMETRIC_CROSS,O122,5,C3,MERGE_EXISTING,C1,-0.010693915541029548,0.9996194710457337,FROZEN_DIRECTION_ASSOCIATION,False
5.616666666666652,M4_ASYMMETRIC_CROSS,O123,0,C3,MERGE_EXISTING,C0,-0.00787324136966434,0.999925550837952,FROZEN_DIRECTION_ASSOCIATION,False
5.616666666666652,M4_ASYMMETRIC_CROSS,O124,1,C3,KNOWN_PARENT_PATH,KNOWN_PARENT_PATH,0.991660807101502,0.34766893217585637,DIRECTED_LOCAL_HISTORY_PARENT_MATCH,False
5.716666666666652,M4_ASYMMETRIC_CROSS,O125,0,C3,MERGE_EXISTING,C0,-0.006494638421152001,0.999940712368216,FROZEN_DIRECTION_ASSOCIATION,False
5.716666666666652,M4_ASYMMETRIC_CROSS,O126,2,C3,KNOWN_PARENT_PATH,KNOWN_PARENT_PATH,0.9911276123449646,0.3453549036177438,DIRECTED_LOCAL_HISTORY_PARENT_MATCH,False
5.916666666666651,M4_ASYMMETRIC_CROSS,O127,0,C3,MERGE_EXISTING,C0,-0.0015019190282294739,0.9999819689669388,FROZEN_DIRECTION_ASSOCIATION,False
5.916666666666651,M4_ASYMMETRIC_CROSS,O128,2,C3,KNOWN_PARENT_PATH,KNOWN_PARENT_PATH,0.9934902506843182,0.3430027965896878,DIRECTED_LOCAL_HISTORY_PARENT_MATCH,False
6.016666666666651,M4_ASYMMETRIC_CROSS,O129,0,C3,MERGE_EXISTING,C0,-0.009846854260498545,0.9998964888907127,FROZEN_DIRECTION_ASSOCIATION,False
6.016666666666651,M4_ASYMMETRIC_CROSS,O130,3,C3,KNOWN_PARENT_PATH,KNOWN_PARENT_PATH,0.9951796943370516,0.3383556474452619,DIRECTED_LOCAL_HISTORY_PARENT_MATCH,False
6.21666666666665,M4_ASYMMETRIC_CROSS,O131,0,C3,MERGE_EXISTING,C0,-0.00032230468848339116,0.9999879351962014,FROZEN_DIRECTION_ASSOCIATION,False
6.21666666666665,M4_ASYMMETRIC_CROSS,O132,3,C3,KNOWN_PARENT_PATH,KNOWN_PARENT_PATH,0.9930842966688014,0.34630216657970136,DIRECTED_LOCAL_HISTORY_PARENT_MATCH,False
6.416666666666649,M4_ASYMMETRIC_CROSS,O133,0,C3,MERGE_EXISTING,C0,-0.0037333703467118677,0.9999650505947834,FROZEN_DIRECTION_ASSOCIATION,False
6.416666666666649,M4_ASYMMETRIC_CROSS,O134,2,C3,KNOWN_PARENT_PATH,KNOWN_PARENT_PATH,0.9923640969689967,0.34749976912263847,DIRECTED_LOCAL_HISTORY_PARENT_MATCH,False
6.6166666666666485,M4_ASYMMETRIC_CROSS,O135,0,C3,MERGE_EXISTING,C0,-0.005327446292538985,0.9999504490773068,FROZEN_DIRECTION_ASSOCIATION,False
6.6166666666666485,M4_ASYMMETRIC_CROSS,O136,3,C3,KNOWN_PARENT_PATH,KNOWN_PARENT_PATH,0.9924359683945151,0.3500151151957128,DIRECTED_LOCAL_HISTORY_PARENT_MATCH,False
6.716666666666648,M4_ASYMMETRIC_CROSS,O137,0,C3,MERGE_EXISTING,C0,-0.020524866983441765,0.9996839583614329,FROZEN_DIRECTION_ASSOCIATION,False
6.716666666666648,M4_ASYMMETRIC_CROSS,O138,2,C3,KNOWN_PARENT_PATH,KNOWN_PARENT_PATH,0.9928821787818223,0.3691952640624996,DIRECTED_LOCAL_HISTORY_PARENT_MATCH,False
6.716666666666648,M4_ASYMMETRIC_CROSS,O139,3,C3,KNOWN_PARENT_PATH,KNOWN_PARENT_PATH,0.9949173974116858,0.3555959542449906,DIRECTED_LOCAL_HISTORY_PARENT_MATCH,False
0.41666666666666663,M5_UNEQUAL_WIDTH,PARTIAL_24_1,-1,C0,NEW_OUTGOING,C0,NaN,NaN,FROZEN_ONE_ENDED_PARTIAL,True
0.5166666666666666,M5_UNEQUAL_WIDTH,PARTIAL_30_3,-1,C1,NEW_OUTGOING,C1,NaN,NaN,FROZEN_ONE_ENDED_PARTIAL,True
2.0166666666666644,M5_UNEQUAL_WIDTH,O0,0,C2,MERGE_EXISTING,C0,-0.14163600604531332,0.0,FROZEN_DIRECTION_ASSOCIATION,False
2.0166666666666644,M5_UNEQUAL_WIDTH,O1,5,C2,MERGE_EXISTING,C1,-0.1545322784419801,0.29658127558282366,FROZEN_DIRECTION_ASSOCIATION,False
2.116666666666664,M5_UNEQUAL_WIDTH,O2,0,C2,MERGE_EXISTING,C0,-0.05434745837606393,0.9961572533761864,FROZEN_DIRECTION_ASSOCIATION,False
2.116666666666664,M5_UNEQUAL_WIDTH,O3,5,C2,MERGE_EXISTING,C1,-0.16546771584986003,0.9999391302113866,FROZEN_DIRECTION_ASSOCIATION,False
2.2166666666666637,M5_UNEQUAL_WIDTH,O4,0,C2,MERGE_EXISTING,C0,-0.1407890701853942,0.9999996674261648,FROZEN_DIRECTION_ASSOCIATION,False
2.416666666666663,M5_UNEQUAL_WIDTH,O5,0,C2,MERGE_EXISTING,C0,0.02025669357604741,0.9868249026951436,FROZEN_DIRECTION_ASSOCIATION,False
2.416666666666663,M5_UNEQUAL_WIDTH,O6,1,C2,MERGE_EXISTING,C0,-0.1406337567444143,0.9999993426534942,FROZEN_DIRECTION_ASSOCIATION,False
2.416666666666663,M5_UNEQUAL_WIDTH,O7,2,C2,MERGE_EXISTING,C0,-0.12469607327746779,0.9998516258461593,FROZEN_DIRECTION_ASSOCIATION,False
2.416666666666663,M5_UNEQUAL_WIDTH,O8,7,C2,NEW_OUTGOING,C2,-0.9817417261060789,0.3680621931738969,NO_PARENT_OR_EXISTING_IDENTITY_MATCH,True
2.416666666666663,M5_UNEQUAL_WIDTH,O9,10,C3,MERGE_EXISTING,C2,-0.9999343845902001,0.9794982738405638,FROZEN_DIRECTION_ASSOCIATION,False
2.416666666666663,M5_UNEQUAL_WIDTH,O10,12,C3,MERGE_EXISTING,C2,-0.9554612204787346,0.9941528822729474,FROZEN_DIRECTION_ASSOCIATION,False
2.416666666666663,M5_UNEQUAL_WIDTH,O11,14,C3,MERGE_EXISTING,C1,-0.1586689763764242,0.9999906576002309,FROZEN_DIRECTION_ASSOCIATION,False
2.5166666666666626,M5_UNEQUAL_WIDTH,O12,0,C3,MERGE_EXISTING,C0,0.0295777050286253,0.9852519827366395,FROZEN_DIRECTION_ASSOCIATION,False
2.5166666666666626,M5_UNEQUAL_WIDTH,O13,1,C3,MERGE_EXISTING,C0,-0.12042410104090846,0.9997655012670436,FROZEN_DIRECTION_ASSOCIATION,False
2.5166666666666626,M5_UNEQUAL_WIDTH,O14,5,C3,MERGE_EXISTING,C2,-0.9921351328110102,0.9978221208055643,FROZEN_DIRECTION_ASSOCIATION,False
2.5166666666666626,M5_UNEQUAL_WIDTH,O15,9,C3,MERGE_EXISTING,C1,-0.16187557205064346,0.999970378730349,FROZEN_DIRECTION_ASSOCIATION,False
2.6166666666666623,M5_UNEQUAL_WIDTH,O16,0,C3,MERGE_EXISTING,C0,-0.14178235108919177,0.9999999938042438,FROZEN_DIRECTION_ASSOCIATION,False
2.6166666666666623,M5_UNEQUAL_WIDTH,O17,5,C3,MERGE_EXISTING,C2,-0.999996713271129,0.9812267152250865,FROZEN_DIRECTION_ASSOCIATION,False
2.6166666666666623,M5_UNEQUAL_WIDTH,O18,9,C3,MERGE_EXISTING,C1,-0.1720054508836722,0.9998385398019685,FROZEN_DIRECTION_ASSOCIATION,False
2.716666666666662,M5_UNEQUAL_WIDTH,O19,0,C3,MERGE_EXISTING,C0,0.023156869023460473,0.9863485820284184,FROZEN_DIRECTION_ASSOCIATION,False
2.716666666666662,M5_UNEQUAL_WIDTH,O20,5,C3,MERGE_EXISTING,C2,-0.990217489290468,0.9986786481074125,FROZEN_DIRECTION_ASSOCIATION,False
2.716666666666662,M5_UNEQUAL_WIDTH,O21,9,C3,MERGE_EXISTING,C1,-0.16309953857636694,0.9999610259750813,FROZEN_DIRECTION_ASSOCIATION,False
2.8166666666666615,M5_UNEQUAL_WIDTH,O22,0,C3,MERGE_EXISTING,C0,0.028720617361237162,0.9854341995132566,FROZEN_DIRECTION_ASSOCIATION,False
2.8166666666666615,M5_UNEQUAL_WIDTH,O23,1,C3,MERGE_EXISTING,C0,-0.1454607490415256,0.9999927207974478,FROZEN_DIRECTION_ASSOCIATION,False
2.8166666666666615,M5_UNEQUAL_WIDTH,O24,7,C3,MERGE_EXISTING,C2,-0.981638254697931,0.9999998026857131,FROZEN_DIRECTION_ASSOCIATION,False
2.8166666666666615,M5_UNEQUAL_WIDTH,O25,10,C3,MERGE_EXISTING,C2,-0.9999694487417289,0.9802416560841996,FROZEN_DIRECTION_ASSOCIATION,False
2.8166666666666615,M5_UNEQUAL_WIDTH,O26,14,C3,MERGE_EXISTING,C1,-0.16162117242967336,0.9999738752518887,FROZEN_DIRECTION_ASSOCIATION,False
2.916666666666661,M5_UNEQUAL_WIDTH,O27,2,C3,MERGE_EXISTING,C2,-0.9919349006696923,0.997942999763338,FROZEN_DIRECTION_ASSOCIATION,False
2.916666666666661,M5_UNEQUAL_WIDTH,O28,5,C3,MERGE_EXISTING,C2,-0.9953081833879313,0.9587715945639181,FROZEN_DIRECTION_ASSOCIATION,False
2.916666666666661,M5_UNEQUAL_WIDTH,O29,9,C3,MERGE_EXISTING,C1,-0.16170297147563092,0.9999736970946754,FROZEN_DIRECTION_ASSOCIATION,False
3.016666666666661,M5_UNEQUAL_WIDTH,O30,0,C3,MERGE_EXISTING,C0,0.035627833396101524,0.9842579925661068,FROZEN_DIRECTION_ASSOCIATION,False
3.016666666666661,M5_UNEQUAL_WIDTH,O31,1,C3,MERGE_EXISTING,C0,-0.1369484094039577,0.999989163465814,FROZEN_DIRECTION_ASSOCIATION,False
3.016666666666661,M5_UNEQUAL_WIDTH,O32,4,C3,MERGE_EXISTING,C2,-0.9863294717692964,0.9370497877021312,FROZEN_DIRECTION_ASSOCIATION,False
3.016666666666661,M5_UNEQUAL_WIDTH,O33,7,C3,MERGE_EXISTING,C2,-0.9869754619655055,0.9995619666247938,FROZEN_DIRECTION_ASSOCIATION,False
3.016666666666661,M5_UNEQUAL_WIDTH,O34,10,C3,MERGE_EXISTING,C2,-0.9987845258642992,0.971223264974676,FROZEN_DIRECTION_ASSOCIATION,False
3.016666666666661,M5_UNEQUAL_WIDTH,O35,14,C3,MERGE_EXISTING,C1,-0.1665143847934966,0.9999272633896112,FROZEN_DIRECTION_ASSOCIATION,False
3.1166666666666605,M5_UNEQUAL_WIDTH,O36,1,C3,MERGE_EXISTING,C0,0.03766224264877745,0.9839038314233951,FROZEN_DIRECTION_ASSOCIATION,False
3.1166666666666605,M5_UNEQUAL_WIDTH,O37,2,C3,MERGE_EXISTING,C0,-0.04483682042323549,0.9952855448063426,FROZEN_DIRECTION_ASSOCIATION,False
3.1166666666666605,M5_UNEQUAL_WIDTH,O38,3,C3,MERGE_EXISTING,C0,-0.13898349192910206,0.9999967289526963,FROZEN_DIRECTION_ASSOCIATION,False
3.1166666666666605,M5_UNEQUAL_WIDTH,O39,6,C3,KNOWN_PARENT_PATH,KNOWN_PARENT_PATH,0.9857221366317557,0.45575129344400844,DIRECTED_LOCAL_HISTORY_PARENT_MATCH,True
3.1166666666666605,M5_UNEQUAL_WIDTH,O40,16,C3,MERGE_EXISTING,C2,-0.9820847041381627,0.9999987893404186,FROZEN_DIRECTION_ASSOCIATION,False
3.1166666666666605,M5_UNEQUAL_WIDTH,O41,20,C3,MERGE_EXISTING,C2,-0.9999763675102782,0.9804610763284193,FROZEN_DIRECTION_ASSOCIATION,False
3.1166666666666605,M5_UNEQUAL_WIDTH,O42,23,C3,MERGE_EXISTING,C2,-0.9999926673126117,0.9825105808619694,FROZEN_DIRECTION_ASSOCIATION,False
3.1166666666666605,M5_UNEQUAL_WIDTH,O43,27,C3,MERGE_EXISTING,C1,-0.16287968425389862,0.9999652780662528,FROZEN_DIRECTION_ASSOCIATION,False
3.21666666666666,M5_UNEQUAL_WIDTH,O44,1,C3,MERGE_EXISTING,C0,0.03923930793605545,0.9836200939060435,FROZEN_DIRECTION_ASSOCIATION,False
3.21666666666666,M5_UNEQUAL_WIDTH,O45,2,C3,MERGE_EXISTING,C0,-0.045671999091425,0.9953660241804124,FROZEN_DIRECTION_ASSOCIATION,False
3.21666666666666,M5_UNEQUAL_WIDTH,O46,3,C3,MERGE_EXISTING,C0,-0.1457813253629727,0.9999907232493519,FROZEN_DIRECTION_ASSOCIATION,False
3.21666666666666,M5_UNEQUAL_WIDTH,O47,6,C3,KNOWN_PARENT_PATH,KNOWN_PARENT_PATH,0.9844929822494017,0.4584452014376319,DIRECTED_LOCAL_HISTORY_PARENT_MATCH,False
3.21666666666666,M5_UNEQUAL_WIDTH,O48,16,C3,MERGE_EXISTING,C2,-0.9808799102048044,0.9999888055268116,FROZEN_DIRECTION_ASSOCIATION,False
3.21666666666666,M5_UNEQUAL_WIDTH,O49,20,C3,MERGE_EXISTING,C2,-0.999998187998601,0.9814263590613818,FROZEN_DIRECTION_ASSOCIATION,False
3.21666666666666,M5_UNEQUAL_WIDTH,O50,23,C3,MERGE_EXISTING,C2,-0.9999882205670084,0.9827002830363677,FROZEN_DIRECTION_ASSOCIATION,False
3.21666666666666,M5_UNEQUAL_WIDTH,O51,27,C3,MERGE_EXISTING,C1,-0.17165616161232464,0.9998514305284831,FROZEN_DIRECTION_ASSOCIATION,False
3.3166666666666598,M5_UNEQUAL_WIDTH,O52,1,C3,MERGE_EXISTING,C0,0.04035848214434788,0.9834170673507164,FROZEN_DIRECTION_ASSOCIATION,False
3.3166666666666598,M5_UNEQUAL_WIDTH,O53,2,C3,MERGE_EXISTING,C0,-0.14633029941149867,0.9999881927909215,FROZEN_DIRECTION_ASSOCIATION,False
3.3166666666666598,M5_UNEQUAL_WIDTH,O54,5,C3,KNOWN_PARENT_PATH,KNOWN_PARENT_PATH,0.9854449128558532,0.45880842005085776,DIRECTED_LOCAL_HISTORY_PARENT_MATCH,False
3.3166666666666598,M5_UNEQUAL_WIDTH,O55,13,C3,MERGE_EXISTING,C2,-0.9884822880108669,0.9992312014407412,FROZEN_DIRECTION_ASSOCIATION,False
3.3166666666666598,M5_UNEQUAL_WIDTH,O56,16,C3,MERGE_EXISTING,C2,-0.998088092225173,0.9681703838508762,FROZEN_DIRECTION_ASSOCIATION,False
3.3166666666666598,M5_UNEQUAL_WIDTH,O57,20,C3,MERGE_EXISTING,C1,-0.16620281849004223,0.9999314633470091,FROZEN_DIRECTION_ASSOCIATION,False
3.4166666666666594,M5_UNEQUAL_WIDTH,O58,0,C3,MERGE_EXISTING,C0,0.03977196571994247,0.9835431660369,FROZEN_DIRECTION_ASSOCIATION,False
3.4166666666666594,M5_UNEQUAL_WIDTH,O59,1,C3,MERGE_EXISTING,C0,-0.05065888584112511,0.9958434390277614,FROZEN_DIRECTION_ASSOCIATION,False
3.4166666666666594,M5_UNEQUAL_WIDTH,O60,2,C3,MERGE_EXISTING,C0,-0.14680599808857403,0.9999851488264319,FROZEN_DIRECTION_ASSOCIATION,False
3.4166666666666594,M5_UNEQUAL_WIDTH,O61,5,C3,KNOWN_PARENT_PATH,KNOWN_PARENT_PATH,0.985011319567049,0.46015645345282385,DIRECTED_LOCAL_HISTORY_PARENT_MATCH,False
3.4166666666666594,M5_UNEQUAL_WIDTH,O62,9,C3,MERGE_EXISTING,C2,-0.9838440100038948,0.9999392013968211,FROZEN_DIRECTION_ASSOCIATION,False
3.4166666666666594,M5_UNEQUAL_WIDTH,O63,13,C3,MERGE_EXISTING,C2,-0.9998335009008701,0.9781820221685278,FROZEN_DIRECTION_ASSOCIATION,False
3.4166666666666594,M5_UNEQUAL_WIDTH,O64,16,C3,MERGE_EXISTING,C2,-0.9997733226117057,0.9775450927405619,FROZEN_DIRECTION_ASSOCIATION,False
3.4166666666666594,M5_UNEQUAL_WIDTH,O65,20,C3,MERGE_EXISTING,C1,-0.16673323242436172,0.9999263573693367,FROZEN_DIRECTION_ASSOCIATION,False
3.516666666666659,M5_UNEQUAL_WIDTH,O66,1,C3,MERGE_EXISTING,C0,0.04023849236027184,0.9835031409388253,FROZEN_DIRECTION_ASSOCIATION,False
3.516666666666659,M5_UNEQUAL_WIDTH,O67,2,C3,MERGE_EXISTING,C0,-0.1455533083738746,0.9999901911039124,FROZEN_DIRECTION_ASSOCIATION,False
3.516666666666659,M5_UNEQUAL_WIDTH,O68,5,C3,KNOWN_PARENT_PATH,KNOWN_PARENT_PATH,0.9855553319852047,0.4579374210137064,DIRECTED_LOCAL_HISTORY_PARENT_MATCH,False
3.516666666666659,M5_UNEQUAL_WIDTH,O69,13,C3,MERGE_EXISTING,C2,-0.9831974092985902,0.9999740435528067,FROZEN_DIRECTION_ASSOCIATION,False
3.516666666666659,M5_UNEQUAL_WIDTH,O70,16,C3,MERGE_EXISTING,C2,-0.9998654658751662,0.9786141868732028,FROZEN_DIRECTION_ASSOCIATION,False
3.516666666666659,M5_UNEQUAL_WIDTH,O71,20,C3,MERGE_EXISTING,C1,-0.16862977757465705,0.9999045817063464,FROZEN_DIRECTION_ASSOCIATION,False
3.6166666666666587,M5_UNEQUAL_WIDTH,O72,0,C3,MERGE_EXISTING,C0,0.055021952437181665,0.9807710626714746,FROZEN_DIRECTION_ASSOCIATION,False
3.6166666666666587,M5_UNEQUAL_WIDTH,O73,1,C3,MERGE_EXISTING,C0,-0.04246236807138621,0.9951136255249176,FROZEN_DIRECTION_ASSOCIATION,False
3.6166666666666587,M5_UNEQUAL_WIDTH,O74,2,C3,MERGE_EXISTING,C0,-0.14545590254024587,0.9999894149224772,FROZEN_DIRECTION_ASSOCIATION,False
3.6166666666666587,M5_UNEQUAL_WIDTH,O75,5,C3,KNOWN_PARENT_PATH,KNOWN_PARENT_PATH,0.985106310756161,0.45685818774048437,DIRECTED_LOCAL_HISTORY_PARENT_MATCH,False
3.6166666666666587,M5_UNEQUAL_WIDTH,O76,9,C3,MERGE_EXISTING,C2,-0.9839024124533419,0.9999412714012884,FROZEN_DIRECTION_ASSOCIATION,False
3.6166666666666587,M5_UNEQUAL_WIDTH,O77,13,C3,MERGE_EXISTING,C2,-0.9998936575494839,0.979041970108778,FROZEN_DIRECTION_ASSOCIATION,False
3.6166666666666587,M5_UNEQUAL_WIDTH,O78,16,C3,MERGE_EXISTING,C2,-0.9999057682224644,0.9792158496374678,FROZEN_DIRECTION_ASSOCIATION,False
3.6166666666666587,M5_UNEQUAL_WIDTH,O79,20,C3,MERGE_EXISTING,C1,-0.17021184810600953,0.9998852502109519,FROZEN_DIRECTION_ASSOCIATION,False
3.7166666666666583,M5_UNEQUAL_WIDTH,O80,1,C3,MERGE_EXISTING,C0,0.049051954779273085,0.9819624655803645,FROZEN_DIRECTION_ASSOCIATION,False
3.7166666666666583,M5_UNEQUAL_WIDTH,O81,2,C3,MERGE_EXISTING,C0,-0.05243906181676892,0.9960699497344866,FROZEN_DIRECTION_ASSOCIATION,False
3.7166666666666583,M5_UNEQUAL_WIDTH,O82,3,C3,MERGE_EXISTING,C0,-0.14208765307585752,0.9999989907288683,FROZEN_DIRECTION_ASSOCIATION,False
3.7166666666666583,M5_UNEQUAL_WIDTH,O83,6,C3,KNOWN_PARENT_PATH,KNOWN_PARENT_PATH,0.9848520339960241,0.45942811832176655,DIRECTED_LOCAL_HISTORY_PARENT_MATCH,False
3.7166666666666583,M5_UNEQUAL_WIDTH,O84,16,C3,MERGE_EXISTING,C2,-0.9841634905282154,0.9999270205672031,FROZEN_DIRECTION_ASSOCIATION,False
3.7166666666666583,M5_UNEQUAL_WIDTH,O85,20,C3,MERGE_EXISTING,C2,-0.9998379287474441,0.9783858521203569,FROZEN_DIRECTION_ASSOCIATION,False
3.7166666666666583,M5_UNEQUAL_WIDTH,O86,23,C3,MERGE_EXISTING,C2,-0.9999461318757532,0.9799340604462284,FROZEN_DIRECTION_ASSOCIATION,False
3.7166666666666583,M5_UNEQUAL_WIDTH,O87,27,C3,MERGE_EXISTING,C1,-0.17081738321903545,0.9998792462961459,FROZEN_DIRECTION_ASSOCIATION,False
3.816666666666658,M5_UNEQUAL_WIDTH,O88,0,C3,MERGE_EXISTING,C0,0.05734050755960643,0.9803876218040597,FROZEN_DIRECTION_ASSOCIATION,False
3.816666666666658,M5_UNEQUAL_WIDTH,O89,1,C3,MERGE_EXISTING,C0,-0.049487827231769366,0.9958170223454854,FROZEN_DIRECTION_ASSOCIATION,False
3.816666666666658,M5_UNEQUAL_WIDTH,O90,2,C3,MERGE_EXISTING,C0,-0.14670225693583983,0.9999806056305276,FROZEN_DIRECTION_ASSOCIATION,False
3.816666666666658,M5_UNEQUAL_WIDTH,O91,5,C3,KNOWN_PARENT_PATH,KNOWN_PARENT_PATH,0.9842249278340219,0.4581977853010658,DIRECTED_LOCAL_HISTORY_PARENT_MATCH,False
3.816666666666658,M5_UNEQUAL_WIDTH,O92,9,C3,MERGE_EXISTING,C2,-0.982110008777264,0.9999997526657342,FROZEN_DIRECTION_ASSOCIATION,False
3.816666666666658,M5_UNEQUAL_WIDTH,O93,13,C3,MERGE_EXISTING,C2,-0.9999984735396114,0.9816455947748424,FROZEN_DIRECTION_ASSOCIATION,False
3.816666666666658,M5_UNEQUAL_WIDTH,O94,16,C3,MERGE_EXISTING,C2,-0.9999984718947471,0.9816454152850523,FROZEN_DIRECTION_ASSOCIATION,False
3.816666666666658,M5_UNEQUAL_WIDTH,O95,20,C3,MERGE_EXISTING,C1,-0.17357821926972952,0.999834393084548,FROZEN_DIRECTION_ASSOCIATION,False
3.9166666666666576,M5_UNEQUAL_WIDTH,O96,0,C3,MERGE_EXISTING,C0,0.06587355576133636,0.9786743049318868,FROZEN_DIRECTION_ASSOCIATION,False
3.9166666666666576,M5_UNEQUAL_WIDTH,O97,1,C3,MERGE_EXISTING,C0,-0.047508813805914804,0.995637385446648,FROZEN_DIRECTION_ASSOCIATION,False
3.9166666666666576,M5_UNEQUAL_WIDTH,O98,2,C3,MERGE_EXISTING,C0,-0.14383446593020338,0.9999943368467245,FROZEN_DIRECTION_ASSOCIATION,False
3.9166666666666576,M5_UNEQUAL_WIDTH,O99,5,C3,KNOWN_PARENT_PATH,KNOWN_PARENT_PATH,0.9849031951832691,0.4600559492426304,DIRECTED_LOCAL_HISTORY_PARENT_MATCH,False
3.9166666666666576,M5_UNEQUAL_WIDTH,O100,9,C3,MERGE_EXISTING,C2,-0.9840538125412467,0.9999363365361797,FROZEN_DIRECTION_ASSOCIATION,False
3.9166666666666576,M5_UNEQUAL_WIDTH,O101,13,C3,MERGE_EXISTING,C2,-0.99993635102692,0.9797896381882606,FROZEN_DIRECTION_ASSOCIATION,False
3.9166666666666576,M5_UNEQUAL_WIDTH,O102,16,C3,MERGE_EXISTING,C2,-0.9999979529204706,0.9815997541572696,FROZEN_DIRECTION_ASSOCIATION,False
3.9166666666666576,M5_UNEQUAL_WIDTH,O103,20,C3,MERGE_EXISTING,C1,-0.16925531599195773,0.9999051158411807,FROZEN_DIRECTION_ASSOCIATION,False
4.016666666666658,M5_UNEQUAL_WIDTH,O104,0,C3,MERGE_EXISTING,C0,0.07401476509422325,0.9769395490472998,FROZEN_DIRECTION_ASSOCIATION,False
4.016666666666658,M5_UNEQUAL_WIDTH,O105,1,C3,MERGE_EXISTING,C0,-0.045721942556400795,0.9954574190600268,FROZEN_DIRECTION_ASSOCIATION,False
4.016666666666658,M5_UNEQUAL_WIDTH,O106,2,C3,MERGE_EXISTING,C0,-0.14082580247131926,0.9999999789140002,FROZEN_DIRECTION_ASSOCIATION,False
4.016666666666658,M5_UNEQUAL_WIDTH,O107,6,C3,KNOWN_PARENT_PATH,KNOWN_PARENT_PATH,0.985084976650239,0.4568855263365055,DIRECTED_LOCAL_HISTORY_PARENT_MATCH,False
4.016666666666658,M5_UNEQUAL_WIDTH,O108,10,C3,MERGE_EXISTING,C2,-0.9831246831157252,0.9999804424822938,FROZEN_DIRECTION_ASSOCIATION,False
4.016666666666658,M5_UNEQUAL_WIDTH,O109,15,C3,MERGE_EXISTING,C2,-0.9999927409062439,0.9812337575637561,FROZEN_DIRECTION_ASSOCIATION,False
4.016666666666658,M5_UNEQUAL_WIDTH,O110,19,C3,MERGE_EXISTING,C2,-0.9999990531644002,0.9822206049337158,FROZEN_DIRECTION_ASSOCIATION,False
4.016666666666658,M5_UNEQUAL_WIDTH,O111,26,C3,MERGE_EXISTING,C1,-0.1781295428351125,0.9997376353150416,FROZEN_DIRECTION_ASSOCIATION,False
4.116666666666657,M5_UNEQUAL_WIDTH,O112,0,C3,MERGE_EXISTING,C0,0.07837553150904492,0.9759382036154511,FROZEN_DIRECTION_ASSOCIATION,False
4.116666666666657,M5_UNEQUAL_WIDTH,O113,1,C3,MERGE_EXISTING,C0,-0.04912636545627732,0.9957515744624716,FROZEN_DIRECTION_ASSOCIATION,False
4.116666666666657,M5_UNEQUAL_WIDTH,O114,2,C3,MERGE_EXISTING,C0,-0.14644004584759415,0.999984256264428,FROZEN_DIRECTION_ASSOCIATION,False
4.116666666666657,M5_UNEQUAL_WIDTH,O115,5,C3,KNOWN_PARENT_PATH,KNOWN_PARENT_PATH,0.9850888596602685,0.45966881833836437,DIRECTED_LOCAL_HISTORY_PARENT_MATCH,False
4.116666666666657,M5_UNEQUAL_WIDTH,O116,9,C3,MERGE_EXISTING,C2,-0.9830454453993719,0.9999814643603235,FROZEN_DIRECTION_ASSOCIATION,False
4.116666666666657,M5_UNEQUAL_WIDTH,O117,13,C3,MERGE_EXISTING,C2,-0.999997271497029,0.981465816400645,FROZEN_DIRECTION_ASSOCIATION,False
4.116666666666657,M5_UNEQUAL_WIDTH,O118,16,C3,MERGE_EXISTING,C2,-0.9999934640172338,0.9825889651785131,FROZEN_DIRECTION_ASSOCIATION,False
4.116666666666657,M5_UNEQUAL_WIDTH,O119,20,C3,MERGE_EXISTING,C1,-0.17282528822245125,0.9998418214148657,FROZEN_DIRECTION_ASSOCIATION,False
4.216666666666657,M5_UNEQUAL_WIDTH,O120,0,C3,MERGE_EXISTING,C0,0.08214422937861336,0.9750301893626862,FROZEN_DIRECTION_ASSOCIATION,False
4.216666666666657,M5_UNEQUAL_WIDTH,O121,1,C3,MERGE_EXISTING,C0,-0.05346965830858516,0.9961122559575707,FROZEN_DIRECTION_ASSOCIATION,False
4.216666666666657,M5_UNEQUAL_WIDTH,O122,2,C3,MERGE_EXISTING,C0,-0.1430852113411864,0.999998241223954,FROZEN_DIRECTION_ASSOCIATION,False
4.216666666666657,M5_UNEQUAL_WIDTH,O123,5,C3,KNOWN_PARENT_PATH,KNOWN_PARENT_PATH,0.9855383217834104,0.45792174680595543,DIRECTED_LOCAL_HISTORY_PARENT_MATCH,False
4.216666666666657,M5_UNEQUAL_WIDTH,O124,9,C3,MERGE_EXISTING,C2,-0.9831933424160074,0.9999737748295512,FROZEN_DIRECTION_ASSOCIATION,False
4.216666666666657,M5_UNEQUAL_WIDTH,O125,13,C3,MERGE_EXISTING,C2,-0.9999994486434625,0.9816456382203961,FROZEN_DIRECTION_ASSOCIATION,False
4.216666666666657,M5_UNEQUAL_WIDTH,O126,16,C3,MERGE_EXISTING,C2,-0.9999931786285952,0.9825392823841183,FROZEN_DIRECTION_ASSOCIATION,False
4.216666666666657,M5_UNEQUAL_WIDTH,O127,20,C3,MERGE_EXISTING,C1,-0.1771408615738762,0.999746543985888,FROZEN_DIRECTION_ASSOCIATION,False
4.316666666666657,M5_UNEQUAL_WIDTH,O128,0,C3,MERGE_EXISTING,C0,0.10163792391904879,0.9704183462695324,FROZEN_DIRECTION_ASSOCIATION,False
4.316666666666657,M5_UNEQUAL_WIDTH,O129,1,C3,MERGE_EXISTING,C0,-0.14387195956725365,0.9999972434714836,FROZEN_DIRECTION_ASSOCIATION,False
4.316666666666657,M5_UNEQUAL_WIDTH,O130,4,C3,KNOWN_PARENT_PATH,KNOWN_PARENT_PATH,0.9848236615117133,0.45930306506532137,DIRECTED_LOCAL_HISTORY_PARENT_MATCH,False
4.316666666666657,M5_UNEQUAL_WIDTH,O131,7,C3,MERGE_EXISTING,C2,-0.9840988105780032,0.9999207155388481,FROZEN_DIRECTION_ASSOCIATION,False
4.316666666666657,M5_UNEQUAL_WIDTH,O132,10,C3,MERGE_EXISTING,C2,-0.9999747645664279,0.983109170723347,FROZEN_DIRECTION_ASSOCIATION,False
4.316666666666657,M5_UNEQUAL_WIDTH,O133,14,C3,MERGE_EXISTING,C1,-0.17463518658003865,0.9997941178955795,FROZEN_DIRECTION_ASSOCIATION,False
4.416666666666656,M5_UNEQUAL_WIDTH,O134,0,C3,MERGE_EXISTING,C0,0.1134965171835077,0.9674065323950644,FROZEN_DIRECTION_ASSOCIATION,False
4.416666666666656,M5_UNEQUAL_WIDTH,O135,1,C3,MERGE_EXISTING,C0,-0.04785224208691509,0.9955472696180827,FROZEN_DIRECTION_ASSOCIATION,False
4.416666666666656,M5_UNEQUAL_WIDTH,O136,2,C3,MERGE_EXISTING,C0,-0.15105045907103587,0.9999562281346448,FROZEN_DIRECTION_ASSOCIATION,False
4.416666666666656,M5_UNEQUAL_WIDTH,O137,5,C3,KNOWN_PARENT_PATH,KNOWN_PARENT_PATH,0.9852197399417543,0.45735547583682146,DIRECTED_LOCAL_HISTORY_PARENT_MATCH,False
4.416666666666656,M5_UNEQUAL_WIDTH,O138,9,C3,MERGE_EXISTING,C2,-0.9847521512218619,0.9998629132606174,FROZEN_DIRECTION_ASSOCIATION,False
4.416666666666656,M5_UNEQUAL_WIDTH,O139,13,C3,MERGE_EXISTING,C2,-0.9999991544088552,0.9814885039607927,FROZEN_DIRECTION_ASSOCIATION,False
4.416666666666656,M5_UNEQUAL_WIDTH,O140,16,C3,MERGE_EXISTING,C2,-0.9999912541494362,0.9825238117490813,FROZEN_DIRECTION_ASSOCIATION,False
4.416666666666656,M5_UNEQUAL_WIDTH,O141,20,C3,MERGE_EXISTING,C1,-0.17415800678038038,0.9997988640727141,FROZEN_DIRECTION_ASSOCIATION,False
4.516666666666656,M5_UNEQUAL_WIDTH,O142,0,C3,MERGE_EXISTING,C0,0.13067499137671224,0.9628288406214542,FROZEN_DIRECTION_ASSOCIATION,False
4.516666666666656,M5_UNEQUAL_WIDTH,O143,1,C3,MERGE_EXISTING,C0,-0.04698037603217364,0.9954469480504575,FROZEN_DIRECTION_ASSOCIATION,False
4.516666666666656,M5_UNEQUAL_WIDTH,O144,2,C3,MERGE_EXISTING,C0,-0.14902608409560242,0.9999746282781871,FROZEN_DIRECTION_ASSOCIATION,False
4.516666666666656,M5_UNEQUAL_WIDTH,O145,5,C3,KNOWN_PARENT_PATH,KNOWN_PARENT_PATH,0.985715996086056,0.4579561174092853,DIRECTED_LOCAL_HISTORY_PARENT_MATCH,False
4.516666666666656,M5_UNEQUAL_WIDTH,O146,9,C3,MERGE_EXISTING,C2,-0.9853086171194928,0.9998005635292624,FROZEN_DIRECTION_ASSOCIATION,False
4.516666666666656,M5_UNEQUAL_WIDTH,O147,13,C3,MERGE_EXISTING,C2,-0.9999992601994564,0.9814690715672463,FROZEN_DIRECTION_ASSOCIATION,False
4.516666666666656,M5_UNEQUAL_WIDTH,O148,16,C3,MERGE_EXISTING,C2,-0.9999875229453626,0.9826404377131803,FROZEN_DIRECTION_ASSOCIATION,False
4.516666666666656,M5_UNEQUAL_WIDTH,O149,20,C3,MERGE_EXISTING,C1,-0.17598331431962938,0.9997558823718897,FROZEN_DIRECTION_ASSOCIATION,False
4.616666666666656,M5_UNEQUAL_WIDTH,O150,0,C3,MERGE_EXISTING,C0,0.13844680227097975,0.9606395737566904,FROZEN_DIRECTION_ASSOCIATION,False
4.616666666666656,M5_UNEQUAL_WIDTH,O151,2,C3,MERGE_EXISTING,C0,-0.05826034879786647,0.9964476292565922,FROZEN_DIRECTION_ASSOCIATION,False
4.616666666666656,M5_UNEQUAL_WIDTH,O152,3,C3,MERGE_EXISTING,C0,-0.15300304223484198,0.999939517917637,FROZEN_DIRECTION_ASSOCIATION,False
4.616666666666656,M5_UNEQUAL_WIDTH,O153,6,C3,KNOWN_PARENT_PATH,KNOWN_PARENT_PATH,0.9852559050541057,0.4579468612655302,DIRECTED_LOCAL_HISTORY_PARENT_MATCH,False
4.616666666666656,M5_UNEQUAL_WIDTH,O154,11,C3,MERGE_EXISTING,C2,-0.9858014530746183,0.9997348111186897,FROZEN_DIRECTION_ASSOCIATION,False
4.616666666666656,M5_UNEQUAL_WIDTH,O155,13,C3,MERGE_EXISTING,C2,-0.9885710825210723,0.9991835301316616,FROZEN_DIRECTION_ASSOCIATION,False
4.616666666666656,M5_UNEQUAL_WIDTH,O156,14,C3,MERGE_EXISTING,C2,-0.9905143810291884,0.9985477673556621,FROZEN_DIRECTION_ASSOCIATION,False
4.616666666666656,M5_UNEQUAL_WIDTH,O157,20,C3,MERGE_EXISTING,C2,-0.9999993100125719,0.9814486648469685,FROZEN_DIRECTION_ASSOCIATION,False
4.616666666666656,M5_UNEQUAL_WIDTH,O158,23,C3,MERGE_EXISTING,C2,-0.9999990822096451,0.9814141167867143,FROZEN_DIRECTION_ASSOCIATION,False
4.616666666666656,M5_UNEQUAL_WIDTH,O159,27,C3,MERGE_EXISTING,C1,-0.17850999304200546,0.9996921991931568,FROZEN_DIRECTION_ASSOCIATION,False
4.716666666666655,M5_UNEQUAL_WIDTH,O160,0,C3,MERGE_EXISTING,C0,0.17269144617569568,0.9503944783238177,FROZEN_DIRECTION_ASSOCIATION,False
4.716666666666655,M5_UNEQUAL_WIDTH,O161,1,C3,MERGE_EXISTING,C0,-0.05230759151136652,0.9959165522002614,FROZEN_DIRECTION_ASSOCIATION,False
4.716666666666655,M5_UNEQUAL_WIDTH,O162,2,C3,MERGE_EXISTING,C0,-0.14899407474895332,0.9999767590125567,FROZEN_DIRECTION_ASSOCIATION,False
4.716666666666655,M5_UNEQUAL_WIDTH,O163,5,C3,KNOWN_PARENT_PATH,KNOWN_PARENT_PATH,0.986010407035503,0.4572551660814391,DIRECTED_LOCAL_HISTORY_PARENT_MATCH,False
4.716666666666655,M5_UNEQUAL_WIDTH,O164,9,C3,MERGE_EXISTING,C2,-0.9869610278528496,0.9995437923603964,FROZEN_DIRECTION_ASSOCIATION,False
4.716666666666655,M5_UNEQUAL_WIDTH,O165,13,C3,MERGE_EXISTING,C2,-0.9999976080558175,0.9812299116015708,FROZEN_DIRECTION_ASSOCIATION,False
4.716666666666655,M5_UNEQUAL_WIDTH,O166,16,C3,MERGE_EXISTING,C2,-0.9999994178725888,0.9814430168248329,FROZEN_DIRECTION_ASSOCIATION,False
4.716666666666655,M5_UNEQUAL_WIDTH,O167,20,C3,MERGE_EXISTING,C1,-0.17697186431052903,0.9997268378329349,FROZEN_DIRECTION_ASSOCIATION,False
4.816666666666655,M5_UNEQUAL_WIDTH,O168,0,C3,MERGE_EXISTING,C0,0.20151124877711646,0.9408206334280091,FROZEN_DIRECTION_ASSOCIATION,False
4.816666666666655,M5_UNEQUAL_WIDTH,O169,1,C3,MERGE_EXISTING,C0,-0.14865552843919566,0.9999797978053637,FROZEN_DIRECTION_ASSOCIATION,False
4.816666666666655,M5_UNEQUAL_WIDTH,O170,4,C3,KNOWN_PARENT_PATH,KNOWN_PARENT_PATH,0.9851836760681278,0.45392678773217,DIRECTED_LOCAL_HISTORY_PARENT_MATCH,False
4.816666666666655,M5_UNEQUAL_WIDTH,O171,10,C3,MERGE_EXISTING,C2,-0.9999852444333979,0.9826487358902066,FROZEN_DIRECTION_ASSOCIATION,False
4.816666666666655,M5_UNEQUAL_WIDTH,O172,14,C3,MERGE_EXISTING,C1,-0.17364453984103706,0.9997977320490135,FROZEN_DIRECTION_ASSOCIATION,False
4.9166666666666545,M5_UNEQUAL_WIDTH,O173,0,C3,MERGE_EXISTING,C0,0.26631410077924383,0.9160998815071832,FROZEN_DIRECTION_ASSOCIATION,False
4.9166666666666545,M5_UNEQUAL_WIDTH,O174,1,C3,MERGE_EXISTING,C0,-0.0507126424843772,0.9957477688068651,FROZEN_DIRECTION_ASSOCIATION,False
4.9166666666666545,M5_UNEQUAL_WIDTH,O175,2,C3,MERGE_EXISTING,C0,-0.15196953640208155,0.9999541706294842,FROZEN_DIRECTION_ASSOCIATION,False
4.9166666666666545,M5_UNEQUAL_WIDTH,O176,5,C3,KNOWN_PARENT_PATH,KNOWN_PARENT_PATH,0.9844243696021515,0.45856157721132973,DIRECTED_LOCAL_HISTORY_PARENT_MATCH,False
4.9166666666666545,M5_UNEQUAL_WIDTH,O177,13,C3,MERGE_EXISTING,C2,-0.9999975446898212,0.9811754129227804,FROZEN_DIRECTION_ASSOCIATION,False
4.9166666666666545,M5_UNEQUAL_WIDTH,O178,16,C3,MERGE_EXISTING,C2,-0.9999964228902501,0.9810867173444535,FROZEN_DIRECTION_ASSOCIATION,False
4.9166666666666545,M5_UNEQUAL_WIDTH,O179,20,C3,MERGE_EXISTING,C1,-0.1714154303740576,0.9998382737628745,FROZEN_DIRECTION_ASSOCIATION,False
5.016666666666654,M5_UNEQUAL_WIDTH,O180,0,C3,MERGE_EXISTING,C0,0.31942231964362566,0.8923583883832505,FROZEN_DIRECTION_ASSOCIATION,False
5.016666666666654,M5_UNEQUAL_WIDTH,O181,1,C3,MERGE_EXISTING,C0,-0.06466982508349312,0.9969269145261168,FROZEN_DIRECTION_ASSOCIATION,False
5.016666666666654,M5_UNEQUAL_WIDTH,O182,2,C3,MERGE_EXISTING,C0,-0.15273123870927224,0.9999479931745824,FROZEN_DIRECTION_ASSOCIATION,False
5.016666666666654,M5_UNEQUAL_WIDTH,O183,5,C3,KNOWN_PARENT_PATH,KNOWN_PARENT_PATH,0.984210364477564,0.45928175935293936,DIRECTED_LOCAL_HISTORY_PARENT_MATCH,False
5.016666666666654,M5_UNEQUAL_WIDTH,O184,6,C3,MERGE_EXISTING,C2,-0.9498378264413915,0.9920963663610235,FROZEN_DIRECTION_ASSOCIATION,False
5.016666666666654,M5_UNEQUAL_WIDTH,O185,13,C3,MERGE_EXISTING,C2,-0.9999963885316322,0.981055994310916,FROZEN_DIRECTION_ASSOCIATION,False
5.016666666666654,M5_UNEQUAL_WIDTH,O186,16,C3,MERGE_EXISTING,C2,-0.9999976722123206,0.9819831143971481,FROZEN_DIRECTION_ASSOCIATION,False
5.016666666666654,M5_UNEQUAL_WIDTH,O187,20,C3,MERGE_EXISTING,C1,-0.1739114783479288,0.9997864869820906,FROZEN_DIRECTION_ASSOCIATION,False
5.116666666666654,M5_UNEQUAL_WIDTH,O188,1,C3,MERGE_EXISTING,C0,-0.06206312094876532,0.9967096981213635,FROZEN_DIRECTION_ASSOCIATION,False
5.116666666666654,M5_UNEQUAL_WIDTH,O189,2,C3,MERGE_EXISTING,C0,-0.15242154040802838,0.9999522566452759,FROZEN_DIRECTION_ASSOCIATION,False
5.116666666666654,M5_UNEQUAL_WIDTH,O190,5,C3,KNOWN_PARENT_PATH,KNOWN_PARENT_PATH,0.9858255419647494,0.4548128492790062,DIRECTED_LOCAL_HISTORY_PARENT_MATCH,False
5.116666666666654,M5_UNEQUAL_WIDTH,O191,6,C3,MERGE_EXISTING,C2,-0.9725717821086537,0.9991025222710872,FROZEN_DIRECTION_ASSOCIATION,False
5.116666666666654,M5_UNEQUAL_WIDTH,O192,13,C3,MERGE_EXISTING,C2,-0.9999998429014935,0.9814440509922272,FROZEN_DIRECTION_ASSOCIATION,False
5.116666666666654,M5_UNEQUAL_WIDTH,O193,16,C3,MERGE_EXISTING,C2,-0.9999896286875682,0.9824119921475511,FROZEN_DIRECTION_ASSOCIATION,False
5.116666666666654,M5_UNEQUAL_WIDTH,O194,20,C3,MERGE_EXISTING,C1,-0.17400427537879853,0.9997821704764235,FROZEN_DIRECTION_ASSOCIATION,False
5.2166666666666535,M5_UNEQUAL_WIDTH,O195,0,C3,MERGE_EXISTING,C0,-0.06438265758176737,0.9968920146433223,FROZEN_DIRECTION_ASSOCIATION,False
5.2166666666666535,M5_UNEQUAL_WIDTH,O196,1,C3,MERGE_EXISTING,C0,-0.1514550553129506,0.9999617096988622,FROZEN_DIRECTION_ASSOCIATION,False
5.2166666666666535,M5_UNEQUAL_WIDTH,O197,4,C3,KNOWN_PARENT_PATH,KNOWN_PARENT_PATH,0.9850305791577194,0.45361694309271094,DIRECTED_LOCAL_HISTORY_PARENT_MATCH,False
5.2166666666666535,M5_UNEQUAL_WIDTH,O198,7,C3,MERGE_EXISTING,C2,-0.9999996925515142,0.9813929170732276,FROZEN_DIRECTION_ASSOCIATION,False
5.2166666666666535,M5_UNEQUAL_WIDTH,O199,10,C3,MERGE_EXISTING,C2,-0.999999892702027,0.9814544842972002,FROZEN_DIRECTION_ASSOCIATION,False
5.2166666666666535,M5_UNEQUAL_WIDTH,O200,14,C3,MERGE_EXISTING,C1,-0.17541238640943005,0.9997503429841423,FROZEN_DIRECTION_ASSOCIATION,False
5.316666666666653,M5_UNEQUAL_WIDTH,O201,2,C3,MERGE_EXISTING,C1,-0.17630802891663264,0.9997301392974904,FROZEN_DIRECTION_ASSOCIATION,False
5.416666666666653,M5_UNEQUAL_WIDTH,O202,0,C3,MERGE_EXISTING,C0,-0.15017177776467155,0.9999716395968377,FROZEN_DIRECTION_ASSOCIATION,False
5.416666666666653,M5_UNEQUAL_WIDTH,O203,3,C3,KNOWN_PARENT_PATH,KNOWN_PARENT_PATH,0.986878314067042,0.4561205893152599,DIRECTED_LOCAL_HISTORY_PARENT_MATCH,False
5.416666666666653,M5_UNEQUAL_WIDTH,O204,9,C3,MERGE_EXISTING,C1,-0.17617405679515696,0.9997345651916835,FROZEN_DIRECTION_ASSOCIATION,False
5.516666666666652,M5_UNEQUAL_WIDTH,O205,0,C3,MERGE_EXISTING,C0,-0.1471830205687957,0.9999895006478238,FROZEN_DIRECTION_ASSOCIATION,False
5.516666666666652,M5_UNEQUAL_WIDTH,O206,1,C3,KNOWN_PARENT_PATH,KNOWN_PARENT_PATH,0.9868612804570454,0.4541836772518746,DIRECTED_LOCAL_HISTORY_PARENT_MATCH,False
5.616666666666652,M5_UNEQUAL_WIDTH,O207,0,C3,MERGE_EXISTING,C0,-0.1532188660115971,0.9999419479467844,FROZEN_DIRECTION_ASSOCIATION,False
5.616666666666652,M5_UNEQUAL_WIDTH,O208,1,C3,KNOWN_PARENT_PATH,KNOWN_PARENT_PATH,0.9839118268294451,0.456506698982303,DIRECTED_LOCAL_HISTORY_PARENT_MATCH,False
5.616666666666652,M5_UNEQUAL_WIDTH,O209,2,C3,KNOWN_PARENT_PATH,KNOWN_PARENT_PATH,0.9885607367564814,0.44898002825872263,DIRECTED_LOCAL_HISTORY_PARENT_MATCH,False
5.816666666666651,M5_UNEQUAL_WIDTH,O210,0,C3,MERGE_EXISTING,C0,-0.14664453468710423,0.9999910068654139,FROZEN_DIRECTION_ASSOCIATION,False
5.816666666666651,M5_UNEQUAL_WIDTH,O211,2,C3,KNOWN_PARENT_PATH,KNOWN_PARENT_PATH,0.9850379759421475,0.4597885057104977,DIRECTED_LOCAL_HISTORY_PARENT_MATCH,False
6.016666666666651,M5_UNEQUAL_WIDTH,O212,0,C3,MERGE_EXISTING,C0,-0.148799975336968,0.9999789045235774,FROZEN_DIRECTION_ASSOCIATION,False
6.016666666666651,M5_UNEQUAL_WIDTH,O213,3,C3,KNOWN_PARENT_PATH,KNOWN_PARENT_PATH,0.9853488265471035,0.45884095830331806,DIRECTED_LOCAL_HISTORY_PARENT_MATCH,False
6.016666666666651,M5_UNEQUAL_WIDTH,O214,4,C3,KNOWN_PARENT_PATH,KNOWN_PARENT_PATH,0.9920267873735427,0.44558127042522877,DIRECTED_LOCAL_HISTORY_PARENT_MATCH,False
6.21666666666665,M5_UNEQUAL_WIDTH,O215,0,C3,MERGE_EXISTING,C0,-0.14943180161715003,0.9999737118543096,FROZEN_DIRECTION_ASSOCIATION,False
6.21666666666665,M5_UNEQUAL_WIDTH,O216,2,C3,KNOWN_PARENT_PATH,KNOWN_PARENT_PATH,0.9854953748384754,0.45748777443873345,DIRECTED_LOCAL_HISTORY_PARENT_MATCH,False
6.21666666666665,M5_UNEQUAL_WIDTH,O217,3,C3,KNOWN_PARENT_PATH,KNOWN_PARENT_PATH,0.9909084613215252,0.4484931150746019,DIRECTED_LOCAL_HISTORY_PARENT_MATCH,False
6.3166666666666496,M5_UNEQUAL_WIDTH,O218,0,C3,MERGE_EXISTING,C0,-0.16113489430479544,0.9998165758016228,FROZEN_DIRECTION_ASSOCIATION,False
6.3166666666666496,M5_UNEQUAL_WIDTH,O219,3,C3,KNOWN_PARENT_PATH,KNOWN_PARENT_PATH,0.985571561305979,0.46468287789570517,DIRECTED_LOCAL_HISTORY_PARENT_MATCH,False
