map_case,candidate_id,observation_id,creation_time,frame,source_gap_id,opening_axis_x,opening_axis_y,opening_normal_odom_x,opening_normal_odom_y,gap_tangent_x,gap_tangent_y,center_x,center_y,center_odom_x,center_odom_y,termination_1_x,termination_1_y,termination_2_x,termination_2_y,gap_width,gap_width_over_W,free_continuation,incident_wall_alignment_deg,incoming_axis_dot,parent_direction_dot,parent_tangent_abs_dot,traversed_path_distance_over_W,motion_history_axis_x,motion_history_axis_y,parent_direction_axis_x,parent_direction_axis_y,motion_history_reliability,nearest_existing_candidate,existing_axis_dot,center_distance_over_W,termination_distance_over_W,identity_decision,posthoc_branch_label,posthoc_true_false
M1_CROSS_BASELINE,C0,O0,2.2166666666666637,132,0,-0.004627157304503253,-0.9999892946503375,-0.004627157304503253,-0.9999892946503375,0.9999892946503375,-0.004627157304503253,86.05533736120611,-43.95287493309105,214.9954707827433,-43.5958688801828,43.757152482685854,-43.75715248268591,128.35352223972637,-44.148597383496195,84.59727540045418,1.0071104214339783,47.42592435833069,0.26511753075045874,0.005306057733430624,-0.8902554916254396,0.9999859227765807,1.150358338090363,0.9999997695414191,0.0006789087632511763,-0.9999997695414191,-0.0006789087632511763,0.9999999090927827,NONE,NaN,NaN,NaN,MERGE_EXISTING,LEFT,True
M1_CROSS_BASELINE,C2,O1,2.2166666666666637,132,3,0.9999999998789821,-1.555750637621974e-05,0.9999999998789821,-1.555750637621974e-05,1.555750637621974e-05,0.9999999998789821,128.3541900738376,-1.2217879710138035,257.2943234953748,-0.864781918105547,128.35352223972637,-44.148597383496195,128.35485790794883,41.70502144146859,85.85361883535461,1.0220668908970787,21.639995032109226,0.0008913794551403953,-0.9999997588582739,-0.9999480059467145,0.0006944662659598751,1.528095297236795,0.9999997695414191,0.0006789087632511763,-0.9999997695414191,-0.0006789087632511763,0.9999999090927827,C0,-0.00461159996411561,0.7157859972000205,0.7157859972000205,NEW_OUTGOING,FORWARD,True
M1_CROSS_BASELINE,C1,O2,2.2166666666666637,132,5,-0.017159202017045346,0.9998527700547407,-0.017159202017045346,0.9998527700547407,-0.9998527700547407,-0.017159202017045346,85.75501419390551,40.97393447939135,214.6951476154427,41.33094053229961,128.35485790794883,41.70502144146859,43.15517047986218,40.24284751731412,85.21223322051912,1.014431347863323,47.7668950953323,0.9831981079305478,0.016480389255008873,-0.9025877261435733,0.99986418916271,1.1314401057436756,0.9999997695414191,0.0006789087632511763,-0.9999997695414191,-0.0006789087632511763,0.9999999090927827,C2,-0.017174757230814183,0.7138062655546262,0.7138062655546262,MERGE_EXISTING,RIGHT,True
M1_CROSS_BASELINE,C1,O3,2.3166666666666633,138,2,4.718558140773122e-06,0.9999999999888676,4.718558140773123e-06,0.9999999999888677,-0.9999999999888676,4.718558140773122e-06,81.28088863440088,40.2417424494391,215.15915909210298,40.59964431330421,123.7005850146256,40.24154228963541,38.86119225417616,40.241942609242784,84.83939276139391,1.009992770968975,46.67863196081039,0.00027035346684556316,-0.0006348765852181909,-0.8964580830354562,0.9999997984658404,1.079728479857834,0.9999998014504101,0.0006301580280213008,-0.9999998014504101,-0.0006301580280213008,0.9999998958031664,C1,0.9998526890769177,0.010310519103978838,0.012702584932302934,MERGE_EXISTING,RIGHT,True
M1_CROSS_BASELINE,C0,O4,2.416666666666663,144,0,-0.011100140915159809,-0.9999383915380304,-0.01110014091515981,-0.9999383915380305,0.9999383915380304,-0.011100140915159809,76.88509024415721,-44.23324788041984,215.35432304901457,-43.87423948152338,34.188496862868305,-43.7592804768875,119.58168362544612,-44.70721528395218,85.39844802961551,1.0166481908287561,48.63398541036955,0.6360042875747212,0.011604856621495612,-0.8665359765469528,0.9999326613841526,1.0559662934542011,0.9999998726146105,0.0005047482170929136,-0.9999998726146105,-0.0005047482170929136,0.9999999186773292,C0,0.9999790489460247,0.00540671693058821,0.005829631508923114,MERGE_EXISTING,LEFT,True
M1_CROSS_BASELINE,C2,O5,2.416666666666663,144,3,0.9987411021657313,-0.05016184650489101,0.9987411021657313,-0.05016184650489101,0.05016184650489101,0.9987411021657313,121.71494181290798,-2.2332478804198885,260.18417461776534,-1.874239481523432,119.58168362544612,-44.70721528395218,123.84820000036984,40.2407195231124,85.0550103754199,1.0125596473264273,28.26457189209472,2.875268755142031,-0.9987156558381176,-0.9998223275842973,0.050665952905660214,1.4492312869988726,0.9999998726146105,0.0005047482170929136,-0.9999998726146105,-0.0005047482170929136,0.9999999186773292,C2,0.9987418824381126,0.036441493354613365,0.0367310115501018,MERGE_EXISTING,FORWARD,True
M1_CROSS_BASELINE,C1,O6,2.416666666666663,144,5,9.465255361173355e-16,1.0,9.465255361173355e-16,1.0,-1.0,9.465255361173355e-16,78.80708645526092,40.240719523112446,217.27631926011827,40.5997279220089,123.84820000036984,40.2407195231124,33.76597291015199,40.24071952311249,90.08222709021786,1.0724074653597364,44.998126777662364,5.684341886080802e-14,-0.0005047482170938601,-0.8908401727665415,0.9999998726146105,1.0534115014013707,0.9999998726146105,0.0005047482170929136,-0.9999998726146105,-0.0005047482170929136,0.9999999186773292,C1,0.9998527700547407,0.03193743649506085,0.031969584244080994,MERGE_EXISTING,RIGHT,True
M1_CROSS_BASELINE,C0,O7,2.5166666666666626,150,0,-0.0022062644634762113,-0.9999975661955969,-0.0022062644634762117,-0.999997566195597,0.9999975661955969,-0.0022062644634762113,72.0769920616905,-43.855751040900756,214.8724805923878,-43.49443498945074,29.517743137255096,-43.76185385387915,114.6362409861259,-43.94964822792237,85.11870501114984,1.0133179167994029,49.36814567730366,0.12640974479909062,0.002585262476734344,-0.8540920246056847,0.9999966582033794,1.0044134243929086,0.9999999281798407,0.00037899909412206185,-0.9999999281798407,-0.00037899909412206185,0.9999999764352026,C0,0.999997069604717,0.0018978827083039366,0.003748661654111812,MERGE_EXISTING,LEFT,True
M1_CROSS_BASELINE,C2,O8,2.5166666666666626,150,3,0.9996513063028952,-0.026405791162458326,0.9996513063028952,-0.026405791162458326,0.026405791162458326,0.9996513063028952,115.7481513605997,-1.8557510409007847,258.543639891297,-1.49443498945077,114.6362409861259,-43.94964822792237,116.86006173507351,40.2381461461208,84.21716036705122,1.0025852424648956,34.236973280230345,1.5131162637694615,-0.999641226736849,-0.9998653542445657,0.02678465620551693,1.3781312704734483,0.9999999281798407,0.00037899909412206185,-0.9999999281798407,-0.00037899909412206185,0.9999999764352026,C2,0.999651716990184,0.01665498930788012,0.01799196377686551,MERGE_EXISTING,FORWARD,True
M1_CROSS_BASELINE,C1,O9,2.5166666666666626,150,5,5.747502422596234e-16,1.0,5.747502422596234e-16,1.0,-1.0,5.747502422596234e-16,73.59083986605549,40.238146146120826,216.3863283967528,40.599462197570844,116.86006173507351,40.2381461461208,30.321617997037457,40.23814614612085,86.53844373803605,1.030219568309953,47.19697202853874,2.842170943040401e-14,-0.0003789990941226366,-0.8775872521142822,0.9999999281798407,0.9984909331747015,0.9999999281798407,0.00037899909412206185,-0.9999999281798407,-0.00037899909412206185,0.9999999764352026,C1,0.9998527700547407,0.02193564395682888,0.022611499366643,MERGE_EXISTING,RIGHT,True
M1_CROSS_BASELINE,C0,O10,2.6166666666666623,156,0,-0.00991588037866073,-0.9999508364496308,-0.00991588037866073,-0.9999508364496308,0.9999508364496308,-0.00991588037866073,68.34250008430112,-44.18266760421659,215.38271792499452,-43.81764167556301,26.29710361048453,-43.76572998417518,110.38789655811772,-44.599605224258006,84.0949273528299,1.0011300875336893,50.241855074712035,0.5681474065989107,0.010295672860077522,-0.8395821194254703,0.9999469981555814,0.9688169137447522,0.9999999278714693,0.000379811869534654,-0.9999999278714693,-0.000379811869534654,0.9999999678541626,C0,0.999986013964606,0.005312559482826849,0.006565358091481592,MERGE_EXISTING,LEFT,True
M1_CROSS_BASELINE,C2,O11,2.6166666666666623,156,3,0.9999994521530794,-0.0010467538111052464,0.9999994521530795,-0.0010467538111052466,0.0010467538111052464,0.9999994521530794,110.43229665329775,-2.182686953194871,257.4725144939912,-1.8176610245412923,110.38789655811772,-44.599605224258006,110.47669674847778,40.234231317868264,84.83388301810785,1.0099271787869983,39.54613512213524,0.05997458651788179,-0.9999989824550662,-0.9997971533153378,0.0014265653970603229,1.3149269628317237,0.9999999278714693,0.000379811869534654,-0.9999999278714693,-0.000379811869534654,0.9999999678541626,C2,0.9999994683169409,0.011540440966558475,0.011562222136000135,MERGE_EXISTING,FORWARD,True
M1_CROSS_BASELINE,C1,O12,2.6166666666666623,156,5,4.587878664131909e-07,0.9999999999998948,4.587878664131909e-07,0.9999999999998948,-0.9999999999998948,4.587878664131909e-07,68.30256860175669,40.234250666846535,215.3427864424501,40.599276595500115,110.47669674847778,40.234231317868264,26.128440455035587,40.234270015824805,84.34825629345107,1.0041459082553699,49.51029620997541,2.6286608431291825e-05,-0.0003802706573679355,-0.8618165581716104,0.999999927697111,0.9437132209889999,0.9999999278714693,0.000379811869534654,-0.9999999278714693,-0.000379811869534654,0.9999999678541626,C1,0.9998527621822018,0.011632409414637465,0.015195616003125165,MERGE_EXISTING,RIGHT,True
M1_CROSS_BASELINE,C0,O13,2.716666666666662,162,0,-0.014693483406051918,-0.9998920449455513,-0.014693483406051918,-0.9998920449455513,0.9998920449455513,-0.014693483406051918,63.69781360611695,-44.392214654327894,215.05766148203247,-44.022970503319364,21.347997434074124,-43.76988114910719,106.04762977815979,-45.014548159548596,84.70877708472814,1.0084378224372397,51.81953950116086,0.8419048816927841,0.01518096815297248,-0.8201388337004434,0.9998847624631245,0.9242941920285639,0.9999998811527936,0.0004875391255128562,-0.9999998811527936,-0.0004875391255128562,0.9999999452398818,C0,0.9999493298106563,0.005138163085466651,0.005189510467839625,MERGE_EXISTING,LEFT,True
M1_CROSS_BASELINE,C2,O14,2.716666666666662,162,3,0.9999999999094589,1.3456679811740161e-05,0.9999999999094589,1.3456679811740161e-05,-1.3456679811740161e-05,0.9999999999094589,106.04705389052194,-2.2188774694200184,257.40690176643744,-1.8496333184114904,106.04762977815979,-45.014548159548596,106.04647800288407,40.57679322070856,85.59134138800668,1.018944540333413,43.92973528795375,0.0007710109594825099,-0.9999998876229104,-0.999770857416379,0.0004740824472562624,1.2627412465719792,0.9999998811527936,0.0004875391255128562,-0.9999998811527936,-0.0004875391255128562,0.9999999452398818,C2,0.9999999995790886,0.011800772894237288,0.011802362333998765,MERGE_EXISTING,FORWARD,True
M1_CROSS_BASELINE,C1,O15,2.716666666666662,162,5,-0.004095073117267819,0.9999916151529292,-0.00409507311726782,0.9999916151529293,-0.9999916151529292,-0.004095073117267819,63.71860581638303,40.40345603580069,215.07845369229852,40.77270018680922,106.04647800288407,40.57679322070856,21.390733629882,40.23011885089281,84.65645420442414,1.0078149310050493,49.60041680973045,0.23463106219912788,0.0036075375930079714,-0.8447903281384763,0.9999934928150859,0.8981983089573186,0.9999998811527936,0.0004875391255128562,-0.9999998811527936,-0.0004875391255128562,0.9999999452398818,C1,0.9999146546290645,0.00806151793477354,0.01057623628908346,MERGE_EXISTING,RIGHT,True
M1_CROSS_BASELINE,C0,O16,2.8166666666666615,168,0,-0.0084982352632037,-0.999963889346716,-0.0084982352632037,-0.999963889346716,0.999963889346716,-0.0084982352632037,59.577435649801615,-44.13643906881674,215.38435362269314,-43.76394038937066,16.80284871330707,-43.77291743874051,102.35202258629616,-44.49996069889298,85.55226322110393,1.018479324060761,53.04873436415248,0.4869188748911597,0.009087956792771329,-0.8031737064928718,0.9999587036679729,0.8826797810332472,0.9999998261008132,0.0005897443034558989,-0.9999998261008132,-0.0005897443034558989,0.9999999542063128,C0,0.9999925070550042,0.0050434323299402605,0.0060458599365096856,MERGE_EXISTING,LEFT,True
M1_CROSS_BASELINE,C2,O17,2.8166666666666615,168,3,0.9995845284118988,-0.028823090735758294,0.9995845284118989,-0.028823090735758297,0.028823090735758294,0.9995845284118988,103.57357773558394,-2.136439068816763,259.38049570847545,-1.7639403893706826,102.35202258629616,-44.49996069889298,104.7951328848717,40.22708256125945,84.76225957074733,1.009074518699373,46.40439016616672,1.6516701986980706,-0.9995673563313928,-0.9997749898628119,0.02941258500489982,1.233281069450396,0.9999998261008132,0.0005897443034558989,-0.9999998261008132,-0.0005897443034558989,0.9999999542063128,C2,0.9995849767063493,0.02704399408545774,0.027048666345394348,MERGE_EXISTING,FORWARD,True
M1_CROSS_BASELINE,C1,O18,2.8166666666666615,168,5,5.670101868605258e-16,1.0,5.670101868605258e-16,1.0,-1.0,5.670101868605258e-16,60.93525818085545,40.22708256125948,216.74217615374698,40.59958124070556,104.7951328848717,40.22708256125945,17.075383476839193,40.2270825612595,87.71974940803251,1.044282731048006,48.10615348142794,2.842170943040401e-14,-0.0005897443034564659,-0.8348723860548006,0.9999998261008132,0.8692370847738764,0.9999998261008132,0.0005897443034558989,-0.9999998261008132,-0.0005897443034558989,0.9999999542063128,C1,0.9998527700547407,0.025878039684834448,0.02620826615394597,MERGE_EXISTING,RIGHT,True
M1_CROSS_BASELINE,C0,O19,2.916666666666661,174,0,-0.008680880511566546,-0.9999623204468975,-0.008680880511566548,-0.9999623204468976,0.9999623204468975,-0.008680880511566546,55.11747044695284,-44.14442518150133,215.45542330931795,-43.769798679461616,12.552252792078377,-43.774907689836596,97.6826881018273,-44.51394267316607,85.13364310737519,1.013495751278276,54.25767036727284,0.49738406285555925,0.009326306990595265,-0.7801165418085019,0.9999565090532273,0.8406705750423572,0.999999791695444,0.000645452607661485,-0.999999791695444,-0.000645452607661485,0.999999969870701,C0,0.9999917833002765,0.005854043675077363,0.00594515424015498,MERGE_EXISTING,LEFT,True
M1_CROSS_BASELINE,C2,O20,2.916666666666661,174,3,0.9997545335411173,-0.022155646322847694,0.9997545335411173,-0.022155646322847694,0.022155646322847694,0.9997545335411173,98.62164262808494,-2.144425181501294,258.95959549045006,-1.769798679461575,97.6826881018273,-44.51394267316607,99.56059715434259,40.22509231016348,84.75984068127705,1.0090457223961553,51.35504597790742,1.2695289039718602,-0.9997400248679995,-0.9997494442324447,0.02280093587842113,1.1743446907391974,0.999999791695444,0.000645452607661485,-0.999999791695444,-0.000645452607661485,0.999999969870701,C2,0.9997548781067381,0.022563170819411126,0.02257129794833839,MERGE_EXISTING,FORWARD,True
M1_CROSS_BASELINE,C1,O21,2.916666666666661,174,5,-4.071292423103577e-16,1.0,-4.071292423103577e-16,1.0,-1.0,-4.071292423103577e-16,55.929321019033196,40.22509231016346,216.2672738813983,40.59971881220318,99.56059715434259,40.22509231016348,12.2980448837238,40.22509231016345,87.26255227061878,1.0388399079835569,51.06233156630681,0.0,-0.0006454526076610778,-0.8122139127144667,0.999999791695444,0.8201462559176242,0.999999791695444,0.000645452607661485,-0.999999791695444,-0.000645452607661485,0.999999969870701,C1,0.9998527700547407,0.02064117571572604,0.020992891677043456,MERGE_EXISTING,RIGHT,True
M1_CROSS_BASELINE,C0,O22,3.016666666666661,180,0,-0.00803299421482726,-0.9999677349814566,-0.00803299421482726,-0.9999677349814566,0.9999677349814566,-0.00803299421482726,50.860506090133,-44.11652370673552,215.71297029168977,-43.74042212150931,8.509251766570387,-43.776305348612034,93.21176041369561,-44.456742064859014,84.70524166331822,1.0083957340871217,55.295242353993785,0.4602616154897703,0.008688810997513475,-0.7549840556207368,0.9999622515692528,0.8015237352349845,0.9999997849371398,0.0006558396709640707,-0.9999997849371398,-0.0006558396709640707,0.999999971463219,C0,0.9999941999050606,0.008713286965571169,0.008853739269330292,MERGE_EXISTING,LEFT,True
M1_CROSS_BASELINE,C2,O23,3.016666666666661,180,3,0.9999865800892995,-0.005180698920694931,0.9999865800892995,-0.005180698920694931,0.005180698920694931,0.9999865800892995,93.43238452174714,-1.871532873413706,258.28484872330387,-1.4954312881874938,93.21176041369561,-44.456742064859014,93.65300862979865,40.7136763180316,85.17156137763853,1.0139471592576015,56.54887313297992,0.296833510911398,-0.99998296732145,-0.9997860928457167,0.005836528676173256,1.112513415083572,0.9999997849371398,0.0006558396709640707,-0.9999997849371398,-0.0006558396709640707,0.999999971463219,C2,0.9999866605670398,0.013979145339200855,0.014140403673234183,MERGE_EXISTING,FORWARD,True
M1_CROSS_BASELINE,C1,O24,3.016666666666661,180,5,-0.005708366015439524,0.9999837071459883,-0.005708366015439525,0.9999837071459884,-0.9999837071459883,-0.005708366015439524,50.735851415398315,40.468685484709766,215.58831561695507,40.844787069935975,93.65300862979865,40.7136763180316,7.8186942009979745,40.22369465138792,85.83571293754055,1.0218537254469113,54.18437637038494,0.3270670568877563,0.005052535802317945,-0.7821787232238498,0.9999872358595213,0.7726035587729262,0.9999997849371398,0.0006558396709640707,-0.9999997849371398,-0.0006558396709640707,0.999999971463219,C1,0.9999344306051713,0.012106003059459665,0.012669310656209309,MERGE_EXISTING,RIGHT,True
M1_CROSS_BASELINE,C0,O25,3.1166666666666605,186,0,-0.006799695096769417,-0.99997688180607,-0.006799695096769417,-0.99997688180607,0.99997688180607,-0.006799695096769417,46.401825525338,-44.066817891832756,215.63941305971747,-43.68963287791354,3.8300206111760815,-43.77733590639662,88.97363043949991,-44.35629987726888,85.14557824031387,1.0136378361942127,58.60681695737371,0.3895968332836901,0.007395430957556957,-0.7247054394108016,0.9999726534265584,0.7618130386749135,0.9999998225404525,0.0005957508401418122,-0.9999998225404525,-0.0005957508401418122,0.9999999600864949,C0,0.9999976399627313,0.007746820569248603,0.007778873592546158,MERGE_EXISTING,LEFT,True
M1_CROSS_BASELINE,C2,O26,3.1166666666666605,186,3,0.999994088524753,-0.0034384466767022363,0.999994088524753,-0.0034384466767022363,0.0034384466767022363,0.999994088524753,89.11981611840937,-1.8415167553033314,258.35740365278883,-1.4643317413841153,88.97363043949991,-44.35629987726888,89.26600179731884,40.67326636666222,85.03006889707864,1.0122627249652218,60.86115993048169,0.19700887086032992,-0.9999918626087582,-0.9997740956533697,0.004034193384892512,1.0611766674942655,0.9999998225404525,0.0005957508401418122,-0.9999998225404525,-0.0005957508401418122,0.9999999600864949,C2,0.9999941418973919,0.014529660275882076,0.01495594116745102,MERGE_EXISTING,FORWARD,True
M1_CROSS_BASELINE,C1,O27,3.1166666666666605,186,5,-0.005254949847036246,0.9999861926557312,-0.005254949847036246,0.9999861926557312,-0.9999861926557312,-0.005254949847036246,46.39251446116019,40.44796523013281,215.63010199553963,40.825150244052026,89.26600179731884,40.67326636666222,3.5190271250015357,40.22266409360339,85.74815862666387,1.020811412222189,55.30425951731749,0.30108783353045965,0.0046592063000903605,-0.754138276665251,0.9999891458394202,0.7327285006999196,0.9999998225404525,0.0005957508401418122,-0.9999998225404525,-0.0005957508401418122,0.9999999600864949,C1,0.9999291354893411,0.012654731154758282,0.01331774019011976,MERGE_EXISTING,RIGHT,True
M1_CROSS_BASELINE,C0,O28,3.21666666666666,192,0,-0.005356204390619452,-0.9999856554343797,-0.005356204390619452,-0.9999856554343797,0.9999856554343797,-0.005356204390619452,42.491542167450774,-44.005694114626564,215.90924517928354,-43.627709504159704,0.0,-43.778097465129996,84.98308433490155,-44.233290764123126,84.98430339781834,1.0117178975930754,59.81798896289069,0.3068893731915949,0.00583366969992915,-0.6942787511001428,0.9999829840041441,0.7282399135162015,0.999999886009871,0.0004774727690035935,-0.999999886009871,-0.0004774727690035935,0.9999999656342219,C0,0.9999997342385513,0.010884868740776363,0.010889170565333662,MERGE_EXISTING,LEFT,True
M1_CROSS_BASELINE,C2,O29,3.21666666666666,192,3,0.9999980301524354,-0.0019848655493144695,0.9999980301524354,-0.0019848655493144695,0.0019848655493144695,0.9999980301524354,85.0672829214009,-1.8130771279630196,258.4849859332337,-1.4350925174961566,84.98308433490155,-44.233290764123126,85.15148150790026,40.60713650819709,84.84059439535847,1.0100070761352198,64.91339780963393,0.1137244935499524,-0.999996968443281,-0.9997626575720202,0.0024623371515144115,1.0129357403615011,0.999999886009871,0.0004774727690035935,-0.999999886009871,-0.0004774727690035935,0.9999999656342219,C2,0.9999980609109762,0.015716681007495115,0.016531456828032424,MERGE_EXISTING,FORWARD,True
M1_CROSS_BASELINE,C1,O30,3.21666666666666,192,5,-0.0045240555323067455,0.9999897664084071,-0.0045240555323067455,0.9999897664084071,-0.9999897664084071,-0.0045240555323067455,42.57574075395013,40.41451952153355,215.9934437657829,40.79250413200041,85.15148150790026,40.60713650819709,0.0,40.221902534870004,85.15235292230324,1.0137184871702767,58.135950485156116,0.2592101725015823,0.004046587133866793,-0.725603907467437,0.9999918125327667,0.698843704942414,0.999999886009871,0.0004774727690035935,-0.999999886009871,-0.0004774727690035935,0.9999999656342219,C1,0.9999201671526541,0.016732381717880357,0.017801906615387875,MERGE_EXISTING,RIGHT,True
M1_CROSS_BASELINE,C2,O31,3.3166666666666598,198,0,0.9999997150203832,-0.0007549563908947638,0.9999997150203833,-0.0007549563908947639,0.0007549563908947638,0.9999997150203832,81.24963374253292,-1.7864273602693785,258.6432983036533,-1.4074281844680323,81.21769689938579,-44.08931323682016,81.28157058568007,40.5164585162814,84.60579586402885,1.007211855524153,68.73072963284791,0.043255819023698905,-0.9999993780147393,-0.9997503891764207,0.001115334090985143,0.9674913138946679,0.9999999350638998,0.000360377851814645,-0.9999999350638998,-0.000360377851814645,0.9999999871287024,C2,0.9999997266446043,0.01730985951305105,0.018615513363740312,MERGE_EXISTING,FORWARD,True
M1_CROSS_BASELINE,C1,O32,3.3166666666666598,198,2,-0.003471348436424547,0.9999939748518653,-0.003471348436424547,0.9999939748518653,-0.9999939748518653,-0.003471348436424547,38.55348566816926,40.368133551831704,215.9471502292896,40.74713272763305,81.28157058568007,40.5164585162814,-4.174599249341549,40.219808587382005,85.4566847242062,1.0173414848119786,59.48555177340863,0.19889401408187268,0.003110972530524014,-0.6909262719663102,0.9999951609132488,0.6645328802447172,0.9999999350638998,0.000360377851814645,-0.9999999350638998,-0.000360377851814645,0.9999999871287024,C1,0.9999063113627803,0.016445566166094622,0.017446179138267966,MERGE_EXISTING,RIGHT,True
M1_CROSS_BASELINE,C0,O33,3.4166666666666594,204,0,-0.0006549748615785769,-0.9999997855039423,-0.000654974861578577,-0.9999997855039424,0.9999997855039423,-0.0006549748615785769,34.249551427525546,-43.89923519240792,215.49999190471144,-43.5175751613005,-7.750390742199216,-43.871726280198445,76.24949359725031,-43.9267441046174,83.99990235709743,0.9999988375844931,68.17067118456887,0.03228000199243297,0.0010090411593585637,-0.6148435824945876,0.9999994909178397,0.6628477591812653,0.9999999373184849,0.0003540664147806535,-0.9999999373184849,-0.0003540664147806535,0.9999999835924614,C0,0.9999921108282912,0.006078094717289986,0.00672150733434476,MERGE_EXISTING,LEFT,True
M1_CROSS_BASELINE,KNOWN_PARENT_PATH,O34,3.4166666666666594,204,2,-0.9999998568241408,-0.0005351183960961561,-0.9999998568241408,-0.0005351183960961561,-0.0005351183960961561,0.9999998568241408,-7.772889638777773,-1.8270245442948365,173.47755083840812,-1.4453645131874104,-7.750390742199216,-43.871726280198445,-7.79538853535633,40.21767719160877,84.08941551138153,1.0010644703735896,142.01527508162775,0.030660027099386866,0.9999999836100867,0.9735508886104612,0.00018105199846723397,0.021706655918393693,0.9999999373184849,0.0003540664147806535,-0.9999999373184849,-0.0003540664147806535,0.9999999835924614,C0,0.005162269309472645,0.7043357276923418,0.7128849309844482,KNOWN_PARENT_PATH,INCOMING_PATH,True
M1_CROSS_BASELINE,C2,O35,3.4166666666666594,204,3,0.9999999999991983,1.2661699041097178e-06,0.9999999999991984,1.266169904109718e-06,-1.2661699041097178e-06,0.9999999999991983,76.24944020176756,-1.755877005039416,257.49988067895345,-1.3742169739319898,76.24949359725031,-43.9267441046174,76.2493868062848,40.41499009453857,84.34173419922358,1.0040682642764711,73.73034525356921,7.254619166019438e-05,-0.9999999377659915,-0.999726745568222,0.0003528002449556254,0.9079720803146523,0.9999999373184849,0.0003540664147806535,-0.9999999373184849,-0.0003540664147806535,0.9999999835924614,C2,0.9999999998584821,0.006539798704507393,0.009543323361220128,MERGE_EXISTING,FORWARD,True
M1_CROSS_BASELINE,C1,O36,3.4166666666666594,204,5,-0.002347705236408196,0.9999972441362641,-0.002347705236408196,0.9999972441362641,-0.9999972441362641,-0.002347705236408196,34.22699913546424,40.31633364307367,215.47743961265013,40.69799367418109,76.2493868062848,40.41499009453857,-7.79538853535633,40.21767719160877,84.04500695822799,1.0005357971217617,65.73765079605539,0.13451372515413595,0.0019936396502286137,-0.6474583911261834,0.9999980126984978,0.6295913249310124,0.9999999373184849,0.0003540664147806535,-0.9999999373184849,-0.0003540664147806535,0.9999999835924614,C1,0.9998902993451785,0.011979541884670198,0.01572379433564274,MERGE_EXISTING,RIGHT,True
M1_CROSS_BASELINE,C0,O37,3.516666666666659,210,1,-0.008535191296269043,-0.9999635745913629,-0.008535191296269043,-0.9999635745913629,0.9999635745913629,-0.008535191296269043,30.46771520069971,-44.14712966395314,215.57871580872637,-43.76076490321945,-11.69060265245863,-43.7872872489405,72.62603305385805,-44.50697207896577,84.31970708610345,1.0038060367393267,72.54672656798506,0.4890363764107093,0.009012226364803318,-0.5676108357800962,0.9999593890633506,0.6385715536465245,0.9999998862100123,0.00047705341661922763,-0.9999998862100123,-0.00047705341661922763,0.9999999281534141,C0,0.999992363304399,0.007215557199238281,0.007590664476554525,MERGE_EXISTING,LEFT,True
M1_CROSS_BASELINE,KNOWN_PARENT_PATH,O38,3.516666666666659,210,3,-0.9999996700585062,0.0008123317539482937,-0.9999996700585063,0.0008123317539482938,0.0008123317539482937,0.9999996700585062,-11.6564173697117,-1.704392789096957,173.45458323831497,-1.318028028363275,-11.69060265245863,-43.7872872489405,-11.622232086964772,40.37850167074659,84.16581668948237,1.0019740082081234,138.21963410260776,0.04654318618453601,0.9999991687429174,0.9895472883666461,0.0012893849207325841,0.02019069972427276,0.9999998862100123,0.00047705341661922763,-0.9999998862100123,-0.00047705341661922763,0.9999999281534141,C0,0.0038148327201592345,0.7056081194111522,0.7129389721212349,KNOWN_PARENT_PATH,INCOMING_PATH,True
M1_CROSS_BASELINE,C2,O39,3.516666666666659,210,7,0.9999982861780923,0.0018513889051336326,0.9999982861780924,0.0018513889051336328,-0.0018513889051336326,0.9999982861780923,72.5476084205518,-2.1471530895929902,257.65860902857844,-1.7607883288593082,72.62603305385805,-44.50697207896577,72.46918378724556,40.212665899779786,84.71978317336597,1.0085688473019758,77.42062445892866,0.0904958412076553,-0.9999990555997024,-0.9995480853591824,0.0013743360954294808,0.8640401850127539,0.9999998862100123,0.00047705341661922763,-0.9999998862100123,-0.00047705341661922763,0.9999999281534141,C2,0.9999982572540801,0.011514627871489947,0.012158656207851216,MERGE_EXISTING,FORWARD,True
M1_CROSS_BASELINE,C1,O40,3.516666666666659,210,9,0.0019720853402789627,0.9999980554378147,0.0019720853402789627,0.9999980554378147,-0.9999980554378147,0.0019720853402789627,30.42347585014039,40.29558378526319,215.53447645816706,40.681948545996875,72.46918378724556,40.212665899779786,-11.622232086964772,40.37850167074659,84.09157939551572,1.0010902308989966,69.7749457858165,0.11299224007777298,-0.0024491376048345896,-0.6029353692344607,0.9999970008579989,0.6010810786131817,0.9999998862100123,0.00047705341661922763,-0.9999998862100123,-0.00047705341661922763,0.9999999281534141,C1,0.9998169863681045,0.012630629817894404,0.017224619185348535,MERGE_EXISTING,RIGHT,True
M1_CROSS_BASELINE,C0,O41,3.6166666666666587,216,1,-0.003681113438340379,-0.9999932246789744,-0.0036811134383403794,-0.9999932246789746,0.9999932246789744,-0.003681113438340379,26.722264889670413,-43.949959460173986,215.79068059111387,-43.55746007961565,-15.797584657460416,-43.793438010126756,69.24211443680124,-44.10648091022121,85.04027526942671,1.012384229397937,81.36922247008863,0.2109127402598574,0.00437099792644763,-0.5189333494173574,0.999990447142935,0.6123352174777995,0.9999997620258393,0.000689890038343614,-0.9999997620258393,-0.000689890038343614,0.999999854974102,C0,0.9999995524927792,0.009477819578273296,0.009484390044540268,MERGE_EXISTING,LEFT,True
M1_CROSS_BASELINE,KNOWN_PARENT_PATH,O42,3.6166666666666587,216,3,-0.9999989033572018,-0.0014809741367787402,-0.9999989033572019,-0.0014809741367787404,-0.0014809741367787402,0.9999989033572018,-15.859945999501825,-1.685157990508241,173.20846970194162,-1.292658609949906,-15.797584657460416,-43.793438010126756,-15.922307341543233,40.423122029110274,84.21665239482238,1.0025791951764569,134.05077918642772,0.02175005585309009,0.9999996870926061,0.9944752150812197,0.0007910845025644911,0.01988818198303723,0.9999997620258393,0.000689890038343614,-0.9999997620258393,-0.000689890038343614,0.999999854974102,C0,0.006108110512597284,0.7078795123335898,0.7137001401286911,KNOWN_PARENT_PATH,INCOMING_PATH,True
M1_CROSS_BASELINE,C2,O43,3.6166666666666587,216,7,0.9999965565813755,0.0026242761653639153,0.9999965565813753,0.002624276165363915,-0.0026242761653639153,0.9999965565813755,69.13089845666039,-1.7269483573828595,258.19931415810385,-1.3344489768245245,69.24211443680124,-44.10648091022121,69.01968247651953,40.65258419545549,84.75935696762508,1.0090399639002985,80.84753459164195,0.15036012113642983,-0.9999981290700186,-0.9996706580539217,0.0019343878780905903,0.8232436358137863,0.9999997620258393,0.000689890038343614,-0.9999997620258393,-0.000689890038343614,0.999999854974102,C2,0.9999965156331647,0.01213815995560216,0.013746907141649712,MERGE_EXISTING,FORWARD,True
M1_CROSS_BASELINE,C1,O44,3.6166666666666587,216,9,-0.002701388672257431,0.9999963512429639,-0.0027013886722574315,0.999996351242964,-0.9999963512429639,-0.002701388672257431,26.54868756748815,40.53785311228288,215.6171032689316,40.930352492841216,69.01968247651953,40.65258419545549,-15.922307341543233,40.423122029110274,84.94229975187665,1.0112178541890078,77.12973300154894,0.1547783579943598,0.0020115005082942464,-0.5484502676008194,0.9999979769308062,0.5768775845195705,0.9999997620258393,0.000689890038343614,-0.9999997620258393,-0.000689890038343614,0.999999854974102,C1,0.9998954755088648,0.011966938845589595,0.014061766366733503,MERGE_EXISTING,RIGHT,True
M1_CROSS_BASELINE,C0,O45,3.7166666666666583,222,1,-0.004639270704068287,-0.9999892385257625,-0.004639270704068287,-0.9999892385257625,0.9999892385257625,-0.004639270704068287,22.27959128196604,-44.21642533475436,215.42683539755484,-43.817345489299406,-20.0605959258436,-44.019995630763205,64.61977848977568,-44.41285503874552,84.68128571109386,1.008110544179689,92.12752504411102,0.2658115848706615,0.00557659125859608,-0.4491432452916059,0.9999844506940767,0.5894326965655386,0.9999995607036273,0.0009373326796240693,-0.9999995607036273,-0.0009373326796240693,0.999999833176066,C0,0.9999999999266311,0.005772610568904652,0.0057768610948045265,MERGE_EXISTING,LEFT,True
M1_CROSS_BASELINE,KNOWN_PARENT_PATH,O46,3.7166666666666583,222,3,-0.9999906937009191,0.004314222010333634,-0.9999906937009192,0.0043142220103336345,0.004314222010333634,0.9999906937009191,-19.87871384908562,-1.8616682027066176,173.26853026650318,-1.4625883572516625,-20.0605959258436,-44.019995630763205,-19.696831772327645,40.29665922534997,84.31743953942326,1.0037790421359911,130.03430259693397,0.2471874798752367,0.9999862105473571,0.995730312722801,0.005251544071637368,0.02191127784697038,0.9999995607036273,0.0009373326796240693,-0.9999995607036273,-0.0009373326796240693,0.999999833176066,C0,0.00031293841771499065,0.7059384175594331,0.7111676035167305,KNOWN_PARENT_PATH,INCOMING_PATH,True
M1_CROSS_BASELINE,C2,O47,3.7166666666666583,222,7,0.999993702261687,0.003549005066838841,0.999993702261687,0.003549005066838841,-0.003549005066838841,0.999993702261687,64.46963209559215,-2.1065055765356178,257.61687621118097,-1.7074257310806626,64.61977848977568,-44.41285503874552,64.31948570140861,40.199843885674284,84.61323179641147,1.007300378528708,85.49596269778937,0.20063552886966818,-0.9999965895665102,-0.9994355698351076,0.002611676731225647,0.7679052059786984,0.9999995607036273,0.0009373326796240693,-0.9999995607036273,-0.0009373326796240693,0.999999833176066,C2,0.999993646927001,0.010741294331424107,0.011881341262052078,MERGE_EXISTING,FORWARD,True
M1_CROSS_BASELINE,C1,O48,3.7166666666666583,222,9,0.0011523389539907854,0.9999993360572471,0.0011523389539907854,0.9999993360572471,-0.9999993360572471,0.0011523389539907854,22.311326964540484,40.24825155551213,215.45857108012927,40.64733140096708,64.31948570140861,40.199843885674284,-19.696831772327645,40.29665922534997,84.0163732557984,1.0001949197118858,86.61723129890339,0.06602417324427279,-0.0020896705050612923,-0.4856517592178731,0.9999978166362065,0.5478411899586488,0.9999995607036273,0.0009373326796240693,-0.9999995607036273,-0.0009373326796240693,0.999999833176066,C1,0.9998323329928365,0.012199545726803648,0.016855030610427296,MERGE_EXISTING,RIGHT,True
M1_CROSS_BASELINE,C0,O49,3.816666666666658,228,1,-1.7776820085332459e-06,-0.9999999999984199,-1.7776820085332459e-06,-0.9999999999984199,0.9999999999984199,-1.7776820085332459e-06,18.061983568495833,-43.806140619256354,215.3703485430122,-43.40086242608969,-24.09801214214192,-43.8060656721905,60.221979279133585,-43.80621556632221,84.31999142140873,1.0038094216834372,102.61631919761115,0.00010185367641213361,0.001172593923382729,-0.38010306381350684,0.9999993125115091,0.5640914381236769,0.9999993145944281,0.0011708162425944787,-0.9999993145944281,-0.0011708162425944787,0.9999998921426902,C0,0.9999893028743717,0.005030531108866416,0.005772796747657463,MERGE_EXISTING,LEFT,True
M1_CROSS_BASELINE,KNOWN_PARENT_PATH,O50,3.816666666666658,228,3,-0.9999996005741008,0.0008937850071173212,-0.9999996005741008,0.0008937850071173212,0.0008937850071173212,0.9999996005741008,-24.060473263970014,-1.8061855231862154,173.24789171054636,-1.4009073300195491,-24.09801214214192,-43.8060656721905,-24.02293438579811,40.19369462581807,83.99979384970176,0.9999975458297828,125.87182808768175,0.019464592673756442,0.999997868710799,0.9972811687341511,0.0020646001694522454,0.02117693774728509,0.9999993145944281,0.0011708162425944787,-0.9999993145944281,-0.0011708162425944787,0.9999998921426902,C0,0.003733380017460489,0.7066331274338917,0.7118410716814146,KNOWN_PARENT_PATH,INCOMING_PATH,True
M1_CROSS_BASELINE,C2,O51,3.816666666666658,228,7,0.9999994694986389,0.0010300497272810166,0.9999994694986389,0.0010300497272810166,-0.0010300497272810166,0.9999994694986389,60.178609020193235,-1.7012231725525915,257.4869739947096,-1.2959449793859252,60.221979279133585,-43.80621556632221,60.13523876125288,40.403769221217026,84.21002946107448,1.002500350727077,89.7973493616094,0.05901751249810161,-0.999999990092382,-0.9995668847733862,0.00014076660019567426,0.7166982218856026,0.9999993145944281,0.0011708162425944787,-0.9999993145944281,-0.0011708162425944787,0.9999998921426902,C2,0.999999453352616,0.005621970087300701,0.010229315912053347,MERGE_EXISTING,FORWARD,True
M1_CROSS_BASELINE,C1,O52,3.816666666666658,228,9,-0.002496179908188944,0.9999968845380799,-0.002496179908188944,0.9999968845380799,-0.9999968845380799,-0.002496179908188944,18.056152187727385,40.29873192351755,215.36451716224374,40.704010116684216,60.13523876125288,40.403769221217026,-24.02293438579811,40.19369462581807,84.15843533945154,1.0018861349934707,103.68956138544971,0.14302072216980832,0.0013253656023322672,-0.40995821363274637,0.9999991217026244,0.5257017265890471,0.9999993145944281,0.0011708162425944787,-0.9999993145944281,-0.0011708162425944787,0.9999998921426902,C1,0.9998924875068255,0.010918018923675386,0.014594580723011685,MERGE_EXISTING,RIGHT,True
M1_CROSS_BASELINE,C0,O53,3.9166666666666576,234,0,0.006101613302818867,-0.999981384984292,0.006101613302818867,-0.999981384984292,0.999981384984292,0.006101613302818867,13.898773793789985,-44.06843453200096,215.37023837302533,-43.657858141351596,-28.23518849568613,-44.32552446253999,56.0327360832661,-43.811344601461926,84.26949325689291,1.003208253058249,103.79174494668516,0.34959885973785276,-0.0047669645191509066,-0.2995123849769045,0.9999886379600885,0.5500982744442244,0.9999991093300092,0.001334668194013493,-0.9999991093300092,-0.001334668194013493,0.9999999650801841,C0,0.9999424467093464,0.004522139654615594,0.007078972831288837,MERGE_EXISTING,LEFT,True
M1_CROSS_BASELINE,KNOWN_PARENT_PATH,O54,3.9166666666666576,234,2,-0.9999984298027346,0.0017721151388764569,-0.9999984298027346,0.0017721151388764569,0.0017721151388764569,0.9999984298027346,-28.160303964477798,-2.0684430900932753,173.31116061475754,-1.6578666994439115,-28.23518849568613,-44.32552446253999,-28.085419433269465,40.18863828235344,84.51429544900903,1.006122564869155,121.76383212635363,0.09042747664149431,0.9999951739484304,0.9974101193253279,0.003106779658827827,0.024236107081046985,0.9999991093300092,0.001334668194013493,-0.9999991093300092,-0.001334668194013493,0.9999999650801841,C0,0.002855053871189254,0.7039306694149939,0.7128022718954266,KNOWN_PARENT_PATH,INCOMING_PATH,True
M1_CROSS_BASELINE,C2,O55,3.9166666666666576,234,3,0.9999697321575342,-0.007780409294482946,0.9999697321575342,-0.007780409294482946,0.007780409294482946,0.9999697321575342,56.36046452474068,-1.6903572037776406,257.831929103976,-1.2797808131282769,56.0327360832661,-43.811344601461926,56.68819296621526,40.430630193906644,84.24452469537067,1.0029110082782222,93.61419266410283,0.4372301547649471,-0.9999584572496802,-0.9995096447664107,0.009115030161192724,0.6712596111416327,0.9999991093300092,0.001334668194013493,-0.9999991093300092,-0.001334668194013493,0.9999999650801841,C2,0.9999698530802872,0.008085111604572018,0.011547259742737783,MERGE_EXISTING,FORWARD,True
M1_CROSS_BASELINE,C1,O56,3.9166666666666576,234,5,-0.0028545548404533914,0.9999959257500317,-0.0028545548404533914,0.9999959257500317,-0.9999959257500317,-0.0028545548404533914,14.301386766472898,40.309634238130045,215.77285134570823,40.720210628779405,56.68819296621526,40.430630193906644,-28.085419433269465,40.18863828235344,84.77395778977957,1.0092137832116617,107.2285577066184,0.1635541668668452,0.0015198895417454122,-0.3356252033055273,0.9999988449672234,0.5091838368259713,0.9999991093300092,0.001334668194013493,-0.9999991093300092,-0.001334668194013493,0.9999999650801841,C1,0.9998976782878001,0.014746710427606063,0.01658781678840248,MERGE_EXISTING,RIGHT,True
M1_CROSS_BASELINE,C0,O57,4.016666666666658,240,0,0.0020765468896362604,-0.9999978439741833,0.002076546889636261,-0.9999978439741835,0.9999978439741833,0.0020765468896362604,10.006883314632333,-43.902666457326006,215.55327782537455,-43.48790804629364,-32.07191495257662,-43.99004524337833,52.085681581841285,-43.81528767127369,84.1577779807599,1.0018783092947607,104.97132207430596,0.11897745824335004,-0.0007047553031851068,-0.22089586025494864,0.9999997516599504,0.5360556895915956,0.999999059092102,0.0013717925902320242,-0.999999059092102,-0.0013717925902320242,0.9999999773569721,C0,0.9999775301384934,0.006763793315066493,0.007820515238814376,MERGE_EXISTING,LEFT,True
M1_CROSS_BASELINE,KNOWN_PARENT_PATH,O58,4.016666666666658,240,2,-0.9999961586716631,-0.0027717579111317865,-0.9999961586716631,-0.0027717579111317865,-0.0027717579111317865,0.9999961586716631,-32.18917114700387,-1.6862987521028217,173.35722336373837,-1.2715403410704549,-32.07191495257662,-43.99004524337833,-32.30642734143112,40.61744773917269,84.60781798895978,1.0072359284399974,117.76668892880457,0.1588102334873156,0.9999990200443438,0.9987014378072603,0.0013999679824366015,0.019637077947009897,0.999999059092102,0.0013717925902320242,-0.999999059092102,-0.0013717925902320242,0.9999999773569721,C1,0.01438778627755014,0.7066852934834033,0.720567015582087,KNOWN_PARENT_PATH,INCOMING_PATH,True
M1_CROSS_BASELINE,C2,O59,4.016666666666658,240,3,0.999998244691885,0.0018736630296533774,0.9999982446918851,0.0018736630296533776,-0.0018736630296533774,0.999998244691885,52.006786308798425,-1.7078578353213487,257.55318081954067,-1.293099424288982,52.085681581841285,-43.81528767127369,51.927891035755565,40.39957200063099,84.21500749519073,1.002559613037985,97.96517896105829,0.10735304664140699,-0.9999998740626992,-0.9994152667414734,0.0005018710843956761,0.6194621552254969,0.999999059092102,0.0013717925902320242,-0.999999059092102,-0.0013717925902320242,0.9999999773569721,C2,0.9999982154213429,0.005957890311981517,0.010581410162094861,MERGE_EXISTING,FORWARD,True
M1_CROSS_BASELINE,C1,O60,4.016666666666658,240,5,0.0025865349649148777,0.9999966549128428,0.0025865349649148777,0.9999966549128428,-0.9999966549128428,0.0025865349649148777,9.810731847162224,40.50850986990184,215.35712635790446,40.92326828093421,51.927891035755565,40.39957200063099,-32.30642734143112,40.61744773917269,84.23460014926583,1.0027928589198314,108.32039070172493,0.1007796868020705,-0.003958320532689949,-0.23671747542643917,0.999992165818593,0.4961858249794652,0.999999059092102,0.0013717925902320242,-0.999999059092102,-0.0013717925902320242,0.9999999773569721,C1,0.9998050425840934,0.009255234775463613,0.01478635565547319,MERGE_EXISTING,RIGHT,True
M1_CROSS_BASELINE,C0,O61,4.116666666666657,246,0,-0.002153961188256772,-0.999997680222909,-0.0021539611882567724,-0.9999976802229091,0.999997680222909,-0.002153961188256772,5.988274579429731,-44.21131948793559,215.46129252000526,-43.79340935873594,-36.37001783512814,-44.120081158421215,48.3465669939876,-44.302557817449966,84.71678135316434,1.0085331113471945,105.38497782917779,0.12341298075232032,0.003444374339598949,-0.1329421846123263,0.9999940681251108,0.531131216319312,0.9999991674104258,0.0012904179381897757,-0.9999991674104258,-0.0012904179381897757,0.9999999543055699,C0,0.9999969416153265,0.006023528738665303,0.00618980798440751,MERGE_EXISTING,LEFT,True
M1_CROSS_BASELINE,KNOWN_PARENT_PATH,O62,4.116666666666657,246,2,-0.9999942721324395,0.0033846273520828003,-0.9999942721324396,0.0033846273520828007,0.0033846273520828003,0.9999942721324395,-36.227352093210996,-1.9692297038659419,173.24566584736453,-1.5513195746662944,-36.37001783512814,-44.120081158421215,-36.084686351293854,40.18162175068933,84.30218578086576,1.0035974497722113,113.71916614365007,0.17703140733249256,0.9999890719637851,0.9985951040562597,0.004675035080924083,0.0229675551332659,0.9999991674104258,0.0012904179381897757,-0.9999991674104258,-0.0012904179381897757,0.9999999543055699,C0,0.0012425396822955126,0.7053800316204117,0.7113681206088566,KNOWN_PARENT_PATH,INCOMING_PATH,True
M1_CROSS_BASELINE,C2,O63,4.116666666666657,246,3,0.9999928980450637,0.0037688007952785033,0.9999928980450639,0.0037688007952785037,-0.0037688007952785033,0.9999928980450637,48.187240405426806,-2.02771611444809,257.6602583460023,-1.6098059852484425,48.3465669939876,-44.302557817449966,48.027913816866004,40.247125588553786,84.5502838783097,1.006550998551306,101.77011537924655,0.21593689058659038,-0.9999969287895543,-0.999060728900256,0.002478388883714524,0.5741652931042076,0.9999991674104258,0.0012904179381897757,-0.9999991674104258,-0.0012904179381897757,0.9999999543055699,C2,0.9999928392909044,0.009881448463779849,0.011584453237948303,MERGE_EXISTING,FORWARD,True
M1_CROSS_BASELINE,C1,O64,4.116666666666657,246,5,-0.0007787634417478111,0.9999996967637049,-0.0007787634417478111,0.9999996967637049,-0.9999996967637049,-0.0007787634417478111,5.971613732786075,40.21437366962156,215.44463167336158,40.632283798821206,48.027913816866004,40.247125588553786,-36.084686351293854,40.18162175068933,84.11262567416084,1.001340781835248,109.34466799774535,0.04461986296132636,-0.0005116547535307322,-0.14816019974218972,0.9999998691046981,0.48399204764588866,0.9999991674104258,0.0012904179381897757,-0.9999991674104258,-0.0012904179381897757,0.9999999543055699,C1,0.9998658298223115,0.012197865507797924,0.016101889795270007,MERGE_EXISTING,RIGHT,True
M1_CROSS_BASELINE,C0,O65,4.216666666666657,252,0,-0.000687215084672638,-0.9999997638676859,-0.000687215084672638,-0.9999997638676859,0.9999997638676859,-0.000687215084672638,2.545262997858458,-44.0151933003946,215.7979093429454,-43.59483078103302,-39.732203613668204,-43.98613958073689,44.82272960938512,-44.0442470200523,84.5549531892101,1.0066065855858344,105.9112757612633,0.016038800423075372,0.0018256789974152074,-0.05659387180875155,0.9999983334467105,0.5248657647468655,0.9999993519489366,0.0011384646269213226,-0.9999993519489366,-0.0011384646269213226,0.9999999421104656,C0,0.99999223837285,0.009552847996263627,0.009756920004585092,MERGE_EXISTING,LEFT,True
M1_CROSS_BASELINE,KNOWN_PARENT_PATH,O66,4.216666666666657,252,2,-0.9999965127437677,-0.0026409279247837265,-0.9999965127437677,-0.0026409279247837265,-0.0026409279247837265,0.9999965127437677,-39.84397829680795,-1.6622683747721396,173.40866804827897,-1.2419058554105549,-39.732203613668204,-43.98613958073689,-39.95575297994769,40.66160283119261,84.64803760132618,1.0077147333491212,110.12136232685135,0.15131419997885587,0.9999988712979889,0.9991776859631752,0.0015024655565241195,0.019284391564450547,0.9999993519489366,0.0011384646269213226,-0.9999993519489366,-0.0011384646269213226,0.9999999421104656,C1,0.014518603077401243,0.7060056436786417,0.7207584579907851,KNOWN_PARENT_PATH,INCOMING_PATH,True
M1_CROSS_BASELINE,C2,O67,4.216666666666657,252,3,0.9999907536501357,0.004300303969904777,0.9999907536501358,0.004300303969904778,-0.004300303969904777,0.9999907536501357,44.64163481247981,-1.932544287681889,257.89428115756675,-1.5121817683203043,44.82272960938512,-44.0442470200523,44.460540015574495,40.179158444688525,84.22418423101527,1.0026688598930389,105.31655467452559,0.21600060852472325,-0.9999950013490192,-0.9990144095638953,0.003161847082809143,0.5319457776842194,0.9999993519489366,0.0011384646269213226,-0.9999993519489366,-0.0011384646269213226,0.9999999421104656,C2,0.9999906866271127,0.010507770060489738,0.01381327124606747,MERGE_EXISTING,FORWARD,True
M1_CROSS_BASELINE,C1,O68,4.216666666666657,252,5,0.0057149691225857275,0.9999836694306201,0.005714969122585728,0.9999836694306202,-0.9999836694306201,0.0057149691225857275,2.2523935178134025,40.42038063794057,215.50503986290033,40.84074315730215,44.460540015574495,40.179158444688525,-39.95575297994769,40.66160283119261,84.41767158416488,1.0049722807638677,109.5169115867491,0.32744539323024924,-0.006853411454139657,-0.05677455257978948,0.9999765150999498,0.4819415287291773,0.9999993519489366,0.0011384646269213226,-0.9999993519489366,-0.0011384646269213226,0.9999999421104656,C1,0.9997383775800142,0.011270099951282711,0.016760847928643477,MERGE_EXISTING,RIGHT,True
M1_CROSS_BASELINE,C0,O69,4.316666666666657,258,0,-5.694782943723537e-07,-0.9999999999998378,-5.694782943723538e-07,-0.9999999999998379,0.9999999999998378,-5.694782943723537e-07,-1.4550082742711794,-43.82324017570038,215.49669036377492,-43.40037930819135,-43.64278596777389,-43.82321615067669,40.73276941923153,-43.82326420072406,84.3755553870191,1.0044708974645131,106.15261206667702,3.262870279741037e-05,0.00098285514000294,0.03416519394672663,0.9999995169977701,0.5216927997134084,0.9999995175573226,0.0009822856619834677,-0.9999995175573226,-0.0009822856619834677,0.999999956588419,C0,0.999989297285241,0.006404687125237394,0.006932051467530199,MERGE_EXISTING,LEFT,True
M1_CROSS_BASELINE,KNOWN_PARENT_PATH,O70,4.316666666666657,258,2,-0.9999967143081736,0.0025634689108586435,-0.9999967143081736,0.0025634689108586435,0.0025634689108586435,0.9999967143081736,-43.534896493329754,-1.7360585902468095,173.41680214471637,-1.3131977227377811,-43.64278596777389,-43.82321615067669,-43.42700701888562,40.351098970183074,84.17459169262769,1.002078472531282,106.43050250331426,0.14687611036843862,0.9999937138083254,0.9992445012479442,0.0035457501086273357,0.020133120877247154,0.9999995175573226,0.0009822856619834677,-0.9999995175573226,-0.0009822856619834677,0.999999956588419,C0,0.0020637006330627146,0.7059644227190564,0.712163314025996,KNOWN_PARENT_PATH,INCOMING_PATH,True
M1_CROSS_BASELINE,C2,O71,4.316666666666657,258,3,0.9999981961758914,0.0018993801524582994,0.9999981961758914,0.0018993801524582994,-0.0018993801524582994,0.9999981961758914,40.6527914181291,-1.7159184265408847,257.6044900561752,-1.2930575590318563,40.73276941923153,-43.82326420072406,40.57281341702667,40.39142734764229,84.21484345713128,1.0025576602039439,109.31101099643229,0.10882653186143898,-0.9999995794679746,-0.9990684772201064,0.0009170953460033444,0.48439272623294893,0.9999995175573226,0.0009822856619834677,-0.9999995175573226,-0.0009822856619834677,0.999999956588419,C2,0.9999981665052549,0.006295169206290615,0.010843045180285019,MERGE_EXISTING,FORWARD,True
M1_CROSS_BASELINE,C1,O72,4.316666666666657,258,5,-0.0004801007026224287,0.9999998847516511,-0.0004801007026224287,0.9999998847516511,-0.9999998847516511,-0.0004801007026224287,-1.4270968009294727,40.37126315891268,215.52460183711665,40.79412402642171,40.57281341702667,40.39142734764229,-43.42700701888562,40.351098970183074,83.99983011675401,0.9999979775804049,109.60352126329073,0.002001552738988721,-0.0005021850777753066,0.03434556780363902,0.9999998739050658,0.48062225788838864,0.9999995175573226,0.0009822856619834677,-0.9999995175573226,-0.0009822856619834677,0.999999956588419,C1,0.9998608929683046,0.011762038911634362,0.016122773281805395,MERGE_EXISTING,RIGHT,True
M1_CROSS_BASELINE,C0,O73,4.416666666666656,264,0,0.00034751103073053113,-0.99999993961804,0.00034751103073053113,-0.99999993961804,0.99999993961804,0.00034751103073053113,-5.149716638271929,-43.88940575883382,215.51438253438974,-43.46350832191689,-47.14970664025473,-43.90400121953138,36.85027336371087,-43.87481029813625,83.99998507604933,0.9999998223339206,105.80950872282534,0.013595040056529228,0.0005202454163680827,0.1173962963712015,0.9999998646723443,0.5224444787641978,0.9999996234993714,0.0008677563686573228,-0.9999996234993714,-0.0008677563686573228,0.9999999804443386,C0,0.9999876262808196,0.006375316489645554,0.0073120551201890675,MERGE_EXISTING,LEFT,True
M1_CROSS_BASELINE,KNOWN_PARENT_PATH,O74,4.416666666666656,264,3,-0.9999907367945782,-0.004304221769006487,-0.9999907367945782,-0.004304221769006487,-0.004304221769006487,0.9999907367945782,-47.33152745646782,-1.6619556821129962,173.33257171619385,-1.23605824519607,-47.14970664025473,-43.90400121953138,-47.51334827268091,40.58008985530539,84.48487367557667,1.005772305661627,102.63930334072698,0.24661450293314147,0.9999940953132894,0.999414179847753,0.0034364718180124624,0.019214621683435056,0.9999996234993714,0.0008677563686573228,-0.9999996234993714,-0.0008677563686573228,0.9999999804443386,C1,0.012855455009161134,0.7065866890493944,0.7194356617026506,KNOWN_PARENT_PATH,INCOMING_PATH,True
M1_CROSS_BASELINE,C2,O75,4.416666666666656,264,4,0.9999934277217865,-0.003625536268255178,0.9999934277217865,-0.003625536268255178,0.003625536268255178,0.9999934277217865,37.00331691331994,-1.6624222703812706,257.66741608598164,-1.2365248334643444,36.85027336371087,-43.87481029813625,37.156360462929015,40.54996575737371,84.42533092227306,1.0050634633603936,112.95935866655859,0.2077283817257296,-0.9999899051414458,-0.9989530167942566,0.004493285568759541,0.4409600158743029,0.9999996234993714,0.0008677563686573228,-0.9999996234993714,-0.0008677563686573228,0.9999999804443386,C2,0.9999934840050729,0.006269989307282327,0.009608348471967846,MERGE_EXISTING,FORWARD,True
M1_CROSS_BASELINE,C1,O76,4.416666666666656,264,8,0.00035578362645792723,0.9999999367090036,0.00035578362645792723,0.9999999367090036,-0.9999999367090036,0.00035578362645792723,-5.178493904875946,40.56502780633955,215.48560526778573,40.99092524325648,37.156360462929015,40.54996575737371,-47.51334827268091,40.58008985530539,84.66971409444051,1.0079727868385775,109.10576715413359,0.020384900645950665,-0.0012235398062413257,0.12577058025104654,0.9999992514748911,0.4829654449364151,0.9999996234993714,0.0008677563686573228,-0.9999996234993714,-0.0008677563686573228,0.9999999804443386,C1,0.9998466018099419,0.010243863940487909,0.013913599119043107,MERGE_EXISTING,RIGHT,True
M1_CROSS_BASELINE,C0,O77,4.516666666666656,270,0,0.0026833185043377305,-0.9999963998944217,0.002683318504337731,-0.9999963998944218,0.9999963998944217,0.0026833185043377305,-9.279205550968477,-43.951099491607366,215.17948451107523,-43.52191421706773,-51.59753520667221,-44.06465345745144,33.03912410473526,-43.83754552576328,84.63696401341375,1.0075829049215923,105.08004004700925,0.15282563258853088,-0.0018835707980830343,0.20735442491624897,0.9999982260789508,0.5231370734366251,0.9999996802001357,0.0007997497273132572,-0.9999996802001357,-0.0007997497273132572,0.9999999933968472,C0,0.999973278446482,0.002360938034538622,0.004291525782970648,MERGE_EXISTING,LEFT,True
M1_CROSS_BASELINE,KNOWN_PARENT_PATH,O78,4.516666666666656,270,2,-0.999988348890213,0.004827223200304742,-0.999988348890213,0.004827223200304742,0.004827223200304742,0.999988348890213,-51.39289848349472,-1.672924208294173,173.06579157854898,-1.2437389337545413,-51.59753520667221,-44.06465345745144,-51.18826176031722,40.718805040863096,84.78444633120696,1.009338646800083,98.57988049467903,0.27658059030287063,0.9999841685236367,0.9994963151226023,0.0056269620659008,0.01930551338404632,0.9999996802001357,0.0007997497273132572,-0.9999996802001357,-0.0007997497273132572,0.9999999933968472,C1,0.021985514581795994,0.7088690067019842,0.7238155596866299,KNOWN_PARENT_PATH,INCOMING_PATH,True
M1_CROSS_BASELINE,C2,O79,4.516666666666656,270,3,0.9999921609367639,-0.003959553639127856,0.999992160936764,-0.003959553639127857,0.003959553639127856,0.9999921609367639,33.2060654592011,-1.676215987928316,257.6647555212448,-1.2470307133886842,33.03912410473526,-43.83754552576328,33.37300681366693,40.48511354990665,84.3233200915084,1.0038490487084335,116.75165442734128,0.2268663050844566,-0.9999886744874633,-0.9986877155755988,0.004759295830887711,0.3958136377697465,0.9999996802001357,0.0007997497273132572,-0.9999996802001357,-0.0007997497273132572,0.9999999933968472,C2,0.9999922224165282,0.006336801181864204,0.010126413361786624,MERGE_EXISTING,FORWARD,True
M1_CROSS_BASELINE,C1,O80,4.516666666666656,270,5,0.0027635654302534973,0.9999961813457653,0.0027635654302534973,0.9999961813457653,-0.9999961813457653,0.0027635654302534973,-8.907627473325142,40.60195929538487,215.55106258871857,41.03114456992451,33.37300681366693,40.48511354990665,-51.18826176031722,40.718805040863096,84.56159148546357,1.0066856129221853,108.43240533988492,0.15834083711143876,-0.003563311219811222,0.213511349197891,0.999993651386423,0.48344371597903724,0.9999996802001357,0.0007997497273132572,-0.9999996802001357,-0.0007997497273132572,0.9999999933968472,C1,0.9998015313852212,0.010796431528481303,0.015260087726031612,MERGE_EXISTING,RIGHT,True
M1_CROSS_BASELINE,C0,O81,4.616666666666656,276,0,-0.0025743200035855877,-0.9999966864327696,-0.002574320003585588,-0.9999966864327697,0.9999966864327696,-0.0025743200035855877,-13.066522035754845,-44.239415802523794,215.28218985776923,-43.80756557622955,-55.483483117314144,-44.13022060929461,29.350439045804453,-44.34861099575298,84.83420326695456,1.0099309912732686,103.87126807878349,0.14749783423626184,0.0033196566822367183,0.2839768461189808,0.9999944899245755,0.5265385162165084,0.9999997222342054,0.0007453398634429192,-0.9999997222342054,-0.0007453398634429192,0.9999999957554216,C0,0.9999978929021888,0.004242896542974066,0.00456330495785053,MERGE_EXISTING,LEFT,True
M1_CROSS_BASELINE,KNOWN_PARENT_PATH,O82,4.616666666666656,276,2,-0.9999892528912183,0.004636173213220114,-0.9999892528912183,0.004636173213220114,0.004636173213220114,0.9999892528912183,-55.28807117323058,-1.9812682334566745,173.0606407202935,-1.549418007162429,-55.483483117314144,-44.13022060929461,-55.092659229147,40.16768414238126,84.29881072016485,1.003557270478153,94.67644048084836,0.23050993713223988,0.9999855196036993,0.9993849458502442,0.005381503778644105,0.022944539394767753,0.9999997222342054,0.0007453398634429192,-0.9999997222342054,-0.0007453398634429192,0.9999999957554216,C0,-9.016005424418438e-06,0.706949829693778,0.7109501141456838,KNOWN_PARENT_PATH,INCOMING_PATH,True
M1_CROSS_BASELINE,C2,O83,4.616666666666656,276,3,0.9999975139062138,0.002229838871283623,0.9999975139062138,0.002229838871283623,-0.002229838871283623,0.9999975139062138,29.256209821170653,-2.0904049950357795,257.60492171469474,-1.658554768741534,29.350439045804453,-44.34861099575298,29.161980596536853,40.16780100568142,84.51662211768347,1.0061502633057555,120.66920379287953,0.12297656877493068,-0.9999988981289096,-0.9974036649411092,0.0014845002414525413,0.349176145322863,0.9999997222342054,0.0007453398634429192,-0.9999997222342054,-0.0007453398634429192,0.9999999957554216,C2,0.9999974790944638,0.010147345532248195,0.011324840979049462,MERGE_EXISTING,FORWARD,True
M1_CROSS_BASELINE,C1,O84,4.616666666666656,276,5,-1.387025099135079e-06,0.9999999999990381,-1.387025099135079e-06,0.9999999999990381,-0.9999999999990381,-1.387025099135079e-06,-12.965339316305075,40.16774257403134,215.383372577219,40.59959280032558,29.161980596536853,40.16780100568142,-55.092659229147,40.16768414238126,84.2546398257649,1.0030314264972011,107.79161733635632,7.94706842270898e-05,-0.0007439528387283352,0.30646512088117284,0.9999997232670487,0.4783075547759725,0.9999997222342054,0.0007453398634429192,-0.9999997222342054,-0.0007453398634429192,0.9999999957554216,C1,0.9998527938540228,0.011955387019270847,0.0157080207268828,MERGE_EXISTING,RIGHT,True
M1_CROSS_BASELINE,C0,O85,4.716666666666655,282,0,0.002879269917139606,-0.9999958548937812,0.002879269917139606,-0.9999958548937812,0.9999958548937812,0.002879269917139606,-17.161337897312954,-43.95581273270501,215.13652366099402,-43.522293759030234,-59.57470638748169,-44.077932774883855,25.252030592855782,-43.83369269052616,84.82708859762994,1.0098462928289278,102.81287260895847,0.16497024227086854,-0.0021955577039398473,0.36432366320332094,0.9999975897602797,0.5231412437108504,0.9999997662672999,0.0006837143742889313,-0.9999997662672999,-0.0006837143742889313,0.9999999878766478,C0,0.9999718267536648,0.0018939130371594085,0.004246805819808959,MERGE_EXISTING,LEFT,True
M1_CROSS_BASELINE,KNOWN_PARENT_PATH,O86,4.716666666666655,282,2,-0.9999893328465695,0.004618895222108763,-0.9999893328465695,0.004618895222108763,0.004618895222108763,0.9999893328465695,-59.378970981284354,-1.7012801673877753,172.91889057702264,-1.2677611937129951,-59.57470638748169,-44.077932774883855,-59.18323557508702,40.675372440108305,84.75420930114666,1.0089786821565079,90.59666213920167,0.2646441432405311,0.999985941111306,0.9996091538042784,0.00530260122352471,0.019591192527160014,0.9999997662672999,0.0006837143742889313,-0.9999997662672999,-0.0006837143742889313,0.9999999878766478,C1,0.02177723415962274,0.7102969023354908,0.7234937841047426,KNOWN_PARENT_PATH,INCOMING_PATH,True
M1_CROSS_BASELINE,C2,O87,4.716666666666655,282,3,0.9999996580014754,0.0008270410705111629,0.9999996580014754,0.0008270410705111629,-0.0008270410705111629,0.9999996580014754,25.2172655692976,-1.7982812603423994,257.51512712760456,-1.3647622866676192,25.252030592855782,-43.83369269052616,25.182500545739416,40.237130169841365,84.07085161247474,1.0008434715770802,124.7186966656428,0.04738596822625141,-0.9999999897287233,-0.9974181248077829,0.00014332673674499633,0.3009678968375856,0.9999997662672999,0.0006837143742889313,-0.9999997662672999,-0.0006837143742889313,0.9999999878766478,C2,0.9999996450137608,0.006506740497654427,0.011139894744856623,MERGE_EXISTING,FORWARD,True
M1_CROSS_BASELINE,C1,O88,4.716666666666655,282,5,0.005194482711919768,0.9999865085836686,0.005194482711919769,0.9999865085836687,-0.9999865085836686,0.005194482711919768,-17.0003675146738,40.456251304974835,215.29749404363318,40.889770278649614,25.182500545739416,40.237130169841365,-59.18323557508702,40.675372440108305,84.36687434945286,1.0043675517792008,106.11696494902324,0.29077691538768136,-0.005878186647812954,0.38677140268143695,0.9999827233116247,0.4817627435785735,0.9999997662672999,0.0006837143742889313,-0.9999997662672999,-0.0006837143742889313,0.9999999878766478,C1,0.999750147446522,0.00888842093291936,0.01513708635366638,MERGE_EXISTING,RIGHT,True
M1_CROSS_BASELINE,C0,O89,4.816666666666655,288,1,0.0007282768040633749,-0.9999997348064131,0.000728276804063375,-0.9999997348064132,0.9999997348064131,0.0007282768040633749,-20.716704592640507,-43.864970610783416,215.52575830212103,-43.43065811358823,-62.75465739870467,-43.89558588482136,21.321248213423658,-43.834355336745475,84.07592790852523,1.0009039036729195,99.97919943438538,0.04172719087870291,-0.00012222906099803124,0.42759958367353457,0.9999999925300282,0.5220534971159084,0.9999998163530333,0.0006060477700394996,-0.9999998163530333,-0.0006060477700394996,0.9999999699041134,C0,0.999985659608256,0.006612229387046091,0.007550752937218342,MERGE_EXISTING,LEFT,True
M1_CROSS_BASELINE,KNOWN_PARENT_PATH,O90,4.816666666666655,288,3,-0.9999592137840873,-0.009031653686353095,-0.9999592137840873,-0.009031653686353095,-0.009031653686353095,0.9999592137840873,-63.135605864730636,-1.718046553882978,173.10685703003088,-1.2837340566877886,-62.75465739870467,-43.89558588482136,-63.51655433075659,40.4594927770554,84.3585193266601,1.0042680872221441,86.84102271356892,0.5174826736576392,0.9999645037581871,0.999646260926949,0.008425628976072994,0.019781729694976363,0.9999998163530333,0.0006060477700394996,-0.9999998163530333,-0.0006060477700394996,0.9999999699041134,C0,0.01365852557960872,0.7088056364007906,0.7171009163935337,KNOWN_PARENT_PATH,INCOMING_PATH,True
M1_CROSS_BASELINE,C2,O91,4.816666666666655,288,7,0.9999999863606032,0.00016516293015352923,0.9999999863606032,0.00016516293015352923,-0.00016516293015352923,0.9999999863606032,21.314311372827046,-1.8343708635357565,257.5567742675886,-1.4000583663405672,21.321248213423658,-43.834355336745475,21.307374532230433,40.16561360967396,83.99997009212836,0.9999996439539091,128.60689864085123,0.004194962621113518,-0.9999999028102645,-0.9962648885890748,0.00044088486195151543,0.2546797780851047,0.9999998163530333,0.0006060477700394996,-0.9999998163530333,-0.0006060477700394996,0.9999999699041134,C2,0.9999999836700619,0.007097088324101035,0.01166543041888024,MERGE_EXISTING,FORWARD,True
M1_CROSS_BASELINE,C1,O92,4.816666666666655,288,9,0.0034645577913680783,0.9999939984016456,0.0034645577913680783,0.9999939984016456,-0.9999939984016456,0.0034645577913680783,-21.10458989926308,40.31255319336468,215.13787299549844,40.746865690559865,21.307374532230433,40.16561360967396,-63.51655433075659,40.4594927770554,84.82443794519422,1.0098147374427884,88.1680592870554,0.19850493644034373,-0.004070601287896749,0.46327149875637186,0.9999917150682575,0.4800627921728925,0.9999998163530333,0.0006060477700394996,-0.9999998163530333,-0.0006060477700394996,0.9999999699041134,C1,0.9997873202929595,0.00872505500715895,0.012975574343063925,MERGE_EXISTING,RIGHT,True
M1_CROSS_BASELINE,C0,O93,4.9166666666666545,294,1,0.006481273682450388,-0.9999789963251494,0.006481273682450388,-0.9999789963251494,0.9999789963251494,0.006481273682450388,-24.741182926002697,-44.108528569443685,215.37638130669944,-43.67408749496586,-67.05613424866058,-44.38278911030462,17.57376839665519,-43.83426802858275,84.63168022160922,1.007520002638205,86.82713401619621,0.37135222779774324,-0.005988406936869034,0.4896412917927226,0.9999820693304248,0.5249502549743656,0.9999998785364639,0.0004928763105567023,-0.9999998785364639,-0.0004928763105567023,0.9999999496028564,C0,0.9999383013274763,0.004629268560313211,0.007240226226081387,MERGE_EXISTING,LEFT,True
M1_CROSS_BASELINE,KNOWN_PARENT_PATH,O94,4.9166666666666545,294,4,-0.9999930190924549,0.0037365447082936946,-0.999993019092455,0.003736544708293695,0.0037365447082936946,0.9999930190924549,-66.89817382262802,-2.108619882561218,173.2193904100741,-1.674178808083397,-67.05613424866058,-44.38278911030462,-66.74021339659545,40.165549345182185,84.54892868374098,1.0065348652826307,83.06860274421513,0.19274641034510864,0.9999910559753966,0.9995190258775789,0.004229417124272508,0.02443011134921457,0.9999998785364639,0.0004928763105567023,-0.9999998785364639,-0.0004928763105567023,0.9999999496028564,C0,0.0008906202954698508,0.7045636977761817,0.7123228896067861,KNOWN_PARENT_PATH,INCOMING_PATH,True
M1_CROSS_BASELINE,C2,O95,4.9166666666666545,294,9,0.9999997381982128,-0.0007236045230467278,0.9999997381982129,-0.0007236045230467279,0.0007236045230467278,0.9999997381982128,17.604303587708067,-1.635550239838583,257.7218678204102,-1.2011091653607622,17.57376839665519,-43.83426802858275,17.63483877876094,40.56316754890558,84.39745767289358,1.0047316389630188,132.31988321884646,0.018545206236169065,-0.9999992600871808,-0.9956662358827822,0.0012164806166759668,0.21047758072801812,0.9999998785364639,0.0004928763105567023,-0.9999998785364639,-0.0004928763105567023,0.9999999496028564,C2,0.999999749334677,0.006475907809791545,0.010218893701561356,MERGE_EXISTING,FORWARD,True
M1_CROSS_BASELINE,C1,O96,4.9166666666666545,294,13,-0.004712456803810586,0.9999888963137902,-0.004712456803810586,0.9999888963137902,-0.9999888963137902,-0.004712456803810586,-24.552687308917257,40.364358447043884,215.56487692378488,40.7987995215217,17.63483877876094,40.56316754890558,-66.74021339659545,40.165549345182185,84.37598905986255,1.0044760602364589,82.09117362040953,0.2700048853466228,0.004219585393606109,0.519264420959528,0.9999910975099259,0.480677592210869,0.9999998785364639,0.0004928763105567023,-0.9999998785364639,-0.0004928763105567023,0.9999999496028564,C1,0.9999225300016191,0.012138205955268497,0.01452729821208318,MERGE_EXISTING,RIGHT,True
M1_CROSS_BASELINE,C0,O97,5.016666666666654,300,0,-0.003776215814155881,-0.9999928700716446,-0.003776215814155881,-0.9999928700716446,0.9999928700716446,-0.003776215814155881,-28.207263905317316,-44.069597961091866,215.674180569002,-43.635519739650285,-70.35718410620561,-43.91042963100507,13.942656295570977,-44.22876629117866,84.3004414578845,1.0035766840224345,76.85756690777035,0.18804152947163288,0.004113941544382626,0.5393750110757729,0.9999915377066796,0.5244935279935559,0.9999999429697779,0.00033772835356413633,-0.9999999429697779,-0.00033772835356413633,0.9999999456185702,C0,0.9999996379428984,0.008093654997690115,0.008100787506490124,MERGE_EXISTING,LEFT,True
M1_CROSS_BASELINE,KNOWN_PARENT_PATH,O98,5.016666666666654,300,2,-0.9999221310260051,-0.012479258167559551,-0.9999221310260051,-0.012479258167559551,-0.012479258167559551,0.9999221310260051,-70.88324962051695,-1.7585209945674976,172.99819485380237,-1.324442773125913,-70.35718410620561,-43.91042963100507,-71.40931513482829,40.39338764187008,84.31038243585255,1.0036950289982447,79.09494042839502,0.7150273840345989,0.9999262885995386,0.9997007252895139,0.012141555400860931,0.020266135253493595,0.9999999429697779,0.00033772835356413633,-0.9999999429697779,-0.00033772835356413633,0.9999999456185702,C0,0.017105921565248774,0.7093724521542116,0.7181139839434286,KNOWN_PARENT_PATH,INCOMING_PATH,True
M1_CROSS_BASELINE,C2,O99,5.016666666666654,300,3,0.9999974857564762,0.0022424274183236244,0.9999974857564762,0.0022424274183236244,-0.0022424274183236244,0.9999974857564762,13.848031532456506,-2.0314026523097333,257.7294760067758,-1.5973244308681487,13.942656295570977,-44.22876629117866,13.753406769342037,40.16596098655919,84.39493946716784,1.0047016603234267,136.00376571860414,0.08389936554542032,-0.9999981860577175,-0.989362167139002,0.0019046997860046803,0.166621836683284,0.9999999429697779,0.00033772835356413633,-0.9999999429697779,-0.00033772835356413633,0.9999999456185702,C2,0.9999974507488798,0.010143361833402703,0.012091817482847276,MERGE_EXISTING,FORWARD,True
M1_CROSS_BASELINE,C1,O100,5.016666666666654,300,5,0.0026704858567033253,0.9999964342462873,0.0026704858567033253,0.9999964342462873,-0.9999964342462873,0.0026704858567033253,-28.827954182743127,40.27967431421463,215.0534902915762,40.71375253565621,13.753406769342037,40.16596098655919,-71.40931513482829,40.39338764187008,85.16302557454496,1.0138455425541066,70.16598742010548,0.153007750701164,-0.0030082128537129295,0.5817220224183952,0.9999954753174769,0.47966926554385736,0.9999999429697779,0.00033772835356413633,-0.9999999429697779,-0.00033772835356413633,0.9999999456185702,C1,0.9998033814197148,0.008496118367563355,0.011554784626119897,MERGE_EXISTING,RIGHT,True
M1_CROSS_BASELINE,C0,O101,5.116666666666654,306,1,0.0036878838990664214,-0.9999931997330517,0.0036878838990664214,-0.9999931997330517,0.9999931997330517,0.0036878838990664214,-32.439086151767626,-43.99006166701856,215.09487796915954,-43.55665386129454,-74.95804644857883,-44.14686772242525,10.079874145043568,-43.83325561161187,85.03849887811566,1.0123630818823293,71.22983257074017,0.21130066171794226,-0.0035223099728488513,0.5936329211368194,0.9999937966469868,0.5235499648335183,0.9999999862924593,0.00016557500161996282,-0.9999999862924593,-0.00016557500161996282,0.999999961631849,C0,0.9999654300372667,0.0012721733159459867,0.005011571070803572,MERGE_EXISTING,LEFT,True
M1_CROSS_BASELINE,KNOWN_PARENT_PATH,O102,5.116666666666654,306,3,-0.9999975006310795,0.0022357843353840875,-0.9999975006310795,0.0022357843353840875,0.0022357843353840875,0.9999975006310795,-74.86331808985793,-1.7777892470999355,172.67064603106925,-1.3443814413759185,-74.95804644857883,-44.14686772242525,-74.76858973113701,40.59128922822538,84.73836874309583,1.0087901040844742,75.11557618549534,0.12810111304295901,0.9999971167335782,0.9997220731318867,0.0024013588925239325,0.02050282542846384,0.9999999862924593,0.00016557500161996282,-0.9999999862924593,-0.00016557500161996282,0.999999961631849,C0,0.002391385338999089,0.7119584090564072,0.7147670601884533,KNOWN_PARENT_PATH,INCOMING_PATH,True
M1_CROSS_BASELINE,C2,O103,5.116666666666654,306,7,0.99999966677093,0.0008163688069387379,0.99999966677093,0.0008163688069387379,-0.0008163688069387379,0.99999966677093,10.045586660416172,-1.8332760553336627,257.57955078134336,-1.3998682496096457,10.079874145043568,-43.83325561161187,10.011299175788775,40.16670350094454,83.999987103794,0.9999998464737381,139.78850096964254,0.04272276041254486,-0.9999997882336604,-0.9837226589521032,0.0006507938493027702,0.12156546464711254,0.9999999862924593,0.00016557500161996282,-0.9999999862924593,-0.00016557500161996282,0.999999961631849,C2,0.9999996539492492,0.00721856688568797,0.011840051344275127,MERGE_EXISTING,FORWARD,True
M1_CROSS_BASELINE,C1,O104,5.116666666666654,306,9,0.0050080320738183845,0.9999874597287446,0.0050080320738183845,0.9999874597287446,-0.9999874597287446,0.0050080320738183845,-32.37864527767412,40.378996364584964,215.15531884325307,40.81240417030898,10.011299175788775,40.16670350094454,-74.76858973113701,40.59128922822538,84.7809520830622,1.0092970486078834,65.82106634097416,0.2869403009333382,-0.00517360493043511,0.6254543160569666,0.9999866168164571,0.480842870637822,0.9999999862924593,0.00016557500161996282,-0.9999999862924593,-0.00016557500161996282,0.999999961631849,C1,0.9997542977957262,0.008253336417455513,0.013551106437468994,MERGE_EXISTING,RIGHT,True
M1_CROSS_BASELINE,C0,O105,5.2166666666666535,312,0,-0.32471545130690066,-0.9458117548870683,-0.3247154513069007,-0.9458117548870684,0.9458117548870683,-0.32471545130690066,-35.952409613813764,-58.85923548524817,215.1688465662098,-58.42634764409074,-78.32712528849206,-44.31117679047365,6.422306060864522,-73.40729418002269,89.60496727964205,1.0667258009481198,81.02909773718089,18.94833658870752,0.32474498633530313,0.5212958861510685,0.9458016144256065,0.7005706774247317,0.9999999995124266,3.122734156402644e-05,-0.9999999995124266,-3.122734156402644e-05,0.9999999812455778,C0,0.9473041391139172,0.17656538279167547,0.17661748013129303,MERGE_EXISTING,LEFT,True
M1_CROSS_BASELINE,C0,O106,5.2166666666666535,312,1,-0.005338031004250891,-0.9999857526110048,-0.005338031004250892,-0.9999857526110049,0.9999857526110048,-0.005338031004250891,-35.822375731622095,-44.5380716940961,215.29888044840146,-44.105183852938666,-78.32712528849206,-44.31117679047365,6.682373825247867,-44.76496659771854,85.01071029439825,1.012032265409503,66.11552769544491,0.3058480999672213,0.005369257898304153,0.6267646485379431,0.9999855854309209,0.5300817253507157,0.9999999995124266,3.122734156402644e-05,-0.9999999995124266,-3.122734156402644e-05,0.9999999812455778,C0,0.9999997473230187,0.007057618054498986,0.007327104613865078,MERGE_EXISTING,LEFT,True
M1_CROSS_BASELINE,KNOWN_PARENT_PATH,O107,5.2166666666666535,312,3,-0.9999989696861271,0.0014354883086561416,-0.9999989696861271,0.0014354883086561416,0.0014354883086561416,0.9999989696861271,-78.26610322984318,-1.8016032822596237,172.85515295018035,-1.3687154411021956,-78.32712528849206,-44.31117679047365,-78.20508117119431,40.707970225954405,85.01923461292495,1.0121337453919637,71.71316401098382,0.08224744987325039,0.9999989243720705,0.9997358874223079,0.001466715617346299,0.020792898563623485,0.9999999995124266,3.122734156402644e-05,-0.9999999995124266,-3.122734156402644e-05,0.9999999812455778,C0,0.0031916795958270286,0.7102005077011997,0.7155279431123601,KNOWN_PARENT_PATH,INCOMING_PATH,True
M1_CROSS_BASELINE,C2,O108,5.2166666666666535,312,5,0.9999957898332111,-0.0029017780501404094,0.9999957898332111,-0.0029017780501404094,0.0029017780501404094,0.9999957898332111,6.5873675678579175,-16.524648710658102,257.70862374788146,-16.091760869500675,6.422306060864522,-73.40729418002269,6.752429074851314,40.357996758706484,113.76576991159537,1.3543544037094688,29.486002477214132,0.16625986868406528,-0.9999956987308254,-0.3702714521481897,0.0029330052588172895,0.21177678936892086,0.9999999995124266,3.122734156402644e-05,-0.9999999995124266,-3.122734156402644e-05,0.9999999812455778,C2,0.9999958348566244,0.1813406441906152,0.18202712139784533,MERGE_EXISTING,FORWARD,True
M1_CROSS_BASELINE,C2,O109,5.2166666666666535,312,7,0.9999996613448494,-0.0008229885699061297,0.9999996613448496,-0.00082298856990613,0.0008229885699061297,0.9999996613448494,6.71740145004959,-2.203484919506028,257.83865763007316,-1.7705970783486,6.682373825247867,-44.76496659771854,6.752429074851314,40.357996758706484,85.12299218376477,1.0133689545686282,134.7765152448384,0.04715377696608414,-0.9999996351575309,-0.9501754840880398,0.0008542159004935887,0.08416155439416058,0.9999999995124266,3.122734156402644e-05,-0.9999999995124266,-3.122734156402644e-05,0.9999999812455778,C2,0.9999996740274817,0.01258080883540261,0.012736745880417363,MERGE_EXISTING,FORWARD,True
M1_CROSS_BASELINE,C1,O110,5.2166666666666535,312,9,0.004119359157900397,0.9999915154040699,0.004119359157900397,0.9999915154040699,-0.9999915154040699,0.004119359157900397,-35.7263260481715,40.532983492330445,215.39493013185205,40.965871333487875,6.752429074851314,40.357996758706484,-78.20508117119431,40.707970225954405,84.95823108230728,1.0114075128846105,64.21755616421558,0.23602256156530643,-0.0041505862325045585,0.6612019386714159,0.9999913862798652,0.4826679188514968,0.9999999995124266,3.122734156402644e-05,-0.9999999995124266,-3.122734156402644e-05,0.9999999812455778,C1,0.9997736017920261,0.009396252103834638,0.014165395479387626,MERGE_EXISTING,RIGHT,True
M1_CROSS_BASELINE,KNOWN_PARENT_PATH,O111,5.316666666666653,318,1,-0.9999998794793968,0.0004909594603597128,-0.999999879479397,0.0004909594603597129,0.0004909594603597128,0.9999998794793968,-81.78698399196179,-1.8253976296785552,172.92678674583144,-1.3924115740044785,-81.80789392076335,-44.41532199158122,-81.76607406316023,40.76452673222411,85.17985898973332,1.0140459403539681,68.19264808705852,0.028129906120710757,0.9999998951851062,0.999750286533282,0.00045785344438317645,0.02107514173691607,0.9999999994519957,-3.3106019697445916e-05,-0.9999999994519957,3.3106019697445916e-05,0.9999999926558465,C0,0.004136202542368445,0.7093985572963168,0.7164122876816768,KNOWN_PARENT_PATH,INCOMING_PATH,True
M1_CROSS_BASELINE,C1,O112,5.316666666666653,318,2,0.007007382659192015,0.9999754479927334,0.007007382659192015,0.9999754479927334,-0.9999754479927334,0.007007382659192015,-39.125961918055296,40.46572381358107,215.58780881973792,40.89870986925515,3.5141502270496403,40.16692089493803,-81.76607406316023,40.76452673222411,85.28231814230462,1.0152656921702932,60.572175870115395,0.40149673766052274,-0.006974277448473729,0.6951294251597882,0.9999756794312908,0.48186681503603074,0.9999999994519957,-3.3106019697445916e-05,-0.9999999994519957,3.3106019697445916e-05,0.9999999926558465,C1,0.999707980567605,0.011807143647730703,0.016520511064694966,MERGE_EXISTING,RIGHT,True
M1_CROSS_BASELINE,C0,O113,5.416666666666653,324,0,0.0075668912322959915,-0.99997137066872,0.0075668912322959915,-0.99997137066872,0.99997137066872,0.0075668912322959915,-43.10218710495046,-44.1542552142061,215.26947769585195,-43.720491763387066,-85.43925088222146,-44.47462434285741,-0.7651233276794542,-43.8338860855548,84.67655178759478,1.0080541879475569,60.441771082004585,0.4335550691169061,-0.007595350772061087,0.6985099165857808,0.999971154907305,0.5255018204488878,0.9999999995950041,-2.846035763066175e-05,-0.9999999995950041,2.846035763066175e-05,0.9999999901805268,C0,0.9999256524295065,0.0035835241890613545,0.0070454734170758,MERGE_EXISTING,LEFT,True
M1_CROSS_BASELINE,KNOWN_PARENT_PATH,O114,5.416666666666653,324,2,-0.9999998006275657,-0.0006314624526062458,-0.9999998006275657,-0.0006314624526062458,-0.0006314624526062458,0.9999998006275657,-85.46616686494073,-1.8497980497261501,172.9054979358617,-1.4160345989071148,-85.43925088222146,-44.47462434285741,-85.49308284766002,40.77502824340511,85.24966958269668,1.0148770188416272,64.5138173070603,0.03618013585975177,0.9999997822509226,0.9997652426638519,0.000659922804306957,0.021356324723896817,0.9999999995950041,-2.846035763066175e-05,-0.9999999995950041,2.846035763066175e-05,0.9999999901805268,C0,0.0052586120745555295,0.7093784041490948,0.7171311238602369,KNOWN_PARENT_PATH,INCOMING_PATH,True
M1_CROSS_BASELINE,C1,O115,5.416666666666653,324,5,0.007181087448660355,0.9999742156591113,0.007181087448660355,0.9999742156591113,-0.9999742156591113,0.007181087448660355,-43.09709248697542,40.47057107892516,215.274572313827,40.9043345297442,-0.7011021262908201,40.166113914445205,-85.49308284766002,40.77502824340511,84.79416708307865,1.0094543700366505,56.89682464564544,0.4114495394470623,-0.007152627821952945,0.7289905791046735,0.9999744196304428,0.4819363131986063,0.9999999995950041,-2.846035763066175e-05,-0.9999999995950041,2.846035763066175e-05,0.9999999901805268,C1,0.9997037677798455,0.008565851877280626,0.014891362700489857,MERGE_EXISTING,RIGHT,True
M1_CROSS_BASELINE,C0,O116,5.516666666666652,330,0,0.007673878795268651,-0.9999705553586243,0.007673878795268651,-0.9999705553586243,0.9999705553586243,0.007673878795268651,-46.536282064012646,-44.16182321910756,215.57582395218878,-43.72768888893613,-89.23757476274403,-44.489517412516925,-3.8349893652812597,-43.8341290256982,85.40510012000746,1.0167273823810412,59.01586933754466,0.4396851829298072,-0.007686830129137263,0.7253612490454178,0.9999704558848556,0.5255899826024452,0.9999999999161265,-1.2951715870875372e-05,-0.9999999999161265,1.2951715870875372e-05,0.9999999886063777,C0,0.9999243420798556,0.00708494695499115,0.010341331259871332,MERGE_EXISTING,LEFT,True
M1_CROSS_BASELINE,KNOWN_PARENT_PATH,O117,5.516666666666652,330,2,-0.999998002130708,-0.0019989333636942623,-0.999998002130708,-0.0019989333636942623,-0.0019989333636942623,0.999998002130708,-89.32275979536954,-1.874358756350535,172.7893462208319,-1.4402244261791068,-89.23757476274403,-44.489517412516925,-89.40794482799502,40.740799899815855,85.23048759170668,1.014648661806032,60.65757649241435,0.11453052153990484,0.9999979761572177,0.999779634409981,0.0020118850535216447,0.021644061540752237,0.9999999999161265,-1.2951715870875372e-05,-0.9999999999161265,1.2951715870875372e-05,0.9999999886063777,C0,0.006626060024461417,0.7101522574228588,0.7176981808002386,KNOWN_PARENT_PATH,INCOMING_PATH,True
M1_CROSS_BASELINE,C1,O118,5.516666666666652,330,5,0.006748920315716117,0.9999772257779534,0.006748920315716117,0.9999772257779534,-0.9999772257779534,0.006748920315716117,-46.81477399026442,40.453335437058826,215.297332025937,40.88746976723026,-4.221603152533817,40.16587097430179,-89.40794482799502,40.740799899815855,85.18828177230606,1.0141462115750721,55.52701995997809,0.3866875858680885,-0.006735968894244439,0.7566524013458574,0.9999773131041803,0.48173535785692473,0.9999999999161265,-1.2951715870875372e-05,-0.9999999999161265,1.2951715870875372e-05,0.9999999886063777,C1,0.9997141930986474,0.008903077760538858,0.014381925018524562,MERGE_EXISTING,RIGHT,True
M1_CROSS_BASELINE,C0,O119,5.616666666666652,336,0,0.007196327663126294,-0.9999741060988354,0.007196327663126294,-0.9999741060988354,0.9999741060988354,0.007196327663126294,-50.46383004911554,-44.141440109020095,215.4388396036788,-43.70748769301734,-93.19856103155995,-44.448981199203914,-7.729099066671139,-43.83389901883628,85.47167515999777,1.0175199423809258,55.37936001339786,0.4123227619781318,-0.007197579151915519,0.7526823833582068,0.9999740970916955,0.5253483823431158,0.9999999999992167,-1.2515212016282788e-06,-0.9999999999992167,1.2515212016282788e-06,0.999999989994506,C0,0.9999301024862641,0.0054428939969318356,0.009393206876520772,MERGE_EXISTING,LEFT,True
M1_CROSS_BASELINE,KNOWN_PARENT_PATH,O120,5.616666666666652,336,1,-0.9999932943377592,-0.0036621413839047464,-0.9999932943377592,-0.0036621413839047464,-0.0036621413839047464,0.9999932943377592,-93.35438708745468,-1.8987367813632687,172.54828256533963,-1.4647843653605168,-93.19856103155995,-44.448981199203914,-93.51021314334942,40.651507636477376,85.1010594946426,1.0131078511266975,56.62630568602725,0.20982571428493202,0.9999932897537284,0.9997932008255387,0.003663392896711228,0.021935932984258395,0.9999999999992167,-1.2515212016282788e-06,-0.9999999999992167,1.2515212016282788e-06,0.999999989994506,C0,0.008289228455749953,0.7119796176163957,0.7182516289887179,KNOWN_PARENT_PATH,INCOMING_PATH,True
M1_CROSS_BASELINE,C0,O121,5.716666666666652,342,0,0.005891875723658578,-0.9999826427495914,0.005891875723658579,-0.9999826427495915,0.9999826427495914,0.005891875723658578,-54.526411396353666,-44.08561003489591,215.15358145519176,-43.6520060861029,-97.30766011430183,-44.33767621082072,-11.745162678405507,-43.83354385897109,85.56398259136812,1.01861884037343,53.620417767447094,0.3375815655460741,-0.005877595003499277,0.7776360328693246,0.9999827267893056,0.5246855759303811,0.999999999898027,1.4280967436816848e-05,-0.999999999898027,-1.4280967436816848e-05,0.9999999925373965,C0,0.9999446749499524,0.0019973895460501903,0.00804132298505015,MERGE_EXISTING,LEFT,True
M1_CROSS_BASELINE,KNOWN_PARENT_PATH,O122,5.716666666666652,342,2,-0.9999097608363972,0.01343391916378287,-0.9999097608363972,0.01343391916378287,0.01343391916378287,0.9999097608363972,-96.73561445255658,-1.7593315111407009,172.94437839898885,-1.325727562347695,-97.30766011430183,-44.33767621082072,-96.16356879081134,40.819013188539316,85.16437456128921,1.0138616019201097,53.24838838096926,0.7697300238084779,0.9999095688850712,0.9998349169474773,0.013448198841147233,0.02028132040901943,0.999999999898027,1.4280967436816848e-05,-0.999999999898027,-1.4280967436816848e-05,0.9999999925373965,C0,-0.008807035595282647,0.7098133016103395,0.7141533322975571,KNOWN_PARENT_PATH,INCOMING_PATH,True
M1_CROSS_BASELINE,KNOWN_PARENT_PATH,O123,5.716666666666652,342,3,-0.9996890623031183,-0.02493549100202712,-0.9996890623031183,-0.02493549100202712,-0.02493549100202712,0.9996890623031183,-98.36156382864232,-2.0856100348959075,171.3184290229031,-1.6520060861029016,-97.30766011430183,-44.33767621082072,-99.41546754298282,40.1664561410289,84.53041604473103,1.0063144767229883,51.616327533305935,1.4288464916517682,0.9996894183041121,0.9997755840679717,0.02492121447253868,0.02416207438963373,0.999999999898027,1.4280967436816848e-05,-0.999999999898027,-1.4280967436816848e-05,0.9999999925373965,C0,0.02956094260574482,0.7208991066468345,0.7251592660946378,KNOWN_PARENT_PATH,INCOMING_PATH,True
M1_CROSS_BASELINE,C0,O124,5.916666666666651,354,0,0.0005818066244452974,-0.9999998307505115,0.0005818066244452975,-0.9999998307505116,0.9999998307505115,0.0005818066244452974,-61.01739648027933,-43.85772080181711,215.96154730187152,-43.4246590946741,-103.42876899401281,-43.88239602347369,-18.606023966545855,-43.83304558016054,84.8227593836756,1.0097947545675667,52.7010047072374,0.033335065954119614,-0.0005826098082835753,0.8120056498102215,0.9999998302828911,0.5219856694591067,0.9999999999996774,-8.031839744040899e-07,-0.9999999999996774,8.031839744040899e-07,0.9999999935717592,C0,0.9999864332918889,0.011680122412087265,0.01191917176504901,MERGE_EXISTING,LEFT,True
M1_CROSS_BASELINE,KNOWN_PARENT_PATH,O125,5.916666666666651,354,2,-0.9999745974517764,-0.00712772412188424,-0.9999745974517764,-0.00712772412188424,-0.00712772412188424,0.9999745974517764,-103.73120545909151,-1.4524734773334984,173.24773832305934,-1.01941177019049,-103.42876899401281,-43.88239602347369,-104.0336419241702,40.97744906880669,84.86200080334814,1.010261914325573,46.25862606848406,0.40839196778895825,0.99997459172658,0.9999019712321525,0.007128527285453425,0.016635323693291005,0.9999999999996774,-8.031839744040899e-07,-0.9999999999996774,8.031839744040899e-07,0.9999999935717592,C1,0.01003209142213668,0.7054453006186073,0.7194244045396263,KNOWN_PARENT_PATH,INCOMING_PATH,True
M1_CROSS_BASELINE,C0,O126,6.016666666666651,360,0,0.009083916727910686,-0.999958740377262,0.009083916727910686,-0.999958740377262,0.999958740377262,0.009083916727910686,-65.02204351917086,-44.223143463846235,215.46689192126266,-43.79004002515996,-107.70998377256944,-44.610933158450635,-22.334103265772274,-43.835353769241834,85.37940322876399,1.0164214670090952,50.34426080050223,0.5169179499578149,-0.009120318620585889,0.8268578103084064,0.999958409029225,0.5263313752624607,0.9999999993373961,-3.6403400684819644e-05,-0.9999999993373961,3.6403400684819644e-05,0.9999999984467767,C0,0.9999060027576571,0.006069564646014827,0.010280107616759663,MERGE_EXISTING,LEFT,True
M1_CROSS_BASELINE,KNOWN_PARENT_PATH,O127,6.016666666666651,360,3,-0.9999584509331956,0.009115723080701353,-0.9999584509331956,0.009115723080701353,0.009115723080701353,0.9999584509331956,-107.3195539922158,-1.7823440378410211,173.16938144821773,-1.3492405991547471,-107.70998377256944,-44.610933158450635,-106.92912421186216,41.04624508276859,85.66073736491852,1.0197706829156967,42.66564660204381,0.5222996934424913,0.9999587821139391,0.9998615134878598,0.009079321186503748,0.020561697220301073,0.9999999993373961,-3.6403400684819644e-05,-0.9999999993373961,3.6403400684819644e-05,0.9999999984467767,C0,-0.004488660443263053,0.707727767369783,0.7160198273996381,KNOWN_PARENT_PATH,INCOMING_PATH,True
M1_CROSS_BASELINE,KNOWN_PARENT_PATH,O128,6.016666666666651,360,4,-0.999512725577379,-0.031213961761988443,-0.9995127255773791,-0.031213961761988446,-0.031213961761988443,0.999512725577379,-109.03375411578824,-2.222039564033846,171.45518132464528,-1.788936125347572,-107.70998377256944,-44.610933158450635,-110.35752445900704,40.16685403038294,84.81911737527983,1.0097513973247598,40.94360634787935,1.7887188125925775,0.9995115886207411,0.9997916628487857,0.03125034740354472,0.02579250102875455,0.9999999993373961,-3.6403400684819644e-05,-0.9999999993373961,3.6403400684819644e-05,0.9999999984467767,C0,0.035838530214712755,0.7185957694588171,0.726813274284963,KNOWN_PARENT_PATH,INCOMING_PATH,True
M1_CROSS_BASELINE,C0,O129,6.21666666666665,372,0,-4.452491719925942e-05,-0.9999999990087659,-4.452491719925942e-05,-0.9999999990087659,0.9999999990087659,-4.452491719925942e-05,-71.82407230978127,-43.83589768942649,215.6515985920566,-43.40182874660221,-114.08163014010839,-43.83401617516119,-29.566514479454167,-43.837779203691795,84.51511574442848,1.0061323302908154,48.76583064579334,0.002551089839556653,5.263946946312664e-05,0.8535851654097153,0.9999999986145431,0.5217113100405503,0.999999999967077,8.114552273376533e-06,-0.999999999967077,-8.114552273376533e-06,0.9999999949207842,C0,0.9999894996829098,0.00814546111589548,0.008477857632361934,MERGE_EXISTING,LEFT,True
M1_CROSS_BASELINE,KNOWN_PARENT_PATH,O130,6.21666666666665,372,3,-0.9999983424305583,0.0018207515304675978,-0.9999983424305584,0.001820751530467598,0.0018207515304675978,0.9999983424305583,-114.00397513559028,-1.1841133739842356,173.4716957662476,-0.7500444311599591,-114.08163014010839,-43.83401617516119,-113.92632013107219,41.46578942719272,85.29994699293941,1.0154755594397549,35.989875575900115,0.10432143587779308,0.9999983276230519,0.9999461479079679,0.0018288660692305958,0.013429024364275899,0.999999999967077,8.114552273376533e-06,-0.999999999967077,-8.114552273376533e-06,0.9999999949207842,C1,0.018979657035795877,0.701288726831688,0.7244834061645381,KNOWN_PARENT_PATH,INCOMING_PATH,True
M1_CROSS_BASELINE,KNOWN_PARENT_PATH,O131,6.21666666666665,372,4,-0.9995328608061235,-0.030562397954454427,-0.9995328608061236,-0.03056239795445443,-0.030562397954454427,0.9995328608061235,-115.3658485521111,-1.8340885136641418,172.10982234972676,-1.4000195708398655,-114.08163014010839,-43.83401617516119,-116.65006696411382,40.165839147832905,84.0391132866289,1.0004656343646299,34.61957318147678,1.676190875007535,0.9995331087733917,0.9998737793939166,0.030554287191800252,0.02116398986941797,0.999999999967077,8.114552273376533e-06,-0.999999999967077,-8.114552273376533e-06,0.9999999949207842,C0,0.03518706655126789,0.7162343004869491,0.7233430036212118,KNOWN_PARENT_PATH,INCOMING_PATH,True
M1_CROSS_BASELINE,C0,O132,6.416666666666649,384,0,0.002596315686166627,-0.9999966295667491,0.002596315686166627,-0.9999966295667491,0.9999966295667491,0.002596315686166627,-78.97274889514556,-43.944194561579096,215.71957466848846,-43.50953861764076,-121.16385682908304,-44.053736366128064,-36.78164096120806,-43.83465275703012,84.3825002734597,1.004553574684044,48.15791331429935,0.14875809822741815,-0.0025273074945006088,0.8738597188604139,0.9999968063533144,0.5229941208752165,0.9999999976189191,6.90084180722477e-05,-0.9999999976189191,-6.90084180722477e-05,0.9999999972932525,C0,0.9999739106920762,0.008681333674182997,0.009466255867644203,MERGE_EXISTING,LEFT,True
M1_CROSS_BASELINE,KNOWN_PARENT_PATH,O133,6.416666666666649,384,2,-0.9999999999850515,-5.467792474593774e-06,-0.9999999999850516,-5.467792474593775e-06,-5.467792474593774e-06,0.9999999999850515,-121.16409132618816,-1.1667566197710748,173.52823223744588,-0.7321006758327361,-121.16385682908304,-44.053736366128064,-121.16432582329328,41.720223126585914,85.77395949399616,1.0211185654047161,28.830291128885506,0.0003132814320281341,0.9999999979812944,0.9999543011413428,6.354062560964161e-05,0.013215520681236912,0.9999999976189191,6.90084180722477e-05,-0.9999999976189191,-6.90084180722477e-05,0.9999999972932525,C1,0.017153735029337036,0.7006652124921185,0.7258311004461792,KNOWN_PARENT_PATH,INCOMING_PATH,True
M1_CROSS_BASELINE,KNOWN_PARENT_PATH,O134,6.416666666666649,384,3,-0.9995763128419572,-0.029106611023573384,-0.9995763128419572,-0.029106611023573384,-0.029106611023573384,0.9995763128419572,-122.39004240184951,-1.9441945615790779,172.30228116178452,-1.509538617640739,-121.16385682908304,-44.053736366128064,-123.61622797461598,40.16534724296991,84.25478127792913,1.0030331104515373,27.594516578627918,1.6679215332119952,0.9995783190630674,0.9998749472268382,0.029037631774176478,0.022468197851565036,0.9999999976189191,6.90084180722477e-05,-0.9999999976189191,-6.90084180722477e-05,0.9999999972932525,C0,0.03373149626449998,0.7136870144658595,0.7232460141575865,KNOWN_PARENT_PATH,INCOMING_PATH,True
M1_CROSS_BASELINE,C0,O135,6.516666666666649,390,0,0.018817226943063224,-0.9998229403100197,0.018817226943063224,-0.9998229403100197,0.9998229403100197,0.018817226943063224,-82.15910581870037,-44.63801044340766,216.2156142899172,-44.203432793638626,-124.84940084258942,-45.44146567267231,-39.46881079481132,-43.83455521414301,85.39571018574924,1.0166155974493958,49.24482091201058,1.078211322649409,-0.018743603730863787,0.8787210263418369,0.9998243232284261,0.5312589119212957,0.999999997288855,7.36361991858059e-05,-0.999999997288855,-7.36361991858059e-05,0.9999999976792598,C0,0.999725166586743,0.016226693066983107,0.020635053654415828,MERGE_EXISTING,LEFT,True
M1_CROSS_BASELINE,KNOWN_PARENT_PATH,O136,6.516666666666649,390,3,-0.9999999999215653,1.252475087462317e-05,-0.9999999999215653,1.252475087462317e-05,1.252475087462317e-05,0.9999999999215653,-124.84886250215868,-2.459338835142148,173.52585760645889,-2.0247611853731193,-124.84940084258942,-45.44146567267231,-124.84832416172793,40.52278800238801,85.9642536818029,1.0233839724024154,25.12691716951582,0.0007176153645787053,0.9999999962881453,0.9998074879717899,8.616095002069701e-05,0.02860433133317908,0.999999997288855,7.36361991858059e-05,-0.999999997288855,-7.36361991858059e-05,0.9999999976792598,C0,0.004614632687347538,0.699032151197364,0.7200508169160734,KNOWN_PARENT_PATH,INCOMING_PATH,True
M1_CROSS_BASELINE,C0,O137,6.6166666666666485,396,0,0.004426509438824034,-0.999990202959103,0.004426509438824034,-0.999990202959103,0.999990202959103,0.004426509438824034,-86.17869147045981,-44.02183992393028,215.87556170160025,-43.58741217477677,-128.52298225618256,-44.20927916312348,-43.83440068473707,-43.834400684737076,84.68941127707131,1.0082072771079917,47.47474821994879,0.2536211370655366,-0.004365429654559444,0.8905673306318947,0.999990471466569,0.5239224850149925,0.9999999981345938,6.108037441427857e-05,-0.9999999981345938,-6.108037441427857e-05,0.9999999967517748,C0,0.9999590155588379,0.010477756520670919,0.011427868275200589,MERGE_EXISTING,LEFT,True
M1_CROSS_BASELINE,C0,O138,6.716666666666648,402,0,0.019598427541777316,-0.9998079323739584,0.019598427541777316,-0.9998079323739584,0.9998079323739584,0.019598427541777316,-89.5787574347191,-44.66874603406477,216.1121290652,-44.23448272958367,-132.1510520552031,-45.5032563478864,-47.00646281423507,-43.83423572024313,85.16094590167883,1.0138207845437957,48.21838799468556,1.1229790801327653,-0.019566434626867704,0.8949230078057789,0.9998085589931668,0.5316276866307853,0.9999999994880304,3.1999050857544125e-05,-0.9999999994880304,-3.1999050857544125e-05,0.9999999968530714,C0,0.9997065440732903,0.015313954444904606,0.019728145128378723,MERGE_EXISTING,LEFT,True
M1_CROSS_BASELINE,KNOWN_PARENT_PATH,O139,6.716666666666648,402,2,-1.0,-6.616940990093686e-16,-1.0,-6.616940990093686e-16,-6.616940990093686e-16,1.0,-132.15105205520314,-2.550312573785124,173.53983444471595,-2.1160492693040265,-132.1510520552031,-45.5032563478864,-132.15105205520317,40.40263120031615,85.90588754820254,1.0226891374786018,17.824341675477115,4.263256414560601e-14,0.9999999994880304,0.9998144535105313,3.199905085688243e-05,0.029691122021334927,0.9999999994880304,3.1999050857544125e-05,-0.9999999994880304,-3.1999050857544125e-05,0.9999999968530714,C0,0.004627157304503915,0.698145545183329,0.7198532891057876,KNOWN_PARENT_PATH,INCOMING_PATH,True
M2_T_JUNCTION,KNOWN_PARENT_PATH,O0,3.4166666666666594,204,0,-0.9999998568241408,-0.0005351183960961561,-0.9999998568241408,-0.0005351183960961561,-0.0005351183960961561,0.9999998568241408,-7.772889638777773,-1.8270245442948365,173.47755083840812,-1.4453645131874104,-7.750390742199216,-43.871726280198445,-7.79538853535633,40.21767719160877,84.08941551138153,1.0010644703735896,142.01527508162775,0.030660027099386866,0.9999999836100867,0.9735508886104612,0.00018105199846723397,0.021706655918393693,0.9999999373184849,0.0003540664147806535,-0.9999999373184849,-0.0003540664147806535,0.9999999835924614,NONE,NaN,NaN,NaN,KNOWN_PARENT_PATH,INCOMING_PATH,True
M2_T_JUNCTION,KNOWN_PARENT_PATH,O1,3.516666666666659,210,1,-0.9999996700585062,0.0008123317539482937,-0.9999996700585063,0.0008123317539482938,0.0008123317539482937,0.9999996700585062,-11.6564173697117,-1.704392789096957,173.45458323831497,-1.318028028363275,-11.69060265245863,-43.7872872489405,-11.622232086964772,40.37850167074659,84.16581668948237,1.0019740082081234,138.21963410260776,0.04654318618453601,0.9999991687429174,0.9895472883666461,0.0012893849207325841,0.02019069972427276,0.9999998862100123,0.00047705341661922763,-0.9999998862100123,-0.00047705341661922763,0.9999999281534141,NONE,NaN,NaN,NaN,KNOWN_PARENT_PATH,INCOMING_PATH,True
M2_T_JUNCTION,KNOWN_PARENT_PATH,O2,3.6166666666666587,216,1,-0.9999989033572018,-0.0014809741367787402,-0.9999989033572019,-0.0014809741367787404,-0.0014809741367787402,0.9999989033572018,-15.859945999501825,-1.685157990508241,173.20846970194162,-1.292658609949906,-15.797584657460416,-43.793438010126756,-15.922307341543233,40.423122029110274,84.21665239482238,1.0025791951764569,134.05077918642772,0.02175005585309009,0.9999996870926061,0.9944752150812197,0.0007910845025644911,0.01988818198303723,0.9999997620258393,0.000689890038343614,-0.9999997620258393,-0.000689890038343614,0.999999854974102,NONE,NaN,NaN,NaN,KNOWN_PARENT_PATH,INCOMING_PATH,True
M2_T_JUNCTION,KNOWN_PARENT_PATH,O3,3.7166666666666583,222,1,-0.9999906937009191,0.004314222010333634,-0.9999906937009192,0.0043142220103336345,0.004314222010333634,0.9999906937009191,-19.87871384908562,-1.8616682027066176,173.26853026650318,-1.4625883572516625,-20.0605959258436,-44.019995630763205,-19.696831772327645,40.29665922534997,84.31743953942326,1.0037790421359911,130.03430259693397,0.2471874798752367,0.9999862105473571,0.995730312722801,0.005251544071637368,0.02191127784697038,0.9999995607036273,0.0009373326796240693,-0.9999995607036273,-0.0009373326796240693,0.999999833176066,NONE,NaN,NaN,NaN,KNOWN_PARENT_PATH,INCOMING_PATH,True
M2_T_JUNCTION,KNOWN_PARENT_PATH,O4,3.816666666666658,228,1,-0.9999996005741008,0.0008937850071173212,-0.9999996005741008,0.0008937850071173212,0.0008937850071173212,0.9999996005741008,-24.060473263970014,-1.8061855231862154,173.24789171054636,-1.4009073300195491,-24.09801214214192,-43.8060656721905,-24.02293438579811,40.19369462581807,83.99979384970176,0.9999975458297828,125.87182808768175,0.019464592673756442,0.999997868710799,0.9972811687341511,0.0020646001694522454,0.02117693774728509,0.9999993145944281,0.0011708162425944787,-0.9999993145944281,-0.0011708162425944787,0.9999998921426902,NONE,NaN,NaN,NaN,KNOWN_PARENT_PATH,INCOMING_PATH,True
M2_T_JUNCTION,KNOWN_PARENT_PATH,O5,3.9166666666666576,234,0,-0.9999984298027346,0.0017721151388764569,-0.9999984298027346,0.0017721151388764569,0.0017721151388764569,0.9999984298027346,-28.160303964477798,-2.0684430900932753,173.31116061475754,-1.6578666994439115,-28.23518849568613,-44.32552446253999,-28.085419433269465,40.18863828235344,84.51429544900903,1.006122564869155,121.76383212635363,0.09042747664149431,0.9999951739484304,0.9974101193253279,0.003106779658827827,0.024236107081046985,0.9999991093300092,0.001334668194013493,-0.9999991093300092,-0.001334668194013493,0.9999999650801841,NONE,NaN,NaN,NaN,KNOWN_PARENT_PATH,INCOMING_PATH,True
M2_T_JUNCTION,KNOWN_PARENT_PATH,O6,4.016666666666658,240,0,-0.9999961586716631,-0.0027717579111317865,-0.9999961586716631,-0.0027717579111317865,-0.0027717579111317865,0.9999961586716631,-32.18917114700387,-1.6862987521028217,173.35722336373837,-1.2715403410704549,-32.07191495257662,-43.99004524337833,-32.30642734143112,40.61744773917269,84.60781798895978,1.0072359284399974,117.76668892880457,0.1588102334873156,0.9999990200443438,0.9987014378072603,0.0013999679824366015,0.019637077947009897,0.999999059092102,0.0013717925902320242,-0.999999059092102,-0.0013717925902320242,0.9999999773569721,NONE,NaN,NaN,NaN,KNOWN_PARENT_PATH,INCOMING_PATH,True
M2_T_JUNCTION,KNOWN_PARENT_PATH,O7,4.116666666666657,246,0,-0.9999942721324395,0.0033846273520828003,-0.9999942721324396,0.0033846273520828007,0.0033846273520828003,0.9999942721324395,-36.227352093210996,-1.9692297038659419,173.24566584736453,-1.5513195746662944,-36.37001783512814,-44.120081158421215,-36.084686351293854,40.18162175068933,84.30218578086576,1.0035974497722113,113.71916614365007,0.17703140733249256,0.9999890719637851,0.9985951040562597,0.004675035080924083,0.0229675551332659,0.9999991674104258,0.0012904179381897757,-0.9999991674104258,-0.0012904179381897757,0.9999999543055699,NONE,NaN,NaN,NaN,KNOWN_PARENT_PATH,INCOMING_PATH,True
M2_T_JUNCTION,KNOWN_PARENT_PATH,O8,4.216666666666657,252,0,-0.9999965127437677,-0.0026409279247837265,-0.9999965127437677,-0.0026409279247837265,-0.0026409279247837265,0.9999965127437677,-39.84397829680795,-1.6622683747721396,173.40866804827897,-1.2419058554105549,-39.732203613668204,-43.98613958073689,-39.95575297994769,40.66160283119261,84.64803760132618,1.0077147333491212,110.12136232685135,0.15131419997885587,0.9999988712979889,0.9991776859631752,0.0015024655565241195,0.019284391564450547,0.9999993519489366,0.0011384646269213226,-0.9999993519489366,-0.0011384646269213226,0.9999999421104656,NONE,NaN,NaN,NaN,KNOWN_PARENT_PATH,INCOMING_PATH,True
M2_T_JUNCTION,KNOWN_PARENT_PATH,O9,4.316666666666657,258,0,-0.9999967143081736,0.0025634689108586435,-0.9999967143081736,0.0025634689108586435,0.0025634689108586435,0.9999967143081736,-43.534896493329754,-1.7360585902468095,173.41680214471637,-1.3131977227377811,-43.64278596777389,-43.82321615067669,-43.42700701888562,40.351098970183074,84.17459169262769,1.002078472531282,106.43050250331426,0.14687611036843862,0.9999937138083254,0.9992445012479442,0.0035457501086273357,0.020133120877247154,0.9999995175573226,0.0009822856619834677,-0.9999995175573226,-0.0009822856619834677,0.999999956588419,NONE,NaN,NaN,NaN,KNOWN_PARENT_PATH,INCOMING_PATH,True
M2_T_JUNCTION,KNOWN_PARENT_PATH,O10,4.416666666666656,264,2,-0.9999907367945782,-0.004304221769006487,-0.9999907367945782,-0.004304221769006487,-0.004304221769006487,0.9999907367945782,-47.33152745646782,-1.6619556821129962,173.33257171619385,-1.23605824519607,-47.14970664025473,-43.90400121953138,-47.51334827268091,40.58008985530539,84.48487367557667,1.005772305661627,102.63930334072698,0.24661450293314147,0.9999940953132894,0.999414179847753,0.0034364718180124624,0.019214621683435056,0.9999996234993714,0.0008677563686573228,-0.9999996234993714,-0.0008677563686573228,0.9999999804443386,NONE,NaN,NaN,NaN,KNOWN_PARENT_PATH,INCOMING_PATH,True
M2_T_JUNCTION,KNOWN_PARENT_PATH,O11,4.516666666666656,270,0,-0.999988348890213,0.004827223200304742,-0.999988348890213,0.004827223200304742,0.004827223200304742,0.999988348890213,-51.39289848349472,-1.672924208294173,173.06579157854898,-1.2437389337545413,-51.59753520667221,-44.06465345745144,-51.18826176031722,40.718805040863096,84.78444633120696,1.009338646800083,98.57988049467903,0.27658059030287063,0.9999841685236367,0.9994963151226023,0.0056269620659008,0.01930551338404632,0.9999996802001357,0.0007997497273132572,-0.9999996802001357,-0.0007997497273132572,0.9999999933968472,NONE,NaN,NaN,NaN,KNOWN_PARENT_PATH,INCOMING_PATH,True
M2_T_JUNCTION,KNOWN_PARENT_PATH,O12,4.616666666666656,276,2,-0.9999892528912183,0.004636173213220114,-0.9999892528912183,0.004636173213220114,0.004636173213220114,0.9999892528912183,-55.28807117323058,-1.9812682334566745,173.0606407202935,-1.549418007162429,-55.483483117314144,-44.13022060929461,-55.092659229147,40.16768414238126,84.29881072016485,1.003557270478153,94.67644048084836,0.23050993713223988,0.9999855196036993,0.9993849458502442,0.005381503778644105,0.022944539394767753,0.9999997222342054,0.0007453398634429192,-0.9999997222342054,-0.0007453398634429192,0.9999999957554216,NONE,NaN,NaN,NaN,KNOWN_PARENT_PATH,INCOMING_PATH,True
M2_T_JUNCTION,KNOWN_PARENT_PATH,O13,4.716666666666655,282,0,-0.9999893328465695,0.004618895222108763,-0.9999893328465695,0.004618895222108763,0.004618895222108763,0.9999893328465695,-59.378970981284354,-1.7012801673877753,172.91889057702264,-1.2677611937129951,-59.57470638748169,-44.077932774883855,-59.18323557508702,40.675372440108305,84.75420930114666,1.0089786821565079,90.59666213920167,0.2646441432405311,0.999985941111306,0.9996091538042784,0.00530260122352471,0.019591192527160014,0.9999997662672999,0.0006837143742889313,-0.9999997662672999,-0.0006837143742889313,0.9999999878766478,NONE,NaN,NaN,NaN,KNOWN_PARENT_PATH,INCOMING_PATH,True
M2_T_JUNCTION,KNOWN_PARENT_PATH,O14,4.816666666666655,288,2,-0.9999592137840873,-0.009031653686353095,-0.9999592137840873,-0.009031653686353095,-0.009031653686353095,0.9999592137840873,-63.135605864730636,-1.718046553882978,173.10685703003088,-1.2837340566877886,-62.75465739870467,-43.89558588482136,-63.51655433075659,40.4594927770554,84.3585193266601,1.0042680872221441,86.84102271356892,0.5174826736576392,0.9999645037581871,0.999646260926949,0.008425628976072994,0.019781729694976363,0.9999998163530333,0.0006060477700394996,-0.9999998163530333,-0.0006060477700394996,0.9999999699041134,NONE,NaN,NaN,NaN,KNOWN_PARENT_PATH,INCOMING_PATH,True
M2_T_JUNCTION,KNOWN_PARENT_PATH,O15,4.9166666666666545,294,2,-0.9999930190924549,0.0037365447082936946,-0.999993019092455,0.003736544708293695,0.0037365447082936946,0.9999930190924549,-66.89817382262802,-2.108619882561218,173.2193904100741,-1.674178808083397,-67.05613424866058,-44.38278911030462,-66.74021339659545,40.165549345182185,84.54892868374098,1.0065348652826307,83.06860274421513,0.19274641034510864,0.9999910559753966,0.9995190258775789,0.004229417124272508,0.02443011134921457,0.9999998785364639,0.0004928763105567023,-0.9999998785364639,-0.0004928763105567023,0.9999999496028564,NONE,NaN,NaN,NaN,KNOWN_PARENT_PATH,INCOMING_PATH,True
M2_T_JUNCTION,KNOWN_PARENT_PATH,O16,5.016666666666654,300,2,-0.9999221310260051,-0.012479258167559551,-0.9999221310260051,-0.012479258167559551,-0.012479258167559551,0.9999221310260051,-70.88324962051695,-1.7585209945674976,172.99819485380237,-1.324442773125913,-70.35718410620561,-43.91042963100507,-71.40931513482829,40.39338764187008,84.31038243585255,1.0036950289982447,79.09494042839502,0.7150273840345989,0.9999262885995386,0.9997007252895139,0.012141555400860931,0.020266135253493595,0.9999999429697779,0.00033772835356413633,-0.9999999429697779,-0.00033772835356413633,0.9999999456185702,NONE,NaN,NaN,NaN,KNOWN_PARENT_PATH,INCOMING_PATH,True
M2_T_JUNCTION,KNOWN_PARENT_PATH,O17,5.116666666666654,306,2,-0.9999975006310795,0.0022357843353840875,-0.9999975006310795,0.0022357843353840875,0.0022357843353840875,0.9999975006310795,-74.86331808985793,-1.7777892470999355,172.67064603106925,-1.3443814413759185,-74.95804644857883,-44.14686772242525,-74.76858973113701,40.59128922822538,84.73836874309583,1.0087901040844742,75.11557618549534,0.12810111304295901,0.9999971167335782,0.9997220731318867,0.0024013588925239325,0.02050282542846384,0.9999999862924593,0.00016557500161996282,-0.9999999862924593,-0.00016557500161996282,0.999999961631849,NONE,NaN,NaN,NaN,KNOWN_PARENT_PATH,INCOMING_PATH,True
M2_T_JUNCTION,C0,O18,5.2166666666666535,312,1,-0.3247154513069006,-0.9458117548870683,-0.32471545130690066,-0.9458117548870684,0.9458117548870683,-0.3247154513069006,-35.95240961381376,-58.85923548524817,215.1688465662098,-58.42634764409074,-78.32712528849206,-44.31117679047365,6.422306060864541,-73.40729418002269,89.60496727964207,1.0667258009481198,81.0290977371809,18.94833658870752,0.3247449863353031,0.5212958861510685,0.9458016144256065,0.7005706774247317,0.9999999995124266,3.122734156402644e-05,-0.9999999995124266,-3.122734156402644e-05,0.9999999812455778,NONE,NaN,NaN,NaN,MERGE_EXISTING,LEFT,True
M2_T_JUNCTION,KNOWN_PARENT_PATH,O19,5.2166666666666535,312,2,-0.9999989696861271,0.0014354883086561416,-0.9999989696861271,0.0014354883086561416,0.0014354883086561416,0.9999989696861271,-78.26610322984318,-1.8016032822596237,172.85515295018035,-1.3687154411021956,-78.32712528849206,-44.31117679047365,-78.20508117119431,40.707970225954405,85.01923461292495,1.0121337453919637,71.71316401098382,0.08224744987325039,0.9999989243720705,0.9997358874223079,0.001466715617346299,0.020792898563623485,0.9999999995124266,3.122734156402644e-05,-0.9999999995124266,-3.122734156402644e-05,0.9999999812455778,C0,0.3233574150317365,0.8456590216186767,0.8456590216186767,KNOWN_PARENT_PATH,INCOMING_PATH,True
M2_T_JUNCTION,C0,O20,5.316666666666653,318,1,-0.11081379540838403,-0.9938411858778992,-0.11081379540838403,-0.9938411858778992,0.9938411858778992,-0.11081379540838403,-39.49282491589038,-49.13347360979534,215.22094582190283,-48.70048755412126,-81.80789392076335,-44.41532199158122,2.82224408898258,-53.85162522800945,85.15458929686919,1.0137451106770141,65.95479440860329,6.362229422202546,0.11078089322178178,0.6264671786601819,0.9938448539369634,0.584787077674048,0.9999999994519957,-3.3106019697445916e-05,-0.9999999994519957,3.3106019697445916e-05,0.9999999926558465,C0,0.9759696276812849,0.11578570989279151,0.11731222819670384,MERGE_EXISTING,LEFT,True
M2_T_JUNCTION,KNOWN_PARENT_PATH,O21,5.316666666666653,318,2,-0.9999998794793968,0.0004909594603597128,-0.999999879479397,0.0004909594603597129,0.0004909594603597128,0.9999998794793968,-81.78698399196179,-1.8253976296785552,172.92678674583144,-1.3924115740044785,-81.80789392076335,-44.41532199158122,-81.76607406316023,40.76452673222411,85.17985898973332,1.0140459403539681,68.19264808705852,0.028129906120710757,0.9999998951851062,0.999750286533282,0.00045785344438317645,0.02107514173691607,0.9999999994519957,-3.3106019697445916e-05,-0.9999999994519957,3.3106019697445916e-05,0.9999999926558465,C0,0.32425105694321743,0.8449246133564479,0.8467270462926894,KNOWN_PARENT_PATH,INCOMING_PATH,True
M2_T_JUNCTION,C1,O22,5.316666666666653,318,4,-0.1528960995786603,0.9882422692506289,-0.1528960995786603,0.9882422692506289,-0.9882422692506289,-0.1528960995786603,-39.47191498708883,47.3080759801168,215.2418557507044,47.741062035790875,2.8222440889825764,53.85162522800948,-81.76607406316023,40.76452673222411,85.5947177975751,1.0189847356854178,64.6777829432567,8.794797256938523,0.15292881626290422,0.6406744426157088,0.9882372069277835,0.5633261725949353,0.9999999994519957,-3.3106019697445916e-05,-0.9999999994519957,3.3106019697445916e-05,0.9999999926558465,C0,-0.8850434289557665,1.263898033135117,1.2638985605961524,MERGE_EXISTING,RIGHT,True
M2_T_JUNCTION,C0,O23,5.416666666666653,324,1,-0.07289386011006592,-0.9973397039917012,-0.07289386011006592,-0.9973397039917012,0.9973397039917012,-0.07289386011006592,-40.310578074475266,-46.917339617338016,216.07977773283673,-46.47982652346244,-82.36688604716848,-43.84351570574845,1.7457298982179463,-49.99116352892758,84.3369772693681,1.004011634159144,63.52020606726614,4.180218067044962,0.07305441013686947,0.6518050421082634,0.9973279566720037,0.558357692135979,0.9999999870428447,0.00016097922368680907,-0.9999999870428447,-0.00016097922368680907,0.9851567239257504,C0,0.9669653783340824,0.14263333782248447,0.1472927910357295,MERGE_EXISTING,LEFT,True
M2_T_JUNCTION,KNOWN_PARENT_PATH,O24,5.416666666666653,324,2,-0.9999996590472866,0.0008257755811738401,-0.9999996590472867,0.0008257755811738402,0.0008257755811738401,0.9999996590472866,-82.33220347981889,-1.843538574946514,174.05815232749313,-1.40602548107094,-82.36688604716848,-43.84351570574845,-82.2975209124693,40.15643855585542,83.99998290162597,0.9999997964479282,67.64715934274267,0.03850104760917361,0.9999995131574237,0.999752996099969,0.0009867547392746435,0.021239488907648044,0.9999999870428447,0.00016097922368680907,-0.9999999870428447,-0.00016097922368680907,0.9851567239257504,C1,0.15371211378255129,0.7633481156517581,0.772714634741123,KNOWN_PARENT_PATH,INCOMING_PATH,True
M2_T_JUNCTION,C1,O25,5.416666666666653,324,4,-0.11622672938551168,0.9932227078436875,-0.11622672938551168,0.9932227078436875,-0.9932227078436875,-0.11622672938551168,-40.275895507125675,45.07380104239138,216.11446030018632,45.511314136266954,1.745729898217941,49.991163528927345,-82.2975209124693,40.15643855585542,84.61672306420313,1.0073419412405133,62.480445965672025,6.6743859718872045,0.1160668396590871,0.6661849936414542,0.9932414050630147,0.5367743727207616,0.9999999870428447,0.00016097922368680907,-0.9999999870428447,-0.00016097922368680907,0.9851567239257504,C1,0.9993152762605293,0.028504918607292623,0.030933380926797188,MERGE_EXISTING,RIGHT,True
M2_T_JUNCTION,C0,O26,5.516666666666652,330,5,0.10581462947391877,-0.9943858728830057,0.10581462947391879,-0.9943858728830058,0.9943858728830057,0.10581462947391877,-40.775531311766635,-39.53347268155298,216.1400009915519,-38.99009734946619,-82.7755303202142,-44.0027782642025,1.224467696680934,-35.064167098903454,84.47424717866858,1.0056457997460544,58.277698682435826,6.085753012773537,-0.09910835749581239,0.7226335372683591,0.9950766470350323,0.46919477640496865,0.9999772743736133,0.006741716125687002,-0.9999772743736133,-0.006741716125687002,0.9796049714106078,C0,0.906142202301889,0.2316725903518692,0.23730827980470326,MERGE_EXISTING,LEFT,True
M2_T_JUNCTION,KNOWN_PARENT_PATH,O27,5.516666666666652,330,6,-0.9999999999926422,3.836084552576484e-06,-0.9999999999926422,3.836084552576484e-06,3.836084552576484e-06,0.9999999999926422,-82.77536874121986,-1.8819667663429662,174.14016356209865,-1.3385914342561755,-82.7755303202142,-44.0027782642025,-82.77520716222554,40.238844731516565,84.2416229963389,1.0028764642421297,67.20323998395506,0.0002197914547110713,0.9999772485044627,0.9998721603208821,0.006745552123012549,0.020436865978313186,0.9999772743736133,0.006741716125687002,-0.9999772743736133,-0.006741716125687002,0.9796049714106078,C1,0.15289989055843858,0.7621057664085346,0.7723178078370861,KNOWN_PARENT_PATH,INCOMING_PATH,True
M2_T_JUNCTION,C1,O28,5.516666666666652,330,8,0.06148698263852698,0.9981078854342398,0.06148698263852698,0.9981078854342398,-0.9981078854342398,0.06148698263852698,-40.775369732772305,37.651505915209924,216.1401625705462,38.19488124729671,1.2244676966809305,35.06416709890329,-82.77520716222554,40.238844731516565,84.15891316434328,1.001891823385039,57.68110820461803,3.6647336118075486,-0.06821454533473925,0.730099056690647,0.9976706750249679,0.4496737873623071,0.9999772743736133,0.006741716125687002,-0.9999772743736133,-0.006741716125687002,0.9796049714106078,C1,0.9769712818381883,0.11414706544405022,0.11874820419105643,MERGE_EXISTING,RIGHT,True
M2_T_JUNCTION,C0,O29,5.616666666666652,336,1,0.15125389232796924,-0.9884949469044538,0.15125389232796926,-0.9884949469044539,0.9884949469044538,0.15125389232796924,-41.06772317669733,-38.751764572241385,215.94450188825823,-37.77454943283628,-83.26322128843853,-45.2082804584427,1.1277749350438757,-32.29524868604007,85.37321964847584,1.0163478529580456,56.84881515528444,8.699598439275874,-0.10824462638440858,0.7563952178111677,0.9941242884362597,0.45472233301211656,0.9990592567784571,0.04336590187320865,-0.9990592567784571,-0.04336590187320865,0.9441393670711266,C0,0.8858156645194991,0.24602808800509463,0.25403927369724544,MERGE_EXISTING,LEFT,True
M2_T_JUNCTION,KNOWN_PARENT_PATH,O30,5.616666666666652,336,2,-0.9999792575491521,-0.006440844001104695,-0.9999792575491521,-0.006440844001104695,-0.006440844001104695,0.9999792575491521,-83.5375365816414,-2.6192031287727175,173.47468848331414,-1.6419879893676121,-83.26322128843853,-45.2082804584427,-83.81185187484428,39.969874200897266,85.1799214996749,1.0140466845199394,66.42141277121964,0.36903572933744044,0.9993178468498618,0.9999275662253347,0.03693021753735093,0.024047405861424308,0.9990592567784571,0.04336590187320865,-0.9990592567784571,-0.04336590187320865,0.9441393670711266,C1,0.14652781384728894,0.7699705036139898,0.7719240894855381,KNOWN_PARENT_PATH,INCOMING_PATH,True
M2_T_JUNCTION,C1,O31,5.616666666666652,336,4,0.08998731414610149,0.9959429116635002,0.0899873141461015,0.9959429116635004,-0.9959429116635002,0.08998731414610149,-41.3420384699002,36.13256144346859,215.67018659505533,37.10977658287369,1.1277749350438722,32.295248686039905,-83.81185187484428,39.969874200897266,85.28563817781028,1.0153052164025034,54.9002531519974,5.16287728364793,-0.13309262176881076,0.7237068343963611,0.9911036040852157,0.4367598093864785,0.9990592567784571,0.04336590187320865,-0.9990592567784571,-0.04336590187320865,0.9441393670711266,C1,0.9704741737219177,0.12666560244676398,0.1272415195013132,MERGE_EXISTING,RIGHT,True
M2_T_JUNCTION,C0,O32,5.716666666666652,342,1,0.15260936530450436,-0.9882865888098232,0.15260936530450436,-0.9882865888098232,0.9882865888098232,0.15260936530450436,-41.22472111419647,-38.83524185636108,215.78750395075906,-37.43287458467334,-83.57721716343681,-45.3752350266821,1.1277749350438757,-32.29524868604007,85.70893610980745,1.0203444774977077,56.6773177326646,8.778173504071376,-0.04446508415881416,0.7979966570916812,0.9990109390245684,0.45065346052865884,0.9940949013839767,0.1085141789923401,-0.9940949013839767,-0.1085141789923401,0.8847311674085452,C0,0.8851784539650617,0.25003079403767825,0.25436648654580474,MERGE_EXISTING,LEFT,True
M2_T_JUNCTION,KNOWN_PARENT_PATH,O33,5.716666666666652,342,2,-0.9999989505860934,0.0014487327952561924,-0.9999989505860934,0.0014487327952561924,0.0014487327952561924,0.9999989505860934,-83.51551690564051,-2.786157697012115,173.49670815931503,-1.3837904253243793,-83.57721716343681,-45.3752350266821,-83.4538166478442,39.80291963265787,85.17824404657381,1.0140267148401645,66.43802157243437,0.08300630384636065,0.9939366501171062,0.997160296169958,0.10995424300128355,0.020973669176273167,0.9940949013839767,0.1085141789923401,-0.9940949013839767,-0.1085141789923401,0.8847311674085452,C1,0.15432763811248892,0.7674563809051365,0.7734859681241419,KNOWN_PARENT_PATH,INCOMING_PATH,True
M2_T_JUNCTION,C1,O34,5.716666666666652,342,4,0.08841485248813963,0.9960837383772011,0.08841485248813964,0.9960837383772012,-0.9960837383772011,0.08841485248813963,-41.163020856400166,36.04908415934889,215.84920420855536,37.451451431036624,1.1277749350438722,32.295248686039905,-83.4538166478442,39.80291963265787,84.91413756105149,1.0108825900125178,55.08995167404071,5.072421267176281,-0.1959819631426989,0.6763571080923878,0.9806075005437872,0.44082587307652465,0.9940949013839767,0.1085141789923401,-0.9940949013839767,-0.1085141789923401,0.8847311674085452,C1,0.9708537678872758,0.12270856565165464,0.12622984855493932,MERGE_EXISTING,RIGHT,True
M2_T_JUNCTION,C0,O35,5.816666666666651,348,1,0.152398351459264,-0.9883191501091633,0.152398351459264,-0.9883191501091633,0.9883191501091633,0.152398351459264,-41.200197106441664,-38.822202210135714,215.81202795851388,-37.45489209313863,-83.5281691479272,-45.34915573423135,1.1277749350438757,-32.29524868604007,85.65648462201763,1.0197200550240193,56.704109213384406,8.765940206892154,0.021699787652747327,0.8359173469440367,0.9997645318852965,0.45091577919159864,0.9847794205968667,0.1738087821972745,-0.9847794205968667,-0.1738087821972745,0.8121198367089645,C0,0.8852777702807211,0.24977757402076156,0.2544544728432293,MERGE_EXISTING,LEFT,True
M2_T_JUNCTION,KNOWN_PARENT_PATH,O36,5.816666666666651,348,2,-0.9999999766040015,0.00021631457717034087,-0.9999999766040016,0.0002163145771703409,0.00021631457717034087,0.9999999766040015,-83.51895650945701,-2.7600784045613658,173.49326855549853,-1.3927682875642866,-83.5281691479272,-45.34915573423135,-83.50974387098684,39.82899892510862,85.178156652168,1.0140256744305713,66.43544932671571,0.01239391241566068,0.9847418001837395,0.9899828910700035,0.17402180027481695,0.021080541645924024,0.9847794205968667,0.1738087821972745,-0.9847794205968667,-0.1738087821972745,0.8121198367089645,C1,0.1531098672101182,0.7675643420185154,0.7730035784833679,KNOWN_PARENT_PATH,INCOMING_PATH,True
M2_T_JUNCTION,C1,O37,5.816666666666651,348,4,0.08866140106359485,0.9960618233631086,0.08866140106359485,0.9960618233631086,-0.9960618233631086,0.08866140106359485,-41.19098446797148,36.06212380557426,215.82124059698407,37.42943392257134,1.1277749350438722,32.295248686039905,-83.50974387098684,39.82899892510862,84.97215415832336,1.0115732637895638,55.06032328903253,5.086603155305085,-0.260436215680652,0.626453750425879,0.9654910551434132,0.4405639943041202,0.9847794205968667,0.1738087821972745,-0.9847794205968667,-0.1738087821972745,0.8121198367089645,C1,0.9707944142284746,0.12295109983831361,0.12610524561895917,MERGE_EXISTING,RIGHT,True
M2_T_JUNCTION,C0,O38,5.916666666666651,354,1,0.15228883050805223,-0.988336031976215,0.15228883050805223,-0.988336031976215,0.988336031976215,0.15228883050805223,-41.187480738885995,-38.81544079756989,215.82474432606955,-37.47016629528395,-83.50273641281586,-45.33563290909971,1.1277749350438757,-32.29524868604007,85.62928863236712,1.0193962932424658,56.718000954187886,8.759591008181985,0.3343930136564014,0.9658965102261001,0.9424337177848583,0.45109772146025395,0.8805168800562823,0.4740147929505477,-0.8805168800562823,-0.4740147929505477,0.6145901048694762,C0,0.8853293004941234,0.24960051375670575,0.2544806400225268,MERGE_EXISTING,LEFT,True
M2_T_JUNCTION,KNOWN_PARENT_PATH,O39,5.916666666666651,354,2,-0.9999999106502369,-0.00042272865827396223,-0.9999999106502369,-0.00042272865827396223,-0.00042272865827396223,0.9999999106502369,-83.52074003794118,-2.746555579429721,173.49148502701436,-1.401281077143781,-83.50273641281586,-45.33563290909971,-83.5387436630665,39.842521750240266,85.1781622699886,1.014025741309388,66.43411231826562,0.024220568719670155,0.8807171810197336,0.8956205874047024,0.4736425308781445,0.021181880830230516,0.8805168800562823,0.4740147929505477,-0.8805168800562823,-0.4740147929505477,0.6145901048694762,C1,0.15247832758890006,0.767655320670781,0.7727716070614544,KNOWN_PARENT_PATH,INCOMING_PATH,True
M2_T_JUNCTION,C1,O40,5.916666666666651,354,4,0.08878910859153695,0.9960504476157422,0.08878910859153695,0.9960504476157422,-0.9960504476157422,0.08878910859153695,-41.20548436401131,36.06888521814008,215.80674070094423,37.41415972042602,1.1277749350438722,32.295248686039905,-83.5387436630665,39.842521750240266,85.00223939538165,1.011931421373591,55.044959629394896,5.093949229579806,-0.550322955574875,0.3503342474196719,0.8349518815879957,0.4403822801307168,0.8805168800562823,0.4740147929505477,-0.8805168800562823,-0.4740147929505477,0.6145901048694762,C1,0.9707636462511736,0.12312310085675511,0.1260642626140008,MERGE_EXISTING,RIGHT,True
M2_T_JUNCTION,KNOWN_PARENT_PATH,O41,6.016666666666651,360,1,0.1519253091170684,-0.9883919771273355,0.1519253091170684,-0.9883919771273355,0.9883919771273355,0.1519253091170684,-41.14533200548136,-38.793029918486056,215.8668930594742,-37.538312569490046,-83.41843894600659,-45.29081115093204,1.1277749350438757,-32.29524868604007,85.53915434115092,1.0183232659660824,56.76404366688764,8.73851755636123,0.694165865896895,0.9866153782797928,0.7198150808531412,0.4519093396702892,0.6059980871756058,0.7954661013138818,-0.6059980871756058,-0.7954661013138818,0.6173170406325763,C0,0.8855002550882151,0.24880590057298857,0.2544832955305537,KNOWN_PARENT_PATH,INCOMING_PATH,True
M2_T_JUNCTION,KNOWN_PARENT_PATH,O42,6.016666666666651,360,2,-0.9999967720451306,-0.0025408461816806708,-0.9999967720451307,-0.002540846181680671,-0.0025408461816806708,0.9999967720451306,-83.52665158982651,-2.70173382126206,173.48557347512903,-1.447016472266048,-83.41843894600659,-45.29081115093204,-83.63486423364644,39.88734350840792,85.1784296114666,1.014028923946031,66.42966500336846,0.14557991924405655,0.6080172880473091,0.631397837083364,0.7939237856593008,0.021726338054337116,0.6059980871756058,0.7954661013138818,-0.6059980871756058,-0.7954661013138818,0.6173170406325763,C1,0.15038463444055025,0.7681158826522091,0.7721011737238518,KNOWN_PARENT_PATH,INCOMING_PATH,True
M2_T_JUNCTION,C1,O43,6.016666666666651,360,4,0.08921174244891712,0.99601268315681,0.08921174244891712,0.99601268315681,-0.99601268315681,0.08921174244891712,-41.25354464930128,36.09129609722392,215.75868041565425,37.34601344621993,1.1277749350438722,32.295248686039905,-83.63486423364644,39.88734350840792,85.10196767780062,1.0131186628309596,54.994033778258455,5.118260844578174,-0.8463564712075728,-0.06768195438734464,0.5326168638384113,0.4395714179483699,0.6059980871756058,0.7954661013138818,-0.6059980871756058,-0.7954661013138818,0.6173170406325763,C1,0.970661706748238,0.12390343445827387,0.1260515944457056,MERGE_EXISTING,RIGHT,True
M2_T_JUNCTION,KNOWN_PARENT_PATH,O44,6.11666666666665,366,1,0.15180335238878667,-0.9884107153423246,0.15180335238878667,-0.9884107153423246,0.9884107153423246,0.15180335238878667,-41.13121205336873,-38.785522206773166,215.88101301158682,-37.56372703776382,-83.39019904178133,-45.275795727506264,1.1277749350438757,-32.29524868604007,85.50896167445269,1.0179638294577702,56.779467485499225,8.731447952670862,0.9543555599811909,0.7876368431282259,0.2986728396305689,0.4522120111261635,0.15033706169655148,0.9886348000553326,-0.15033706169655148,-0.9886348000553326,0.6023903174118584,C0,0.8855575791462813,0.24850919434206492,0.25447341528182194,KNOWN_PARENT_PATH,INCOMING_PATH,True
M2_T_JUNCTION,KNOWN_PARENT_PATH,O45,6.11666666666665,366,2,-0.9999947173850294,-0.0032504156711022957,-0.9999947173850295,-0.003250415671102296,-0.0032504156711022957,0.9999947173850294,-83.52863197743937,-2.6867183978362803,173.48359308751617,-1.4649232288269365,-83.39019904178133,-45.275795727506264,-83.66706491309742,39.9023589318337,85.17860462511193,1.0140310074418086,66.42816972345419,0.186235427554152,0.15354974157083565,0.18204258964686526,0.9881409195370514,0.021939509785792392,0.15033706169655148,0.9886348000553326,-0.15033706169655148,-0.9886348000553326,0.6023903174118584,C1,0.1496830937286178,0.7682936638966819,0.7719001937843092,KNOWN_PARENT_PATH,INCOMING_PATH,True
M2_T_JUNCTION,C1,O46,6.11666666666665,366,4,0.08935310105520486,0.9960000117127602,0.08935310105520486,0.9960000117127602,-0.9960000117127602,0.08935310105520486,-41.26964498902677,36.09880380893681,215.74258007592877,37.320598977946155,1.1277749350438722,32.295248686039905,-83.66706491309742,39.9023589318337,85.13538037246084,1.0135164330054862,54.97697257386797,5.126392571394376,-0.9981133551008681,-0.5377399738280135,0.06139813001459085,0.43926899976403877,0.15033706169655148,0.9886348000553326,-0.15033706169655148,-0.9886348000553326,0.6023903174118584,C1,0.9706275711120723,0.12419626820923427,0.12607455379685176,MERGE_EXISTING,RIGHT,True
M2_T_JUNCTION,KNOWN_PARENT_PATH,O47,6.21666666666665,372,1,0.15144651317631466,-0.9884654539470443,0.15144651317631466,-0.9884654539470443,0.9884654539470443,0.15144651317631466,-41.08995650950061,-38.763586244990165,215.92226855545493,-37.61897804042855,-83.3076879540451,-45.231923803940255,1.1277749350438757,-32.29524868604007,85.42075249259291,1.0169137201499157,56.824530844426754,8.710763419228684,0.9884654539470443,0.6862155219481013,0.15144651317631466,0.4528701067511611,0.0,1.0,-0.0,-1.0,0.06281917317862748,C0,0.8857252227679933,0.24786911437778358,0.2545363837810842,KNOWN_PARENT_PATH,INCOMING_PATH,True
M2_T_JUNCTION,KNOWN_PARENT_PATH,O48,6.21666666666665,372,2,-0.9999858295565646,-0.005323597098709486,-0.9999858295565646,-0.005323597098709486,-0.005323597098709486,0.9999858295565646,-83.53441825542295,-2.642846474270268,173.47780680953258,-1.4982382697086576,-83.3076879540451,-45.231923803940255,-83.7611485568008,39.94623085539972,85.17936168866666,1.0140400201031745,66.42378525705712,0.3050210863468408,0.005323597098709486,0.031621992960544174,0.9999858295565646,0.022336105901121027,0.0,1.0,-0.0,-1.0,0.06281917317862748,C1,0.147632929295725,0.768640655860962,0.7712408019894929,KNOWN_PARENT_PATH,INCOMING_PATH,True
M2_T_JUNCTION,C1,O49,6.21666666666665,372,4,0.0897654759966985,0.9959629306952574,0.0897654759966985,0.9959629306952574,-0.9959629306952574,0.0897654759966985,-41.316686810878466,36.12073977071981,215.69553825407706,37.26534797528142,1.1277749350438722,32.295248686039905,-83.7611485568008,39.94623085539972,85.23301508077795,1.0146787509616422,54.927120748677865,5.15011524502853,-0.9959629306952574,-0.6581808917034756,0.0897654759966985,0.4386116439367593,0.0,1.0,-0.0,-1.0,0.06281917317862748,C1,0.9705278755630709,0.12482777982537072,0.1260422056565649,MERGE_EXISTING,RIGHT,True
M2_T_JUNCTION,C0,O50,6.3166666666666496,378,1,0.15095262652366367,-0.9885409979083354,0.15095262652366367,-0.9885409979083354,0.9885409979083354,0.15095262652366367,-41.03300035410936,-38.733302119977466,215.97922471084618,-37.70417055024098,-83.1937756432626,-45.17135555391486,1.1277749350438757,-32.29524868604007,85.29899190496232,1.0154641893447895,56.88673951291932,8.682136683954724,-0.9885409979083354,-0.6864353544459049,0.15095262652366367,0.4538847803858651,0.0,-1.0,-0.0,1.0,1.0,C0,0.8859570457619029,0.24688115107471714,0.2545852954876929,MERGE_EXISTING,LEFT,True
M2_T_JUNCTION,KNOWN_PARENT_PATH,O51,6.3166666666666496,378,2,-0.9999664970036195,-0.008185650268016672,-0.9999664970036195,-0.008185650268016672,-0.008185650268016672,0.9999664970036195,-83.542406615703,-2.5822782242448703,173.46981844925256,-1.5531466545083885,-83.1937756432626,-45.17135555391486,-83.8910375881434,40.00679910542512,85.18100847835872,1.0140596247423657,66.41769407362067,0.46900845066863894,-0.008185650268016672,-0.030895034488751524,0.9999664970036195,0.022989761251078,0.0,-1.0,-0.0,1.0,1.0,C1,0.1448015715050327,0.7692007542063615,0.7705471032083336,KNOWN_PARENT_PATH,INCOMING_PATH,True
M2_T_JUNCTION,KNOWN_PARENT_PATH,O52,6.3166666666666496,378,4,0.09033321298842344,0.9959115977993168,0.09033321298842344,0.9959115977993168,-0.9959115977993168,0.09033321298842344,-41.381631326549766,36.15102389573251,215.63059373840576,37.18015546546899,1.1277749350438722,32.295248686039905,-83.8910375881434,40.00679910542512,85.3678305494733,1.0162836970175393,54.85829057969178,5.182776873211452,0.9959115977993168,0.6579075706620414,0.09033321298842344,0.4375979738258041,0.0,-1.0,-0.0,1.0,1.0,C1,0.970390341453878,0.12581022268861053,0.12622626959813132,KNOWN_PARENT_PATH,INCOMING_PATH,True
M2_T_JUNCTION,C0,O53,6.416666666666649,384,1,0.14027089509002658,-0.9901131632246098,0.14027089509002658,-0.9901131632246098,0.9901131632246098,0.14027089509002658,-40.95267545107575,-38.25685253163344,216.0595496138798,-37.401022977205294,-83.03312583719537,-44.218456377226815,1.1277749350438757,-32.29524868604007,85.00129469862135,1.0119201749835876,57.27144564492527,8.063522076419474,-0.9901131632246098,-0.6826458107215017,0.14027089509002658,0.4502765547916196,0.0,-1.0,-0.0,1.0,1.0,C0,0.8909125414418737,0.2505259855862259,0.2549498593920441,MERGE_EXISTING,LEFT,True
M2_T_JUNCTION,KNOWN_PARENT_PATH,O54,6.416666666666649,384,2,-0.9999981930135228,0.0019010443680280464,-0.9999981930135229,0.0019010443680280466,0.0019010443680280464,0.9999981930135228,-82.95267545107578,-1.8994857630415538,174.05954961387977,-1.0436562086134047,-83.03312583719537,-44.218456377226815,-82.87222506495617,40.41948485114371,84.63809416826214,1.0075963591459778,67.02557978114274,0.10892188456190866,0.0019010443680280464,-0.02289242585885361,0.9999981930135228,0.016925571836795054,0.0,-1.0,-0.0,1.0,1.0,C1,0.1547745156976821,0.760035940280276,0.7720971044099317,KNOWN_PARENT_PATH,INCOMING_PATH,True
M2_T_JUNCTION,KNOWN_PARENT_PATH,O55,6.416666666666649,384,3,-0.9996323210358413,-0.0271149910657671,-0.9996323210358413,-0.0271149910657671,-0.0271149910657671,0.9996323210358413,-84.17237323305108,-2.218497174176825,172.83985183190447,-1.362667619748676,-83.03312583719537,-44.218456377226815,-85.3116206289068,39.781462028873165,84.03081476903166,1.0003668424884722,65.79839582646964,1.517761677290025,-0.0271149910657671,-0.02634744546677215,0.9996323210358413,0.02072086942924853,0.0,-1.0,-0.0,1.0,1.0,C1,0.1260437025975991,0.772352676440458,0.7731227382189714,KNOWN_PARENT_PATH,INCOMING_PATH,True
M2_T_JUNCTION,KNOWN_PARENT_PATH,O56,6.416666666666649,384,6,0.08628350983506085,0.9962706238420076,0.08628350983506085,0.9962706238420076,-0.9962706238420076,0.08628350983506085,-42.09192284693146,36.03835535745654,214.9203022180241,36.894184911884686,1.1277749350438722,32.295248686039905,-85.3116206289068,39.781462028873165,86.76296730561691,1.0328924679240108,54.394745385880896,4.949835752821741,0.9962706238420076,0.6503706074151505,0.08628350983506085,0.4341992795810541,0.0,-1.0,-0.0,1.0,1.0,C1,0.9713643299816275,0.12918621753260853,0.13398397369715895,KNOWN_PARENT_PATH,INCOMING_PATH,True
M2_T_JUNCTION,C0,O57,6.516666666666649,390,5,0.13839750135183554,-0.9903767624594029,0.13839750135183557,-0.990376762459403,0.9903767624594029,0.13839750135183554,-40.872215504129215,-38.16442287702964,216.14000956082634,-37.54599410070354,-82.8722059433023,-44.03359706801921,1.1277749350438757,-32.29524868604007,84.81618719501152,1.0097165142263276,57.39333699659708,7.991229690518281,-0.9903767624594029,-0.6824809142222255,0.13839750135183554,0.452003075394506,0.0,-1.0,-0.0,1.0,1.0,C0,0.8917701765898924,0.24884435893614648,0.2543168625069264,MERGE_EXISTING,LEFT,True
M2_T_JUNCTION,KNOWN_PARENT_PATH,O58,6.516666666666649,390,6,-0.9999999999894416,4.595286108026333e-06,-0.9999999999894417,4.595286108026334e-06,4.595286108026333e-06,0.9999999999894416,-82.87201224377682,-1.8818091430091712,174.14021282117872,-1.2633803666830712,-82.8722059433023,-44.03359706801921,-82.87181854425134,40.26997878200087,84.30357585091019,1.0036139982251213,67.10662499944034,0.00026329049964601836,4.595286108026333e-06,-0.022701562615787645,0.9999999999894416,0.019541496237006496,0.0,-1.0,-0.0,1.0,1.0,C1,0.15290064083301722,0.761419155764956,0.771934405394698,KNOWN_PARENT_PATH,INCOMING_PATH,True
M2_T_JUNCTION,KNOWN_PARENT_PATH,O59,6.516666666666649,390,8,0.09451274815720401,0.9955236513693548,0.09451274815720402,0.995523651369355,-0.9955236513693548,0.09451274815720401,-40.87202180460373,36.28261373402039,216.14020326035183,36.901042510346485,1.1277749350438722,32.295248686039905,-82.87181854425134,40.26997878200087,84.37729567123067,1.0044916151336984,56.86258009903119,5.579068247246624,0.9955236513693548,0.6638723372346095,0.09451274815720401,0.4342709487315908,0.0,-1.0,-0.0,1.0,1.0,C1,0.9693679217682266,0.1294902418206573,0.13459273917954376,KNOWN_PARENT_PATH,INCOMING_PATH,True
M2_T_JUNCTION,C0,O60,6.6166666666666485,396,1,0.1376963633778047,-0.9904744880674755,0.1376963633778047,-0.9904744880674755,0.9904744880674755,0.1376963633778047,-40.87215995541443,-38.13410507880231,216.14006510954113,-37.68978657404493,-82.87209484587274,-43.972961471564545,1.1277749350438757,-32.29524868604007,84.8077066021252,1.0096155547872048,57.414064538849566,7.996571591931101,-0.9904744880674755,-0.6821916151434595,0.1376963633778047,0.4537148905946867,0.0,-1.0,-0.0,1.0,1.0,C0,0.8920902769524268,0.24713443606359434,0.2530861453233258,MERGE_EXISTING,LEFT,True
M2_T_JUNCTION,KNOWN_PARENT_PATH,O61,6.6166666666666485,396,2,-0.999999999999968,2.5299778656450465e-07,-0.999999999999968,2.5299778656450465e-07,2.5299778656450465e-07,0.999999999999968,-82.87208418182179,-1.822193704016442,174.14014088313377,-1.3778751992590685,-82.87209484587274,-43.972961471564545,-82.87207351777084,40.32857406353166,84.3015355350989,1.0035897087511774,67.10788501592016,1.4495705386252666e-05,2.5299778656450465e-07,-0.02198271457262745,0.999999999999968,0.020904529795626632,0.0,-1.0,-0.0,1.0,1.0,C1,0.15289634960176213,0.7624645414003434,0.7726483574048301,KNOWN_PARENT_PATH,INCOMING_PATH,True
M2_T_JUNCTION,KNOWN_PARENT_PATH,O62,6.6166666666666485,396,4,0.09520063435903062,0.995458105204653,0.09520063435903063,0.9954581052046532,-0.995458105204653,0.09520063435903062,-40.872149291363485,36.31191137478578,216.14007577359206,36.756229879543156,1.1277749350438722,32.295248686039905,-82.87207351777084,40.32857406353166,84.38310765026667,1.0045608053603174,56.843030508919554,5.558378936977817,0.995458105204653,0.6641708272320344,0.09520063435903062,0.43254699033672167,0.0,-1.0,-0.0,1.0,1.0,C1,0.9691979711604677,0.1312082655331775,0.13582921957730687,KNOWN_PARENT_PATH,INCOMING_PATH,True
M2_T_JUNCTION,C0,O63,6.716666666666648,402,1,0.1372672056567028,-0.9905340550688807,0.13726720565670283,-0.9905340550688808,0.9905340550688807,0.1372672056567028,-40.87209655974159,-38.11554831988648,216.14012850521397,-37.77186972276345,-82.87196805452706,-43.93584795373289,1.1277749350438757,-32.29524868604007,84.80247858184914,1.009553316450585,57.42676852085212,8.004699631085956,-0.9905340550688807,-0.6820146462257495,0.1372672056567028,0.45469207122573624,0.0,-1.0,-0.0,1.0,0.9999999999999998,C0,0.8922859702656488,0.24615836543594766,0.25240100902350104,MERGE_EXISTING,LEFT,True
M2_T_JUNCTION,KNOWN_PARENT_PATH,O64,6.716666666666648,402,2,-0.9999999999971431,-2.390378081532111e-06,-0.9999999999971431,-2.390378081532111e-06,-2.390378081532111e-06,0.9999999999971431,-82.87206880950461,-1.7856214559332741,174.14015625545093,-1.4419428588102443,-82.87196805452706,-43.93584795373289,-82.87216956448216,40.36460504186634,84.30045299584008,1.0035768213790486,67.10869627788958,0.0001369585755242042,-2.390378081532111e-06,-0.02154172242144356,0.9999999999971431,0.021667240048330122,0.0,-1.0,-0.0,1.0,0.9999999999999998,C1,0.15289373730556383,0.7630495187125387,0.7730726904963247,KNOWN_PARENT_PATH,INCOMING_PATH,True
M2_T_JUNCTION,KNOWN_PARENT_PATH,O65,6.716666666666648,402,4,0.09562362306755456,0.995417561986644,0.09562362306755456,0.995417561986644,-0.995417561986644,0.09562362306755456,-40.872197314719145,36.32992686395312,216.1400277502364,36.67360546107615,1.1277749350438722,32.295248686039905,-82.87216956448216,40.36460504186634,84.38664105129894,1.0046028696583207,56.83102759458828,5.545157941110489,0.995417561986644,0.6643544897742816,0.09562362306755456,0.4315633669535724,0.0,-1.0,-0.0,1.0,0.9999999999999998,C1,0.9690932313150005,0.13218859567390298,0.13656507107526944,KNOWN_PARENT_PATH,INCOMING_PATH,True
M2_T_JUNCTION,C0,O66,6.816666666666648,408,1,0.13687608804110696,-0.9905881770557143,0.13687608804110696,-0.9905881770557143,0.9905881770557143,0.13687608804110696,-40.87202055460607,-38.098636853095165,216.14020451034946,-37.84307822331164,-82.87181604425601,-43.90202502015026,1.1277749350438757,-32.29524868604007,84.79769184099139,1.0094963314403738,57.438356616991065,8.011852827489406,-0.9905881770557143,-0.6818534256911789,0.13687608804110696,0.45553979189727833,0.0,-1.0,-0.0,1.0,1.0,C0,0.892464161410056,0.2453116268356929,0.251816386470552,MERGE_EXISTING,LEFT,True
M2_T_JUNCTION,KNOWN_PARENT_PATH,O67,6.816666666666648,408,2,-0.9999999999887551,-4.742355241728883e-06,-0.9999999999887551,-4.742355241728883e-06,-4.742355241728883e-06,0.9999999999887551,-82.87201593254265,-1.752443967381339,174.1402091324129,-1.4968853375978137,-82.87181604425601,-43.90202502015026,-82.8722158208293,40.397137085387584,84.29916210648578,1.0035614536486404,67.10945720661245,0.00027171694028993443,-4.742355241728883e-06,-0.02114166355201063,0.9999999999887551,0.022321317272995217,0.0,-1.0,-0.0,1.0,1.0,C1,0.1528914129810353,0.7635511245276925,0.7734494963574756,KNOWN_PARENT_PATH,INCOMING_PATH,True
M2_T_JUNCTION,KNOWN_PARENT_PATH,O68,6.816666666666648,408,4,0.09600553623754036,0.9953808000015584,0.09600553623754036,0.9953808000015584,-0.9953808000015584,0.09600553623754036,-40.87222044289271,36.34619288571375,216.14000462206283,36.60175151549727,1.1277749350438722,32.295248686039905,-82.8722158208293,40.397137085387584,84.38980413902063,1.0046405254645312,56.82020255584319,5.532897676222177,0.9953808000015584,0.6645203970109452,0.09600553623754036,0.43070796324534216,0.0,-1.0,-0.0,1.0,1.0,C1,0.9689985085333688,0.13304119263389766,0.13722074787555552,KNOWN_PARENT_PATH,INCOMING_PATH,True
M2_T_JUNCTION,KNOWN_PARENT_PATH,O69,6.916666666666647,414,1,0.09650409587066318,0.9953325873697624,0.09650409587066319,0.9953325873697625,-0.9953325873697624,0.09650409587066318,-40.884963882121546,36.36866236308519,216.127261182834,36.54036968538419,1.1277749350438722,32.295248686039905,-82.89770269928697,40.44207604013048,84.41949826677953,1.0049940269854705,56.795747705479315,5.537895964880619,0.9953325873697624,0.6646340437532192,0.09650409587066318,0.42997733415441775,0.0,-1.0,-0.0,1.0,1.0,C1,0.9688746349494044,0.13375753730203527,0.1376827751387275,KNOWN_PARENT_PATH,INCOMING_PATH,True
M2_T_JUNCTION,C0,O70,7.016666666666647,420,1,0.1333953054327329,-0.9910629104595267,0.13339530543273292,-0.9910629104595268,0.9910629104595267,0.1333953054327329,-41.48137475398373,-38.03036446629002,215.5308503109718,-37.94860827404227,-84.09052444301133,-43.765480246539965,1.1277749350438757,-32.29524868604007,85.98677084842373,1.0236520339098063,57.037247890388564,7.665838404874094,-0.9910629104595267,-0.6757803500864893,0.1333953054327329,0.4567910553980313,0.0,-1.0,-0.0,1.0,0.9999999999999997,C0,0.8940434337393989,0.24382070066540074,0.24403532663053729,MERGE_EXISTING,LEFT,True
M2_T_JUNCTION,KNOWN_PARENT_PATH,O71,7.016666666666647,420,2,-0.9999163615123103,0.012933289604069073,-0.9999163615123103,0.012933289604069073,0.012933289604069073,0.9999163615123103,-83.54535093053622,-1.6162721428648865,173.46687413441933,-1.5345159506171386,-84.09052444301133,-43.765480246539965,-83.0001774180611,40.53293596081019,84.30546738914656,1.003636516537459,66.43901629500614,0.7152075598789054,0.012933289604069073,-0.01934242598879665,0.9999163615123103,0.02276796130410313,0.0,-1.0,-0.0,1.0,0.9999999999999997,C1,0.16566453504731868,0.7690542232997731,0.7777604934406028,KNOWN_PARENT_PATH,INCOMING_PATH,True
M2_T_JUNCTION,KNOWN_PARENT_PATH,O72,7.016666666666647,420,4,0.0974524772305053,0.9952401793947218,0.0974524772305053,0.9952401793947218,-0.9952401793947218,0.0974524772305053,-40.93620124150861,36.41409232342505,216.07602382344692,36.4958485156728,1.1277749350438722,32.295248686039905,-83.0001774180611,40.53293596081019,84.53030142359137,1.0063131121856115,56.72727043803023,5.592491552727125,0.9952401793947218,0.6646325404611296,0.0974524772305053,0.4294477497729224,0.0,-1.0,-0.0,1.0,0.9999999999999997,C1,0.9686383096716203,0.13423940832745457,0.13767503687486857,KNOWN_PARENT_PATH,INCOMING_PATH,True
M2_T_JUNCTION,C0,O73,7.116666666666647,426,1,0.13322369778712792,-0.9910859934172837,0.13322369778712792,-0.9910859934172837,0.9910859934172837,0.13322369778712792,-41.46134989243666,-38.02016128970918,215.5508751725189,-37.992674172176194,-84.05047471991719,-43.7450738933783,1.1277749350438757,-32.29524868604007,85.94435822997035,1.0231471217853614,57.05890306210304,7.6559174612138605,-0.9910859934172837,-0.67585911636724,0.13322369778712792,0.45731581154924694,0.0,-1.0,-0.0,1.0,1.0,C0,0.8941209895262732,0.24330052820664502,0.24370966688868564,MERGE_EXISTING,LEFT,True
M2_T_JUNCTION,KNOWN_PARENT_PATH,O74,7.116666666666647,426,2,-0.9999290732036628,0.011910019398143009,-0.9999290732036628,0.011910019398143009,0.011910019398143009,0.9999290732036628,-83.54831993576961,-1.5856826168399465,173.46390512918595,-1.5581954993069638,-84.05047471991719,-43.7450738933783,-83.04616515162203,40.573708659698404,84.32476343839929,1.0038662314095153,66.43663390306092,0.6473178770141317,0.011910019398143009,-0.018975810703944704,0.9999290732036628,0.023049854784098187,0.0,-1.0,-0.0,1.0,1.0,C1,0.16465523974498458,0.7692921209116595,0.7775586685950447,KNOWN_PARENT_PATH,INCOMING_PATH,True
M2_T_JUNCTION,KNOWN_PARENT_PATH,O75,7.116666666666647,426,4,0.0978772161976448,0.9951984980642803,0.09787721619764482,0.9951984980642804,-0.9951984980642803,0.0978772161976448,-40.95919510828908,36.434478672869155,216.05302995666648,36.46196579040214,1.1277749350438722,32.295248686039905,-83.04616515162203,40.573708659698404,84.58005136702796,1.0069053734169995,56.696540670460465,5.616944202404881,0.9951984980642803,0.6646318535821709,0.0978772161976448,0.42904457680384955,0.0,-1.0,-0.0,1.0,1.0,C1,0.9685321774876249,0.1346217593808814,0.1377993353731509,KNOWN_PARENT_PATH,INCOMING_PATH,True
M2_T_JUNCTION,C0,O76,7.216666666666646,432,1,0.13323954999493187,-0.9910838624037563,0.1332395499949319,-0.9910838624037565,0.9910838624037563,0.13323954999493187,-41.463198835677446,-38.02110337334503,215.5490262292781,-37.99178801753927,-84.05417260639877,-43.746958060649995,1.1277749350438757,-32.29524868604007,85.94827418019291,1.023193740240392,57.05690361536443,7.656833895898245,-0.9910838624037563,-0.6758518414711164,0.13323954999493187,0.4573052471110457,0.0,-1.0,-0.0,1.0,0.983502378079905,C0,0.894113826531818,0.24331066538581922,0.24370451128694554,MERGE_EXISTING,LEFT,True
M2_T_JUNCTION,KNOWN_PARENT_PATH,O77,7.216666666666646,432,2,-0.9999279436901104,0.012004475318289978,-0.9999279436901104,0.012004475318289978,0.012004475318289978,0.9999279436901104,-83.5480460487673,-1.588506766381112,173.46417901618824,-1.5591914105753575,-84.05417260639877,-43.746958060649995,-83.04191949113584,40.56994452788777,84.32297859121395,1.0038449832287375,66.43685410233898,0.6535840679314049,0.012004475318289978,-0.019009657299481533,0.9999279436901104,0.02306171141521174,0.0,-1.0,-0.0,1.0,0.983502378079905,C1,0.16474841237963822,0.769299058042007,0.7776009328863858,KNOWN_PARENT_PATH,INCOMING_PATH,True
M2_T_JUNCTION,KNOWN_PARENT_PATH,O78,7.216666666666646,432,4,0.097838026106611,0.995202351608738,0.097838026106611,0.995202351608738,-0.995202351608738,0.097838026106611,-40.957072278045985,36.43259660696384,216.05515278690956,36.4619119627696,1.1277749350438722,32.295248686039905,-83.04191949113584,40.56994452788777,84.57545773492191,1.006850687320499,56.69937766860131,5.61468794652049,0.995202351608738,0.6646319173120098,0.097838026106611,0.42904391820775056,0.0,-1.0,-0.0,1.0,0.983502378079905,C1,0.9685419777352056,0.13462421371012198,0.1378160884530754,KNOWN_PARENT_PATH,INCOMING_PATH,True
M2_T_JUNCTION,C0,O79,7.316666666666646,438,1,0.13331437296141563,-0.9910738004618549,0.13331437296141563,-0.9910738004618549,0.9910738004618549,0.13331437296141563,-41.47192824013929,-38.02555122707727,215.54029682481627,-37.98364165155442,-84.07163141532246,-43.755853768114484,1.1277749350438757,-32.29524868604007,85.96676282902662,1.0234138432026978,57.047463565645266,7.661159525759501,-0.9910738004618549,-0.6758175006424775,0.13331437296141563,0.4572081958578693,0.0,-1.0,-0.0,1.0,0.8961119823713487,C0,0.8940800136555607,0.24340571900937527,0.24372364597330728,MERGE_EXISTING,LEFT,True
M2_T_JUNCTION,KNOWN_PARENT_PATH,O80,7.316666666666646,438,2,-0.9999224895411899,0.012450498373509,-0.99992248954119,0.012450498373509002,0.012450498373509,0.9999224895411899,-83.54675226560109,-1.6018411051066543,173.46547279935447,-1.5599315295838048,-84.07163141532246,-43.755853768114484,-83.02187311587971,40.552171557901175,84.31456058629108,1.0037447688844177,66.43789310305938,0.6831747129615593,0.012450498373509,-0.019169467652153,0.9999224895411899,0.023070524928949582,0.0,-1.0,-0.0,1.0,0.8961119823713487,C1,0.16518835729776948,0.7692958226767085,0.7777708075039949,KNOWN_PARENT_PATH,INCOMING_PATH,True
M2_T_JUNCTION,KNOWN_PARENT_PATH,O81,7.316666666666646,438,4,0.09765292380958286,0.9952205315765144,0.09765292380958286,0.9952205315765144,-0.9952205315765144,0.09765292380958286,-40.94704909041792,36.423710121970544,216.06517597453762,36.465619697493395,1.1277749350438722,32.295248686039905,-83.02187311587971,40.552171557901175,84.55377012532423,1.0065925014919552,56.71277294468411,5.604031336352961,0.9952205315765144,0.6646322173519876,0.09765292380958286,0.42908797389313635,0.0,-1.0,-0.0,1.0,0.8961119823713487,C1,0.9685882453670543,0.13458882547882803,0.13785978931989812,KNOWN_PARENT_PATH,INCOMING_PATH,True
M2_T_JUNCTION,KNOWN_PARENT_PATH,O82,7.416666666666646,444,1,0.09713335553167127,0.9952713756775877,0.09713335553167127,0.9952713756775877,-0.9952713756775877,0.09713335553167127,-40.91894421931681,36.398791719999195,216.09328084563873,36.48827146870517,1.1277749350438722,32.295248686039905,-82.9656633736775,40.50233475395849,84.49297383989364,1.00586873618921,56.75033365288036,5.5741200679789245,0.9952713756775877,0.6646330509975347,0.09713335553167127,0.42935740222677793,0.0,-1.0,-0.0,1.0,0.5197471757028334,C1,0.9687179316200346,0.13434470812340185,0.13787470796656018,KNOWN_PARENT_PATH,INCOMING_PATH,True
M2_T_JUNCTION,KNOWN_PARENT_PATH,O83,7.516666666666645,450,1,0.09681679374772896,0.9953022196541158,0.09681679374772896,0.9953022196541158,-0.9953022196541158,0.09681679374772896,-40.90184178853828,36.38362772636522,216.11038327641728,36.507934565095624,1.1277749350438722,32.295248686039905,-82.93145851212043,40.47200676669054,84.45598913300554,1.0054284420595898,56.77319056626681,5.555896522700635,0.9953022196541158,0.6646335527375486,0.09681679374772896,0.4295913433168104,0.0,-1.0,-0.0,1.0,0.08978500248889028,C1,0.9687968140034319,0.13412683358697544,0.1378338329155588,KNOWN_PARENT_PATH,INCOMING_PATH,True
M2_T_JUNCTION,C1,O84,7.616666666666645,456,1,0.09658946916649783,0.9953243061666556,0.09658946916649783,0.9953243061666556,-0.9953243061666556,0.09658946916649783,-40.88957036192224,36.37274689730117,216.1226547030333,36.51868536160039,1.1277749350438722,32.295248686039905,-82.90691565888835,40.45024510856244,84.4294568848413,1.0051125819623965,56.78959116585339,5.542810452703549,-0.9953243061666556,-0.6646339101492132,0.09658946916649783,0.42971922611286234,0.0,1.0,-0.0,-1.0,0.6210540815334779,C1,0.9688533978705126,0.1340105807177484,0.13783482914563305,MERGE_EXISTING,RIGHT,True
M2_T_JUNCTION,C1,O85,7.716666666666645,462,1,0.09628591020197996,0.9953537177790498,0.09628591020197996,0.9953537177790498,-0.9953537177790498,0.09628591020197996,-40.873196555749686,36.35822820490094,216.13902850920584,36.531186518487196,1.1277749350438722,32.295248686039905,-82.87416804654325,40.42120772376198,84.39406160959757,1.0046912096380662,56.811474784276136,5.525336358795613,-0.9953537177790498,-0.6646343836508076,0.09628591020197996,0.4298679121459445,0.0,1.0,-0.0,-1.0,1.0,C1,0.9689288766507543,0.13387762421023994,0.13785296927535443,MERGE_EXISTING,RIGHT,True
M2_T_JUNCTION,C1,O86,7.816666666666644,468,1,0.09608550230705086,0.9953730839471208,0.09608550230705086,0.9953730839471208,-0.9953730839471208,0.09608550230705086,-40.872222829046635,36.349598705285594,216.14000223590892,36.56405684073711,1.1277749350438722,32.295248686039905,-82.87222059313714,40.40394872453128,84.39046311668552,1.0046483704367324,56.8179374770307,5.530291993505273,-0.9953730839471208,-0.6645551449172031,0.09608550230705086,0.43025921724844307,0.0,1.0,-0.0,-1.0,1.0,C1,0.9689786567020948,0.133488489783354,0.13755228386352564,MERGE_EXISTING,RIGHT,True
M2_T_JUNCTION,KNOWN_PARENT_PATH,O87,7.916666666666644,474,1,0.1370013486959109,-0.9905708608956258,0.13700134869591094,-0.990570860895626,0.9905708608956258,0.1370013486959109,-40.87204677428008,-38.104052928436886,216.14017829067546,-37.841903102965766,-82.87186848360403,-43.9128571708337,1.1277749350438757,-32.29524868604007,84.79922712717344,1.0095146086568267,57.43464432888617,8.00958845117654,0.9905708608956258,0.6819050523850543,0.1370013486959109,0.45552580215307487,0.0,1.0,-0.0,-1.0,1.0,C0,0.8924071095122393,0.24532558609985738,0.25185106210791414,KNOWN_PARENT_PATH,INCOMING_PATH,True
M2_T_JUNCTION,KNOWN_PARENT_PATH,O88,7.916666666666644,474,2,-0.9999999999920202,-3.99497247563727e-06,-0.9999999999920202,-3.99497247563727e-06,-3.99497247563727e-06,0.9999999999920202,-82.87203687090863,-1.7630537308317926,174.1401881940469,-1.5009039053606719,-82.87186848360403,-43.9128571708337,-82.87220525821323,40.38674970917012,84.29960688067652,1.0035667485794824,67.10921128622891,0.00022889506212209199,3.99497247563727e-06,0.021269597722368964,0.9999999999920202,0.022369157322997903,0.0,1.0,-0.0,-1.0,1.0,C1,0.1528921515767753,0.7635880109495684,0.773478393553392,KNOWN_PARENT_PATH,INCOMING_PATH,True
M2_T_JUNCTION,C1,O89,7.916666666666644,474,4,0.0958835924856084,0.9953925540670141,0.09588359248560842,0.9953925540670142,-0.9953925540670141,0.0958835924856084,-40.87221516158468,36.340999197605015,216.14000990337087,36.603149023076135,1.1277749350438722,32.295248686039905,-82.87220525821323,40.38674970917012,84.3887970128435,1.0046285358671845,56.823657676633516,5.536845513334299,-0.9953925540670141,-0.6644674149647875,0.0958835924856084,0.43072460019194414,0.0,1.0,-0.0,-1.0,1.0,C1,0.9690287691217262,0.13302461451551006,0.13719100507825774,MERGE_EXISTING,RIGHT,True
M2_T_JUNCTION,KNOWN_PARENT_PATH,O90,8.016666666666644,480,1,0.13713145056394205,-0.9905528583908225,0.13713145056394208,-0.9905528583908226,0.9905528583908225,0.13713145056394205,-40.87207213648838,-38.10967837911006,216.14015292846716,-37.81490185507691,-82.87191920802063,-43.92410807218005,1.1277749350438757,-32.29524868604007,84.80081949339288,1.0095335653975344,57.430789604485895,8.007210065863148,0.9905528583908225,0.6819586807124084,0.13713145056394205,0.45520435859292396,0.0,1.0,-0.0,-1.0,1.0,C0,0.8923478364447853,0.2456466585030878,0.2520671256103074,KNOWN_PARENT_PATH,INCOMING_PATH,True
M2_T_JUNCTION,KNOWN_PARENT_PATH,O91,8.016666666666644,480,2,-0.9999999999948388,-3.2128595864162844e-06,-0.9999999999948388,-3.2128595864162844e-06,-3.2128595864162844e-06,0.9999999999948388,-82.87205463011261,-1.7740892648127726,174.14017043484293,-1.4793127407796245,-82.87191920802063,-43.92410807218005,-82.87219005220462,40.3759295425545,84.30003761516964,1.0035718763710673,67.10895807545973,0.00018408329447083815,3.2128595864162844e-06,0.021402665760044515,0.9999999999948388,0.022112119617614202,0.0,1.0,-0.0,-1.0,1.0,C1,0.1528929244942227,0.763390833929386,0.7733284431348897,KNOWN_PARENT_PATH,INCOMING_PATH,True
M2_T_JUNCTION,C1,O92,8.016666666666644,480,4,0.09575656806719618,0.9954047818209396,0.0957565680671962,0.9954047818209397,-0.9954047818209396,0.09575656806719618,-40.87220755858037,36.33558911429721,216.14001750637516,36.63036563833035,1.1277749350438722,32.295248686039905,-82.87219005220462,40.3759295425545,84.38774508756478,1.0046160129471997,56.82725803348412,5.540924772462404,-0.9954047818209396,-0.6644122338314694,0.09575656806719618,0.43104860737239004,0.0,1.0,-0.0,-1.0,1.0,C1,0.9690602746431397,0.1327016653916487,0.13694359622848942,MERGE_EXISTING,RIGHT,True
M2_T_JUNCTION,KNOWN_PARENT_PATH,O93,8.11666666666665,486,1,0.1371595019143815,-0.9905489745765217,0.13715950191438153,-0.9905489745765218,0.9905489745765217,0.1371595019143815,-40.87207735426047,-38.11089129264756,216.1401477106951,-37.80538759878665,-82.87192964356481,-43.92653389925505,1.1277749350438757,-32.29524868604007,84.80116252154028,1.0095376490659558,57.42995862435525,8.0066937297849,0.9905489745765217,0.6819702443994152,0.1371595019143815,0.4550910936214255,0.0,1.0,-0.0,-1.0,0.9983415010172891,C0,0.8923350543806481,0.24575979503784687,0.2521400406033414,KNOWN_PARENT_PATH,INCOMING_PATH,True
M2_T_JUNCTION,KNOWN_PARENT_PATH,O94,8.11666666666665,486,2,-0.9999999999953687,-3.043444151956102e-06,-0.9999999999953687,-3.043444151956102e-06,-3.043444151956102e-06,0.9999999999953687,-82.87205792492801,-1.7764707479260977,174.14016714002753,-1.4709670540651911,-82.87192964356481,-43.92653389925505,-82.87218620629122,40.37359240340285,84.30012630304832,1.0035729321791467,67.10890377711934,0.00017437650507190483,3.043444151956102e-06,0.021431382004521417,0.9999999999953687,0.02201276619917182,0.0,1.0,-0.0,-1.0,0.9983415010172891,C1,0.15289309191779712,0.7633146009077014,0.7732708394955012,KNOWN_PARENT_PATH,INCOMING_PATH,True
M2_T_JUNCTION,C1,O95,8.11666666666665,486,4,0.0957291310038326,0.9954074208469872,0.0957291310038326,0.9954074208469872,-0.9954074208469872,0.0957291310038326,-40.87220563562367,36.33442054472138,216.14001942933186,36.63992423858229,1.1277749350438722,32.295248686039905,-82.87218620629122,40.37359240340285,84.38751749495694,1.0046133035113922,56.82803587560619,5.541801447022976,-0.9954074208469872,-0.6644003159115269,0.0957291310038326,0.43116240018821805,0.0,1.0,-0.0,-1.0,0.9983415010172891,C1,0.9690670776602017,0.1325882446841814,0.13685974167040377,MERGE_EXISTING,RIGHT,True
M2_T_JUNCTION,KNOWN_PARENT_PATH,O96,8.216666666666654,492,1,0.13706574195737073,-0.9905619528235856,0.13706574195737073,-0.9905619528235856,0.9905619528235856,0.13706574195737073,-40.87205956593249,-38.10683721066852,216.14016549902306,-37.81822645198467,-82.87189406690885,-43.91842573529698,1.1277749350438757,-32.29524868604007,84.80001554926739,1.0095239946341354,57.43273631963701,8.008414651065209,0.9905619528235856,0.6819315946476734,0.13706574195737073,0.4552439372230845,0.0,1.0,-0.0,-1.0,0.7982958759184641,C0,0.8923777746660341,0.24560713089461178,0.2520300528776227,KNOWN_PARENT_PATH,INCOMING_PATH,True
M2_T_JUNCTION,KNOWN_PARENT_PATH,O97,8.216666666666654,492,2,-0.999999999993489,-3.608615982393598e-06,-0.999999999993489,-3.608615982393598e-06,-3.608615982393598e-06,0.999999999993489,-82.87204616975505,-1.7685137075453738,174.1401788952005,-1.4799029488615225,-82.87189406690885,-43.91842573529698,-82.87219827260125,40.38139832020623,84.29982405605209,1.0035693340006202,67.10908567824946,0.00020675846565154643,3.608615982393598e-06,0.02133543491486517,0.999999999993489,0.022119145921071035,0.0,1.0,-0.0,-1.0,0.7982958759184641,C1,0.1528925333908175,0.7633961625617328,0.7733321695985795,KNOWN_PARENT_PATH,INCOMING_PATH,True
M2_T_JUNCTION,C1,O98,8.216666666666654,492,4,0.09582076931072327,0.9953986036602126,0.09582076931072328,0.9953986036602127,-0.9953986036602126,0.09582076931072327,-40.87221166877869,36.338323503123064,216.14001339617687,36.626934261806916,1.1277749350438722,32.295248686039905,-82.87219827260125,40.38139832020623,84.38827711709268,1.0046223466320559,56.825438162193336,5.538867236956662,-0.9953986036602126,-0.6644401226624177,0.09582076931072327,0.4310077576964425,0.0,1.0,-0.0,-1.0,0.7982958759184641,C1,0.9690443530038397,0.13274237839158506,0.13698191584377858,MERGE_EXISTING,RIGHT,True
M2_T_JUNCTION,KNOWN_PARENT_PATH,O99,8.31666666666666,498,1,0.1368313376027359,-0.9905943594882044,0.13683133760273591,-0.9905943594882045,0.9905943594882044,0.1368313376027359,-40.87201076038815,-38.096701925389596,216.1402143045674,-37.85327436302936,-82.87179645582017,-43.89815516473913,1.1277749350438757,-32.29524868604007,84.79714283277653,1.009489795628292,57.439683100678366,8.012655715953898,0.9905943594882044,0.6818349830486955,0.1368313376027359,0.45566117456497035,0.0,1.0,-0.0,-1.0,0.3192081019022685,C0,0.8924845399861709,0.24519038472304627,0.25173610028291504,KNOWN_PARENT_PATH,INCOMING_PATH,True
M2_T_JUNCTION,KNOWN_PARENT_PATH,O100,8.31666666666666,498,2,-0.9999999999874597,-5.008031441018814e-06,-0.9999999999874598,-5.0080314410188145e-06,-5.008031441018814e-06,0.9999999999874597,-82.87200754183158,-1.7486571258820014,174.14021752312397,-1.5052295635217634,-82.87179645582017,-43.89815516473913,-82.87221862784298,40.40084091297513,84.2989960787714,1.0035594771282308,67.10954556912306,0.00028693906523358237,5.008031441018814e-06,0.02109600119685942,0.9999999999874597,0.022420653311233826,0.0,1.0,-0.0,-1.0,0.3192081019022685,C1,0.1528911504283872,0.7636273218584408,0.7735078255132383,KNOWN_PARENT_PATH,INCOMING_PATH,True
M2_T_JUNCTION,C1,O101,8.31666666666666,498,4,0.09604901776533953,0.9953766052034343,0.09604901776533953,0.9953766052034343,-0.9953766052034343,0.09604901776533953,-40.872221846399555,36.34804479950752,216.140003218556,36.59147236186776,1.1277749350438722,32.295248686039905,-82.87221862784298,40.40084091297513,84.39016260154015,1.004644792875478,56.81897085507179,5.53148248986912,-0.9953766052034343,-0.6645392907514187,0.09604901776533953,0.43058559241088673,0.0,1.0,-0.0,-1.0,0.3192081019022685,C1,0.9689877149005474,0.13316316669456432,0.13731389443279557,MERGE_EXISTING,RIGHT,True
M2_T_JUNCTION,KNOWN_PARENT_PATH,O102,8.416666666666664,504,1,0.09725484055149079,0.995259511880848,0.0972548405514908,0.9952595118808482,-0.995259511880848,0.09725484055149079,-40.9255117887174,36.40461478218144,216.08671327623813,36.52701508758616,1.1277749350438722,32.295248686039905,-82.97879851247868,40.51398087832297,84.5071787242479,1.006037841955332,56.7415563629107,5.581113758902887,0.995259511880848,0.6646328572043937,0.09725484055149079,0.4298186907123632,0.0,-1.0,-0.0,1.0,0.42009840166491036,C1,0.9686876327289351,0.13387889724028268,0.1374849001650082,KNOWN_PARENT_PATH,INCOMING_PATH,True
M2_T_JUNCTION,C0,O103,8.51666666666667,510,1,0.13200417861978758,-0.9912491598114549,0.13200417861978758,-0.9912491598114549,0.9912491598114549,0.13200417861978758,-41.319624663851286,-37.94794867890951,215.69260040110424,-38.14657802711842,-83.76702426274645,-43.60064867177896,1.1277749350438757,-32.29524868604007,85.64425841625744,1.0195745049554457,57.21214833114193,7.585421518693451,-0.9912491598114549,-0.6764180978830794,0.13200417861978758,0.45914914817364416,0.0,-1.0,-0.0,1.0,0.8867951749466468,C0,0.8946713109366833,0.2415063313410475,0.2437074973015915,MERGE_EXISTING,LEFT,True
M2_T_JUNCTION,KNOWN_PARENT_PATH,O104,8.51666666666667,510,2,-0.999986618015139,0.0051733732365354425,-0.999986618015139,0.0051733732365354425,0.0051733732365354425,0.999986618015139,-83.54677859281645,-1.028285817620155,173.4654464721391,-1.2269151658290678,-83.76702426274645,-43.60064867177896,-83.32653292288644,41.54407703653865,85.14586512899575,1.0136412515356636,66.44689362471428,0.2964137745021276,0.0051733732365354425,-0.01230697292092916,0.999986618015139,0.0191060444110269,0.0,-1.0,-0.0,1.0,0.8867951749466468,C1,0.15800659963232466,0.7662757029078113,0.7742818961842937,KNOWN_PARENT_PATH,INCOMING_PATH,True
M2_T_JUNCTION,KNOWN_PARENT_PATH,O105,8.51666666666667,510,4,0.1088619592661736,0.9940568765542191,0.1088619592661736,0.9940568765542191,-0.9940568765542191,0.1088619592661736,-41.099378993921285,36.91966286128928,215.91284607103427,36.72103351308037,1.1277749350438722,32.295248686039905,-83.32653292288644,41.54407703653865,84.95923105595448,1.0114194173327913,56.26867389877173,6.24971667376127,0.9940568765542191,0.6682666328444083,0.1088619592661736,0.4321298904545265,0.0,-1.0,-0.0,1.0,0.8867951749466468,C1,0.9657244544858449,0.13143377785329508,0.13660052160933697,KNOWN_PARENT_PATH,INCOMING_PATH,True
M2_T_JUNCTION,C0,O106,8.616666666666674,516,1,0.1310646460273972,-0.9913738238231393,0.13106464602739723,-0.9913738238231394,0.9913738238231393,0.1310646460273972,-41.21112655716904,-37.89266613233295,215.8010985077865,-38.358926735953546,-83.55002804938195,-43.49008357862583,1.1277749350438757,-32.29524868604007,85.41460441014459,1.0168405286921975,57.32944370491452,7.531118457875792,-0.9913738238231393,-0.6768478305947613,0.1310646460273972,0.4616780021030287,0.0,-1.0,-0.0,1.0,0.9883298194487307,C0,0.8950943003741014,0.2390164098218181,0.2433924437437668,MERGE_EXISTING,LEFT,True
M2_T_JUNCTION,KNOWN_PARENT_PATH,O107,8.616666666666674,516,2,-0.9999999992951203,-3.754676184677077e-05,-0.9999999992951204,-3.754676184677078e-05,-3.754676184677077e-05,0.9999999992951203,-83.55162650375242,-0.9177207244670242,173.46059856120314,-1.3839813280876214,-83.55002804938195,-43.49008357862583,-83.55322495812288,41.65464212969178,85.1447257683344,1.0136276877182666,66.44333358282739,0.0021512709886906123,-3.754676184677077e-05,-0.010983213713734442,0.9999999992951203,0.020975870007608026,0.0,-1.0,-0.0,1.0,0.9883298194487307,C1,0.15285899417375648,0.7677365481009701,0.7727144860113173,KNOWN_PARENT_PATH,INCOMING_PATH,True
M2_T_JUNCTION,KNOWN_PARENT_PATH,O108,8.616666666666674,516,4,0.10985634900796444,0.9939474747604322,0.10985634900796447,0.9939474747604324,-0.9939474747604322,0.10985634900796444,-41.212725011539504,36.974945407865846,215.79950005341604,36.50868480424525,1.1277749350438722,32.295248686039905,-83.55322495812288,41.65464212969178,85.19665479665022,1.014245890436312,56.14739901620122,6.30703478838862,0.9939474747604322,0.6678013581844219,0.10985634900796444,0.4296028801967542,0.0,-1.0,-0.0,1.0,0.9883298194487307,C1,0.965464300695912,0.13388346618242206,0.13675672225957367,KNOWN_PARENT_PATH,INCOMING_PATH,True
M2_T_JUNCTION,C0,O109,8.71666666666668,522,1,0.1306586582314164,-0.9914274128897012,0.1306586582314164,-0.9914274128897012,0.9914274128897012,0.1306586582314164,-41.164426712440715,-37.868871372956434,215.84779835251481,-38.427581031200404,-83.4566283599253,-43.44249405987279,1.1277749350438757,-32.29524868604007,85.31578025307175,1.0156640506318066,57.379924188785026,7.5076553023282315,-0.9914274128897012,-0.6770332800712116,0.1306586582314164,0.46249570632325093,0.0,-1.0,-0.0,1.0,1.0,C0,0.8952768160535859,0.23821771896248706,0.24342978281205652,MERGE_EXISTING,LEFT,True
M2_T_JUNCTION,KNOWN_PARENT_PATH,O110,8.71666666666668,522,2,-0.999997399749716,-0.0022804591219371655,-0.999997399749716,-0.0022804591219371655,-0.0022804591219371655,0.999997399749716,-83.55371314558323,-0.8701312057139852,173.4585119193723,-1.4288408639579533,-83.4566283599253,-43.44249405987279,-83.65079793124116,41.70223164844482,85.14494710649052,1.0136303226963157,66.44175618929293,0.13066079628936222,-0.0022804591219371655,-0.01041346928838262,0.999997399749716,0.021509907943600113,0.0,-1.0,-0.0,1.0,1.0,C1,0.15064205591293747,0.7681595171434561,0.7719957148307524,KNOWN_PARENT_PATH,INCOMING_PATH,True
M2_T_JUNCTION,KNOWN_PARENT_PATH,O111,8.71666666666668,522,4,0.11028261716346377,0.993900268815527,0.11028261716346378,0.9939002688155271,-0.993900268815527,0.11028261716346377,-41.26151149809864,36.99874016724236,215.75071356685692,36.44003050899839,1.1277749350438722,32.295248686039905,-83.65079793124116,41.70223164844482,85.29887306230357,1.015462774551233,56.09519313831533,6.33160746097434,0.993900268815527,0.6676016411177849,0.11028261716346377,0.42878597623255243,0.0,-1.0,-0.0,1.0,1.0,C1,0.9653524750474463,0.13467240520720575,0.13674642003675821,KNOWN_PARENT_PATH,INCOMING_PATH,True
M2_T_JUNCTION,C0,O112,8.816666666666684,528,1,0.1302008873766715,-0.9914876342780717,0.1302008873766715,-0.9914876342780717,0.9914876342780717,0.1302008873766715,-41.1119028300357,-37.84210911816483,215.90032223491983,-38.515117984995626,-83.35158059511528,-43.38896955028959,1.1277749350438757,-32.29524868604007,85.20464866076802,1.0143410554853336,57.43669595116694,7.481200979403511,-0.9914876342780717,-0.677242206196553,0.1302008873766715,0.4635382528522659,0.0,-1.0,-0.0,1.0,1.0,C0,0.895482419420296,0.2371983473968888,0.24343073855726965,MERGE_EXISTING,LEFT,True
M2_T_JUNCTION,KNOWN_PARENT_PATH,O113,8.816666666666684,528,2,-0.99998846530283,-0.0048030470839440145,-0.9999884653028301,-0.004803047083944015,-0.0048030470839440145,0.99998846530283,-83.55606001698676,-0.8166066961307799,173.4561650479688,-1.4896155629615797,-83.35158059511528,-43.38896955028959,-83.76053943885825,41.75575615802803,85.14570783827286,1.0136393790270577,66.43994966457679,0.27519538481189443,-0.0048030470839440145,-0.009772692726402053,0.99998846530283,0.022233411587138777,0.0,-1.0,-0.0,1.0,1.0,C1,0.14814776181889874,0.7687290697643876,0.7713154343587741,KNOWN_PARENT_PATH,INCOMING_PATH,True
M2_T_JUNCTION,KNOWN_PARENT_PATH,O114,8.816666666666684,528,4,0.11076080282756431,0.9938470931471266,0.11076080282756431,0.9938470931471266,-0.9938470931471266,0.11076080282756431,-41.316382251907186,37.025502422033966,215.69584281304836,36.35249355520317,1.1277749350438722,32.295248686039905,-83.76053943885825,41.75575615802803,85.41385788541565,1.0168316414930434,56.036471796975086,6.359174364467577,0.9938470931471266,0.6673774087929981,0.11076080282756431,0.427744329461297,0.0,-1.0,-0.0,1.0,1.0,C1,0.9652268118813219,0.1356858764593851,0.13687708308216606,KNOWN_PARENT_PATH,INCOMING_PATH,True
M2_T_JUNCTION,C0,O115,8.91666666666669,534,1,0.129921252225642,-0.9915243154961562,0.12992125222564202,-0.9915243154961563,0.9915243154961562,0.129921252225642,-41.079886777146505,-37.82579612442542,215.93233828780905,-38.565069646260305,-83.28754848933688,-43.35634356281078,1.1277749350438757,-32.29524868604007,85.13691707312246,1.0135347270609816,57.47129909579892,7.4650418091543145,-0.9915243154961562,-0.6773697391393589,0.129921252225642,0.4641331836605468,0.0,-1.0,-0.0,1.0,1.0,C0,0.8956079148018118,0.23661842091002386,0.24345193121511527,MERGE_EXISTING,LEFT,True
M2_T_JUNCTION,KNOWN_PARENT_PATH,O116,8.91666666666669,534,2,-0.99997989784851,-0.006340654452293919,-0.99997989784851,-0.006340654452293919,-0.006340654452293919,0.99997989784851,-83.55749055782914,-0.783980708651967,173.4547345071264,-1.5232542304868488,-83.28754848933688,-43.35634356281078,-83.82743262632138,41.788382145506844,85.14643733489976,1.0136480635107115,66.43883166163099,0.3632951738087229,-0.006340654452293919,-0.009382117606079286,0.99997989784851,0.022633869063941745,0.0,-1.0,-0.0,1.0,1.0,C1,0.1466269232936353,0.769045440713534,0.7709514006597962,KNOWN_PARENT_PATH,INCOMING_PATH,True
M2_T_JUNCTION,KNOWN_PARENT_PATH,O117,8.91666666666669,534,4,0.11105163836485761,0.9938146374533235,0.11105163836485761,0.9938146374533235,-0.9938146374533235,0.11105163836485761,-41.349828845638754,37.04181541577337,215.6623962193168,36.30254189393849,1.1277749350438722,32.295248686039905,-83.82743262632138,41.788382145506844,85.48395682626011,1.0176661526935729,56.00067560500029,6.3759414515870105,0.9938146374533235,0.6672409305552487,0.11105163836485761,0.4271499379590449,0.0,-1.0,-0.0,1.0,1.0,C1,0.9651502701735568,0.13626485924575013,0.13700220653030357,KNOWN_PARENT_PATH,INCOMING_PATH,True
M2_T_JUNCTION,C0,O118,9.016666666666694,540,1,0.12957673980322093,-0.9915693967151107,0.12957673980322093,-0.9915693967151107,0.9915693967151107,0.12957673980322093,-41.04051431491362,-37.80573485290851,215.97171075004192,-38.62444738948962,-83.20880356487112,-43.31622101977695,1.1277749350438757,-32.29524868604007,85.05363192864439,1.0125432372457666,57.513850788502275,7.445134421546328,-0.9915693967151107,-0.6775267645408872,0.12957673980322093,0.46484039135542143,0.0,-1.0,-0.0,1.0,0.9999999999999999,C0,0.8957624216553508,0.23593058996454128,0.24348998080461703,MERGE_EXISTING,LEFT,True
M2_T_JUNCTION,KNOWN_PARENT_PATH,O119,9.016666666666694,540,2,-0.9999661206386598,-0.008231498944260174,-0.9999661206386598,-0.008231498944260174,-0.008231498944260174,0.9999661206386598,-83.55924979765433,-0.7438581656181356,173.4529752673012,-1.5625707021992454,-83.20880356487112,-43.31622101977695,-83.90969603043756,41.828504688540676,85.14761045497949,1.0136620292259462,66.43743929415906,0.47163547482074364,-0.008231498944260174,-0.00890181152103134,0.9999661206386598,0.023101918793021554,0.0,-1.0,-0.0,1.0,0.9999999999999999,C1,0.1447562043604453,0.769415982583128,0.7706092318766984,KNOWN_PARENT_PATH,INCOMING_PATH,True
M2_T_JUNCTION,KNOWN_PARENT_PATH,O120,9.016666666666694,540,4,0.11140863356021789,0.9937746808850813,0.11140863356021789,0.9937746808850813,-0.9937746808850813,0.11140863356021789,-41.39096054769684,37.061876687290294,215.6212645172587,36.243164150709184,1.1277749350438722,32.295248686039905,-83.90969603043756,41.828504688540676,85.57017259661403,1.0186925309120718,55.95665187940089,6.396523487918046,0.9937746808850813,0.6670733038443317,0.11140863356021789,0.4264433934883033,0.0,-1.0,-0.0,1.0,0.9999999999999999,C1,0.9650562002309467,0.13695423887941033,0.13725837034057264,KNOWN_PARENT_PATH,INCOMING_PATH,True
M2_T_JUNCTION,C0,O121,9.1166666666667,546,1,0.12932325728690436,-0.9916024884623401,0.12932325728690436,-0.9916024884623401,0.9916024884623401,0.12932325728690436,-41.01159545978963,-37.79099996025259,216.0006296051659,-38.673346088400486,-83.15096585462314,-43.286751234465115,1.1277749350438757,-32.29524868604007,84.99246600354596,1.0118150714707852,57.54510314885675,7.430487704945762,-0.9916024884623401,-0.6776422317565788,0.12932325728690436,0.46542276094356144,0.0,-1.0,-0.0,1.0,1.0,C0,0.8958760299085543,0.23536317449065897,0.24349597781926516,MERGE_EXISTING,LEFT,True
M2_T_JUNCTION,KNOWN_PARENT_PATH,O122,9.1166666666667,546,2,-0.9999537242411477,-0.009620258637823712,-0.9999537242411478,-0.009620258637823714,-0.009620258637823712,0.9999537242411477,-83.56054194954802,-0.7143883803063069,173.45168311540752,-1.5967345084542004,-83.15096585462314,-43.286751234465115,-83.97011804447291,41.8579744738525,85.1486660274533,1.0136745955649202,66.43640432784088,0.5512087203317151,-0.009620258637823712,-0.008549038305017787,0.9999537242411477,0.02350862819653135,0.0,-1.0,-0.0,1.0,1.0,C1,0.14338187796860588,0.7697362294417103,0.7705280356971623,KNOWN_PARENT_PATH,INCOMING_PATH,True
M2_T_JUNCTION,KNOWN_PARENT_PATH,O123,9.1166666666667,546,4,0.11167037749877846,0.993745302775958,0.11167037749877846,0.993745302775958,-0.993745302775958,0.11167037749877846,-41.42117155471452,37.0766115799462,215.591053510241,36.19426545179831,1.1277749350438722,32.295248686039905,-83.97011804447291,41.8579744738525,85.6335046231683,1.0194464836091466,55.92431490752084,6.411614478729973,0.993745302775958,0.6669503306003333,0.11167037749877846,0.4258615110335909,0.0,-1.0,-0.0,1.0,1.0,C1,0.9649871479144261,0.13752470939976072,0.13762391112353536,KNOWN_PARENT_PATH,INCOMING_PATH,True
M2_T_JUNCTION,C0,O124,9.216666666666704,552,1,0.12914844371039857,-0.9916252717065969,0.12914844371039857,-0.9916252717065969,0.9916252717065969,0.12914844371039857,-40.99167642623104,-37.78085070572516,216.0205486387245,-38.706312258491046,-83.11112778750595,-43.26645272541025,1.1277749350438757,-32.29524868604007,84.95033872782794,1.011313556283666,57.56662867842785,7.420386918429358,-0.9916252717065969,-0.6777218300501828,0.12914844371039857,0.46581538219045815,0.0,-1.0,-0.0,1.0,1.0,C0,0.8959543432381764,0.2349811808060327,0.24350420917050583,MERGE_EXISTING,LEFT,True
M2_T_JUNCTION,KNOWN_PARENT_PATH,O125,9.216666666666704,552,2,-0.9999440641787783,-0.010576791272743238,-0.9999440641787783,-0.010576791272743238,-0.010576791272743238,0.9999440641787783,-83.56143197153621,-0.6940898712514354,173.45079309341935,-1.6195514240173257,-83.11112778750595,-43.26645272541025,-84.01173615556647,41.878272982907376,85.1494886148899,1.0136843882724988,66.435685404097,0.6060168001102397,-0.010576791272743238,-0.008306055935573549,0.9999440641787783,0.023780256369701484,0.0,-1.0,-0.0,1.0,1.0,C1,0.14243511500100275,0.7699503656987895,0.7705327458139105,KNOWN_PARENT_PATH,INCOMING_PATH,True
M2_T_JUNCTION,KNOWN_PARENT_PATH,O126,9.216666666666704,552,4,0.11185043468014007,0.9937250526488016,0.11185043468014008,0.9937250526488017,-0.9937250526488016,0.11185043468014007,-41.4419806102613,37.08676083447364,215.57024445469426,36.16129928170775,1.1277749350438722,32.295248686039905,-84.01173615556647,41.878272982907376,85.67713057416498,1.0199658401686307,55.902040627541545,6.42199603386274,0.9937250526488016,0.6668657004175534,0.11185043468014007,0.4254692253197241,0.0,-1.0,-0.0,1.0,1.0,C1,0.9649396058420813,0.1379097402445923,0.13793520219600705,KNOWN_PARENT_PATH,INCOMING_PATH,True
M2_T_JUNCTION,C0,O127,9.316666666666709,558,1,0.12906731404318908,-0.9916358345913467,0.12906731404318908,-0.9916358345913467,0.9916358345913467,0.12906731404318908,-40.98243901450734,-37.77614400936447,216.0297860504482,-38.724400332742114,-83.09265296405856,-43.25703933268888,1.1277749350438757,-32.29524868604007,84.9308031852335,1.0110809903003988,57.576610877625804,7.415699298118497,-0.9916358345913467,-0.6777587617685029,0.12906731404318908,0.46603079377167655,0.0,-1.0,-0.0,1.0,1.0,C0,0.8959906777952407,0.23477082249515324,0.24349621410909147,MERGE_EXISTING,LEFT,True
M2_T_JUNCTION,KNOWN_PARENT_PATH,O128,9.316666666666709,558,2,-0.9999392738603845,-0.01102037166193259,-0.9999392738603845,-0.01102037166193259,-0.01102037166193259,0.9999392738603845,-83.56184471744197,-0.6846764785300721,173.45038034751357,-1.6329328019077105,-83.09265296405856,-43.25703933268888,-84.03103647082537,41.88768637562874,85.14989653282272,1.0136892444383658,66.43535033004603,0.6314335664536657,-0.01102037166193259,-0.008193374605580983,0.9999392738603845,0.02393955766428539,0.0,-1.0,-0.0,1.0,1.0,C1,0.14199601768959702,0.7700751265188851,0.7705813023970082,KNOWN_PARENT_PATH,INCOMING_PATH,True
M2_T_JUNCTION,KNOWN_PARENT_PATH,O129,9.316666666666709,558,4,0.11193387236867514,0.9937156576287571,0.11193387236867514,0.9937156576287571,-0.9937156576287571,0.11193387236867514,-41.45163076789075,37.09146753083432,215.5605942970648,36.14321120745668,1.1277749350438722,32.295248686039905,-84.03103647082537,41.88768637562874,85.69736297511756,1.0202067020847327,55.891710731687354,6.426806871617941,0.9937156576287571,0.6668264734280626,0.11193387236867514,0.4252539693407329,0.0,-1.0,-0.0,1.0,1.0,C1,0.9649175639890178,0.13812178423895774,0.13812985906807035,KNOWN_PARENT_PATH,INCOMING_PATH,True
M2_T_JUNCTION,C0,O130,9.416666666666714,564,1,0.11957614423855878,-0.9928250327872677,0.11957614423855879,-0.9928250327872679,0.9928250327872677,0.11957614423855878,-40.98850818281581,-37.36774643597568,216.02371688213972,-38.32521955334374,-83.1047913006755,-42.4402441859113,1.1277749350438757,-32.29524868604007,84.84129977992593,1.0100154735705469,56.050217369562255,6.8676412990900815,-0.9928250327872677,-0.673713209946813,0.11957614423855878,0.4612785919488215,0.0,-1.0,-0.0,1.0,1.0,C0,0.9001973649143744,0.2395154529030974,0.24368309249711478,MERGE_EXISTING,LEFT,True
M2_T_JUNCTION,KNOWN_PARENT_PATH,O131,9.416666666666714,564,2,-0.9999383843989935,-0.011100784005228322,-0.9999383843989935,-0.011100784005228322,-0.011100784005228322,0.9999383843989935,-83.57290021191068,-0.27384691137571693,173.43932485304487,-1.231320028743776,-83.1047913006755,-42.4402441859113,-84.04100912314584,41.89255036315986,84.33799108507955,1.0040237033938042,66.42665112632586,0.5867350150492143,-0.011100784005228322,-0.003276725356424954,0.9999383843989935,0.019158431299640153,0.0,-1.0,-0.0,1.0,1.0,C1,0.1419164148178053,0.7665174539177217,0.7669894130578863,KNOWN_PARENT_PATH,INCOMING_PATH,True
M2_T_JUNCTION,KNOWN_PARENT_PATH,O132,9.416666666666714,564,4,0.11197696965271586,0.9937108021287656,0.11197696965271586,0.9937108021287656,-0.9937108021287656,0.11197696965271586,-41.45661709405098,37.093899524599884,215.55560797090456,36.13642640723182,1.1277749350438722,32.295248686039905,-84.04100912314584,41.89255036315986,85.70781748144215,1.020331160493359,55.88637311808803,6.42929178618823,0.9937108021287656,0.6668062094627367,0.11197696965271586,0.42517323832887055,0.0,-1.0,-0.0,1.0,1.0,C1,0.9649061761720557,0.13820090811726354,0.1382039906493926,KNOWN_PARENT_PATH,INCOMING_PATH,True
M2_T_JUNCTION,C0,O133,9.516666666666719,570,1,0.1194263950251481,-0.9928430571703151,0.1194263950251481,-0.9928430571703151,0.9928430571703151,0.1194263950251481,-40.98048283441587,-37.36033665727378,216.0317422305397,-38.332361469965456,-83.0887406038756,-42.42542462850748,1.1277749350438757,-32.29524868604007,84.82359314567151,1.009804680305613,56.06114011082558,6.858999373542744,-0.9928430571703151,-0.673712290568211,0.1194263950251481,0.4613636820038686,0.0,-1.0,-0.0,1.0,1.0,C0,0.9002630384711505,0.23943458686064384,0.24368492410034492,MERGE_EXISTING,LEFT,True
M2_T_JUNCTION,KNOWN_PARENT_PATH,O134,9.516666666666719,570,2,-0.9999341892151996,-0.01147245564565921,-0.9999341892151996,-0.01147245564565921,-0.01147245564565921,0.9999341892151996,-83.57248211972606,-0.26272682590801466,173.43974294522948,-1.234751638599693,-83.0887406038756,-42.42542462850748,-84.05622363557652,41.89997097669145,84.33094549090465,1.0039398272726745,66.42710491411115,0.6114202377817151,-0.01147245564565921,-0.003143684631697959,0.9999341892151996,0.019199284628923702,0.0,-1.0,-0.0,1.0,1.0,C1,0.14154847176521068,0.7665452950428714,0.7669630187653175,KNOWN_PARENT_PATH,INCOMING_PATH,True
M2_T_JUNCTION,KNOWN_PARENT_PATH,O135,9.516666666666719,570,4,0.11204269922287913,0.9937033931464918,0.11204269922287914,0.9937033931464919,-0.9937033931464918,0.11204269922287913,-41.46422435026632,37.09760983136567,215.54800071468924,36.125585018673995,1.1277749350438722,32.295248686039905,-84.05622363557652,41.89997097669145,85.72376743214215,1.0205210408588352,55.878229850286395,6.433081662467828,0.9937033931464918,0.6667753008228791,0.11204269922287913,0.4250442358454882,0.0,-1.0,-0.0,1.0,1.0,C1,0.9648888045076958,0.13832750944329383,0.13832752550668123,KNOWN_PARENT_PATH,INCOMING_PATH,True
M2_T_JUNCTION,C0,O136,9.616666666666724,576,1,0.11932670441875737,-0.9928550436053384,0.11932670441875738,-0.9928550436053385,0.9928550436053384,0.11932670441875737,-40.97514219145934,-37.35540563390439,216.03708287349622,-38.338821051963215,-83.07805931796256,-42.41556258176871,1.1277749350438757,-32.29524868604007,84.81181094395326,1.0096644159994437,56.06840890357446,6.853246383200201,-0.9928550436053384,-0.6737116783032898,0.11932670441875737,0.46144062652959433,0.0,-1.0,-0.0,1.0,1.0,C0,0.90030674646254,0.23936049497053558,0.24367213917162026,MERGE_EXISTING,LEFT,True
M2_T_JUNCTION,KNOWN_PARENT_PATH,O137,9.616666666666724,576,2,-0.9999313205930193,-0.011719816427770442,-0.9999313205930193,-0.011719816427770442,-0.011719816427770442,0.9999313205930193,-83.57220347823866,-0.2553268994587725,173.44002158671688,-1.2387423175176004,-83.07805931796256,-42.41556258176871,-84.06634763851476,41.904908782851166,84.32626284234479,1.0038840814564856,66.42740648972467,0.6278501422089562,-0.011719816427770442,-0.0030551510816447243,0.9999313205930193,0.019246793264823696,0.0,-1.0,-0.0,1.0,1.0,C1,0.14130358078343092,0.7665792775876468,0.7669662728287263,KNOWN_PARENT_PATH,INCOMING_PATH,True
M2_T_JUNCTION,KNOWN_PARENT_PATH,O138,9.616666666666724,576,4,0.11208642300665689,0.9936984621994606,0.11208642300665689,0.9936984621994606,-0.9936984621994606,0.11208642300665689,-41.46928635173544,37.10007873444553,215.5429387132201,36.116663316386706,1.1277749350438722,32.295248686039905,-84.06634763851476,41.904908782851166,85.73438101633894,1.0206473930516542,55.872811124307255,6.4356027311361,0.9936984621994606,0.6667547380503839,0.11208642300665689,0.4249380661423943,0.0,-1.0,-0.0,1.0,1.0,C1,0.9648772463414135,0.1384321099161584,0.13843298722025382,KNOWN_PARENT_PATH,INCOMING_PATH,True
M2_T_JUNCTION,C0,O139,9.716666666666729,582,1,0.11936701431435581,-0.9928501981133289,0.11936701431435581,-0.9928501981133289,0.9928501981133289,0.11936701431435581,-40.977301490975336,-37.35739932064969,216.03492357398022,-38.33958728597191,-83.08237791699455,-42.41954995525932,1.1277749350438757,-32.29524868604007,84.8165745568258,1.0097211256764975,56.06547002349518,6.855572596418114,-0.9928501981133289,-0.6737119258936941,0.11936701431435581,0.461449730264019,0.0,-1.0,-0.0,1.0,0.9401007208767816,C0,0.9002890742932977,0.2393502729388021,0.24364938260836805,MERGE_EXISTING,LEFT,True
M2_T_JUNCTION,KNOWN_PARENT_PATH,O140,9.716666666666729,582,2,-0.9999324878149967,-0.011619802584876753,-0.9999324878149967,-0.011619802584876753,-0.011619802584876753,0.9999324878149967,-83.57231617678661,-0.2583187801919742,173.43990888816893,-1.24050674551419,-83.08237791699455,-42.41954995525932,-84.06225443657868,41.90291239487537,84.32815552817169,1.0039066134306154,66.42728459751359,0.6212070445876066,-0.011619802584876753,-0.003090946356689624,0.9999324878149967,0.019267798135575033,0.0,-1.0,-0.0,1.0,0.9401007208767816,C1,0.14140259715417633,0.7665961260227581,0.7670000655154467,KNOWN_PARENT_PATH,INCOMING_PATH,True
M2_T_JUNCTION,KNOWN_PARENT_PATH,O141,9.716666666666729,582,4,0.11206874651898241,0.9937004558988911,0.11206874651898241,0.9937004558988911,-0.9937004558988911,0.11206874651898241,-41.467239750767405,37.099080540457635,215.54498531418812,36.11689257513542,1.1277749350438722,32.295248686039905,-84.06225443657868,41.90291239487537,85.73008985344637,1.0205963077791236,55.87500195647543,6.434583521423235,0.9937004558988911,0.6667630512953192,0.11206874651898241,0.4249407788304181,0.0,-1.0,-0.0,1.0,0.9401007208767816,C1,0.9648819192654826,0.13843001456234427,0.13843028038647417,KNOWN_PARENT_PATH,INCOMING_PATH,True
M2_T_JUNCTION,C0,O142,9.816666666666734,588,1,0.11956936475098702,-0.9928258492872984,0.11956936475098702,-0.9928258492872984,0.9928258492872984,0.11956936475098702,-40.988144780278624,-37.36741090852815,216.02408028467693,-38.33184047652325,-83.10406449560112,-42.43957313101623,1.1277749350438757,-32.29524868604007,84.84049794947518,1.0100059279699427,56.050711970731804,6.8672500560688405,-0.9928258492872984,-0.6737131683329753,0.11956936475098702,0.46135741548895115,0.0,-1.0,-0.0,1.0,0.4107896593619843,C0,0.9002003385740677,0.2394368875170031,0.24363092452253268,MERGE_EXISTING,LEFT,True
M2_T_JUNCTION,KNOWN_PARENT_PATH,O143,9.816666666666734,588,2,-0.999938197430244,-0.011117613051121699,-0.999938197430244,-0.011117613051121699,-0.011117613051121699,0.999938197430244,-83.57288129603006,-0.2733433665594376,173.43934376892548,-1.2377729345545367,-83.10406449560112,-42.43957313101623,-84.04169809645899,41.89288639789736,84.33767181375892,1.004019902544749,66.42667169056641,0.5878527064376726,-0.011117613051121699,-0.003270700977079348,0.999938197430244,0.019235251643461904,0.0,-1.0,-0.0,1.0,0.4107896593619843,C1,0.14189975505650976,0.7665757380120478,0.7670539222258596,KNOWN_PARENT_PATH,INCOMING_PATH,True
M2_T_JUNCTION,KNOWN_PARENT_PATH,O144,9.816666666666734,588,4,0.11197994668710742,0.9937104666551281,0.11197994668710744,0.9937104666551282,-0.9937104666551281,0.11197994668710742,-41.456961580707556,37.09406754196863,215.55526348424797,36.12963797397353,1.1277749350438722,32.295248686039905,-84.04169809645899,41.89288639789736,85.70853975020204,1.0203397589309766,55.88600436077509,6.429463437270755,0.9937104666551281,0.6668048096264333,0.11197994668710742,0.4250924264570731,0.0,-1.0,-0.0,1.0,0.4107896593619843,C1,0.9649053894658802,0.13828158258228745,0.13828428560926675,KNOWN_PARENT_PATH,INCOMING_PATH,True
M2_T_JUNCTION,KNOWN_PARENT_PATH,O145,9.916666666666739,594,1,0.1291359900767019,-0.9916268935778769,0.1291359900767019,-0.9916268935778769,0.9916268935778769,0.1291359900767019,-40.99025817489207,-37.78012807057417,216.02196689006348,-38.71835933133508,-83.10829128482801,-43.265007455108275,1.1277749350438757,-32.29524868604007,84.94733933237809,1.0112778491949772,57.56816128866592,7.419667352190729,0.9916268935778769,0.6777274995545188,0.1291359900767019,0.4659588115749193,0.0,1.0,-0.0,-1.0,0.16210285892120885,C0,0.8959599211103842,0.2348386265120824,0.24346309042326608,KNOWN_PARENT_PATH,INCOMING_PATH,True
M2_T_JUNCTION,KNOWN_PARENT_PATH,O146,9.916666666666739,594,2,-0.9999433414884632,-0.010644896095631622,-0.9999433414884632,-0.010644896095631622,-0.010644896095631622,0.9999433414884632,-83.56149534182336,-0.6926446009494711,173.45072972313218,-1.6308758617103774,-83.10829128482801,-43.265007455108275,-84.01469939881869,41.87971825320933,85.14955015508743,1.013685120893898,66.4356340279854,0.6099191387153269,0.010644896095631622,0.008288755534643023,0.9999433414884632,0.02391507097621999,0.0,1.0,-0.0,-1.0,0.16210285892120885,C1,0.14236770043975422,0.770053748676904,0.7706356870706954,KNOWN_PARENT_PATH,INCOMING_PATH,True
M2_T_JUNCTION,C1,O147,9.916666666666739,594,4,0.11186324776499613,0.9937236103663166,0.11186324776499615,0.9937236103663167,-0.9937236103663166,0.11186324776499613,-41.44346223188741,37.087483469624615,215.56876283306815,36.14925220886371,1.1277749350438722,32.295248686039905,-84.01469939881869,41.87971825320933,85.6802368844557,1.020002820053044,55.90045465340183,6.422734805835518,-0.9937236103663166,-0.6668596769372149,0.11186324776499613,0.42532581982361606,0.0,1.0,-0.0,-1.0,0.16210285892120885,C1,0.9649362214468673,0.13805260184595494,0.13807367633290704,MERGE_EXISTING,RIGHT,True
M3_ANGLED_Y,C1,O0,2.416666666666663,144,9,0.2893585406926689,0.9572207869286004,0.289358540692669,0.9572207869286005,-0.9572207869286004,0.2893585406926689,109.07620300390917,31.141980330499006,247.5454358087665,31.500988729395463,139.17554712267173,22.043241137885495,78.9768588851466,40.24071952311252,62.88903151662897,0.7486789466265353,36.565256642176905,16.819556692250558,-0.289841659318185,-0.9617151213021151,0.9570746117851423,1.350413611402656,0.9999998726146105,0.0005047482170929136,-0.9999998726146105,-0.0005047482170929136,0.9999999186773292,NONE,NaN,NaN,NaN,MERGE_EXISTING,BRANCH_0,True
M3_ANGLED_Y,C0,O1,2.5166666666666626,150,0,0.28158791918374826,-0.9595354312216756,0.28158791918374826,-0.9595354312216756,0.9595354312216756,0.28158791918374826,105.54939430920714,-35.030855364863896,248.34488283990444,-34.66953931341388,75.79775430832265,-43.76185385387914,135.30103431009164,-26.29985687584866,62.012592829438006,0.7382451527314048,38.7892295385267,16.35499956877993,-0.281224235900848,-0.9489738235627463,0.9596420838739744,1.3239377435889679,0.9999999281798407,0.00037899909412206185,-0.9999999281798407,-0.00037899909412206185,0.9999999764352026,C1,-0.8370073911881917,0.7878018711112527,0.7878035683336219,MERGE_EXISTING,BRANCH_1,True
M3_ANGLED_Y,C1,O2,2.5166666666666626,150,14,0.3068054446818632,0.9517722517039273,0.30680544468186327,0.9517722517039274,-0.9517722517039273,0.3068054446818632,105.06114534186091,30.76609837946883,247.8566338725582,31.127414430918844,134.44534431023894,21.29405061281679,75.67694637348288,40.23814614612087,61.74628208748982,0.7350747867558312,40.526728969858695,17.8668168059329,-0.3071661434682536,-0.9598032207408737,0.9516559043618864,1.3032532265493013,0.9999999281798407,0.00037899909412206185,-0.9999999281798407,-0.00037899909412206185,0.9999999764352026,C1,0.9998329595025487,0.005788236656099823,0.011163480478952468,MERGE_EXISTING,BRANCH_0,True
M3_ANGLED_Y,C0,O3,2.6166666666666623,156,0,0.2910431855578283,-0.9567099164011792,0.2910431855578284,-0.9567099164011793,0.9567099164011792,0.2910431855578283,100.27627168045768,-34.56741782926258,247.31648952115108,-34.202391900609,70.03980888236272,-43.76572998417512,130.51273447855266,-25.36910567435004,63.20925973430769,0.7524911873131869,43.93286542233838,16.92042033967192,-0.2906797947833603,-0.9452799468121282,0.9568203890515206,1.2627039830674003,0.9999999278714693,0.000379811869534654,-0.9999999278714693,-0.000379811869534654,0.9999999678541626,C0,0.9999513072018972,0.013446688235792722,0.015442107942914654,MERGE_EXISTING,BRANCH_1,True
M3_ANGLED_Y,C1,O4,2.6166666666666623,156,14,0.26738942174995506,0.9635885517876521,0.26738942174995506,0.9635885517876521,-0.9635885517876521,0.26738942174995506,100.47799190046389,31.6901962754728,247.5182097411573,32.05522220412638,131.26818392807405,23.146122535120732,69.68779987285373,40.23427001582487,63.9073429639406,0.7608017019516738,44.64300974150943,15.508981106414836,-0.2677553848328656,-0.9538049703135757,0.9634869246092571,1.2542498840296499,0.9999999278714693,0.000379811869534654,-0.9999999278714693,-0.000379811869534654,0.9999999678541626,C1,0.9997384046917904,0.006605973762609973,0.011966538996113359,MERGE_EXISTING,BRANCH_0,True
M3_ANGLED_Y,C0,O5,2.716666666666662,162,0,0.2598872825640752,-0.9656389596331852,0.25988728256407523,-0.9656389596331854,0.9656389596331852,0.2598872825640752,96.00765379578931,-35.39543845060912,247.36750167170482,-35.02619429960059,64.89151738810781,-43.76988114910721,127.12379020347079,-27.020995752111023,64.44672948883813,0.7672229701052158,47.67548362937161,15.063373998398504,-0.259416464903257,-0.9380976243928961,0.9657655500881658,1.2181490044122427,0.9999998811527936,0.0004875391255128562,-0.9999998811527936,-0.0004875391255128562,0.9999999452398818,C0,0.9997459146556155,0.012385969262419558,0.018770088378306498,MERGE_EXISTING,BRANCH_1,True
M3_ANGLED_Y,C1,O6,2.716666666666662,162,14,0.2886798907233113,0.9574256737167522,0.28867989072331135,0.9574256737167524,-0.9574256737167522,0.2886798907233113,96.69640876961259,31.262332668489393,248.0562566455281,31.63157681949792,126.4386561631614,22.29454648608599,66.9541613760638,40.230118850892794,62.129621567570034,0.7396383519948814,45.36003080690381,16.77893950450158,-0.28914663889022013,-0.9516571901409387,0.9572848171879093,1.2098148853460562,0.9999998811527936,0.0004875391255128562,-0.9999998811527936,-0.0004875391255128562,0.9999999452398818,C1,0.9999997487278117,0.00627677006756398,0.006971964874512437,MERGE_EXISTING,BRANCH_0,True
M3_ANGLED_Y,C0,O7,2.8166666666666615,168,0,0.28704407969002516,-0.957917374471779,0.28704407969002516,-0.957917374471779,0.957917374471779,0.28704407969002516,92.27256613045833,-34.85569589974237,248.07948410334987,-34.48319722029629,62.51420478942447,-43.7729174387405,122.03092747149218,-25.938474360744237,62.13137402887885,0.7396592146295101,48.68541945275595,16.681071871245166,-0.28647910345851696,-0.9352730116214861,0.9580864905015645,1.1742432549479227,0.9999998261008132,0.0005897443034558989,-0.9999998261008132,-0.0005897443034558989,0.9999999542063128,C0,0.9999838061024421,0.0038605192642733096,0.004319538251219009,MERGE_EXISTING,BRANCH_1,True
M3_ANGLED_Y,C1,O8,2.8166666666666615,168,14,0.30130447139931105,0.9535279836034084,0.30130447139931105,0.9535279836034084,-0.9535279836034084,0.30130447139931105,91.70628702579623,30.822610489539244,247.51320499868777,31.195109168985326,121.46829901903243,21.41813841781898,61.944275032560014,40.22708256125951,62.425041540500466,0.7431552564345294,47.27242399851227,17.535969550794874,-0.3018667566992244,-0.9480809333025727,0.9533501251900539,1.1517558072558431,0.9999998261008132,0.0005897443034558989,-0.9999998261008132,-0.0005897443034558989,0.9999999542063128,C1,0.999921828971577,0.0036615829514268943,0.006069623323878943,MERGE_EXISTING,BRANCH_0,True
M3_ANGLED_Y,C0,O9,2.916666666666661,174,0,0.26387089992448437,-0.9645580066398509,0.26387089992448437,-0.9645580066398509,0.9645580066398509,0.26387089992448437,88.18780054228074,-35.541499250100244,248.52575340464585,-35.16687274806053,58.091264566709015,-43.7749076898365,118.28433651785245,-27.30809081036399,62.40482328360214,0.7429145629000254,49.1273926266537,15.299872285227636,-0.26324826847834726,-0.9272660080476846,0.9647281218784658,1.131909766039956,0.999999791695444,0.000645452607661485,-0.999999791695444,-0.000645452607661485,0.999999969870701,C0,0.9998304404823678,0.006300023242669726,0.0076745654128320615,MERGE_EXISTING,BRANCH_1,True
M3_ANGLED_Y,C1,O10,2.916666666666661,174,14,0.276048689351442,0.9611436526905597,0.276048689351442,0.9611436526905597,-0.9611436526905597,0.276048689351442,87.6167407712222,31.56019504486128,247.9546936335873,31.934821546901,117.78609613866686,22.89529777955909,57.447385403777545,40.225092310163475,62.778035901273725,0.7473575702532587,47.7558553835661,16.024518944615835,-0.27666900452620874,-0.9410437639063913,0.9609652761335744,1.1086612204012056,0.999999791695444,0.000645452607661485,-0.999999791695444,-0.000645452607661485,0.999999969870701,C1,0.9999037294907442,0.0071000990132528185,0.007919567667873944,MERGE_EXISTING,BRANCH_0,True
M3_ANGLED_Y,C0,O11,3.016666666666661,180,0,0.23734609208697968,-0.9714251554139615,0.23734609208697968,-0.9714251554139615,0.9714251554139615,0.23734609208697968,83.33471878762057,-36.16203976798373,248.18718298917733,-35.78593818275752,52.17056916970962,-43.77630534861211,114.49886840553154,-28.54777418735534,64.16171013119528,0.7638298825142295,50.20584487030719,13.729957331859453,-0.23670894188835734,-0.917092116629199,0.971580607479428,1.081458901384838,0.9999997849371398,0.0006558396709640707,-0.9999997849371398,-0.0006558396709640707,0.999999971463219,C0,0.9989506475968857,0.013422404857287518,0.02459367490781461,MERGE_EXISTING,BRANCH_1,True
M3_ANGLED_Y,C1,O12,3.016666666666661,180,14,0.2949009615469444,0.9555278242305075,0.2949009615469444,0.9555278242305075,-0.9555278242305075,0.2949009615469444,83.04817676712119,31.066898773376927,247.90064096867795,31.44300035860314,112.71770784067753,21.91010289536595,53.37864569356486,40.2236946513879,62.1008207635385,0.7392954852802203,49.037467334084056,17.151598689435048,-0.29552757117854045,-0.9368408747600793,0.9553342109823727,1.0555806684389177,0.9999997849371398,0.0006558396709640707,-0.9999997849371398,-0.0006558396709640707,0.999999971463219,C1,0.9999832077241886,0.004284612238844123,0.005493914238213183,MERGE_EXISTING,BRANCH_0,True
M3_ANGLED_Y,C0,O13,3.1166666666666605,186,0,0.26191188275301563,-0.9650917913197534,0.2619118827530157,-0.9650917913197535,0.9650917913197534,0.26191188275301563,79.01554273552287,-35.52833441225183,248.25313026990233,-35.15114939833261,48.619657123525414,-43.77733590639666,109.41142834752034,-27.279332918107002,62.99066241239373,0.7498888382427825,51.362825398637085,15.183536795258874,-0.2613368820287587,-0.9118007860940026,0.965247654279194,1.031375596343955,0.9999998225404525,0.0005957508401418122,-0.9999998225404525,-0.0005957508401418122,0.9999999600864949,C0,0.9997909902264186,0.005836573541263982,0.010992607184042219,MERGE_EXISTING,BRANCH_1,True
M3_ANGLED_Y,C1,O14,3.1166666666666605,186,14,0.2682447242726952,0.963350802096446,0.2682447242726952,0.963350802096446,-0.963350802096446,0.2682447242726952,78.51928874755191,31.706619085205716,247.75687628193137,32.08380409912493,109.10307305784181,23.190574076808083,47.93550443726202,40.22266409360335,63.49459458326791,0.7558880307531894,49.95756236608882,15.559844379763689,-0.26881859371980804,-0.9274774252592896,0.9631908241207995,1.0080872246484427,0.9999998225404525,0.0005957508401418122,-0.9999998225404525,-0.0005957508401418122,0.9999999600864949,C1,0.9997583148351129,0.007380768324174751,0.009705040286337287,MERGE_EXISTING,BRANCH_0,True
M3_ANGLED_Y,C0,O15,3.21666666666666,192,0,0.2406460447943333,-0.9706129409423943,0.2406460447943333,-0.9706129409423943,0.9706129409423943,0.2406460447943333,74.83930855164905,-36.077028090106666,248.25701156348183,-35.699043479639805,43.77809746512993,-43.77809746512991,105.90051963816816,-28.375958715083414,64.00329065540987,0.761943936373927,55.55539557894707,13.924673574661597,-0.24018257611451713,-0.9005904803390923,0.9707277322354576,0.9890610641369593,0.999999886009871,0.0004774727690035935,-0.999999886009871,-0.0004774727690035935,0.9999999656342219,C0,0.9991005258499345,0.012300564285080131,0.02257131657035288,MERGE_EXISTING,BRANCH_1,True
M3_ANGLED_Y,C1,O16,3.21666666666666,192,14,0.28914715434765936,0.957284661494506,0.28914715434765936,0.957284661494506,-0.957284661494506,0.28914715434765936,74.52564112272951,31.20431370943621,247.94334413456227,31.582298319903074,104.3803339199923,22.186724884002345,44.670948325466725,40.221902534870075,62.37369927280325,0.7425440389619434,50.97780008862263,16.806904291207218,-0.2896041987457864,-0.9225920751293142,0.9571464924810681,0.9618414331780776,0.999999886009871,0.0004774727690035935,-0.999999886009871,-0.0004774727690035935,0.9999999656342219,C1,0.9999999756179265,0.004834891334133789,0.005154167238120607,MERGE_EXISTING,BRANCH_0,True
M3_ANGLED_Y,C0,O17,3.3166666666666598,198,0,0.26580007735755157,-0.964028173279557,0.26580007735755157,-0.964028173279557,0.964028173279557,0.26580007735755157,71.02677074238674,-35.45156811357829,248.42043562893252,-35.07283992147801,40.824475023395955,-43.77888961827402,101.22906646137753,-27.124246608882554,62.658533341914,0.7459349207370715,56.679545884153626,15.414498936740927,-0.2654629717107181,-0.8945822508757754,0.9641210560145,0.9450323516492574,0.9999999388662902,0.00034966757905216647,-0.9999999388662902,-0.00034966757905216647,0.9999999863392112,C0,0.9998652796596362,0.004884719864147067,0.007967183669027492,MERGE_EXISTING,BRANCH_1,True
M3_ANGLED_Y,C1,O18,3.3166666666666598,198,14,0.2672067974712291,0.9636392101742071,0.2672067974712291,0.9636392101742071,-0.9636392101742071,0.2672067974712291,70.6598412267997,31.780777420668386,248.05350611334546,32.15950561276867,101.0985720718734,23.340444459610797,40.22111038172601,40.22111038172598,63.1745377807343,0.7520778307230274,51.62313896570302,15.498122399849052,-0.26754373452558766,-0.9121428739142914,0.9635457177093892,0.92235641236213,0.9999999388662902,0.00034966757905216647,-0.9999999388662902,-0.00034966757905216647,0.9999999863392112,C1,0.999734052057646,0.009901584312309801,0.010325714189395622,MERGE_EXISTING,BRANCH_0,True
M3_ANGLED_Y,C0,O19,3.4166666666666594,204,0,0.248484049516151,-0.9686359879418351,0.24848404951615102,-0.9686359879418353,0.9686359879418351,0.248484049516151,67.33403132640129,-35.93089630424383,248.58448699619208,-35.550943966300245,36.73596193118859,-43.780214608898035,97.93210072161398,-28.081577999589626,63.17764315205281,0.7521147994292001,57.229300713677105,14.387824166928254,-0.24820806888954225,-0.8821131370329757,0.9687067433119912,0.9085838046266946,0.9999999594141856,0.00028490634780937806,-0.9999999594141856,-0.00028490634780937806,0.9999999962354768,C0,0.9994106568402071,0.010873710168251508,0.01593784969936936,MERGE_EXISTING,BRANCH_1,True
M3_ANGLED_Y,C1,O20,3.4166666666666594,204,14,0.2485652541533559,0.9686151529000966,0.24856525415335592,0.9686151529000967,-0.9686151529000966,0.2485652541533559,67.03803081903132,32.309761727646155,248.28848648882212,32.68971406558974,97.86200421112333,24.39973806419035,36.21405742693932,40.219785391101965,63.64544948487133,0.7576839224389443,55.324686367922936,14.392627553425655,-0.24884120867077822,-0.9009561815062493,0.9685442957693086,0.8859269361172695,0.9999999594141856,0.00028490634780937806,-0.9999999594141856,-0.00028490634780937806,0.9999999962354768,C1,0.9991030380987147,0.016688727907728247,0.01674046889239169,MERGE_EXISTING,BRANCH_0,True
M3_ANGLED_Y,C0,O21,3.516666666666659,210,0,0.2350280271327581,-0.9719885937921718,0.2350280271327581,-0.9719885937921718,0.9719885937921718,0.2350280271327581,63.7622809135508,-36.341737863622456,248.87339021854558,-35.960046253077216,32.99210616215659,-43.782003636840656,94.53245566494502,-28.901472090404248,63.31385974673982,0.7537364255564265,61.441784478293485,13.593274882656985,-0.23475346019534662,-0.8686535554180593,0.9720549433680752,0.8737114238957069,0.9999999601053653,0.00028246994132204525,-0.9999999601053653,-0.00028246994132204525,0.9999999955330514,C0,0.9988385475970966,0.016601608612763163,0.020829578158817478,MERGE_EXISTING,BRANCH_1,True
M3_ANGLED_Y,C1,O22,3.516666666666659,210,14,0.26859293525731426,0.9632537750405445,0.2685929352573143,0.9632537750405447,-0.9632537750405445,0.26859293525731426,62.95401470169824,31.745153290545918,248.06512400669303,32.12684490109116,93.34013810141523,23.272310217932556,32.56789130198125,40.21799636315928,63.0905877289461,0.7510784253445963,56.54932679654236,15.58055544815656,-0.26886501477921115,-0.8930278771746816,0.9631778671812254,0.839345888125033,0.9999999601053653,0.00028246994132204525,-0.9999999601053653,-0.00028246994132204525,0.9999999955330514,C1,0.9997661963426723,0.00968444713226371,0.010249762857339454,MERGE_EXISTING,BRANCH_0,True
M3_ANGLED_Y,C0,O23,3.6166666666666587,216,0,0.22596814176830882,-0.9741346923838498,0.22596814176830882,-0.9741346923838498,0.9741346923838498,0.22596814176830882,60.22818161644802,-36.66335771529534,249.2968269086613,-36.27985403470064,29.53252557444516,-43.78376971827673,90.92383765845088,-29.54294571231395,63.02137944987076,0.7502545172603662,61.4406909861365,13.059814903001296,-0.22566940612267494,-0.8540218937431134,0.974203941246513,0.839402698684543,0.9999999529808046,0.0003066567930792198,-0.9999999529808046,-0.0003066567930792198,0.9999999931167667,C0,0.9983466509668879,0.022269577909971656,0.022294212764600713,MERGE_EXISTING,BRANCH_1,True
M3_ANGLED_Y,C1,O24,3.6166666666666587,216,14,0.2574745745747224,0.9662850735924496,0.2574745745747224,0.9662850735924496,-0.9662850735924496,0.2574745745747224,59.520662023653585,32.14205131469552,248.58930731586688,32.52555499529022,89.82252243157818,24.067872347667784,29.218801615729,40.21623028172326,62.71826241767037,0.7466459811627425,56.43946688719534,14.920264941580484,-0.25777088035034323,-0.8800455426418917,0.9662060718311644,0.8052953879862479,0.9999999529808046,0.0003066567930792198,-0.9999999529808046,-0.0003066567930792198,0.9999999931167667,C1,0.9994506257059327,0.017412739021648544,0.019284355723751697,MERGE_EXISTING,BRANCH_0,True
M3_ANGLED_Y,C0,O25,3.7166666666666583,222,0,0.21791658556292354,-0.9759673978861164,0.21791658556292354,-0.9759673978861164,0.9759673978861164,0.21791658556292354,56.18132496867691,-36.885101066614226,249.32763882775146,-36.50027147172081,25.279277021537613,-43.78499217991157,87.08337291581621,-29.985209953316883,63.32598407297453,0.7538807627735062,65.88734466978492,12.586693449460455,-0.21760128864169828,-0.8357606232198908,0.9760377447524621,0.8000896310980371,0.999999947819585,0.0003230492646888109,-0.999999947819585,-0.0003230492646888109,0.9999999936499511,C0,0.9978379758732422,0.02473610597182056,0.026223287799636372,MERGE_EXISTING,BRANCH_1,True
M3_ANGLED_Y,C1,O26,3.7166666666666583,222,14,0.24690410227467166,0.969039918826845,0.2469041022746717,0.9690399188268451,-0.969039918826845,0.24690410227467166,55.60653832609246,32.4495917468727,248.752852185167,32.83442134176612,86.08395077861773,24.684175673656966,25.12912587356719,40.21500782008843,62.902284746788006,0.7488367231760477,60.035436264414315,14.294388222958219,-0.24721713702434425,-0.8638575395855582,0.9689601060732514,0.766454339604203,0.999999947819585,0.0003230492646888109,-0.999999947819585,-0.0003230492646888109,0.9999999936499511,C1,0.9990289643898924,0.02141499847169641,0.02340370553494318,MERGE_EXISTING,BRANCH_0,True
M3_ANGLED_Y,C0,O27,3.816666666666658,228,0,0.2145263722212358,-0.97671819662664,0.21452637222123583,-0.9767181966266401,0.97671819662664,0.2145263722212358,52.20926275476322,-37.009056937877055,249.51240394655068,-36.62342932340754,21.35572613161709,-43.78572732736988,83.06279937790936,-30.232386548384234,63.177970329020496,0.7521186943931012,70.44763684915989,12.387742095999656,-0.21420947823020778,-0.8156341099429089,0.976787745334851,0.7618561566366563,0.9999999473705877,0.0003244361595038925,-0.9999999473705877,-0.0003244361595038925,0.9999999939508244,C0,0.9976037507460165,0.027096848290974092,0.027291458425964272,MERGE_EXISTING,BRANCH_1,True
M3_ANGLED_Y,C1,O28,3.816666666666658,228,14,0.24092157380498735,0.9705445869589548,0.24092157380498735,0.9705445869589548,-0.9705445869589548,0.24092157380498735,51.77872431411842,32.66886719762129,249.08186550590588,33.0544948120908,82.17514056079294,25.12346172261243,21.382308067443898,40.21427267263015,62.637856426394166,0.7456887669808829,63.606483111519694,13.940938766034208,-0.24123644088384677,-0.8459088197488481,0.9704663722096167,0.7288486843655756,0.9999999473705877,0.0003244361595038925,-0.9999999473705877,-0.0003244361595038925,0.9999999939508244,C1,0.9987381682957365,0.026011284625993447,0.028850446890854937,MERGE_EXISTING,BRANCH_0,True
M3_ANGLED_Y,C0,O29,3.9166666666666576,234,0,0.21190398503101202,-0.977290489633444,0.21190398503101202,-0.977290489633444,0.977290489633444,0.21190398503101202,47.88396635812738,-37.04805037204536,249.3431930394172,-36.66191515193847,16.807948391600256,-43.78620255489565,78.9599843246545,-30.309898189195064,63.596276227312764,0.7570985265156281,81.54332202436362,12.23395400989861,-0.21160159460222755,-0.7907214474314178,0.9773560073800102,0.7207477801610813,0.9999999521337267,0.00030940676179486436,-0.9999999521337267,-0.00030940676179486436,0.9999999914209333,C0,0.997414453610896,0.026529688415092574,0.029397348266816895,MERGE_EXISTING,BRANCH_1,True
M3_ANGLED_Y,C1,O30,3.9166666666666576,234,14,0.23545941509305435,0.9718841823201141,0.23545941509305435,0.9718841823201141,-0.9718841823201141,0.23545941509305435,47.630451311267585,32.80982243099481,249.08967799255743,33.19595765110169,78.1911583429342,25.405847416885255,17.069744279600965,40.213797445104355,62.88960678156339,0.7486857950186118,72.33369207120603,13.618705259948854,-0.23576011136018096,-0.8237013866520991,0.9718112830644822,0.6885383665484781,0.9999999521337267,0.00030940676179486436,-0.9999999521337267,-0.00030940676179486436,0.9999999914209333,C1,0.9984399345475947,0.027296981924503923,0.02988988790370408,MERGE_EXISTING,BRANCH_0,True
M3_ANGLED_Y,C0,O31,4.016666666666658,240,0,0.17832225748321676,-0.9839721400965016,0.17832225748321678,-0.9839721400965017,0.9839721400965016,0.17832225748321676,44.30141454342761,-38.03333794717117,249.83136914557315,-37.646849563648026,12.555587434737944,-43.78653697081248,76.04724165211728,-32.28013892352986,64.52586575383373,0.7681650684980206,91.6120720871827,10.272051278430837,-0.17806111156477383,-0.7585698066793534,0.9840194309810743,0.6950943799144917,0.9999999647831908,0.00026539332554312533,-0.9999999647831908,-0.00026539332554312533,0.9999999887648993,C0,0.9943695251864594,0.03961624636511511,0.044079834463219815,MERGE_EXISTING,BRANCH_1,True
M3_ANGLED_Y,C1,O32,4.016666666666658,240,14,0.23299302617504003,0.9724784058033357,0.23299302617504003,0.9724784058033357,-0.9724784058033357,0.23299302617504003,43.648047378900515,32.88644202674652,249.17800198104604,33.272930410269666,74.22994856588423,25.559421024305518,13.0661461919168,40.21346302918752,62.89476661791973,0.7487472216419016,77.16734629560827,13.473348009495794,-0.2332511072479041,-0.7988367013001746,0.9724165367617041,0.650600423580749,0.9999999647831908,0.00026539332554312533,-0.9999999647831908,-0.00026539332554312533,0.9999999887648993,C1,0.9982950669197183,0.028682941184244738,0.0314101502861004,MERGE_EXISTING,BRANCH_0,True
M3_ANGLED_Y,KNOWN_PARENT_PATH,O33,4.116666666666657,246,0,-0.9760039299007762,-0.21775290771477857,-0.9760039299007762,-0.21775290771477857,0.21775290771477857,-0.9760039299007762,16.92671194210537,-81.50607780469207,226.38917855534902,-81.1193385223939,8.511286246406009,-43.78677184002084,25.34213763780473,-119.22538376936329,77.29334853909019,0.9201589111796451,38.64380398372765,17.42291534934003,0.9760474208648185,-0.20314007804186976,0.21755788246610602,0.9910136402625552,0.9999999800368443,0.00019981569301381498,-0.9999999800368443,-0.00019981569301381498,0.9999999915246323,C0,-0.0658892855320467,0.6116356640534866,0.6137591434510841,KNOWN_PARENT_PATH,INCOMING_PATH,True
M3_ANGLED_Y,C0,O34,4.116666666666657,246,1,0.14747194964206736,-0.9890662384637174,0.1474719496420674,-0.9890662384637177,0.9890662384637174,0.14747194964206736,40.86199814658575,-38.96320960455449,250.32446475982937,-38.57647032225633,8.511286246406009,-43.78677184002084,73.2127100467655,-34.13964736908815,65.41667411563657,0.7787699299480544,93.53908789950322,8.48045064077067,-0.1472743157421867,-0.7235839866951543,0.9890956859286519,0.6721537154821045,0.9999999800368443,0.00019981569301381498,-0.9999999800368443,-0.00019981569301381498,0.9999999915246323,C0,0.9905704190687642,0.05214075676019247,0.057597879016245815,MERGE_EXISTING,BRANCH_1,True
M3_ANGLED_Y,C0,O35,4.116666666666657,246,9,0.9741371808717191,-0.22595741378255232,0.9741371808717192,-0.22595741378255235,0.22595741378255232,0.9741371808717191,36.6892418384381,-70.30627148168249,246.15170845168174,-69.91953219938432,25.34213763780473,-119.22538376936329,48.03634603907147,-21.387159194001683,100.43577690752942,1.1956640108039216,70.6963287335609,13.059183914775303,-0.9740920115876402,-0.46246525821518275,0.22615205716761572,0.9440913246004654,0.9999999800368443,0.00019981569301381498,-0.9999999800368443,-0.00019981569301381498,0.9999999915246323,C0,0.49111940623276595,0.42045421603687205,0.5853672861992878,MERGE_EXISTING,BRANCH_1,True
M3_ANGLED_Y,C1,O36,4.116666666666657,246,20,0.9886365313125638,0.15032567629737115,0.9886365313125639,0.15032567629737117,-0.15032567629737115,0.9886365313125638,39.763339441511675,71.89231334117653,249.2258060547553,72.2790526234747,48.03634603907147,17.483800121133193,31.490332843951876,126.30082656121986,110.0677781910564,1.3103306927506715,67.84388104902479,8.645800441815112,-0.9886665490054459,-0.48417213919098356,0.15012812820275326,0.9780490351306573,0.9999999800368443,0.00019981569301381498,-0.9999999800368443,-0.00019981569301381498,0.9999999915246323,C1,0.42996528613700935,0.48586513459255715,0.6541001635659258,MERGE_EXISTING,BRANCH_0,True
M3_ANGLED_Y,C1,O37,4.116666666666657,246,26,0.20202861781307951,0.9793796187304168,0.20202861781307954,0.9793796187304169,-0.9793796187304168,0.20202861781307951,40.33511444596287,33.80792560418931,249.7975810592065,34.19466488648747,71.38627364731181,27.402623048399477,9.283955244613928,40.213228159979145,63.409853763550814,0.754879211470843,88.06662150099821,11.65561220753682,-0.20222430919719098,-0.7665212196647725,0.979339230690632,0.6265454012957277,0.9999999800368443,0.00019981569301381498,-0.9999999800368443,-0.00019981569301381498,0.9999999915246323,C1,0.995941235371512,0.041799193098701934,0.04504888270202391,MERGE_EXISTING,BRANCH_0,True
M3_ANGLED_Y,KNOWN_PARENT_PATH,O38,4.116666666666657,246,27,-0.9683039252769635,0.2497749152601691,-0.9683039252769635,0.2497749152601691,-0.2497749152601691,-0.9683039252769635,20.387144044282902,83.25702736059951,229.84961065752654,83.64376664289767,31.490332843951876,126.30082656121986,9.283955244613928,40.213228159979145,88.90555553269819,1.0583994706273594,44.450562322917136,15.535806764939508,0.9682539969987712,-0.23803713924330783,0.24996839259375078,1.0204379872527818,0.9999999800368443,0.00019981569301381498,-0.9999999800368443,-0.00019981569301381498,0.9999999915246323,C1,-0.041097269824761806,0.6555202876731052,0.6657872469176501,KNOWN_PARENT_PATH,INCOMING_PATH,True
M3_ANGLED_Y,C0,O39,4.216666666666657,252,1,0.15519210747733092,-0.9878843099152576,0.15519210747733092,-0.9878843099152576,0.9878843099152576,0.15519210747733092,37.29556988127301,-38.772659180185805,250.55393419453696,-38.38569630631509,5.376369965013922,-43.78701952003109,69.2147697975321,-33.75829884034052,64.62133186222418,0.7693015697883832,96.20149971726195,8.927938022832365,-0.15505797615818834,-0.6931476711764716,0.9879053720016542,0.6404583366992624,0.9999999907825888,0.00013577489522494804,-0.9999999907825888,-0.00013577489522494804,0.9999999968521731,C0,0.9916102199299464,0.05146621566952331,0.051589913702524255,MERGE_EXISTING,BRANCH_1,True
M3_ANGLED_Y,C0,O40,4.216666666666657,252,10,0.9491484298138811,-0.3148289347913305,0.9491484298138813,-0.31482893479133056,0.3148289347913305,0.9491484298138811,29.733851272816423,-64.42785545326284,242.99221558608036,-64.04089257939212,15.208982081946724,-108.21753061416749,44.258720463686124,-20.638180292358182,92.27150103275498,1.0984702503899402,79.0419104694856,18.350487055545983,-0.9491056751995547,-0.4189107050386517,0.31495780241803367,0.8447391610775524,0.9999999907825888,0.00013577489522494804,-0.9999999907825888,-0.00013577489522494804,0.9999999968521731,C0,0.5693582490538729,0.35541794554503736,0.5150780373167989,MERGE_EXISTING,BRANCH_1,True
M3_ANGLED_Y,C1,O41,4.216666666666657,252,23,0.9457611315403338,0.32486286655687097,0.9457611315403338,0.32486286655687097,-0.32486286655687097,0.9457611315403338,29.401896293312415,60.24144840807385,242.66026060657634,60.628411281944565,44.258720463686124,16.989331022695076,14.545072122938704,103.49356579345262,91.46520393566036,1.0888714754245281,82.96639938101697,18.957267010265866,-0.9458052310445338,-0.43873632069706114,0.3247344529439336,0.7980190549878932,0.9999999907825888,0.00013577489522494804,-0.9999999907825888,-0.00013577489522494804,0.9999999968521731,C1,0.5846295496358074,0.35159816556268675,0.505169721725642,MERGE_EXISTING,BRANCH_0,True
M3_ANGLED_Y,C1,O42,4.216666666666657,252,24,0.9966620494652239,0.08163797618620715,0.9966620494652239,0.08163797618620715,-0.08163797618620715,0.9966620494652239,39.31014899320253,77.40304549851506,252.56851330646646,77.79000837238577,44.258720463686124,16.989331022695076,34.361577522718946,137.81675997433504,121.23209569028138,1.4432392344081117,63.18687157858568,4.682722876257799,-0.996673124666243,-0.4529344666671187,0.08150265374837554,1.033489624064456,0.9999999907825888,0.00013577489522494804,-0.9999999907825888,-0.00013577489522494804,0.9999999968521731,C1,0.3665382440052414,0.5542947970968004,0.731591359585558,MERGE_EXISTING,BRANCH_0,True
M3_ANGLED_Y,C1,O43,4.216666666666657,252,32,0.20216701371691592,0.9793510599191612,0.20216701371691592,0.9793510599191612,-0.9793510599191612,0.20216701371691592,36.240444960362396,33.75113399797349,249.49880927362634,34.138096871844205,67.54335676989473,27.289287515978057,4.937533150830063,40.21298047996893,63.92582413116738,0.7610217158472308,100.47718811422136,11.663708778714266,-0.2022999831410084,-0.7318854847458696,0.9793236016869744,0.5895572843545076,0.9999999907825888,0.00013577489522494804,-0.9999999907825888,-0.00013577489522494804,0.9999999968521731,C1,0.9959539443205,0.03906867762613939,0.04105035940203329,MERGE_EXISTING,BRANCH_0,True
M3_ANGLED_Y,KNOWN_PARENT_PATH,O44,4.216666666666657,252,35,-0.9574395848919072,0.2886337493814825,-0.9574395848919072,0.2886337493814825,-0.2886337493814825,-0.9574395848919072,19.649555336774505,89.01487022715199,232.90791965003845,89.4018331010227,34.361577522718946,137.81675997433504,4.937533150830063,40.21298047996893,101.94249437199252,1.2136011234761015,35.53545212529026,13.223821738500192,0.9574003868497122,-0.21568787416080987,0.28876374298034946,1.0852124040039774,0.9999999907825888,0.00013577489522494804,-0.9999999907825888,-0.00013577489522494804,0.9999999968521731,C1,-0.0007570963686218679,0.7109809121635716,0.7165498272479554,KNOWN_PARENT_PATH,INCOMING_PATH,True
M3_ANGLED_Y,C0,O45,4.316666666666657,258,1,0.129761407698041,-0.9915452471129206,0.129761407698041,-0.9915452471129206,0.9915452471129206,0.129761407698041,33.95891271431508,-39.543534974383775,250.9369265543562,-39.1560895690729,1.5290951462465898,-43.78755590159416,66.38873028238358,-35.29951404717339,65.41268320834435,0.7787224191469565,97.87611957069214,7.455805202468724,-0.12965629829107578,-0.6514235017512477,0.9915589968899762,0.620522386063189,0.9999999943814782,0.00010600492332950852,-0.9999999943814782,-0.00010600492332950852,0.9999999991547757,C0,0.9879620410483445,0.06168438775319277,0.062457358952225525,MERGE_EXISTING,BRANCH_1,True
M3_ANGLED_Y,C0,O46,4.316666666666657,258,9,0.9551372829627718,-0.2961634188999275,0.9551372829627719,-0.29616341889992753,0.2961634188999275,0.9551372829627718,22.816700462046427,-39.95892246446394,239.79471430208753,-39.57147705915306,5.090231310059515,-97.12739939939952,40.54316961403334,17.20955447047164,119.70735087966162,1.425087510472162,103.9856837006591,17.22731417441713,-0.9551058828157987,-0.49576884600293153,0.29626466649037647,0.5477894797540583,0.9999999943814782,0.00010600492332950852,-0.9999999943814782,-0.00010600492332950852,0.9999999991547757,C0,0.5531344139105336,0.11732949205708793,0.604793145226713,MERGE_EXISTING,BRANCH_1,True
M3_ANGLED_Y,C0,O47,4.316666666666657,258,23,0.7824189520646179,-0.6227524254871315,0.7824189520646179,-0.6227524254871315,0.6227524254871315,0.7824189520646179,72.3419610411403,57.16118861442008,289.3199748811814,57.548634019730954,40.54316961403334,17.20955447047164,104.14075246824726,97.11282275836851,102.1233804179348,1.215754528784938,18.936022245885297,8.517410941075497,-0.7823529328454629,-0.784689338184507,0.6228353622492087,1.0976139352150311,0.9999999943814782,0.00010600492332950852,-0.9999999943814782,-0.00010600492332950852,0.9999999991547757,C1,-0.3697119606067816,0.5860713124841317,0.7915559644848871,MERGE_EXISTING,BRANCH_1,True
M3_ANGLED_Y,C1,O48,4.316666666666657,258,28,0.9542891190706283,0.29888505687538836,0.9542891190706284,0.2988850568753884,-0.29888505687538836,0.9542891190706283,22.71366587486749,36.26879429741521,239.69167971490862,36.65623970272609,40.54316961403334,-20.65777672151921,4.884162135701645,93.19536531634964,119.30675909702205,1.420318560678834,107.20588758645252,17.3906493661637,-0.9543207969964725,-0.5308559784690676,0.29878389585119486,0.5094537192088986,0.9999999943814782,0.00010600492332950852,-0.9999999943814782,-0.00010600492332950852,0.9999999991547757,C1,0.5622306962366285,0.11184021528790862,0.5972996120129958,MERGE_EXISTING,BRANCH_0,True
M3_ANGLED_Y,C1,O49,4.316666666666657,258,32,0.1772972621438814,0.9841573455684228,0.1772972621438814,0.9841573455684228,-0.9841573455684228,0.1772972621438814,33.054790360585606,34.51055682722076,250.0328042006267,34.89800223253164,64.70533123011099,28.808669556035692,1.4042494910602272,40.212444098405825,64.32008258038226,0.7657152688140746,102.21299655442814,10.212372378152509,-0.177401586671694,-0.6917874334064444,0.9841385456562334,0.5688928981615696,0.9999999943814782,0.00010600492332950852,-0.9999999943814782,-0.00010600492332950852,0.9999999991547757,C1,0.9933583458293275,0.05012272673029873,0.05261758406189436,MERGE_EXISTING,BRANCH_0,True
M3_ANGLED_Y,C0,O50,4.416666666666656,264,1,0.07295137369832722,-0.9973354987543194,0.07295137369832722,-0.9973354987543194,0.9973354987543194,0.07295137369832722,31.211724100441387,-41.33756109141355,251.9212209323062,-40.94931874057217,-2.2948550267053633,-43.788442443085145,64.71830322758814,-38.88667973974195,67.19219193340005,0.7999070468261911,98.20264796045632,4.18352214970119,-0.0728409289071561,-0.6024853584821793,0.9973435712310692,0.616635143327901,0.9999999938683917,0.0001107394091555179,-0.9999999938683917,-0.0001107394091555179,0.999999998397089,C0,0.9775209733912188,0.08603266251821029,0.08762853412649103,MERGE_EXISTING,BRANCH_1,True
M3_ANGLED_Y,C1,O51,4.416666666666656,264,22,0.7799162801814716,0.6258838517711541,0.7799162801814717,0.6258838517711542,-0.6258838517711541,0.7799162801814716,68.4035802294775,-60.62635956500165,289.1130770613423,-60.23811721416027,100.00495713298082,-100.00495713298079,36.80220332597417,-21.2477619970225,100.98160166323619,1.2021619245623356,27.05065064079082,8.747089266148635,-0.7799855854072756,-0.7482956754797748,0.6257974804654215,1.0881372596811407,0.9999999938683917,0.0001107394091555179,-0.9999999938683917,-0.0001107394091555179,0.999999998397089,C0,-0.380942729130088,0.5728897286114,0.7743517162172583,MERGE_EXISTING,BRANCH_0,True
M3_ANGLED_Y,C1,O52,4.416666666666656,264,34,0.15653354776438463,0.9876726423386927,0.15653354776438463,0.9876726423386927,-0.9876726423386927,0.15653354776438463,29.800785329139572,35.15451639478467,250.5102821610044,35.54275874562605,61.708969091349246,30.097475232654528,-2.1073984330701023,40.21155755691481,64.61287352589791,0.7692008753083085,103.91391935535584,9.005747832381985,-0.1566429210894339,-0.6467175711165895,0.9876553018500784,0.5486438171981448,0.9999999938683917,0.0001107394091555179,-0.9999999938683917,-0.0001107394091555179,0.999999998397089,C1,0.9907151028778421,0.05967388076860965,0.06276067332928881,MERGE_EXISTING,BRANCH_0,True
M3_ANGLED_Y,C0,O53,4.516666666666656,270,1,0.019113539394303568,-0.9998173196198507,0.019113539394303568,-0.9998173196198507,0.9998173196198507,0.019113539394303568,28.404031909619317,-43.12928561886571,252.92126904778362,-42.73961270317786,-6.154274417912632,-43.78993785645931,62.962338237151265,-42.468633381272106,69.12924121112779,0.8229671572753309,98.35772752176402,1.0951918296827898,-0.01895844425480507,-0.5498855850116392,0.9998202725447398,0.6147889580742378,0.9999999879683891,0.00015512324750565235,-0.9999999879683891,-0.00015512324750565235,0.9999999932007814,C0,0.9647422847106117,0.11044475335235135,0.11249942398491082,MERGE_EXISTING,BRANCH_1,True
M3_ANGLED_Y,C1,O54,4.516666666666656,270,26,0.1083364626114499,0.9941142846116022,0.10833646261144991,0.9941142846116023,-0.9941142846116022,0.1083364626114499,26.60370488490493,36.61680515972015,251.12094202306923,37.006478075408,59.57605795782938,33.023548175899606,-6.36864818801952,40.210062143540696,66.33513587586494,0.7897039985222016,104.73911695837097,6.219428798802738,-0.10849067154420844,-0.5879113020856218,0.9940974671469024,0.5388200362098693,0.9999999879683891,0.00015512324750565235,-0.9999999879683891,-0.00015512324750565235,0.9999999932007814,C1,0.9829349385379357,0.07815062063120032,0.08013560150251843,MERGE_EXISTING,BRANCH_0,True
M3_ANGLED_Y,C0,O55,4.616666666666656,276,1,-0.03186124561797082,-0.9994923016350208,-0.03186124561797082,-0.9994923016350208,0.9994923016350208,-0.03186124561797082,25.508301627321327,-44.9268070002786,253.92246505555315,-44.53563702225009,-10.110038045003613,-43.791385880028024,61.126641299646266,-46.06222812052917,71.27286446140431,0.8484864816833847,98.33674962654125,1.825823903669118,0.03206965937127763,-0.4935603690563636,0.9994856361888398,0.6150386949221279,0.9999999782596395,0.0002085203114029401,-0.9999999782596395,-0.0002085203114029401,0.9999999905821055,C0,0.9500765347959381,0.1349231889553789,0.13750097506239506,MERGE_EXISTING,BRANCH_1,True
M3_ANGLED_Y,C0,O56,4.616666666666656,276,23,0.7872880844706308,-0.616585332334921,0.7872880844706308,-0.616585332334921,0.616585332334921,0.7872880844706308,62.584371237881676,60.26028431402477,290.9985346661135,60.65145429205328,29.06943600291291,17.466679311492314,96.09930647285044,103.05388931655723,108.7114255801463,1.2941836378588845,28.11726501173939,8.067203885581876,-0.787159496789199,-0.7205001803189103,0.6167494844866712,1.0342837266522664,0.9999999782596395,0.0002085203114029401,-0.9999999782596395,-0.0002085203114029401,0.9999999905821055,C1,-0.3623997657991172,0.622918466066392,0.8313397487265216,MERGE_EXISTING,BRANCH_1,True
M3_ANGLED_Y,C1,O57,4.616666666666656,276,32,0.06569665832796154,0.9978396409666932,0.06569665832796154,0.9978396409666932,-0.9978396409666932,0.06569665832796154,23.6164315915227,37.993690685602104,252.03059501975454,38.38486066363061,57.25799663867012,35.778767251232246,-10.025133455624719,40.20861411997197,67.42880051258726,0.8027238156260388,105.26459597779093,3.7668542270357364,-0.06590472673235707,-0.5280907605657852,0.997825920185647,0.532564333597727,0.9999999782596395,0.0002085203114029401,-0.9999999782596395,-0.0002085203114029401,0.9999999905821055,C1,0.9741627355368541,0.09781074815131632,0.10047583942365586,MERGE_EXISTING,BRANCH_0,True
M3_ANGLED_Y,C0,O58,4.716666666666655,282,1,-0.1254761708272397,-0.9920966336776541,-0.1254761708272397,-0.9920966336776541,0.9920966336776541,-0.1254761708272397,23.574368731019753,-48.573666177849965,255.94279525187977,-48.1813680724094,-14.229030436590037,-43.79245272465873,61.37776789862954,-53.3548796310412,76.20910682354484,0.9072512717088672,96.00785328380351,7.20825486856441,0.125722411972571,-0.43640257203236466,0.9920654590942067,0.6427636513832915,0.9999999691967218,0.0002482066787142278,-0.9999999691967218,-0.0002482066787142278,0.9999999930949124,C0,0.9166192973590737,0.1845421609278762,0.18858461530472292,MERGE_EXISTING,BRANCH_1,True
M3_ANGLED_Y,C1,O59,4.716666666666655,282,17,0.6649056614267272,0.7469273468033464,0.6649056614267272,0.7469273468033464,-0.7469273468033464,0.6649056614267272,43.24426606543009,-37.2126563184428,275.6126925862901,-36.82035821300223,61.37776789862954,-53.3548796310412,25.110764232230636,-21.070433005844386,48.55492816217293,0.5780348590734873,24.27506182488571,18.324911597013312,-0.6650910333014441,-0.7578275143065313,0.7467622897696546,0.6791818826612618,0.9999999691967218,0.0002482066787142278,-0.9999999691967218,-0.0002482066787142278,0.9999999930949124,C0,-0.5294738521515651,0.3256250465818603,0.4539666834078601,MERGE_EXISTING,BRANCH_0,True
M3_ANGLED_Y,C1,O60,4.716666666666655,282,22,0.7854199884843414,0.6189631989781437,0.7854199884843414,0.6189631989781437,-0.6189631989781437,0.7854199884843414,58.073806597315404,-62.89817397257015,290.4422331181754,-62.50587586712958,91.03684896240017,-104.72591493929592,25.110764232230636,-21.070433005844386,106.51050795751343,1.2679822375894456,32.09424112186028,8.240461238841306,-0.7855735950906957,-0.6781857209425786,0.6187682334253106,1.0191440835090706,0.9999999691967218,0.0002482066787142278,-0.9999999691967218,-0.0002482066787142278,0.9999999930949124,C0,-0.37275233979921174,0.6008130042206965,0.80705087686986,MERGE_EXISTING,BRANCH_0,True
M3_ANGLED_Y,C1,O61,4.716666666666655,282,34,-0.009214514696486922,0.9999575454582601,-0.009214514696486922,0.9999575454582601,-0.9999575454582601,-0.009214514696486922,21.192570262819906,40.53041121510279,253.56099678367994,40.922709320543355,56.22970931518944,40.853275154864306,-13.844568789549626,40.20754727534126,70.07725320241016,0.8342530143144067,104.26337061380792,0.5279602738282847,0.008966318271436237,-0.463580937496347,0.9999598017603785,0.5444836831689533,0.9999999691967218,0.0002482066787142278,-0.9999999691967218,-0.0002482066787142278,0.9999999930949124,C1,0.954513850032981,0.13307574647532963,0.13615080748414518,MERGE_EXISTING,BRANCH_0,True
M3_ANGLED_Y,C0,O62,4.816666666666655,288,1,-0.2830796181125816,-0.9590964131979823,-0.28307961811258164,-0.9590964131979824,0.9590964131979823,-0.2830796181125816,24.25492222459461,-56.17448876044793,260.578901813507,-55.781342374188405,-17.69363052648545,-43.79327230530937,66.20347497567467,-68.55570521558649,87.47515301659415,1.0413708692451684,88.81279186285074,16.44409225840019,0.283341441264271,-0.3961544643242949,0.9590190966098044,0.7284191444898721,0.9999999627353912,0.0002730003959327116,-0.9999999627353912,-0.0002730003959327116,0.9999999960786132,C0,0.8405751897934365,0.29048093495427524,0.2905932625704346,MERGE_EXISTING,BRANCH_1,True
M3_ANGLED_Y,C1,O63,4.816666666666655,288,14,0.7248656357665617,0.6888902743432644,0.7248656357665618,0.6888902743432646,-0.6888902743432644,0.7248656357665617,43.68210936345895,-44.85822448341487,280.00608895237133,-44.46507809715535,66.20347497567467,-68.55570521558649,21.16074375124323,-21.160743751243256,65.38447834435135,0.7783866469565637,32.69065162985677,13.54232853895681,-0.7250536760723771,-0.6974568508858061,0.6886923600664756,0.7453927823490928,0.9999999627353912,0.0002730003959327116,-0.9999999627353912,-0.0002730003959327116,0.9999999960786132,C0,-0.45690122039307185,0.39454625201275095,0.558216111611548,MERGE_EXISTING,BRANCH_0,True
M3_ANGLED_Y,C0,O64,4.816666666666655,288,19,0.6634965615916975,-0.748179331949229,0.6634965615916976,-0.7481793319492291,0.748179331949229,0.6634965615916975,39.38234881977263,33.91516271899177,275.706328408685,34.3083091052513,21.16074375124323,17.755972277105148,57.60395388830204,50.0743531608784,48.70919120702444,0.5798713238931481,24.352843720704648,18.432911180859094,-0.6632922836129068,-0.7579223313998575,0.7483604388926334,0.6187279005900157,0.9999999627353912,0.0002730003959327116,-0.9999999627353912,-0.0002730003959327116,0.9999999960786132,C1,-0.5241844120753786,0.33691042392113313,0.4663706361791518,MERGE_EXISTING,BRANCH_1,True
M3_ANGLED_Y,C1,O65,4.816666666666655,288,26,-0.12958618368576555,0.9915681625575516,-0.12958618368576555,0.9915681625575516,-0.9915681625575516,-0.12958618368576555,19.85138268811831,45.14054042778452,256.1753622770307,45.533686814044046,57.60395388830204,50.0743531608784,-17.901188512065417,40.20672769469064,76.14720323978237,0.9065143242831235,100.68726549112722,7.445680117037227,0.12931548035581464,-0.40281086684007855,0.9916035026866056,0.5870563632008663,0.9999999627353912,0.0002730003959327116,-0.9999999627353912,-0.0002730003959327116,0.9999999960786132,C1,0.9116527878514408,0.1961188923897311,0.1989498155388286,MERGE_EXISTING,BRANCH_0,True
M3_ANGLED_Y,C0,O66,4.9166666666666545,294,14,0.7239240268506862,-0.689879702084564,0.7239240268506864,-0.6898797020845641,0.689879702084564,0.7239240268506862,39.47679253274841,40.57258478747816,279.7028101091989,40.966399028806094,17.271481091477252,17.271481091477263,61.68210397401957,63.87368848347906,64.37444491894698,0.7663624395112736,32.18611547998697,13.620587000290413,-0.723733205685218,-0.6975600830639399,0.690079884497873,0.6739138175438919,0.9999999617571421,0.0002765605075319829,-0.9999999617571421,-0.0002765605075319829,0.9999999963381968,C1,-0.45089359133357976,0.39906543211504686,0.5627449585665129,MERGE_EXISTING,BRANCH_1,True
M3_ANGLED_Y,C0,O67,4.9166666666666545,294,15,0.7911598237622842,-0.6116094613921791,0.7911598237622842,-0.6116094613921791,0.6116094613921791,0.7911598237622842,51.84456484777103,61.994194813541085,292.0705824242215,62.388009054869016,17.271481091477252,17.271481091477263,86.41764860406481,106.71690853560492,113.05607888274528,1.3459057009850628,42.89113161978763,7.7059687018847285,-0.7909906464830176,-0.6417300099163661,0.6118282415648839,0.9620888478108033,0.9999999617571421,0.0002765605075319829,-0.9999999617571421,-0.0002765605075319829,0.9999999963381968,C1,-0.35651643786827536,0.6451125235517946,0.8572155287550741,MERGE_EXISTING,BRANCH_1,True
M3_ANGLED_Y,C1,O68,4.9166666666666545,294,24,-0.27129141277439267,0.9624972568038177,-0.27129141277439267,0.9624972568038177,-0.9624972568038177,-0.27129141277439267,19.697749593888588,52.03989391036052,259.9237671703391,52.43370815168845,61.68210397401957,63.87368848347906,-22.286604786242393,40.20609933724199,87.24046553555736,1.0385769706613972,94.35692408515578,15.741127888818227,0.2710252136695939,-0.3542604483301649,0.9625722484859779,0.6624175704148121,0.9999999617571421,0.0002765605075319829,-0.9999999617571421,-0.0002765605075319829,0.9999999963381968,C1,0.8428218942715189,0.28950898441380263,0.29096089849677137,MERGE_EXISTING,BRANCH_0,True
M4_ASYMMETRIC_CROSS,C1,O0,2.116666666666664,126,2,-0.0165474888622122,0.9998630809327621,-0.0165474888622122,0.9998630809327621,-0.9998630809327621,-0.0165474888622122,91.54792747553012,40.77145930991146,215.31203672602737,41.127479951072814,123.43198873149035,41.29913270697588,59.66386621956988,40.24378591284703,63.77685477938823,0.7592482711831933,34.43076197927142,0.9481445467617391,0.015864016271478692,-0.9137799705065661,0.9998741585758372,1.193052861481745,0.9999997663712518,0.0006835623174793045,-0.9999997663712518,-0.0006835623174793045,0.9999999050747312,NONE,NaN,NaN,NaN,MERGE_EXISTING,RIGHT,True
M4_ASYMMETRIC_CROSS,C0,O1,2.2166666666666637,132,0,-0.004627157304503253,-0.9999892946503375,-0.004627157304503253,-0.9999892946503375,0.9999892946503375,-0.004627157304503253,86.05533736120611,-43.95287493309105,214.9954707827433,-43.5958688801828,43.757152482685854,-43.75715248268591,128.35352223972637,-44.148597383496195,84.59727540045418,1.0071104214339783,47.42592435833069,0.26511753075045874,0.005306057733430624,-0.8902554916254396,0.9999859227765807,1.150358338090363,0.9999997695414191,0.0006789087632511763,-0.9999997695414191,-0.0006789087632511763,0.9999999090927827,C1,-0.9997758092149062,1.0086183362879901,1.0162136403703341,MERGE_EXISTING,LEFT,True
M4_ASYMMETRIC_CROSS,C2,O2,2.2166666666666637,132,3,0.9923988323930865,0.12306322547714518,0.9923988323930865,0.12306322547714518,-0.12306322547714518,0.9923988323930865,123.10381113038684,-1.8142025623795632,252.04394455192403,-1.4571965094713066,128.35352223972637,-44.148597383496195,117.85410002104732,40.52019225873707,85.3173007449652,1.0156821517257761,26.88282148390786,7.068923215769956,-0.9924821523884703,-0.999881190957841,0.12238944885221698,1.4656806966201446,0.9999997695414191,0.0006789087632511763,-0.9999997695414191,-0.0006789087632511763,0.9999999090927827,C0,-0.127653893548574,0.6679682360059511,0.6679682360059511,NEW_OUTGOING,FORWARD,True
M4_ASYMMETRIC_CROSS,C1,O3,2.2166666666666637,132,5,-0.004303211972965468,0.9999907411404948,-0.004303211972965468,0.9999907411404948,-0.9999907411404948,-0.004303211972965468,85.62908121307942,40.381519888025586,214.5692146346166,40.73852594093384,117.85410002104732,40.52019225873707,53.40406240511152,40.242847517314104,64.45063435530432,0.7672694566107656,35.36529063883043,0.2465566453460042,0.003624308503923023,-0.9047599062157452,0.9999934321723662,1.1270613954674082,0.9999997695414191,0.0006789087632511763,-0.9999997695414191,-0.0006789087632511763,0.9999999090927827,C1,0.9999250306931656,0.009982055054637439,0.011663088915222967,MERGE_EXISTING,RIGHT,True
M4_ASYMMETRIC_CROSS,C1,O4,2.3166666666666633,138,2,1.2692715606653998e-15,1.0,1.2692715606653998e-15,1.0,-1.0,1.2692715606653998e-15,83.2828739830847,40.24194260924275,217.1611444407868,40.59984447310786,116.87108746456886,40.241942609242706,49.69466050160055,40.24194260924279,67.1764269629683,0.7997193686067655,33.197822676602925,8.526512829121202e-14,-0.0006301580280225701,-0.9006714165908813,0.9999998014504101,1.1011390621104293,0.9999998014504101,0.0006301580280213008,-0.9999998014504101,-0.0006301580280213008,0.9999998958031664,C1,0.9998630809327621,0.022891834221723934,0.022926286452696724,MERGE_EXISTING,RIGHT,True
M4_ASYMMETRIC_CROSS,C0,O5,2.416666666666663,144,0,-0.011100140915159809,-0.9999383915380304,-0.01110014091515981,-0.9999383915380305,0.9999383915380304,-0.011100140915159809,76.88509024415721,-44.23324788041984,215.35432304901457,-43.87423948152338,34.188496862868305,-43.7592804768875,119.58168362544612,-44.70721528395218,85.39844802961551,1.0166481908287561,48.63398541036955,0.6360042875747212,0.011604856621495612,-0.8665359765469528,0.9999326613841526,1.0559662934542011,0.9999998726146105,0.0005047482170929136,-0.9999998726146105,-0.0005047482170929136,0.9999999186773292,C0,0.9999790489460247,0.00540671693058821,0.005829631508923114,MERGE_EXISTING,LEFT,True
M4_ASYMMETRIC_CROSS,C2,O6,2.416666666666663,144,4,0.9944083510751348,0.10560317851291985,0.9944083510751348,0.10560317851291985,-0.10560317851291985,0.9944083510751348,115.07107592890209,-2.2332478804198956,253.54030873375945,-1.874239481523439,119.58168362544612,-44.70721528395218,110.56046823235806,40.24071952311239,85.42560479829089,1.0169714856939391,34.907255174226776,6.061919357754505,-0.9944615274181134,-0.9998018052035733,0.10510123921835035,1.3701517241163481,0.9999998726146105,0.0005047482170929136,-0.9999998726146105,-0.0005047482170929136,0.9999999186773292,C2,0.9998455542973368,0.01849277684730178,0.01900263990501619,MERGE_EXISTING,FORWARD,True
M4_ASYMMETRIC_CROSS,C2,O7,2.416666666666663,144,5,0.9917685833945016,0.12804326218768222,0.9917685833945016,0.12804326218768222,-0.12804326218768222,0.9917685833945016,114.00870793725407,-1.5413187804036355,252.4779407421114,-1.182310381507179,119.58168362544612,-44.70721528395218,108.43573224906203,41.62457772314491,87.04832402697353,1.036289571749685,35.98087375749222,7.3565345170205205,-0.9918330866659744,-0.999901676090905,0.12754265245260427,1.3573705505060447,0.9999998726146105,0.0005047482170929136,-0.9999998726146105,-0.0005047482170929136,0.9999999186773292,C2,0.9999874010102807,0.006115793516386202,0.012212719562866828,MERGE_EXISTING,FORWARD,True
M4_ASYMMETRIC_CROSS,C1,O8,2.416666666666663,144,8,1.7259635178451029e-15,1.0,1.7259635178451029e-15,1.0,-1.0,1.7259635178451029e-15,77.62615747022906,40.240719523112446,216.0953902750864,40.5997279220089,110.56046823235806,40.24071952311239,44.691846708100044,40.2407195231125,65.86862152425802,0.7841502562411669,34.263800000563606,1.1368683772161603e-13,-0.0005047482170946395,-0.8880328920234104,0.9999998726146105,1.0409103261863466,0.9999998726146105,0.0005047482170929136,-0.9999998726146105,-0.0005047482170929136,0.9999999186773292,C1,0.9998630809327621,0.011244581631704208,0.014181888866981499,MERGE_EXISTING,RIGHT,True
M4_ASYMMETRIC_CROSS,C1,O9,2.416666666666663,144,9,-0.021704547672606704,0.9997644285582117,-0.021704547672606704,0.9997644285582117,-0.9997644285582117,-0.021704547672606704,76.56378947858104,40.932648623128706,215.03302228343838,41.29165702202516,108.43573224906203,41.62457772314491,44.691846708100044,40.2407195231125,63.75890531821464,0.7590345871216029,35.99231143910556,1.2436766376475248,0.021199915594936773,-0.8821186579285627,0.9997752565345711,1.033556563460925,0.9999998726146105,0.0005047482170929136,-0.9999998726146105,-0.0005047482170929136,0.9999999186773292,C1,0.9999866975060677,0.0038539663911880484,0.004201120767554758,MERGE_EXISTING,RIGHT,True
M4_ASYMMETRIC_CROSS,C0,O10,2.5166666666666626,150,0,-0.0022062644634762113,-0.9999975661955969,-0.0022062644634762117,-0.999997566195597,0.9999975661955969,-0.0022062644634762113,72.0769920616905,-43.855751040900756,214.8724805923878,-43.49443498945074,29.517743137255096,-43.76185385387915,114.6362409861259,-43.94964822792237,85.11870501114984,1.0133179167994029,49.36814567730366,0.12640974479909062,0.002585262476734344,-0.8540920246056847,0.9999966582033794,1.0044134243929086,0.9999999281798407,0.00037899909412206185,-0.9999999281798407,-0.00037899909412206185,0.9999999764352026,C0,0.999997069604717,0.0018978827083039366,0.003748661654111812,MERGE_EXISTING,LEFT,True
M4_ASYMMETRIC_CROSS,C2,O11,2.5166666666666626,150,3,0.992954898480651,0.11849290942195734,0.992954898480651,0.11849290942195734,-0.11849290942195734,0.992954898480651,109.55825638227883,-1.3968093163230755,252.35374491297614,-1.0354932648730608,114.6362409861259,-43.94964822792237,104.48027177843176,41.156029595276216,85.70951002248063,1.020351309791436,40.432839692765114,6.805132079332594,-0.9929997358718028,-0.9999138320014268,0.11811657190474947,1.3043709560385106,0.9999999281798407,0.00037899909412206185,-0.9999999281798407,-0.00037899909412206185,0.9999999764352026,C2,0.999989401500831,0.006229386530744412,0.006230687569026018,MERGE_EXISTING,FORWARD,True
M4_ASYMMETRIC_CROSS,C1,O12,2.5166666666666626,150,5,-0.014286416655041502,0.9998979439418598,-0.014286416655041502,0.9998979439418598,-0.9998979439418598,-0.014286416655041502,72.35920896227628,40.69708787069853,215.15469749297358,41.05840392214855,104.48027177843176,41.156029595276216,40.2381461461208,40.23814614612085,64.24868259959777,0.7648652690428306,36.04627142353516,0.818579225878409,0.013907455214020304,-0.8717868308477882,0.9999032866680008,0.9883181104643887,0.9999999281798407,0.00037899909412206185,-0.9999999281798407,-0.00037899909412206185,0.9999999764352026,C1,0.9999974431685225,0.0020456500787281377,0.0032947446460062403,MERGE_EXISTING,RIGHT,True
M4_ASYMMETRIC_CROSS,C0,O13,2.6166666666666623,156,0,-0.00991588037866073,-0.9999508364496308,-0.00991588037866073,-0.9999508364496308,0.9999508364496308,-0.00991588037866073,68.34250008430112,-44.18266760421659,215.38271792499452,-43.81764167556301,26.29710361048453,-43.76572998417518,110.38789655811772,-44.599605224258006,84.0949273528299,1.0011300875336893,50.241855074712035,0.5681474065989107,0.010295672860077522,-0.8395821194254703,0.9999469981555814,0.9688169137447522,0.9999999278714693,0.000379811869534654,-0.9999999278714693,-0.000379811869534654,0.9999999678541626,C0,0.999986013964606,0.005312559482826849,0.006565358091481592,MERGE_EXISTING,LEFT,True
M4_ASYMMETRIC_CROSS,C2,O14,2.6166666666666623,156,3,0.9924424008617199,0.1227113726262785,0.9924424008617199,0.1227113726262785,-0.1227113726262785,0.9924424008617199,105.13786424269975,-2.1393624268497504,252.17808208339315,-1.7743364981961718,110.38789655811772,-44.599605224258006,99.88783192728178,40.320880370558505,85.56716794957731,1.018656761304492,44.8403719619084,7.048609567690306,-0.992488936514158,-0.9997852414039893,0.12233442237161074,1.2519003337868047,0.9999999278714693,0.000379811869534654,-0.9999999278714693,-0.000379811869534654,0.9999999678541626,C2,0.99999993715068,0.004099296331495482,0.004145211470544376,MERGE_EXISTING,FORWARD,True
M4_ASYMMETRIC_CROSS,C1,O15,2.6166666666666623,156,5,-0.0013604976128301477,0.9999990745226945,-0.0013604976128301477,0.9999990745226945,-0.9999990745226945,-0.0013604976128301477,68.0574656844509,40.277575193191666,215.0976835251443,40.642601121845246,99.88783192728178,40.320880370558505,36.22709944162003,40.234270015824826,63.66079140227944,0.7578665643128505,37.44967743166147,0.07795079530001203,0.0009806859966720654,-0.8607774504544217,0.9999995191273724,0.9414628413170114,0.9999999278714693,0.000379811869534654,-0.9999999278714693,-0.000379811869534654,0.9999999678541626,C1,0.9998846684012676,0.006311261819946031,0.0069421904749344746,MERGE_EXISTING,RIGHT,True
M4_ASYMMETRIC_CROSS,C0,O16,2.716666666666662,162,0,-0.014693483406051918,-0.9998920449455513,-0.014693483406051918,-0.9998920449455513,0.9998920449455513,-0.014693483406051918,63.69781360611695,-44.392214654327894,215.05766148203247,-44.022970503319364,21.347997434074124,-43.76988114910719,106.04762977815979,-45.014548159548596,84.70877708472814,1.0084378224372397,51.81953950116086,0.8419048816927841,0.01518096815297248,-0.8201388337004434,0.9998847624631245,0.9242941920285639,0.9999998811527936,0.0004875391255128562,-0.9999998811527936,-0.0004875391255128562,0.9999999452398818,C0,0.9999493298106563,0.005138163085466651,0.005189510467839625,MERGE_EXISTING,LEFT,True
M4_ASYMMETRIC_CROSS,C2,O17,2.716666666666662,162,3,0.9925370191661527,0.12194369842172252,0.9925370191661529,0.12194369842172255,-0.12194369842172252,0.9925370191661527,100.7974311888274,-2.2815777368797967,252.1572790647429,-1.9123335858712687,106.04762977815979,-45.014548159548596,95.547232599495,40.451392685789,86.10856743372554,1.0251019932586374,49.17675004625262,7.004292241953408,-0.992596353529991,-0.9997327689512084,0.12145978329869121,1.2002767851636593,0.9999998811527936,0.0004875391255128562,-0.9999998811527936,-0.0004875391255128562,0.9999999452398818,C2,0.9999993637817941,0.005583758107887345,0.0058779496369163915,MERGE_EXISTING,FORWARD,True
M4_ASYMMETRIC_CROSS,C1,O18,2.716666666666662,162,5,-0.0034511268894468787,0.9999940448438646,-0.0034511268894468787,0.9999940448438646,-0.9999940448438646,-0.0034511268894468787,63.489223105177274,40.3407557683409,214.84907098109278,40.70999991934943,95.547232599495,40.451392685789,31.431213610859544,40.2301188508928,64.11640081181314,0.7632904858549183,37.446308117388824,0.1977353978446672,0.0029635902571488477,-0.844292831837758,0.9999956085567516,0.8954927786839806,0.9999998811527936,0.0004875391255128562,-0.9999998811527936,-0.0004875391255128562,0.9999999452398818,C1,0.9999142340757663,0.007421421867316374,0.009047983984501342,MERGE_EXISTING,RIGHT,True
M4_ASYMMETRIC_CROSS,C0,O19,2.8166666666666615,168,0,-0.0084982352632037,-0.999963889346716,-0.0084982352632037,-0.999963889346716,0.999963889346716,-0.0084982352632037,59.577435649801615,-44.13643906881674,215.38435362269314,-43.76394038937066,16.80284871330707,-43.77291743874051,102.35202258629616,-44.49996069889298,85.55226322110393,1.018479324060761,53.04873436415248,0.4869188748911597,0.009087956792771329,-0.8031737064928718,0.9999587036679729,0.8826797810332472,0.9999998261008132,0.0005897443034558989,-0.9999998261008132,-0.0005897443034558989,0.9999999542063128,C0,0.9999925070550042,0.0050434323299402605,0.0060458599365096856,MERGE_EXISTING,LEFT,True
M4_ASYMMETRIC_CROSS,C2,O20,2.8166666666666615,168,3,0.9913110993580745,0.13153822368226595,0.9913110993580745,0.13153822368226595,-0.13153822368226595,0.9913110993580745,96.71659778159483,-2.02972655621155,252.52351575448637,-1.6572278767654693,102.35202258629616,-44.49996069889298,91.0811729768935,40.44050758646988,85.68497653296349,1.0200592444400416,53.26210630606131,7.558489423441074,-0.9913885008879838,-0.9997673119591908,0.13095358073407679,1.1516415915945082,0.9999998261008132,0.0005897443034558989,-0.9999998261008132,-0.0005897443034558989,0.9999999542063128,C2,0.9999634956211338,0.00618590818444796,0.006201751950142413,MERGE_EXISTING,FORWARD,True
M4_ASYMMETRIC_CROSS,C1,O21,2.8166666666666615,168,5,-0.003337476710554722,0.9999944306090942,-0.003337476710554722,0.9999944306090942,-0.9999944306090942,-0.003337476710554722,59.107341386093225,40.333795073864685,214.91425935898476,40.70629375331077,91.0811729768935,40.44050758646988,27.13350979529295,40.22708256125949,63.94801933311786,0.7612859444418794,38.30653808576791,0.1912236847379063,0.0027477351112308976,-0.8263427234604258,0.999996224968754,0.8518764161545518,0.9999998261008132,0.0005897443034558989,-0.9999998261008132,-0.0005897443034558989,0.9999999542063128,C1,0.9999127391631079,0.006896800078324714,0.008239600333098255,MERGE_EXISTING,RIGHT,True
M4_ASYMMETRIC_CROSS,C0,O22,2.916666666666661,174,0,-0.008680880511566546,-0.9999623204468975,-0.008680880511566548,-0.9999623204468976,0.9999623204468975,-0.008680880511566546,55.11747044695284,-44.14442518150133,215.45542330931795,-43.769798679461616,12.552252792078377,-43.774907689836596,97.6826881018273,-44.51394267316607,85.13364310737519,1.013495751278276,54.25767036727284,0.49738406285555925,0.009326306990595265,-0.7801165418085019,0.9999565090532273,0.8406705750423572,0.999999791695444,0.000645452607661485,-0.999999791695444,-0.000645452607661485,0.999999969870701,C0,0.9999917833002765,0.005854043675077363,0.00594515424015498,MERGE_EXISTING,LEFT,True
M4_ASYMMETRIC_CROSS,C2,O23,2.916666666666661,174,3,0.9914899416416834,0.13018331545697928,0.9914899416416834,0.13018331545697928,-0.13018331545697928,0.9914899416416834,92.11398123662899,-2.102080404842596,252.45193409899412,-1.7274539028028768,97.6826881018273,-44.51394267316607,86.54527437143068,40.30978186348088,85.55177513570942,1.0184735135203502,57.86203669881529,7.48018553994666,-0.991573762270247,-0.9997247817871378,0.1295433285708988,1.0968805154902943,0.999999791695444,0.000645452607661485,-0.999999791695444,-0.000645452607661485,0.999999969870701,C2,0.9999742391181405,0.00582597360272245,0.006060744834537774,MERGE_EXISTING,FORWARD,True
M4_ASYMMETRIC_CROSS,C1,O24,2.916666666666661,174,5,-0.0013374562569114514,0.9999991056049805,-0.0013374562569114514,0.9999991056049805,-0.9999991056049805,-0.0013374562569114514,54.884621122440564,40.267437086822156,215.22257398480568,40.64206358886187,86.54527437143068,40.30978186348088,23.223967873450444,40.22509231016343,63.32136313229204,0.7538257515749053,38.903969837345116,0.07663062165039491,0.0006920039479413324,-0.8066555130597389,0.9999997605652394,0.8103801602654089,0.999999791695444,0.000645452607661485,-0.999999791695444,-0.000645452607661485,0.999999969870701,C1,0.9998843182027173,0.005876089983910086,0.006868237396340416,MERGE_EXISTING,RIGHT,True
M4_ASYMMETRIC_CROSS,C0,O25,3.016666666666661,180,0,-0.00803299421482726,-0.9999677349814566,-0.00803299421482726,-0.9999677349814566,0.9999677349814566,-0.00803299421482726,50.860506090133,-44.11652370673552,215.71297029168977,-43.74042212150931,8.509251766570387,-43.776305348612034,93.21176041369561,-44.456742064859014,84.70524166331822,1.0083957340871217,55.295242353993785,0.4602616154897703,0.008688810997513475,-0.7549840556207368,0.9999622515692528,0.8015237352349845,0.9999997849371398,0.0006558396709640707,-0.9999997849371398,-0.0006558396709640707,0.999999971463219,C0,0.9999941999050606,0.008713286965571169,0.008853739269330292,MERGE_EXISTING,LEFT,True
M4_ASYMMETRIC_CROSS,C2,O26,3.016666666666661,180,3,0.991768568233807,0.12804337961591183,0.991768568233807,0.12804337961591183,-0.12804337961591183,0.991768568233807,87.74538991616117,-2.1166034490430725,252.59785411771793,-1.7405018638168603,93.21176041369561,-44.456742064859014,82.27901941862675,40.22353516677287,85.38310241313145,1.0164655049182316,62.229085331758895,7.30889309981319,-0.9918523308691785,-0.9996931583148492,0.12739291090707344,1.0448918412885846,0.9999997849371398,0.0006558396709640707,-0.9999997849371398,-0.0006558396709640707,0.999999971463219,C2,0.9999874004159218,0.0074066156277024465,0.007498688435308172,MERGE_EXISTING,FORWARD,True
M4_ASYMMETRIC_CROSS,C1,O27,3.016666666666661,180,5,2.51068298173278e-06,0.9999999999968482,2.5106829817327804e-06,0.9999999999968483,-0.9999999999968482,2.51068298173278e-06,50.51781813692859,40.22361490908041,215.37028233848534,40.59971649430662,82.27901941862675,40.22353516677287,18.75661685523043,40.223694651387945,63.52240256359652,0.7562190781380538,40.99664674530497,0.00014385153852458643,-0.0006583503534037819,-0.7827151815839906,0.9999997832873825,0.7687553942872322,0.9999997849371398,0.0006558396709640707,-0.9999997849371398,-0.0006558396709640707,0.999999971463219,C1,0.9998630393841121,0.0063210453841847924,0.007372607415715465,MERGE_EXISTING,RIGHT,True
M4_ASYMMETRIC_CROSS,C0,O28,3.1166666666666605,186,0,-0.006799695096769417,-0.99997688180607,-0.006799695096769417,-0.99997688180607,0.99997688180607,-0.006799695096769417,46.401825525338,-44.066817891832756,215.63941305971747,-43.68963287791354,3.8300206111760815,-43.77733590639662,88.97363043949991,-44.35629987726888,85.14557824031387,1.0136378361942127,58.60681695737371,0.3895968332836901,0.007395430957556957,-0.7247054394108016,0.9999726534265584,0.7618130386749135,0.9999998225404525,0.0005957508401418122,-0.9999998225404525,-0.0005957508401418122,0.9999999600864949,C0,0.9999976399627313,0.007746820569248603,0.007778873592546158,MERGE_EXISTING,LEFT,True
M4_ASYMMETRIC_CROSS,C2,O29,3.1166666666666605,186,3,0.9922528084953801,0.12423511594163095,0.9922528084953802,0.12423511594163096,-0.12423511594163095,0.9922528084953801,83.64477622112962,-1.7953015301942479,252.88236375550906,-1.4181165162750318,88.97363043949991,-44.35629987726888,78.31592200275932,40.765696816880386,85.78660192781463,1.0212690705692218,66.33595935727722,7.136586848499974,-0.9923266455853431,-0.999756779407307,0.1236439584506293,0.9960004838419375,0.9999998225404525,0.0005957508401418122,-0.9999998225404525,-0.0005957508401418122,0.9999999600864949,C2,0.9999993026748804,0.009992017837556164,0.010362775442999881,MERGE_EXISTING,FORWARD,True
M4_ASYMMETRIC_CROSS,C1,O30,3.1166666666666605,186,5,-0.008527740195321749,0.9999636381624889,-0.008527740195321749,0.9999636381624889,-0.9999636381624889,-0.008527740195321749,46.47788723785947,40.494180455241874,215.71547477223893,40.87136546916109,78.31592200275932,40.765696816880386,14.639852472959614,40.22266409360336,63.678384992887786,0.7580760118200927,41.29689893144082,0.48860944423609,0.007932009504446266,-0.754364822659794,0.99996854111778,0.7338561692203258,0.9999998225404525,0.0005957508401418122,-0.9999998225404525,-0.0005957508401418122,0.9999999600864949,C1,0.9999678367597817,0.005688893047558867,0.006393431742428858,MERGE_EXISTING,RIGHT,True
M4_ASYMMETRIC_CROSS,C0,O31,3.21666666666666,192,0,-0.005356204390619452,-0.9999856554343797,-0.005356204390619452,-0.9999856554343797,0.9999856554343797,-0.005356204390619452,42.491542167450774,-44.005694114626564,215.90924517928354,-43.627709504159704,0.0,-43.778097465129996,84.98308433490155,-44.233290764123126,84.98430339781834,1.0117178975930754,59.81798896289069,0.3068893731915949,0.00583366969992915,-0.6942787511001428,0.9999829840041441,0.7282399135162015,0.999999886009871,0.0004774727690035935,-0.999999886009871,-0.0004774727690035935,0.9999999656342219,C0,0.9999997342385513,0.010884868740776363,0.010889170565333662,MERGE_EXISTING,LEFT,True
M4_ASYMMETRIC_CROSS,C2,O32,3.21666666666666,192,3,0.9925699681275946,0.12167521675010912,0.9925699681275946,0.12167521675010912,-0.12167521675010912,0.9925699681275946,79.78984498185616,-1.8692534785547608,253.20754799368893,-1.4912688680878978,84.98308433490155,-44.233290764123126,74.59660562881076,40.494783807013604,85.36231932441962,1.0162180871954716,70.18826232441918,6.988793967387096,-0.9926279515870766,-0.9997143990686382,0.12120127774922378,0.9501397342331049,0.999999886009871,0.0004774727690035935,-0.999999886009871,-0.0004774727690035935,0.9999999656342219,C2,0.9999990220721671,0.013858359335968013,0.013863373730525522,MERGE_EXISTING,FORWARD,True
M4_ASYMMETRIC_CROSS,C1,O33,3.21666666666666,192,5,-0.004226213654099433,0.9999910695191984,-0.004226213654099432,0.9999910695191981,-0.9999910695191984,-0.004226213654099433,42.31252612919149,40.3583431709418,215.73022914102427,40.73632778140866,74.59660562881076,40.494783807013604,10.028446629572215,40.22190253487,64.56873562909247,0.7686754241558628,43.76864222832608,0.24214492652441777,0.0037487446674105964,-0.7239487801324543,0.9999929734320231,0.6961126400752107,0.999999886009871,0.0004774727690035935,-0.999999886009871,-0.0004774727690035935,0.9999999656342219,C1,0.9999240848980839,0.006816813819598147,0.006846725097844121,MERGE_EXISTING,RIGHT,True
M4_ASYMMETRIC_CROSS,C2,O34,3.3166666666666598,198,0,0.9906934882445875,0.1361117641858032,0.9906934882445875,0.1361117641858032,-0.1361117641858032,0.9906934882445875,75.42600469330037,-1.9343107738940652,252.81966925442072,-1.555311598092719,81.21769689938579,-44.08931323682016,69.63431248721496,40.22069168903203,85.10200776149374,1.0131191400177826,74.54919654394811,7.816850793606136,-0.9907424755779999,-0.9996620215794202,0.1357547313561357,0.8982238506672844,0.9999999350638998,0.000360377851814645,-0.9999999350638998,-0.000360377851814645,0.9999999871287024,C2,0.999913413719452,0.009308392519549803,0.010018102467880293,MERGE_EXISTING,FORWARD,True
M4_ASYMMETRIC_CROSS,C1,O35,3.3166666666666598,198,2,5.012848219921723e-08,0.9999999999999988,5.012848219921723e-08,0.9999999999999988,-0.9999999999999988,5.012848219921723e-08,38.00232236606846,40.220693274695684,215.3959869271888,40.59969245049703,69.63431248721496,40.22069168903203,6.370332244921968,40.22069486035934,63.263980242293066,0.7531426219320603,46.716562920264955,2.8721504747863946e-06,-0.0003604279802935887,-0.6870393209602337,0.9999999350458334,0.6587412273693041,0.9999999350638998,0.000360377851814645,-0.9999999350638998,-0.000360377851814645,0.9999999871287024,C1,0.9998630801032604,0.006362171210460079,0.008361843247209693,MERGE_EXISTING,RIGHT,True
M4_ASYMMETRIC_CROSS,C0,O36,3.4166666666666594,204,0,-0.0006549748615785769,-0.9999997855039423,-0.000654974861578577,-0.9999997855039424,0.9999997855039423,-0.0006549748615785769,34.249551427525546,-43.89923519240792,215.49999190471144,-43.5175751613005,-7.750390742199216,-43.871726280198445,76.24949359725031,-43.9267441046174,83.99990235709743,0.9999988375844931,68.17067118456887,0.03228000199243297,0.0010090411593585637,-0.6148435824945876,0.9999994909178397,0.6628477591812653,0.9999999373184849,0.0003540664147806535,-0.9999999373184849,-0.0003540664147806535,0.9999999835924614,C0,0.9999921108282912,0.006078094717289986,0.00672150733434476,MERGE_EXISTING,LEFT,True
M4_ASYMMETRIC_CROSS,KNOWN_PARENT_PATH,O37,3.4166666666666594,204,2,-0.9931981661799267,0.11643626023207132,-0.9931981661799267,0.11643626023207132,0.11643626023207132,0.9931981661799267,-2.821335388910296,-1.827016770218183,178.4291050882756,-1.445356739110757,-7.750390742199216,-43.871726280198445,2.1077199643786244,40.21769273976208,84.66529830938792,1.0079202179689037,77.02651282509461,6.686473272517318,0.9931568777555501,0.8395661813612381,0.11678791104753616,0.021724719428298414,0.9999999373184849,0.0003540664147806535,-0.9999999373184849,-0.0003540664147806535,0.9999999835924614,C0,-0.11183932959173346,0.6642990242155451,0.6726507637316311,KNOWN_PARENT_PATH,INCOMING_PATH,True
M4_ASYMMETRIC_CROSS,C2,O38,3.4166666666666594,204,3,0.9932082686940537,0.11635005370759649,0.9932082686940537,0.11635005370759649,-0.11635005370759649,0.9932082686940537,71.29551742705975,-1.637721123055048,252.54595790424565,-1.2560610919476218,76.24949359725031,-43.9267441046174,66.34154125686919,40.6513018585073,85.15640538749683,1.0137667308035336,78.68567510191882,6.6815002016199685,-0.9932494020846304,-0.9997280798492217,0.11599838472377183,0.8489800583104904,0.9999999373184849,0.0003540664147806535,-0.9999999373184849,-0.0003540664147806535,0.9999999835924614,C2,0.9999771390688337,0.006438185734910336,0.00675143930374914,MERGE_EXISTING,FORWARD,True
M4_ASYMMETRIC_CROSS,C1,O39,3.4166666666666594,204,5,-0.006750326086721579,0.9999772162893127,-0.00675032608672158,0.9999772162893128,-0.9999772162893127,-0.006750326086721579,34.224630610623905,40.43449729913469,215.4750710878098,40.81615733024211,66.34154125686919,40.6513018585073,2.1077199643786244,40.21769273976208,64.23528481063562,0.7647057715551859,49.31394595973025,0.3867681324484238,0.006396267315767017,-0.6463315326131711,0.9999795436729818,0.6306461422439982,0.9999999373184849,0.0003540664147806535,-0.9999999373184849,-0.0003540664147806535,0.9999999835924614,C1,0.9999520012873356,0.004183672394631042,0.004805212860456141,MERGE_EXISTING,RIGHT,True
M4_ASYMMETRIC_CROSS,C0,O40,3.516666666666659,210,1,-0.008535191296269043,-0.9999635745913629,-0.008535191296269043,-0.9999635745913629,0.9999635745913629,-0.008535191296269043,30.46771520069971,-44.14712966395314,215.57871580872637,-43.76076490321945,-11.69060265245863,-43.7872872489405,72.62603305385805,-44.50697207896577,84.31970708610345,1.0038060367393267,72.54672656798506,0.4890363764107093,0.009012226364803318,-0.5676108357800962,0.9999593890633506,0.6385715536465245,0.9999998862100123,0.00047705341661922763,-0.9999998862100123,-0.00047705341661922763,0.9999999281534141,C0,0.999992363304399,0.007215557199238281,0.007590664476554525,MERGE_EXISTING,LEFT,True
M4_ASYMMETRIC_CROSS,KNOWN_PARENT_PATH,O41,3.516666666666659,210,3,-0.9925854854483437,0.12154856674299352,-0.9925854854483437,0.12154856674299352,0.12154856674299352,0.9925854854483437,-6.5474303073678115,-1.7873002833127245,178.56357030065885,-1.4009355225790425,-11.69060265245863,-43.7872872489405,-1.4042579622769935,40.21268668231505,84.62744535631948,1.007469587575232,143.21300611960137,7.0169002469125985,0.9925273873430037,0.9648280690151261,0.1220220692091034,0.021196782756633545,0.9999998862100123,0.00047705341661922763,-0.9999998862100123,-0.00047705341661922763,0.9999999281534141,C0,-0.11695441634374935,0.6636513199840709,0.6707799351175021,KNOWN_PARENT_PATH,INCOMING_PATH,True
M4_ASYMMETRIC_CROSS,C2,O42,3.516666666666659,210,7,0.9920831923539613,0.12558240103124832,0.9920831923539613,0.12558240103124832,-0.12558240103124832,0.9920831923539613,67.26393334847026,-2.147143394708632,252.37493395649693,-1.7607786339749498,72.62603305385805,-44.50697207896577,61.90183364308247,40.2126852895485,85.39571884843252,1.0166157005765777,82.7018057131925,7.210453819482154,-0.9921429889783062,-0.9994755744226749,0.12510911006474548,0.8011689796048512,0.9999998862100123,0.00047705341661922763,-0.9999998862100123,-0.00047705341661922763,0.9999999281534141,C2,0.9999967770629468,0.005346763652509092,0.005392193670171658,MERGE_EXISTING,FORWARD,True
M4_ASYMMETRIC_CROSS,C1,O43,3.516666666666659,210,9,2.200051391395706e-08,0.9999999999999998,2.200051391395706e-08,0.9999999999999998,-0.9999999999999998,2.200051391395706e-08,30.248787840402738,40.21268598593178,215.3597884484294,40.59905074666546,61.90183364308247,40.2126852895485,-1.4042579622769935,40.21268668231505,63.30609160535948,0.7536439476828509,52.49906273207811,1.260536578229221e-06,-0.00047707541713063806,-0.6015160074035122,0.9999998861995167,0.5990413354221379,0.9999998862100123,0.00047705341661922763,-0.9999998862100123,-0.00047705341661922763,0.9999999281534141,C1,0.9998630805687087,0.006316456782439942,0.008039608806288859,MERGE_EXISTING,RIGHT,True
M4_ASYMMETRIC_CROSS,C0,O44,3.6166666666666587,216,1,-0.003681113438340379,-0.9999932246789744,-0.0036811134383403794,-0.9999932246789746,0.9999932246789744,-0.003681113438340379,26.722264889670413,-43.949959460173986,215.79068059111387,-43.55746007961565,-15.797584657460416,-43.793438010126756,69.24211443680124,-44.10648091022121,85.04027526942671,1.012384229397937,81.36922247008863,0.2109127402598574,0.00437099792644763,-0.5189333494173574,0.999990447142935,0.6123352174777995,0.9999997620258393,0.000689890038343614,-0.9999997620258393,-0.000689890038343614,0.999999854974102,C0,0.9999995524927792,0.009477819578273296,0.009484390044540268,MERGE_EXISTING,LEFT,True
M4_ASYMMETRIC_CROSS,KNOWN_PARENT_PATH,O45,3.6166666666666587,216,3,-0.9958270552299167,0.09126048472429175,-0.9958270552299167,0.09126048472429175,0.09126048472429175,0.9958270552299167,-10.448878512174423,14.57121243022456,178.61953718926904,14.963711810782895,-15.797584657460416,-43.793438010126756,-5.1001723668884305,72.93586287057587,117.21844698601019,1.395457702214407,31.767449089050082,5.236125994099126,0.9957638585495033,0.5821857116756798,0.09194747417197068,0.17362004818646307,0.9999997620258393,0.000689890038343614,-0.9999997620258393,-0.000689890038343614,0.999999854974102,C1,0.10772642652895424,0.5364918015851352,0.8656250081836182,KNOWN_PARENT_PATH,INCOMING_PATH,True
M4_ASYMMETRIC_CROSS,KNOWN_PARENT_PATH,O46,3.6166666666666587,216,4,-0.9925084276351911,0.1221761886503287,-0.9925084276351911,0.1221761886503287,0.1221761886503287,0.9925084276351911,-10.586495871933002,-1.4607249510074745,178.48191982951045,-1.0682255704491395,-15.797584657460416,-43.793438010126756,-5.375407086405587,40.87198810811181,85.30449088474482,1.0155296533898193,139.31320383702626,7.01771330376107,0.9924239033083584,0.9907086212512621,0.12286088125275035,0.017235411840221888,0.9999997620258393,0.000689890038343614,-0.9999997620258393,-0.000689890038343614,0.999999854974102,C1,0.13858298255248508,0.666766050741562,0.6750449925794046,KNOWN_PARENT_PATH,INCOMING_PATH,True
M4_ASYMMETRIC_CROSS,C2,O47,3.6166666666666587,216,9,0.9911117474901316,0.13303196603470022,0.9911117474901316,0.13303196603470022,-0.13303196603470022,0.9911117474901316,63.57090646755151,-1.8549754388450097,252.63932216899497,-1.4624760582866747,69.24211443680124,-44.10648091022121,57.89969849830177,40.39653003253119,85.26083073553094,1.0150098897087017,86.40203554369918,7.644833380194257,-0.991203289059294,-0.9995541862652142,0.13234817625505096,0.7571186244797715,0.9999997620258393,0.000689890038343614,-0.9999997620258393,-0.000689890038343614,0.999999854974102,C2,0.9999494838120744,0.007088107440213373,0.0072308865748431025,MERGE_EXISTING,FORWARD,True
M4_ASYMMETRIC_CROSS,C1,O48,3.6166666666666587,216,13,0.0075139290408629735,0.999971770036719,0.0075139290408629735,0.999971770036719,-0.999971770036719,0.0075139290408629735,26.26214570594809,40.6342590703215,215.33056140739154,41.02675845087983,57.89969849830177,40.39653003253119,-5.375407086405587,40.87198810811181,63.27689188904192,0.7532963320124038,57.92636396328184,0.3796221126710009,-0.00820379781551518,-0.5433845249420172,0.9999663482844822,0.5759793133423342,0.9999997620258393,0.000689890038343614,-0.9999997620258393,-0.000689890038343614,0.999999854974102,C1,0.9997105181775863,0.0012191769149234324,0.009590468858393921,MERGE_EXISTING,RIGHT,True
M4_ASYMMETRIC_CROSS,C0,O49,3.7166666666666583,222,1,-0.004639270704068372,-0.9999892385257625,-0.004639270704068372,-0.9999892385257625,0.9999892385257625,-0.004639270704068372,22.279591281966034,-44.21642533475436,215.42683539755484,-43.8173454892994,-20.0605959258436,-44.0199956307632,64.61977848977567,-44.41285503874552,84.68128571109385,1.0081105441796887,92.12752504411102,0.2658115848706615,0.005576591258596404,-0.4491432452916056,0.9999844506940767,0.5894326965655386,0.9999995607036273,0.0009373326796243086,-0.9999995607036273,-0.0009373326796243086,0.999999833176066,C0,0.9999999999266311,0.005772610568904614,0.005776861094804466,MERGE_EXISTING,LEFT,True
M4_ASYMMETRIC_CROSS,KNOWN_PARENT_PATH,O50,3.7166666666666583,222,3,-0.991864499068854,0.1272981362270923,-0.991864499068854,0.1272981362270923,0.1272981362270923,0.991864499068854,-14.656114944526964,-1.910087503766448,178.49112917106183,-1.5110076583114873,-20.0605959258436,-44.0199956307632,-9.251633963210327,40.1998206232303,84.91060657283094,1.0108405544384635,135.2199411523759,7.266623192443774,0.9917447426432364,0.9917348127435446,0.12822778731421922,0.022506687129028296,0.9999995607036273,0.0009373326796243086,-0.9999995607036273,-0.0009373326796243086,0.999999833176066,C0,-0.12270726039408869,0.6632247993207347,0.6684009690016615,KNOWN_PARENT_PATH,INCOMING_PATH,True
M4_ASYMMETRIC_CROSS,C2,O51,3.7166666666666583,222,7,0.9919636554284516,0.1265231453490791,0.9919636554284517,0.12652314534907913,-0.1265231453490791,0.9919636554284516,59.21140764653204,-2.010278839942117,252.35865176212081,-1.6111989944871565,64.61977848977567,-44.41285503874552,53.803036803288414,40.392297358861285,85.49219715209983,1.0177642518107124,90.75447682315472,7.268724014709306,-0.9920818139412804,-0.9993919229708859,0.1255932898166876,0.705303847343396,0.9999995607036273,0.0009373326796243086,-0.9999995607036273,-0.0009373326796243086,0.999999833176066,C2,0.9999939197877447,0.004171041810812104,0.004172659744010786,MERGE_EXISTING,FORWARD,True
M4_ASYMMETRIC_CROSS,C1,O52,3.7166666666666583,222,9,-0.0030525230970190674,0.9999953410405182,-0.0030525230970190674,0.9999953410405182,-0.9999953410405182,-0.0030525230970190674,22.27570142003904,40.2960589910458,215.42294553562783,40.69513883650076,53.803036803288414,40.392297358861285,-9.251633963210327,40.1998206232303,63.05496453702365,0.750654339726472,64.93467285315094,0.17489696193808868,0.00211519344342741,-0.48461980871436655,0.9999977629758463,0.5481337182880021,0.9999995607036273,0.0009373326796243086,-0.9999995607036273,-0.0009373326796243086,0.999999833176066,C1,0.9999089342031303,0.005313574199739134,0.008129218089769021,MERGE_EXISTING,RIGHT,True
M4_ASYMMETRIC_CROSS,C0,O53,3.816666666666658,228,1,-1.7776820078637265e-06,-0.9999999999984198,-1.7776820078637267e-06,-0.9999999999984199,0.9999999999984198,-1.7776820078637265e-06,18.061983568419173,-43.806140619050396,215.3703485429611,-43.4008624259669,-24.098012142109006,-43.80606567198457,60.22197927894735,-43.80621556611622,84.3199914211896,1.0038094216808287,102.61631919783076,0.00010185367636950104,0.0011725939197982978,-0.3801030638169706,0.9999993125115131,0.5640914381210623,0.9999993145944323,0.0011708162390107173,-0.9999993145944323,-0.0011708162390107173,0.9999998921426914,C0,0.9999893028743717,0.0050305311090012945,0.0057727967481341355,MERGE_EXISTING,LEFT,True
M4_ASYMMETRIC_CROSS,KNOWN_PARENT_PATH,O54,3.816666666666658,228,3,-0.9923684379760943,0.12330808290167626,-0.9923684379760943,0.12330808290167626,0.12330808290167626,0.9923684379760943,-18.850110610847317,-1.5715930998729029,178.4582543636946,-1.1663149067894043,-24.098012142109006,-43.80606567198457,-13.602209079585624,40.662879472238764,85.11853250441462,1.013315863147793,131.08448851041172,7.083060185022063,0.9922233866953791,0.9966390677817891,0.12446987946789381,0.018402985701491213,0.9999993145944323,0.0011708162390107173,-0.9999993145944323,-0.0011708162390107173,0.9999998921426914,C0,-0.11871491797899301,0.6665853728106484,0.6716390394199905,KNOWN_PARENT_PATH,INCOMING_PATH,True
M4_ASYMMETRIC_CROSS,C2,O55,3.816666666666658,228,7,0.9921515292964477,0.12504136481468864,0.9921515292964478,0.12504136481468867,-0.12504136481468864,0.9921515292964477,54.92869223172521,-1.8061714471991763,252.23705720626714,-1.4008932541156778,60.22197927894735,-43.80621556611622,49.63540518450307,40.19387267171787,84.66457567968479,1.0079116152343428,95.0416204243223,7.183144552735769,-0.9922972497307385,-0.99942065818733,0.1238796519885814,0.6542664235199727,0.9999993145944323,0.0011708162390107173,-0.9999993145944323,-0.0011708162390107173,0.9999998921426914,C2,0.99999801290297,0.0023946792941099077,0.0045980395086194295,MERGE_EXISTING,FORWARD,True
M4_ASYMMETRIC_CROSS,C1,O56,3.816666666666658,228,9,0.007416375641271673,0.9999724983080022,0.007416375641271674,0.9999724983080023,-0.9999724983080022,0.007416375641271673,18.016598052458725,40.42837607197832,215.32496302700065,40.83365426506182,49.63540518450307,40.19387267171787,-13.602209079585624,40.662879472238764,63.239353453309505,0.7528494458727322,77.77210382602175,0.42490838723546176,-0.008587154597629643,-0.40812113313895965,0.9999631297082489,0.5269187210619944,0.9999993145944323,0.0011708162390107173,-0.9999993145944323,-0.0011708162390107173,0.9999998921426914,C1,0.9997128606129485,0.003501308125658183,0.009705156265795788,MERGE_EXISTING,RIGHT,True
M4_ASYMMETRIC_CROSS,C0,O57,3.9166666666666576,234,0,0.006101613528805295,-0.9999813849829131,0.006101613528805296,-0.9999813849829132,0.9999813849829131,0.006101613528805295,13.89877378439092,-44.06843452447542,215.37023836937206,-43.657858142743784,-28.235188496693265,-44.32552446448548,56.032736065475106,-43.81134458446536,84.26949324022495,1.0032082528598207,103.79174495668929,0.3495988726861583,-0.004766965126073403,-0.299512385202011,0.9999886379571954,0.5500982743251276,0.9999991093305177,0.0013346678130750755,-0.9999991093305177,-0.0013346678130750755,0.9999999650801262,C0,0.9999424467069219,0.004522139614411958,0.00707897290467901,MERGE_EXISTING,LEFT,True
M4_ASYMMETRIC_CROSS,KNOWN_PARENT_PATH,O58,3.9166666666666576,234,2,-0.9923647242408793,0.12333796691336994,-0.9923647242408794,0.12333796691336996,0.12333796691336994,0.9923647242408793,-22.98319498167095,-2.068519369608808,178.4882696033102,-1.6579429878771712,-28.235188496693265,-44.32552446448548,-17.73120146664864,40.18848572526787,85.16426282121556,1.0138602716811376,126.92390795762958,7.027032095294118,0.9921992251573348,0.9960930670262117,0.12466233431628222,0.024255898105682665,0.9999991093305177,0.0013346678130750755,-0.9999991093305177,-0.0013346678130750755,0.9999999650801262,C0,-0.11874481885480494,0.6619267474620482,0.67078117271685,KNOWN_PARENT_PATH,INCOMING_PATH,True
M4_ASYMMETRIC_CROSS,C2,O59,3.9166666666666576,234,3,0.9928062698315022,0.11973182777882597,0.9928062698315022,0.11973182777882597,-0.11973182777882597,0.9928062698315022,50.944567815519484,-1.6206803790796123,252.41603240050063,-1.2101039973479757,56.032736065475106,-43.81134458446536,45.85639956556386,40.569983826306135,84.99274327215176,1.011818372287521,99.0296596558234,6.876625857066074,-0.992965187785993,-0.999451034205829,0.11840665456437768,0.6067897660021025,0.9999991093305177,0.0013346678130750755,-0.9999991093305177,-0.0013346678130750755,0.9999999650801262,C2,0.9999943678920546,0.00531736657322605,0.005877837662117995,MERGE_EXISTING,FORWARD,True
M4_ASYMMETRIC_CROSS,C1,O60,3.9166666666666576,234,5,-0.005999459470952825,0.9999820030810836,-0.005999459470952825,0.9999820030810836,-0.9999820030810836,-0.005999459470952825,14.062599049457612,40.379234775787,215.53406363443875,40.789811157518635,45.85639956556386,40.569983826306135,-17.73120146664864,40.18848572526787,63.58874543370807,0.7570088742108103,96.9395536479885,0.343745769169459,0.0046648103342507,-0.330148918561397,0.9999891197130824,0.5090227973345984,0.9999991093305177,0.0013346678130750755,-0.9999991093305177,-0.0013346678130750755,0.9999999650801262,C1,0.999944362466742,0.004810999334584351,0.0059501783079358005,MERGE_EXISTING,RIGHT,True
M4_ASYMMETRIC_CROSS,C0,O61,4.016666666666658,240,0,0.002076558163191751,-0.9999978439507732,0.002076558163191751,-0.9999978439507732,0.9999978439507732,0.002076558163191751,10.006882467976538,-43.902666465205655,215.55327748498343,-43.487908338840796,-32.07191590791925,-43.990045725864405,52.085680843872325,-43.8152872045469,84.15777820010419,1.0018783119060022,104.97132225477868,0.11897810417188737,-0.0007047786397241568,-0.22089585410245385,0.9999997516435036,0.5360556874431109,0.9999990591086498,0.0013717805272783253,-0.9999990591086498,-0.0013717805272783253,0.999999977352036,C0,0.9999775300629189,0.006763788674843003,0.007820513551923071,MERGE_EXISTING,LEFT,True
M4_ASYMMETRIC_CROSS,KNOWN_PARENT_PATH,O62,4.016666666666658,240,2,-0.9923460487263015,0.12348813537055682,-0.9923460487263015,0.12348813537055682,0.12348813537055682,0.9923460487263015,-26.821914178897835,-1.8012276991989644,178.72448083810906,-1.386469572834105,-32.07191590791925,-43.990045725864405,-21.57191244987642,40.38759032746648,85.02843958680693,1.0122433284143681,123.1176730649201,7.093455883343992,0.9921757164170367,0.9978436723968819,0.12484930016760273,0.02102566906706475,0.9999990591086498,0.0013717805272783253,-0.9999990591086498,-0.0013717805272783253,0.999999977352036,C0,-0.11889507211892966,0.6625316170792699,0.6710855075368382,KNOWN_PARENT_PATH,INCOMING_PATH,True
M4_ASYMMETRIC_CROSS,C2,O63,4.016666666666658,240,3,0.9921939965954938,0.12470394187779794,0.9921939965954938,0.12470394187779794,-0.12470394187779794,0.9921939965954938,46.80691465435724,-1.8153307973900752,252.35330967136412,-1.4005726710252158,52.085680843872325,-43.8152872045469,41.52814846484217,40.18462560976675,84.66077511307444,1.0078663703937434,103.1578962325107,7.14731963766431,-0.9923641294878874,-0.9991946692023298,0.12334275214112554,0.5576440924701106,0.9999990591086498,0.0013717805272783253,-0.9999990591086498,-0.0013717805272783253,0.999999977352036,C2,0.9999986330459943,0.0037441003517852942,0.0054275058410100056,MERGE_EXISTING,FORWARD,True
M4_ASYMMETRIC_CROSS,C1,O64,4.016666666666658,240,5,0.003216536795800906,0.9999948269321404,0.003216536795800906,0.9999948269321404,-0.9999948269321404,0.003216536795800906,9.978118007482873,40.28610796861661,215.52451302448975,40.70086609498147,41.52814846484217,40.18462560976675,-21.57191244987642,40.38759032746648,63.100387337304255,0.7511950873488602,108.49658647496221,0.18429430083702414,-0.004588307200353826,-0.24174812299562526,0.9999894736631157,0.4940882562504497,0.9999990591086498,0.0013717805272783253,-0.9999990591086498,-0.0013717805272783253,0.999999977352036,C1,0.9998046829663907,0.005673784540457636,0.009795096137737509,MERGE_EXISTING,RIGHT,True
M4_ASYMMETRIC_CROSS,C0,O65,4.116666666666657,246,0,-0.002153566813042948,-0.9999976810723022,-0.002153566813042948,-0.9999976810723022,0.9999976810723022,-0.002153566813042948,5.988258230217763,-44.21131503477547,215.46129434081712,-43.79341297146466,-36.37002756922404,-44.12009342468408,48.34654402965957,-44.30253664486685,84.7167680509435,1.0085329529874225,105.3849844364486,0.12339038466460295,0.003443638801325407,-0.13294217611690035,0.9999940706583244,0.5311311376613262,0.9999991678506148,0.001290076771966517,-0.9999991678506148,-0.001290076771966517,0.9999999541208379,C0,0.9999969406398743,0.006023565486033271,0.00618987883882053,MERGE_EXISTING,LEFT,True
M4_ASYMMETRIC_CROSS,KNOWN_PARENT_PATH,O66,4.116666666666657,246,2,-0.9922594912008313,0.12418173022577632,-0.9922594912008313,0.12418173022577632,0.12418173022577632,0.9922594912008313,-31.07660935789953,-1.8236585825173641,178.39642675269982,-1.4057565192065558,-36.37002756922404,-44.12009342468408,-25.78319114657502,40.47277625964935,85.25276949677674,1.0149139225806754,118.86992804683744,7.133504200733597,0.992098461527039,0.9983573505341065,0.12546171780938736,0.021253072687090018,0.9999991678506148,0.001290076771966517,-0.9999991678506148,-0.001290076771966517,0.9999999541208379,C0,-0.11958906006425996,0.6649100587209752,0.6708617455011042,KNOWN_PARENT_PATH,INCOMING_PATH,True
M4_ASYMMETRIC_CROSS,C2,O67,4.116666666666657,246,3,0.9919067348425735,0.12696861570460796,0.9919067348425736,0.126968615704608,-0.12696861570460796,0.9919067348425735,42.93721832090392,-2.043695184747861,252.4102544315033,-1.6257931214370527,48.34654402965957,-44.30253664486685,37.52789261214828,40.215146275371126,85.2072880961453,1.014372477335063,107.01417201977925,7.294455101746223,-0.9920697086898832,-0.9988070041780498,0.12568887420917493,0.5117360473835804,0.9999991678506148,0.001290076771966517,-0.9999991678506148,-0.001290076771966517,0.9999999541208379,C2,0.9999922528835861,0.004800553655293317,0.0050832461056047155,MERGE_EXISTING,FORWARD,True
M4_ASYMMETRIC_CROSS,C1,O68,4.116666666666657,246,5,0.004069237737943989,0.9999917206178419,0.00406923773794399,0.999991720617842,-0.9999917206178419,0.004069237737943989,5.872350732786629,40.34396126751024,215.345386843386,40.76186333082104,37.52789261214828,40.215146275371126,-25.78319114657502,40.47277625964935,63.311607939720474,0.7537096183300056,109.23089755852814,0.22838781462505153,-0.005359300442658216,-0.14531574890418472,0.9999856388462611,0.48534645763656964,0.9999991678506148,0.001290076771966517,-0.9999991678506148,-0.001290076771966517,0.9999999541208379,C1,0.9997874670180631,0.004370648845872102,0.00852355091193639,MERGE_EXISTING,RIGHT,True
M4_ASYMMETRIC_CROSS,C0,O69,4.216666666666657,252,0,-0.0006817612539560954,-0.9999997676007693,-0.0006817612539560955,-0.9999997676007694,0.9999997676007693,-0.0006817612539560954,2.544916613336852,-44.01514782461686,215.79785173167846,-43.59488644818437,-39.73261793693803,-43.986324632949206,44.82245116361173,-44.043971016284516,84.55508875108734,1.0066081994177065,105.91134115680414,0.01568101271634248,0.0018159095868256416,-0.05659040906704276,0.9999983512348269,0.5248649862285222,0.9999993568527765,0.0011341490349177671,-0.9999993568527765,-0.0011341490349177671,0.9999999399441004,C0,0.9999922168701609,0.00955216131402178,0.00975680227948022,MERGE_EXISTING,LEFT,True
M4_ASYMMETRIC_CROSS,KNOWN_PARENT_PATH,O70,4.216666666666657,252,3,-0.9923133538806694,0.12375058670607397,-0.9923133538806694,0.12375058670607397,0.12375058670607397,0.9923133538806694,-34.482646017966374,-1.8886071080399347,178.77028910037524,-1.4683457316074424,-39.73261793693803,-43.986324632949206,-29.23267409899472,40.209110416869336,84.8476287460538,1.0100908184054025,115.4656734073341,7.108609469642275,0.9921723640686079,0.9985648832602639,0.12487593834886751,0.022000734745122926,0.9999993568527765,0.0011341490349177671,-0.9999993568527765,-0.0011341490349177671,0.9999999399441004,C0,-0.11915767192900728,0.6614369701198844,0.670384539376508,KNOWN_PARENT_PATH,INCOMING_PATH,True
M4_ASYMMETRIC_CROSS,C2,O71,4.216666666666657,252,4,0.9915019091274501,0.13009213733589636,0.9915019091274502,0.1300921373358964,-0.13009213733589636,0.9915019091274501,39.2948866998753,-1.9154394166467767,252.5478218182169,-1.4951780402142845,44.82245116361173,-44.043971016284516,33.76732223613887,40.21309218299096,84.9792243702527,1.0116574329791987,110.65845670395122,7.474916611064003,-0.9916488153177601,-0.9987582016808807,0.1289675427341434,0.4683517059053425,0.9999993568527765,0.0011341490349177671,-0.9999993568527765,-0.0011341490349177671,0.9999999399441004,C2,0.9999748949633688,0.006015556365843535,0.006738336100108953,MERGE_EXISTING,FORWARD,True
M4_ASYMMETRIC_CROSS,C1,O72,4.216666666666657,252,8,-6.320264040162947e-05,0.9999999980027132,-6.320264040162947e-05,0.9999999980027132,-0.9999999980027132,-6.320264040162947e-05,2.267324068572073,40.21110129993015,215.52025918691368,40.63136267636264,33.76732223613887,40.21309218299096,-29.23267409899472,40.209110416869336,62.99999646096265,0.749999957868603,109.7250272975242,0.00036086206728214165,-0.0010709464328995195,-0.057428418615390116,0.9999994265367047,0.47946396074375947,0.9999993568527765,0.0011341490349177671,-0.9999993568527765,-0.0011341490349177671,0.9999999399441004,C1,0.9998641247807368,0.0064052591358966255,0.009701443605097752,MERGE_EXISTING,RIGHT,True
M4_ASYMMETRIC_CROSS,C0,O73,4.316666666666657,258,0,-5.404849363014365e-07,-0.999999999999854,-5.404849363014365e-07,-0.999999999999854,0.999999999999854,-5.404849363014365e-07,-1.456092832295031,-43.822675148333346,215.497472240788,-43.400279468978844,-43.64357461997966,-43.82265234663494,40.7313889553896,-43.82269795003175,84.37496357538159,1.004463852087876,106.15314077961098,3.096750573661211e-05,0.0009626234171063369,0.03417013744804394,0.999999536677971,0.5216883367615124,0.9999995371981084,0.0009620829324203134,-0.9999995371981084,-0.0009620829324203134,0.9999999498749902,C0,0.9999892971511003,0.006413791228400081,0.006940937115620045,MERGE_EXISTING,LEFT,True
M4_ASYMMETRIC_CROSS,KNOWN_PARENT_PATH,O74,4.316666666666657,258,2,-0.9925765149962607,0.1216217985308472,-0.9925765149962607,0.1216217985308472,0.1216217985308472,0.9925765149962607,-38.48233509310285,-1.700884665745125,178.4712299799802,-1.2784889863906255,-43.64357461997966,-43.82265234663494,-33.32109556622604,40.42088301514469,84.87359320817399,1.0103999191449284,111.48009445930556,6.985710428174173,0.9924590453733951,0.9990666678778806,0.12257668316824792,0.019738476824035827,0.9999995371981084,0.0009620829324203134,-0.9999995371981084,-0.0009620829324203134,0.9999999498749902,C0,-0.11702768885532401,0.6654730819517815,0.671509275318915,KNOWN_PARENT_PATH,INCOMING_PATH,True
M4_ASYMMETRIC_CROSS,C2,O75,4.316666666666657,258,3,0.9922067325936725,0.12460256737237937,0.9922067325936725,0.12460256737237937,-0.12460256737237937,0.9922067325936725,35.456982085327546,-1.8227446804175784,252.4105471584106,-1.4003490010630788,40.7313889553896,-43.82269795003175,30.182575215265498,40.177208589196596,84.65968208021413,1.0078533580977873,114.49619771391761,7.139114092970715,-0.9923261514019246,-0.9986314073780357,0.1236479245432146,0.42266431292955237,0.9999995371981084,0.0009620829324203134,-0.9999995371981084,-0.0009620829324203134,0.9999999498749902,C2,0.9999987967620982,0.004416475902294191,0.005915359235238,MERGE_EXISTING,FORWARD,True
M4_ASYMMETRIC_CROSS,C1,O76,4.316666666666657,258,5,0.003837142468345743,0.9999926381417403,0.003837142468345743,0.9999926381417403,-0.9999926381417403,0.003837142468345743,-1.569260175480272,40.29904580217064,215.38430489760276,40.72144148152514,30.182575215265498,40.177208589196596,-33.32109556622604,40.42088301514469,63.50413828995653,0.7560016463090063,109.67041197750967,0.21985260833477582,-0.004799216542211081,0.03794951796212509,0.9999884836939777,0.4797613313723011,0.9999995371981084,0.0009620829324203134,-0.9999995371981084,-0.0009620829324203134,0.9999999498749902,C1,0.9997922250102236,0.004909757156009883,0.008185757898538662,MERGE_EXISTING,RIGHT,True
M4_ASYMMETRIC_CROSS,C0,O77,4.416666666666656,264,0,0.0004626543043467455,-0.9999998929754916,0.0004626543043467455,-0.9999998929754916,0.9999998929754916,0.0004626543043467455,-5.158100262718833,-43.888203975105085,215.5130091880261,-43.463572343953956,-47.158089638399815,-43.90763545305191,36.84188911296215,-43.86877249715827,83.99998774141936,0.9999998540645162,105.80972452585648,0.02079089692770708,0.00034898907274627197,0.11753083852086468,0.9999999391033116,0.5224419296203642,0.999999670617513,0.0008116433115685185,-0.999999670617513,-0.0008116433115685185,0.9999999723142486,C0,0.9999870468527311,0.006359286851328994,0.007326335019972037,MERGE_EXISTING,LEFT,True
M4_ASYMMETRIC_CROSS,KNOWN_PARENT_PATH,O78,4.416666666666656,264,2,-0.9929116813680537,0.11885450350266322,-0.9929116813680537,0.11885450350266322,0.11885450350266322,0.9929116813680537,-42.10951937714957,-1.7318302553093226,178.56159007359537,-1.307198624158195,-47.158089638399815,-43.90763545305191,-37.06094911589932,40.443974942433265,84.9537899274826,1.0113546419938406,107.85488334091671,6.825997342591094,0.9928148868575171,0.9991883870222704,0.1196603544792319,0.02008085440434878,0.999999670617513,0.0008116433115685185,-0.999999670617513,-0.0008116433115685185,0.9999999723142486,C0,-0.11425887258447545,0.6645117484905538,0.6729436686774634,KNOWN_PARENT_PATH,INCOMING_PATH,True
M4_ASYMMETRIC_CROSS,C2,O79,4.416666666666656,264,3,0.992322820622134,0.12367465250621124,0.992322820622134,0.12367465250621124,-0.12367465250621124,0.992322820622134,31.591858526923215,-1.744335080776711,252.26296797766813,-1.3197034496255835,36.84188911296215,-43.86877249715827,26.34182794088428,40.380102335604846,84.9006725250393,1.0107222919647536,118.36002164888289,7.10422507997265,-0.9924228734728927,-0.9984340694753187,0.12286919958967187,0.37666640894187026,0.999999670617513,0.0008116433115685185,-0.999999670617513,-0.0008116433115685185,0.9999999723142486,C2,0.9999998101895993,0.0030786092356354317,0.0038171993327576837,MERGE_EXISTING,FORWARD,True
M4_ASYMMETRIC_CROSS,C1,O80,4.416666666666656,264,5,0.0010074097284393467,0.9999994925626907,0.001007409728439347,0.9999994925626908,-0.9999994925626907,0.0010074097284393467,-5.35956058750752,40.41203863901906,215.3115488632374,40.83667027017019,26.34182794088428,40.380102335604846,-37.06094911589932,40.443974942433265,63.402809229734515,0.7547953479730299,109.23411037824965,0.03737444291326142,-0.0018190522963266453,0.13066705303670992,0.9999983455230027,0.4811336005766412,0.999999670617513,0.0008116433115685185,-0.999999670617513,-0.0008116433115685185,0.9999999723142486,C1,0.9998459034636697,0.0034620248824052393,0.007110968344785476,MERGE_EXISTING,RIGHT,True
M4_ASYMMETRIC_CROSS,C0,O81,4.516666666666656,270,0,0.0028945798125722764,-0.9999958106950791,0.002894579812572277,-0.9999958106950793,0.9999958106950791,0.0028945798125722764,-9.291447536011923,-43.94944363733531,215.18485754575767,-43.52276198492441,-51.60584539876717,-44.07192655228827,33.02295032674333,-43.826960722382346,84.62915026282614,1.0074898840812636,105.07912964616808,0.16584743831938908,-0.0022076454233184275,0.20751236009096138,0.9999975631478734,0.5231443213351417,0.9999997640590369,0.0006869365840907124,-0.9999997640590369,-0.0006869365840907124,0.9999999886693925,C0,0.9999717117141416,0.002416753579817083,0.004417504889602264,MERGE_EXISTING,LEFT,True
M4_ASYMMETRIC_CROSS,KNOWN_PARENT_PATH,O82,4.516666666666656,270,2,-0.9914264073091675,0.13066628826915028,-0.9914264073091675,0.13066628826915028,0.13066628826915028,0.9914264073091675,-46.043267488235514,-1.8660392781658466,178.4330375935341,-1.4393576257549465,-51.60584539876717,-44.07192655228827,-40.48068957770385,40.339847995956575,85.14174519251208,1.0135922046727628,103.91893465227976,7.508096251585499,0.9913364139373467,0.9992073344647209,0.13134730450923465,0.021653327371317355,0.9999997640590369,0.0006869365840907124,-0.9999997640590369,-0.0006869365840907124,0.9999999886693925,C0,-0.12607740349838722,0.664322298218174,0.6678861805117061,KNOWN_PARENT_PATH,INCOMING_PATH,True
M4_ASYMMETRIC_CROSS,C2,O83,4.516666666666656,270,3,0.992794047243115,0.1198331329751311,0.992794047243115,0.1198331329751311,-0.1198331329751311,0.992794047243115,27.93976570302839,-1.713771238224961,252.416070784798,-1.287089585814061,33.02295032674333,-43.826960722382346,22.85658107931345,40.399418245932424,84.83771553848716,1.009972804029609,122.007723933251,6.882472310792025,-0.9928761307653582,-0.9980818205747866,0.1191511181500675,0.333241381747012,0.9999997640590369,0.0006869365840907124,-0.9999997640590369,-0.0006869365840907124,0.9999999886693925,C2,0.9999947051538254,0.004870987194736808,0.005851832047957507,MERGE_EXISTING,FORWARD,True
M4_ASYMMETRIC_CROSS,C1,O84,4.516666666666656,270,5,-0.000940524007593246,0.9999995577071977,-0.0009405240075932461,0.9999995577071978,-0.9999995577071977,-0.000940524007593246,-8.8120542491952,40.3696331209445,215.6642508325744,40.7963147733554,22.85658107931345,40.399418245932424,-40.48068957770385,40.339847995956575,63.337298670648615,0.7540154603648644,108.67979213011606,0.028154896447176725,0.0002535875054215002,0.21259139885876405,0.999999967846688,0.4806507632348856,0.9999997640590369,0.0006869365840907124,-0.9999997640590369,-0.0006869365840907124,0.9999999886693925,C1,0.9998782020110586,0.005755372524386437,0.008523096355084605,MERGE_EXISTING,RIGHT,True
M4_ASYMMETRIC_CROSS,C0,O85,4.616666666666656,276,0,-0.0020876954594833876,-0.9999978207614597,-0.0020876954594833876,-0.9999978207614597,0.9999978207614597,-0.0020876954594833876,-13.083485812278353,-44.23098774020934,215.29772478527119,-43.80296633456085,-55.49847960485813,-44.14243795728346,29.331507980301428,-44.31953752313523,84.83017245034074,1.0098830053611993,103.87454198086877,0.11961622562779439,0.0026592536221646803,0.2841980305549029,0.9999964641788355,0.5264808596172559,0.9999998366597131,0.0005715597492511013,-0.9999998366597131,-0.0005715597492511013,0.9999999919464881,C0,0.9999967755304217,0.004361870283024173,0.004736408162682783,MERGE_EXISTING,LEFT,True
M4_ASYMMETRIC_CROSS,KNOWN_PARENT_PATH,O86,4.616666666666656,276,2,-0.9916237661720105,0.12916000295307353,-0.9916237661720105,0.12916000295307353,0.12916000295307353,0.9916237661720105,-50.00747220765801,-1.9853203450437178,178.3737383898915,-1.557298939395226,-55.49847960485813,-44.14243795728346,-44.51646481045789,40.17179726719603,85.02643653848656,1.0122194826010305,99.95313422928331,7.402614525249405,0.991549781540999,0.9992353766513522,0.1297267540871863,0.023056999134207445,0.9999998366597131,0.0005715597492511013,-0.9999998366597131,-0.0005715597492511013,0.9999999919464881,C0,-0.12457022109711767,0.6637257246800521,0.6680334631450758,KNOWN_PARENT_PATH,INCOMING_PATH,True
M4_ASYMMETRIC_CROSS,C2,O87,4.616666666666656,276,3,0.9921397486077838,0.12513480424120052,0.9921397486077838,0.12513480424120052,-0.12513480424120052,0.9921397486077838,24.0032221339889,-2.0738632510818142,252.38443273153842,-1.6458418454333223,29.331507980301428,-44.31953752313523,18.674936287676367,40.1718110209716,85.16073331672176,1.0138182537704972,125.9073542009641,7.170535973307608,-0.9922111085687274,-0.996238980008431,0.12456771665570938,0.2868172118932844,0.9999998366597131,0.0005715597492511013,-0.9999998366597131,-0.0005715597492511013,0.9999999919464881,C2,0.9999978207185082,0.004633985162472863,0.0048350967056697,MERGE_EXISTING,FORWARD,True
M4_ASYMMETRIC_CROSS,C1,O88,4.616666666666656,276,5,-2.1765264477772993e-07,0.9999999999999762,-2.1765264477772996e-07,0.9999999999999764,-0.9999999999999762,-2.1765264477772993e-07,-12.920764261390762,40.171804144083815,215.46044633615878,40.59982554973231,18.674936287676367,40.1718110209716,-44.51646481045789,40.17179726719603,63.191401098135756,0.7522785845016161,101.48108804097814,1.2470577985368436e-05,-0.0005713420966418615,0.30564540636665866,0.9999998367840909,0.4783130015833064,0.9999998366597131,0.0005715597492511013,-0.9999998366597131,-0.0005715597492511013,0.9999999919464881,C1,0.9998630845343431,0.006525336322395558,0.008936491558041661,MERGE_EXISTING,RIGHT,True
M4_ASYMMETRIC_CROSS,C0,O89,4.716666666666655,282,0,0.003131751807830794,-0.9999950960532827,0.003131751807830794,-0.9999950960532827,0.9999950960532827,0.003131751807830794,-17.18407340267575,-43.961483661760695,215.16161504219042,-43.53284068544852,-59.59631438720142,-44.094308925506155,25.228167581849917,-43.828658398015236,84.82489794583115,1.0098202136408472,102.79931754252063,0.17943645438687383,-0.002668206411726836,0.36449578457790327,0.9999964403309365,0.5232641467111941,0.9999998925619292,0.00046354733284600686,-0.9999998925619292,-0.00046354733284600686,0.9999999850004624,C0,0.9999698996478652,0.0021154486652647966,0.004476679895023268,MERGE_EXISTING,LEFT,True
M4_ASYMMETRIC_CROSS,KNOWN_PARENT_PATH,O90,4.716666666666655,282,3,-0.991284710197576,0.1317369474692179,-0.9912847101975761,0.13173694746921794,0.1317369474692179,0.991284710197576,-53.98189446928095,-1.847325613829394,178.36379397558522,-1.418682637517219,-59.59631438720142,-44.094308925506155,-48.36747455136049,40.39965769784737,85.23683030126911,1.0147241702532037,95.9865059229076,7.569975409831471,0.9912235373852225,0.9994307147651479,0.13219644069915754,0.0214067397006199,0.9999998925619292,0.00046354733284600686,-0.9999998925619292,-0.00046354733284600686,0.9999999850004624,C0,-0.1271487068914987,0.6650485022562316,0.668056142906055,KNOWN_PARENT_PATH,INCOMING_PATH,True
M4_ASYMMETRIC_CROSS,C2,O91,4.716666666666655,282,4,0.9921409732366971,0.12512509430541688,0.9921409732366971,0.12512509430541688,-0.12512509430541688,0.9921409732366971,19.93027358433809,-1.8206364582572476,252.27596202920427,-1.3919934819450726,25.228167581849917,-43.828658398015236,14.632379586826264,40.18738548150074,84.68155851423757,1.0081137918361616,129.98674133831025,7.1879798745752055,-0.9921988680467224,-0.9958112183921056,0.12466517656026702,0.23825307930583053,0.9999998925619292,0.00046354733284600686,-0.9999998925619292,-0.00046354733284600686,0.9999999850004624,C2,0.9999978411027952,0.002869110465673861,0.0047671650675235175,MERGE_EXISTING,FORWARD,True
M4_ASYMMETRIC_CROSS,C1,O92,4.716666666666655,282,8,0.0033693889344176154,0.9999943235929935,0.003369388934417616,0.9999943235929936,-0.9999943235929935,0.0033693889344176154,-16.867547482267113,40.29352158967406,215.47814096259907,40.72216456598623,14.632379586826264,40.18738548150074,-48.36747455136049,40.39965769784737,63.00021175303016,0.7500025208694067,80.10587740024022,0.19190716586822987,-0.0038329332739796473,0.3857200360477359,0.9999926542842786,0.4797692970530329,0.9999998925619292,0.00046354733284600686,-0.9999998925619292,-0.00046354733284600686,0.9999999850004624,C1,0.9998016503770992,0.0052146550586051905,0.009866353012904928,MERGE_EXISTING,RIGHT,True
M4_ASYMMETRIC_CROSS,C0,O93,4.816666666666655,288,1,0.0010617505942458676,-0.999999436342679,0.0010617505942458676,-0.999999436342679,0.999999436342679,0.0010617505942458676,-20.761784057485237,-43.8731629305738,215.5407137840608,-43.44454277951797,-62.816370253580246,-43.91781443762642,21.292802138609773,-43.828511423521185,84.10921980096752,1.0013002357258038,100.09858903350843,0.06083383937560427,-0.0007049700497400016,0.4280681947379169,0.9999997515085836,0.5222155769087733,0.9999999363537718,0.00035678067803148654,-0.9999999363537718,-0.00035678067803148654,0.999999972793991,C0,0.9999838181120329,0.006736344203196935,0.0076680865981848,MERGE_EXISTING,LEFT,True
M4_ASYMMETRIC_CROSS,KNOWN_PARENT_PATH,O94,4.816666666666655,288,3,-0.9930556653113144,0.11764542317108168,-0.9930556653113144,0.11764542317108168,0.11764542317108168,0.9930556653113144,-57.81461340688353,-1.6975321755726576,178.48788443466253,-1.2689120245168248,-62.816370253580246,-43.91781443762642,-52.812856560186816,40.5227500864811,85.03104858440753,1.0122743879096134,92.16047079311156,6.756232659250543,0.9930136284932206,0.9995796329372004,0.11799971875698702,0.01962457528319802,0.9999999363537718,0.00035678067803148654,-0.9999999363537718,-0.00035678067803148654,0.999999972793991,C0,-0.11304913896016686,0.6654298835605233,0.673631042312388,KNOWN_PARENT_PATH,INCOMING_PATH,True
M4_ASYMMETRIC_CROSS,C2,O95,4.816666666666655,288,7,0.992191110526178,0.12472690244221381,0.992191110526178,0.12472690244221381,-0.12472690244221381,0.992191110526178,16.013046644862406,-1.8285389711073456,252.31554448640847,-1.399918820051513,21.292802138609773,-43.828511423521185,10.73329115111504,40.171433481306494,84.66105371603349,1.0078696870956367,133.88289053150666,7.136925373525543,-0.9922355475257782,-0.9935027909080364,0.12437289988666657,0.19187035081539694,0.9999999363537718,0.00035678067803148654,-0.9999999363537718,-0.00035678067803148654,0.999999972793991,C2,0.9999985945152909,0.003304450936490055,0.005131104051406811,MERGE_EXISTING,FORWARD,True
M4_ASYMMETRIC_CROSS,C1,O96,4.816666666666655,288,9,0.005528442699087295,0.9999847180438924,0.005528442699087295,0.9999847180438924,-0.9999847180438924,0.005528442699087295,-21.039782704535888,40.3470917838938,215.26271513701016,40.77571193494963,10.73329115111504,40.171433481306494,-52.812856560186816,40.5227500864811,63.547118835582665,0.7565133194712222,65.93337307562908,0.31675804750011594,-0.005885217572947594,0.46206177858555686,0.9999826819571023,0.48040824057899834,0.9999999363537718,0.00035678067803148654,-0.9999999363537718,-0.00035678067803148654,0.999999972793991,C1,0.9997563192250571,0.004228677274898273,0.008477021590588659,MERGE_EXISTING,RIGHT,True
M4_ASYMMETRIC_CROSS,C0,O97,4.9166666666666545,294,1,0.006805589702861981,-0.9999768417062449,0.006805589702861981,-0.9999768417062449,0.9999768417062449,0.006805589702861981,-24.772348627819973,-44.11551706558795,215.4148617392325,-43.6875908419994,-67.08664471484471,-44.403497472456515,17.541947459204764,-43.82753665871938,84.63055207323504,1.007506572300417,86.95281953060274,0.3899345771494893,-0.00657722531206691,0.4898201658061036,0.9999783698196648,0.5251081440759137,0.999999973923685,0.00022836950197838165,-0.999999973923685,-0.00022836950197838165,0.9999999614681259,C0,0.9999346460703951,0.005110758691481356,0.00767023717462278,MERGE_EXISTING,LEFT,True
M4_ASYMMETRIC_CROSS,KNOWN_PARENT_PATH,O98,4.9166666666666545,294,3,-0.9927092401869466,0.12053366520377222,-0.9927092401869466,0.12053366520377222,0.12053366520377222,0.9927092401869466,-61.93242265552975,-1.9535822922681092,178.25478771152274,-1.5256560686795617,-67.08664471484471,-44.403497472456515,-56.77820059621478,40.496332887920296,85.52336064121707,1.0181352457287747,88.03677332678811,6.922902904589193,0.9926816880876536,0.9995100401372502,0.12076036657548923,0.02267951346767299,0.999999973923685,0.00022836950197838165,-0.999999973923685,-0.00022836950197838165,0.9999999614681259,C0,-0.1159389530367612,0.6649404307438297,0.6732819876510571,KNOWN_PARENT_PATH,INCOMING_PATH,True
M4_ASYMMETRIC_CROSS,C2,O99,4.9166666666666545,294,7,0.9922173535985821,0.12451796343430235,0.9922173535985821,0.12451796343430235,-0.12451796343430235,0.9922173535985821,12.271205730783397,-1.8278021221426641,252.45841609783588,-1.3998758985541166,17.541947459204764,-43.82753665871938,7.000464002362031,40.17193241443405,84.65833495907269,1.0078373209413416,137.59341502729617,6.931408043937438,-0.9922457638305068,-0.9890544435501484,0.1242913680044371,0.1476974401512362,0.999999973923685,0.00022836950197838165,-0.999999973923685,-0.00022836950197838165,0.9999999614681259,C2,0.9999989254014615,0.0049811480603020415,0.006352937082352385,MERGE_EXISTING,FORWARD,True
M4_ASYMMETRIC_CROSS,C1,O100,4.9166666666666545,294,9,0.0050862820558837795,0.9999870647837641,0.0050862820558837795,0.9999870647837641,-0.9999870647837641,0.0050862820558837795,-24.888868296926375,40.33413265117717,215.2983420701261,40.76205887476572,7.000464002362031,40.17193241443405,-56.77820059621478,40.496332887920296,63.779489600066206,0.7592796380960263,58.62947297482213,0.2914237517594245,-0.005314648471221778,0.5249412411548923,0.9999858771560863,0.48024546024864906,0.999999973923685,0.00022836950197838165,-0.999999973923685,-0.00022836950197838165,0.9999999614681259,C1,0.9997659822919341,0.004353304753243884,0.00821627814803068,MERGE_EXISTING,RIGHT,True
M4_ASYMMETRIC_CROSS,C0,O101,5.016666666666654,300,0,-0.001789225950558243,-0.9999983993339678,-0.001789225950558243,-0.9999983993339678,0.9999983993339678,-0.001789225950558243,-28.270343479314548,-44.01326816378043,215.6920625310289,-43.586653944318655,-70.44045361952092,-43.93781618760626,13.89976666089183,-44.0887201399546,84.34035528115459,1.0040518485851737,77.02388244115879,0.061288961101766404,0.0018603314773392732,0.5404940873931132,0.9999982695819,0.5239084124474778,0.9999999974719936,7.110564512059554e-05,-0.9999999974719936,-7.110564512059554e-05,0.9999999592227466,C0,0.9999959730313676,0.008293484476006932,0.008423732352897926,MERGE_EXISTING,LEFT,True
M4_ASYMMETRIC_CROSS,KNOWN_PARENT_PATH,O102,5.016666666666654,300,2,-0.9923245256168839,0.12366097144704329,-0.9923245256168839,0.12366097144704329,0.12366097144704329,0.9923245256168839,-65.19044115916897,-1.8087914578232116,178.77196485117446,-1.3821772383614341,-70.44045361952092,-43.93781618760626,-59.940428698817016,40.320233271959836,84.90977224128027,1.0108306219200032,84.78447006222393,7.103435149256683,0.9923157301151303,0.9996172640450938,0.12373153100999054,0.020974932353018793,0.9999999974719936,7.110564512059554e-05,-0.9999999974719936,-7.110564512059554e-05,0.9999999592227466,C0,-0.11906800593595845,0.6622021154633156,0.6708615819560072,KNOWN_PARENT_PATH,INCOMING_PATH,True
M4_ASYMMETRIC_CROSS,C2,O103,5.016666666666654,300,3,0.9923651672037272,0.12333440282710359,0.9923651672037274,0.1233344028271036,-0.12333440282710359,0.9923651672037272,8.663660687079933,-1.958308340073632,252.62606669742337,-1.5316941206118546,13.89976666089183,-44.0887201399546,3.4275547132680355,40.17210345980734,84.90909030714059,1.0108225036564356,141.11777122251087,6.066213503149243,-0.9923739344673004,-0.9753769729909287,0.12326383974990421,0.10574081877963257,0.9999999974719936,7.110564512059554e-05,-0.9999999974719936,-7.110564512059554e-05,0.9999999592227466,C2,0.99999996266475,0.006986544469229555,0.007384999690917263,MERGE_EXISTING,FORWARD,True
M4_ASYMMETRIC_CROSS,C1,O104,5.016666666666654,300,5,0.0023376064607908563,0.9999972677942847,0.0023376064607908567,0.9999972677942848,-0.9999972677942847,0.0023376064607908563,-28.25643699277449,40.24616836588359,215.70596901756895,40.67278258534537,3.4275547132680355,40.17210345980734,-59.940428698817016,40.320233271959836,63.36815654692454,0.7543828160348159,55.32809332330166,0.1339351063452625,-0.002408711905726718,0.5745516439689538,0.9999970990492697,0.47917985617383496,0.9999999974719936,7.110564512059554e-05,-0.9999999974719936,-7.110564512059554e-05,0.9999999592227466,C1,0.9998216675842638,0.007162001573705672,0.010035753909869157,MERGE_EXISTING,RIGHT,True
M4_ASYMMETRIC_CROSS,C0,O105,5.116666666666654,306,1,0.004093509724818124,-0.9999916215539673,0.004093509724818124,-0.9999916215539673,0.9999916215539673,0.004093509724818124,-32.47871625910159,-43.998516893594356,215.15227189621723,-43.57362552399879,-75.00054708080043,-44.172581879974146,10.043114562597246,-43.824451907214566,85.04437418309716,1.012433025989252,71.3697592219037,0.23454148565926403,-0.004185439920472582,0.5938211865860547,0.999991241007976,0.523749616453562,0.9999999957743471,-9.193098319099038e-05,-0.9999999957743471,9.193098319099038e-05,0.999999965076197,C0,0.9999619749805746,0.0018853683876253221,0.005358331761475162,MERGE_EXISTING,LEFT,True
M4_ASYMMETRIC_CROSS,KNOWN_PARENT_PATH,O106,5.116666666666654,306,3,-0.9916288680937118,0.12912082699233357,-0.9916288680937118,0.12912082699233357,0.12912082699233357,0.9916288680937118,-69.47246433972023,-1.7177234426809562,178.15852381559858,-1.2928320730853933,-75.00054708080043,-44.172581879974146,-63.94438159864002,40.737134994612234,85.62650766492426,1.0193631864871935,80.5063033415315,7.418791236507104,0.9916407341080081,0.9996921947550892,0.12902966502990934,0.0199071644737706,0.9999999957743471,-9.193098319099038e-05,-0.9999999957743471,9.193098319099038e-05,0.999999965076197,C0,-0.1245310219483758,0.667782610322351,0.6711901231820082,KNOWN_PARENT_PATH,INCOMING_PATH,True
M4_ASYMMETRIC_CROSS,C2,O107,5.116666666666654,306,7,0.9929283000580351,0.11871558846192327,0.9929283000580351,0.11871558846192327,-0.11871558846192327,0.9929283000580351,5.021557281298623,-1.8245224997710814,252.65254543661743,-1.3996311301755184,10.043114562597246,-43.824451907214566,0.0,40.175406907672404,84.59811127346991,1.0071203723032132,122.79179351676642,6.9264315989931475,-0.9929173822214973,-0.9399148498330383,0.11880686883513489,0.06360410240401979,0.9999999957743471,-9.193098319099038e-05,-0.9999999957743471,9.193098319099038e-05,0.999999965076197,C2,0.9999904088581879,0.007277586597694429,0.008498014973764196,MERGE_EXISTING,FORWARD,True
M4_ASYMMETRIC_CROSS,C1,O108,5.116666666666654,306,9,0.008784296601564772,0.9999614173222964,0.008784296601564772,0.9999614173222964,-0.9999614173222964,0.008784296601564772,-31.97219079932001,40.456270951142315,215.65879735599881,40.88116232073788,0.0,40.175406907672404,-63.94438159864002,40.737134994612234,63.94684883929895,0.7612720099916542,51.73004863480462,0.503309594288055,-0.008692369128197888,0.6201109352023166,0.9999622206458297,0.4816608902558744,0.9999999957743471,-9.193098319099038e-05,-0.9999999957743471,9.193098319099038e-05,0.999999965076197,C1,0.999679145487586,0.005063588136634103,0.01047524136835711,MERGE_EXISTING,RIGHT,True
M4_ASYMMETRIC_CROSS,C0,O109,5.2166666666666535,312,0,-0.31101833018498404,-0.9504039132331812,-0.31101833018498404,-0.9504039132331812,0.9504039132331812,-0.31101833018498404,-36.03685304780592,-58.1963481953636,215.20000442244702,-57.77315676398427,-78.37746133553472,-44.340444294602854,6.3037552399228725,-72.05225209612433,89.10023979949786,1.0607171404702125,78.16853192221707,18.12061050672348,0.31080512091680496,0.5262752184953086,0.9504736591888752,0.6927919538778994,0.9999999748386548,-0.00022432719349210336,-0.9999999748386548,0.00022432719349210336,0.9999999755337491,C0,0.9518328695653193,0.16879479994470273,0.1689314650378802,MERGE_EXISTING,LEFT,True
M4_ASYMMETRIC_CROSS,C0,O110,5.2166666666666535,312,1,2.5874514302162625e-05,-0.9999999996652548,2.5874514302162625e-05,-0.9999999996652548,0.9999999996652548,2.5874514302162625e-05,-35.877573871297365,-44.339344630656456,215.35928359895559,-43.916153199277126,-78.37746133553472,-44.340444294602854,6.622313592939985,-44.33824496671005,84.99977495692798,1.0119020828205711,66.42391951304643,0.0014825004666363384,-0.00025020170706813595,0.628852423242783,0.9999999686995523,0.5278287435435484,0.9999999748386548,-0.00022432719349210336,-0.9999999748386548,0.00022432719349210336,0.9999999755337491,C0,0.9999891745901479,0.005770332903939214,0.006671172205867569,MERGE_EXISTING,LEFT,True
M4_ASYMMETRIC_CROSS,KNOWN_PARENT_PATH,O111,5.2166666666666535,312,3,-0.991385615656546,0.13097542162287962,-0.9913856156565461,0.13097542162287965,0.13097542162287962,0.991385615656546,-72.7868224222997,-2.0235047326938336,178.45003504795324,-1.6003133013145021,-78.37746133553472,-44.340444294602854,-67.19618350906467,40.29343482921519,85.36928293817253,1.0163009873591968,77.18505586255921,7.525961824445403,0.9914149720606994,0.9996075328487621,0.13075302357453314,0.023569578227519195,0.9999999748386548,-0.00022432719349210336,-0.9999999748386548,0.00022432719349210336,0.9999999755337491,C0,-0.12638672229212933,0.6627430843798758,0.6689254403181085,KNOWN_PARENT_PATH,INCOMING_PATH,True
M4_ASYMMETRIC_CROSS,KNOWN_PARENT_PATH,O112,5.2166666666666535,312,5,-0.9961946980917454,-0.08715574274765814,-0.9961946980917455,-0.08715574274765815,-0.08715574274765814,0.9961946980917454,1.394359011392091,-15.937596429038205,252.63121648164503,-15.514404997658874,6.3037552399228725,-72.05225209612433,-3.5150372171386906,40.177059238047924,112.65800907107055,1.3411667746556017,56.32900453553528,5.0,0.9961751216229794,-0.08737921411549705,0.08737921411549704,0.19045804116938767,0.9999999748386548,-0.00022432719349210336,-0.9999999748386548,0.00022432719349210336,0.9999999755337491,C2,-0.9993481220438146,0.16749369585718926,0.17146793406728675,KNOWN_PARENT_PATH,INCOMING_PATH,True
M4_ASYMMETRIC_CROSS,C2,O113,5.2166666666666535,312,7,0.9928830710940675,0.11909327073690171,0.9928830710940675,0.11909327073690171,-0.11909327073690171,0.9928830710940675,1.5536381879006473,-2.080592864331063,252.7904956581536,-1.6574014329517315,6.622313592939985,-44.33824496671005,-3.5150372171386906,40.177059238047924,85.12110505784909,1.0133464887839179,52.275603859873264,6.839775558819142,-0.9928563302526056,-0.5985008197738105,0.11931599841315917,0.030912653731368582,0.9999999748386548,-0.00022432719349210336,-0.9999999748386548,0.00022432719349210336,0.9999999755337491,C2,0.9999920024861204,0.009201545930192371,0.009207641235274138,MERGE_EXISTING,FORWARD,True
M4_ASYMMETRIC_CROSS,C1,O114,5.2166666666666535,312,9,0.001827470195132777,0.9999983301749488,0.001827470195132777,0.9999983301749488,-0.9999983301749488,0.001827470195132777,-35.355610363101675,40.23524703363155,215.88124710715127,40.65843846501088,-3.5150372171386906,40.177059238047924,-67.19618350906467,40.29343482921519,63.68125262847691,0.7581101503390109,48.86202333598858,0.10470638764749651,-0.0016031433302462325,0.6602553231051802,0.9999987149649056,0.4790078821069043,0.9999999748386548,-0.00022432719349210336,-0.9999999748386548,0.00022432719349210336,0.9999999755337491,C1,0.9998311712936417,0.00878052154604275,0.010728455658622042,MERGE_EXISTING,RIGHT,True
M4_ASYMMETRIC_CROSS,KNOWN_PARENT_PATH,O115,5.316666666666653,318,1,-0.9928500474684572,0.1193682673154068,-0.9928500474684572,0.1193682673154068,0.1193682673154068,0.9928500474684572,-76.75483346572051,-1.9580235720210553,178.0892806429951,-1.5361505547974548,-81.8630926337178,-44.44616109374819,-71.64657429772322,40.53011394970608,85.58822680235,1.018907461932738,73.22019590635126,6.855644905088127,0.9928872327049497,0.9996667728977539,0.11905857017244385,0.022803355727430617,0.9999999513524688,-0.0003119215603414333,-0.9999999513524688,0.0003119215603414333,0.9999999882706538,C0,-0.11477291608694651,0.6661442230363013,0.6741326874368037,KNOWN_PARENT_PATH,INCOMING_PATH,True
M4_ASYMMETRIC_CROSS,C1,O116,5.316666666666653,318,2,0.00544906233292793,0.9999851537496403,0.005449062332927931,0.9999851537496404,-0.9999851537496403,0.00544906233292793,-39.3655468480894,40.3542100074481,215.47856726062622,40.776083024671706,-7.084519398455583,40.17830606519012,-71.64657429772322,40.53011394970608,64.56301341792881,0.7686073025943907,45.5596579447984,0.3122098190303859,-0.005137145138368644,0.698506980568667,0.9999868047828565,0.4804111804410691,0.9999999513524688,-0.0003119215603414333,-0.9999999513524688,0.0003119215603414333,0.9999999882706538,C1,0.9997580684168736,0.004629287539491207,0.009624433947242914,MERGE_EXISTING,RIGHT,True
M4_ASYMMETRIC_CROSS,C0,O117,5.416666666666653,324,0,0.008053936743381849,-0.9999675665255017,0.008053936743381849,-0.9999675665255017,0.9999675665255017,0.008053936743381849,-43.12865903230777,-44.16197619911527,215.3760875976272,-43.74107939028286,-85.49242367815435,-44.50318234628531,-0.7648943864611937,-43.82077005194523,84.73027738898409,1.0086937784402867,60.607900240770725,0.461461572805959,-0.008409159200184476,0.6984331486601695,0.9999646423956928,0.5257446469281278,0.9999999369042278,-0.0003552344864606416,-0.9999999369042278,0.0003552344864606416,0.9999999952260595,C0,0.9999195946908187,0.0048497149671936045,0.008006664249271387,MERGE_EXISTING,LEFT,True
M4_ASYMMETRIC_CROSS,KNOWN_PARENT_PATH,O118,5.416666666666653,324,2,-0.9925421407147348,0.1219020053379409,-0.9925421407147349,0.12190200533794092,0.1219020053379409,0.9925421407147348,-80.25818304247166,-1.885307511870284,178.2465635874633,-1.4644107030378706,-85.49242367815435,-44.50318234628531,-75.02394240678896,40.73256732254474,85.87620230154795,1.0223357416850947,69.71967657206905,7.001885448528242,0.9925853818857867,0.9997158061317776,0.1215494124487924,0.021950347817984668,0.9999999369042278,-0.0003552344864606416,-0.9999999369042278,0.0003552344864606416,0.9999999952260595,C0,-0.11730805171791374,0.6655541257051683,0.6743202997759179,KNOWN_PARENT_PATH,INCOMING_PATH,True
M4_ASYMMETRIC_CROSS,C1,O119,5.416666666666653,324,5,0.008610870068216566,0.9999629257710849,0.008610870068216566,0.9999629257710849,-0.9999629257710849,0.008610870068216566,-42.89496731193731,40.45589863529976,215.60977931799766,40.87679544413217,-10.765992217085653,40.17922994805478,-75.02394240678896,40.73256732254474,64.26033259198398,0.7650039594283807,42.87774197472202,0.4933726099957596,-0.008255648208491097,0.7277308914999149,0.9999659215556587,0.48160923924939003,0.9999999369042278,-0.0003552344864606416,-0.9999999369042278,0.0003552344864606416,0.9999999952260595,C1,0.9996835235034681,0.004633589240309409,0.010372484447626893,MERGE_EXISTING,RIGHT,True
M4_ASYMMETRIC_CROSS,C0,O120,5.516666666666652,330,0,0.008180730513809856,-0.9999665372642529,0.008180730513809856,-0.9999665372642529,0.9999665372642529,0.008180730513809856,-46.94439818160947,-44.1666498920235,215.2898021468717,-43.74630640449984,-89.28309968163894,-44.51302298989132,-4.60569668158,-43.820276794155674,84.68023663244038,1.0080980551480998,56.85591960378085,0.4687265600778687,-0.008526507851425265,0.7280893052575432,0.9999636486712203,0.525806282508066,0.9999999402148444,-0.00034578939776089664,-0.9999999402148444,0.00034578939776089664,0.9999999927941062,C0,0.9999179787458675,0.003935102807198358,0.0074575318240605775,MERGE_EXISTING,LEFT,True
M4_ASYMMETRIC_CROSS,KNOWN_PARENT_PATH,O121,5.516666666666652,330,2,-0.9921787983366566,0.12482480575281499,-0.9921787983366567,0.124824805752815,0.12482480575281499,0.9921787983366566,-83.91116593712741,-1.8138276238019735,178.32303439135376,-1.3934841362783115,-89.28309968163894,-44.51302298989132,-78.53923219261586,40.88536774228737,86.07157386888862,1.0246615936772454,66.0692324616473,7.170638650831606,0.9922219021134996,0.9997589224926385,0.12448171338099659,0.021106488641604214,0.9999999402148444,-0.00034578939776089664,-0.9999999402148444,0.00034578939776089664,0.9999999927941062,C0,-0.12023250208552613,0.6655931906852293,0.6740879122207437,KNOWN_PARENT_PATH,INCOMING_PATH,True
M4_ASYMMETRIC_CROSS,C1,O122,5.516666666666652,330,5,0.011039684526679418,0.9999390608259843,0.011039684526679418,0.9999390608259843,-0.9999390608259843,0.011039684526679418,-46.5817277302991,40.53254547406584,215.65247259818207,40.9528889615895,-14.624223267982341,40.17972320584432,-78.53923219261586,40.88536774228737,63.91890408985274,0.7609393344030088,41.896836196844575,0.6325401794121603,-0.010693915541029548,0.7546183507601938,0.999942818450336,0.4825148219998618,0.9999999402148444,-0.00034578939776089664,-0.9999999402148444,0.00034578939776089664,0.9999999927941062,C1,0.9996194710457337,0.004554697132229517,0.011238506169953099,MERGE_EXISTING,RIGHT,True
M4_ASYMMETRIC_CROSS,C0,O123,5.616666666666652,336,0,0.007575219536205172,-0.9999713076128626,0.007575219536205172,-0.9999713076128626,0.9999713076128626,0.007575219536205172,-50.48142458680043,-44.14378361797335,215.5283056788756,-43.72382341132361,-93.23621897518476,-44.46766986476025,-7.726630198416096,-43.81989737118644,85.51204232139185,1.0180005038260933,55.50415345969603,0.43403225945807833,-0.00787324136966434,0.7525833915124256,0.9999690055548397,0.5255402608307564,0.9999999555888437,-0.00029803072109625694,-0.9999999555888437,0.00029803072109625694,0.99999998913578,C0,0.999925550837952,0.0065236073632191985,0.010215319899958528,MERGE_EXISTING,LEFT,True
M4_ASYMMETRIC_CROSS,KNOWN_PARENT_PATH,O124,5.616666666666652,336,1,-0.9916223542612889,0.12917084241150897,-0.9916223542612889,0.12917084241150897,0.12917084241150897,0.9916223542612889,-87.7230276254192,-2.14384752464683,178.2867026402568,-1.7238873179970877,-93.23621897518476,-44.46766986476025,-82.20983627565364,40.17997481546659,85.36278384252974,1.016223617172973,62.25077973007967,7.379000976246232,0.991660807101502,0.9996941799286266,0.12887530274958683,0.02503961951742416,0.9999999555888437,-0.00029803072109625694,-0.9999999555888437,0.00029803072109625694,0.99999998913578,C0,-0.12458106697264591,0.6629142373385593,0.6699965396869795,KNOWN_PARENT_PATH,INCOMING_PATH,True
M4_ASYMMETRIC_CROSS,C0,O125,5.716666666666652,342,0,0.006262066007096443,-0.9999803930724456,0.006262066007096443,-0.9999803930724456,0.9999803930724456,0.006262066007096443,-54.543380251025994,-44.0875520751748,215.24152974244407,-43.66797107570713,-97.34535603526763,-44.35558612809412,-11.741404466784367,-43.81951802225547,85.60563003186955,1.0191146432365423,53.74354809308409,0.3587922981802336,-0.006494638421152001,0.7775629268351538,0.9999789096134869,0.5248733887182307,0.9999999729539357,-0.00023257714354300152,-0.9999999729539357,0.00023257714354300152,0.9999999914164754,C0,0.999940712368216,0.0030524454493329016,0.008574936662542217,MERGE_EXISTING,LEFT,True
M4_ASYMMETRIC_CROSS,KNOWN_PARENT_PATH,O126,5.716666666666652,342,2,-0.9910966728463305,0.13314422658505992,-0.9910966728463305,0.13314422658505992,0.13314422658505992,0.9910966728463305,-91.66706480952416,-2.0876208874717577,178.11784518394592,-1.66803988800409,-97.34535603526763,-44.35558612809412,-85.9887735837807,40.1803443531506,85.29534282308302,1.0154207478938455,58.30916658812991,7.607159676693286,0.9911276123449646,0.999735452132133,0.13291371655088705,0.024373655075737136,0.9999999729539357,-0.00023257714354300152,-0.9999999729539357,0.00023257714354300152,0.9999999914164754,C0,-0.12855684102032902,0.6647402133735091,0.6696694217272844,KNOWN_PARENT_PATH,INCOMING_PATH,True
M4_ASYMMETRIC_CROSS,C0,O127,5.916666666666651,354,0,0.0013780047203879697,-0.9999990505510447,0.0013780047203879697,-0.9999990505510447,0.9999990505510447,0.0013780047203879697,-61.56401866779037,-43.87692848094391,215.5945493577184,-43.457924604932074,-103.61857179061737,-43.934879908682895,-19.509465544963376,-43.818977053204925,84.10918610303287,1.0012998345599151,50.89537208056554,0.0789538796149003,-0.0015019190282294739,0.814270277662792,0.9999988721189804,0.5223752529231691,0.9999999923226063,-0.00012391443607142081,-0.9999999923226063,0.00012391443607142081,0.9999999983407273,C0,0.9999819689669388,0.007318512408675746,0.008211269864099263,MERGE_EXISTING,LEFT,True
M4_ASYMMETRIC_CROSS,KNOWN_PARENT_PATH,O128,5.916666666666651,354,2,-0.9934761270749279,0.11404027767504626,-0.9934761270749279,0.11404027767504626,0.11404027767504626,0.9934761270749279,-98.75409772351023,-1.5574063092521584,178.40447030199854,-1.138402433240326,-103.61857179061737,-43.934879908682895,-93.88962365640309,40.82006729017858,85.31150864027683,1.0156131980985337,51.23362246393408,6.54827284156309,0.9934902506843182,0.9998737064559265,0.11391717076547725,0.018070339512734054,0.9999999923226063,-0.00012391443607142081,-0.9999999923226063,0.00012391443607142081,0.9999999983407273,C0,-0.1094420865157538,0.6672550308973401,0.6761231276730956,KNOWN_PARENT_PATH,INCOMING_PATH,True
M4_ASYMMETRIC_CROSS,C0,O129,6.016666666666651,360,0,0.009761061987129983,-0.9999523596996427,0.009761061987129983,-0.9999523596996427,0.9999523596996427,0.009761061987129983,-65.07307738533387,-44.24042700361511,215.65929748140786,-43.821511065960905,-107.819300608693,-44.65769541700656,-22.326854161974754,-43.82315859022366,85.496519526588,1.0178157086498572,50.59853357528178,0.5524355639573315,-0.009846854260498545,0.826933011287234,0.9999515185553611,0.5267041057678227,0.9999999963194892,-8.579639666036202e-05,-0.9999999963194892,8.579639666036202e-05,0.9999999994480219,C0,0.9998964888907127,0.008346760287288396,0.012162830311031941,MERGE_EXISTING,LEFT,True
M4_ASYMMETRIC_CROSS,KNOWN_PARENT_PATH,O130,6.016666666666651,360,3,-0.9951712767742892,0.09815360351729854,-0.9951712767742893,0.09815360351729856,0.09815360351729854,0.9951712767742892,-103.63548232233745,-2.238307471761388,177.09689254440428,-1.8193915341071851,-107.819300608693,-44.65769541700656,-99.4516640359819,40.18108047348378,85.25042660544179,1.0148860310171641,46.34034913949564,5.632856649454197,0.9951796943370516,0.999764990928371,0.09806822104643602,0.026169915451499076,0.9999999963194892,-8.579639666036202e-05,-0.9999999963194892,8.579639666036202e-05,0.9999999994480219,C0,-0.09354773870609429,0.6714936109091995,0.6812125693724337,KNOWN_PARENT_PATH,INCOMING_PATH,True
M4_ASYMMETRIC_CROSS,C0,O131,6.21666666666665,372,0,0.00028502081329733755,-0.9999999593815673,0.00028502081329733755,-0.9999999593815673,0.9999999593815673,0.00028502081329733755,-71.90575999533033,-43.83768333858664,215.897272045022,-43.418574993681695,-114.25514857452995,-43.849753796252415,-29.556371416130695,-43.82561288092087,84.69878059873098,1.0083188166515593,49.078795958848474,0.006550697459800858,-0.00032230468848339116,0.8538152540175089,0.9999999480598426,0.5219088869821134,0.9999999993049562,-3.728387689856822e-05,-0.9999999993049562,3.728387689856822e-05,0.9999999986423649,C0,0.9999879351962014,0.010941238112997591,0.011184589527144989,MERGE_EXISTING,LEFT,True
M4_ASYMMETRIC_CROSS,KNOWN_PARENT_PATH,O132,6.21666666666665,372,3,-0.9930799187212569,0.11744051699725214,-0.9930799187212569,0.11744051699725214,0.11744051699725214,0.9930799187212569,-109.23505364338948,-1.3997067966583536,178.56797839696284,-0.9805984517534031,-114.25514857452995,-43.849753796252415,-104.214958712249,41.05034020293571,85.49170353631766,1.0177583754323531,40.75597900301001,6.74441044629657,0.9930842966688014,0.9999174360670978,0.11740349104618579,0.016192799863671354,0.9999999993049562,-3.728387689856822e-05,-0.9999999993049562,3.728387689856822e-05,0.9999999986423649,C1,0.13385741604553553,0.6653064449654921,0.6751020941082899,KNOWN_PARENT_PATH,INCOMING_PATH,True
M4_ASYMMETRIC_CROSS,C0,O133,6.416666666666649,384,0,0.003733392705762784,-0.9999930308651679,0.003733392705762784,-0.9999930308651679,0.9999930308651679,0.003733392705762784,-79.1091712823969,-43.977250947342704,215.87592540828763,-43.558062238277635,-121.44968808671798,-44.13532582558332,-36.76865447807582,-43.819176069102085,84.681623766296,1.008114568646381,48.350051971093635,0.21390814222358756,-0.0037333703467118677,0.8740272799022922,0.9999930309486432,0.5235693016833068,0.9999999999999997,2.235920673914209e-08,-0.9999999999999997,-2.235920673914209e-08,0.9999999995261883,C0,0.9999650505947834,0.010491261412089677,0.011298531223279071,MERGE_EXISTING,LEFT,True
M4_ASYMMETRIC_CROSS,KNOWN_PARENT_PATH,O134,6.416666666666649,384,2,-0.9923640997268486,0.12334299158574502,-0.9923640997268487,0.12334299158574503,0.12334299158574502,0.9923640997268486,-116.20007744910586,-1.8992403590742697,178.78501924157868,-1.480051650009198,-121.44968808671798,-44.13532582558332,-110.95046681149375,40.33684510743478,85.12215522132385,1.0133589907300458,33.78440245337231,7.085075691119016,0.9923640969689967,0.9998664546292925,0.12334301377421905,0.02214020333856365,0.9999999999999997,2.235920673914209e-08,-0.9999999999999997,-2.235920673914209e-08,0.9999999995261883,C0,-0.11874984636311381,0.661216975413005,0.671232160712683,KNOWN_PARENT_PATH,INCOMING_PATH,True
M4_ASYMMETRIC_CROSS,C0,O135,6.6166666666666485,396,0,0.005327833063284695,-0.9999858069967043,0.005327833063284695,-0.9999858069967043,0.9999858069967043,0.005327833063284695,-86.2772205707447,-44.04511534581761,215.99492890098452,-43.62618771665645,-128.73553984356175,-44.271329393707546,-43.81890129792766,-43.81890129792767,84.91784378487081,1.0109267117246525,47.61569193132662,0.3052637926811741,-0.005327446292538985,0.8906528406444532,0.9999858090573086,0.5243811411800984,0.9999999999999252,3.8677623482761977e-07,-0.9999999999999252,-3.8677623482761977e-07,0.9999999995661473,C0,0.9999504490773068,0.011903784257257818,0.012960419269791216,MERGE_EXISTING,LEFT,True
M4_ASYMMETRIC_CROSS,KNOWN_PARENT_PATH,O136,6.6166666666666485,396,3,-0.9924360158764006,0.12276300090571596,-0.9924360158764006,0.12276300090571596,0.12276300090571596,0.9924360158764006,-123.48548584500395,-1.8290411226159193,178.78666362672527,-1.4101134934547663,-128.73553984356175,-44.271329393707546,-118.23543184644613,40.61324714847571,85.53153572043973,1.0182325681004731,26.500969211070768,7.0515901860392205,0.9924359683945151,0.9998903292081049,0.1227633847563723,0.021307618961232767,0.9999999999999252,3.8677623482761977e-07,-0.9999999999999252,-3.8677623482761977e-07,0.9999999995661473,C0,-0.11816952912475105,0.6618357784807595,0.6728106109136018,KNOWN_PARENT_PATH,INCOMING_PATH,True
M4_ASYMMETRIC_CROSS,C0,O137,6.716666666666648,402,0,0.020513315863520808,-0.999789579797811,0.020513315863520808,-0.999789579797811,0.999789579797811,0.020513315863520808,-89.66741416542477,-44.694387575830056,216.21951899623974,-44.275617059310825,-132.3449772907383,-45.57003016139486,-46.989851040111226,-43.81874499026525,85.37309047358603,1.0163463151617385,47.058289909881196,1.1754088672122407,-0.020524866983441765,0.8949775718998231,0.9997893427294132,0.5321139929649369,0.9999999999332577,-1.1553552390893605e-05,-0.9999999999332577,1.1553552390893605e-05,0.9999999995642053,C0,0.9996839583614329,0.016668161565576118,0.021397291583103672,MERGE_EXISTING,LEFT,True
M4_ASYMMETRIC_CROSS,KNOWN_PARENT_PATH,O138,6.716666666666648,402,2,-0.9928808026792654,0.11911218103526461,-0.9928808026792654,0.11911218103526461,0.11911218103526461,0.9928808026792654,-127.09497729073831,-1.8077199697707478,178.7919558709262,-1.3889494532515152,-132.3449772907383,-45.57003016139486,-121.84497729073833,41.954590221853366,88.15219324118776,1.0494308719189018,22.89216741670718,6.840866806675692,0.9928821787818223,0.9998986987161782,0.11910070972694312,0.02105570655473386,0.9999999999332577,-1.1553552390893605e-05,-0.9999999999332577,1.1553552390893605e-05,0.9999999995642053,C0,-0.11451669023909913,0.6619859640454637,0.6847500013252358,KNOWN_PARENT_PATH,INCOMING_PATH,True
M4_ASYMMETRIC_CROSS,KNOWN_PARENT_PATH,O139,6.716666666666648,402,3,-0.9949162339666754,0.10070594515502757,-0.9949162339666755,0.10070594515502758,0.10070594515502757,0.9949162339666754,-128.00508216861985,-2.694387575830053,177.88185099304465,-2.2756170593108203,-132.3449772907383,-45.57003016139486,-123.66518704650137,40.181255009734755,86.18945218055597,1.0260649069113807,21.96656379912352,5.779823376039616,0.9949173974116858,0.9997782987679603,0.10069445033147253,0.031605315492760785,0.9999999999332577,-1.1553552390893605e-05,-0.9999999999332577,1.1553552390893605e-05,0.9999999995642053,C0,-0.09610123314330382,0.6612003772209307,0.683894871407879,KNOWN_PARENT_PATH,INCOMING_PATH,True
M5_UNEQUAL_WIDTH,C0,O0,2.0166666666666644,120,0,0.14226850156447518,-0.9898281029868766,0.1422685015644752,-0.9898281029868767,0.9898281029868766,0.14226850156447518,89.04844446892685,-36.61808195736013,207.6361939021034,-36.263997440493995,39.39676746588127,-43.7545429914234,138.70012147197244,-29.481620923296866,100.32383775166238,1.1943314018055045,53.71651549423706,8.179135992076326,-0.14163600604531332,-0.9246136971393151,0.9899188056560658,1.1462319584019398,0.999999795861222,0.0006389659727131323,-0.999999795861222,-0.0006389659727131323,0.9999998812700323,NONE,NaN,NaN,NaN,MERGE_EXISTING,LEFT,True
M5_UNEQUAL_WIDTH,C1,O1,2.0166666666666644,120,5,0.1539009563484607,0.9880862794488289,0.1539009563484607,0.9880862794488289,-0.9880862794488289,0.1539009563484607,96.05382339447544,33.603014748868844,214.641572827652,33.95709926573498,138.70012147197238,26.9605724891611,53.40752531697851,40.245457008576594,86.3210004318363,1.0276309575218607,44.93014178967337,8.853060896353497,-0.1545322784419801,-0.9441176315224408,0.9879877402678285,1.2114520852641433,0.999999795861222,0.0006389659727131323,-0.999999795861222,-0.0006389659727131323,0.9999998812700323,C0,-0.9561403091251601,0.8401150711894061,0.8428728456999078,MERGE_EXISTING,RIGHT,True
M5_UNEQUAL_WIDTH,C0,O2,2.116666666666664,126,0,0.05502999774925307,-0.9984847016092521,0.05502999774925308,-0.9984847016092522,0.9984847016092521,0.05502999774925307,83.8462206110247,-41.019270538094645,207.61032986152196,-40.66324989693329,34.18610113664337,-43.75621408715295,133.50634008540604,-38.28232698903635,99.47096714520393,1.1841781803000468,56.657784115492404,3.154580155411793,-0.05434745837606393,-0.897966273890638,0.9985220847673134,1.1112168557679476,0.9999997663712518,0.0006835623174793045,-0.9999997663712518,-0.0006835623174793045,0.9999999050747312,C0,0.9961572533761864,0.0523729581617299,0.052577944788106915,MERGE_EXISTING,LEFT,True
M5_UNEQUAL_WIDTH,C1,O3,2.116666666666664,126,5,0.16479353763924348,0.9863280843372266,0.16479353763924348,0.9863280843372266,-0.9863280843372266,0.16479353763924348,90.73350826331685,33.09739478524682,214.4976175138141,33.45341542640818,133.506340085406,25.9510036576466,47.9606764412277,40.243785912847045,86.73144869606102,1.0325172463816787,45.492871295602825,9.485240864118197,-0.16546771584986003,-0.9396831631537756,0.9862152072501366,1.1497810512844777,0.9999997663712518,0.0006835623174793045,-0.9999997663712518,-0.0006835623174793045,0.9999999050747312,C1,0.9999391302113866,0.006236329066372841,0.007608764822862879,MERGE_EXISTING,RIGHT,True
M5_UNEQUAL_WIDTH,C0,O4,2.2166666666666637,132,0,0.1414611843094017,-0.9899438031190365,0.1414611843094017,-0.9899438031190365,0.9899438031190365,0.1414611843094017,78.93471496514657,-36.695103175036344,207.87484838668377,-36.33809712212809,29.514572022344336,-43.75715248268586,128.3548579079488,-29.633053867386824,99.84434022839106,1.1886230979570365,62.95277245279149,8.132407509126125,-0.1407890701853942,-0.9065169146720373,0.99003961421568,1.0362765184191491,0.9999997695414191,0.0006789087632511763,-0.9999997695414191,-0.0006789087632511763,0.9999999090927827,C0,0.9999996674261648,0.0029749217731239023,0.0036837538921510476,MERGE_EXISTING,LEFT,True
M5_UNEQUAL_WIDTH,C0,O5,2.416666666666663,144,0,-0.019752046346758416,-0.9998049093023677,-0.019752046346758416,-0.9998049093023677,0.9998049093023677,-0.019752046346758416,76.5593095829171,-44.8868766062119,215.02854238777445,-44.52786820731544,19.482886916772163,-43.75928047688751,133.63573224906202,-46.01447273553628,114.17511983607093,1.3592276170960826,61.252270027486134,1.1317824934520786,0.02025669357604741,-0.8624067712283571,0.9997948121316524,1.0565205949108794,0.9999998726146105,0.0005047482170929136,-0.9999998726146105,-0.0005047482170929136,0.9999999186773292,C0,0.9868249026951436,0.13199711835926076,0.1323194352877303,MERGE_EXISTING,LEFT,True
M5_UNEQUAL_WIDTH,C0,O6,2.416666666666663,144,1,0.14113347070166513,-0.9899905774539989,0.14113347070166515,-0.989990577453999,0.9899905774539989,0.14113347070166513,69.20820374373204,-36.670418516628246,207.67743654858938,-36.31141011773179,19.482886916772163,-43.75928047688751,118.93352057069191,-29.58155655636898,100.45614162276291,1.1959064478900348,71.67698256822202,6.3649665689994634,-0.1406337567444143,-0.8833889176897239,0.9900616882113724,0.9324168741878331,0.9999998726146105,0.0005047482170929136,-0.9999998726146105,-0.0005047482170929136,0.9999999186773292,C0,0.9999993426534942,0.0007481001875369616,0.0010802318413694425,MERGE_EXISTING,LEFT,True
M5_UNEQUAL_WIDTH,C0,O7,2.416666666666663,144,2,0.12519686604296432,-0.9921319190173351,0.12519686604296432,-0.9921319190173351,0.9921319190173351,0.12519686604296432,78.0966084630043,-36.36283036370955,216.56584126786163,-36.00382196481309,19.482886916772163,-43.75928047688751,136.71033000923643,-28.96638025053159,118.15711282484804,1.4066322955339052,61.30354158328245,5.443650642754378,-0.12469607327746779,-0.9063355221498083,0.9921949855291451,1.0255616019609088,0.9999998726146105,0.0005047482170929136,-0.9999998726146105,-0.0005047482170929136,0.9999999186773292,C0,0.9998516258461593,0.10635043829202713,0.10673600826631613,MERGE_EXISTING,LEFT,True
M5_UNEQUAL_WIDTH,C2,O8,2.416666666666663,144,7,0.9816455884578473,0.19071428541471794,0.9816455884578474,0.19071428541471797,-0.19071428541471794,0.9816455884578473,126.59170870834119,-9.75743714585623,265.06094151319854,-9.398428746959773,133.63573224906202,-46.01447273553628,119.54768516762036,26.49959844382382,73.86990990636323,0.8794036893614671,23.032806231874048,10.994472004946076,-0.9817417261060789,-0.9970037438535784,0.19021877725991318,1.511514211525309,0.9999998726146105,0.0005047482170929136,-0.9999998726146105,-0.0005047482170929136,0.9999999186773292,C0,-0.049117112407272595,0.7547431666805159,0.8597505069225692,NEW_OUTGOING,FORWARD,True
M5_UNEQUAL_WIDTH,C2,O9,2.416666666666663,144,10,0.9999400393130565,-0.01095069763087453,0.9999400393130566,-0.010950697630874532,0.01095069763087453,0.9999400393130565,119.24060286915613,-1.5409790562725796,257.70983567401345,-1.181970657376123,118.93352057069191,-29.58155655636898,119.54768516762036,26.49959844382382,56.08451786641096,0.6676728317429876,30.74944029879073,0.6274412976268877,-0.9999343845902001,-0.9999098551149618,0.01145541418795873,1.419649520252491,0.9999998726146105,0.0005047482170929136,-0.9999998726146105,-0.0005047482170929136,0.9999999186773292,C2,0.9794982738405638,0.13124909059008222,0.131249090590082,MERGE_EXISTING,FORWARD,True
M5_UNEQUAL_WIDTH,C2,O10,2.416666666666663,144,12,0.9553121391477186,0.29559891203624145,0.9553121391477188,0.2955989120362415,-0.29559891203624145,0.9553121391477186,128.1290075884284,-1.2333909033538841,266.5982403932858,-0.8743825044574277,136.71033000923643,-28.96638025053159,119.54768516762036,26.49959844382382,58.06058189927259,0.6911974035627689,21.865056137226873,17.19345422556981,-0.9554612204787346,-0.9999486857544906,0.2951166822822569,1.5254159983663471,0.9999998726146105,0.0005047482170929136,-0.9999998726146105,-0.0005047482170929136,0.9999999186773292,C2,0.9941528822729474,0.10311383052343089,0.10311383052343077,MERGE_EXISTING,FORWARD,True
M5_UNEQUAL_WIDTH,C1,O11,2.416666666666663,144,14,0.1581706021800169,0.9874117988995325,0.15817060218001694,0.9874117988995326,-0.9874117988995325,0.1581706021800169,76.65682903888617,33.37015898346816,215.1260618437435,33.729167382364615,119.54768516762036,26.49959844382382,33.76597291015199,40.24071952311249,86.87531620856853,1.0342299548639111,46.58612258545935,9.100727353673648,-0.1586689763764242,-0.9170915417566656,0.987331836788249,0.9953005326791133,0.9999998726146105,0.0005047482170929136,-0.9999998726146105,-0.0005047482170929136,0.9999999186773292,C1,0.9999906576002309,0.006374136264572907,0.00654683263402486,MERGE_EXISTING,RIGHT,True
M5_UNEQUAL_WIDTH,C0,O12,2.5166666666666626,150,0,-0.029198869628405847,-0.9995736221071579,-0.029198869628405847,-0.9995736221071579,0.9995736221071579,-0.029198869628405847,72.63230062358645,-45.418261234445296,215.42778915428374,-45.05694518299528,15.928012199119728,-43.76185385387916,129.33658904805316,-47.07466861501144,113.45695238521971,1.350678004585949,64.33629970964742,1.6732098095783954,0.0295777050286253,-0.847676223197616,0.9995624839724826,1.0198059558375308,0.9999999281798407,0.00037899909412206185,-0.9999999281798407,-0.00037899909412206185,0.9999999764352026,C0,0.9852519827366395,0.13986189666361723,0.14138256748628977,MERGE_EXISTING,LEFT,True
M5_UNEQUAL_WIDTH,C0,O13,2.5166666666666626,150,1,0.12080033333434823,-0.992676825289233,0.12080033333434823,-0.992676825289233,0.992676825289233,0.12080033333434823,76.3266424386711,-36.41185385387917,219.1221309693684,-36.050537802429155,15.928012199119728,-43.76185385387916,136.72527267822247,-29.061853853879185,121.68840593604715,1.4486714992386565,59.333128372468266,6.938294327533441,-0.12042410104090846,-0.9023948638402056,0.9927225372119287,1.0067501378194967,0.9999999281798407,0.00037899909412206185,-0.9999999281798407,-0.00037899909412206185,0.9999999764352026,C0,0.9997655012670436,0.13676095725349044,0.13676175099975169,MERGE_EXISTING,LEFT,True
M5_UNEQUAL_WIDTH,C2,O14,2.5166666666666626,150,5,0.9920876217102166,0.1255474047894511,0.9920876217102166,0.1255474047894511,-0.1255474047894511,0.9920876217102166,124.74206017367712,-10.76826123444532,267.53754870437444,-10.406945182995306,129.33658904805316,-47.07466861501144,120.14753129930106,25.5381461461208,73.19193705487241,0.8713325839865763,24.7940216028542,7.212368806450797,-0.9921351328110102,-0.9962620926755434,0.1251713954626986,1.4905473618707836,0.9999999281798407,0.00037899909412206185,-0.9999999281798407,-0.00037899909412206185,0.9999999764352026,C2,0.9978221208055643,0.031834251734485834,0.0361716950484814,MERGE_EXISTING,FORWARD,True
M5_UNEQUAL_WIDTH,C1,O15,2.5166666666666626,150,9,0.1615015598825383,0.9868724568836172,0.1615015598825383,0.9868724568836172,-0.9868724568836172,0.1615015598825383,75.23457464816926,32.888146146120825,218.03006317886656,33.24946219757084,120.14753129930106,25.5381461461208,30.321617997037457,40.23814614612085,91.020792682693,1.0835808652701548,43.37646970206977,9.294062874072466,-0.16187557205064346,-0.9164296960217881,0.9868111770613854,0.9774868989775972,0.9999999281798407,0.00037899909412206185,-0.9999999281798407,-0.00037899909412206185,0.9999999764352026,C1,0.999970378730349,0.041209424970776586,0.04137718699040014,MERGE_EXISTING,RIGHT,True
M5_UNEQUAL_WIDTH,C0,O16,2.6166666666666623,156,0,0.14215831581789926,-0.9898439337813907,0.14215831581789928,-0.9898439337813909,0.9898439337813907,0.14215831581789926,60.64919111074422,-36.622632021019676,207.68940895143763,-36.257606092366096,10.912022049928296,-43.765729984175216,110.38636017156014,-29.47953405786414,100.49497170894516,1.1963687108207757,75.0829946570426,7.281976734865495,-0.14178235108919177,-0.8558414945423544,0.9898978558011028,0.843437179227073,0.9999999278714693,0.000379811869534654,-0.9999999278714693,-0.000379811869534654,0.9999999678541626,C0,0.9999999938042438,0.0006380653429537737,0.0010214021230470717,MERGE_EXISTING,LEFT,True
M5_UNEQUAL_WIDTH,C2,O17,2.6166666666666623,156,5,0.9999976149323941,-0.002184062618915586,0.9999976149323941,-0.002184062618915586,0.002184062618915586,0.9999976149323941,110.44643705935452,-1.9726558270693673,257.48665490004794,-1.6076298984157886,110.38636017156014,-29.47953405786414,110.5065139471489,25.534222403725405,55.01388767343091,0.6549272342075108,39.53594779242421,0.12513766974350915,-0.999996713271129,-0.9998336802580482,0.0025638734250400257,1.3150482405663786,0.9999999278714693,0.000379811869534654,-0.9999999278714693,-0.000379811869534654,0.9999999678541626,C2,0.9812267152250865,0.12935517536642957,0.13799432024286284,MERGE_EXISTING,FORWARD,True
M5_UNEQUAL_WIDTH,C1,O18,2.6166666666666623,156,9,0.17163128732457916,0.9851612564505912,0.1716312873245792,0.9851612564505913,-0.9851612564505912,0.17163128732457916,68.31747720109225,32.88424620977511,215.35769504178563,33.24927213842869,110.5065139471489,25.534222403725405,26.128440455035587,40.234270015824805,85.64899699376792,1.0196309165924753,46.99792679783921,9.882679104670416,-0.1720054508836722,-0.9012145510846278,0.9850959977922478,0.902617394258298,0.9999999278714693,0.000379811869534654,-0.9999999278714693,-0.000379811869534654,0.9999999678541626,C1,0.9998385398019685,0.011986920473285513,0.015549218982628024,MERGE_EXISTING,RIGHT,True
M5_UNEQUAL_WIDTH,C0,O19,2.716666666666662,162,0,-0.022669457882479788,-0.9997430148189655,-0.02266945788247979,-0.9997430148189657,0.9997430148189655,-0.022669457882479788,63.84004895351629,-45.06027676835707,215.1998968294318,-44.69103261734854,6.932468128872806,-43.76988114910718,120.74762977815978,-46.350672387606956,113.84441797765072,1.3552906902101276,69.26486516447694,1.2989755349098147,0.023156869023460473,-0.8167064431545566,0.9997318437546293,0.9302472966890082,0.9999998811527936,0.0004875391255128562,-0.9999998811527936,-0.0004875391255128562,0.9999999452398818,C0,0.9863485820284184,0.1348050809203902,0.13541958887176347,MERGE_EXISTING,LEFT,True
M5_UNEQUAL_WIDTH,C2,O20,2.716666666666662,162,5,0.9901493440435133,0.14001527234627095,0.9901493440435133,0.14001527234627095,-0.14001527234627095,0.9901493440435133,115.6653618242047,-10.41027676835704,267.0252097001202,-10.041032617348511,120.74762977815978,-46.350672387606956,110.5830938702496,25.530118850892876,72.59590855754881,0.8642370066374858,33.867102902244,8.048729992814742,-0.990217489290468,-0.9959303138981318,0.13953251916052486,1.3825344892589997,0.9999998811527936,0.0004875391255128562,-0.9999998811527936,-0.0004875391255128562,0.9999999452398818,C2,0.9986786481074125,0.024603687654506882,0.025996932232997712,MERGE_EXISTING,FORWARD,True
M5_UNEQUAL_WIDTH,C1,O21,2.716666666666662,162,9,0.16261850840151998,0.9866890192584818,0.16261850840151998,0.9866890192584818,-0.9866890192584818,0.16261850840151998,65.9869137500658,32.88011885089284,217.3467616259813,33.24936300190137,110.5830938702496,25.530118850892876,21.390733629882,40.23011885089281,90.39561452441986,1.0761382681478555,44.26380289976386,9.358916621991511,-0.16309953857636694,-0.8952585966126891,0.98660961910787,0.877678521121562,0.9999998811527936,0.0004875391255128562,-0.9999998811527936,-0.0004875391255128562,0.9999999452398818,C1,0.9999610259750813,0.033288526547165215,0.03345696995987903,MERGE_EXISTING,RIGHT,True
M5_UNEQUAL_WIDTH,C0,O22,2.8166666666666615,168,0,-0.02813111134579943,-0.999604241975018,-0.02813111134579943,-0.999604241975018,0.999604241975018,-0.02813111134579943,59.287777730615915,-45.37684935051664,215.09469570350745,-45.00435067107056,2.294041395704305,-43.7729174387405,116.28151406552753,-46.98078126229279,114.03260198716924,1.357530976037729,70.94034101376226,1.6120066135893012,0.028720617361237162,-0.7937462454205998,0.999587477981987,0.8888082039533272,0.9999998261008132,0.0005897443034558989,-0.9999998261008132,-0.0005897443034558989,0.9999999542063128,C0,0.9854341995132566,0.13678722890536843,0.13703162539461658,MERGE_EXISTING,LEFT,True
M5_UNEQUAL_WIDTH,C0,O23,2.8166666666666615,168,1,0.14604419554277157,-0.9892780665456323,0.1460441955427716,-0.9892780665456324,0.9892780665456323,0.14604419554277157,51.93777043347026,-36.44416052373067,207.7446884063618,-36.07166184428459,2.294041395704305,-43.7729174387405,101.58149947123621,-29.11540360872084,100.36354937315501,1.1948041592042262,78.50504366402072,8.331527554497157,-0.1454607490415256,-0.8182429854546726,0.9893640232433552,0.7553389744033709,0.9999998261008132,0.0005897443034558989,-0.9999998261008132,-0.0005897443034558989,0.9999999542063128,C0,0.9999927207974478,0.002628878708302866,0.0030595162864763487,MERGE_EXISTING,LEFT,True
M5_UNEQUAL_WIDTH,C2,O24,2.8166666666666615,168,7,0.9815255890688265,0.1913309123040316,0.9815255890688266,0.19133091230403163,-0.1913309123040316,0.9815255890688265,109.13201955551935,-10.303948825884323,264.93893752841086,-9.931450146438243,116.28151406552753,-46.98078126229279,101.98252504551115,26.37288361052414,74.73433773887399,0.889694496891357,40.38262430767328,11.030464910235764,-0.981638254697931,-0.9955166614161665,0.190752029906892,1.3049687582419844,0.9999998261008132,0.0005897443034558989,-0.9999998261008132,-0.0005897443034558989,0.9999999542063128,C2,0.9999998026857131,0.006509595052711946,0.007184865661062594,MERGE_EXISTING,FORWARD,True
M5_UNEQUAL_WIDTH,C2,O25,2.8166666666666615,168,10,0.999973884731737,-0.007227022520987148,0.999973884731737,-0.007227022520987148,0.007227022520987148,0.999973884731737,101.78201225837368,-1.3712599990983492,257.58893023126524,-0.9987613196522688,101.58149947123621,-29.11540360872084,101.98252504551115,26.37288361052414,55.48973634859557,0.6605920993880425,48.208750998188165,0.4140814935212518,-0.9999694487417289,-0.9999011394779117,0.007816750166339016,1.2118005833549028,0.9999998261008132,0.0005897443034558989,-0.9999998261008132,-0.0005897443034558989,0.9999999542063128,C2,0.9802416560841996,0.13383481664802085,0.1349588871580925,MERGE_EXISTING,FORWARD,True
M5_UNEQUAL_WIDTH,C1,O26,2.8166666666666615,168,14,0.1610391534625842,0.9869480184143714,0.1610391534625842,0.9869480184143714,-0.9869480184143714,0.1610391534625842,59.52895426117517,33.299983085891824,215.3358722340667,33.672481765337906,101.98252504551115,26.37288361052414,17.075383476839193,40.2270825612595,86.03000359135793,1.0241667094209277,47.93377536500442,9.267217539220582,-0.16162117242967336,-0.8730201274584812,0.9868528748615256,0.8120221662208019,0.9999998261008132,0.0005897443034558989,-0.9999998261008132,-0.0005897443034558989,0.9999999542063128,C1,0.9999738752518887,0.008933005147414321,0.00979608090671684,MERGE_EXISTING,RIGHT,True
M5_UNEQUAL_WIDTH,C2,O27,2.916666666666661,174,2,0.9918525558322077,0.12739115938367734,0.9918525558322077,0.12739115938367734,-0.12739115938367734,0.9918525558322077,107.06005031388145,-10.954088564575763,267.39800317624656,-10.579395938930883,111.7453237923512,-47.43307577904105,102.37477683541171,25.524898649889522,73.55727824657934,0.8756818838878493,42.381012690643686,7.318863273864963,-0.9919349006696923,-0.9947401657434887,0.1267483839479134,1.2811784203494798,0.9999997900295333,0.0006480284631050374,-0.9999997900295333,-0.0006480284631050374,0.9999999704616849,C2,0.997942999763338,0.03117261558189625,0.036879920545910196,MERGE_EXISTING,FORWARD,True
M5_UNEQUAL_WIDTH,C2,O28,2.916666666666661,174,5,0.9953706746981354,-0.0961104570324087,0.9953706746981356,-0.09611045703240871,0.0961104570324087,0.9953706746981354,99.71005031388145,-2.072417162761182,260.04800317624654,-1.6977245371163023,97.04532379235121,-29.669732975411886,102.37477683541171,25.524898649889522,55.45133388829262,0.6601349272415789,50.268415000596335,5.5152367928983494,-0.9953081833879313,-0.9997703976428627,0.09675546538059564,1.1872807738024242,0.9999997900295333,0.0006480284631050374,-0.9999997900295333,-0.0006480284631050374,0.9999999704616849,C2,0.9587715945639181,0.10938811217003759,0.15953355951703,MERGE_EXISTING,FORWARD,True
M5_UNEQUAL_WIDTH,C1,O29,2.916666666666661,174,9,0.16106343745459903,0.986944055717095,0.16106343745459906,0.9869440557170951,-0.986944055717095,0.16106343745459903,57.33638125562399,32.8748986498895,217.6743341179891,33.249591275534385,102.37477683541171,25.524898649889522,12.297985675836273,40.22489864988948,91.26838612359576,1.086528406233283,45.96577991012202,9.268627312602177,-0.16170297147563092,-0.8678392614430201,0.9868394747961549,0.7868155680963653,0.9999997900295333,0.0006480284631050374,-0.9999997900295333,-0.0006480284631050374,0.9999999704616849,C1,0.9999736970946754,0.03707374637286794,0.03718478830606116,MERGE_EXISTING,RIGHT,True
M5_UNEQUAL_WIDTH,C0,O30,3.016666666666661,180,0,-0.03491100307078758,-0.9993904251415417,-0.03491100307078758,-0.9993904251415417,0.9993904251415417,-0.03491100307078758,50.5449428731116,-45.76786367093132,215.3974003090686,-45.3901863445653,-6.155057090214074,-43.78720243680655,107.24494283643727,-47.74852490505608,113.46916787860032,1.3508234271261943,76.12514658669944,2.000153636293888,0.035627833396101524,-0.7407861349369607,0.9993651272120214,0.8117518878425649,0.9999997427571498,0.0007172765396650214,-0.9999997427571498,-0.0007172765396650214,0.9999999837848066,C0,0.9842579925661068,0.142620661810322,0.14411078886743756,MERGE_EXISTING,LEFT,True
M5_UNEQUAL_WIDTH,C0,O31,3.016666666666661,180,1,0.1376588926650707,-0.9904796965461868,0.13765889266507073,-0.990479696546187,0.9904796965461868,0.1376588926650707,43.1949428731116,-36.92843857555671,208.04740030906856,-36.55076124919069,-6.155057090214074,-43.78720243680655,92.54494283643727,-30.069674714306878,99.64868565284002,1.186293876819524,85.27214135668609,7.912905046961953,-0.1369484094039577,-0.7596226352882571,0.9905781812465515,0.6765333496731407,0.9999997427571498,0.0007172765396650214,-0.9999997427571498,-0.0007172765396650214,0.9999999837848066,C0,0.999989163465814,0.0059681243125466795,0.0076662533495216855,MERGE_EXISTING,LEFT,True
M5_UNEQUAL_WIDTH,C2,O32,3.016666666666661,180,4,0.9864474146250332,-0.16407771993658346,0.9864474146250332,-0.16407771993658346,0.16407771993658346,0.9864474146250332,0.8316275005383629,-1.782736784723646,165.68408493649534,-1.4050594583576248,-6.155057090214074,-43.78720243680655,7.8183120912907995,40.22172886735926,85.16311164553983,1.0138465672088075,148.0328307792011,9.443661544540433,-0.9863294717692964,-0.4221032753851459,0.16478523331688685,0.023418681199986698,0.9999997427571498,0.0007172765396650214,-0.9999997427571498,-0.0007172765396650214,0.9999999837848066,C0,0.30274913381809454,0.6493417436911552,0.6568890957753197,MERGE_EXISTING,FORWARD,True
M5_UNEQUAL_WIDTH,C2,O33,3.016666666666661,180,7,0.986859819170679,0.1615787650231762,0.986859819170679,0.1615787650231762,-0.1615787650231762,0.986859819170679,101.2466658332097,-11.113398018848397,266.0991232691667,-10.735720692482376,107.24494283643727,-47.74852490505608,95.24838882998215,25.521728867359286,74.24585776933245,0.8838792591587196,48.14522614100517,9.298545274007523,-0.9869754619655055,-0.993951138202969,0.16087087206196496,1.2125568316547004,0.9999997427571498,0.0007172765396650214,-0.9999997427571498,-0.0007172765396650214,0.9999999837848066,C2,0.9995619666247938,0.020154488037069634,0.023865977826710023,MERGE_EXISTING,FORWARD,True
M5_UNEQUAL_WIDTH,C2,O34,3.016666666666661,180,10,0.9988196232531508,-0.04857324576795297,0.9988196232531508,-0.04857324576795297,0.04857324576795297,0.9988196232531508,93.89666583320971,-2.2739729234737958,258.7491232691667,-1.8962955971077746,92.54494283643727,-30.069674714306878,95.24838882998215,25.521728867359286,55.6570999282185,0.6625845229549822,56.075802865022354,2.7841375097075627,-0.9987845258642992,-0.9996892544803786,0.04928966315594933,1.1181452039878295,0.9999997427571498,0.0007172765396650214,-0.9999997427571498,-0.0007172765396650214,0.9999999837848066,C2,0.971223264974676,0.11671588572068359,0.14285686379332904,MERGE_EXISTING,FORWARD,True
M5_UNEQUAL_WIDTH,C1,O35,3.016666666666661,180,14,0.16580707929873165,0.9861582086330896,0.16580707929873165,0.9861582086330896,-0.9861582086330896,0.16580707929873165,51.53335046063647,32.87172886735927,216.38580789659346,33.24940619372529,95.24838882998215,25.521728867359286,7.8183120912907995,40.22172886735926,88.65725192297276,1.0554434752734854,49.22242882180372,9.544122545116835,-0.1665143847934966,-0.8434701745893741,0.9860390254228498,0.7276757613567286,0.9999997427571498,0.0007172765396650214,-0.9999997427571498,-0.0007172765396650214,0.9999999837848066,C1,0.9999272633896112,0.02240875128914965,0.022764438095290638,MERGE_EXISTING,RIGHT,True
M5_UNEQUAL_WIDTH,C0,O36,3.1166666666666605,186,1,-0.03690254104204157,-0.9993188692627797,-0.03690254104204157,-0.9993188692627797,0.9993188692627797,-0.03690254104204157,46.06306733304954,-45.88013716097901,215.30056961176643,-45.498719470965206,-10.764400460930702,-43.78162984055814,102.89053512702978,-47.97864448139988,113.73240222293242,1.353957169320624,80.49539815632954,2.114840037675634,0.03766224264877745,-0.7079755403091429,0.9992905260626985,0.773973715001683,0.9999997110250659,0.0007602300867246703,-0.9999997110250659,-0.0007602300867246703,0.9999999842232672,C0,0.9839038314233951,0.14286842514919842,0.14393822637756756,MERGE_EXISTING,LEFT,True
M5_UNEQUAL_WIDTH,C0,O37,3.1166666666666605,186,2,0.04559627300814735,-0.9989599490909365,0.04559627300814735,-0.9989599490909365,0.9989599490909365,0.04559627300814735,38.713067333049544,-41.52329292591095,207.95056961176644,-41.141875235897146,-10.764400460930702,-43.78162984055814,88.19053512702979,-39.264956011263756,99.05796091025518,1.1792614394077998,93.22953727734611,2.613380083839516,-0.04483682042323549,-0.6813664542129177,0.9989943240751344,0.6758388419363557,0.9999997110250659,0.0007602300867246703,-0.9999997110250659,-0.0007602300867246703,0.9999999842232672,C0,0.9952855448063426,0.058190451681607296,0.06098567704917572,MERGE_EXISTING,LEFT,True
M5_UNEQUAL_WIDTH,C0,O38,3.1166666666666605,186,3,0.1397363035905325,-0.9901887524400862,0.13973630359053252,-0.9901887524400863,0.9901887524400862,0.1397363035905325,39.041776399177046,-36.75293855997435,208.27927867789396,-36.37152086996055,-10.764400460930702,-43.78162984055814,88.8479532592848,-29.724247279390568,100.59935893509635,1.197611415894004,87.06566590799636,8.032587565173259,-0.13898349192910206,-0.7276066679361813,0.990294698042554,0.6383260506942994,0.9999997110250659,0.0007602300867246703,-0.9999997110250659,-0.0007602300867246703,0.9999999842232672,C0,0.9999967289526963,0.0077620445935571184,0.007825690261250103,MERGE_EXISTING,LEFT,True
M5_UNEQUAL_WIDTH,KNOWN_PARENT_PATH,O39,3.1166666666666605,186,6,-0.985849859426252,0.16763070920699225,-0.985849859426252,0.16763070920699225,0.16763070920699225,0.985849859426252,-3.6228932364574895,-1.7818439621553352,165.61460904225942,-1.4004262721415326,-10.764400460930702,-43.78162984055814,3.518613988015723,40.21794191624747,85.20523785000277,1.0143480696428901,95.83704054757825,9.811843128234614,0.9857221366317557,0.8976760843718917,0.1683801334900482,0.021175154334867767,0.9999997110250659,0.0007602300867246703,-0.9999997110250659,-0.0007602300867246703,0.9999999842232672,C0,-0.3061809691648233,0.6500133206318501,0.6551614892167987,KNOWN_PARENT_PATH,INCOMING_PATH,True
M5_UNEQUAL_WIDTH,C2,O40,3.1166666666666605,186,16,0.9819411625821568,0.18918655667568499,0.9819411625821569,0.189186556675685,-0.18918655667568499,0.9819411625821568,95.740811149226,-10.869198660990397,264.9783134279429,-10.487780970976594,102.89053512702978,-47.97864448139988,88.59108717142223,26.240247159419088,75.58384806442946,0.8998077150527317,53.644188555936935,10.905316390834173,-0.9820847041381627,-0.9935313600287186,0.18844000079032389,1.1470929933817031,0.9999997110250659,0.0007602300867246703,-0.9999997110250659,-0.0007602300867246703,0.9999999842232672,C2,0.9999987893404186,0.013005731274373171,0.013360532999352073,MERGE_EXISTING,FORWARD,True
M5_UNEQUAL_WIDTH,C2,O41,3.1166666666666605,186,20,0.9999813050574478,-0.006114698324823264,0.9999813050574478,-0.006114698324823264,0.006114698324823264,0.9999813050574478,88.39081114922601,-6.512354425922334,257.6283134279429,-6.130936735908532,88.19053512702979,-39.264956011263756,88.59108717142223,26.240247159419088,65.50642780958755,0.7798384263046136,61.369608735000114,0.3503485902595571,-0.9999763675102782,-0.9972407145812829,0.006874912432095591,1.0551237055357126,0.9999997110250659,0.0007602300867246703,-0.9999997110250659,-0.0007602300867246703,0.9999999842232672,C2,0.9804610763284193,0.09665645053335718,0.09801521007781021,MERGE_EXISTING,FORWARD,True
M5_UNEQUAL_WIDTH,C2,O42,3.1166666666666605,186,23,0.9999894670137893,0.004589756145772915,0.9999894670137893,0.004589756145772915,-0.004589756145772915,0.9999894670137893,88.71952021535351,-1.74200005998574,257.95702249407043,-1.3605823699719373,88.8479532592848,-29.724247279390568,88.59108717142223,26.240247159419088,55.96508391826684,0.6662509990269863,61.26337942285885,0.2629745794502014,-0.9999926673126117,-0.9997920777212178,0.003829532740216785,1.0563883402040615,0.9999997110250659,0.0007602300867246703,-0.9999997110250659,-0.0007602300867246703,0.9999999842232672,C2,0.9825105808619694,0.12770466200867897,0.12983297679329361,MERGE_EXISTING,FORWARD,True
M5_UNEQUAL_WIDTH,C1,O43,3.1166666666666605,186,27,0.16212955925816802,0.9867694796733187,0.16212955925816802,0.9867694796733187,-0.9867694796733187,0.16212955925816802,46.05485057971897,33.22909453783328,215.2923528584359,33.61051222784708,88.59108717142223,26.240247159419088,3.518613988015723,40.21794191624747,86.2131175880822,1.0263466379533595,52.21845848939771,9.330525123763863,-0.16287968425389862,-0.8113973741742792,0.9866459387527778,0.676083784520169,0.9999997110250659,0.0007602300867246703,-0.9999997110250659,-0.0007602300867246703,0.9999999842232672,C1,0.9999652780662528,0.008777590314966036,0.009760872400153353,MERGE_EXISTING,RIGHT,True
M5_UNEQUAL_WIDTH,C0,O44,3.21666666666666,192,1,-0.038482335437179535,-0.9992592805970332,-0.03848233543717954,-0.9992592805970333,0.9992592805970332,-0.038482335437179535,41.92258466062059,-45.97385898856871,215.33994698038447,-45.588686418775445,-14.902022646731208,-43.78549442498819,98.7471919679724,-48.162223552149236,113.73345919469566,1.3539697523178054,85.35720773440377,2.205419965705005,0.03923930793605545,-0.6732399146472808,0.9992298417845112,0.740692321746546,0.9999997130629962,0.0007575446689168253,-0.9999997130629962,-0.0007575446689168253,0.9999999856944807,C0,0.9836200939060435,0.1439923329721521,0.1451610774963967,MERGE_EXISTING,LEFT,True
M5_UNEQUAL_WIDTH,C0,O45,3.21666666666666,192,2,0.046428740149760755,-0.9989216045757073,0.04642874014976076,-0.9989216045757074,0.9989216045757073,0.046428740149760755,34.53539070959596,-41.48769967524687,207.95275302935983,-41.10252710545361,-14.902022646731208,-43.78549442498819,83.97280406592313,-39.189904925505566,98.98156798265614,1.1783519997935255,96.01924013309996,2.6611275100569287,-0.045671999091425,-0.6391898168806063,0.9989564897927201,0.642628093653572,0.9999997130629962,0.0007575446689168253,-0.9999997130629962,-0.0007575446689168253,0.9999999856944807,C0,0.9953660241804124,0.05772469039255245,0.06076523450649888,MERGE_EXISTING,LEFT,True
M5_UNEQUAL_WIDTH,C0,O46,3.21666666666666,192,3,0.14653073522911583,-0.9892061178708988,0.14653073522911586,-0.989206117870899,0.9892061178708988,0.14653073522911583,34.726060952084694,-36.43410481429879,208.14342327184858,-36.04893224450553,-14.902022646731208,-43.78549442498819,84.3541445509006,-29.08271520360939,100.33921687753423,1.1945144866373123,91.81983736152094,8.425930736838069,-0.1457813253629727,-0.6893869504406043,0.9893168376083645,0.5991943881625094,0.9999997130629962,0.0007575446689168253,-0.9999997130629962,-0.0007575446689168253,0.9999999856944807,C0,0.9999907232493519,0.00655880723829585,0.007011721049918403,MERGE_EXISTING,LEFT,True
M5_UNEQUAL_WIDTH,KNOWN_PARENT_PATH,O47,3.21666666666666,192,6,-0.9846255912522963,0.17467811840944955,-0.9846255912522964,0.17467811840944958,0.17467811840944955,0.9846255912522963,-7.451011323365604,-1.785634932000118,165.96635099639826,-1.4004623622068562,-14.902022646731208,-43.78549442498819,0.0,40.21422456098795,85.31133024801952,1.0156110743811848,142.33801188650742,10.152127817008875,0.9844929822494017,0.972640752404024,0.17542396615536587,0.02117904654348713,0.9999997130629962,0.0007575446689168253,-0.9999997130629962,-0.0007575446689168253,0.9999999856944807,C0,-0.31298251804804217,0.6467959017214907,0.6523815541707351,KNOWN_PARENT_PATH,INCOMING_PATH,True
M5_UNEQUAL_WIDTH,C2,O48,3.21666666666666,192,16,0.980732199969955,0.1953569859055273,0.980732199969955,0.1953569859055273,-0.1953569859055273,0.980732199969955,91.3971472821595,-11.263489364672084,264.81450960192336,-10.878316794878822,98.7471919679724,-48.162223552149236,84.04710259634658,25.635244822805067,75.2473186637648,0.8958014126638667,57.911430003583845,11.265578464601873,-0.9808799102048044,-0.992398822830791,0.19461398140065678,1.0962924999573351,0.9999997130629962,0.0007575446689168253,-0.9999997130629962,-0.0007575446689168253,0.9999999856944807,C2,0.9999888055268116,0.017860306550179426,0.01860892132545468,MERGE_EXISTING,FORWARD,True
M5_UNEQUAL_WIDTH,C2,O49,3.21666666666666,192,20,0.9999993431851447,-0.0011461366755270127,0.9999993431851448,-0.0011461366755270129,0.0011461366755270127,0.9999993431851447,84.00995333113485,-6.7773300513502495,257.4273156508987,-6.392157481556988,83.97280406592313,-39.189904925505566,84.04710259634658,25.635244822805067,64.82519232645996,0.7717284800769042,65.71711643919394,0.0656688086302637,-0.999998187998601,-0.9967005345126242,0.0019036805180082223,1.0033676614381672,0.9999997130629962,0.0007575446689168253,-0.9999997130629962,-0.0007575446689168253,0.9999999856944807,C2,0.9814263590613818,0.09766978263960266,0.1025908304634476,MERGE_EXISTING,FORWARD,True
M5_UNEQUAL_WIDTH,C2,O50,3.21666666666666,192,23,0.9999842567135767,0.005611267681696653,0.9999842567135767,0.005611267681696653,-0.005611267681696653,0.9999842567135767,84.20062357362359,-1.7237351904021612,257.61798589338747,-1.3385626206088994,84.3541445509006,-29.08271520360939,84.04710259634658,25.635244822805067,54.71882148049377,0.6514145414344497,65.78173432566017,0.3215036430557916,-0.9999882205670084,-0.9997747274033358,0.004853733328942192,1.0025984008849982,0.9999997130629962,0.0007575446689168253,-0.9999997130629962,-0.0007575446689168253,0.9999999856944807,C2,0.9827002830363677,0.1306050753409496,0.1381423190155012,MERGE_EXISTING,FORWARD,True
M5_UNEQUAL_WIDTH,C1,O51,3.21666666666666,192,27,0.17090981198304478,0.9852866771493057,0.17090981198304478,0.9852866771493057,-0.9852866771493057,0.17090981198304478,42.02355129817329,32.92473469189651,215.44091361793716,33.30990726168977,84.04710259634658,25.635244822805067,0.0,40.21422456098795,85.30218112713857,1.0155021562754591,53.27186688270041,9.756167901112008,-0.17165616161232464,-0.7876378661464737,0.9851569226171654,0.6355422696471231,0.9999997130629962,0.0007575446689168253,-0.9999997130629962,-0.0007575446689168253,0.9999999856944807,C1,0.9998514305284831,0.01224399517960941,0.016239996533608587,MERGE_EXISTING,RIGHT,True
M5_UNEQUAL_WIDTH,C0,O52,3.3166666666666598,198,1,-0.039604374977479165,-0.9992154389733193,-0.039604374977479165,-0.9992154389733193,0.9992154389733193,-0.039604374977479165,38.09806466601352,-46.054695190650776,215.49183376019525,-45.66571880313163,-18.601935142916787,-43.807363968503964,94.79806447494383,-48.30202641279759,113.48903869457584,1.3510599844592361,87.70923471217787,2.2683929694199207,0.04035848214434788,-0.6368254702788737,0.9991852645625857,0.7115520587112126,0.999999715205943,0.0007547105624530683,-0.999999715205943,-0.0007547105624530683,0.9999999848313813,C0,0.9834170673507164,0.14585322612657686,0.14754265679683365,MERGE_EXISTING,LEFT,True
M5_UNEQUAL_WIDTH,C0,O53,3.3166666666666598,198,2,0.14707684443515942,-0.9891250688517585,0.14707684443515942,-0.9891250688517585,0.9891250688517585,0.14707684443515942,30.748058994079614,-36.469321855195794,208.14182808826132,-36.08034546767665,-18.601935142916787,-43.807363968503964,80.09805313107601,-29.13127974188762,99.78514485389623,1.1879183911178122,99.77788263861976,8.428062073621831,-0.14633029941149867,-0.644012904174687,0.9892357876028048,0.5678776786345235,0.999999715205943,0.0007547105624530683,-0.999999715205943,-0.0007547105624530683,0.9999999848313813,C0,0.9999881927909215,0.00640420843478743,0.0074012306514123416,MERGE_EXISTING,LEFT,True
M5_UNEQUAL_WIDTH,KNOWN_PARENT_PATH,O54,3.3166666666666598,198,5,-0.9855729292816753,0.16925129561435479,-0.9855729292816754,0.1692512956143548,0.16925129561435479,0.9855729292816753,-11.387883699119811,-1.7989776359584368,166.0058853950619,-1.4100012484392948,-18.601935142916787,-43.807363968503964,-4.173832255322836,40.20940869658709,85.24663185130888,1.0148408553727246,138.4708970132383,8.786681154591207,0.9854449128558532,0.9878685424546382,0.16999506971238834,0.02129299385266625,0.999999715205943,0.0007547105624530683,-0.999999715205943,-0.0007547105624530683,0.9999999848313813,C0,-0.30774567269744235,0.6463620983259949,0.6549287775907727,KNOWN_PARENT_PATH,INCOMING_PATH,True
M5_UNEQUAL_WIDTH,C2,O55,3.3166666666666598,198,13,0.9883677911670055,0.15208257422747223,0.9883677911670055,0.15208257422747223,-0.15208257422747223,0.9883677911670055,89.11922383368838,-11.39587059910166,266.5129929278701,-11.006894211582518,94.79806447494383,-48.30202641279759,83.44038319243293,25.51028521459427,74.68101681079541,0.8890597239380407,60.155122998411755,8.747634118946422,-0.9884822880108669,-0.9918272565232441,0.15133659930367677,1.0695818690665264,0.999999715205943,0.0007547105624530683,-0.999999715205943,-0.0007547105624530683,0.9999999848313813,C2,0.9992312014407412,0.025796864926607214,0.031162816711058323,MERGE_EXISTING,FORWARD,True
M5_UNEQUAL_WIDTH,C2,O56,3.3166666666666598,198,16,0.9981344547065905,-0.06105415897035333,0.9981344547065906,-0.06105415897035334,0.06105415897035333,0.9981344547065905,81.76921816175448,-1.8104972636466758,259.1629872559362,-1.4215208761275338,80.09805313107601,-29.13127974188762,83.44038319243293,25.51028521459427,54.743691793050274,0.6517106165839318,68.21074068603953,3.5003225716537827,-0.998088092225173,-0.9997379748737024,0.0618074441982071,0.973681658499529,0.999999715205943,0.0007547105624530683,-0.999999715205943,-0.0007547105624530683,0.9999999848313813,C2,0.9681703838508762,0.11810155249086182,0.15076075744301665,MERGE_EXISTING,FORWARD,True
M5_UNEQUAL_WIDTH,C1,O57,3.3166666666666598,198,20,0.16545855741823234,0.9862167438129802,0.16545855741823237,0.9862167438129803,-0.9862167438129802,0.16545855741823234,39.63327546855505,32.85984695559068,217.02704456273676,33.24882334310983,83.44038319243293,25.51028521459427,-4.173832255322836,40.20940869658709,88.8387020372576,1.057603595681638,53.07694869359319,9.52387402939928,-0.16620281849004223,-0.770304067107432,0.9860915896233808,0.6129005777786349,0.999999715205943,0.0007547105624530683,-0.999999715205943,-0.0007547105624530683,0.9999999848313813,C1,0.9999314633470091,0.029623799050111692,0.030017666606945017,MERGE_EXISTING,RIGHT,True
M5_UNEQUAL_WIDTH,C0,O58,3.4166666666666594,204,0,-0.03890829517716812,-0.9992427855963767,-0.03890829517716812,-0.9992427855963767,0.9992427855963767,-0.03890829517716812,34.244523133317784,-46.14828163619043,215.49890910478084,-45.75401854593155,-22.455462705202564,-43.94051009423255,90.94450897183813,-48.356053178148315,113.48590483879285,1.351022676652296,92.53391206457944,2.217444205915058,0.03977196571994247,-0.595214043354366,0.9992087823587079,0.6841200944692923,0.9999996264584867,0.0008643395670075711,-0.9999996264584867,-0.0008643395670075711,0.9999999611517669,C0,0.9835431660369,0.14671516231136456,0.14791420775958977,MERGE_EXISTING,LEFT,True
M5_UNEQUAL_WIDTH,C0,O59,3.4166666666666594,204,1,0.0515220966853204,-0.998671854791727,0.05152209668532041,-0.9986718547917272,0.998671854791727,0.0515220966853204,26.894523133317783,-41.394513899795186,208.14890910478084,-41.000250809536304,-22.455462705202564,-43.94051009423255,76.24450897183813,-38.84851770535783,98.83123390678169,1.1765623084140677,100.63583125820003,2.9657060282558376,-0.05065888584112511,-0.5440937192999499,0.9987160143330714,0.5876686754976189,0.9999996264584867,0.0008643395670075711,-0.9999996264584867,-0.0008643395670075711,0.9999999611517669,C0,0.9958434390277614,0.05671338217316977,0.06045510483271874,MERGE_EXISTING,LEFT,True
M5_UNEQUAL_WIDTH,C0,O60,3.4166666666666594,204,2,0.14766091796112335,-0.9890380444183521,0.14766091796112338,-0.9890380444183522,0.9890380444183521,0.14766091796112335,26.89448639879967,-36.572685542733964,208.14887237026272,-36.17842245247508,-22.455462705202564,-43.94051009423255,76.2444355028019,-29.20486099123537,99.79383378123674,1.188021830729009,104.60314188775921,8.424222283371222,-0.14680599808857403,-0.591734015314221,0.9891653041454787,0.5404387870504856,0.9999996264584867,0.0008643395670075711,-0.9999996264584867,-0.0008643395670075711,0.9999999611517669,C0,0.9999851488264319,0.006187754556121368,0.00719092633720958,MERGE_EXISTING,LEFT,True
M5_UNEQUAL_WIDTH,KNOWN_PARENT_PATH,O61,3.4166666666666594,204,5,-0.9851600413063584,0.17163826208993824,-0.9851600413063584,0.17163826208993824,0.17163826208993824,0.9851600413063584,-15.125422986668958,-1.8679433835309425,166.1289629847941,-1.473680293272059,-22.455462705202564,-43.94051009423255,-7.795383268135355,40.204623327170665,85.41265367383728,1.01681730564092,134.75967083656883,9.84740922634623,0.985011319567049,0.9925659552267319,0.172489710779458,0.022052289042406713,0.9999996264584867,0.0008643395670075711,-0.9999996264584867,-0.0008643395670075711,0.9999999611517669,C0,-0.31004961824230004,0.6447520997033441,0.6539540915000092,KNOWN_PARENT_PATH,INCOMING_PATH,True
M5_UNEQUAL_WIDTH,C2,O62,3.4166666666666594,204,9,0.9836889016600932,0.1798781386126722,0.9836889016600932,0.1798781386126722,-0.1798781386126722,0.9836889016600932,84.1571809558767,-11.238595255123517,265.4115669273398,-10.844332164864634,90.94450897183813,-48.356053178148315,77.36985293991526,25.87886266790128,75.46584669275954,0.898402936818566,65.09571783620886,10.362661807043992,-0.9838440100038948,-0.9910858841582136,0.17902783018138907,1.0107652638546565,0.9999996264584867,0.0008643395670075711,-0.9999996264584867,-0.0008643395670075711,0.9999999611517669,C2,0.9999392013968211,0.017712008922066605,0.018760818275366686,MERGE_EXISTING,FORWARD,True
M5_UNEQUAL_WIDTH,C2,O63,3.4166666666666594,204,13,0.9998488994393281,-0.017383276157387197,0.9998488994393283,-0.0173832761573872,0.017383276157387197,0.9998488994393281,76.8071809558767,-6.484827518728274,258.06156692733975,-6.09056442846939,76.24450897183813,-38.84851770535783,77.36985293991526,25.87886266790128,64.73716219476304,0.7706805023186076,72.91954829960812,0.9960385257606106,-0.9998335009008701,-0.9963816438274191,0.0182474786288263,0.9176244250046652,0.9999996264584867,0.0008643395670075711,-0.9999996264584867,-0.0008643395670075711,0.9999999611517669,C2,0.9781820221685278,0.09216255091521759,0.10195464046291364,MERGE_EXISTING,FORWARD,True
M5_UNEQUAL_WIDTH,C2,O64,3.4166666666666594,204,16,0.9997913517418655,-0.020426771212639246,0.9997913517418655,-0.020426771212639246,0.020426771212639246,0.9997913517418655,76.80714422135858,-1.6629991616670452,258.06153019282164,-1.2687360714081617,76.2444355028019,-29.20486099123537,77.36985293991526,25.87886266790128,55.09521918065023,0.6558954664363122,73.1748545744801,1.170449184757146,-0.9997733226117057,-0.9997466026170766,0.02129092280645469,0.9145850645895227,0.9999996264584867,0.0008643395670075711,-0.9999996264584867,-0.0008643395670075711,0.9999999611517669,C2,0.9775450927405619,0.12771077783987192,0.1377325689711501,MERGE_EXISTING,FORWARD,True
M5_UNEQUAL_WIDTH,C1,O65,3.4166666666666594,204,20,0.165880929563485,0.986145789022675,0.165880929563485,0.986145789022675,-0.986145789022675,0.165880929563485,34.787234835889954,33.04174299753598,216.041620807353,33.43600608779486,77.36985293991526,25.87886266790128,-7.795383268135355,40.204623327170665,86.36170955255416,1.028115589911359,58.014131919138414,9.548413271586327,-0.16673323242436172,-0.7256582152320217,0.9860020432054509,0.5711691484339939,0.9999996264584867,0.0008643395670075711,-0.9999996264584867,-0.0008643395670075711,0.9999999611517669,C1,0.9999263573693367,0.017784265756500085,0.01879781142449348,MERGE_EXISTING,RIGHT,True
M5_UNEQUAL_WIDTH,C0,O66,3.516666666666659,210,1,-0.03912952615812808,-0.9992341468257779,-0.03912952615812808,-0.9992341468257779,0.9992341468257779,-0.03912952615812808,30.362563321808345,-46.039222206264014,215.48672151735286,-45.63745195281554,-26.337436494603477,-43.8188776223344,87.06256313822017,-48.259566790193624,113.48691394610194,1.3510346898345469,94.85024720972382,2.2410241781206963,0.04023849236027184,-0.5496207490635961,0.9991901039004402,0.6565446760747164,0.9999993841270917,0.0011098402756568278,-0.9999993841270917,-0.0011098402756568278,0.999999910147947,C0,0.9835031409388253,0.14555606943657015,0.14723562123360967,MERGE_EXISTING,LEFT,True
M5_UNEQUAL_WIDTH,C0,O67,3.516666666666659,210,2,0.1466512396636578,-0.9891882600926439,0.14665123966365784,-0.989188260092644,0.9891882600926439,0.1466512396636578,23.012543688362584,-36.50253950634108,208.1367018839071,-36.100769252892604,-26.337436494603477,-43.8188776223344,72.36252387132865,-29.18620139034777,99.77874217460712,1.187842168745323,106.84895647355921,8.388068155470435,-0.1455533083738746,-0.5323629662160171,0.9893504103306471,0.5137028991242952,0.9999993841270917,0.0011098402756568278,-0.9999993841270917,-0.0011098402756568278,0.999999910147947,C0,0.9999901911039124,0.006267285406439334,0.007136437487187891,MERGE_EXISTING,LEFT,True
M5_UNEQUAL_WIDTH,KNOWN_PARENT_PATH,O68,3.516666666666659,210,5,-0.9857426806044335,0.16825982180777987,-0.9857426806044335,0.16825982180777987,0.16825982180777987,0.9857426806044335,-19.15042620058521,-1.7140975468472561,165.9737319949593,-1.312327293398778,-26.337436494603477,-43.8188776223344,-11.963415906566937,40.390682528639886,85.42752769854606,1.0169943773636436,130.7730149512679,9.686656809686667,0.9855553319852047,0.996116485882085,0.1693537351094828,0.02012989255149255,0.9999993841270917,0.0011098402756568278,-0.9999993841270917,-0.0011098402756568278,0.999999910147947,C0,-0.3067884343266465,0.6474023598270071,0.6559071876215506,KNOWN_PARENT_PATH,INCOMING_PATH,True
M5_UNEQUAL_WIDTH,C2,O69,3.516666666666659,210,13,0.9829942074417758,0.1836365653564544,0.9829942074417758,0.1836365653564544,-0.1836365653564544,0.9829942074417758,80.13394308054552,-11.171128716661055,265.25810127609003,-10.769358463212576,87.06256313822017,-48.259566790193624,73.20532302287089,25.917309356871513,75.46013555879347,0.8983349471284937,69.09114417790647,10.581651563839216,-0.9831974092985902,-0.9902685527505397,0.18254548569751258,0.9632006645487324,0.9999993841270917,0.0011098402756568278,-0.9999993841270917,-0.0011098402756568278,0.999999910147947,C2,0.9999740435528067,0.01648850463222369,0.016829617721442064,MERGE_EXISTING,FORWARD,True
M5_UNEQUAL_WIDTH,C2,O70,3.516666666666659,210,16,0.9998830545157558,-0.015293047186287776,0.9998830545157559,-0.015293047186287777,0.015293047186287776,0.9998830545157558,72.78392344709977,-1.6344460167381278,257.9080816426443,-1.2326757632896497,72.36252387132865,-29.18620139034777,73.20532302287089,25.917309356871513,55.109955607664496,0.656070900091244,77.19772719114526,0.8762612181991898,-0.9998654658751662,-0.9997224240310133,0.016402748252562684,0.8666937239149374,0.9999993841270917,0.0011098402756568278,-0.9999993841270917,-0.0011098402756568278,0.999999910147947,C2,0.9786141868732028,0.1292327163352473,0.1365877517050674,MERGE_EXISTING,FORWARD,True
M5_UNEQUAL_WIDTH,C1,O71,3.516666666666659,210,20,0.1675357269564095,0.9858660051919771,0.1675357269564095,0.9858660051919771,-0.9858660051919771,0.1675357269564095,30.620953558151975,33.1539959427557,215.74511175369648,33.555766196204175,73.20532302287089,25.917309356871513,-11.963415906566937,40.390682528639886,86.3897715114469,1.0284496608505582,60.972464418927004,9.64457180835322,-0.16862977757465705,-0.6793015138515689,0.9856794601264256,0.5372768539306952,0.9999993841270917,0.0011098402756568278,-0.9999993841270917,-0.0011098402756568278,0.999999910147947,C1,0.9999045817063464,0.013979183554307252,0.015608346426844983,MERGE_EXISTING,RIGHT,True
M5_UNEQUAL_WIDTH,C0,O72,3.6166666666666587,216,0,-0.05364379072355738,-0.998560135253159,-0.05364379072355738,-0.998560135253159,0.998560135253159,-0.05364379072355738,26.275460794010552,-46.8632633256553,215.37002786470924,-46.45255813597341,-30.520612212794468,-43.81211342818367,83.07153380081557,-49.914413223126935,113.75593918017937,1.3542373711926114,96.27323488737392,3.0750388272634837,0.055021952437181665,-0.48785284264047657,0.9984851449821376,0.6396043465788819,0.9999990475233751,0.0013802001095623644,-0.9999990475233751,-0.0013802001095623644,0.9999998496362673,C0,0.9807710626714746,0.15227812602385743,0.15368680462563733,MERGE_EXISTING,LEFT,True
M5_UNEQUAL_WIDTH,C0,O73,3.6166666666666587,216,1,0.0438412828883821,-0.9990385087246141,0.043841282888382106,-0.9990385087246142,0.9990385087246141,0.0438412828883821,18.90796792789723,-41.643015494726065,208.00253499859593,-41.23231030504417,-30.520612212794468,-43.81211342818367,68.33654806858893,-39.47391756126846,98.95230205649005,1.178003595910596,104.2654180006378,2.51272585090355,-0.04246236807138621,-0.4121711274023299,0.999098066907233,0.5444593095162167,0.9999990475233751,0.0013802001095623644,-0.9999990475233751,-0.0013802001095623644,0.9999998496362673,C0,0.9951136255249176,0.059307151554316775,0.06265563823261995,MERGE_EXISTING,LEFT,True
M5_UNEQUAL_WIDTH,C0,O74,3.6166666666666587,216,2,0.1468212853136273,-0.9891630351862398,0.14682128531362731,-0.9891630351862399,0.9891630351862398,0.1468212853136273,18.9999047296177,-36.4617923099756,208.0944718003164,-36.05108712029371,-30.520612212794468,-43.81211342818367,68.52042167202987,-29.11147119176753,100.1260968735825,1.191977343733125,108.88481207399941,8.442760046407784,-0.14545590254024587,-0.4608895889523127,0.9893647357856465,0.4894665229285784,0.9999990475233751,0.0013802001095623644,-0.9999990475233751,-0.0013802001095623644,0.9999998496362673,C0,0.9999894149224772,0.006015727644022983,0.006709257414912023,MERGE_EXISTING,LEFT,True
M5_UNEQUAL_WIDTH,KNOWN_PARENT_PATH,O75,3.6166666666666587,216,5,-0.9853426928735803,0.1705865692270088,-0.9853426928735803,0.1705865692270088,0.1705865692270088,0.9853426928735803,-23.226652978596317,-1.6807225097654275,165.86791409210238,-1.2700173200835336,-30.520612212794468,-43.81211342818367,-15.932693744398165,40.45066840865282,85.51621932781454,1.0180502300930303,126.7126163611502,9.821925171968275,0.985106310756161,0.9974907851130208,0.17194637683994968,0.019625160888529575,0.9999990475233751,0.0013802001095623644,-0.9999990475233751,-0.0013802001095623644,0.9999998496362673,C0,-0.3090346086556388,0.6486913220150894,0.6548968149084081,KNOWN_PARENT_PATH,INCOMING_PATH,True
M5_UNEQUAL_WIDTH,C2,O76,3.6166666666666587,216,9,0.9836548244640075,0.18006439489438955,0.9836548244640075,0.18006439489438955,-0.18006439489438955,0.9836548244640075,76.13543251595775,-12.023915794009746,265.22999958665645,-11.613210604327852,83.07153380081557,-49.914413223126935,69.1993312310999,25.866581635107444,77.04023095655263,0.9171456066256266,72.92095852040326,10.37351064721014,-0.9839024124533419,-0.9875416601929431,0.17870658289076566,0.917607636661866,0.9999990475233751,0.0013802001095623644,-0.9999990475233751,-0.0013802001095623644,0.9999998496362673,C2,0.9999412714012884,0.026443151565746444,0.02674204370775026,MERGE_EXISTING,FORWARD,True
M5_UNEQUAL_WIDTH,C2,O77,3.6166666666666587,216,13,0.9999128330915228,-0.013203265462928493,0.9999128330915228,-0.013203265462928493,0.013203265462928493,0.9999128330915228,68.76793964984441,-6.803667963080507,257.86250672054314,-6.3929627733986125,68.33654806858893,-39.47391756126846,69.1993312310999,25.866581635107444,65.34619522219417,0.7779308955023115,80.89631398082668,0.0918318224729262,-0.9998936575494839,-0.9950045748304038,0.014583332688912501,0.8226629287996827,0.9999990475233751,0.0013802001095623644,-0.9999990475233751,-0.0013802001095623644,0.9999998496362673,C2,0.979041970108778,0.09286499446532301,0.09958668941659399,MERGE_EXISTING,FORWARD,True
M5_UNEQUAL_WIDTH,C2,O78,3.6166666666666587,216,16,0.999923763056377,-0.012347796369179683,0.999923763056377,-0.012347796369179683,0.012347796369179683,0.999923763056377,68.85987645156489,-1.6224447783300437,257.9544435222636,-1.21173958864815,68.52042167202987,-29.11147119176753,69.1993312310999,25.866581635107444,54.98224450514958,0.6545505298232093,81.12101255111607,0.04281305195895868,-0.9999057682224644,-0.9996890795873202,0.013727879495516696,0.819987945820047,0.9999990475233751,0.0013802001095623644,-0.9999990475233751,-0.0013802001095623644,0.9999998496362673,C2,0.9792158496374678,0.12905782833340798,0.1365885462411188,MERGE_EXISTING,FORWARD,True
M5_UNEQUAL_WIDTH,C1,O79,3.6166666666666587,216,20,0.1688516264537483,0.9856414805820237,0.1688516264537483,0.9856414805820237,-0.9856414805820237,0.1688516264537483,26.63331874335087,33.15862502188013,215.72788581404956,33.56933021156202,69.1993312310999,25.866581635107444,-15.932693744398165,40.45066840865282,86.37220191385147,1.0282404989744223,66.11312308453176,9.721056911056309,-0.17021184810600953,-0.6272950497162325,0.9854074927482217,0.5063133279204133,0.9999990475233751,0.0013802001095623644,-0.9999990475233751,-0.0013802001095623644,0.9999998496362673,C1,0.9998852502109519,0.013731515836976908,0.01571839702908156,MERGE_EXISTING,RIGHT,True
M5_UNEQUAL_WIDTH,C0,O80,3.7166666666666583,222,1,-0.04745036380108763,-0.998873597095821,-0.04745036380108763,-0.998873597095821,0.998873597095821,-0.04745036380108763,22.265544033497495,-46.64966904213439,215.44948659211235,-46.230355398639794,-34.434439128313834,-43.9562002825578,78.96552719530882,-49.34313780171099,113.52784441727947,1.351521957348565,98.30912969538733,2.7033632312872555,0.049051954779273085,-0.4292965951044345,0.9987962283330529,0.6153675036263413,0.9999987144602064,0.0016034581173965026,-0.9999987144602064,-0.0016034581173965026,0.9999998532993596,C0,0.9819624655803645,0.15076140541236313,0.15197052877858666,MERGE_EXISTING,LEFT,True
M5_UNEQUAL_WIDTH,C0,O81,3.7166666666666583,222,2,0.05404024636514347,-0.9985387582727046,0.05404024636514347,-0.9985387582727046,0.9985387582727046,0.05404024636514347,14.9155440334975,-41.28541236763179,208.09948659211236,-40.866098724137196,-34.434439128313834,-43.9562002825578,64.26552719530883,-38.614624452705776,98.84440188817123,1.1767190700972765,106.10286195911394,3.114150656492555,-0.05243906181676892,-0.33827547972604516,0.9986241258830956,0.5225849766772152,0.9999987144602064,0.0016034581173965026,-0.9999987144602064,-0.0016034581173965026,0.9999998532993596,C0,0.9960699497344866,0.055063836821454194,0.05860875525615466,MERGE_EXISTING,LEFT,True
M5_UNEQUAL_WIDTH,C0,O82,3.7166666666666583,222,3,0.14367465997545156,-0.9896249754735065,0.1436746599754516,-0.9896249754735066,0.9896249754735065,0.14367465997545156,15.200657091250061,-36.75013157073842,208.38459964986492,-36.33081792724382,-34.434439128313834,-43.9562002825578,64.83575331081396,-29.544062858919027,100.31092070168289,1.1941776274009868,110.23026092023792,8.26053921360267,-0.14208765307585752,-0.3807344630310452,0.9898540795710216,0.4734492747590724,0.9999987144602064,0.0016034581173965026,-0.9999987144602064,-0.0016034581173965026,0.9999998532993596,C0,0.9999989907288683,0.008945033559869066,0.008981469771860666,MERGE_EXISTING,LEFT,True
M5_UNEQUAL_WIDTH,KNOWN_PARENT_PATH,O83,3.7166666666666583,222,6,-0.9851288025325935,0.17181746832233966,-0.9851288025325936,0.17181746832233968,0.17181746832233966,0.9851288025325935,-27.084441772015833,-1.8144194442811568,166.09950078659904,-1.3951058007865567,-34.434439128313834,-43.9562002825578,-19.73444441571783,40.32736139399549,85.55588006347497,1.0185223817080353,122.85485118807594,9.893507343199872,0.9848520339960241,0.9978695083659218,0.17339686021924888,0.021116588710048324,0.9999987144602064,0.0016034581173965026,-0.9999987144602064,-0.0016034581173965026,0.9999998532993596,C0,-0.3102225573138272,0.6456219732214039,0.6542610653099499,KNOWN_PARENT_PATH,INCOMING_PATH,True
M5_UNEQUAL_WIDTH,C2,O84,3.7166666666666583,222,16,0.9838779913120771,0.17884098582738905,0.9838779913120771,0.17884098582738905,-0.17884098582738905,0.9838779913120771,72.1431601016832,-11.810483857672981,265.32710266029807,-11.39117021417838,78.96552719530882,-49.34313780171099,65.32079300805756,25.722170086365026,76.29534205554353,0.9082778816136134,76.89649065599212,10.302257790270446,-0.9841634905282154,-0.9866028373982557,0.17726314876848795,0.8702798731429512,0.9999987144602064,0.0016034581173965026,-0.9999987144602064,-0.0016034581173965026,0.9999998532993596,C2,0.9999270205672031,0.023933783818092295,0.024618902708468143,MERGE_EXISTING,FORWARD,True
M5_UNEQUAL_WIDTH,C2,O85,3.7166666666666583,222,20,0.9998655108389488,-0.016400007157554686,0.9998655108389489,-0.01640000715755469,0.016400007157554686,0.9998655108389488,64.7931601016832,-6.446227183170375,257.97710266029804,-6.026913539675775,64.26552719530883,-38.614624452705776,65.32079300805756,25.722170086365026,64.34544830443073,0.7660172417194134,84.88696412499723,0.9396933206787139,-0.9998379287474441,-0.9949273548933775,0.018003228544352382,0.775155188988128,0.9999987144602064,0.0016034581173965026,-0.9999987144602064,-0.0016034581173965026,0.9999998532993596,C2,0.9783858521203569,0.09339578790418782,0.10304937408279256,MERGE_EXISTING,FORWARD,True
M5_UNEQUAL_WIDTH,C2,O86,3.7166666666666583,222,23,0.9999614894467144,-0.008776082469320691,0.9999614894467145,-0.008776082469320693,0.008776082469320691,0.9999614894467144,65.07827315943575,-1.9109463862770006,258.2622157180506,-1.4916327427824005,64.83575331081396,-29.544062858919027,65.32079300805756,25.722170086365026,55.26836136045923,0.6579566828626099,84.89367654747073,0.5028389410360035,-0.9999461318757532,-0.9995208134226611,0.010379467554654676,0.7750752791967767,0.9999987144602064,0.0016034581173965026,-0.9999987144602064,-0.0016034581173965026,0.9999998532993596,C2,0.9799340604462284,0.12414109418515817,0.13443471770488033,MERGE_EXISTING,FORWARD,True
M5_UNEQUAL_WIDTH,C1,O87,3.7166666666666583,222,27,0.16923727200516386,0.9855753374370984,0.16923727200516386,0.9855753374370984,-0.9855753374370984,0.16923727200516386,22.793174296169866,33.02476574018026,215.97711685478473,33.444079383674854,65.32079300805756,25.722170086365026,-19.73444441571783,40.32736139399549,86.30008705874685,1.0273819887946054,71.91667925477662,9.743475411142384,-0.17081738321903545,-0.5693469546345475,0.9853027055632197,0.4777005738426804,0.9999987144602064,0.0016034581173965026,-0.9999987144602064,-0.0016034581173965026,0.9999998532993596,C1,0.9998792462961459,0.017031996232476917,0.018761559979836955,MERGE_EXISTING,RIGHT,True
M5_UNEQUAL_WIDTH,C0,O88,3.816666666666658,228,0,-0.05559600149432382,-0.9984533462399949,-0.05559600149432382,-0.9984533462399949,0.9984533462399949,-0.05559600149432382,17.884981995075066,-47.28456178669698,215.22966474655385,-46.85815843862862,-39.03080153821034,-44.11537015818142,74.80076552836047,-50.45375341521255,114.00789781038952,1.3572368786951134,99.44604501797981,3.1870595054323587,0.05734050755960643,-0.3521452416002984,0.9983546795567226,0.6018327974050022,0.9999984734817368,0.0017472933914880334,-0.9999984734817368,-0.0017472933914880334,0.9999999106087187,C0,0.9803876218040597,0.15517209683824051,0.15524160847976565,MERGE_EXISTING,LEFT,True
M5_UNEQUAL_WIDTH,C0,O89,3.816666666666658,228,1,0.051232904167473975,-0.9986867324294273,0.051232904167473975,-0.9986867324294273,0.9986867324294273,0.051232904167473975,10.534981995075082,-41.57263182464096,207.87966474655386,-41.146228476572595,-39.03080153821034,-44.11537015818142,60.100765528360505,-39.029893491100495,99.26192453305275,1.1816895777744374,107.1132938725331,2.936714857711195,-0.049487827231769366,-0.24395266676071636,0.9987747268307695,0.5105560253269867,0.9999984734817368,0.0017472933914880334,-0.9999984734817368,-0.0017472933914880334,0.9999999106087187,C0,0.9958170223454854,0.058194024546150025,0.05901857069581482,MERGE_EXISTING,LEFT,True
M5_UNEQUAL_WIDTH,C0,O90,3.816666666666658,228,2,0.14843042188392322,-0.9889228533406237,0.14843042188392322,-0.9889228533406237,0.9889228533406237,0.14843042188392322,10.534956077620194,-36.675895694565256,207.87963882909898,-36.24949234649689,-39.03080153821034,-44.11537015818142,60.10071369345073,-29.236421230949084,100.2419095653322,1.1933560662539546,111.84103480758398,8.497247151836902,-0.14670225693583983,-0.27440095382157725,0.9891806952270807,0.45427339514780973,0.9999984734817368,0.0017472933914880334,-0.9999984734817368,-0.0017472933914880334,0.9999999106087187,C0,0.9999806056305276,0.0029032936919762345,0.004716086435349968,MERGE_EXISTING,LEFT,True
M5_UNEQUAL_WIDTH,KNOWN_PARENT_PATH,O91,3.816666666666658,228,5,-0.9845325595311949,0.1752017101028244,-0.9845325595311949,0.1752017101028244,0.1752017101028244,0.9845325595311949,-31.531106560249988,-1.9714099878090678,165.8135761912288,-1.5450066397407087,-39.03080153821034,-44.11537015818142,-24.031411582289635,40.172550182563285,85.61212072141129,1.0191919133501344,118.40732461069697,10.063885766016199,0.9842249278340219,0.9981586766710125,0.17692170988918782,0.02289830724121357,0.9999984734817368,0.0017472933914880334,-0.9999984734817368,-0.0017472933914880334,0.9999999106087187,C0,-0.313487548337076,0.647091398582705,0.652303058052797,KNOWN_PARENT_PATH,INCOMING_PATH,True
M5_UNEQUAL_WIDTH,C2,O92,3.816666666666658,228,9,0.9817794801154789,0.19002382067567172,0.981779480115479,0.19002382067567175,-0.19002382067567172,0.9817794801154789,67.4507644597295,-12.479144745886941,264.7954472112083,-12.052741397818583,74.80076552836047,-50.45375341521255,60.10076339109851,25.49546392343867,77.35873368398158,0.9209373057616855,81.40455787888888,10.954174349127797,-0.982110008777264,-0.9829932526523898,0.18830807380333467,0.8166124062037038,0.9999984734817368,0.0017472933914880334,-0.9999984734817368,-0.0017472933914880334,0.9999999106087187,C2,0.9999997526657342,0.031756636585877726,0.03255577577737888,MERGE_EXISTING,FORWARD,True
M5_UNEQUAL_WIDTH,C2,O93,3.816666666666658,228,13,0.9999999999999993,3.312282302165369e-08,0.9999999999999994,3.3122823021653694e-08,-3.312282302165369e-08,0.9999999999999993,60.100764459729504,-6.767214783830912,257.44544721120826,-6.340811435762553,60.100765528360505,-39.029893491100495,60.10076339109851,25.49546392343867,64.52535741453922,0.7681590168397525,89.5194487080815,1.8977979721057636e-06,-0.9999984735396114,-0.9935234901401025,0.0017472602687155733,0.7200065629990294,0.9999984734817368,0.0017472933914880334,-0.9999984734817368,-0.0017472933914880334,0.9999999106087187,C2,0.9816455947748424,0.09769507571122864,0.10336192739569114,MERGE_EXISTING,FORWARD,True
M5_UNEQUAL_WIDTH,C2,O94,3.816666666666658,228,16,0.9999999999995878,-9.08020026018595e-07,0.9999999999995878,-9.08020026018595e-07,9.08020026018595e-07,0.9999999999995878,60.10073854227462,-1.8704786537552067,257.4454212937534,-1.4440753056868476,60.10071369345073,-29.236421230949084,60.10076339109851,25.49546392343867,54.731885154410314,0.6515700613620276,89.87016161903469,5.2025715149284224e-05,-0.9999984718947471,-0.9994601705337927,0.0017482014101272226,0.7158314092972058,0.9999984734817368,0.0017472933914880334,-0.9999984734817368,-0.0017472933914880334,0.9999999106087187,C2,0.9816454152850523,0.13109726124130136,0.139453944172698,MERGE_EXISTING,FORWARD,True
M5_UNEQUAL_WIDTH,C1,O95,3.816666666666658,228,20,0.17185718467132988,0.9851218747326874,0.17185718467132988,0.9851218747326874,-0.9851218747326874,0.17185718467132988,18.034675904404438,32.834007053000974,215.3793586558832,33.260410401069336,60.10076339109851,25.49546392343867,-24.031411582289635,40.172550182563285,85.40280865879402,1.016700103080881,86.50683223430917,9.888065659235508,-0.17357821926972952,-0.48295696950906863,0.9848200860030981,0.44596349650128647,0.9999984734817368,0.0017472933914880334,-0.9999984734817368,-0.0017472933914880334,0.9999999106087187,C1,0.999834393084548,0.012080273495339865,0.016188521969565627,MERGE_EXISTING,RIGHT,True
M5_UNEQUAL_WIDTH,C0,O96,3.9166666666666576,234,0,-0.06409410318445541,-0.9979438591108121,-0.06409410318445541,-0.9979438591108121,0.9979438591108121,-0.06409410318445541,13.967285474617498,-47.701126248517824,215.45725181759406,-47.26959837481652,-42.73265617521069,-44.05950665491186,70.66722712444569,-51.3427458421238,113.63352984675706,1.3527801172232983,100.29605137510202,3.639938174797294,0.06587355576133636,-0.27929776204411383,0.9978279784869524,0.5917136741059282,0.9999984100601038,0.0017832210363399874,-0.9999984100601038,-0.0017832210363399874,0.9999999297350323,C0,0.9786743049318868,0.16073289082918135,0.16178752231224203,MERGE_EXISTING,LEFT,True
M5_UNEQUAL_WIDTH,C0,O97,3.9166666666666576,234,1,0.049289945726391435,-0.9987845119195078,0.049289945726391435,-0.9987845119195078,0.9987845119195078,0.049289945726391435,6.6172854746175105,-41.624090490071836,208.10725181759406,-41.19256261637053,-42.73265617521069,-44.05950665491186,55.967227124445714,-39.18867432523182,98.81999782913198,1.1764285455849044,107.8531925743091,2.8601530796085797,-0.047508813805914804,-0.15524426165106286,0.998870818780264,0.501747707448701,0.9999984100601038,0.0017832210363399874,-0.9999984100601038,-0.0017832210363399874,0.9999999297350323,C0,0.995637385446648,0.05894077585573824,0.062123145086886496,MERGE_EXISTING,LEFT,True
M5_UNEQUAL_WIDTH,C0,O98,3.9166666666666576,234,2,0.14559891592079552,-0.9893436994708609,0.14559891592079552,-0.9893436994708609,0.9893436994708609,0.14559891592079552,6.919260283133738,-36.75237444838814,208.4092266261103,-36.32084657468683,-42.73265617521069,-44.05950665491186,56.57117674147817,-29.445242241864413,100.37344248495278,1.194921934344676,112.6019627458835,8.37196261410466,-0.14383446593020338,-0.1832639405138714,0.9896017615235803,0.44521472921567257,0.9999984100601038,0.0017832210363399874,-0.9999984100601038,-0.0017832210363399874,0.9999999297350323,C0,0.9999943368467245,0.009227622135036003,0.009447584073778267,MERGE_EXISTING,LEFT,True
M5_UNEQUAL_WIDTH,KNOWN_PARENT_PATH,O99,3.9166666666666576,234,5,-0.9852103155528489,0.17134945032959992,-0.9852103155528489,0.17134945032959992,0.17134945032959992,0.9852103155528489,-35.4081770819776,-1.945847434974084,166.08178926099896,-1.5143195612727762,-42.73265617521069,-44.05950665491186,-28.083697988744497,40.16781178496369,85.49171391147235,1.0177584989460993,114.5383964475818,9.857774579049305,0.9849031951832691,0.998589660753482,0.17310602565418565,0.02253562530607438,0.9999984100601038,0.0017832210363399874,-0.9999984100601038,-0.0017832210363399874,0.9999999297350323,C0,-0.3097708966871595,0.6448721350375918,0.6540676337961383,KNOWN_PARENT_PATH,INCOMING_PATH,True
M5_UNEQUAL_WIDTH,C2,O100,3.9166666666666576,234,9,0.9837350646389477,0.17962550654014933,0.9837350646389478,0.17962550654014936,-0.17962550654014933,0.9837350646389477,63.62583431184932,-12.779931757034825,265.1158006548259,-12.348403883333518,70.66722712444569,-51.3427458421238,56.58444149925295,25.782882328054146,78.40081231473104,0.9333430037467981,85.10336335684745,10.34794738687468,-0.9840538125412467,-0.980065331539115,0.17787100388494065,0.7725790076565782,0.9999984100601038,0.0017832210363399874,-0.9999984100601038,-0.0017832210363399874,0.9999999297350323,C2,0.9999363365361797,0.035124823638495326,0.03513553548983094,MERGE_EXISTING,FORWARD,True
M5_UNEQUAL_WIDTH,C2,O101,3.9166666666666576,234,13,0.9999548803075493,-0.009499334140599676,0.9999548803075493,-0.009499334140599676,0.009499334140599676,0.9999548803075493,56.27583431184933,-6.702895998588838,257.76580065482585,-6.27136812488753,55.967227124445714,-39.18867432523182,56.58444149925295,25.782882328054146,64.97448828221441,0.7735058128835048,93.32638760178935,0.5442799403799654,-0.99993635102692,-0.9927687632857243,0.011282459615184594,0.6746858618834599,0.9999984100601038,0.0017832210363399874,-0.9999984100601038,-0.0017832210363399874,0.9999999297350323,C2,0.9797896381882606,0.09448930961320993,0.10022391973149712,MERGE_EXISTING,FORWARD,True
M5_UNEQUAL_WIDTH,C2,O102,3.9166666666666576,234,16,0.9999999711564944,-0.00024018120288300386,0.9999999711564945,-0.0002401812028830039,0.00024018120288300386,0.9999999711564944,56.57780912036556,-1.8311799569051335,258.0677754633421,-1.3996520832038257,56.57117674147817,-29.445242241864413,56.58444149925295,25.782882328054146,55.22812616289133,0.6574776924153729,93.39256493273086,0.01376136937582828,-0.9999979529204706,-0.9994173680400672,0.0020234018059149686,0.6738980365151088,0.9999984100601038,0.0017832210363399874,-0.9999984100601038,-0.0017832210363399874,0.9999999297350323,C2,0.9815997541572696,0.12648483162036772,0.13346641273249546,MERGE_EXISTING,FORWARD,True
M5_UNEQUAL_WIDTH,C1,O103,3.9166666666666576,234,20,0.16749755373701308,0.9858724914978186,0.16749755373701308,0.9858724914978186,-0.9858724914978186,0.16749755373701308,14.250371755254225,32.975347056508916,215.74033809823078,33.40687493021022,56.58444149925295,25.782882328054146,-28.083697988744497,40.16781178496369,85.88143012222874,1.0223979776455803,107.31439871978203,9.642353294726547,-0.16925531599195773,-0.3983307733295257,0.9855722388584525,0.42765222334256736,0.9999984100601038,0.0017832210363399874,-0.9999984100601038,-0.0017832210363399874,0.9999999297350323,C1,0.9999051158411807,0.014628971054352664,0.016449206432237212,MERGE_EXISTING,RIGHT,True
M5_UNEQUAL_WIDTH,C0,O104,4.016666666666658,240,0,-0.07235649318506635,-0.9973788336905689,-0.07235649318506635,-0.9973788336905689,0.9973788336905689,-0.07235649318506635,9.879044049380756,-47.9534394037818,215.41075715489086,-47.51877422374486,-46.890917275196834,-43.83496888792096,66.64900537395835,-52.071909919642636,113.83831179675937,1.3552179975804688,101.03952755557012,4.149347690572341,0.07401476509422325,-0.20014710379602335,0.9972571456490281,0.5828627671955939,0.9999986176631479,0.0016627302226451931,-0.9999986176631479,-0.0016627302226451931,0.999999854003265,C0,0.9769395490472998,0.1628447129639324,0.1645638062175504,MERGE_EXISTING,LEFT,True
M5_UNEQUAL_WIDTH,C0,O105,4.016666666666658,240,1,0.047382870701201084,-0.9988768009940532,0.047382870701201084,-0.9988768009940532,0.9988768009940532,0.047382870701201084,2.529044049380765,-41.49067614313955,208.06075715489087,-41.056010963102615,-46.890917275196834,-43.83496888792096,51.949005373958364,-39.14638339835815,98.95106438631129,1.177988861741801,108.43231699242068,2.7158554039156684,-0.045721942556400795,-0.0591818589397979,0.998954205140991,0.49485336913784894,0.9999986176631479,0.0016627302226451931,-0.9999986176631479,-0.0016627302226451931,0.999999854003265,C0,0.9954574190600268,0.057271244110772175,0.06096667113602997,MERGE_EXISTING,LEFT,True
M5_UNEQUAL_WIDTH,C0,O106,4.016666666666658,240,2,0.14247176790431343,-0.9897988661087764,0.14247176790431343,-0.9897988661087764,0.9897988661087764,0.14247176790431343,2.6820341787231534,-36.69943228982335,208.21374728423325,-36.26476710978641,-46.890917275196834,-43.83496888792096,52.25498563264314,-29.563895691725747,100.16772730566463,1.192472944115055,113.20269523822202,8.190902151590905,-0.14082580247131926,-0.07122829329469665,0.9900343899876958,0.43806315192592826,0.9999986176631479,0.0016627302226451931,-0.9999986176631479,-0.0016627302226451931,0.999999854003265,C0,0.9999999789140002,0.006875641606841676,0.006875652733552936,MERGE_EXISTING,LEFT,True
M5_UNEQUAL_WIDTH,KNOWN_PARENT_PATH,O107,4.016666666666658,240,6,-0.9853697185233347,0.17043038994628945,-0.9853697185233347,0.17043038994628945,0.17043038994628945,0.9853697185233347,-39.58944734126263,-1.6203886368594773,165.94226576424748,-1.1857234568225432,-46.890917275196834,-43.83496888792096,-32.28797740732843,40.594191614202,85.68272285518137,1.0200324149426354,110.37740543425923,9.812843772204303,0.985084976650239,0.9992300433223624,0.17206855836554885,0.01862239478097781,0.9999986176631479,0.0016627302226451931,-0.9999986176631479,-0.0016627302226451931,0.999999854003265,C0,-0.3088838629131729,0.6486586706713802,0.6555585658840825,KNOWN_PARENT_PATH,INCOMING_PATH,True
M5_UNEQUAL_WIDTH,C2,O108,4.016666666666658,240,10,0.9828191496297906,0.18457117630056802,0.9828191496297906,0.18457117630056802,-0.18457117630056802,0.9828191496297906,59.368383362098335,-13.303479886885835,264.9000964676084,-12.868814706848902,66.64900537395835,-52.071909919642636,52.087761350238324,25.464950145870965,78.89229681240975,0.9391940096715446,68.67647542130348,10.621849625345789,-0.9831246831157252,-0.975435971330409,0.18293675805754528,0.7242937290313192,0.9999986176631479,0.0016627302226451931,-0.9999986176631479,-0.0016627302226451931,0.999999854003265,C2,0.9999804424822938,0.04135846873866117,0.04178778427404005,MERGE_EXISTING,FORWARD,True
M5_UNEQUAL_WIDTH,C2,O109,4.016666666666658,240,15,0.9999976940255686,-0.002147543607302924,0.9999976940255686,-0.002147543607302924,0.002147543607302924,0.9999976940255686,52.01838336209835,-6.840716626243591,257.55009646760845,-6.406051446206657,51.949005373958364,-39.14638339835815,52.087761350238324,25.464950145870965,64.61148253665581,0.7691843159125692,97.53374787954837,0.12304527959847178,-0.9999927409062439,-0.9912455166321751,0.003810267027106068,0.6245982395291861,0.9999986176631479,0.0016627302226451931,-0.9999986176631479,-0.0016627302226451931,0.999999854003265,C2,0.9812337575637561,0.096249919169009,0.10254227640256622,MERGE_EXISTING,FORWARD,True
M5_UNEQUAL_WIDTH,C2,O110,4.016666666666658,240,19,0.9999953827342629,0.003038833683326449,0.999995382734263,0.0030388336833264496,-0.003038833683326449,0.9999953827342629,52.17137349144073,-2.049472772927391,257.7030865969508,-1.614807592890457,52.25498563264314,-29.563895691725747,52.087761350238324,25.464950145870965,55.02909992157432,0.6551083323996943,97.78838682217935,0.15983016273273165,-0.9999990531644002,-0.999162647494471,0.001376106937256755,0.6215668235454836,0.9999986176631479,0.0016627302226451931,-0.9999986176631479,-0.0016627302226451931,0.999999854003265,C2,0.9822206049337158,0.1275103855306408,0.1363348351906367,MERGE_EXISTING,FORWARD,True
M5_UNEQUAL_WIDTH,C1,O111,4.016666666666658,240,26,0.17649315834591492,0.9843018668361264,0.17649315834591495,0.9843018668361265,-0.9843018668361264,0.17649315834591492,9.899891971454949,33.02957088003649,215.43160507696507,33.464236060073425,52.087761350238324,25.464950145870965,-32.28797740732843,40.594191614202,85.72140478487401,1.020492914105643,115.51869472357764,10.165562415252623,-0.1781295428351125,-0.2887012969030374,0.9840070456909104,0.41049172948121865,0.9999986176631479,0.0016627302226451931,-0.9999986176631479,-0.0016627302226451931,0.999999854003265,C1,0.9997376353150416,0.011085277401297947,0.0165094715374887,MERGE_EXISTING,RIGHT,True
M5_UNEQUAL_WIDTH,C0,O112,4.116666666666657,246,0,-0.07698407422156303,-0.9970323226035597,-0.07698407422156305,-0.9970323226035598,0.9970323226035597,-0.07698407422156303,6.084529767081101,-48.30447764900117,215.50622514983237,-47.868277592028456,-50.615458874999305,-43.926489057231805,62.78451840916151,-52.68246624077054,113.73751353219764,1.354018018240448,101.31382061170387,4.397372112784737,0.07837553150904492,-0.12358962244599167,0.9969239068558214,0.5795973736701919,0.9999990260463214,0.0013956741771123811,-0.9999990260463214,-0.0013956741771123811,0.9999997758392482,C0,0.9759382036154511,0.1669201769576002,0.16869548192233316,MERGE_EXISTING,LEFT,True
M5_UNEQUAL_WIDTH,C0,O113,4.116666666666657,246,1,0.0505203066093415,-0.9987230339889525,0.0505203066093415,-0.9987230339889525,0.9987230339889525,0.0505203066093415,-1.2957823422237382,-41.43165806253891,208.12591304052754,-40.99545800556619,-50.615458874999305,-43.926489057231805,48.02389419055183,-38.93682706784601,98.76547321791544,1.175779443070422,108.54808398047729,2.913692035238938,-0.04912636545627732,0.03265485182463178,0.998792571166334,0.4932295847623851,0.9999990260463214,0.0013956741771123811,-0.9999990260463214,-0.0013956741771123811,0.9999997758392482,C0,0.9957515744624716,0.05662781770728685,0.060720432301128856,MERGE_EXISTING,LEFT,True
M5_UNEQUAL_WIDTH,C0,O114,4.116666666666657,246,2,0.1478205313995836,-0.9890142013625207,0.1478205313995836,-0.9890142013625207,0.9890142013625207,0.1478205313995836,-1.1285295847459373,-36.530049071899874,208.29316579800533,-36.09384901492716,-50.615458874999305,-43.926489057231805,48.35839970550743,-29.133609086567947,100.07324307796074,1.191348131880485,113.45252314838876,8.500644221286478,-0.14644004584759415,0.03227343262512239,0.9892195474070226,0.4348777325259665,0.9999990260463214,0.0013956741771123811,-0.9999990260463214,-0.0013956741771123811,0.9999997758392482,C0,0.999984256264428,0.008079138040350336,0.008811265584390424,MERGE_EXISTING,LEFT,True
M5_UNEQUAL_WIDTH,KNOWN_PARENT_PATH,O115,4.116666666666657,246,5,-0.9853280208449635,0.17067129617409987,-0.9853280208449635,0.17067129617409987,0.17067129617409987,0.9853280208449635,-43.33272271901612,-1.8814342426780257,166.08897266373515,-1.4452341857053121,-50.615458874999305,-43.926489057231805,-36.04998656303293,40.163620571875754,85.3422493323558,1.0159791587185214,106.62645215050242,9.806662209314027,0.9850888596602685,0.9991183228660375,0.1720463268228417,0.021713251353792325,0.9999990260463214,0.0013956741771123811,-0.9999990260463214,-0.0013956741771123811,0.9999997758392482,C0,-0.30911638640142364,0.6453344976331661,0.6543528214226211,KNOWN_PARENT_PATH,INCOMING_PATH,True
M5_UNEQUAL_WIDTH,C2,O116,4.116666666666657,246,9,0.9827885742389161,0.18473391227773686,0.9827885742389161,0.18473391227773686,-0.18473391227773686,0.9827885742389161,55.434513182140385,-13.580272882506417,264.85620856489163,-13.144072825533703,62.78451840916151,-52.68246624077054,48.084507955119264,25.521920475757703,79.57396816206446,0.9473091447864816,63.363251217667006,10.645619303618375,-0.9830454453993719,-0.9709461621634689,0.1833620797208371,0.6794490005481192,0.9999990260463214,0.0013956741771123811,-0.9999990260463214,-0.0013956741771123811,0.9999997758392482,C2,0.9999814643603235,0.04465756129823049,0.045397686744432314,MERGE_EXISTING,FORWARD,True
M5_UNEQUAL_WIDTH,C2,O117,4.116666666666657,246,13,0.9999995578715045,-0.0009403492943662907,0.9999995578715045,-0.0009403492943662907,0.0009403492943662907,0.9999995578715045,48.054201072835546,-6.707453296044154,257.4758964555868,-6.27125323907144,48.02389419055183,-38.93682706784601,48.084507955119264,25.521920475757703,64.45877604266539,0.7673663814603022,101.47994053520624,0.053878053775633816,-0.999997271497029,-0.9902047396659014,0.0023360219385546934,0.5776197555332588,0.9999990260463214,0.0013956741771123811,-0.9999990260463214,-0.0013956741771123811,0.9999997758392482,C2,0.981465816400645,0.09767139652063139,0.10325872700258909,MERGE_EXISTING,FORWARD,True
M5_UNEQUAL_WIDTH,C2,O118,4.116666666666657,246,16,0.9999874439939976,0.005011172951665944,0.9999874439939976,0.005011172951665944,-0.005011172951665944,0.9999874439939976,48.22145383031335,-1.805844305405122,257.6431492130646,-1.3696442484324085,48.35839970550743,-29.133609086567947,48.084507955119264,25.521920475757703,54.65621582609963,0.6506692360249956,101.74474450213317,0.28712026223617215,-0.9999934640172338,-0.9992463203664446,0.0036155114179965784,0.5744673273555572,0.9999990260463214,0.0013956741771123811,-0.9999990260463214,-0.0013956741771123811,0.9999997758392482,C2,0.9825889651785131,0.13013000603645852,0.13829657772232656,MERGE_EXISTING,FORWARD,True
M5_UNEQUAL_WIDTH,C1,O119,4.116666666666657,246,20,0.1714504471340113,0.9851927446837737,0.17145044713401134,0.9851927446837738,-0.9851927446837737,0.1714504471340113,6.0172606960431665,32.842770523816725,215.43895607879443,33.27897058078944,48.084507955119264,25.521920475757703,-36.04998656303293,40.163620571875754,85.39901960520183,1.0166549953000217,116.61055553076346,9.858872436941482,-0.17282528822245125,-0.18158710750102908,0.9849524961899566,0.3974933865385302,0.9999990260463214,0.0013956741771123811,-0.9999990260463214,-0.0013956741771123811,0.9999997758392482,C1,0.9998418214148657,0.012461269718273502,0.016371597428975808,MERGE_EXISTING,RIGHT,True
M5_UNEQUAL_WIDTH,C0,O120,4.216666666666657,252,0,-0.08109737157288319,-0.996706183548577,-0.08109737157288319,-0.996706183548577,0.996706183548577,-0.08109737157288319,2.34444871311479,-48.55043109046153,215.52215710650117,-48.113633316657925,-54.355535893101305,-43.93701562692342,59.044433319330885,-53.16384655399965,113.77472226438269,1.3544609793378892,101.39299640136126,4.629388052203623,0.08214422937861336,-0.04718356842431479,0.9966204521179532,0.5786548047456993,0.9999994483694281,0.0010503622419521378,-0.9999994483694281,-0.0010503622419521378,0.9999997830861926,C0,0.9750301893626862,0.16945051169990885,0.1712589750334255,MERGE_EXISTING,LEFT,True
M5_UNEQUAL_WIDTH,C0,O121,4.216666666666657,252,1,0.054518488485192494,-0.9985127612671206,0.0545184884851925,-0.9985127612671207,0.9985127612671206,0.054518488485192494,-5.005551286885222,-41.242521703696866,208.17215710650117,-40.80572392989326,-54.355535893101305,-43.93701562692342,44.34443331933086,-38.54802778047032,98.84697826713914,1.176749741275466,108.45483012231693,3.147486182738149,-0.05346965830858516,0.12152719866341602,0.9985694746187482,0.49097103461678676,0.9999994483694281,0.0010503622419521378,-0.9999994483694281,-0.0010503622419521378,0.9999997830861926,C0,0.9961122559575707,0.054443348904477856,0.05851382556940073,MERGE_EXISTING,LEFT,True
M5_UNEQUAL_WIDTH,C0,O122,4.216666666666657,252,2,0.1441246868172089,-0.9895595356772838,0.1441246868172089,-0.9895595356772838,0.9895595356772838,0.1441246868172089,-4.874946748356777,-36.73040080800162,208.3027616450296,-36.293603034198014,-54.355535893101305,-43.93701562692342,44.60564239638775,-29.523785989079812,100.0052798458024,1.190539045783362,112.94750414188323,8.286595034179939,-0.1430852113411864,0.1326098059397325,0.9897103729351572,0.43725579167874595,0.9999994483694281,0.0010503622419521378,-0.9999994483694281,-0.0010503622419521378,0.9999997830861926,C0,0.999998241223954,0.00794315339218824,0.007980424440775957,MERGE_EXISTING,LEFT,True
M5_UNEQUAL_WIDTH,KNOWN_PARENT_PATH,O123,4.216666666666657,252,5,-0.9857157648443733,0.16841743062186937,-0.9857157648443733,0.16841743062186937,0.16841743062186937,0.9857157648443733,-47.13244110928797,-1.6615909687976398,166.04526728409843,-1.2247931949940387,-54.355535893101305,-43.93701562692342,-39.90934632547464,40.61383368932814,85.7760952312664,1.0211439908484095,102.83827940513527,9.695817864907497,0.9855383217834104,0.9994156232531514,0.1694526963383553,0.019088524504613735,0.9999994483694281,0.0010503622419521378,-0.9999994483694281,-0.0010503622419521378,0.9999997830861926,C0,-0.30694061069525846,0.6474210800255225,0.6566439794914972,KNOWN_PARENT_PATH,INCOMING_PATH,True
M5_UNEQUAL_WIDTH,C2,O124,4.216666666666657,252,9,0.9830010381647647,0.18359999718680525,0.9830010381647647,0.18359999718680525,-0.18359999718680525,0.9830010381647647,51.69442495809466,-13.811635441143734,264.872133351481,-13.374837667340133,59.044433319330885,-53.16384655399965,44.34441659685843,25.54057567171218,80.06545178492463,0.9531601402967218,59.06852821120889,10.579520122484183,-0.9831933424160074,-0.9658400795583135,0.1825673887331458,0.6369965271350205,0.9999994483694281,0.0010503622419521378,-0.9999994483694281,-0.0010503622419521378,0.9999997830861926,C2,0.9999737748295512,0.04739153450866042,0.04811425468463083,MERGE_EXISTING,FORWARD,True
M5_UNEQUAL_WIDTH,C2,O125,4.216666666666657,252,13,0.999999999999966,2.609273962922606e-07,0.999999999999966,2.609273962922606e-07,-2.609273962922606e-07,0.999999999999966,44.34442495809465,-6.5037260543790705,257.52213335148105,-6.066928280575469,44.34443331933086,-38.54802778047032,44.34441659685843,25.54057567171218,64.08860345218467,0.7629595649069604,105.18118165932421,1.495003857598931e-05,-0.9999994486434625,-0.9892623426850948,0.0010501013146997453,0.5335573611985215,0.9999994483694281,0.0010503622419521378,-0.9999994483694281,-0.0010503622419521378,0.9999997830861926,C2,0.9816456382203961,0.09812046301937917,0.1037461594002997,MERGE_EXISTING,FORWARD,True
M5_UNEQUAL_WIDTH,C2,O126,4.216666666666657,252,16,0.9999887473816313,0.004743955113186964,0.9999887473816313,0.004743955113186964,-0.004743955113186964,0.9999887473816313,44.475029496623094,-1.9916051586838162,257.65273789000946,-1.554807384880215,44.60564239638775,-29.523785989079812,44.34441659685843,25.54057567171218,55.06498128601188,0.6555354915001415,105.48040049783029,0.27180962570920997,-0.9999931786285952,-0.9989513282528549,0.0036936020736496123,0.5299952321686869,0.9999994483694281,0.0010503622419521378,-0.9999994483694281,-0.0010503622419521378,0.9999997830861926,C2,0.9825392823841183,0.128441224301622,0.13637462633017955,MERGE_EXISTING,FORWARD,True
M5_UNEQUAL_WIDTH,C1,O127,4.216666666666657,252,20,0.1761070125603462,0.9843710276755762,0.17610701256034622,0.9843710276755763,-0.9843710276755762,0.1761070125603462,2.2175351356918966,33.07720468052016,215.39524352907827,33.514002454323766,44.34441659685843,25.54057567171218,-39.90934632547464,40.61383368932814,85.591469632425,1.0189460670526787,116.84854555897957,10.127555728544138,-0.1771408615738762,-0.06793900892959241,0.9841855085098868,0.39466017191690983,0.9999994483694281,0.0010503622419521378,-0.9999994483694281,-0.0010503622419521378,0.9999997830861926,C1,0.999746543985888,0.010408018930611688,0.016120760310528538,MERGE_EXISTING,RIGHT,True
M5_UNEQUAL_WIDTH,C0,O128,4.316666666666657,258,0,-0.10091380096777149,-0.9948951727565257,-0.10091380096777149,-0.9948951727565257,0.9948951727565257,-0.10091380096777149,-1.3864243478865461,-49.59198721206866,215.48970962254623,-49.15462686511549,-58.11934650521701,-43.8374766146934,55.34649780944392,-55.346497809443925,114.04803985558054,1.3577147601854826,100.38863670373092,5.791793616770903,0.10163792391904879,0.028673275097316323,0.9948214575598106,0.5903778523218023,0.9999997351060106,0.0007278653093976233,-0.9999997351060106,-0.0007278653093976233,0.9999998568659332,C0,0.9704183462695324,0.17969725900607686,0.18194764101819305,MERGE_EXISTING,LEFT,True
M5_UNEQUAL_WIDTH,C0,O129,4.316666666666657,258,1,0.14459221428170696,-0.9894913297089131,0.14459221428170696,-0.9894913297089131,0.9894913297089131,0.14459221428170696,-8.494887684679483,-36.58596245993701,208.38124628575332,-36.14860211298384,-58.11934650521701,-43.8374766146934,41.12957113585804,-29.334448305180622,100.30296846590049,1.1940829579273868,112.4407698974641,8.313665940231303,-0.14387195956725365,0.22688204907440196,0.9895963112553919,0.4355298784394173,0.9999997351060106,0.0007278653093976233,-0.9999997351060106,-0.0007278653093976233,0.9999998568659332,C0,0.9999972434714836,0.008975425759973156,0.009084456505754105,MERGE_EXISTING,LEFT,True
M5_UNEQUAL_WIDTH,KNOWN_PARENT_PATH,O130,4.316666666666657,258,4,-0.9849497274356482,0.17284106695008092,-0.9849497274356482,0.17284106695008092,0.17284106695008092,0.9849497274356482,-50.73639854694203,-1.7651109003881658,166.13973542349078,-1.3277505534349987,-58.11934650521701,-43.8374766146934,-43.353450588667044,40.30725481391707,85.43048349044604,1.0170295653624528,99.23290678003309,9.953045960686822,0.9848236615117133,0.9994204247686039,0.1735579319036222,0.02031513687317757,0.9999997351060106,0.0007278653093976233,-0.9999997351060106,-0.0007278653093976233,0.9999998568659332,C0,-0.3112102672560343,0.6457713282524744,0.6538901430771537,KNOWN_PARENT_PATH,INCOMING_PATH,True
M5_UNEQUAL_WIDTH,C2,O131,4.316666666666657,258,7,0.9839692650940334,0.1783381208556036,0.9839692650940334,0.1783381208556036,-0.1783381208556036,0.9839692650940334,48.02344066971756,-14.94199473714552,264.8995746401504,-14.504634390192354,55.34649780944392,-55.346497809443925,40.7003835299912,25.462508335152883,82.12553888751216,0.9776849867560972,49.36477878344017,10.26782598107684,-0.9840988105780032,-0.9546325609207237,0.17762187652133188,0.5987413646339699,0.9999997351060106,0.0007278653093976233,-0.9999997351060106,-0.0007278653093976233,0.9999998568659332,C2,0.9999207155388481,0.06081850921175716,0.06136590264457175,MERGE_EXISTING,FORWARD,True
M5_UNEQUAL_WIDTH,C2,O132,4.316666666666657,258,10,0.9999693287490553,0.007832085364941349,0.9999693287490553,0.007832085364941349,-0.007832085364941349,0.9999693287490553,40.91497733292462,-1.9359699850138696,257.7911113033574,-1.4986096380607026,41.12957113585804,-29.334448305180622,40.7003835299912,25.462508335152883,54.79863738309211,0.6523647307510965,109.03924622352989,0.44360101604047486,-0.9999747645664279,-0.9988477651723222,0.007104240305410945,0.48762802114845366,0.9999997351060106,0.0007278653093976233,-0.9999997351060106,-0.0007278653093976233,0.9999998568659332,C2,0.983109170723347,0.12780723799565016,0.13664023687720203,MERGE_EXISTING,FORWARD,True
M5_UNEQUAL_WIDTH,C1,O133,4.316666666666657,258,14,0.17391845996663688,0.9847600567056085,0.1739184599666369,0.9847600567056086,-0.9847600567056085,0.17391845996663688,-1.3265335293379223,32.88488157453497,215.54960044109487,33.32224192148814,40.7003835299912,25.462508335152883,-43.353450588667044,40.30725481391707,85.35463389919553,1.0161265940380422,117.08837397855208,10.015725312808883,-0.17463518658003865,0.03957864046572877,0.9846332066349149,0.39148951014503475,0.9999997351060106,0.0007278653093976233,-0.9999997351060106,-0.0007278653093976233,0.9999998568659332,C1,0.9997941178955795,0.013189906696055055,0.017727475289255244,MERGE_EXISTING,RIGHT,True
M5_UNEQUAL_WIDTH,C0,O134,4.416666666666656,264,0,-0.11302106703190054,-0.9935925917633297,-0.11302106703190054,-0.9935925917633297,0.9935925917633297,-0.11302106703190054,-5.298255715079893,-50.840286702634174,215.30763652565034,-50.402087458893305,-62.20137905689473,-44.367561592912686,51.60486762673494,-57.31301181235567,114.54015219825423,1.3635732404554075,98.8843833488393,6.489496350732864,0.1134965171835077,0.10412832750754618,0.9935383941183218,0.6052282355732993,0.9999998855048843,0.00047852922405903283,-0.9999998855048843,-0.00047852922405903283,0.9999999365674809,C0,0.9674065323950644,0.19149157237940714,0.1915535493751697,MERGE_EXISTING,LEFT,True
M5_UNEQUAL_WIDTH,C0,O135,4.416666666666656,264,1,0.048330217641150454,-0.9988314122326946,0.04833021764115046,-0.9988314122326947,0.9988314122326946,0.048330217641150454,-12.675115400500015,-41.971146069580186,207.93077684023024,-41.53294682583932,-62.20137905689473,-44.367561592912686,36.8511482558947,-39.57473054624768,99.16841430865361,1.1805763608173048,106.1566920407455,2.7701966505157145,-0.04785224208691509,0.28955840606326866,0.9988544252929229,0.49962742195731463,0.9999998855048843,0.00047852922405903283,-0.9999998855048843,-0.00047852922405903283,0.9999999365674809,C0,0.9955472696180827,0.06282354659158004,0.06360597010162448,MERGE_EXISTING,LEFT,True
M5_UNEQUAL_WIDTH,C0,O136,4.416666666666656,264,2,0.1515234803819282,-0.9884536584448192,0.15152348038192823,-0.9884536584448194,0.9884536584448192,0.1515234803819282,-12.520585929513878,-36.75182096766255,208.08530631121636,-36.313621723921685,-62.20137905689473,-44.367561592912686,37.160207197866974,-29.136080342412427,100.52225049284756,1.1966934582481852,111.17395955730919,8.715224801601579,-0.15105045907103587,0.32293201092306406,0.9885260536851972,0.4374932676322456,0.9999998855048843,0.00047852922405903283,-0.9999998855048843,-0.00047852922405903283,0.9999999365674809,C0,0.9999562281346448,0.005379115330181734,0.007846830419964425,MERGE_EXISTING,LEFT,True
M5_UNEQUAL_WIDTH,KNOWN_PARENT_PATH,O137,4.416666666666656,264,5,-0.9853015969238684,0.17082377790950204,-0.9853015969238684,0.17082377790950204,0.17082377790950204,0.9853015969238684,-54.840175803734,-1.9085701727434596,165.76571643699623,-1.47037092900259,-62.20137905689473,-44.367561592912686,-47.478972550573275,40.55042124742577,86.18476119946838,1.0260090618984332,95.12662282774335,9.8357186874956,0.9852197399417543,0.999411475245095,0.17129525395965392,0.022009316045273345,0.9999998855048843,0.00047852922405903283,-0.9999998855048843,-0.00047852922405903283,0.9999999365674809,C0,-0.30926355781665726,0.64809739522589,0.6560528742027723,KNOWN_PARENT_PATH,INCOMING_PATH,True
M5_UNEQUAL_WIDTH,C2,O138,4.416666666666656,264,9,0.9846687919895867,0.1744344291754585,0.9846687919895867,0.1744344291754585,-0.1744344291754585,0.9846687919895867,44.25482023008942,-15.822565658280771,264.86071247081964,-15.384366414539901,51.60486762673494,-57.31301181235567,36.9047728334439,25.667880495794126,84.2728976313767,1.003248781325913,38.19645529192476,10.045747069997418,-0.9847521512218619,-0.9414642362835101,0.17396321641058246,0.5595038873869894,0.9999998855048843,0.00047852922405903283,-0.9999998855048843,-0.00047852922405903283,0.9999999365674809,C2,0.9998629132606174,0.07130101848232309,0.07218341649153986,MERGE_EXISTING,FORWARD,True
M5_UNEQUAL_WIDTH,C2,O139,4.416666666666656,264,13,0.9999996622192581,-0.0008219254039556412,0.9999996622192582,-0.0008219254039556413,0.0008219254039556412,0.9999996622192581,36.8779605446693,-6.953425025226776,257.48385278539956,-6.515225781485906,36.8511482558947,-39.57473054624768,36.9047728334439,25.667880495794126,65.24263307974681,0.7766980128541286,112.4722223744113,0.04709286202358953,-0.9999991544088552,-0.9825955928735232,0.0013004543722702736,0.44675925744748474,0.9999998855048843,0.00047852922405903283,-0.9999998855048843,-0.00047852922405903283,0.9999999365674809,C2,0.9814885039607927,0.09651314114071734,0.10083333941727915,MERGE_EXISTING,FORWARD,True
M5_UNEQUAL_WIDTH,C2,O140,4.416666666666656,264,16,0.9999891383030433,0.004660823525629947,0.9999891383030433,0.004660823525629947,-0.004660823525629947,0.9999891383030433,37.03249001565544,-1.7340999233091505,257.6383822563857,-1.2959006795682808,37.160207197866974,-29.136080342412427,36.9047728334439,25.667880495794126,54.80455610868685,0.6524351917700816,112.92693134762592,0.2670464839339104,-0.9999912541494362,-0.9988829439872668,0.004182298965568803,0.44134605538540556,0.9999998855048843,0.00047852922405903283,-0.9999998855048843,-0.00047852922405903283,0.9999999365674809,C2,0.9825238117490813,0.13081450913355652,0.13758472435765048,MERGE_EXISTING,FORWARD,True
M5_UNEQUAL_WIDTH,C1,O141,4.416666666666656,264,20,0.17368677063352655,0.9848009472512181,0.17368677063352658,0.9848009472512183,-0.9848009472512181,0.17368677063352655,-5.287099858564687,33.10915087160995,215.31879238216555,33.54735011535082,36.9047728334439,25.667880495794126,-47.478972550573275,40.55042124742577,85.68609282875849,1.0200725336756964,116.47136602315172,9.97088451585526,-0.17415800678038038,0.15721653201205768,0.9847177203007391,0.3941697979364515,0.9999998855048843,0.00047852922405903283,-0.9999998855048843,-0.00047852922405903283,0.9999999365674809,C1,0.9997988640727141,0.009422983337241708,0.014438120635640359,MERGE_EXISTING,RIGHT,True
M5_UNEQUAL_WIDTH,C0,O142,4.516666666666656,270,0,-0.13038447238737608,-0.9914635088394659,-0.13038447238737608,-0.9914635088394659,0.9914635088394659,-0.13038447238737608,-8.925130978452849,-51.54046560678736,215.49543050398725,-51.10176446826257,-65.62501063576337,-44.084029915876656,47.77474867885768,-58.99690129769806,114.37613013852467,1.3616205968871984,97.69247130721077,7.415520117215721,0.13067499137671224,0.17091675931214415,0.9914252602333149,0.6135580722191702,0.9999999570678805,0.0002930260008842852,-0.9999999570678805,-0.0002930260008842852,0.9999999811628442,C0,0.9628288406214542,0.1998890460139647,0.20141688569903682,MERGE_EXISTING,LEFT,True
M5_UNEQUAL_WIDTH,C0,O143,4.516666666666656,270,1,0.04727307646044901,-0.9988820031625179,0.047273076460449016,-0.998882003162518,0.9988820031625179,0.04727307646044901,-16.305219387011817,-41.74992212803589,208.11534209542828,-41.311220989511106,-65.62501063576337,-44.084029915876656,33.01457186173974,-39.415814340195126,98.74998466806342,1.1755950555721835,105.17906541630745,2.7858475448247475,-0.04698037603217364,0.36405872950381246,0.998895812518941,0.49698862221886747,0.9999999570678805,0.0002930260008842852,-0.9999999570678805,-0.0002930260008842852,0.9999999811628442,C0,0.9954469480504575,0.060356143206852064,0.06367780666392496,MERGE_EXISTING,LEFT,True
M5_UNEQUAL_WIDTH,C0,O144,4.516666666666656,270,2,0.1493158315548238,-0.9887895541757566,0.1493158315548238,-0.9887895541757566,0.9887895541757566,0.1493158315548238,-16.13026432975853,-36.60989229876088,208.29029715268157,-36.1711911602361,-65.62501063576337,-44.084029915876656,33.36448197624632,-29.13575468164511,100.11179041482306,1.1918070287478937,109.99412991228972,8.587280088406118,-0.14902608409560242,0.40346557273212963,0.9888332651459145,0.43579846177633386,0.9999999570678805,0.0002930260008842852,-0.9999999570678805,-0.0002930260008842852,0.9999999811628442,C0,0.9999746282781871,0.007864931818176768,0.008957370409257762,MERGE_EXISTING,LEFT,True
M5_UNEQUAL_WIDTH,KNOWN_PARENT_PATH,O145,4.516666666666656,270,5,-0.9857653040567661,0.1681272295550938,-0.9857653040567663,0.16812722955509382,0.1681272295550938,0.9857653040567661,-58.394849553004896,-1.692074983976255,166.0257119294352,-1.2533738454514682,-65.62501063576337,-44.084029915876656,-51.16468847024642,40.699879947924146,86.00821059017355,1.0239072689306374,91.58064043427493,9.678950042559507,0.985715996086056,0.9995888914574272,0.16841607720189372,0.019428577723193684,0.9999999570678805,0.0002930260008842852,-0.9999999570678805,-0.0002930260008842852,0.9999999811628442,C0,-0.3066604093933631,0.6473800301346666,0.657058271231123,KNOWN_PARENT_PATH,INCOMING_PATH,True
M5_UNEQUAL_WIDTH,C2,O146,4.516666666666656,270,9,0.9852585308762897,0.1710719945972904,0.9852585308762897,0.1710719945972904,-0.1710719945972904,0.9852585308762897,40.42470714927212,-16.665652770629812,264.8452686317122,-16.226951632105024,47.77474867885768,-58.99690129769806,33.07466561968658,25.665595756438435,85.92921999755497,1.0229669047327972,34.05950145613238,9.850152927120291,-0.9853086171194928,-0.9244037610215105,0.17078328088566724,0.520539159151063,0.9999999570678805,0.0002930260008842852,-0.9999999570678805,-0.0002930260008842852,0.9999999811628442,C2,0.9998005635292624,0.08133247565689697,0.08226304533856776,MERGE_EXISTING,FORWARD,True
M5_UNEQUAL_WIDTH,C2,O147,4.516666666666656,270,13,0.999999573700773,-0.000923362481539468,0.999999573700773,-0.000923362481539468,0.000923362481539468,0.999999573700773,33.04461874071316,-6.875109291878346,257.46518022315325,-6.436408153353559,33.01457186173974,-39.415814340195126,33.07466561968658,25.665595756438435,65.0814378408002,0.7747790219142882,106.39714084716007,0.05290478067070126,-0.9999992601994564,-0.9789749985111951,0.001216388317865087,0.4018124251252428,0.9999999570678805,0.0002930260008842852,-0.9999999570678805,-0.0002930260008842852,0.9999999811628442,C2,0.9814690715672463,0.09705787860238362,0.10140230106889293,MERGE_EXISTING,FORWARD,True
M5_UNEQUAL_WIDTH,C2,O148,4.516666666666656,270,16,0.9999860162336757,0.005288415367847054,0.9999860162336758,0.005288415367847055,-0.005288415367847054,0.9999860162336757,33.21957379796645,-1.7350794626033377,257.6401352804065,-1.296378324078551,33.36448197624632,-29.13575468164511,33.07466561968658,25.665595756438435,54.80211677807865,0.6524061521199839,116.73514491148222,0.30300529327615777,-0.9999875229453626,-0.9986234378591959,0.004995393237527011,0.3960101796252114,0.9999999570678805,0.0002930260008842852,-0.9999999570678805,-0.0002930260008842852,0.9999999811628442,C2,0.9826404377131803,0.1307962197671594,0.13757625833595047,MERGE_EXISTING,FORWARD,True
M5_UNEQUAL_WIDTH,C1,O149,4.516666666666656,270,20,0.1756948539763524,0.9844446750763743,0.1756948539763524,0.9844446750763743,-0.9844446750763743,0.1756948539763524,-9.04501142527992,33.18273785218129,215.37555005716018,33.621438990706075,33.07466561968658,25.665595756438435,-51.16468847024642,40.699879947924146,85.57042993136979,1.018695594421069,115.60659477385192,10.091938592768173,-0.17598331431962938,0.26270407284702324,0.9843931496516412,0.39505170300598696,0.9999999570678805,0.0002930260008842852,-0.9999999570678805,-0.0002930260008842852,0.9999999811628442,C1,0.9997558823718897,0.00960818571130049,0.01547026626447747,MERGE_EXISTING,RIGHT,True
M5_UNEQUAL_WIDTH,C0,O150,4.616666666666656,276,0,-0.13830330180592854,-0.9903899215508901,-0.13830330180592854,-0.9903899215508901,0.9903899215508901,-0.13830330180592854,-12.989484658463482,-52.43660276161193,215.32947413839665,-51.99837739764098,-69.84483580832523,-44.49701995866099,43.865866491398265,-60.37618556456287,114.81407456333913,1.3668342209921325,95.9784855740646,7.949677513637653,0.13844680227097975,0.24059085400293523,0.9903698717857587,0.6242317275241073,0.9999999895028118,0.00014489436304267046,-0.9999999895028118,-0.00014489436304267046,0.9999999895448531,C0,0.9606395737566904,0.20850580392567708,0.2085908337223233,MERGE_EXISTING,LEFT,True
M5_UNEQUAL_WIDTH,C0,O151,4.616666666666656,276,2,0.05840499643514991,-0.9982929712220807,0.05840499643514992,-0.9982929712220808,0.9982929712220807,0.05840499643514991,-20.33948465846348,-41.60071602707165,207.97947413839665,-41.1624906631007,-69.84483580832523,-44.49701995866099,29.16586649139827,-38.704412095482304,99.18000542317506,1.1807143502758937,103.69325956043843,3.3482652101370007,-0.05826034879786647,0.43936394488317326,0.9983014232975684,0.4952174391632899,0.9999999895028118,0.00014489436304267046,-0.9999999895028118,-0.00014489436304267046,0.9999999895448531,C0,0.9964476292565922,0.0584584144550634,0.059292926749330184,MERGE_EXISTING,LEFT,True
M5_UNEQUAL_WIDTH,C0,O152,4.616666666666656,276,3,0.1531462289646446,-0.9882035380193235,0.15314622896464464,-0.9882035380193236,0.9882035380193235,0.1531462289646446,-20.33948486527074,-36.8249589724233,207.97947393158938,-36.38673360845235,-69.84483580832523,-44.49701995866099,29.16586607778375,-29.152897986185607,100.19262032248756,1.1927692895534232,101.3569859954408,8.807472029837783,-0.15300304223484198,0.48360988541368954,0.9882257176712632,0.4383631922182327,0.9999999895028118,0.00014489436304267046,-0.9999999895028118,-0.00014489436304267046,0.9999999895448531,C0,0.999939517917637,0.004340022074319867,0.007606398217018152,MERGE_EXISTING,LEFT,True
M5_UNEQUAL_WIDTH,KNOWN_PARENT_PATH,O153,4.616666666666656,276,6,-0.9852806842705114,0.17094435703887045,-0.9852806842705114,0.17094435703887045,0.17094435703887045,0.9852806842705114,-62.45049825258033,-1.877900539616089,165.8684605442798,-1.4396751756451405,-69.84483580832523,-44.49701995866099,-55.05616069683544,40.741218879428814,86.51163084679678,1.0299003672237712,87.52127368109822,9.84273049843847,0.9852559050541057,0.9995525416998605,0.17108711686160097,0.02164490195305369,0.9999999895028118,0.00014489436304267046,-0.9999999895028118,-0.00014489436304267046,0.9999999895448531,C0,-0.30937993521568297,0.647391085037813,0.6570234573887077,KNOWN_PARENT_PATH,INCOMING_PATH,True
M5_UNEQUAL_WIDTH,C2,O154,4.616666666666656,276,11,0.9857771127688418,0.1680579779157362,0.9857771127688418,0.1680579779157362,-0.1680579779157362,0.9857771127688418,36.54890669232607,-17.45711921359444,264.8678654891862,-17.018893849623492,43.865866491398265,-60.37618556456287,29.231946893253884,25.46194713737399,87.07661355702963,1.0366263518694003,25.96490001827759,9.66786346702338,-0.9858014530746183,-0.9022906773928362,0.1679151426047433,0.48219041382773176,0.9999999895028118,0.00014489436304267046,-0.9999999895028118,-0.00014489436304267046,0.9999999895448531,C2,0.9997348111186897,0.09074893627366742,0.09135976989834027,MERGE_EXISTING,FORWARD,True
M5_UNEQUAL_WIDTH,C2,O155,4.616666666666656,276,13,0.9885492285245803,0.15089871697087864,0.9885492285245803,0.15089871697087864,-0.15089871697087864,0.9885492285245803,36.51586649139828,-86.8548336199932,264.8348252882584,-86.41660825602226,43.865866491398286,-135.0052551445041,29.16586649139827,-38.704412095482304,97.4163352418491,1.1597182766886798,18.047378552449047,8.679012102377243,-0.9885710825210723,-0.38743122682466646,0.15075548017606302,1.1216516452870053,0.9999999895028118,0.00014489436304267046,-0.9999999895028118,-0.00014489436304267046,0.9999999895448531,C0,-0.008724373297528426,0.9056205045758733,0.924211994927752,MERGE_EXISTING,FORWARD,True
M5_UNEQUAL_WIDTH,C2,O156,4.616666666666656,276,14,0.9904944608274402,0.13755261927770918,0.9904944608274403,0.1375526192777092,-0.13755261927770918,0.9904944608274402,36.51586628459102,-82.07907656534485,264.83482508145113,-81.6408512013739,43.865866491398286,-135.0052551445041,29.16586607778375,-29.152897986185607,106.86819699111841,1.2722404403704572,18.01301491366395,7.906251517708938,-0.9905143810291884,-0.4063432546948325,0.13740910076979457,1.0694680012056803,0.9999999895028118,0.00014489436304267046,-0.9999999895028118,-0.00014489436304267046,0.9999999895448531,C2,0.9985477673556621,0.860033051453388,0.8600442143484139,MERGE_EXISTING,FORWARD,True
M5_UNEQUAL_WIDTH,C2,O157,4.616666666666656,276,20,0.9999994697261473,-0.0010298288325055738,0.9999994697261473,-0.0010298288325055738,0.0010298288325055738,0.9999994697261473,29.198906692326076,-6.621232479054157,257.5178654891862,-6.183007115083209,29.16586649139827,-38.704412095482304,29.231946893253884,25.46194713737399,64.16639325861686,0.7638856340311532,99.59038099034127,0.05900485615303808,-0.9999993100125719,-0.9752081117584455,0.0011747231079042451,0.35643120994364186,0.9999999895028118,0.00014489436304267046,-0.9999999895028118,-0.00014489436304267046,0.9999999895448531,C2,0.9814486648469685,0.09761682065895509,0.1038518533130945,MERGE_EXISTING,FORWARD,True
M5_UNEQUAL_WIDTH,C2,O158,4.616666666666656,276,23,0.9999992680205272,-0.0012099414902822338,0.9999992680205272,-0.0012099414902822338,0.0012099414902822338,0.9999992680205272,29.19890648551882,-1.8454754244058087,257.5178652823789,-1.4072500604348601,29.16586607778375,-29.152897986185607,29.231946893253884,25.46194713737399,54.6148851005344,0.6501772035777905,120.7428313144939,0.06932455776565405,-0.9999990822096451,-0.9979994678873754,0.0013548357345642213,0.3482996272084056,0.9999999895028118,0.00014489436304267046,-0.9999999895028118,-0.00014489436304267046,0.9999999895448531,C2,0.9814141167867143,0.13082078659883803,0.13954118275529967,MERGE_EXISTING,FORWARD,True
M5_UNEQUAL_WIDTH,C1,O159,4.616666666666656,276,27,0.17836742408404502,0.9839639536210778,0.17836742408404502,0.9839639536210778,-0.9839639536210778,0.17836742408404502,-12.912106901790779,33.101583008401406,215.40685189506934,33.539808372372356,29.231946893253884,25.46194713737399,-55.05616069683544,40.741218879428814,85.66178393009352,1.0197831420249228,114.46920628095452,10.27468129838951,-0.17850999304200546,0.36327110042986693,0.9839380988579227,0.3940798518470685,0.9999999895028118,0.00014489436304267046,-0.9999999895028118,-0.00014489436304267046,0.9999999895448531,C1,0.9996921991931568,0.01037685412707636,0.016860796329694314,MERGE_EXISTING,RIGHT,True
M5_UNEQUAL_WIDTH,C0,O160,4.716666666666655,282,0,-0.17267202172155874,-0.9849793768981102,-0.17267202172155877,-0.9849793768981103,0.9849793768981102,-0.17267202172155874,-16.771031003977157,-53.959786094791085,215.48488221407666,-53.523008865916594,-73.47094960795823,-44.01999465709685,39.92888760000392,-63.89957753248531,115.1291487595203,1.3705851042800037,93.49401804824579,9.869129624473132,0.17269144617569568,0.2968198152906928,0.9849759714925773,0.6423823903588597,0.9999999998055468,1.9720704990541708e-05,-0.9999999998055468,-1.9720704990541708e-05,0.9999999761817414,C0,0.9503944783238177,0.22571233410390884,0.22767079747449243,MERGE_EXISTING,LEFT,True
M5_UNEQUAL_WIDTH,C0,O161,4.716666666666655,282,1,0.05232728520895239,-0.9986299891464611,0.05232728520895239,-0.9986299891464611,0.9986299891464611,0.05232728520895239,-24.128563154538078,-41.43449937165556,208.12735006351573,-40.99772214278107,-73.47094960795823,-44.01999465709685,25.213823298882076,-38.849004086214265,98.82015759529429,1.1764304475630272,98.99428117273891,3.0735854127621423,-0.05230759151136652,0.5032411912170051,0.9986310208832289,0.49325654495233145,0.9999999998055468,1.9720704990541708e-05,-0.9999999998055468,-1.9720704990541708e-05,0.9999999761817414,C0,0.9959165522002614,0.05665639154033645,0.06016379154494361,MERGE_EXISTING,LEFT,True
M5_UNEQUAL_WIDTH,C0,O162,4.716666666666655,282,2,0.14901357530421191,-0.988835150252587,0.14901357530421191,-0.988835150252587,0.988835150252587,0.14901357530421191,-24.087783089098096,-36.57814532463847,208.16813012895574,-36.14136809576398,-73.47094960795823,-44.01999465709685,25.29538342976204,-29.13629599218008,99.88149492106092,1.1890654157269158,91.10167201561238,8.569766141176501,-0.14899407474895332,0.5500028378350802,0.9888380887130629,0.43544297682924277,0.9999999998055468,1.9720704990541708e-05,-0.9999999998055468,-1.9720704990541708e-05,0.9999999761817414,C0,0.9999767590125567,0.0064986709964694744,0.007878756403655696,MERGE_EXISTING,LEFT,True
M5_UNEQUAL_WIDTH,KNOWN_PARENT_PATH,O163,4.716666666666655,282,5,-0.9860136939651091,0.1666643192566423,-0.9860136939651092,0.16666431925664232,0.1666643192566423,0.9860136939651091,-66.31447700364328,-1.6811184068374665,165.94143621441054,-1.2443411779629772,-73.47094960795823,-44.01999465709685,-59.158004399328306,40.65775784342192,85.87888080945372,1.022367628683973,83.6642176546885,9.593931822350996,0.986010407035503,0.9996793253810983,0.16668376410940922,0.019320216389849425,0.9999999998055468,1.9720704990541708e-05,-0.9999999998055468,-1.9720704990541708e-05,0.9999999761817414,C0,-0.3052477177278706,0.6482171983166505,0.657456259272089,KNOWN_PARENT_PATH,INCOMING_PATH,True
M5_UNEQUAL_WIDTH,C2,O164,4.716666666666655,282,9,0.9869578534280248,0.16097886680165693,0.9869578534280248,0.16097886680165693,-0.16097886680165693,0.9869578534280248,32.64105392658975,-19.218031306199585,264.89696714464355,-18.781254077325094,39.92888760000392,-63.89957753248531,25.353220253175575,25.463514920086144,90.54398031505038,1.0779045275601236,20.3945476529222,9.250819184231062,-0.9869610278528496,-0.8617232600828391,0.16095940326568853,0.45093300995577273,0.9999999998055468,1.9720704990541708e-05,-0.9999999998055468,-1.9720704990541708e-05,0.9999999761817414,C2,0.9995437923603964,0.11171735750004354,0.11219632598454704,MERGE_EXISTING,FORWARD,True
M5_UNEQUAL_WIDTH,C2,O165,4.716666666666655,282,13,0.9999976509946659,-0.002167488212297418,0.9999976509946659,-0.002167488212297418,0.002167488212297418,0.9999976509946659,25.283521776028827,-6.69274458306406,257.5394349940826,-6.255967354189571,25.213823298882076,-38.849004086214265,25.353220253175575,25.463514920086144,64.31267007710547,0.765627024727446,86.42030152104797,0.13708654515130547,-0.9999976080558175,-0.9666997306463789,0.0021872088705424436,0.3113611455545377,0.9999999998055468,1.9720704990541708e-05,-0.9999999998055468,-1.9720704990541708e-05,0.9999999761817414,C2,0.9812299116015708,0.09704252224027526,0.10339895219351247,MERGE_EXISTING,FORWARD,True
M5_UNEQUAL_WIDTH,C2,O166,4.716666666666655,282,16,0.9999994389568999,-0.0010592855542580378,0.9999994389568999,-0.0010592855542580378,0.0010592855542580378,0.9999994389568999,25.32430184146881,-1.8363905360469683,257.58021505952263,-1.399613307172479,25.29538342976204,-29.13629599218008,25.353220253175575,25.463514920086144,54.59984154513059,0.649998113632507,124.6092025733987,0.07359112411140245,-0.9999994178725888,-0.9973796882447186,0.0010790062479784325,0.30227139793572977,0.9999999998055468,1.9720704990541708e-05,-0.9999999998055468,-1.9720704990541708e-05,0.9999999761817414,C2,0.9814430168248329,0.13037878528458005,0.139207074237937,MERGE_EXISTING,FORWARD,True
M5_UNEQUAL_WIDTH,C1,O167,4.716666666666655,282,20,0.17695245484449074,0.9842194007052029,0.17695245484449074,0.9842194007052029,-0.9842194007052029,0.17695245484449074,-16.902392073076363,33.06063638175403,215.35352114497746,33.49741361062852,25.353220253175575,25.463514920086144,-59.158004399328306,40.65775784342192,85.86624546513792,1.0222172079183085,92.32369529284762,10.19229898230924,-0.17697186431052903,0.45519457427755067,0.9842159108866588,0.3935752512889983,0.9999999998055468,1.9720704990541708e-05,-0.9999999998055468,-1.9720704990541708e-05,0.9999999761817414,C1,0.9997268378329349,0.010088759348913325,0.01582759698196707,MERGE_EXISTING,RIGHT,True
M5_UNEQUAL_WIDTH,C0,O168,4.816666666666655,288,0,-0.20160845903198424,-0.9794661960714871,-0.20160845903198424,-0.9794661960714871,0.9794661960714871,-0.20160845903198424,-21.094756130515613,-56.00992370177526,215.06834689180423,-55.575269587064945,-78.22287089622459,-44.25095618302659,36.033358635193366,-67.76889122052393,116.65152915913279,1.3887086804658666,90.14935013481798,11.631033116797767,0.20151124877711646,0.352363712790356,0.9794862003194773,0.6668132922359231,0.9999999950749983,-9.924718416588807e-05,-0.9999999950749983,9.924718416588807e-05,0.9999999567527853,C0,0.9408206334280091,0.2463342728426841,0.2466107643917132,MERGE_EXISTING,LEFT,True
M5_UNEQUAL_WIDTH,C0,O169,4.816666666666655,288,1,0.1485573832543727,-0.9889037889909278,0.1485573832543727,-0.9889037889909278,0.9889037889909278,0.1485573832543727,-28.289535668147522,-36.74975566056143,207.8735673541723,-36.31510154585112,-78.22287089622459,-44.25095618302659,21.643799559929548,-29.248555138096286,100.98724624976668,1.202229122021032,79.28708110405054,8.543334059448227,-0.14865552843919566,0.6099096843111267,0.9888890402185998,0.43750997436984373,0.9999999950749983,-9.924718416588807e-05,-0.9999999950749983,9.924718416588807e-05,0.9999999567527853,C0,0.9999797978053637,0.0028906219400048174,0.006098976285214941,MERGE_EXISTING,LEFT,True
M5_UNEQUAL_WIDTH,KNOWN_PARENT_PATH,O170,4.816666666666655,288,4,-0.9851666500710033,0.17160032513919413,-0.9851666500710035,0.17160032513919415,0.17160032513919413,0.9851666500710033,-70.84775048172534,-1.9099951928368384,165.3153525405945,-1.4753410781265286,-78.22287089622459,-44.25095618302659,-63.47263006722609,40.43096579735291,85.95695152112211,1.0232970419181204,79.1265082703168,9.880878386585806,0.9851836760681278,0.9996341204885641,0.17150254927810854,0.022064142351773647,0.9999999950749983,-9.924718416588807e-05,-0.9999999950749983,9.924718416588807e-05,0.9999999567527853,C0,-0.3100130074013552,0.6521923850962723,0.6560531400665556,KNOWN_PARENT_PATH,INCOMING_PATH,True
M5_UNEQUAL_WIDTH,C2,O171,4.816666666666655,288,10,0.9999857786583761,0.005333149257353706,0.9999857786583761,0.005333149257353706,-0.005333149257353706,0.9999857786583761,21.497897738577766,-1.891408470775822,257.6610007608976,-1.4567543560655123,21.643799559929548,-29.248555138096286,21.351995917225985,25.465738196544642,54.715071456364086,0.6513698982900487,128.4190585659089,0.3032631162217285,-0.9999852444333979,-0.9961606825782499,0.005432395003825714,0.25691596945346534,0.9999999950749983,-9.924718416588807e-05,-0.9999999950749983,9.924718416588807e-05,0.9999999567527853,C2,0.9826487358902066,0.12922525293498058,0.13794068418430108,MERGE_EXISTING,FORWARD,True
M5_UNEQUAL_WIDTH,C1,O172,4.816666666666655,288,14,0.17374227844592968,0.9847911558703282,0.17374227844592968,0.9847911558703282,-0.9847911558703282,0.17374227844592968,-21.060317075000054,32.94835199694877,215.10278594731977,33.383006111659085,21.351995917225985,25.465738196544642,-63.47263006722609,40.43096579735291,86.13463421032317,1.0254123120276568,75.95676750887395,10.005474797388587,-0.17364453984103706,0.5386541437425342,0.9848083944521364,0.39221372262764426,0.9999999950749983,-9.924718416588807e-05,-0.9999999950749983,9.924718416588807e-05,0.9999999567527853,C1,0.9997977320490135,0.008766792206610733,0.012957025957814458,MERGE_EXISTING,RIGHT,True
M5_UNEQUAL_WIDTH,C0,O173,4.9166666666666545,294,0,-0.26653954958364373,-0.9638239821190113,-0.26653954958364373,-0.9638239821190113,0.9638239821190113,-0.26653954958364373,-24.780855424335744,-60.178535863344635,215.1973926949696,-59.746307780176345,-81.79912335736682,-44.410487200043114,32.237412508695336,-75.94658452664615,118.31676528254422,1.4085329200302883,84.91891999806944,15.458453174025877,0.26631410077924383,0.3805526705093991,0.9638863002066906,0.7164687477225054,0.9999999726446462,-0.00023390319944164846,-0.9999999726446462,0.00023390319944164846,0.9999999493885879,C0,0.9160998815071832,0.29368606702212535,0.2936863950681681,MERGE_EXISTING,LEFT,True
M5_UNEQUAL_WIDTH,C0,O174,4.9166666666666545,294,1,0.05047903886416428,-0.998725120659008,0.050479038864164286,-0.9987251206590081,0.998725120659008,0.05047903886416428,-32.13085542433575,-41.9000803068503,207.8473926949696,-41.46785222368201,-81.79912335736682,-44.410487200043114,17.53741250869532,-39.38967341365748,99.4633396229335,1.184087376463494,82.06141676595672,2.893465591834172,-0.0507126424843772,0.6083349002867687,0.9987132861298339,0.49885212782966637,0.9999999726446462,-0.00023390319944164846,-0.9999999726446462,0.00023390319944164846,0.9999999493885879,C0,0.9957477688068651,0.0620016521232873,0.062156196866046044,MERGE_EXISTING,LEFT,True
M5_UNEQUAL_WIDTH,C0,O175,4.9166666666666545,294,2,0.15173834578949622,-0.9884206970804826,0.15173834578949622,-0.9884206970804826,0.9884206970804826,0.15173834578949622,-32.130855963843835,-36.785615771526395,207.84739215546153,-36.353387688358104,-81.79912335736682,-44.410487200043114,17.537411429679153,-29.160744343009675,100.50025771461304,1.196431639459679,74.86999212515843,8.72533893013599,-0.15196953640208155,0.6576723355358522,0.9883851779573267,0.43796564923324155,0.9999999726446462,-0.00023390319944164846,-0.9999999726446462,0.00023390319944164846,0.9999999493885879,C0,0.9999541706294842,0.0027301987230384578,0.006364015274699782,MERGE_EXISTING,LEFT,True
M5_UNEQUAL_WIDTH,KNOWN_PARENT_PATH,O176,4.9166666666666545,294,5,-0.984383220481041,0.17603884581357118,-0.984383220481041,0.17603884581357118,0.17603884581357118,0.984383220481041,-74.23646292895475,-2.1212072770836485,165.7417851903506,-1.688979193915358,-81.79912335736682,-44.410487200043114,-66.67380250054266,40.16807264587582,85.92035915096939,1.0228614184639213,75.73323792897374,10.10361854051365,0.9844243696021515,0.9995853147606523,0.17580859061321907,0.02461155891936079,0.9999999726446462,-0.00023390319944164846,-0.9999999726446462,0.00023390319944164846,0.9999999493885879,C0,-0.31429492254669655,0.6466569104805541,0.6533714382723554,KNOWN_PARENT_PATH,INCOMING_PATH,True
M5_UNEQUAL_WIDTH,C2,O177,4.9166666666666545,294,13,0.9999969990072439,-0.0024498931621778435,0.999996999007244,-0.002449893162177844,0.0024498931621778435,0.9999969990072439,17.61686008660762,-6.960773771327652,257.595108205913,-6.528545688159362,17.53741250869532,-39.38967341365748,17.69630766451992,25.46812587100218,64.8579939230296,0.7721189752741618,58.82425162173947,0.14036867886591153,-0.9999975446898212,-0.9301193968759254,0.002215990597660308,0.22550212640806006,0.9999999726446462,-0.00023390319944164846,-0.9999999726446462,0.00023390319944164846,0.9999999493885879,C2,0.9811754129227804,0.095219414643653,0.10161287888980879,MERGE_EXISTING,FORWARD,True
M5_UNEQUAL_WIDTH,C2,O178,4.9166666666666545,294,16,0.9999957699059472,-0.0029086371743048465,0.9999957699059473,-0.002908637174304847,0.0029086371743048465,0.9999957699059472,17.616859547099537,-1.8463092360037479,257.5951076664049,-1.4140811528354573,17.537411429679153,-29.160744343009675,17.69630766451992,25.46812587100218,54.62910130024837,0.6503464440505758,132.28665480217853,0.16665286920836309,-0.9999964228902501,-0.9945772933386005,0.0026747348847289323,0.21087315711692206,0.9999999726446462,-0.00023390319944164846,-0.9999999726446462,0.00023390319944164846,0.9999999493885879,C2,0.9810867173444535,0.1301318892781642,0.13907232501253763,MERGE_EXISTING,FORWARD,True
M5_UNEQUAL_WIDTH,C1,O179,4.9166666666666545,294,20,0.17164586684520244,0.9851587163472488,0.17164586684520244,0.9851587163472488,-0.9851587163472488,0.17164586684520244,-24.48874741801137,32.818099258439,215.489500701294,33.25032734160729,17.69630766451992,25.46812587100218,-66.67380250054266,40.16807264587582,85.64113453504055,1.0195373158933398,69.48905363185023,9.883527032936428,-0.1714154303740576,0.5982346626240438,0.9851988379153097,0.3906334957478959,0.9999999726446462,-0.00023390319944164846,-0.9999999726446462,0.00023390319944164846,0.9999999493885879,C1,0.9998382737628745,0.013141197658960749,0.01652013883144869,MERGE_EXISTING,RIGHT,True
M5_UNEQUAL_WIDTH,C0,O180,5.016666666666654,300,0,-0.3197821462645088,-0.9474910970191036,-0.3197821462645088,-0.9474910970191036,0.9474910970191036,-0.3197821462645088,-28.435605056003748,-63.7060245834202,215.23951363572644,-63.27621452953945,-85.43043607980759,-44.47003445315355,28.559225967800096,-82.94201471368686,120.30684236108382,1.4322243138224264,80.23581719016293,18.649750529958894,0.31942231964362566,0.40724924902905313,0.9476124638867334,0.7584915247842741,0.9999999278974432,-0.0003797434771732537,-0.9999999278974432,0.0003797434771732537,0.9999999651410548,C0,0.8923583883832505,0.3340702617307879,0.3340962710815868,MERGE_EXISTING,LEFT,True
M5_UNEQUAL_WIDTH,C0,O181,5.016666666666654,300,1,0.06429087185442674,-0.9979312019353829,0.06429087185442674,-0.9979312019353829,0.9979312019353829,0.06429087185442674,-35.8123034545387,-41.27342831429302,207.86281523719148,-40.84361826041227,-85.43043607980759,-44.47003445315355,13.805829170730188,-38.07682217543249,99.44199064833273,1.1838332220039611,74.67435211027623,3.6861379275712522,-0.06466982508349312,0.6550824699862973,0.9979067159427633,0.49142083790445035,0.9999999278974432,-0.0003797434771732537,-0.9999999278974432,0.0003797434771732537,0.9999999651410548,C0,0.9969269145261168,0.05458600643055481,0.05483515165554292,MERGE_EXISTING,LEFT,True
M5_UNEQUAL_WIDTH,C0,O182,5.016666666666654,300,2,0.15235593946077114,-0.9883256890878764,0.15235593946077117,-0.9883256890878765,0.9883256890878764,0.15235593946077114,-35.6663082454553,-36.79861547521933,208.00881044627488,-36.36880542133858,-85.43043607980759,-44.47003445315355,14.097819588896998,-29.127196497285105,100.70390435824753,1.1988560042648515,70.88639709644309,8.763481466236485,-0.15273123870927224,0.6957001294096175,0.9882677616528485,0.4381498875402101,0.9999999278974432,-0.0003797434771732537,-0.9999999278974432,0.0003797434771732537,0.9999999651410548,C0,0.9999479931745824,0.004608047189437951,0.007970015463663339,MERGE_EXISTING,LEFT,True
M5_UNEQUAL_WIDTH,KNOWN_PARENT_PATH,O183,5.016666666666654,300,5,-0.9841430778898731,0.1773764421828538,-0.9841430778898731,0.1773764421828538,0.1773764421828538,0.9841430778898731,-77.78551580570644,-2.0534921198679292,165.88960288602374,-1.6236820659871802,-85.43043607980759,-44.47003445315355,-70.14059553160527,40.363050213417694,86.19995056863488,1.0261898877218438,72.187383419871,10.216982123695686,0.984210364477564,0.9996416238854225,0.17700270747912492,0.02383566754875301,0.9999999278974432,-0.0003797434771732537,-0.9999999278974432,0.0003797434771732537,0.9999999651410548,C0,-0.31558474829685845,0.6457967743338101,0.6535341442458483,KNOWN_PARENT_PATH,INCOMING_PATH,True
M5_UNEQUAL_WIDTH,C2,O184,5.016666666666654,300,6,0.9499565200210108,0.31238215389098517,0.9499565200210106,0.3123821538909851,-0.31238215389098517,0.9499565200210108,21.18252756926514,-60.50941844455967,264.8576462609953,-60.07960839067892,28.559225967800096,-82.94201471368686,13.805829170730188,-38.07682217543249,47.22868004238979,0.5622461909808308,23.611212759032313,18.202848936413915,-0.9498378264413915,-0.33076761181760106,0.31274287115950933,0.7632140159696673,0.9999999278974432,-0.0003797434771732537,-0.9999999278974432,0.0003797434771732537,0.9999999651410548,C2,0.9920963663610235,0.6033522306769289,0.6033619820820293,MERGE_EXISTING,FORWARD,True
M5_UNEQUAL_WIDTH,C2,O185,5.016666666666654,300,13,0.9999952958498461,-0.003067291668337406,0.9999952958498461,-0.003067291668337406,0.003067291668337406,0.9999952958498461,13.903288734916632,-6.303154634110339,257.57840742664683,-5.87334458022959,13.805829170730188,-38.07682217543249,14.000748299103076,25.470512907211813,63.54763402025666,0.7565194526221031,56.35206106467687,0.20391398458349386,-0.9999963885316322,-0.9109304929134252,0.0026875497563749167,0.18173046841468848,0.9999999278974432,-0.0003797434771732537,-0.9999999278974432,0.0003797434771732537,0.9999999651410548,C2,0.981055994310916,0.0984679514512296,0.10530007249186871,MERGE_EXISTING,FORWARD,True
M5_UNEQUAL_WIDTH,C2,O186,5.016666666666654,300,16,0.9999984194736898,0.0017779342289073975,0.9999984194736898,0.0017779342289073975,-0.0017779342289073975,0.9999984194736898,14.049283944000038,-1.8283417950366463,257.7244026357302,-1.3985317411558973,14.097819588896998,-29.127196497285105,14.000748299103076,25.470512907211813,54.5977956977495,0.6499737583065416,135.83224742386375,0.07369733935871636,-0.9999976722123206,-0.9916870834931741,0.0021576769776924906,0.1686637211444789,0.9999999278974432,-0.0003797434771732537,-0.9999999278974432,0.0003797434771732537,0.9999999651410548,C2,0.9819831143971481,0.12922187475195374,0.1382166309931067,MERGE_EXISTING,FORWARD,True
M5_UNEQUAL_WIDTH,C1,O187,5.016666666666654,300,20,0.17428542248480422,0.9846951769503562,0.17428542248480422,0.9846951769503562,-0.9846951769503562,0.17428542248480422,-28.069923616251096,32.91678156031475,215.6051950754791,33.3465916141955,14.000748299103076,25.470512907211813,-70.14059553160527,40.363050213417694,85.44912760850292,1.0172515191488443,65.85958647880241,10.037076804254696,-0.1739114783479288,0.6491531461544466,0.9847612897036713,0.3917792842535761,0.9999999278974432,-0.0003797434771732537,-0.9999999278974432,0.0003797434771732537,0.9999999651410548,C1,0.9997864869820906,0.013580236433282041,0.017963863818688523,MERGE_EXISTING,RIGHT,True
M5_UNEQUAL_WIDTH,C0,O188,5.116666666666654,306,1,0.061570704822791464,-0.9981027243263214,0.061570704822791464,-0.9981027243263214,0.9981027243263214,0.061570704822791464,-39.46656365602224,-41.37863972570787,207.81152156130156,-40.950903132731696,-89.14654735649096,-44.443285816206455,10.213420044446476,-38.31399363520928,99.54883899149895,1.1851052260892732,70.1228491327656,3.529974255251304,-0.06206312094876532,0.6898328418397249,0.9980722263534334,0.49269781818922354,0.9999998782981163,-0.0004933596585231044,-0.9999998782981163,0.0004933596585231044,0.9999999866171375,C0,0.9967096981213635,0.05583552228932004,0.055913719739239344,MERGE_EXISTING,LEFT,True
M5_UNEQUAL_WIDTH,C0,O189,5.116666666666654,306,2,0.151933926823886,-0.988390652464841,0.151933926823886,-0.988390652464841,0.988390652464841,0.151933926823886,-39.322088410959125,-36.7843448088304,207.95599680636468,-36.35660821585422,-89.14654735649096,-44.443285816206455,10.502370534572709,-29.125403801454343,100.81936493689004,1.2002305349629767,67.07227217828279,8.739017113795953,-0.15242154040802838,0.7299420199564177,0.9883155741055809,0.43800445569579755,0.9999998782981163,-0.0004933596585231044,-0.9999998782981163,0.0004933596585231044,0.9999999866171375,C0,0.9999522566452759,0.00396360020683207,0.007655932787231255,MERGE_EXISTING,LEFT,True
M5_UNEQUAL_WIDTH,KNOWN_PARENT_PATH,O190,5.116666666666654,306,5,-0.9857426492325815,0.16826000559827553,-0.9857426492325816,0.16826000559827556,0.16826000559827553,0.9857426492325815,-81.89504315199662,-1.9607187911836093,165.38304206532717,-1.5329821982074376,-89.14654735649096,-44.443285816206455,-74.64353894750226,40.521848233839236,86.19403260698174,1.0261194357974017,68.08148859356947,9.68666749241362,0.9858255419647494,0.9997015868532215,0.16777365946389886,0.022750990308017076,0.9999998782981163,-0.0004933596585231044,-0.9999998782981163,0.0004933596585231044,0.9999999866171375,C0,-0.30678861178441785,0.6511341339669534,0.6579033867184315,KNOWN_PARENT_PATH,INCOMING_PATH,True
M5_UNEQUAL_WIDTH,C2,O191,5.116666666666654,306,6,0.9726864206528923,0.23212308605019144,0.9726864206528923,0.23212308605019144,-0.23212308605019144,0.9726864206528923,17.589958698270568,-69.22457259608186,264.86804391559434,-68.79683600310568,24.96649735209466,-100.13515155695443,10.213420044446476,-38.31399363520928,63.55713065290783,0.7566325077727123,31.77622969101769,13.422098990819535,-0.9725717821086537,-0.24675186170633606,0.232602942040718,0.8502907414356811,0.9999998782981163,-0.0004933596585231044,-0.9999998782981163,0.0004933596585231044,0.9999999866171375,C2,0.9991025222710872,0.7071276247006718,0.7071376588674501,MERGE_EXISTING,FORWARD,True
M5_UNEQUAL_WIDTH,C2,O192,5.116666666666654,306,13,0.9999994446553717,-0.0010538922848847155,0.9999994446553717,-0.0010538922848847155,0.0010538922848847155,0.9999994446553717,10.247032135012217,-6.4207229646452735,257.525117352336,-5.992986371669102,10.213420044446476,-38.31399363520928,10.280644225577959,25.472547705918732,63.78657676466078,0.7593640091031045,42.87337842804056,0.06483118467792792,-0.9999998429014935,-0.8476527481815531,0.0005605327720855711,0.14395774004558726,0.9999998782981163,-0.0004933596585231044,-0.9999998782981163,0.0004933596585231044,0.9999999866171375,C2,0.9814440509922272,0.09844718673669536,0.10483669396320555,MERGE_EXISTING,FORWARD,True
M5_UNEQUAL_WIDTH,C2,O193,5.116666666666654,306,16,0.9999917539418973,0.004061040286406733,0.9999917539418973,0.004061040286406733,-0.004061040286406733,0.9999917539418973,10.391507380075334,-1.8264280477678057,257.6695925973991,-1.398691454791634,10.502370534572709,-29.125403801454343,10.280644225577959,25.472547705918732,54.598401728966046,0.6499809729638815,139.44920547807735,0.2282335148966581,-0.9999896286875682,-0.9849881143769526,0.004554395382421175,0.1256046966895553,0.9999998782981163,-0.0004933596585231044,-0.9999998782981163,0.0004933596585231044,0.9999999866171375,C2,0.9824119921475511,0.12966238841179073,0.13845468301157998,MERGE_EXISTING,FORWARD,True
M5_UNEQUAL_WIDTH,C1,O194,5.116666666666654,306,20,0.1744900876082623,0.9846589304558513,0.1744900876082623,0.9846589304558513,-0.9846589304558513,0.1744900876082623,-32.18144736096215,32.99719796987898,215.09663785636164,33.42493456285516,10.280644225577959,25.472547705918732,-74.64353894750226,40.521848233839236,86.24730914060189,1.0267536802452606,60.051674320674195,10.048985731858266,-0.17400427537879853,0.6985553376142367,0.9847448969910427,0.3927128822607861,0.9999998782981163,-0.0004933596585231044,-0.9999998782981163,0.0004933596585231044,0.9999999866171375,C1,0.9997821704764235,0.00833574328541968,0.012910167017378585,MERGE_EXISTING,RIGHT,True
M5_UNEQUAL_WIDTH,C0,O195,5.2166666666666535,312,0,0.06384753233144172,-0.9979596648237771,0.06384753233144173,-0.9979596648237772,0.9979596648237771,0.06384753233144172,-43.15252146031315,-41.16103659054673,207.6954881202419,-40.73472035790347,-92.99496707281847,-44.3498600168768,6.689924152192157,-37.97221316421667,99.88869764853003,1.1891511624825004,68.26594958752952,3.6606841479446786,-0.06438265758176737,0.7232365929536728,0.9979252844791081,0.49012371510907843,0.9999998562294792,-0.0005362285156215447,-0.9999998562294792,0.0005362285156215447,0.9999999944619236,C0,0.9968920146433223,0.05322757265748977,0.05334183715211925,MERGE_EXISTING,LEFT,True
M5_UNEQUAL_WIDTH,C0,O196,5.2166666666666535,312,1,0.15092499087688682,-0.9885452175438469,0.15092499087688682,-0.9885452175438469,0.9885452175438469,0.15092499087688682,-43.137920540146304,-36.737993448154754,207.71008904040875,-36.311677215511494,-92.99496707281847,-44.3498600168768,6.719125992525859,-29.12612687943271,100.86953160634911,1.2008277572184418,63.44150108968857,8.680534926872056,-0.1514550553129506,0.760974928351005,0.988464145136358,0.4374685058011429,0.9999998562294792,-0.0005362285156215447,-0.9999998562294792,0.0005362285156215447,0.9999999944619236,C0,0.9999617096988622,0.0010469324326572115,0.0062510472115391395,MERGE_EXISTING,LEFT,True
M5_UNEQUAL_WIDTH,KNOWN_PARENT_PATH,O197,5.2166666666666535,312,4,-0.9849380026331352,0.17290786844169426,-0.9849380026331352,0.17290786844169426,0.17290786844169426,0.9849380026331352,-85.53501090425132,-1.8555860742370598,165.31299867630372,-1.4292698415938014,-92.99496707281847,-44.3498600168768,-78.07505473568416,40.63868786840268,86.28822084036855,1.0272407242901018,64.44486403453446,9.956931911621723,0.9850305791577194,0.9997529969819462,0.17237969173950876,0.02151565301811427,0.9999998562294792,-0.0005362285156215447,-0.9999998562294792,0.0005362285156215447,0.9999999944619236,C0,-0.31127472117967,0.6525624422788593,0.657153759600062,KNOWN_PARENT_PATH,INCOMING_PATH,True
M5_UNEQUAL_WIDTH,C2,O198,5.2166666666666535,312,7,0.9999991282955137,-0.0013203818434938009,0.9999991282955139,-0.001320381843493801,0.0013203818434938009,0.9999991282955137,6.731810681083092,-6.249198655454329,257.57982026163813,-5.8228824228110705,6.689924152192157,-37.97221316421667,6.773697209974028,25.47381585330801,63.44608432376102,0.7553105276638217,33.521752965926304,0.07997786513170979,-0.9999996925515142,-0.7332541998696347,0.0007841536054730735,0.10934882429331638,0.9999998562294792,-0.0005362285156215447,-0.9999998562294792,0.0005362285156215447,0.9999999944619236,C2,0.9813929170732276,0.09871029634442932,0.10541068018681539,MERGE_EXISTING,FORWARD,True
M5_UNEQUAL_WIDTH,C2,O199,5.2166666666666535,312,10,0.9999995005263405,-0.0009994733961242745,0.9999995005263406,-0.0009994733961242747,0.0009994733961242745,0.9999995005263405,6.746411601249943,-1.82615551306235,257.594421181805,-1.3998392804190916,6.719125992525859,-29.12612687943271,6.773697209974028,25.47381585330801,54.59997000398755,0.6499996429046137,105.5455672134402,0.09836457722401803,-0.999999892702027,-0.9654023476498264,0.0004632450046399382,0.08320475918915018,0.9999998562294792,-0.0005362285156215447,-0.9999998562294792,0.0005362285156215447,0.9999999944619236,C2,0.9814544842972002,0.1302613582173871,0.13911633092958192,MERGE_EXISTING,FORWARD,True
M5_UNEQUAL_WIDTH,C1,O200,5.2166666666666535,312,14,0.17594027550720695,0.9844008428757303,0.17594027550720695,0.9844008428757303,-0.9844008428757303,0.17594027550720695,-35.650678762855065,33.05625186085534,215.1973308177,33.4825680934986,6.773697209974028,25.47381585330801,-78.07505473568416,40.63868786840268,86.19329469262696,1.026110651102702,57.0827659222115,10.133380966795102,-0.17541238640943005,0.7336495679451166,0.9844950455406817,0.39339880882919687,0.9999998562294792,-0.0005362285156215447,-0.9999998562294792,0.0005362285156215447,0.9999999944619236,C1,0.9997503429841423,0.008699821922994249,0.014045946146553351,MERGE_EXISTING,RIGHT,True
M5_UNEQUAL_WIDTH,C1,O201,5.316666666666653,318,2,0.17681300227592894,0.9842444626342443,0.17681300227592897,0.9842444626342444,-0.9842444626342443,0.17681300227592894,-39.26256751928122,33.08784021571542,215.18471892063243,33.51325168648994,3.116535146574646,25.474714960171724,-81.64167018513709,40.70096547125912,86.11499332682432,1.0251784919860039,54.278913521959446,10.18418093274147,-0.17630802891663264,0.7650053490602419,0.9843350440472654,0.393764113101027,0.999999868398457,-0.0005130332042518483,-0.999999868398457,0.0005130332042518483,0.9999999888055259,C1,0.9997301392974904,0.008350393692444728,0.014331789867486552,MERGE_EXISTING,RIGHT,True
M5_UNEQUAL_WIDTH,C0,O202,5.416666666666653,324,0,0.14971912777412402,-0.988728568808728,0.14971912777412402,-0.988728568808728,0.988728568808728,0.14971912777412402,-49.896703991739955,-36.60299651967324,208.21241895696937,-36.17848820361374,-99.28504104476563,-44.08167062605877,-0.508366938714282,-29.12432241328771,99.90272074879223,1.1893181041522884,60.84109860679839,8.610649958619248,-0.15017177776467155,0.8060410089332002,0.988659919872854,0.4358850454408938,0.9999998951976549,-0.0004578260361270258,-0.9999998951976549,0.0004578260361270258,0.9999999847288175,C0,0.9999716395968377,0.006934941673973874,0.008380235747232876,MERGE_EXISTING,LEFT,True
M5_UNEQUAL_WIDTH,KNOWN_PARENT_PATH,O203,5.416666666666653,324,3,-0.9868042874087808,0.1619175665320109,-0.9868042874087809,0.16191756653201092,0.1619175665320109,0.9868042874087808,-92.32817155401165,-1.683129272843896,165.7809513946977,-1.2586209567843976,-99.28504104476563,-44.08167062605877,-85.37130206325764,40.715412080370974,85.93100353170921,1.0229881372822525,57.65648811824347,9.31821619601854,0.986878314067042,0.9998254280779607,0.1614657648673327,0.01948863387817763,0.9999998951976549,-0.0004578260361270258,-0.9999998951976549,0.0004578260361270258,0.9999999847288175,C0,-0.30066172502767874,0.6495722589762574,0.6596149288413901,KNOWN_PARENT_PATH,INCOMING_PATH,True
M5_UNEQUAL_WIDTH,C1,O204,5.416666666666653,324,9,0.17662470352494494,0.9842782706657326,0.17662470352494497,0.9842782706657327,-0.9842782706657326,0.17662470352494494,-42.907990834812026,33.0955448335416,215.2011321138973,33.520053149601104,-0.4446796063663996,25.475677586712226,-85.37130206325764,40.715412080370974,86.28314267209184,1.0271802699058552,53.15198972918232,10.173219694139988,-0.17617405679515696,0.7921055645994992,0.9843590308989585,0.3938450524365623,0.9999998951976549,-0.0004578260361270258,-0.9999998951976549,0.0004578260361270258,0.9999999847288175,C1,0.9997345651916835,0.00845251427167712,0.014179164465025804,MERGE_EXISTING,RIGHT,True
M5_UNEQUAL_WIDTH,C0,O205,5.516666666666652,330,0,0.14680281820760135,-0.9891657760791697,0.14680281820760135,-0.9891657760791697,0.9891657760791697,0.14680281820760135,-53.617505835505,-36.473518498734734,208.2097194406106,-36.049859261177225,-103.14196258267373,-43.82347944208922,-4.093049088336276,-29.12355755538025,100.13378534682532,1.192068873176492,59.40548213341144,8.441690368577639,-0.1471830205687957,0.8266126104364199,0.9891092752857217,0.4343537386698528,0.9999999261269125,-0.0003843776393870779,-0.9999999261269125,0.0003843776393870779,0.9999999864703005,C0,0.9999895006478238,0.007288074461719118,0.007850347167688372,MERGE_EXISTING,LEFT,True
M5_UNEQUAL_WIDTH,KNOWN_PARENT_PATH,O206,5.516666666666652,330,1,-0.9867991037209352,0.16194915527893025,-0.9867991037209352,0.16194915527893025,0.16194915527893025,0.9867991037209352,-96.20795080679497,-1.5727088601584711,165.61927446932063,-1.1490496226009617,-103.14196258267373,-43.82347944208922,-89.27393903091622,40.67806172177228,85.63195978313168,1.0194280926563295,53.77919553650831,9.320050305026015,0.9868612804570454,0.9998600585593804,0.1615698398052086,0.0181826221234733,0.9999999261269125,-0.0003843776393870779,-0.9999999261269125,0.0003843776393870779,0.9999999864703005,C0,-0.3006922549816152,0.6518855738760944,0.6592602690382047,KNOWN_PARENT_PATH,INCOMING_PATH,True
M5_UNEQUAL_WIDTH,C0,O207,5.616666666666652,336,0,0.15292564551188664,-0.9882376975934347,0.15292564551188664,-0.9882376975934347,0.9882376975934347,0.15292564551188664,-57.70475113076369,-36.845043730168854,207.86013233434485,-36.421929930224174,-107.60600908243073,-44.567054439431786,-7.803493179096648,-29.123033020905915,100.99039547507049,1.2022666127984583,58.81569990625573,8.796510259148477,-0.1532188660115971,0.8426815077258465,0.9881922784044208,0.4387816830152894,0.9999999559794179,-0.00029671731031961955,-0.9999999559794179,0.00029671731031961955,0.9999999919084329,C0,0.9999419479467844,0.003262232620539509,0.008225893721226361,MERGE_EXISTING,LEFT,True
M5_UNEQUAL_WIDTH,KNOWN_PARENT_PATH,O208,5.616666666666652,336,1,-0.9838587735623971,0.17894667832708097,-0.9838587735623971,0.17894667832708097,0.17894667832708097,0.9838587735623971,-99.82610717020995,-1.792721742388803,165.7387762948986,-1.369607942444126,-107.60600908243073,-44.567054439431786,-92.04620525798916,40.98161095465418,86.95218022433012,1.0351450026705966,50.15779687925614,10.30841281492701,0.9839118268294451,0.9998334143679634,0.17865474252071822,0.020809491891503336,0.9999999559794179,-0.00029671731031961955,-0.9999999559794179,0.00029671731031961955,0.9999999919084329,C0,-0.31709856461008196,0.6491111160763671,0.656263504232415,KNOWN_PARENT_PATH,INCOMING_PATH,True
M5_UNEQUAL_WIDTH,KNOWN_PARENT_PATH,O209,5.616666666666652,336,2,-0.9885159413536635,0.15111662281059812,-0.9885159413536635,0.15111662281059812,0.15111662281059812,0.9885159413536635,-101.1285058958762,-2.195043730168841,164.43637756923235,-1.771929930224164,-107.60600908243073,-44.567054439431786,-94.65100270932166,40.176966979094104,85.72853291822315,1.02057777283599,48.847674659899084,8.691642019778897,0.9885607367564814,0.9997580361761358,0.1508233063670299,0.025586751730395495,0.9999999559794179,-0.00029671731031961955,-0.9999999559794179,0.00029671731031961955,0.9999999919084329,C0,-0.29021416183538007,0.6581004552725893,0.6651801242176413,KNOWN_PARENT_PATH,INCOMING_PATH,True
M5_UNEQUAL_WIDTH,C0,O210,5.816666666666651,348,0,0.1464650956305915,-0.9892158388147259,0.1464650956305915,-0.9892158388147259,0.9892158388147259,0.1464650956305915,-64.47986237360948,-36.47218214549301,208.42805783832904,-36.0499346335342,-114.12122706656638,-43.82217285702342,-14.838497680652576,-29.12219143396259,100.36508261419867,1.1948224120737936,56.33713293703531,8.422128846194582,-0.14664453468710423,0.8703170993854974,0.9891892541098507,0.43435543749257216,0.9999999835474392,-0.00018139768814622392,-0.9999999835474392,0.00018139768814622392,0.9999999982049376,C0,0.9999910068654139,0.009765325901810727,0.010077687082676822,MERGE_EXISTING,LEFT,True
M5_UNEQUAL_WIDTH,KNOWN_PARENT_PATH,O211,5.816666666666651,348,2,-0.9850066981263814,0.17251609967236006,-0.9850066981263815,0.1725160996723601,0.17251609967236006,0.9850066981263814,-106.76526291229479,-1.8221857433803947,166.14265729964373,-1.3999382314215842,-114.12122706656638,-43.82217285702342,-99.4092987580232,40.17780137026263,85.27858174676942,1.0152212112710646,43.21918840159151,9.922111135413402,0.9850379759421475,0.9998512749367683,0.17233741889617976,0.02117454246135279,0.9999999835474392,-0.00018139768814622392,-0.9999999835474392,0.00018139768814622392,0.9999999982049376,C0,-0.3108967106467988,0.6451915512462276,0.6536273722680684,KNOWN_PARENT_PATH,INCOMING_PATH,True
M5_UNEQUAL_WIDTH,C0,O212,6.016666666666651,360,0,0.14869485164516197,-0.9888831281269912,0.14869485164516197,-0.9888831281269912,0.9888831281269912,0.14869485164516197,-71.51995047627071,-36.576515544972345,208.43503339780824,-36.15444995103709,-121.09480975390818,-44.030911454810784,-21.945091198633225,-29.122119635133902,100.26434442568655,1.1936231479248398,55.57813510018046,8.551298879649863,-0.148799975336968,0.8902758968218438,0.9888673153359443,0.4355996930113665,0.9999999943494826,-0.00010630632581223225,-0.9999999943494826,0.00010630632581223225,0.9999999976529588,C0,0.9999789045235774,0.00959899778894615,0.010352335718035047,MERGE_EXISTING,LEFT,True
M5_UNEQUAL_WIDTH,KNOWN_PARENT_PATH,O213,6.016666666666651,360,3,-0.9853306903147317,0.17065588394161507,-0.9853306903147319,0.1706558839416151,0.17065588394161507,0.9853306903147317,-113.74502197359888,-1.594803774418292,166.20996190048007,-1.1727381804830341,-121.09480975390818,-44.030911454810784,-106.39523419328958,40.8413039059742,86.1357676108468,1.0254258048910334,36.24379831036292,9.825955713647417,0.9853488265471035,0.9999002261299385,0.17055113609192366,0.018470443424696743,0.9999999943494826,-0.00010630632581223225,-0.9999999943494826,0.00010630632581223225,0.9999999976529588,C0,-0.3091015107220444,0.6463232368693217,0.6564644308560778,KNOWN_PARENT_PATH,INCOMING_PATH,True
M5_UNEQUAL_WIDTH,KNOWN_PARENT_PATH,O214,6.016666666666651,360,4,-0.9920133842803398,0.1261326500501237,-0.9920133842803398,0.1261326500501237,0.1261326500501237,0.9920133842803398,-115.7413144089636,-1.9265155449723181,164.21366946511534,-1.5044499510370604,-121.09480975390818,-44.030911454810784,-110.38781906401903,40.17788036486615,84.88674966897402,1.0105565436782622,34.242653264427375,7.246169588107506,0.9920267873735427,0.9998597256947015,0.12602719203936957,0.022400431471430178,0.9999999943494826,-0.00010630632581223225,-0.9999999943494826,0.00010630632581223225,0.9999999976529588,C0,-0.2659818994372894,0.6621596984802635,0.6723656936776669,KNOWN_PARENT_PATH,INCOMING_PATH,True
M5_UNEQUAL_WIDTH,C0,O215,6.21666666666665,372,0,0.14944190956027675,-0.9887705070778448,0.14944190956027675,-0.9887705070778448,0.9887705070778448,0.14944190956027675,-78.6222014376866,-36.60457509574063,208.34583960499725,-36.181329627709324,-128.12103875505045,-44.08578607115857,-29.12336412032275,-29.12336412032268,100.1219938560867,1.1919284982867464,54.64084419943197,8.594585795811554,-0.14943180161715003,0.9065661482685738,0.988772034730682,0.4359193617114758,0.9999999999477479,1.0222731408084805e-05,-0.9999999999477479,-1.0222731408084805e-05,0.9999999923077992,C0,0.9999737118543096,0.00850529206096284,0.009543839017921264,MERGE_EXISTING,LEFT,True
M5_UNEQUAL_WIDTH,KNOWN_PARENT_PATH,O216,6.21666666666665,372,2,-0.9854971096078792,0.16969221241564367,-0.9854971096078792,0.16969221241564367,0.16969221241564367,0.9854971096078792,-120.7713152096038,-1.4018513911548673,166.19672583308005,-0.9786059231235634,-128.12103875505045,-44.08578607115857,-113.42159166415715,41.28208328884884,86.6241702058107,1.0312401214977465,29.220549078991255,9.769924124406714,0.9854953748384754,0.9999327585371243,0.16970228687903186,0.016159215616421346,0.9999999999477479,1.0222731408084805e-05,-0.9999999999477479,-1.0222731408084805e-05,0.9999999923077992,C0,-0.3081713177870571,0.6479393868512116,0.6582286886028846,KNOWN_PARENT_PATH,INCOMING_PATH,True
M5_UNEQUAL_WIDTH,KNOWN_PARENT_PATH,O217,6.21666666666665,372,3,-0.9909098366136045,0.13452767634356752,-0.9909098366136045,0.13452767634356752,0.13452767634356752,0.9909098366136045,-122.40123085261493,-1.9545750957406796,164.56681019006894,-1.5313296277093755,-128.12103875505045,-44.08578607115857,-116.68142295017942,40.176635879677214,85.03540770046173,1.0123262821483539,27.58316423775682,7.731308595693349,0.9909084613215252,0.9998726896114354,0.1345378061416475,0.022723655518091176,0.9999999999477479,1.0222731408084805e-05,-0.9999999999477479,-1.0222731408084805e-05,0.9999999923077992,C0,-0.2741345323149025,0.6586819909783378,0.669026229398416,KNOWN_PARENT_PATH,INCOMING_PATH,True
M5_UNEQUAL_WIDTH,C0,O218,6.3166666666666496,378,0,0.1611999982768015,-0.9869217600983167,0.1611999982768015,-0.9869217600983167,0.9869217600983167,0.1611999982768015,-82.03457635160771,-37.24006325477505,208.5238246659781,-36.816120783142104,-131.72362294899733,-45.35608070389602,-32.345529754218084,-29.12404580565408,100.69500664863165,1.1987500791503767,54.097869525952305,9.276555266654427,-0.16113489430479544,0.9105959346003685,0.9869323917256858,0.4434770523102287,0.9999999978242207,6.596634495518554e-05,-0.9999999978242207,-6.596634495518554e-05,0.9999999926991319,C0,0.9998165758016228,0.012444483055308072,0.016493063186841923,MERGE_EXISTING,LEFT,True
M5_UNEQUAL_WIDTH,KNOWN_PARENT_PATH,O219,6.3166666666666496,378,3,-0.9855827245764123,0.16919424640494043,-0.9855827245764124,0.16919424640494046,0.16919424640494043,0.9855827245764123,-124.37357851489448,-2.540932003252845,166.18482250269136,-2.1169895316198994,-131.72362294899733,-45.35608070389602,-117.02353408079162,40.27421669739033,86.88291227719002,1.0343203842522621,25.600468778834312,9.740974155306091,0.985571561305979,0.9997927213983002,0.16925926132680238,0.029711279621634838,0.9999999978242207,6.596634495518554e-05,-0.9999999978242207,-6.596634495518554e-05,0.9999999926991319,C0,-0.3076905973486155,0.6393460488533109,0.6594881904843133,KNOWN_PARENT_PATH,INCOMING_PATH,True
