map_case,candidate_id,observation_id,creation_time,frame,source_gap_id,opening_axis_x,opening_axis_y,opening_normal_odom_x,opening_normal_odom_y,gap_tangent_x,gap_tangent_y,center_x,center_y,center_odom_x,center_odom_y,termination_1_x,termination_1_y,termination_2_x,termination_2_y,gap_width,gap_width_over_W,free_continuation,incident_wall_alignment_deg,incoming_axis_dot,parent_direction_dot,parent_tangent_abs_dot,traversed_path_distance_over_W,motion_history_axis_x,motion_history_axis_y,parent_direction_axis_x,parent_direction_axis_y,motion_history_reliability,nearest_existing_candidate,existing_axis_dot,center_distance_over_W,termination_distance_over_W,identity_decision,posthoc_branch_label,posthoc_true_false
M1_CROSS_BASELINE,KNOWN_PARENT_PATH,O34,3.4166666666666594,204,2,-0.9999998568241408,-0.0005351183960961561,-0.9999998568241408,-0.0005351183960961561,-0.0005351183960961561,0.9999998568241408,-7.772889638777773,-1.8270245442948365,173.47755083840812,-1.4453645131874104,-7.750390742199216,-43.871726280198445,-7.79538853535633,40.21767719160877,84.08941551138153,1.0010644703735896,142.01527508162775,0.030660027099386866,0.9999999836100867,0.9735508886104612,0.00018105199846723397,0.021706655918393693,0.9999999373184849,0.0003540664147806535,-0.9999999373184849,-0.0003540664147806535,0.9999999835924614,C0,0.005162269309472645,0.7043357276923418,0.7128849309844482,KNOWN_PARENT_PATH,INCOMING_PATH,True
M1_CROSS_BASELINE,KNOWN_PARENT_PATH,O38,3.516666666666659,210,3,-0.9999996700585062,0.0008123317539482937,-0.9999996700585063,0.0008123317539482938,0.0008123317539482937,0.9999996700585062,-11.6564173697117,-1.704392789096957,173.45458323831497,-1.318028028363275,-11.69060265245863,-43.7872872489405,-11.622232086964772,40.37850167074659,84.16581668948237,1.0019740082081234,138.21963410260776,0.04654318618453601,0.9999991687429174,0.9895472883666461,0.0012893849207325841,0.02019069972427276,0.9999998862100123,0.00047705341661922763,-0.9999998862100123,-0.00047705341661922763,0.9999999281534141,C0,0.0038148327201592345,0.7056081194111522,0.7129389721212349,KNOWN_PARENT_PATH,INCOMING_PATH,True
M1_CROSS_BASELINE,KNOWN_PARENT_PATH,O42,3.6166666666666587,216,3,-0.9999989033572018,-0.0014809741367787402,-0.9999989033572019,-0.0014809741367787404,-0.0014809741367787402,0.9999989033572018,-15.859945999501825,-1.685157990508241,173.20846970194162,-1.292658609949906,-15.797584657460416,-43.793438010126756,-15.922307341543233,40.423122029110274,84.21665239482238,1.0025791951764569,134.05077918642772,0.02175005585309009,0.9999996870926061,0.9944752150812197,0.0007910845025644911,0.01988818198303723,0.9999997620258393,0.000689890038343614,-0.9999997620258393,-0.000689890038343614,0.999999854974102,C0,0.006108110512597284,0.7078795123335898,0.7137001401286911,KNOWN_PARENT_PATH,INCOMING_PATH,True
M1_CROSS_BASELINE,KNOWN_PARENT_PATH,O46,3.7166666666666583,222,3,-0.9999906937009191,0.004314222010333634,-0.9999906937009192,0.0043142220103336345,0.004314222010333634,0.9999906937009191,-19.87871384908562,-1.8616682027066176,173.26853026650318,-1.4625883572516625,-20.0605959258436,-44.019995630763205,-19.696831772327645,40.29665922534997,84.31743953942326,1.0037790421359911,130.03430259693397,0.2471874798752367,0.9999862105473571,0.995730312722801,0.005251544071637368,0.02191127784697038,0.9999995607036273,0.0009373326796240693,-0.9999995607036273,-0.0009373326796240693,0.999999833176066,C0,0.00031293841771499065,0.7059384175594331,0.7111676035167305,KNOWN_PARENT_PATH,INCOMING_PATH,True
M1_CROSS_BASELINE,KNOWN_PARENT_PATH,O50,3.816666666666658,228,3,-0.9999996005741008,0.0008937850071173212,-0.9999996005741008,0.0008937850071173212,0.0008937850071173212,0.9999996005741008,-24.060473263970014,-1.8061855231862154,173.24789171054636,-1.4009073300195491,-24.09801214214192,-43.8060656721905,-24.02293438579811,40.19369462581807,83.99979384970176,0.9999975458297828,125.87182808768175,0.019464592673756442,0.999997868710799,0.9972811687341511,0.0020646001694522454,0.02117693774728509,0.9999993145944281,0.0011708162425944787,-0.9999993145944281,-0.0011708162425944787,0.9999998921426902,C0,0.003733380017460489,0.7066331274338917,0.7118410716814146,KNOWN_PARENT_PATH,INCOMING_PATH,True
M1_CROSS_BASELINE,KNOWN_PARENT_PATH,O54,3.9166666666666576,234,2,-0.9999984298027346,0.0017721151388764569,-0.9999984298027346,0.0017721151388764569,0.0017721151388764569,0.9999984298027346,-28.160303964477798,-2.0684430900932753,173.31116061475754,-1.6578666994439115,-28.23518849568613,-44.32552446253999,-28.085419433269465,40.18863828235344,84.51429544900903,1.006122564869155,121.76383212635363,0.09042747664149431,0.9999951739484304,0.9974101193253279,0.003106779658827827,0.024236107081046985,0.9999991093300092,0.001334668194013493,-0.9999991093300092,-0.001334668194013493,0.9999999650801841,C0,0.002855053871189254,0.7039306694149939,0.7128022718954266,KNOWN_PARENT_PATH,INCOMING_PATH,True
M1_CROSS_BASELINE,KNOWN_PARENT_PATH,O58,4.016666666666658,240,2,-0.9999961586716631,-0.0027717579111317865,-0.9999961586716631,-0.0027717579111317865,-0.0027717579111317865,0.9999961586716631,-32.18917114700387,-1.6862987521028217,173.35722336373837,-1.2715403410704549,-32.07191495257662,-43.99004524337833,-32.30642734143112,40.61744773917269,84.60781798895978,1.0072359284399974,117.76668892880457,0.1588102334873156,0.9999990200443438,0.9987014378072603,0.0013999679824366015,0.019637077947009897,0.999999059092102,0.0013717925902320242,-0.999999059092102,-0.0013717925902320242,0.9999999773569721,C1,0.01438778627755014,0.7066852934834033,0.720567015582087,KNOWN_PARENT_PATH,INCOMING_PATH,True
M1_CROSS_BASELINE,KNOWN_PARENT_PATH,O62,4.116666666666657,246,2,-0.9999942721324395,0.0033846273520828003,-0.9999942721324396,0.0033846273520828007,0.0033846273520828003,0.9999942721324395,-36.227352093210996,-1.9692297038659419,173.24566584736453,-1.5513195746662944,-36.37001783512814,-44.120081158421215,-36.084686351293854,40.18162175068933,84.30218578086576,1.0035974497722113,113.71916614365007,0.17703140733249256,0.9999890719637851,0.9985951040562597,0.004675035080924083,0.0229675551332659,0.9999991674104258,0.0012904179381897757,-0.9999991674104258,-0.0012904179381897757,0.9999999543055699,C0,0.0012425396822955126,0.7053800316204117,0.7113681206088566,KNOWN_PARENT_PATH,INCOMING_PATH,True
M1_CROSS_BASELINE,KNOWN_PARENT_PATH,O66,4.216666666666657,252,2,-0.9999965127437677,-0.0026409279247837265,-0.9999965127437677,-0.0026409279247837265,-0.0026409279247837265,0.9999965127437677,-39.84397829680795,-1.6622683747721396,173.40866804827897,-1.2419058554105549,-39.732203613668204,-43.98613958073689,-39.95575297994769,40.66160283119261,84.64803760132618,1.0077147333491212,110.12136232685135,0.15131419997885587,0.9999988712979889,0.9991776859631752,0.0015024655565241195,0.019284391564450547,0.9999993519489366,0.0011384646269213226,-0.9999993519489366,-0.0011384646269213226,0.9999999421104656,C1,0.014518603077401243,0.7060056436786417,0.7207584579907851,KNOWN_PARENT_PATH,INCOMING_PATH,True
M1_CROSS_BASELINE,KNOWN_PARENT_PATH,O70,4.316666666666657,258,2,-0.9999967143081736,0.0025634689108586435,-0.9999967143081736,0.0025634689108586435,0.0025634689108586435,0.9999967143081736,-43.534896493329754,-1.7360585902468095,173.41680214471637,-1.3131977227377811,-43.64278596777389,-43.82321615067669,-43.42700701888562,40.351098970183074,84.17459169262769,1.002078472531282,106.43050250331426,0.14687611036843862,0.9999937138083254,0.9992445012479442,0.0035457501086273357,0.020133120877247154,0.9999995175573226,0.0009822856619834677,-0.9999995175573226,-0.0009822856619834677,0.999999956588419,C0,0.0020637006330627146,0.7059644227190564,0.712163314025996,KNOWN_PARENT_PATH,INCOMING_PATH,True
M1_CROSS_BASELINE,KNOWN_PARENT_PATH,O74,4.416666666666656,264,3,-0.9999907367945782,-0.004304221769006487,-0.9999907367945782,-0.004304221769006487,-0.004304221769006487,0.9999907367945782,-47.33152745646782,-1.6619556821129962,173.33257171619385,-1.23605824519607,-47.14970664025473,-43.90400121953138,-47.51334827268091,40.58008985530539,84.48487367557667,1.005772305661627,102.63930334072698,0.24661450293314147,0.9999940953132894,0.999414179847753,0.0034364718180124624,0.019214621683435056,0.9999996234993714,0.0008677563686573228,-0.9999996234993714,-0.0008677563686573228,0.9999999804443386,C1,0.012855455009161134,0.7065866890493944,0.7194356617026506,KNOWN_PARENT_PATH,INCOMING_PATH,True
M1_CROSS_BASELINE,KNOWN_PARENT_PATH,O78,4.516666666666656,270,2,-0.999988348890213,0.004827223200304742,-0.999988348890213,0.004827223200304742,0.004827223200304742,0.999988348890213,-51.39289848349472,-1.672924208294173,173.06579157854898,-1.2437389337545413,-51.59753520667221,-44.06465345745144,-51.18826176031722,40.718805040863096,84.78444633120696,1.009338646800083,98.57988049467903,0.27658059030287063,0.9999841685236367,0.9994963151226023,0.0056269620659008,0.01930551338404632,0.9999996802001357,0.0007997497273132572,-0.9999996802001357,-0.0007997497273132572,0.9999999933968472,C1,0.021985514581795994,0.7088690067019842,0.7238155596866299,KNOWN_PARENT_PATH,INCOMING_PATH,True
M1_CROSS_BASELINE,KNOWN_PARENT_PATH,O82,4.616666666666656,276,2,-0.9999892528912183,0.004636173213220114,-0.9999892528912183,0.004636173213220114,0.004636173213220114,0.9999892528912183,-55.28807117323058,-1.9812682334566745,173.0606407202935,-1.549418007162429,-55.483483117314144,-44.13022060929461,-55.092659229147,40.16768414238126,84.29881072016485,1.003557270478153,94.67644048084836,0.23050993713223988,0.9999855196036993,0.9993849458502442,0.005381503778644105,0.022944539394767753,0.9999997222342054,0.0007453398634429192,-0.9999997222342054,-0.0007453398634429192,0.9999999957554216,C0,-9.016005424418438e-06,0.706949829693778,0.7109501141456838,KNOWN_PARENT_PATH,INCOMING_PATH,True
M1_CROSS_BASELINE,KNOWN_PARENT_PATH,O86,4.716666666666655,282,2,-0.9999893328465695,0.004618895222108763,-0.9999893328465695,0.004618895222108763,0.004618895222108763,0.9999893328465695,-59.378970981284354,-1.7012801673877753,172.91889057702264,-1.2677611937129951,-59.57470638748169,-44.077932774883855,-59.18323557508702,40.675372440108305,84.75420930114666,1.0089786821565079,90.59666213920167,0.2646441432405311,0.999985941111306,0.9996091538042784,0.00530260122352471,0.019591192527160014,0.9999997662672999,0.0006837143742889313,-0.9999997662672999,-0.0006837143742889313,0.9999999878766478,C1,0.02177723415962274,0.7102969023354908,0.7234937841047426,KNOWN_PARENT_PATH,INCOMING_PATH,True
M1_CROSS_BASELINE,KNOWN_PARENT_PATH,O90,4.816666666666655,288,3,-0.9999592137840873,-0.009031653686353095,-0.9999592137840873,-0.009031653686353095,-0.009031653686353095,0.9999592137840873,-63.135605864730636,-1.718046553882978,173.10685703003088,-1.2837340566877886,-62.75465739870467,-43.89558588482136,-63.51655433075659,40.4594927770554,84.3585193266601,1.0042680872221441,86.84102271356892,0.5174826736576392,0.9999645037581871,0.999646260926949,0.008425628976072994,0.019781729694976363,0.9999998163530333,0.0006060477700394996,-0.9999998163530333,-0.0006060477700394996,0.9999999699041134,C0,0.01365852557960872,0.7088056364007906,0.7171009163935337,KNOWN_PARENT_PATH,INCOMING_PATH,True
M1_CROSS_BASELINE,KNOWN_PARENT_PATH,O94,4.9166666666666545,294,4,-0.9999930190924549,0.0037365447082936946,-0.999993019092455,0.003736544708293695,0.0037365447082936946,0.9999930190924549,-66.89817382262802,-2.108619882561218,173.2193904100741,-1.674178808083397,-67.05613424866058,-44.38278911030462,-66.74021339659545,40.165549345182185,84.54892868374098,1.0065348652826307,83.06860274421513,0.19274641034510864,0.9999910559753966,0.9995190258775789,0.004229417124272508,0.02443011134921457,0.9999998785364639,0.0004928763105567023,-0.9999998785364639,-0.0004928763105567023,0.9999999496028564,C0,0.0008906202954698508,0.7045636977761817,0.7123228896067861,KNOWN_PARENT_PATH,INCOMING_PATH,True
M1_CROSS_BASELINE,KNOWN_PARENT_PATH,O98,5.016666666666654,300,2,-0.9999221310260051,-0.012479258167559551,-0.9999221310260051,-0.012479258167559551,-0.012479258167559551,0.9999221310260051,-70.88324962051695,-1.7585209945674976,172.99819485380237,-1.324442773125913,-70.35718410620561,-43.91042963100507,-71.40931513482829,40.39338764187008,84.31038243585255,1.0036950289982447,79.09494042839502,0.7150273840345989,0.9999262885995386,0.9997007252895139,0.012141555400860931,0.020266135253493595,0.9999999429697779,0.00033772835356413633,-0.9999999429697779,-0.00033772835356413633,0.9999999456185702,C0,0.017105921565248774,0.7093724521542116,0.7181139839434286,KNOWN_PARENT_PATH,INCOMING_PATH,True
M1_CROSS_BASELINE,KNOWN_PARENT_PATH,O102,5.116666666666654,306,3,-0.9999975006310795,0.0022357843353840875,-0.9999975006310795,0.0022357843353840875,0.0022357843353840875,0.9999975006310795,-74.86331808985793,-1.7777892470999355,172.67064603106925,-1.3443814413759185,-74.95804644857883,-44.14686772242525,-74.76858973113701,40.59128922822538,84.73836874309583,1.0087901040844742,75.11557618549534,0.12810111304295901,0.9999971167335782,0.9997220731318867,0.0024013588925239325,0.02050282542846384,0.9999999862924593,0.00016557500161996282,-0.9999999862924593,-0.00016557500161996282,0.999999961631849,C0,0.002391385338999089,0.7119584090564072,0.7147670601884533,KNOWN_PARENT_PATH,INCOMING_PATH,True
M1_CROSS_BASELINE,KNOWN_PARENT_PATH,O107,5.2166666666666535,312,3,-0.9999989696861271,0.0014354883086561416,-0.9999989696861271,0.0014354883086561416,0.0014354883086561416,0.9999989696861271,-78.26610322984318,-1.8016032822596237,172.85515295018035,-1.3687154411021956,-78.32712528849206,-44.31117679047365,-78.20508117119431,40.707970225954405,85.01923461292495,1.0121337453919637,71.71316401098382,0.08224744987325039,0.9999989243720705,0.9997358874223079,0.001466715617346299,0.020792898563623485,0.9999999995124266,3.122734156402644e-05,-0.9999999995124266,-3.122734156402644e-05,0.9999999812455778,C0,0.0031916795958270286,0.7102005077011997,0.7155279431123601,KNOWN_PARENT_PATH,INCOMING_PATH,True
M1_CROSS_BASELINE,KNOWN_PARENT_PATH,O111,5.316666666666653,318,1,-0.9999998794793968,0.0004909594603597128,-0.999999879479397,0.0004909594603597129,0.0004909594603597128,0.9999998794793968,-81.78698399196179,-1.8253976296785552,172.92678674583144,-1.3924115740044785,-81.80789392076335,-44.41532199158122,-81.76607406316023,40.76452673222411,85.17985898973332,1.0140459403539681,68.19264808705852,0.028129906120710757,0.9999998951851062,0.999750286533282,0.00045785344438317645,0.02107514173691607,0.9999999994519957,-3.3106019697445916e-05,-0.9999999994519957,3.3106019697445916e-05,0.9999999926558465,C0,0.004136202542368445,0.7093985572963168,0.7164122876816768,KNOWN_PARENT_PATH,INCOMING_PATH,True
M1_CROSS_BASELINE,KNOWN_PARENT_PATH,O114,5.416666666666653,324,2,-0.9999998006275657,-0.0006314624526062458,-0.9999998006275657,-0.0006314624526062458,-0.0006314624526062458,0.9999998006275657,-85.46616686494073,-1.8497980497261501,172.9054979358617,-1.4160345989071148,-85.43925088222146,-44.47462434285741,-85.49308284766002,40.77502824340511,85.24966958269668,1.0148770188416272,64.5138173070603,0.03618013585975177,0.9999997822509226,0.9997652426638519,0.000659922804306957,0.021356324723896817,0.9999999995950041,-2.846035763066175e-05,-0.9999999995950041,2.846035763066175e-05,0.9999999901805268,C0,0.0052586120745555295,0.7093784041490948,0.7171311238602369,KNOWN_PARENT_PATH,INCOMING_PATH,True
M1_CROSS_BASELINE,KNOWN_PARENT_PATH,O117,5.516666666666652,330,2,-0.999998002130708,-0.0019989333636942623,-0.999998002130708,-0.0019989333636942623,-0.0019989333636942623,0.999998002130708,-89.32275979536954,-1.874358756350535,172.7893462208319,-1.4402244261791068,-89.23757476274403,-44.489517412516925,-89.40794482799502,40.740799899815855,85.23048759170668,1.014648661806032,60.65757649241435,0.11453052153990484,0.9999979761572177,0.999779634409981,0.0020118850535216447,0.021644061540752237,0.9999999999161265,-1.2951715870875372e-05,-0.9999999999161265,1.2951715870875372e-05,0.9999999886063777,C0,0.006626060024461417,0.7101522574228588,0.7176981808002386,KNOWN_PARENT_PATH,INCOMING_PATH,True
M1_CROSS_BASELINE,KNOWN_PARENT_PATH,O120,5.616666666666652,336,1,-0.9999932943377592,-0.0036621413839047464,-0.9999932943377592,-0.0036621413839047464,-0.0036621413839047464,0.9999932943377592,-93.35438708745468,-1.8987367813632687,172.54828256533963,-1.4647843653605168,-93.19856103155995,-44.448981199203914,-93.51021314334942,40.651507636477376,85.1010594946426,1.0131078511266975,56.62630568602725,0.20982571428493202,0.9999932897537284,0.9997932008255387,0.003663392896711228,0.021935932984258395,0.9999999999992167,-1.2515212016282788e-06,-0.9999999999992167,1.2515212016282788e-06,0.999999989994506,C0,0.008289228455749953,0.7119796176163957,0.7182516289887179,KNOWN_PARENT_PATH,INCOMING_PATH,True
M1_CROSS_BASELINE,KNOWN_PARENT_PATH,O122,5.716666666666652,342,2,-0.9999097608363972,0.01343391916378287,-0.9999097608363972,0.01343391916378287,0.01343391916378287,0.9999097608363972,-96.73561445255658,-1.7593315111407009,172.94437839898885,-1.325727562347695,-97.30766011430183,-44.33767621082072,-96.16356879081134,40.819013188539316,85.16437456128921,1.0138616019201097,53.24838838096926,0.7697300238084779,0.9999095688850712,0.9998349169474773,0.013448198841147233,0.02028132040901943,0.999999999898027,1.4280967436816848e-05,-0.999999999898027,-1.4280967436816848e-05,0.9999999925373965,C0,-0.008807035595282647,0.7098133016103395,0.7141533322975571,KNOWN_PARENT_PATH,INCOMING_PATH,True
M1_CROSS_BASELINE,KNOWN_PARENT_PATH,O123,5.716666666666652,342,3,-0.9996890623031183,-0.02493549100202712,-0.9996890623031183,-0.02493549100202712,-0.02493549100202712,0.9996890623031183,-98.36156382864232,-2.0856100348959075,171.3184290229031,-1.6520060861029016,-97.30766011430183,-44.33767621082072,-99.41546754298282,40.1664561410289,84.53041604473103,1.0063144767229883,51.616327533305935,1.4288464916517682,0.9996894183041121,0.9997755840679717,0.02492121447253868,0.02416207438963373,0.999999999898027,1.4280967436816848e-05,-0.999999999898027,-1.4280967436816848e-05,0.9999999925373965,C0,0.02956094260574482,0.7208991066468345,0.7251592660946378,KNOWN_PARENT_PATH,INCOMING_PATH,True
M1_CROSS_BASELINE,KNOWN_PARENT_PATH,O125,5.916666666666651,354,2,-0.9999745974517764,-0.00712772412188424,-0.9999745974517764,-0.00712772412188424,-0.00712772412188424,0.9999745974517764,-103.73120545909151,-1.4524734773334984,173.24773832305934,-1.01941177019049,-103.42876899401281,-43.88239602347369,-104.0336419241702,40.97744906880669,84.86200080334814,1.010261914325573,46.25862606848406,0.40839196778895825,0.99997459172658,0.9999019712321525,0.007128527285453425,0.016635323693291005,0.9999999999996774,-8.031839744040899e-07,-0.9999999999996774,8.031839744040899e-07,0.9999999935717592,C1,0.01003209142213668,0.7054453006186073,0.7194244045396263,KNOWN_PARENT_PATH,INCOMING_PATH,True
M1_CROSS_BASELINE,KNOWN_PARENT_PATH,O127,6.016666666666651,360,3,-0.9999584509331956,0.009115723080701353,-0.9999584509331956,0.009115723080701353,0.009115723080701353,0.9999584509331956,-107.3195539922158,-1.7823440378410211,173.16938144821773,-1.3492405991547471,-107.70998377256944,-44.610933158450635,-106.92912421186216,41.04624508276859,85.66073736491852,1.0197706829156967,42.66564660204381,0.5222996934424913,0.9999587821139391,0.9998615134878598,0.009079321186503748,0.020561697220301073,0.9999999993373961,-3.6403400684819644e-05,-0.9999999993373961,3.6403400684819644e-05,0.9999999984467767,C0,-0.004488660443263053,0.707727767369783,0.7160198273996381,KNOWN_PARENT_PATH,INCOMING_PATH,True
M1_CROSS_BASELINE,KNOWN_PARENT_PATH,O128,6.016666666666651,360,4,-0.999512725577379,-0.031213961761988443,-0.9995127255773791,-0.031213961761988446,-0.031213961761988443,0.999512725577379,-109.03375411578824,-2.222039564033846,171.45518132464528,-1.788936125347572,-107.70998377256944,-44.610933158450635,-110.35752445900704,40.16685403038294,84.81911737527983,1.0097513973247598,40.94360634787935,1.7887188125925775,0.9995115886207411,0.9997916628487857,0.03125034740354472,0.02579250102875455,0.9999999993373961,-3.6403400684819644e-05,-0.9999999993373961,3.6403400684819644e-05,0.9999999984467767,C0,0.035838530214712755,0.7185957694588171,0.726813274284963,KNOWN_PARENT_PATH,INCOMING_PATH,True
M1_CROSS_BASELINE,KNOWN_PARENT_PATH,O130,6.21666666666665,372,3,-0.9999983424305583,0.0018207515304675978,-0.9999983424305584,0.001820751530467598,0.0018207515304675978,0.9999983424305583,-114.00397513559028,-1.1841133739842356,173.4716957662476,-0.7500444311599591,-114.08163014010839,-43.83401617516119,-113.92632013107219,41.46578942719272,85.29994699293941,1.0154755594397549,35.989875575900115,0.10432143587779308,0.9999983276230519,0.9999461479079679,0.0018288660692305958,0.013429024364275899,0.999999999967077,8.114552273376533e-06,-0.999999999967077,-8.114552273376533e-06,0.9999999949207842,C1,0.018979657035795877,0.701288726831688,0.7244834061645381,KNOWN_PARENT_PATH,INCOMING_PATH,True
M1_CROSS_BASELINE,KNOWN_PARENT_PATH,O131,6.21666666666665,372,4,-0.9995328608061235,-0.030562397954454427,-0.9995328608061236,-0.03056239795445443,-0.030562397954454427,0.9995328608061235,-115.3658485521111,-1.8340885136641418,172.10982234972676,-1.4000195708398655,-114.08163014010839,-43.83401617516119,-116.65006696411382,40.165839147832905,84.0391132866289,1.0004656343646299,34.61957318147678,1.676190875007535,0.9995331087733917,0.9998737793939166,0.030554287191800252,0.02116398986941797,0.999999999967077,8.114552273376533e-06,-0.999999999967077,-8.114552273376533e-06,0.9999999949207842,C0,0.03518706655126789,0.7162343004869491,0.7233430036212118,KNOWN_PARENT_PATH,INCOMING_PATH,True
M1_CROSS_BASELINE,KNOWN_PARENT_PATH,O133,6.416666666666649,384,2,-0.9999999999850515,-5.467792474593774e-06,-0.9999999999850516,-5.467792474593775e-06,-5.467792474593774e-06,0.9999999999850515,-121.16409132618816,-1.1667566197710748,173.52823223744588,-0.7321006758327361,-121.16385682908304,-44.053736366128064,-121.16432582329328,41.720223126585914,85.77395949399616,1.0211185654047161,28.830291128885506,0.0003132814320281341,0.9999999979812944,0.9999543011413428,6.354062560964161e-05,0.013215520681236912,0.9999999976189191,6.90084180722477e-05,-0.9999999976189191,-6.90084180722477e-05,0.9999999972932525,C1,0.017153735029337036,0.7006652124921185,0.7258311004461792,KNOWN_PARENT_PATH,INCOMING_PATH,True
M1_CROSS_BASELINE,KNOWN_PARENT_PATH,O134,6.416666666666649,384,3,-0.9995763128419572,-0.029106611023573384,-0.9995763128419572,-0.029106611023573384,-0.029106611023573384,0.9995763128419572,-122.39004240184951,-1.9441945615790779,172.30228116178452,-1.509538617640739,-121.16385682908304,-44.053736366128064,-123.61622797461598,40.16534724296991,84.25478127792913,1.0030331104515373,27.594516578627918,1.6679215332119952,0.9995783190630674,0.9998749472268382,0.029037631774176478,0.022468197851565036,0.9999999976189191,6.90084180722477e-05,-0.9999999976189191,-6.90084180722477e-05,0.9999999972932525,C0,0.03373149626449998,0.7136870144658595,0.7232460141575865,KNOWN_PARENT_PATH,INCOMING_PATH,True
M1_CROSS_BASELINE,KNOWN_PARENT_PATH,O136,6.516666666666649,390,3,-0.9999999999215653,1.252475087462317e-05,-0.9999999999215653,1.252475087462317e-05,1.252475087462317e-05,0.9999999999215653,-124.84886250215868,-2.459338835142148,173.52585760645889,-2.0247611853731193,-124.84940084258942,-45.44146567267231,-124.84832416172793,40.52278800238801,85.9642536818029,1.0233839724024154,25.12691716951582,0.0007176153645787053,0.9999999962881453,0.9998074879717899,8.616095002069701e-05,0.02860433133317908,0.999999997288855,7.36361991858059e-05,-0.999999997288855,-7.36361991858059e-05,0.9999999976792598,C0,0.004614632687347538,0.699032151197364,0.7200508169160734,KNOWN_PARENT_PATH,INCOMING_PATH,True
M1_CROSS_BASELINE,KNOWN_PARENT_PATH,O139,6.716666666666648,402,2,-1.0,-6.616940990093686e-16,-1.0,-6.616940990093686e-16,-6.616940990093686e-16,1.0,-132.15105205520314,-2.550312573785124,173.53983444471595,-2.1160492693040265,-132.1510520552031,-45.5032563478864,-132.15105205520317,40.40263120031615,85.90588754820254,1.0226891374786018,17.824341675477115,4.263256414560601e-14,0.9999999994880304,0.9998144535105313,3.199905085688243e-05,0.029691122021334927,0.9999999994880304,3.1999050857544125e-05,-0.9999999994880304,-3.1999050857544125e-05,0.9999999968530714,C0,0.004627157304503915,0.698145545183329,0.7198532891057876,KNOWN_PARENT_PATH,INCOMING_PATH,True
M2_T_JUNCTION,KNOWN_PARENT_PATH,O0,3.4166666666666594,204,0,-0.9999998568241408,-0.0005351183960961561,-0.9999998568241408,-0.0005351183960961561,-0.0005351183960961561,0.9999998568241408,-7.772889638777773,-1.8270245442948365,173.47755083840812,-1.4453645131874104,-7.750390742199216,-43.871726280198445,-7.79538853535633,40.21767719160877,84.08941551138153,1.0010644703735896,142.01527508162775,0.030660027099386866,0.9999999836100867,0.9735508886104612,0.00018105199846723397,0.021706655918393693,0.9999999373184849,0.0003540664147806535,-0.9999999373184849,-0.0003540664147806535,0.9999999835924614,NONE,NaN,NaN,NaN,KNOWN_PARENT_PATH,INCOMING_PATH,True
M2_T_JUNCTION,KNOWN_PARENT_PATH,O1,3.516666666666659,210,1,-0.9999996700585062,0.0008123317539482937,-0.9999996700585063,0.0008123317539482938,0.0008123317539482937,0.9999996700585062,-11.6564173697117,-1.704392789096957,173.45458323831497,-1.318028028363275,-11.69060265245863,-43.7872872489405,-11.622232086964772,40.37850167074659,84.16581668948237,1.0019740082081234,138.21963410260776,0.04654318618453601,0.9999991687429174,0.9895472883666461,0.0012893849207325841,0.02019069972427276,0.9999998862100123,0.00047705341661922763,-0.9999998862100123,-0.00047705341661922763,0.9999999281534141,NONE,NaN,NaN,NaN,KNOWN_PARENT_PATH,INCOMING_PATH,True
M2_T_JUNCTION,KNOWN_PARENT_PATH,O2,3.6166666666666587,216,1,-0.9999989033572018,-0.0014809741367787402,-0.9999989033572019,-0.0014809741367787404,-0.0014809741367787402,0.9999989033572018,-15.859945999501825,-1.685157990508241,173.20846970194162,-1.292658609949906,-15.797584657460416,-43.793438010126756,-15.922307341543233,40.423122029110274,84.21665239482238,1.0025791951764569,134.05077918642772,0.02175005585309009,0.9999996870926061,0.9944752150812197,0.0007910845025644911,0.01988818198303723,0.9999997620258393,0.000689890038343614,-0.9999997620258393,-0.000689890038343614,0.999999854974102,NONE,NaN,NaN,NaN,KNOWN_PARENT_PATH,INCOMING_PATH,True
M2_T_JUNCTION,KNOWN_PARENT_PATH,O3,3.7166666666666583,222,1,-0.9999906937009191,0.004314222010333634,-0.9999906937009192,0.0043142220103336345,0.004314222010333634,0.9999906937009191,-19.87871384908562,-1.8616682027066176,173.26853026650318,-1.4625883572516625,-20.0605959258436,-44.019995630763205,-19.696831772327645,40.29665922534997,84.31743953942326,1.0037790421359911,130.03430259693397,0.2471874798752367,0.9999862105473571,0.995730312722801,0.005251544071637368,0.02191127784697038,0.9999995607036273,0.0009373326796240693,-0.9999995607036273,-0.0009373326796240693,0.999999833176066,NONE,NaN,NaN,NaN,KNOWN_PARENT_PATH,INCOMING_PATH,True
M2_T_JUNCTION,KNOWN_PARENT_PATH,O4,3.816666666666658,228,1,-0.9999996005741008,0.0008937850071173212,-0.9999996005741008,0.0008937850071173212,0.0008937850071173212,0.9999996005741008,-24.060473263970014,-1.8061855231862154,173.24789171054636,-1.4009073300195491,-24.09801214214192,-43.8060656721905,-24.02293438579811,40.19369462581807,83.99979384970176,0.9999975458297828,125.87182808768175,0.019464592673756442,0.999997868710799,0.9972811687341511,0.0020646001694522454,0.02117693774728509,0.9999993145944281,0.0011708162425944787,-0.9999993145944281,-0.0011708162425944787,0.9999998921426902,NONE,NaN,NaN,NaN,KNOWN_PARENT_PATH,INCOMING_PATH,True
M2_T_JUNCTION,KNOWN_PARENT_PATH,O5,3.9166666666666576,234,0,-0.9999984298027346,0.0017721151388764569,-0.9999984298027346,0.0017721151388764569,0.0017721151388764569,0.9999984298027346,-28.160303964477798,-2.0684430900932753,173.31116061475754,-1.6578666994439115,-28.23518849568613,-44.32552446253999,-28.085419433269465,40.18863828235344,84.51429544900903,1.006122564869155,121.76383212635363,0.09042747664149431,0.9999951739484304,0.9974101193253279,0.003106779658827827,0.024236107081046985,0.9999991093300092,0.001334668194013493,-0.9999991093300092,-0.001334668194013493,0.9999999650801841,NONE,NaN,NaN,NaN,KNOWN_PARENT_PATH,INCOMING_PATH,True
M2_T_JUNCTION,KNOWN_PARENT_PATH,O6,4.016666666666658,240,0,-0.9999961586716631,-0.0027717579111317865,-0.9999961586716631,-0.0027717579111317865,-0.0027717579111317865,0.9999961586716631,-32.18917114700387,-1.6862987521028217,173.35722336373837,-1.2715403410704549,-32.07191495257662,-43.99004524337833,-32.30642734143112,40.61744773917269,84.60781798895978,1.0072359284399974,117.76668892880457,0.1588102334873156,0.9999990200443438,0.9987014378072603,0.0013999679824366015,0.019637077947009897,0.999999059092102,0.0013717925902320242,-0.999999059092102,-0.0013717925902320242,0.9999999773569721,NONE,NaN,NaN,NaN,KNOWN_PARENT_PATH,INCOMING_PATH,True
M2_T_JUNCTION,KNOWN_PARENT_PATH,O7,4.116666666666657,246,0,-0.9999942721324395,0.0033846273520828003,-0.9999942721324396,0.0033846273520828007,0.0033846273520828003,0.9999942721324395,-36.227352093210996,-1.9692297038659419,173.24566584736453,-1.5513195746662944,-36.37001783512814,-44.120081158421215,-36.084686351293854,40.18162175068933,84.30218578086576,1.0035974497722113,113.71916614365007,0.17703140733249256,0.9999890719637851,0.9985951040562597,0.004675035080924083,0.0229675551332659,0.9999991674104258,0.0012904179381897757,-0.9999991674104258,-0.0012904179381897757,0.9999999543055699,NONE,NaN,NaN,NaN,KNOWN_PARENT_PATH,INCOMING_PATH,True
M2_T_JUNCTION,KNOWN_PARENT_PATH,O8,4.216666666666657,252,0,-0.9999965127437677,-0.0026409279247837265,-0.9999965127437677,-0.0026409279247837265,-0.0026409279247837265,0.9999965127437677,-39.84397829680795,-1.6622683747721396,173.40866804827897,-1.2419058554105549,-39.732203613668204,-43.98613958073689,-39.95575297994769,40.66160283119261,84.64803760132618,1.0077147333491212,110.12136232685135,0.15131419997885587,0.9999988712979889,0.9991776859631752,0.0015024655565241195,0.019284391564450547,0.9999993519489366,0.0011384646269213226,-0.9999993519489366,-0.0011384646269213226,0.9999999421104656,NONE,NaN,NaN,NaN,KNOWN_PARENT_PATH,INCOMING_PATH,True
M2_T_JUNCTION,KNOWN_PARENT_PATH,O9,4.316666666666657,258,0,-0.9999967143081736,0.0025634689108586435,-0.9999967143081736,0.0025634689108586435,0.0025634689108586435,0.9999967143081736,-43.534896493329754,-1.7360585902468095,173.41680214471637,-1.3131977227377811,-43.64278596777389,-43.82321615067669,-43.42700701888562,40.351098970183074,84.17459169262769,1.002078472531282,106.43050250331426,0.14687611036843862,0.9999937138083254,0.9992445012479442,0.0035457501086273357,0.020133120877247154,0.9999995175573226,0.0009822856619834677,-0.9999995175573226,-0.0009822856619834677,0.999999956588419,NONE,NaN,NaN,NaN,KNOWN_PARENT_PATH,INCOMING_PATH,True
M2_T_JUNCTION,KNOWN_PARENT_PATH,O10,4.416666666666656,264,2,-0.9999907367945782,-0.004304221769006487,-0.9999907367945782,-0.004304221769006487,-0.004304221769006487,0.9999907367945782,-47.33152745646782,-1.6619556821129962,173.33257171619385,-1.23605824519607,-47.14970664025473,-43.90400121953138,-47.51334827268091,40.58008985530539,84.48487367557667,1.005772305661627,102.63930334072698,0.24661450293314147,0.9999940953132894,0.999414179847753,0.0034364718180124624,0.019214621683435056,0.9999996234993714,0.0008677563686573228,-0.9999996234993714,-0.0008677563686573228,0.9999999804443386,NONE,NaN,NaN,NaN,KNOWN_PARENT_PATH,INCOMING_PATH,True
M2_T_JUNCTION,KNOWN_PARENT_PATH,O11,4.516666666666656,270,0,-0.999988348890213,0.004827223200304742,-0.999988348890213,0.004827223200304742,0.004827223200304742,0.999988348890213,-51.39289848349472,-1.672924208294173,173.06579157854898,-1.2437389337545413,-51.59753520667221,-44.06465345745144,-51.18826176031722,40.718805040863096,84.78444633120696,1.009338646800083,98.57988049467903,0.27658059030287063,0.9999841685236367,0.9994963151226023,0.0056269620659008,0.01930551338404632,0.9999996802001357,0.0007997497273132572,-0.9999996802001357,-0.0007997497273132572,0.9999999933968472,NONE,NaN,NaN,NaN,KNOWN_PARENT_PATH,INCOMING_PATH,True
M2_T_JUNCTION,KNOWN_PARENT_PATH,O12,4.616666666666656,276,2,-0.9999892528912183,0.004636173213220114,-0.9999892528912183,0.004636173213220114,0.004636173213220114,0.9999892528912183,-55.28807117323058,-1.9812682334566745,173.0606407202935,-1.549418007162429,-55.483483117314144,-44.13022060929461,-55.092659229147,40.16768414238126,84.29881072016485,1.003557270478153,94.67644048084836,0.23050993713223988,0.9999855196036993,0.9993849458502442,0.005381503778644105,0.022944539394767753,0.9999997222342054,0.0007453398634429192,-0.9999997222342054,-0.0007453398634429192,0.9999999957554216,NONE,NaN,NaN,NaN,KNOWN_PARENT_PATH,INCOMING_PATH,True
M2_T_JUNCTION,KNOWN_PARENT_PATH,O13,4.716666666666655,282,0,-0.9999893328465695,0.004618895222108763,-0.9999893328465695,0.004618895222108763,0.004618895222108763,0.9999893328465695,-59.378970981284354,-1.7012801673877753,172.91889057702264,-1.2677611937129951,-59.57470638748169,-44.077932774883855,-59.18323557508702,40.675372440108305,84.75420930114666,1.0089786821565079,90.59666213920167,0.2646441432405311,0.999985941111306,0.9996091538042784,0.00530260122352471,0.019591192527160014,0.9999997662672999,0.0006837143742889313,-0.9999997662672999,-0.0006837143742889313,0.9999999878766478,NONE,NaN,NaN,NaN,KNOWN_PARENT_PATH,INCOMING_PATH,True
M2_T_JUNCTION,KNOWN_PARENT_PATH,O14,4.816666666666655,288,2,-0.9999592137840873,-0.009031653686353095,-0.9999592137840873,-0.009031653686353095,-0.009031653686353095,0.9999592137840873,-63.135605864730636,-1.718046553882978,173.10685703003088,-1.2837340566877886,-62.75465739870467,-43.89558588482136,-63.51655433075659,40.4594927770554,84.3585193266601,1.0042680872221441,86.84102271356892,0.5174826736576392,0.9999645037581871,0.999646260926949,0.008425628976072994,0.019781729694976363,0.9999998163530333,0.0006060477700394996,-0.9999998163530333,-0.0006060477700394996,0.9999999699041134,NONE,NaN,NaN,NaN,KNOWN_PARENT_PATH,INCOMING_PATH,True
M2_T_JUNCTION,KNOWN_PARENT_PATH,O15,4.9166666666666545,294,2,-0.9999930190924549,0.0037365447082936946,-0.999993019092455,0.003736544708293695,0.0037365447082936946,0.9999930190924549,-66.89817382262802,-2.108619882561218,173.2193904100741,-1.674178808083397,-67.05613424866058,-44.38278911030462,-66.74021339659545,40.165549345182185,84.54892868374098,1.0065348652826307,83.06860274421513,0.19274641034510864,0.9999910559753966,0.9995190258775789,0.004229417124272508,0.02443011134921457,0.9999998785364639,0.0004928763105567023,-0.9999998785364639,-0.0004928763105567023,0.9999999496028564,NONE,NaN,NaN,NaN,KNOWN_PARENT_PATH,INCOMING_PATH,True
M2_T_JUNCTION,KNOWN_PARENT_PATH,O16,5.016666666666654,300,2,-0.9999221310260051,-0.012479258167559551,-0.9999221310260051,-0.012479258167559551,-0.012479258167559551,0.9999221310260051,-70.88324962051695,-1.7585209945674976,172.99819485380237,-1.324442773125913,-70.35718410620561,-43.91042963100507,-71.40931513482829,40.39338764187008,84.31038243585255,1.0036950289982447,79.09494042839502,0.7150273840345989,0.9999262885995386,0.9997007252895139,0.012141555400860931,0.020266135253493595,0.9999999429697779,0.00033772835356413633,-0.9999999429697779,-0.00033772835356413633,0.9999999456185702,NONE,NaN,NaN,NaN,KNOWN_PARENT_PATH,INCOMING_PATH,True
M2_T_JUNCTION,KNOWN_PARENT_PATH,O17,5.116666666666654,306,2,-0.9999975006310795,0.0022357843353840875,-0.9999975006310795,0.0022357843353840875,0.0022357843353840875,0.9999975006310795,-74.86331808985793,-1.7777892470999355,172.67064603106925,-1.3443814413759185,-74.95804644857883,-44.14686772242525,-74.76858973113701,40.59128922822538,84.73836874309583,1.0087901040844742,75.11557618549534,0.12810111304295901,0.9999971167335782,0.9997220731318867,0.0024013588925239325,0.02050282542846384,0.9999999862924593,0.00016557500161996282,-0.9999999862924593,-0.00016557500161996282,0.999999961631849,NONE,NaN,NaN,NaN,KNOWN_PARENT_PATH,INCOMING_PATH,True
M2_T_JUNCTION,KNOWN_PARENT_PATH,O19,5.2166666666666535,312,2,-0.9999989696861271,0.0014354883086561416,-0.9999989696861271,0.0014354883086561416,0.0014354883086561416,0.9999989696861271,-78.26610322984318,-1.8016032822596237,172.85515295018035,-1.3687154411021956,-78.32712528849206,-44.31117679047365,-78.20508117119431,40.707970225954405,85.01923461292495,1.0121337453919637,71.71316401098382,0.08224744987325039,0.9999989243720705,0.9997358874223079,0.001466715617346299,0.020792898563623485,0.9999999995124266,3.122734156402644e-05,-0.9999999995124266,-3.122734156402644e-05,0.9999999812455778,C0,0.3233574150317365,0.8456590216186767,0.8456590216186767,KNOWN_PARENT_PATH,INCOMING_PATH,True
M2_T_JUNCTION,KNOWN_PARENT_PATH,O21,5.316666666666653,318,2,-0.9999998794793968,0.0004909594603597128,-0.999999879479397,0.0004909594603597129,0.0004909594603597128,0.9999998794793968,-81.78698399196179,-1.8253976296785552,172.92678674583144,-1.3924115740044785,-81.80789392076335,-44.41532199158122,-81.76607406316023,40.76452673222411,85.17985898973332,1.0140459403539681,68.19264808705852,0.028129906120710757,0.9999998951851062,0.999750286533282,0.00045785344438317645,0.02107514173691607,0.9999999994519957,-3.3106019697445916e-05,-0.9999999994519957,3.3106019697445916e-05,0.9999999926558465,C0,0.32425105694321743,0.8449246133564479,0.8467270462926894,KNOWN_PARENT_PATH,INCOMING_PATH,True
M2_T_JUNCTION,KNOWN_PARENT_PATH,O24,5.416666666666653,324,2,-0.9999996590472866,0.0008257755811738401,-0.9999996590472867,0.0008257755811738402,0.0008257755811738401,0.9999996590472866,-82.33220347981889,-1.843538574946514,174.05815232749313,-1.40602548107094,-82.36688604716848,-43.84351570574845,-82.2975209124693,40.15643855585542,83.99998290162597,0.9999997964479282,67.64715934274267,0.03850104760917361,0.9999995131574237,0.999752996099969,0.0009867547392746435,0.021239488907648044,0.9999999870428447,0.00016097922368680907,-0.9999999870428447,-0.00016097922368680907,0.9851567239257504,C1,0.15371211378255129,0.7633481156517581,0.772714634741123,KNOWN_PARENT_PATH,INCOMING_PATH,True
M2_T_JUNCTION,KNOWN_PARENT_PATH,O27,5.516666666666652,330,6,-0.9999999999926422,3.836084552576484e-06,-0.9999999999926422,3.836084552576484e-06,3.836084552576484e-06,0.9999999999926422,-82.77536874121986,-1.8819667663429662,174.14016356209865,-1.3385914342561755,-82.7755303202142,-44.0027782642025,-82.77520716222554,40.238844731516565,84.2416229963389,1.0028764642421297,67.20323998395506,0.0002197914547110713,0.9999772485044627,0.9998721603208821,0.006745552123012549,0.020436865978313186,0.9999772743736133,0.006741716125687002,-0.9999772743736133,-0.006741716125687002,0.9796049714106078,C1,0.15289989055843858,0.7621057664085346,0.7723178078370861,KNOWN_PARENT_PATH,INCOMING_PATH,True
M2_T_JUNCTION,KNOWN_PARENT_PATH,O30,5.616666666666652,336,2,-0.9999792575491521,-0.006440844001104695,-0.9999792575491521,-0.006440844001104695,-0.006440844001104695,0.9999792575491521,-83.5375365816414,-2.6192031287727175,173.47468848331414,-1.6419879893676121,-83.26322128843853,-45.2082804584427,-83.81185187484428,39.969874200897266,85.1799214996749,1.0140466845199394,66.42141277121964,0.36903572933744044,0.9993178468498618,0.9999275662253347,0.03693021753735093,0.024047405861424308,0.9990592567784571,0.04336590187320865,-0.9990592567784571,-0.04336590187320865,0.9441393670711266,C1,0.14652781384728894,0.7699705036139898,0.7719240894855381,KNOWN_PARENT_PATH,INCOMING_PATH,True
M2_T_JUNCTION,KNOWN_PARENT_PATH,O33,5.716666666666652,342,2,-0.9999989505860934,0.0014487327952561924,-0.9999989505860934,0.0014487327952561924,0.0014487327952561924,0.9999989505860934,-83.51551690564051,-2.786157697012115,173.49670815931503,-1.3837904253243793,-83.57721716343681,-45.3752350266821,-83.4538166478442,39.80291963265787,85.17824404657381,1.0140267148401645,66.43802157243437,0.08300630384636065,0.9939366501171062,0.997160296169958,0.10995424300128355,0.020973669176273167,0.9940949013839767,0.1085141789923401,-0.9940949013839767,-0.1085141789923401,0.8847311674085452,C1,0.15432763811248892,0.7674563809051365,0.7734859681241419,KNOWN_PARENT_PATH,INCOMING_PATH,True
M2_T_JUNCTION,KNOWN_PARENT_PATH,O36,5.816666666666651,348,2,-0.9999999766040015,0.00021631457717034087,-0.9999999766040016,0.0002163145771703409,0.00021631457717034087,0.9999999766040015,-83.51895650945701,-2.7600784045613658,173.49326855549853,-1.3927682875642866,-83.5281691479272,-45.34915573423135,-83.50974387098684,39.82899892510862,85.178156652168,1.0140256744305713,66.43544932671571,0.01239391241566068,0.9847418001837395,0.9899828910700035,0.17402180027481695,0.021080541645924024,0.9847794205968667,0.1738087821972745,-0.9847794205968667,-0.1738087821972745,0.8121198367089645,C1,0.1531098672101182,0.7675643420185154,0.7730035784833679,KNOWN_PARENT_PATH,INCOMING_PATH,True
M2_T_JUNCTION,KNOWN_PARENT_PATH,O39,5.916666666666651,354,2,-0.9999999106502369,-0.00042272865827396223,-0.9999999106502369,-0.00042272865827396223,-0.00042272865827396223,0.9999999106502369,-83.52074003794118,-2.746555579429721,173.49148502701436,-1.401281077143781,-83.50273641281586,-45.33563290909971,-83.5387436630665,39.842521750240266,85.1781622699886,1.014025741309388,66.43411231826562,0.024220568719670155,0.8807171810197336,0.8956205874047024,0.4736425308781445,0.021181880830230516,0.8805168800562823,0.4740147929505477,-0.8805168800562823,-0.4740147929505477,0.6145901048694762,C1,0.15247832758890006,0.767655320670781,0.7727716070614544,KNOWN_PARENT_PATH,INCOMING_PATH,True
M2_T_JUNCTION,KNOWN_PARENT_PATH,O41,6.016666666666651,360,1,0.1519253091170684,-0.9883919771273355,0.1519253091170684,-0.9883919771273355,0.9883919771273355,0.1519253091170684,-41.14533200548136,-38.793029918486056,215.8668930594742,-37.538312569490046,-83.41843894600659,-45.29081115093204,1.1277749350438757,-32.29524868604007,85.53915434115092,1.0183232659660824,56.76404366688764,8.73851755636123,0.694165865896895,0.9866153782797928,0.7198150808531412,0.4519093396702892,0.6059980871756058,0.7954661013138818,-0.6059980871756058,-0.7954661013138818,0.6173170406325763,C0,0.8855002550882151,0.24880590057298857,0.2544832955305537,KNOWN_PARENT_PATH,INCOMING_PATH,True
M2_T_JUNCTION,KNOWN_PARENT_PATH,O42,6.016666666666651,360,2,-0.9999967720451306,-0.0025408461816806708,-0.9999967720451307,-0.002540846181680671,-0.0025408461816806708,0.9999967720451306,-83.52665158982651,-2.70173382126206,173.48557347512903,-1.447016472266048,-83.41843894600659,-45.29081115093204,-83.63486423364644,39.88734350840792,85.1784296114666,1.014028923946031,66.42966500336846,0.14557991924405655,0.6080172880473091,0.631397837083364,0.7939237856593008,0.021726338054337116,0.6059980871756058,0.7954661013138818,-0.6059980871756058,-0.7954661013138818,0.6173170406325763,C1,0.15038463444055025,0.7681158826522091,0.7721011737238518,KNOWN_PARENT_PATH,INCOMING_PATH,True
M2_T_JUNCTION,KNOWN_PARENT_PATH,O44,6.11666666666665,366,1,0.15180335238878667,-0.9884107153423246,0.15180335238878667,-0.9884107153423246,0.9884107153423246,0.15180335238878667,-41.13121205336873,-38.785522206773166,215.88101301158682,-37.56372703776382,-83.39019904178133,-45.275795727506264,1.1277749350438757,-32.29524868604007,85.50896167445269,1.0179638294577702,56.779467485499225,8.731447952670862,0.9543555599811909,0.7876368431282259,0.2986728396305689,0.4522120111261635,0.15033706169655148,0.9886348000553326,-0.15033706169655148,-0.9886348000553326,0.6023903174118584,C0,0.8855575791462813,0.24850919434206492,0.25447341528182194,KNOWN_PARENT_PATH,INCOMING_PATH,True
M2_T_JUNCTION,KNOWN_PARENT_PATH,O45,6.11666666666665,366,2,-0.9999947173850294,-0.0032504156711022957,-0.9999947173850295,-0.003250415671102296,-0.0032504156711022957,0.9999947173850294,-83.52863197743937,-2.6867183978362803,173.48359308751617,-1.4649232288269365,-83.39019904178133,-45.275795727506264,-83.66706491309742,39.9023589318337,85.17860462511193,1.0140310074418086,66.42816972345419,0.186235427554152,0.15354974157083565,0.18204258964686526,0.9881409195370514,0.021939509785792392,0.15033706169655148,0.9886348000553326,-0.15033706169655148,-0.9886348000553326,0.6023903174118584,C1,0.1496830937286178,0.7682936638966819,0.7719001937843092,KNOWN_PARENT_PATH,INCOMING_PATH,True
M2_T_JUNCTION,KNOWN_PARENT_PATH,O47,6.21666666666665,372,1,0.15144651317631466,-0.9884654539470443,0.15144651317631466,-0.9884654539470443,0.9884654539470443,0.15144651317631466,-41.08995650950061,-38.763586244990165,215.92226855545493,-37.61897804042855,-83.3076879540451,-45.231923803940255,1.1277749350438757,-32.29524868604007,85.42075249259291,1.0169137201499157,56.824530844426754,8.710763419228684,0.9884654539470443,0.6862155219481013,0.15144651317631466,0.4528701067511611,0.0,1.0,-0.0,-1.0,0.06281917317862748,C0,0.8857252227679933,0.24786911437778358,0.2545363837810842,KNOWN_PARENT_PATH,INCOMING_PATH,True
M2_T_JUNCTION,KNOWN_PARENT_PATH,O48,6.21666666666665,372,2,-0.9999858295565646,-0.005323597098709486,-0.9999858295565646,-0.005323597098709486,-0.005323597098709486,0.9999858295565646,-83.53441825542295,-2.642846474270268,173.47780680953258,-1.4982382697086576,-83.3076879540451,-45.231923803940255,-83.7611485568008,39.94623085539972,85.17936168866666,1.0140400201031745,66.42378525705712,0.3050210863468408,0.005323597098709486,0.031621992960544174,0.9999858295565646,0.022336105901121027,0.0,1.0,-0.0,-1.0,0.06281917317862748,C1,0.147632929295725,0.768640655860962,0.7712408019894929,KNOWN_PARENT_PATH,INCOMING_PATH,True
M2_T_JUNCTION,KNOWN_PARENT_PATH,O51,6.3166666666666496,378,2,-0.9999664970036195,-0.008185650268016672,-0.9999664970036195,-0.008185650268016672,-0.008185650268016672,0.9999664970036195,-83.542406615703,-2.5822782242448703,173.46981844925256,-1.5531466545083885,-83.1937756432626,-45.17135555391486,-83.8910375881434,40.00679910542512,85.18100847835872,1.0140596247423657,66.41769407362067,0.46900845066863894,-0.008185650268016672,-0.030895034488751524,0.9999664970036195,0.022989761251078,0.0,-1.0,-0.0,1.0,1.0,C1,0.1448015715050327,0.7692007542063615,0.7705471032083336,KNOWN_PARENT_PATH,INCOMING_PATH,True
M2_T_JUNCTION,KNOWN_PARENT_PATH,O52,6.3166666666666496,378,4,0.09033321298842344,0.9959115977993168,0.09033321298842344,0.9959115977993168,-0.9959115977993168,0.09033321298842344,-41.381631326549766,36.15102389573251,215.63059373840576,37.18015546546899,1.1277749350438722,32.295248686039905,-83.8910375881434,40.00679910542512,85.3678305494733,1.0162836970175393,54.85829057969178,5.182776873211452,0.9959115977993168,0.6579075706620414,0.09033321298842344,0.4375979738258041,0.0,-1.0,-0.0,1.0,1.0,C1,0.970390341453878,0.12581022268861053,0.12622626959813132,KNOWN_PARENT_PATH,INCOMING_PATH,True
M2_T_JUNCTION,KNOWN_PARENT_PATH,O54,6.416666666666649,384,2,-0.9999981930135228,0.0019010443680280464,-0.9999981930135229,0.0019010443680280466,0.0019010443680280464,0.9999981930135228,-82.95267545107578,-1.8994857630415538,174.05954961387977,-1.0436562086134047,-83.03312583719537,-44.218456377226815,-82.87222506495617,40.41948485114371,84.63809416826214,1.0075963591459778,67.02557978114274,0.10892188456190866,0.0019010443680280464,-0.02289242585885361,0.9999981930135228,0.016925571836795054,0.0,-1.0,-0.0,1.0,1.0,C1,0.1547745156976821,0.760035940280276,0.7720971044099317,KNOWN_PARENT_PATH,INCOMING_PATH,True
M2_T_JUNCTION,KNOWN_PARENT_PATH,O55,6.416666666666649,384,3,-0.9996323210358413,-0.0271149910657671,-0.9996323210358413,-0.0271149910657671,-0.0271149910657671,0.9996323210358413,-84.17237323305108,-2.218497174176825,172.83985183190447,-1.362667619748676,-83.03312583719537,-44.218456377226815,-85.3116206289068,39.781462028873165,84.03081476903166,1.0003668424884722,65.79839582646964,1.517761677290025,-0.0271149910657671,-0.02634744546677215,0.9996323210358413,0.02072086942924853,0.0,-1.0,-0.0,1.0,1.0,C1,0.1260437025975991,0.772352676440458,0.7731227382189714,KNOWN_PARENT_PATH,INCOMING_PATH,True
M2_T_JUNCTION,KNOWN_PARENT_PATH,O56,6.416666666666649,384,6,0.08628350983506085,0.9962706238420076,0.08628350983506085,0.9962706238420076,-0.9962706238420076,0.08628350983506085,-42.09192284693146,36.03835535745654,214.9203022180241,36.894184911884686,1.1277749350438722,32.295248686039905,-85.3116206289068,39.781462028873165,86.76296730561691,1.0328924679240108,54.394745385880896,4.949835752821741,0.9962706238420076,0.6503706074151505,0.08628350983506085,0.4341992795810541,0.0,-1.0,-0.0,1.0,1.0,C1,0.9713643299816275,0.12918621753260853,0.13398397369715895,KNOWN_PARENT_PATH,INCOMING_PATH,True
M2_T_JUNCTION,KNOWN_PARENT_PATH,O58,6.516666666666649,390,6,-0.9999999999894416,4.595286108026333e-06,-0.9999999999894417,4.595286108026334e-06,4.595286108026333e-06,0.9999999999894416,-82.87201224377682,-1.8818091430091712,174.14021282117872,-1.2633803666830712,-82.8722059433023,-44.03359706801921,-82.87181854425134,40.26997878200087,84.30357585091019,1.0036139982251213,67.10662499944034,0.00026329049964601836,4.595286108026333e-06,-0.022701562615787645,0.9999999999894416,0.019541496237006496,0.0,-1.0,-0.0,1.0,1.0,C1,0.15290064083301722,0.761419155764956,0.771934405394698,KNOWN_PARENT_PATH,INCOMING_PATH,True
M2_T_JUNCTION,KNOWN_PARENT_PATH,O59,6.516666666666649,390,8,0.09451274815720401,0.9955236513693548,0.09451274815720402,0.995523651369355,-0.9955236513693548,0.09451274815720401,-40.87202180460373,36.28261373402039,216.14020326035183,36.901042510346485,1.1277749350438722,32.295248686039905,-82.87181854425134,40.26997878200087,84.37729567123067,1.0044916151336984,56.86258009903119,5.579068247246624,0.9955236513693548,0.6638723372346095,0.09451274815720401,0.4342709487315908,0.0,-1.0,-0.0,1.0,1.0,C1,0.9693679217682266,0.1294902418206573,0.13459273917954376,KNOWN_PARENT_PATH,INCOMING_PATH,True
M2_T_JUNCTION,KNOWN_PARENT_PATH,O61,6.6166666666666485,396,2,-0.999999999999968,2.5299778656450465e-07,-0.999999999999968,2.5299778656450465e-07,2.5299778656450465e-07,0.999999999999968,-82.87208418182179,-1.822193704016442,174.14014088313377,-1.3778751992590685,-82.87209484587274,-43.972961471564545,-82.87207351777084,40.32857406353166,84.3015355350989,1.0035897087511774,67.10788501592016,1.4495705386252666e-05,2.5299778656450465e-07,-0.02198271457262745,0.999999999999968,0.020904529795626632,0.0,-1.0,-0.0,1.0,1.0,C1,0.15289634960176213,0.7624645414003434,0.7726483574048301,KNOWN_PARENT_PATH,INCOMING_PATH,True
M2_T_JUNCTION,KNOWN_PARENT_PATH,O62,6.6166666666666485,396,4,0.09520063435903062,0.995458105204653,0.09520063435903063,0.9954581052046532,-0.995458105204653,0.09520063435903062,-40.872149291363485,36.31191137478578,216.14007577359206,36.756229879543156,1.1277749350438722,32.295248686039905,-82.87207351777084,40.32857406353166,84.38310765026667,1.0045608053603174,56.843030508919554,5.558378936977817,0.995458105204653,0.6641708272320344,0.09520063435903062,0.43254699033672167,0.0,-1.0,-0.0,1.0,1.0,C1,0.9691979711604677,0.1312082655331775,0.13582921957730687,KNOWN_PARENT_PATH,INCOMING_PATH,True
M2_T_JUNCTION,KNOWN_PARENT_PATH,O64,6.716666666666648,402,2,-0.9999999999971431,-2.390378081532111e-06,-0.9999999999971431,-2.390378081532111e-06,-2.390378081532111e-06,0.9999999999971431,-82.87206880950461,-1.7856214559332741,174.14015625545093,-1.4419428588102443,-82.87196805452706,-43.93584795373289,-82.87216956448216,40.36460504186634,84.30045299584008,1.0035768213790486,67.10869627788958,0.0001369585755242042,-2.390378081532111e-06,-0.02154172242144356,0.9999999999971431,0.021667240048330122,0.0,-1.0,-0.0,1.0,0.9999999999999998,C1,0.15289373730556383,0.7630495187125387,0.7730726904963247,KNOWN_PARENT_PATH,INCOMING_PATH,True
M2_T_JUNCTION,KNOWN_PARENT_PATH,O65,6.716666666666648,402,4,0.09562362306755456,0.995417561986644,0.09562362306755456,0.995417561986644,-0.995417561986644,0.09562362306755456,-40.872197314719145,36.32992686395312,216.1400277502364,36.67360546107615,1.1277749350438722,32.295248686039905,-82.87216956448216,40.36460504186634,84.38664105129894,1.0046028696583207,56.83102759458828,5.545157941110489,0.995417561986644,0.6643544897742816,0.09562362306755456,0.4315633669535724,0.0,-1.0,-0.0,1.0,0.9999999999999998,C1,0.9690932313150005,0.13218859567390298,0.13656507107526944,KNOWN_PARENT_PATH,INCOMING_PATH,True
M2_T_JUNCTION,KNOWN_PARENT_PATH,O67,6.816666666666648,408,2,-0.9999999999887551,-4.742355241728883e-06,-0.9999999999887551,-4.742355241728883e-06,-4.742355241728883e-06,0.9999999999887551,-82.87201593254265,-1.752443967381339,174.1402091324129,-1.4968853375978137,-82.87181604425601,-43.90202502015026,-82.8722158208293,40.397137085387584,84.29916210648578,1.0035614536486404,67.10945720661245,0.00027171694028993443,-4.742355241728883e-06,-0.02114166355201063,0.9999999999887551,0.022321317272995217,0.0,-1.0,-0.0,1.0,1.0,C1,0.1528914129810353,0.7635511245276925,0.7734494963574756,KNOWN_PARENT_PATH,INCOMING_PATH,True
M2_T_JUNCTION,KNOWN_PARENT_PATH,O68,6.816666666666648,408,4,0.09600553623754036,0.9953808000015584,0.09600553623754036,0.9953808000015584,-0.9953808000015584,0.09600553623754036,-40.87222044289271,36.34619288571375,216.14000462206283,36.60175151549727,1.1277749350438722,32.295248686039905,-82.8722158208293,40.397137085387584,84.38980413902063,1.0046405254645312,56.82020255584319,5.532897676222177,0.9953808000015584,0.6645203970109452,0.09600553623754036,0.43070796324534216,0.0,-1.0,-0.0,1.0,1.0,C1,0.9689985085333688,0.13304119263389766,0.13722074787555552,KNOWN_PARENT_PATH,INCOMING_PATH,True
M2_T_JUNCTION,KNOWN_PARENT_PATH,O69,6.916666666666647,414,1,0.09650409587066318,0.9953325873697624,0.09650409587066319,0.9953325873697625,-0.9953325873697624,0.09650409587066318,-40.884963882121546,36.36866236308519,216.127261182834,36.54036968538419,1.1277749350438722,32.295248686039905,-82.89770269928697,40.44207604013048,84.41949826677953,1.0049940269854705,56.795747705479315,5.537895964880619,0.9953325873697624,0.6646340437532192,0.09650409587066318,0.42997733415441775,0.0,-1.0,-0.0,1.0,1.0,C1,0.9688746349494044,0.13375753730203527,0.1376827751387275,KNOWN_PARENT_PATH,INCOMING_PATH,True
M2_T_JUNCTION,KNOWN_PARENT_PATH,O71,7.016666666666647,420,2,-0.9999163615123103,0.012933289604069073,-0.9999163615123103,0.012933289604069073,0.012933289604069073,0.9999163615123103,-83.54535093053622,-1.6162721428648865,173.46687413441933,-1.5345159506171386,-84.09052444301133,-43.765480246539965,-83.0001774180611,40.53293596081019,84.30546738914656,1.003636516537459,66.43901629500614,0.7152075598789054,0.012933289604069073,-0.01934242598879665,0.9999163615123103,0.02276796130410313,0.0,-1.0,-0.0,1.0,0.9999999999999997,C1,0.16566453504731868,0.7690542232997731,0.7777604934406028,KNOWN_PARENT_PATH,INCOMING_PATH,True
M2_T_JUNCTION,KNOWN_PARENT_PATH,O72,7.016666666666647,420,4,0.0974524772305053,0.9952401793947218,0.0974524772305053,0.9952401793947218,-0.9952401793947218,0.0974524772305053,-40.93620124150861,36.41409232342505,216.07602382344692,36.4958485156728,1.1277749350438722,32.295248686039905,-83.0001774180611,40.53293596081019,84.53030142359137,1.0063131121856115,56.72727043803023,5.592491552727125,0.9952401793947218,0.6646325404611296,0.0974524772305053,0.4294477497729224,0.0,-1.0,-0.0,1.0,0.9999999999999997,C1,0.9686383096716203,0.13423940832745457,0.13767503687486857,KNOWN_PARENT_PATH,INCOMING_PATH,True
M2_T_JUNCTION,KNOWN_PARENT_PATH,O74,7.116666666666647,426,2,-0.9999290732036628,0.011910019398143009,-0.9999290732036628,0.011910019398143009,0.011910019398143009,0.9999290732036628,-83.54831993576961,-1.5856826168399465,173.46390512918595,-1.5581954993069638,-84.05047471991719,-43.7450738933783,-83.04616515162203,40.573708659698404,84.32476343839929,1.0038662314095153,66.43663390306092,0.6473178770141317,0.011910019398143009,-0.018975810703944704,0.9999290732036628,0.023049854784098187,0.0,-1.0,-0.0,1.0,1.0,C1,0.16465523974498458,0.7692921209116595,0.7775586685950447,KNOWN_PARENT_PATH,INCOMING_PATH,True
M2_T_JUNCTION,KNOWN_PARENT_PATH,O75,7.116666666666647,426,4,0.0978772161976448,0.9951984980642803,0.09787721619764482,0.9951984980642804,-0.9951984980642803,0.0978772161976448,-40.95919510828908,36.434478672869155,216.05302995666648,36.46196579040214,1.1277749350438722,32.295248686039905,-83.04616515162203,40.573708659698404,84.58005136702796,1.0069053734169995,56.696540670460465,5.616944202404881,0.9951984980642803,0.6646318535821709,0.0978772161976448,0.42904457680384955,0.0,-1.0,-0.0,1.0,1.0,C1,0.9685321774876249,0.1346217593808814,0.1377993353731509,KNOWN_PARENT_PATH,INCOMING_PATH,True
M2_T_JUNCTION,KNOWN_PARENT_PATH,O77,7.216666666666646,432,2,-0.9999279436901104,0.012004475318289978,-0.9999279436901104,0.012004475318289978,0.012004475318289978,0.9999279436901104,-83.5480460487673,-1.588506766381112,173.46417901618824,-1.5591914105753575,-84.05417260639877,-43.746958060649995,-83.04191949113584,40.56994452788777,84.32297859121395,1.0038449832287375,66.43685410233898,0.6535840679314049,0.012004475318289978,-0.019009657299481533,0.9999279436901104,0.02306171141521174,0.0,-1.0,-0.0,1.0,0.983502378079905,C1,0.16474841237963822,0.769299058042007,0.7776009328863858,KNOWN_PARENT_PATH,INCOMING_PATH,True
M2_T_JUNCTION,KNOWN_PARENT_PATH,O78,7.216666666666646,432,4,0.097838026106611,0.995202351608738,0.097838026106611,0.995202351608738,-0.995202351608738,0.097838026106611,-40.957072278045985,36.43259660696384,216.05515278690956,36.4619119627696,1.1277749350438722,32.295248686039905,-83.04191949113584,40.56994452788777,84.57545773492191,1.006850687320499,56.69937766860131,5.61468794652049,0.995202351608738,0.6646319173120098,0.097838026106611,0.42904391820775056,0.0,-1.0,-0.0,1.0,0.983502378079905,C1,0.9685419777352056,0.13462421371012198,0.1378160884530754,KNOWN_PARENT_PATH,INCOMING_PATH,True
M2_T_JUNCTION,KNOWN_PARENT_PATH,O80,7.316666666666646,438,2,-0.9999224895411899,0.012450498373509,-0.99992248954119,0.012450498373509002,0.012450498373509,0.9999224895411899,-83.54675226560109,-1.6018411051066543,173.46547279935447,-1.5599315295838048,-84.07163141532246,-43.755853768114484,-83.02187311587971,40.552171557901175,84.31456058629108,1.0037447688844177,66.43789310305938,0.6831747129615593,0.012450498373509,-0.019169467652153,0.9999224895411899,0.023070524928949582,0.0,-1.0,-0.0,1.0,0.8961119823713487,C1,0.16518835729776948,0.7692958226767085,0.7777708075039949,KNOWN_PARENT_PATH,INCOMING_PATH,True
M2_T_JUNCTION,KNOWN_PARENT_PATH,O81,7.316666666666646,438,4,0.09765292380958286,0.9952205315765144,0.09765292380958286,0.9952205315765144,-0.9952205315765144,0.09765292380958286,-40.94704909041792,36.423710121970544,216.06517597453762,36.465619697493395,1.1277749350438722,32.295248686039905,-83.02187311587971,40.552171557901175,84.55377012532423,1.0065925014919552,56.71277294468411,5.604031336352961,0.9952205315765144,0.6646322173519876,0.09765292380958286,0.42908797389313635,0.0,-1.0,-0.0,1.0,0.8961119823713487,C1,0.9685882453670543,0.13458882547882803,0.13785978931989812,KNOWN_PARENT_PATH,INCOMING_PATH,True
M2_T_JUNCTION,KNOWN_PARENT_PATH,O82,7.416666666666646,444,1,0.09713335553167127,0.9952713756775877,0.09713335553167127,0.9952713756775877,-0.9952713756775877,0.09713335553167127,-40.91894421931681,36.398791719999195,216.09328084563873,36.48827146870517,1.1277749350438722,32.295248686039905,-82.9656633736775,40.50233475395849,84.49297383989364,1.00586873618921,56.75033365288036,5.5741200679789245,0.9952713756775877,0.6646330509975347,0.09713335553167127,0.42935740222677793,0.0,-1.0,-0.0,1.0,0.5197471757028334,C1,0.9687179316200346,0.13434470812340185,0.13787470796656018,KNOWN_PARENT_PATH,INCOMING_PATH,True
M2_T_JUNCTION,KNOWN_PARENT_PATH,O83,7.516666666666645,450,1,0.09681679374772896,0.9953022196541158,0.09681679374772896,0.9953022196541158,-0.9953022196541158,0.09681679374772896,-40.90184178853828,36.38362772636522,216.11038327641728,36.507934565095624,1.1277749350438722,32.295248686039905,-82.93145851212043,40.47200676669054,84.45598913300554,1.0054284420595898,56.77319056626681,5.555896522700635,0.9953022196541158,0.6646335527375486,0.09681679374772896,0.4295913433168104,0.0,-1.0,-0.0,1.0,0.08978500248889028,C1,0.9687968140034319,0.13412683358697544,0.1378338329155588,KNOWN_PARENT_PATH,INCOMING_PATH,True
M2_T_JUNCTION,KNOWN_PARENT_PATH,O87,7.916666666666644,474,1,0.1370013486959109,-0.9905708608956258,0.13700134869591094,-0.990570860895626,0.9905708608956258,0.1370013486959109,-40.87204677428008,-38.104052928436886,216.14017829067546,-37.841903102965766,-82.87186848360403,-43.9128571708337,1.1277749350438757,-32.29524868604007,84.79922712717344,1.0095146086568267,57.43464432888617,8.00958845117654,0.9905708608956258,0.6819050523850543,0.1370013486959109,0.45552580215307487,0.0,1.0,-0.0,-1.0,1.0,C0,0.8924071095122393,0.24532558609985738,0.25185106210791414,KNOWN_PARENT_PATH,INCOMING_PATH,True
M2_T_JUNCTION,KNOWN_PARENT_PATH,O88,7.916666666666644,474,2,-0.9999999999920202,-3.99497247563727e-06,-0.9999999999920202,-3.99497247563727e-06,-3.99497247563727e-06,0.9999999999920202,-82.87203687090863,-1.7630537308317926,174.1401881940469,-1.5009039053606719,-82.87186848360403,-43.9128571708337,-82.87220525821323,40.38674970917012,84.29960688067652,1.0035667485794824,67.10921128622891,0.00022889506212209199,3.99497247563727e-06,0.021269597722368964,0.9999999999920202,0.022369157322997903,0.0,1.0,-0.0,-1.0,1.0,C1,0.1528921515767753,0.7635880109495684,0.773478393553392,KNOWN_PARENT_PATH,INCOMING_PATH,True
M2_T_JUNCTION,KNOWN_PARENT_PATH,O90,8.016666666666644,480,1,0.13713145056394205,-0.9905528583908225,0.13713145056394208,-0.9905528583908226,0.9905528583908225,0.13713145056394205,-40.87207213648838,-38.10967837911006,216.14015292846716,-37.81490185507691,-82.87191920802063,-43.92410807218005,1.1277749350438757,-32.29524868604007,84.80081949339288,1.0095335653975344,57.430789604485895,8.007210065863148,0.9905528583908225,0.6819586807124084,0.13713145056394205,0.45520435859292396,0.0,1.0,-0.0,-1.0,1.0,C0,0.8923478364447853,0.2456466585030878,0.2520671256103074,KNOWN_PARENT_PATH,INCOMING_PATH,True
M2_T_JUNCTION,KNOWN_PARENT_PATH,O91,8.016666666666644,480,2,-0.9999999999948388,-3.2128595864162844e-06,-0.9999999999948388,-3.2128595864162844e-06,-3.2128595864162844e-06,0.9999999999948388,-82.87205463011261,-1.7740892648127726,174.14017043484293,-1.4793127407796245,-82.87191920802063,-43.92410807218005,-82.87219005220462,40.3759295425545,84.30003761516964,1.0035718763710673,67.10895807545973,0.00018408329447083815,3.2128595864162844e-06,0.021402665760044515,0.9999999999948388,0.022112119617614202,0.0,1.0,-0.0,-1.0,1.0,C1,0.1528929244942227,0.763390833929386,0.7733284431348897,KNOWN_PARENT_PATH,INCOMING_PATH,True
M2_T_JUNCTION,KNOWN_PARENT_PATH,O93,8.11666666666665,486,1,0.1371595019143815,-0.9905489745765217,0.13715950191438153,-0.9905489745765218,0.9905489745765217,0.1371595019143815,-40.87207735426047,-38.11089129264756,216.1401477106951,-37.80538759878665,-82.87192964356481,-43.92653389925505,1.1277749350438757,-32.29524868604007,84.80116252154028,1.0095376490659558,57.42995862435525,8.0066937297849,0.9905489745765217,0.6819702443994152,0.1371595019143815,0.4550910936214255,0.0,1.0,-0.0,-1.0,0.9983415010172891,C0,0.8923350543806481,0.24575979503784687,0.2521400406033414,KNOWN_PARENT_PATH,INCOMING_PATH,True
M2_T_JUNCTION,KNOWN_PARENT_PATH,O94,8.11666666666665,486,2,-0.9999999999953687,-3.043444151956102e-06,-0.9999999999953687,-3.043444151956102e-06,-3.043444151956102e-06,0.9999999999953687,-82.87205792492801,-1.7764707479260977,174.14016714002753,-1.4709670540651911,-82.87192964356481,-43.92653389925505,-82.87218620629122,40.37359240340285,84.30012630304832,1.0035729321791467,67.10890377711934,0.00017437650507190483,3.043444151956102e-06,0.021431382004521417,0.9999999999953687,0.02201276619917182,0.0,1.0,-0.0,-1.0,0.9983415010172891,C1,0.15289309191779712,0.7633146009077014,0.7732708394955012,KNOWN_PARENT_PATH,INCOMING_PATH,True
M2_T_JUNCTION,KNOWN_PARENT_PATH,O96,8.216666666666654,492,1,0.13706574195737073,-0.9905619528235856,0.13706574195737073,-0.9905619528235856,0.9905619528235856,0.13706574195737073,-40.87205956593249,-38.10683721066852,216.14016549902306,-37.81822645198467,-82.87189406690885,-43.91842573529698,1.1277749350438757,-32.29524868604007,84.80001554926739,1.0095239946341354,57.43273631963701,8.008414651065209,0.9905619528235856,0.6819315946476734,0.13706574195737073,0.4552439372230845,0.0,1.0,-0.0,-1.0,0.7982958759184641,C0,0.8923777746660341,0.24560713089461178,0.2520300528776227,KNOWN_PARENT_PATH,INCOMING_PATH,True
M2_T_JUNCTION,KNOWN_PARENT_PATH,O97,8.216666666666654,492,2,-0.999999999993489,-3.608615982393598e-06,-0.999999999993489,-3.608615982393598e-06,-3.608615982393598e-06,0.999999999993489,-82.87204616975505,-1.7685137075453738,174.1401788952005,-1.4799029488615225,-82.87189406690885,-43.91842573529698,-82.87219827260125,40.38139832020623,84.29982405605209,1.0035693340006202,67.10908567824946,0.00020675846565154643,3.608615982393598e-06,0.02133543491486517,0.999999999993489,0.022119145921071035,0.0,1.0,-0.0,-1.0,0.7982958759184641,C1,0.1528925333908175,0.7633961625617328,0.7733321695985795,KNOWN_PARENT_PATH,INCOMING_PATH,True
M2_T_JUNCTION,KNOWN_PARENT_PATH,O99,8.31666666666666,498,1,0.1368313376027359,-0.9905943594882044,0.13683133760273591,-0.9905943594882045,0.9905943594882044,0.1368313376027359,-40.87201076038815,-38.096701925389596,216.1402143045674,-37.85327436302936,-82.87179645582017,-43.89815516473913,1.1277749350438757,-32.29524868604007,84.79714283277653,1.009489795628292,57.439683100678366,8.012655715953898,0.9905943594882044,0.6818349830486955,0.1368313376027359,0.45566117456497035,0.0,1.0,-0.0,-1.0,0.3192081019022685,C0,0.8924845399861709,0.24519038472304627,0.25173610028291504,KNOWN_PARENT_PATH,INCOMING_PATH,True
M2_T_JUNCTION,KNOWN_PARENT_PATH,O100,8.31666666666666,498,2,-0.9999999999874597,-5.008031441018814e-06,-0.9999999999874598,-5.0080314410188145e-06,-5.008031441018814e-06,0.9999999999874597,-82.87200754183158,-1.7486571258820014,174.14021752312397,-1.5052295635217634,-82.87179645582017,-43.89815516473913,-82.87221862784298,40.40084091297513,84.2989960787714,1.0035594771282308,67.10954556912306,0.00028693906523358237,5.008031441018814e-06,0.02109600119685942,0.9999999999874597,0.022420653311233826,0.0,1.0,-0.0,-1.0,0.3192081019022685,C1,0.1528911504283872,0.7636273218584408,0.7735078255132383,KNOWN_PARENT_PATH,INCOMING_PATH,True
M2_T_JUNCTION,KNOWN_PARENT_PATH,O102,8.416666666666664,504,1,0.09725484055149079,0.995259511880848,0.0972548405514908,0.9952595118808482,-0.995259511880848,0.09725484055149079,-40.9255117887174,36.40461478218144,216.08671327623813,36.52701508758616,1.1277749350438722,32.295248686039905,-82.97879851247868,40.51398087832297,84.5071787242479,1.006037841955332,56.7415563629107,5.581113758902887,0.995259511880848,0.6646328572043937,0.09725484055149079,0.4298186907123632,0.0,-1.0,-0.0,1.0,0.42009840166491036,C1,0.9686876327289351,0.13387889724028268,0.1374849001650082,KNOWN_PARENT_PATH,INCOMING_PATH,True
M2_T_JUNCTION,KNOWN_PARENT_PATH,O104,8.51666666666667,510,2,-0.999986618015139,0.0051733732365354425,-0.999986618015139,0.0051733732365354425,0.0051733732365354425,0.999986618015139,-83.54677859281645,-1.028285817620155,173.4654464721391,-1.2269151658290678,-83.76702426274645,-43.60064867177896,-83.32653292288644,41.54407703653865,85.14586512899575,1.0136412515356636,66.44689362471428,0.2964137745021276,0.0051733732365354425,-0.01230697292092916,0.999986618015139,0.0191060444110269,0.0,-1.0,-0.0,1.0,0.8867951749466468,C1,0.15800659963232466,0.7662757029078113,0.7742818961842937,KNOWN_PARENT_PATH,INCOMING_PATH,True
M2_T_JUNCTION,KNOWN_PARENT_PATH,O105,8.51666666666667,510,4,0.1088619592661736,0.9940568765542191,0.1088619592661736,0.9940568765542191,-0.9940568765542191,0.1088619592661736,-41.099378993921285,36.91966286128928,215.91284607103427,36.72103351308037,1.1277749350438722,32.295248686039905,-83.32653292288644,41.54407703653865,84.95923105595448,1.0114194173327913,56.26867389877173,6.24971667376127,0.9940568765542191,0.6682666328444083,0.1088619592661736,0.4321298904545265,0.0,-1.0,-0.0,1.0,0.8867951749466468,C1,0.9657244544858449,0.13143377785329508,0.13660052160933697,KNOWN_PARENT_PATH,INCOMING_PATH,True
M2_T_JUNCTION,KNOWN_PARENT_PATH,O107,8.616666666666674,516,2,-0.9999999992951203,-3.754676184677077e-05,-0.9999999992951204,-3.754676184677078e-05,-3.754676184677077e-05,0.9999999992951203,-83.55162650375242,-0.9177207244670242,173.46059856120314,-1.3839813280876214,-83.55002804938195,-43.49008357862583,-83.55322495812288,41.65464212969178,85.1447257683344,1.0136276877182666,66.44333358282739,0.0021512709886906123,-3.754676184677077e-05,-0.010983213713734442,0.9999999992951203,0.020975870007608026,0.0,-1.0,-0.0,1.0,0.9883298194487307,C1,0.15285899417375648,0.7677365481009701,0.7727144860113173,KNOWN_PARENT_PATH,INCOMING_PATH,True
M2_T_JUNCTION,KNOWN_PARENT_PATH,O108,8.616666666666674,516,4,0.10985634900796444,0.9939474747604322,0.10985634900796447,0.9939474747604324,-0.9939474747604322,0.10985634900796444,-41.212725011539504,36.974945407865846,215.79950005341604,36.50868480424525,1.1277749350438722,32.295248686039905,-83.55322495812288,41.65464212969178,85.19665479665022,1.014245890436312,56.14739901620122,6.30703478838862,0.9939474747604322,0.6678013581844219,0.10985634900796444,0.4296028801967542,0.0,-1.0,-0.0,1.0,0.9883298194487307,C1,0.965464300695912,0.13388346618242206,0.13675672225957367,KNOWN_PARENT_PATH,INCOMING_PATH,True
M2_T_JUNCTION,KNOWN_PARENT_PATH,O110,8.71666666666668,522,2,-0.999997399749716,-0.0022804591219371655,-0.999997399749716,-0.0022804591219371655,-0.0022804591219371655,0.999997399749716,-83.55371314558323,-0.8701312057139852,173.4585119193723,-1.4288408639579533,-83.4566283599253,-43.44249405987279,-83.65079793124116,41.70223164844482,85.14494710649052,1.0136303226963157,66.44175618929293,0.13066079628936222,-0.0022804591219371655,-0.01041346928838262,0.999997399749716,0.021509907943600113,0.0,-1.0,-0.0,1.0,1.0,C1,0.15064205591293747,0.7681595171434561,0.7719957148307524,KNOWN_PARENT_PATH,INCOMING_PATH,True
M2_T_JUNCTION,KNOWN_PARENT_PATH,O111,8.71666666666668,522,4,0.11028261716346377,0.993900268815527,0.11028261716346378,0.9939002688155271,-0.993900268815527,0.11028261716346377,-41.26151149809864,36.99874016724236,215.75071356685692,36.44003050899839,1.1277749350438722,32.295248686039905,-83.65079793124116,41.70223164844482,85.29887306230357,1.015462774551233,56.09519313831533,6.33160746097434,0.993900268815527,0.6676016411177849,0.11028261716346377,0.42878597623255243,0.0,-1.0,-0.0,1.0,1.0,C1,0.9653524750474463,0.13467240520720575,0.13674642003675821,KNOWN_PARENT_PATH,INCOMING_PATH,True
M2_T_JUNCTION,KNOWN_PARENT_PATH,O113,8.816666666666684,528,2,-0.99998846530283,-0.0048030470839440145,-0.9999884653028301,-0.004803047083944015,-0.0048030470839440145,0.99998846530283,-83.55606001698676,-0.8166066961307799,173.4561650479688,-1.4896155629615797,-83.35158059511528,-43.38896955028959,-83.76053943885825,41.75575615802803,85.14570783827286,1.0136393790270577,66.43994966457679,0.27519538481189443,-0.0048030470839440145,-0.009772692726402053,0.99998846530283,0.022233411587138777,0.0,-1.0,-0.0,1.0,1.0,C1,0.14814776181889874,0.7687290697643876,0.7713154343587741,KNOWN_PARENT_PATH,INCOMING_PATH,True
M2_T_JUNCTION,KNOWN_PARENT_PATH,O114,8.816666666666684,528,4,0.11076080282756431,0.9938470931471266,0.11076080282756431,0.9938470931471266,-0.9938470931471266,0.11076080282756431,-41.316382251907186,37.025502422033966,215.69584281304836,36.35249355520317,1.1277749350438722,32.295248686039905,-83.76053943885825,41.75575615802803,85.41385788541565,1.0168316414930434,56.036471796975086,6.359174364467577,0.9938470931471266,0.6673774087929981,0.11076080282756431,0.427744329461297,0.0,-1.0,-0.0,1.0,1.0,C1,0.9652268118813219,0.1356858764593851,0.13687708308216606,KNOWN_PARENT_PATH,INCOMING_PATH,True
M2_T_JUNCTION,KNOWN_PARENT_PATH,O116,8.91666666666669,534,2,-0.99997989784851,-0.006340654452293919,-0.99997989784851,-0.006340654452293919,-0.006340654452293919,0.99997989784851,-83.55749055782914,-0.783980708651967,173.4547345071264,-1.5232542304868488,-83.28754848933688,-43.35634356281078,-83.82743262632138,41.788382145506844,85.14643733489976,1.0136480635107115,66.43883166163099,0.3632951738087229,-0.006340654452293919,-0.009382117606079286,0.99997989784851,0.022633869063941745,0.0,-1.0,-0.0,1.0,1.0,C1,0.1466269232936353,0.769045440713534,0.7709514006597962,KNOWN_PARENT_PATH,INCOMING_PATH,True
M2_T_JUNCTION,KNOWN_PARENT_PATH,O117,8.91666666666669,534,4,0.11105163836485761,0.9938146374533235,0.11105163836485761,0.9938146374533235,-0.9938146374533235,0.11105163836485761,-41.349828845638754,37.04181541577337,215.6623962193168,36.30254189393849,1.1277749350438722,32.295248686039905,-83.82743262632138,41.788382145506844,85.48395682626011,1.0176661526935729,56.00067560500029,6.3759414515870105,0.9938146374533235,0.6672409305552487,0.11105163836485761,0.4271499379590449,0.0,-1.0,-0.0,1.0,1.0,C1,0.9651502701735568,0.13626485924575013,0.13700220653030357,KNOWN_PARENT_PATH,INCOMING_PATH,True
M2_T_JUNCTION,KNOWN_PARENT_PATH,O119,9.016666666666694,540,2,-0.9999661206386598,-0.008231498944260174,-0.9999661206386598,-0.008231498944260174,-0.008231498944260174,0.9999661206386598,-83.55924979765433,-0.7438581656181356,173.4529752673012,-1.5625707021992454,-83.20880356487112,-43.31622101977695,-83.90969603043756,41.828504688540676,85.14761045497949,1.0136620292259462,66.43743929415906,0.47163547482074364,-0.008231498944260174,-0.00890181152103134,0.9999661206386598,0.023101918793021554,0.0,-1.0,-0.0,1.0,0.9999999999999999,C1,0.1447562043604453,0.769415982583128,0.7706092318766984,KNOWN_PARENT_PATH,INCOMING_PATH,True
M2_T_JUNCTION,KNOWN_PARENT_PATH,O120,9.016666666666694,540,4,0.11140863356021789,0.9937746808850813,0.11140863356021789,0.9937746808850813,-0.9937746808850813,0.11140863356021789,-41.39096054769684,37.061876687290294,215.6212645172587,36.243164150709184,1.1277749350438722,32.295248686039905,-83.90969603043756,41.828504688540676,85.57017259661403,1.0186925309120718,55.95665187940089,6.396523487918046,0.9937746808850813,0.6670733038443317,0.11140863356021789,0.4264433934883033,0.0,-1.0,-0.0,1.0,0.9999999999999999,C1,0.9650562002309467,0.13695423887941033,0.13725837034057264,KNOWN_PARENT_PATH,INCOMING_PATH,True
M2_T_JUNCTION,KNOWN_PARENT_PATH,O122,9.1166666666667,546,2,-0.9999537242411477,-0.009620258637823712,-0.9999537242411478,-0.009620258637823714,-0.009620258637823712,0.9999537242411477,-83.56054194954802,-0.7143883803063069,173.45168311540752,-1.5967345084542004,-83.15096585462314,-43.286751234465115,-83.97011804447291,41.8579744738525,85.1486660274533,1.0136745955649202,66.43640432784088,0.5512087203317151,-0.009620258637823712,-0.008549038305017787,0.9999537242411477,0.02350862819653135,0.0,-1.0,-0.0,1.0,1.0,C1,0.14338187796860588,0.7697362294417103,0.7705280356971623,KNOWN_PARENT_PATH,INCOMING_PATH,True
M2_T_JUNCTION,KNOWN_PARENT_PATH,O123,9.1166666666667,546,4,0.11167037749877846,0.993745302775958,0.11167037749877846,0.993745302775958,-0.993745302775958,0.11167037749877846,-41.42117155471452,37.0766115799462,215.591053510241,36.19426545179831,1.1277749350438722,32.295248686039905,-83.97011804447291,41.8579744738525,85.6335046231683,1.0194464836091466,55.92431490752084,6.411614478729973,0.993745302775958,0.6669503306003333,0.11167037749877846,0.4258615110335909,0.0,-1.0,-0.0,1.0,1.0,C1,0.9649871479144261,0.13752470939976072,0.13762391112353536,KNOWN_PARENT_PATH,INCOMING_PATH,True
M2_T_JUNCTION,KNOWN_PARENT_PATH,O125,9.216666666666704,552,2,-0.9999440641787783,-0.010576791272743238,-0.9999440641787783,-0.010576791272743238,-0.010576791272743238,0.9999440641787783,-83.56143197153621,-0.6940898712514354,173.45079309341935,-1.6195514240173257,-83.11112778750595,-43.26645272541025,-84.01173615556647,41.878272982907376,85.1494886148899,1.0136843882724988,66.435685404097,0.6060168001102397,-0.010576791272743238,-0.008306055935573549,0.9999440641787783,0.023780256369701484,0.0,-1.0,-0.0,1.0,1.0,C1,0.14243511500100275,0.7699503656987895,0.7705327458139105,KNOWN_PARENT_PATH,INCOMING_PATH,True
M2_T_JUNCTION,KNOWN_PARENT_PATH,O126,9.216666666666704,552,4,0.11185043468014007,0.9937250526488016,0.11185043468014008,0.9937250526488017,-0.9937250526488016,0.11185043468014007,-41.4419806102613,37.08676083447364,215.57024445469426,36.16129928170775,1.1277749350438722,32.295248686039905,-84.01173615556647,41.878272982907376,85.67713057416498,1.0199658401686307,55.902040627541545,6.42199603386274,0.9937250526488016,0.6668657004175534,0.11185043468014007,0.4254692253197241,0.0,-1.0,-0.0,1.0,1.0,C1,0.9649396058420813,0.1379097402445923,0.13793520219600705,KNOWN_PARENT_PATH,INCOMING_PATH,True
M2_T_JUNCTION,KNOWN_PARENT_PATH,O128,9.316666666666709,558,2,-0.9999392738603845,-0.01102037166193259,-0.9999392738603845,-0.01102037166193259,-0.01102037166193259,0.9999392738603845,-83.56184471744197,-0.6846764785300721,173.45038034751357,-1.6329328019077105,-83.09265296405856,-43.25703933268888,-84.03103647082537,41.88768637562874,85.14989653282272,1.0136892444383658,66.43535033004603,0.6314335664536657,-0.01102037166193259,-0.008193374605580983,0.9999392738603845,0.02393955766428539,0.0,-1.0,-0.0,1.0,1.0,C1,0.14199601768959702,0.7700751265188851,0.7705813023970082,KNOWN_PARENT_PATH,INCOMING_PATH,True
M2_T_JUNCTION,KNOWN_PARENT_PATH,O129,9.316666666666709,558,4,0.11193387236867514,0.9937156576287571,0.11193387236867514,0.9937156576287571,-0.9937156576287571,0.11193387236867514,-41.45163076789075,37.09146753083432,215.5605942970648,36.14321120745668,1.1277749350438722,32.295248686039905,-84.03103647082537,41.88768637562874,85.69736297511756,1.0202067020847327,55.891710731687354,6.426806871617941,0.9937156576287571,0.6668264734280626,0.11193387236867514,0.4252539693407329,0.0,-1.0,-0.0,1.0,1.0,C1,0.9649175639890178,0.13812178423895774,0.13812985906807035,KNOWN_PARENT_PATH,INCOMING_PATH,True
M2_T_JUNCTION,KNOWN_PARENT_PATH,O131,9.416666666666714,564,2,-0.9999383843989935,-0.011100784005228322,-0.9999383843989935,-0.011100784005228322,-0.011100784005228322,0.9999383843989935,-83.57290021191068,-0.27384691137571693,173.43932485304487,-1.231320028743776,-83.1047913006755,-42.4402441859113,-84.04100912314584,41.89255036315986,84.33799108507955,1.0040237033938042,66.42665112632586,0.5867350150492143,-0.011100784005228322,-0.003276725356424954,0.9999383843989935,0.019158431299640153,0.0,-1.0,-0.0,1.0,1.0,C1,0.1419164148178053,0.7665174539177217,0.7669894130578863,KNOWN_PARENT_PATH,INCOMING_PATH,True
M2_T_JUNCTION,KNOWN_PARENT_PATH,O132,9.416666666666714,564,4,0.11197696965271586,0.9937108021287656,0.11197696965271586,0.9937108021287656,-0.9937108021287656,0.11197696965271586,-41.45661709405098,37.093899524599884,215.55560797090456,36.13642640723182,1.1277749350438722,32.295248686039905,-84.04100912314584,41.89255036315986,85.70781748144215,1.020331160493359,55.88637311808803,6.42929178618823,0.9937108021287656,0.6668062094627367,0.11197696965271586,0.42517323832887055,0.0,-1.0,-0.0,1.0,1.0,C1,0.9649061761720557,0.13820090811726354,0.1382039906493926,KNOWN_PARENT_PATH,INCOMING_PATH,True
M2_T_JUNCTION,KNOWN_PARENT_PATH,O134,9.516666666666719,570,2,-0.9999341892151996,-0.01147245564565921,-0.9999341892151996,-0.01147245564565921,-0.01147245564565921,0.9999341892151996,-83.57248211972606,-0.26272682590801466,173.43974294522948,-1.234751638599693,-83.0887406038756,-42.42542462850748,-84.05622363557652,41.89997097669145,84.33094549090465,1.0039398272726745,66.42710491411115,0.6114202377817151,-0.01147245564565921,-0.003143684631697959,0.9999341892151996,0.019199284628923702,0.0,-1.0,-0.0,1.0,1.0,C1,0.14154847176521068,0.7665452950428714,0.7669630187653175,KNOWN_PARENT_PATH,INCOMING_PATH,True
M2_T_JUNCTION,KNOWN_PARENT_PATH,O135,9.516666666666719,570,4,0.11204269922287913,0.9937033931464918,0.11204269922287914,0.9937033931464919,-0.9937033931464918,0.11204269922287913,-41.46422435026632,37.09760983136567,215.54800071468924,36.125585018673995,1.1277749350438722,32.295248686039905,-84.05622363557652,41.89997097669145,85.72376743214215,1.0205210408588352,55.878229850286395,6.433081662467828,0.9937033931464918,0.6667753008228791,0.11204269922287913,0.4250442358454882,0.0,-1.0,-0.0,1.0,1.0,C1,0.9648888045076958,0.13832750944329383,0.13832752550668123,KNOWN_PARENT_PATH,INCOMING_PATH,True
M2_T_JUNCTION,KNOWN_PARENT_PATH,O137,9.616666666666724,576,2,-0.9999313205930193,-0.011719816427770442,-0.9999313205930193,-0.011719816427770442,-0.011719816427770442,0.9999313205930193,-83.57220347823866,-0.2553268994587725,173.44002158671688,-1.2387423175176004,-83.07805931796256,-42.41556258176871,-84.06634763851476,41.904908782851166,84.32626284234479,1.0038840814564856,66.42740648972467,0.6278501422089562,-0.011719816427770442,-0.0030551510816447243,0.9999313205930193,0.019246793264823696,0.0,-1.0,-0.0,1.0,1.0,C1,0.14130358078343092,0.7665792775876468,0.7669662728287263,KNOWN_PARENT_PATH,INCOMING_PATH,True
M2_T_JUNCTION,KNOWN_PARENT_PATH,O138,9.616666666666724,576,4,0.11208642300665689,0.9936984621994606,0.11208642300665689,0.9936984621994606,-0.9936984621994606,0.11208642300665689,-41.46928635173544,37.10007873444553,215.5429387132201,36.116663316386706,1.1277749350438722,32.295248686039905,-84.06634763851476,41.904908782851166,85.73438101633894,1.0206473930516542,55.872811124307255,6.4356027311361,0.9936984621994606,0.6667547380503839,0.11208642300665689,0.4249380661423943,0.0,-1.0,-0.0,1.0,1.0,C1,0.9648772463414135,0.1384321099161584,0.13843298722025382,KNOWN_PARENT_PATH,INCOMING_PATH,True
M2_T_JUNCTION,KNOWN_PARENT_PATH,O140,9.716666666666729,582,2,-0.9999324878149967,-0.011619802584876753,-0.9999324878149967,-0.011619802584876753,-0.011619802584876753,0.9999324878149967,-83.57231617678661,-0.2583187801919742,173.43990888816893,-1.24050674551419,-83.08237791699455,-42.41954995525932,-84.06225443657868,41.90291239487537,84.32815552817169,1.0039066134306154,66.42728459751359,0.6212070445876066,-0.011619802584876753,-0.003090946356689624,0.9999324878149967,0.019267798135575033,0.0,-1.0,-0.0,1.0,0.9401007208767816,C1,0.14140259715417633,0.7665961260227581,0.7670000655154467,KNOWN_PARENT_PATH,INCOMING_PATH,True
M2_T_JUNCTION,KNOWN_PARENT_PATH,O141,9.716666666666729,582,4,0.11206874651898241,0.9937004558988911,0.11206874651898241,0.9937004558988911,-0.9937004558988911,0.11206874651898241,-41.467239750767405,37.099080540457635,215.54498531418812,36.11689257513542,1.1277749350438722,32.295248686039905,-84.06225443657868,41.90291239487537,85.73008985344637,1.0205963077791236,55.87500195647543,6.434583521423235,0.9937004558988911,0.6667630512953192,0.11206874651898241,0.4249407788304181,0.0,-1.0,-0.0,1.0,0.9401007208767816,C1,0.9648819192654826,0.13843001456234427,0.13843028038647417,KNOWN_PARENT_PATH,INCOMING_PATH,True
M2_T_JUNCTION,KNOWN_PARENT_PATH,O143,9.816666666666734,588,2,-0.999938197430244,-0.011117613051121699,-0.999938197430244,-0.011117613051121699,-0.011117613051121699,0.999938197430244,-83.57288129603006,-0.2733433665594376,173.43934376892548,-1.2377729345545367,-83.10406449560112,-42.43957313101623,-84.04169809645899,41.89288639789736,84.33767181375892,1.004019902544749,66.42667169056641,0.5878527064376726,-0.011117613051121699,-0.003270700977079348,0.999938197430244,0.019235251643461904,0.0,-1.0,-0.0,1.0,0.4107896593619843,C1,0.14189975505650976,0.7665757380120478,0.7670539222258596,KNOWN_PARENT_PATH,INCOMING_PATH,True
M2_T_JUNCTION,KNOWN_PARENT_PATH,O144,9.816666666666734,588,4,0.11197994668710742,0.9937104666551281,0.11197994668710744,0.9937104666551282,-0.9937104666551281,0.11197994668710742,-41.456961580707556,37.09406754196863,215.55526348424797,36.12963797397353,1.1277749350438722,32.295248686039905,-84.04169809645899,41.89288639789736,85.70853975020204,1.0203397589309766,55.88600436077509,6.429463437270755,0.9937104666551281,0.6668048096264333,0.11197994668710742,0.4250924264570731,0.0,-1.0,-0.0,1.0,0.4107896593619843,C1,0.9649053894658802,0.13828158258228745,0.13828428560926675,KNOWN_PARENT_PATH,INCOMING_PATH,True
M2_T_JUNCTION,KNOWN_PARENT_PATH,O145,9.916666666666739,594,1,0.1291359900767019,-0.9916268935778769,0.1291359900767019,-0.9916268935778769,0.9916268935778769,0.1291359900767019,-40.99025817489207,-37.78012807057417,216.02196689006348,-38.71835933133508,-83.10829128482801,-43.265007455108275,1.1277749350438757,-32.29524868604007,84.94733933237809,1.0112778491949772,57.56816128866592,7.419667352190729,0.9916268935778769,0.6777274995545188,0.1291359900767019,0.4659588115749193,0.0,1.0,-0.0,-1.0,0.16210285892120885,C0,0.8959599211103842,0.2348386265120824,0.24346309042326608,KNOWN_PARENT_PATH,INCOMING_PATH,True
M2_T_JUNCTION,KNOWN_PARENT_PATH,O146,9.916666666666739,594,2,-0.9999433414884632,-0.010644896095631622,-0.9999433414884632,-0.010644896095631622,-0.010644896095631622,0.9999433414884632,-83.56149534182336,-0.6926446009494711,173.45072972313218,-1.6308758617103774,-83.10829128482801,-43.265007455108275,-84.01469939881869,41.87971825320933,85.14955015508743,1.013685120893898,66.4356340279854,0.6099191387153269,0.010644896095631622,0.008288755534643023,0.9999433414884632,0.02391507097621999,0.0,1.0,-0.0,-1.0,0.16210285892120885,C1,0.14236770043975422,0.770053748676904,0.7706356870706954,KNOWN_PARENT_PATH,INCOMING_PATH,True
M3_ANGLED_Y,KNOWN_PARENT_PATH,O33,4.116666666666657,246,0,-0.9760039299007762,-0.21775290771477857,-0.9760039299007762,-0.21775290771477857,0.21775290771477857,-0.9760039299007762,16.92671194210537,-81.50607780469207,226.38917855534902,-81.1193385223939,8.511286246406009,-43.78677184002084,25.34213763780473,-119.22538376936329,77.29334853909019,0.9201589111796451,38.64380398372765,17.42291534934003,0.9760474208648185,-0.20314007804186976,0.21755788246610602,0.9910136402625552,0.9999999800368443,0.00019981569301381498,-0.9999999800368443,-0.00019981569301381498,0.9999999915246323,C0,-0.0658892855320467,0.6116356640534866,0.6137591434510841,KNOWN_PARENT_PATH,INCOMING_PATH,True
M3_ANGLED_Y,KNOWN_PARENT_PATH,O38,4.116666666666657,246,27,-0.9683039252769635,0.2497749152601691,-0.9683039252769635,0.2497749152601691,-0.2497749152601691,-0.9683039252769635,20.387144044282902,83.25702736059951,229.84961065752654,83.64376664289767,31.490332843951876,126.30082656121986,9.283955244613928,40.213228159979145,88.90555553269819,1.0583994706273594,44.450562322917136,15.535806764939508,0.9682539969987712,-0.23803713924330783,0.24996839259375078,1.0204379872527818,0.9999999800368443,0.00019981569301381498,-0.9999999800368443,-0.00019981569301381498,0.9999999915246323,C1,-0.041097269824761806,0.6555202876731052,0.6657872469176501,KNOWN_PARENT_PATH,INCOMING_PATH,True
M3_ANGLED_Y,KNOWN_PARENT_PATH,O44,4.216666666666657,252,35,-0.9574395848919072,0.2886337493814825,-0.9574395848919072,0.2886337493814825,-0.2886337493814825,-0.9574395848919072,19.649555336774505,89.01487022715199,232.90791965003845,89.4018331010227,34.361577522718946,137.81675997433504,4.937533150830063,40.21298047996893,101.94249437199252,1.2136011234761015,35.53545212529026,13.223821738500192,0.9574003868497122,-0.21568787416080987,0.28876374298034946,1.0852124040039774,0.9999999907825888,0.00013577489522494804,-0.9999999907825888,-0.00013577489522494804,0.9999999968521731,C1,-0.0007570963686218679,0.7109809121635716,0.7165498272479554,KNOWN_PARENT_PATH,INCOMING_PATH,True
M4_ASYMMETRIC_CROSS,KNOWN_PARENT_PATH,O37,3.4166666666666594,204,2,-0.9931981661799267,0.11643626023207132,-0.9931981661799267,0.11643626023207132,0.11643626023207132,0.9931981661799267,-2.821335388910296,-1.827016770218183,178.4291050882756,-1.445356739110757,-7.750390742199216,-43.871726280198445,2.1077199643786244,40.21769273976208,84.66529830938792,1.0079202179689037,77.02651282509461,6.686473272517318,0.9931568777555501,0.8395661813612381,0.11678791104753616,0.021724719428298414,0.9999999373184849,0.0003540664147806535,-0.9999999373184849,-0.0003540664147806535,0.9999999835924614,C0,-0.11183932959173346,0.6642990242155451,0.6726507637316311,KNOWN_PARENT_PATH,INCOMING_PATH,True
M4_ASYMMETRIC_CROSS,KNOWN_PARENT_PATH,O41,3.516666666666659,210,3,-0.9925854854483437,0.12154856674299352,-0.9925854854483437,0.12154856674299352,0.12154856674299352,0.9925854854483437,-6.5474303073678115,-1.7873002833127245,178.56357030065885,-1.4009355225790425,-11.69060265245863,-43.7872872489405,-1.4042579622769935,40.21268668231505,84.62744535631948,1.007469587575232,143.21300611960137,7.0169002469125985,0.9925273873430037,0.9648280690151261,0.1220220692091034,0.021196782756633545,0.9999998862100123,0.00047705341661922763,-0.9999998862100123,-0.00047705341661922763,0.9999999281534141,C0,-0.11695441634374935,0.6636513199840709,0.6707799351175021,KNOWN_PARENT_PATH,INCOMING_PATH,True
M4_ASYMMETRIC_CROSS,KNOWN_PARENT_PATH,O45,3.6166666666666587,216,3,-0.9958270552299167,0.09126048472429175,-0.9958270552299167,0.09126048472429175,0.09126048472429175,0.9958270552299167,-10.448878512174423,14.57121243022456,178.61953718926904,14.963711810782895,-15.797584657460416,-43.793438010126756,-5.1001723668884305,72.93586287057587,117.21844698601019,1.395457702214407,31.767449089050082,5.236125994099126,0.9957638585495033,0.5821857116756798,0.09194747417197068,0.17362004818646307,0.9999997620258393,0.000689890038343614,-0.9999997620258393,-0.000689890038343614,0.999999854974102,C1,0.10772642652895424,0.5364918015851352,0.8656250081836182,KNOWN_PARENT_PATH,INCOMING_PATH,True
M4_ASYMMETRIC_CROSS,KNOWN_PARENT_PATH,O46,3.6166666666666587,216,4,-0.9925084276351911,0.1221761886503287,-0.9925084276351911,0.1221761886503287,0.1221761886503287,0.9925084276351911,-10.586495871933002,-1.4607249510074745,178.48191982951045,-1.0682255704491395,-15.797584657460416,-43.793438010126756,-5.375407086405587,40.87198810811181,85.30449088474482,1.0155296533898193,139.31320383702626,7.01771330376107,0.9924239033083584,0.9907086212512621,0.12286088125275035,0.017235411840221888,0.9999997620258393,0.000689890038343614,-0.9999997620258393,-0.000689890038343614,0.999999854974102,C1,0.13858298255248508,0.666766050741562,0.6750449925794046,KNOWN_PARENT_PATH,INCOMING_PATH,True
M4_ASYMMETRIC_CROSS,KNOWN_PARENT_PATH,O50,3.7166666666666583,222,3,-0.991864499068854,0.1272981362270923,-0.991864499068854,0.1272981362270923,0.1272981362270923,0.991864499068854,-14.656114944526964,-1.910087503766448,178.49112917106183,-1.5110076583114873,-20.0605959258436,-44.0199956307632,-9.251633963210327,40.1998206232303,84.91060657283094,1.0108405544384635,135.2199411523759,7.266623192443774,0.9917447426432364,0.9917348127435446,0.12822778731421922,0.022506687129028296,0.9999995607036273,0.0009373326796243086,-0.9999995607036273,-0.0009373326796243086,0.999999833176066,C0,-0.12270726039408869,0.6632247993207347,0.6684009690016615,KNOWN_PARENT_PATH,INCOMING_PATH,True
M4_ASYMMETRIC_CROSS,KNOWN_PARENT_PATH,O54,3.816666666666658,228,3,-0.9923684379760943,0.12330808290167626,-0.9923684379760943,0.12330808290167626,0.12330808290167626,0.9923684379760943,-18.850110610847317,-1.5715930998729029,178.4582543636946,-1.1663149067894043,-24.098012142109006,-43.80606567198457,-13.602209079585624,40.662879472238764,85.11853250441462,1.013315863147793,131.08448851041172,7.083060185022063,0.9922233866953791,0.9966390677817891,0.12446987946789381,0.018402985701491213,0.9999993145944323,0.0011708162390107173,-0.9999993145944323,-0.0011708162390107173,0.9999998921426914,C0,-0.11871491797899301,0.6665853728106484,0.6716390394199905,KNOWN_PARENT_PATH,INCOMING_PATH,True
M4_ASYMMETRIC_CROSS,KNOWN_PARENT_PATH,O58,3.9166666666666576,234,2,-0.9923647242408793,0.12333796691336994,-0.9923647242408794,0.12333796691336996,0.12333796691336994,0.9923647242408793,-22.98319498167095,-2.068519369608808,178.4882696033102,-1.6579429878771712,-28.235188496693265,-44.32552446448548,-17.73120146664864,40.18848572526787,85.16426282121556,1.0138602716811376,126.92390795762958,7.027032095294118,0.9921992251573348,0.9960930670262117,0.12466233431628222,0.024255898105682665,0.9999991093305177,0.0013346678130750755,-0.9999991093305177,-0.0013346678130750755,0.9999999650801262,C0,-0.11874481885480494,0.6619267474620482,0.67078117271685,KNOWN_PARENT_PATH,INCOMING_PATH,True
M4_ASYMMETRIC_CROSS,KNOWN_PARENT_PATH,O62,4.016666666666658,240,2,-0.9923460487263015,0.12348813537055682,-0.9923460487263015,0.12348813537055682,0.12348813537055682,0.9923460487263015,-26.821914178897835,-1.8012276991989644,178.72448083810906,-1.386469572834105,-32.07191590791925,-43.990045725864405,-21.57191244987642,40.38759032746648,85.02843958680693,1.0122433284143681,123.1176730649201,7.093455883343992,0.9921757164170367,0.9978436723968819,0.12484930016760273,0.02102566906706475,0.9999990591086498,0.0013717805272783253,-0.9999990591086498,-0.0013717805272783253,0.999999977352036,C0,-0.11889507211892966,0.6625316170792699,0.6710855075368382,KNOWN_PARENT_PATH,INCOMING_PATH,True
M4_ASYMMETRIC_CROSS,KNOWN_PARENT_PATH,O66,4.116666666666657,246,2,-0.9922594912008313,0.12418173022577632,-0.9922594912008313,0.12418173022577632,0.12418173022577632,0.9922594912008313,-31.07660935789953,-1.8236585825173641,178.39642675269982,-1.4057565192065558,-36.37002756922404,-44.12009342468408,-25.78319114657502,40.47277625964935,85.25276949677674,1.0149139225806754,118.86992804683744,7.133504200733597,0.992098461527039,0.9983573505341065,0.12546171780938736,0.021253072687090018,0.9999991678506148,0.001290076771966517,-0.9999991678506148,-0.001290076771966517,0.9999999541208379,C0,-0.11958906006425996,0.6649100587209752,0.6708617455011042,KNOWN_PARENT_PATH,INCOMING_PATH,True
M4_ASYMMETRIC_CROSS,KNOWN_PARENT_PATH,O70,4.216666666666657,252,3,-0.9923133538806694,0.12375058670607397,-0.9923133538806694,0.12375058670607397,0.12375058670607397,0.9923133538806694,-34.482646017966374,-1.8886071080399347,178.77028910037524,-1.4683457316074424,-39.73261793693803,-43.986324632949206,-29.23267409899472,40.209110416869336,84.8476287460538,1.0100908184054025,115.4656734073341,7.108609469642275,0.9921723640686079,0.9985648832602639,0.12487593834886751,0.022000734745122926,0.9999993568527765,0.0011341490349177671,-0.9999993568527765,-0.0011341490349177671,0.9999999399441004,C0,-0.11915767192900728,0.6614369701198844,0.670384539376508,KNOWN_PARENT_PATH,INCOMING_PATH,True
M4_ASYMMETRIC_CROSS,KNOWN_PARENT_PATH,O74,4.316666666666657,258,2,-0.9925765149962607,0.1216217985308472,-0.9925765149962607,0.1216217985308472,0.1216217985308472,0.9925765149962607,-38.48233509310285,-1.700884665745125,178.4712299799802,-1.2784889863906255,-43.64357461997966,-43.82265234663494,-33.32109556622604,40.42088301514469,84.87359320817399,1.0103999191449284,111.48009445930556,6.985710428174173,0.9924590453733951,0.9990666678778806,0.12257668316824792,0.019738476824035827,0.9999995371981084,0.0009620829324203134,-0.9999995371981084,-0.0009620829324203134,0.9999999498749902,C0,-0.11702768885532401,0.6654730819517815,0.671509275318915,KNOWN_PARENT_PATH,INCOMING_PATH,True
M4_ASYMMETRIC_CROSS,KNOWN_PARENT_PATH,O78,4.416666666666656,264,2,-0.9929116813680537,0.11885450350266322,-0.9929116813680537,0.11885450350266322,0.11885450350266322,0.9929116813680537,-42.10951937714957,-1.7318302553093226,178.56159007359537,-1.307198624158195,-47.158089638399815,-43.90763545305191,-37.06094911589932,40.443974942433265,84.9537899274826,1.0113546419938406,107.85488334091671,6.825997342591094,0.9928148868575171,0.9991883870222704,0.1196603544792319,0.02008085440434878,0.999999670617513,0.0008116433115685185,-0.999999670617513,-0.0008116433115685185,0.9999999723142486,C0,-0.11425887258447545,0.6645117484905538,0.6729436686774634,KNOWN_PARENT_PATH,INCOMING_PATH,True
M4_ASYMMETRIC_CROSS,KNOWN_PARENT_PATH,O82,4.516666666666656,270,2,-0.9914264073091675,0.13066628826915028,-0.9914264073091675,0.13066628826915028,0.13066628826915028,0.9914264073091675,-46.043267488235514,-1.8660392781658466,178.4330375935341,-1.4393576257549465,-51.60584539876717,-44.07192655228827,-40.48068957770385,40.339847995956575,85.14174519251208,1.0135922046727628,103.91893465227976,7.508096251585499,0.9913364139373467,0.9992073344647209,0.13134730450923465,0.021653327371317355,0.9999997640590369,0.0006869365840907124,-0.9999997640590369,-0.0006869365840907124,0.9999999886693925,C0,-0.12607740349838722,0.664322298218174,0.6678861805117061,KNOWN_PARENT_PATH,INCOMING_PATH,True
M4_ASYMMETRIC_CROSS,KNOWN_PARENT_PATH,O86,4.616666666666656,276,2,-0.9916237661720105,0.12916000295307353,-0.9916237661720105,0.12916000295307353,0.12916000295307353,0.9916237661720105,-50.00747220765801,-1.9853203450437178,178.3737383898915,-1.557298939395226,-55.49847960485813,-44.14243795728346,-44.51646481045789,40.17179726719603,85.02643653848656,1.0122194826010305,99.95313422928331,7.402614525249405,0.991549781540999,0.9992353766513522,0.1297267540871863,0.023056999134207445,0.9999998366597131,0.0005715597492511013,-0.9999998366597131,-0.0005715597492511013,0.9999999919464881,C0,-0.12457022109711767,0.6637257246800521,0.6680334631450758,KNOWN_PARENT_PATH,INCOMING_PATH,True
M4_ASYMMETRIC_CROSS,KNOWN_PARENT_PATH,O90,4.716666666666655,282,3,-0.991284710197576,0.1317369474692179,-0.9912847101975761,0.13173694746921794,0.1317369474692179,0.991284710197576,-53.98189446928095,-1.847325613829394,178.36379397558522,-1.418682637517219,-59.59631438720142,-44.094308925506155,-48.36747455136049,40.39965769784737,85.23683030126911,1.0147241702532037,95.9865059229076,7.569975409831471,0.9912235373852225,0.9994307147651479,0.13219644069915754,0.0214067397006199,0.9999998925619292,0.00046354733284600686,-0.9999998925619292,-0.00046354733284600686,0.9999999850004624,C0,-0.1271487068914987,0.6650485022562316,0.668056142906055,KNOWN_PARENT_PATH,INCOMING_PATH,True
M4_ASYMMETRIC_CROSS,KNOWN_PARENT_PATH,O94,4.816666666666655,288,3,-0.9930556653113144,0.11764542317108168,-0.9930556653113144,0.11764542317108168,0.11764542317108168,0.9930556653113144,-57.81461340688353,-1.6975321755726576,178.48788443466253,-1.2689120245168248,-62.816370253580246,-43.91781443762642,-52.812856560186816,40.5227500864811,85.03104858440753,1.0122743879096134,92.16047079311156,6.756232659250543,0.9930136284932206,0.9995796329372004,0.11799971875698702,0.01962457528319802,0.9999999363537718,0.00035678067803148654,-0.9999999363537718,-0.00035678067803148654,0.999999972793991,C0,-0.11304913896016686,0.6654298835605233,0.673631042312388,KNOWN_PARENT_PATH,INCOMING_PATH,True
M4_ASYMMETRIC_CROSS,KNOWN_PARENT_PATH,O98,4.9166666666666545,294,3,-0.9927092401869466,0.12053366520377222,-0.9927092401869466,0.12053366520377222,0.12053366520377222,0.9927092401869466,-61.93242265552975,-1.9535822922681092,178.25478771152274,-1.5256560686795617,-67.08664471484471,-44.403497472456515,-56.77820059621478,40.496332887920296,85.52336064121707,1.0181352457287747,88.03677332678811,6.922902904589193,0.9926816880876536,0.9995100401372502,0.12076036657548923,0.02267951346767299,0.999999973923685,0.00022836950197838165,-0.999999973923685,-0.00022836950197838165,0.9999999614681259,C0,-0.1159389530367612,0.6649404307438297,0.6732819876510571,KNOWN_PARENT_PATH,INCOMING_PATH,True
M4_ASYMMETRIC_CROSS,KNOWN_PARENT_PATH,O102,5.016666666666654,300,2,-0.9923245256168839,0.12366097144704329,-0.9923245256168839,0.12366097144704329,0.12366097144704329,0.9923245256168839,-65.19044115916897,-1.8087914578232116,178.77196485117446,-1.3821772383614341,-70.44045361952092,-43.93781618760626,-59.940428698817016,40.320233271959836,84.90977224128027,1.0108306219200032,84.78447006222393,7.103435149256683,0.9923157301151303,0.9996172640450938,0.12373153100999054,0.020974932353018793,0.9999999974719936,7.110564512059554e-05,-0.9999999974719936,-7.110564512059554e-05,0.9999999592227466,C0,-0.11906800593595845,0.6622021154633156,0.6708615819560072,KNOWN_PARENT_PATH,INCOMING_PATH,True
M4_ASYMMETRIC_CROSS,KNOWN_PARENT_PATH,O106,5.116666666666654,306,3,-0.9916288680937118,0.12912082699233357,-0.9916288680937118,0.12912082699233357,0.12912082699233357,0.9916288680937118,-69.47246433972023,-1.7177234426809562,178.15852381559858,-1.2928320730853933,-75.00054708080043,-44.172581879974146,-63.94438159864002,40.737134994612234,85.62650766492426,1.0193631864871935,80.5063033415315,7.418791236507104,0.9916407341080081,0.9996921947550892,0.12902966502990934,0.0199071644737706,0.9999999957743471,-9.193098319099038e-05,-0.9999999957743471,9.193098319099038e-05,0.999999965076197,C0,-0.1245310219483758,0.667782610322351,0.6711901231820082,KNOWN_PARENT_PATH,INCOMING_PATH,True
M4_ASYMMETRIC_CROSS,KNOWN_PARENT_PATH,O111,5.2166666666666535,312,3,-0.991385615656546,0.13097542162287962,-0.9913856156565461,0.13097542162287965,0.13097542162287962,0.991385615656546,-72.7868224222997,-2.0235047326938336,178.45003504795324,-1.6003133013145021,-78.37746133553472,-44.340444294602854,-67.19618350906467,40.29343482921519,85.36928293817253,1.0163009873591968,77.18505586255921,7.525961824445403,0.9914149720606994,0.9996075328487621,0.13075302357453314,0.023569578227519195,0.9999999748386548,-0.00022432719349210336,-0.9999999748386548,0.00022432719349210336,0.9999999755337491,C0,-0.12638672229212933,0.6627430843798758,0.6689254403181085,KNOWN_PARENT_PATH,INCOMING_PATH,True
M4_ASYMMETRIC_CROSS,KNOWN_PARENT_PATH,O112,5.2166666666666535,312,5,-0.9961946980917454,-0.08715574274765814,-0.9961946980917455,-0.08715574274765815,-0.08715574274765814,0.9961946980917454,1.394359011392091,-15.937596429038205,252.63121648164503,-15.514404997658874,6.3037552399228725,-72.05225209612433,-3.5150372171386906,40.177059238047924,112.65800907107055,1.3411667746556017,56.32900453553528,5.0,0.9961751216229794,-0.08737921411549705,0.08737921411549704,0.19045804116938767,0.9999999748386548,-0.00022432719349210336,-0.9999999748386548,0.00022432719349210336,0.9999999755337491,C2,-0.9993481220438146,0.16749369585718926,0.17146793406728675,KNOWN_PARENT_PATH,INCOMING_PATH,True
M4_ASYMMETRIC_CROSS,KNOWN_PARENT_PATH,O115,5.316666666666653,318,1,-0.9928500474684572,0.1193682673154068,-0.9928500474684572,0.1193682673154068,0.1193682673154068,0.9928500474684572,-76.75483346572051,-1.9580235720210553,178.0892806429951,-1.5361505547974548,-81.8630926337178,-44.44616109374819,-71.64657429772322,40.53011394970608,85.58822680235,1.018907461932738,73.22019590635126,6.855644905088127,0.9928872327049497,0.9996667728977539,0.11905857017244385,0.022803355727430617,0.9999999513524688,-0.0003119215603414333,-0.9999999513524688,0.0003119215603414333,0.9999999882706538,C0,-0.11477291608694651,0.6661442230363013,0.6741326874368037,KNOWN_PARENT_PATH,INCOMING_PATH,True
M4_ASYMMETRIC_CROSS,KNOWN_PARENT_PATH,O118,5.416666666666653,324,2,-0.9925421407147348,0.1219020053379409,-0.9925421407147349,0.12190200533794092,0.1219020053379409,0.9925421407147348,-80.25818304247166,-1.885307511870284,178.2465635874633,-1.4644107030378706,-85.49242367815435,-44.50318234628531,-75.02394240678896,40.73256732254474,85.87620230154795,1.0223357416850947,69.71967657206905,7.001885448528242,0.9925853818857867,0.9997158061317776,0.1215494124487924,0.021950347817984668,0.9999999369042278,-0.0003552344864606416,-0.9999999369042278,0.0003552344864606416,0.9999999952260595,C0,-0.11730805171791374,0.6655541257051683,0.6743202997759179,KNOWN_PARENT_PATH,INCOMING_PATH,True
M4_ASYMMETRIC_CROSS,KNOWN_PARENT_PATH,O121,5.516666666666652,330,2,-0.9921787983366566,0.12482480575281499,-0.9921787983366567,0.124824805752815,0.12482480575281499,0.9921787983366566,-83.91116593712741,-1.8138276238019735,178.32303439135376,-1.3934841362783115,-89.28309968163894,-44.51302298989132,-78.53923219261586,40.88536774228737,86.07157386888862,1.0246615936772454,66.0692324616473,7.170638650831606,0.9922219021134996,0.9997589224926385,0.12448171338099659,0.021106488641604214,0.9999999402148444,-0.00034578939776089664,-0.9999999402148444,0.00034578939776089664,0.9999999927941062,C0,-0.12023250208552613,0.6655931906852293,0.6740879122207437,KNOWN_PARENT_PATH,INCOMING_PATH,True
M4_ASYMMETRIC_CROSS,KNOWN_PARENT_PATH,O124,5.616666666666652,336,1,-0.9916223542612889,0.12917084241150897,-0.9916223542612889,0.12917084241150897,0.12917084241150897,0.9916223542612889,-87.7230276254192,-2.14384752464683,178.2867026402568,-1.7238873179970877,-93.23621897518476,-44.46766986476025,-82.20983627565364,40.17997481546659,85.36278384252974,1.016223617172973,62.25077973007967,7.379000976246232,0.991660807101502,0.9996941799286266,0.12887530274958683,0.02503961951742416,0.9999999555888437,-0.00029803072109625694,-0.9999999555888437,0.00029803072109625694,0.99999998913578,C0,-0.12458106697264591,0.6629142373385593,0.6699965396869795,KNOWN_PARENT_PATH,INCOMING_PATH,True
M4_ASYMMETRIC_CROSS,KNOWN_PARENT_PATH,O126,5.716666666666652,342,2,-0.9910966728463305,0.13314422658505992,-0.9910966728463305,0.13314422658505992,0.13314422658505992,0.9910966728463305,-91.66706480952416,-2.0876208874717577,178.11784518394592,-1.66803988800409,-97.34535603526763,-44.35558612809412,-85.9887735837807,40.1803443531506,85.29534282308302,1.0154207478938455,58.30916658812991,7.607159676693286,0.9911276123449646,0.999735452132133,0.13291371655088705,0.024373655075737136,0.9999999729539357,-0.00023257714354300152,-0.9999999729539357,0.00023257714354300152,0.9999999914164754,C0,-0.12855684102032902,0.6647402133735091,0.6696694217272844,KNOWN_PARENT_PATH,INCOMING_PATH,True
M4_ASYMMETRIC_CROSS,KNOWN_PARENT_PATH,O128,5.916666666666651,354,2,-0.9934761270749279,0.11404027767504626,-0.9934761270749279,0.11404027767504626,0.11404027767504626,0.9934761270749279,-98.75409772351023,-1.5574063092521584,178.40447030199854,-1.138402433240326,-103.61857179061737,-43.934879908682895,-93.88962365640309,40.82006729017858,85.31150864027683,1.0156131980985337,51.23362246393408,6.54827284156309,0.9934902506843182,0.9998737064559265,0.11391717076547725,0.018070339512734054,0.9999999923226063,-0.00012391443607142081,-0.9999999923226063,0.00012391443607142081,0.9999999983407273,C0,-0.1094420865157538,0.6672550308973401,0.6761231276730956,KNOWN_PARENT_PATH,INCOMING_PATH,True
M4_ASYMMETRIC_CROSS,KNOWN_PARENT_PATH,O130,6.016666666666651,360,3,-0.9951712767742892,0.09815360351729854,-0.9951712767742893,0.09815360351729856,0.09815360351729854,0.9951712767742892,-103.63548232233745,-2.238307471761388,177.09689254440428,-1.8193915341071851,-107.819300608693,-44.65769541700656,-99.4516640359819,40.18108047348378,85.25042660544179,1.0148860310171641,46.34034913949564,5.632856649454197,0.9951796943370516,0.999764990928371,0.09806822104643602,0.026169915451499076,0.9999999963194892,-8.579639666036202e-05,-0.9999999963194892,8.579639666036202e-05,0.9999999994480219,C0,-0.09354773870609429,0.6714936109091995,0.6812125693724337,KNOWN_PARENT_PATH,INCOMING_PATH,True
M4_ASYMMETRIC_CROSS,KNOWN_PARENT_PATH,O132,6.21666666666665,372,3,-0.9930799187212569,0.11744051699725214,-0.9930799187212569,0.11744051699725214,0.11744051699725214,0.9930799187212569,-109.23505364338948,-1.3997067966583536,178.56797839696284,-0.9805984517534031,-114.25514857452995,-43.849753796252415,-104.214958712249,41.05034020293571,85.49170353631766,1.0177583754323531,40.75597900301001,6.74441044629657,0.9930842966688014,0.9999174360670978,0.11740349104618579,0.016192799863671354,0.9999999993049562,-3.728387689856822e-05,-0.9999999993049562,3.728387689856822e-05,0.9999999986423649,C1,0.13385741604553553,0.6653064449654921,0.6751020941082899,KNOWN_PARENT_PATH,INCOMING_PATH,True
M4_ASYMMETRIC_CROSS,KNOWN_PARENT_PATH,O134,6.416666666666649,384,2,-0.9923640997268486,0.12334299158574502,-0.9923640997268487,0.12334299158574503,0.12334299158574502,0.9923640997268486,-116.20007744910586,-1.8992403590742697,178.78501924157868,-1.480051650009198,-121.44968808671798,-44.13532582558332,-110.95046681149375,40.33684510743478,85.12215522132385,1.0133589907300458,33.78440245337231,7.085075691119016,0.9923640969689967,0.9998664546292925,0.12334301377421905,0.02214020333856365,0.9999999999999997,2.235920673914209e-08,-0.9999999999999997,-2.235920673914209e-08,0.9999999995261883,C0,-0.11874984636311381,0.661216975413005,0.671232160712683,KNOWN_PARENT_PATH,INCOMING_PATH,True
M4_ASYMMETRIC_CROSS,KNOWN_PARENT_PATH,O136,6.6166666666666485,396,3,-0.9924360158764006,0.12276300090571596,-0.9924360158764006,0.12276300090571596,0.12276300090571596,0.9924360158764006,-123.48548584500395,-1.8290411226159193,178.78666362672527,-1.4101134934547663,-128.73553984356175,-44.271329393707546,-118.23543184644613,40.61324714847571,85.53153572043973,1.0182325681004731,26.500969211070768,7.0515901860392205,0.9924359683945151,0.9998903292081049,0.1227633847563723,0.021307618961232767,0.9999999999999252,3.8677623482761977e-07,-0.9999999999999252,-3.8677623482761977e-07,0.9999999995661473,C0,-0.11816952912475105,0.6618357784807595,0.6728106109136018,KNOWN_PARENT_PATH,INCOMING_PATH,True
M4_ASYMMETRIC_CROSS,KNOWN_PARENT_PATH,O138,6.716666666666648,402,2,-0.9928808026792654,0.11911218103526461,-0.9928808026792654,0.11911218103526461,0.11911218103526461,0.9928808026792654,-127.09497729073831,-1.8077199697707478,178.7919558709262,-1.3889494532515152,-132.3449772907383,-45.57003016139486,-121.84497729073833,41.954590221853366,88.15219324118776,1.0494308719189018,22.89216741670718,6.840866806675692,0.9928821787818223,0.9998986987161782,0.11910070972694312,0.02105570655473386,0.9999999999332577,-1.1553552390893605e-05,-0.9999999999332577,1.1553552390893605e-05,0.9999999995642053,C0,-0.11451669023909913,0.6619859640454637,0.6847500013252358,KNOWN_PARENT_PATH,INCOMING_PATH,True
M4_ASYMMETRIC_CROSS,KNOWN_PARENT_PATH,O139,6.716666666666648,402,3,-0.9949162339666754,0.10070594515502757,-0.9949162339666755,0.10070594515502758,0.10070594515502757,0.9949162339666754,-128.00508216861985,-2.694387575830053,177.88185099304465,-2.2756170593108203,-132.3449772907383,-45.57003016139486,-123.66518704650137,40.181255009734755,86.18945218055597,1.0260649069113807,21.96656379912352,5.779823376039616,0.9949173974116858,0.9997782987679603,0.10069445033147253,0.031605315492760785,0.9999999999332577,-1.1553552390893605e-05,-0.9999999999332577,1.1553552390893605e-05,0.9999999995642053,C0,-0.09610123314330382,0.6612003772209307,0.683894871407879,KNOWN_PARENT_PATH,INCOMING_PATH,True
M5_UNEQUAL_WIDTH,KNOWN_PARENT_PATH,O39,3.1166666666666605,186,6,-0.985849859426252,0.16763070920699225,-0.985849859426252,0.16763070920699225,0.16763070920699225,0.985849859426252,-3.6228932364574895,-1.7818439621553352,165.61460904225942,-1.4004262721415326,-10.764400460930702,-43.78162984055814,3.518613988015723,40.21794191624747,85.20523785000277,1.0143480696428901,95.83704054757825,9.811843128234614,0.9857221366317557,0.8976760843718917,0.1683801334900482,0.021175154334867767,0.9999997110250659,0.0007602300867246703,-0.9999997110250659,-0.0007602300867246703,0.9999999842232672,C0,-0.3061809691648233,0.6500133206318501,0.6551614892167987,KNOWN_PARENT_PATH,INCOMING_PATH,True
M5_UNEQUAL_WIDTH,KNOWN_PARENT_PATH,O47,3.21666666666666,192,6,-0.9846255912522963,0.17467811840944955,-0.9846255912522964,0.17467811840944958,0.17467811840944955,0.9846255912522963,-7.451011323365604,-1.785634932000118,165.96635099639826,-1.4004623622068562,-14.902022646731208,-43.78549442498819,0.0,40.21422456098795,85.31133024801952,1.0156110743811848,142.33801188650742,10.152127817008875,0.9844929822494017,0.972640752404024,0.17542396615536587,0.02117904654348713,0.9999997130629962,0.0007575446689168253,-0.9999997130629962,-0.0007575446689168253,0.9999999856944807,C0,-0.31298251804804217,0.6467959017214907,0.6523815541707351,KNOWN_PARENT_PATH,INCOMING_PATH,True
M5_UNEQUAL_WIDTH,KNOWN_PARENT_PATH,O54,3.3166666666666598,198,5,-0.9855729292816753,0.16925129561435479,-0.9855729292816754,0.1692512956143548,0.16925129561435479,0.9855729292816753,-11.387883699119811,-1.7989776359584368,166.0058853950619,-1.4100012484392948,-18.601935142916787,-43.807363968503964,-4.173832255322836,40.20940869658709,85.24663185130888,1.0148408553727246,138.4708970132383,8.786681154591207,0.9854449128558532,0.9878685424546382,0.16999506971238834,0.02129299385266625,0.999999715205943,0.0007547105624530683,-0.999999715205943,-0.0007547105624530683,0.9999999848313813,C0,-0.30774567269744235,0.6463620983259949,0.6549287775907727,KNOWN_PARENT_PATH,INCOMING_PATH,True
M5_UNEQUAL_WIDTH,KNOWN_PARENT_PATH,O61,3.4166666666666594,204,5,-0.9851600413063584,0.17163826208993824,-0.9851600413063584,0.17163826208993824,0.17163826208993824,0.9851600413063584,-15.125422986668958,-1.8679433835309425,166.1289629847941,-1.473680293272059,-22.455462705202564,-43.94051009423255,-7.795383268135355,40.204623327170665,85.41265367383728,1.01681730564092,134.75967083656883,9.84740922634623,0.985011319567049,0.9925659552267319,0.172489710779458,0.022052289042406713,0.9999996264584867,0.0008643395670075711,-0.9999996264584867,-0.0008643395670075711,0.9999999611517669,C0,-0.31004961824230004,0.6447520997033441,0.6539540915000092,KNOWN_PARENT_PATH,INCOMING_PATH,True
M5_UNEQUAL_WIDTH,KNOWN_PARENT_PATH,O68,3.516666666666659,210,5,-0.9857426806044335,0.16825982180777987,-0.9857426806044335,0.16825982180777987,0.16825982180777987,0.9857426806044335,-19.15042620058521,-1.7140975468472561,165.9737319949593,-1.312327293398778,-26.337436494603477,-43.8188776223344,-11.963415906566937,40.390682528639886,85.42752769854606,1.0169943773636436,130.7730149512679,9.686656809686667,0.9855553319852047,0.996116485882085,0.1693537351094828,0.02012989255149255,0.9999993841270917,0.0011098402756568278,-0.9999993841270917,-0.0011098402756568278,0.999999910147947,C0,-0.3067884343266465,0.6474023598270071,0.6559071876215506,KNOWN_PARENT_PATH,INCOMING_PATH,True
M5_UNEQUAL_WIDTH,KNOWN_PARENT_PATH,O75,3.6166666666666587,216,5,-0.9853426928735803,0.1705865692270088,-0.9853426928735803,0.1705865692270088,0.1705865692270088,0.9853426928735803,-23.226652978596317,-1.6807225097654275,165.86791409210238,-1.2700173200835336,-30.520612212794468,-43.81211342818367,-15.932693744398165,40.45066840865282,85.51621932781454,1.0180502300930303,126.7126163611502,9.821925171968275,0.985106310756161,0.9974907851130208,0.17194637683994968,0.019625160888529575,0.9999990475233751,0.0013802001095623644,-0.9999990475233751,-0.0013802001095623644,0.9999998496362673,C0,-0.3090346086556388,0.6486913220150894,0.6548968149084081,KNOWN_PARENT_PATH,INCOMING_PATH,True
M5_UNEQUAL_WIDTH,KNOWN_PARENT_PATH,O83,3.7166666666666583,222,6,-0.9851288025325935,0.17181746832233966,-0.9851288025325936,0.17181746832233968,0.17181746832233966,0.9851288025325935,-27.084441772015833,-1.8144194442811568,166.09950078659904,-1.3951058007865567,-34.434439128313834,-43.9562002825578,-19.73444441571783,40.32736139399549,85.55588006347497,1.0185223817080353,122.85485118807594,9.893507343199872,0.9848520339960241,0.9978695083659218,0.17339686021924888,0.021116588710048324,0.9999987144602064,0.0016034581173965026,-0.9999987144602064,-0.0016034581173965026,0.9999998532993596,C0,-0.3102225573138272,0.6456219732214039,0.6542610653099499,KNOWN_PARENT_PATH,INCOMING_PATH,True
M5_UNEQUAL_WIDTH,KNOWN_PARENT_PATH,O91,3.816666666666658,228,5,-0.9845325595311949,0.1752017101028244,-0.9845325595311949,0.1752017101028244,0.1752017101028244,0.9845325595311949,-31.531106560249988,-1.9714099878090678,165.8135761912288,-1.5450066397407087,-39.03080153821034,-44.11537015818142,-24.031411582289635,40.172550182563285,85.61212072141129,1.0191919133501344,118.40732461069697,10.063885766016199,0.9842249278340219,0.9981586766710125,0.17692170988918782,0.02289830724121357,0.9999984734817368,0.0017472933914880334,-0.9999984734817368,-0.0017472933914880334,0.9999999106087187,C0,-0.313487548337076,0.647091398582705,0.652303058052797,KNOWN_PARENT_PATH,INCOMING_PATH,True
M5_UNEQUAL_WIDTH,KNOWN_PARENT_PATH,O99,3.9166666666666576,234,5,-0.9852103155528489,0.17134945032959992,-0.9852103155528489,0.17134945032959992,0.17134945032959992,0.9852103155528489,-35.4081770819776,-1.945847434974084,166.08178926099896,-1.5143195612727762,-42.73265617521069,-44.05950665491186,-28.083697988744497,40.16781178496369,85.49171391147235,1.0177584989460993,114.5383964475818,9.857774579049305,0.9849031951832691,0.998589660753482,0.17310602565418565,0.02253562530607438,0.9999984100601038,0.0017832210363399874,-0.9999984100601038,-0.0017832210363399874,0.9999999297350323,C0,-0.3097708966871595,0.6448721350375918,0.6540676337961383,KNOWN_PARENT_PATH,INCOMING_PATH,True
M5_UNEQUAL_WIDTH,KNOWN_PARENT_PATH,O107,4.016666666666658,240,6,-0.9853697185233347,0.17043038994628945,-0.9853697185233347,0.17043038994628945,0.17043038994628945,0.9853697185233347,-39.58944734126263,-1.6203886368594773,165.94226576424748,-1.1857234568225432,-46.890917275196834,-43.83496888792096,-32.28797740732843,40.594191614202,85.68272285518137,1.0200324149426354,110.37740543425923,9.812843772204303,0.985084976650239,0.9992300433223624,0.17206855836554885,0.01862239478097781,0.9999986176631479,0.0016627302226451931,-0.9999986176631479,-0.0016627302226451931,0.999999854003265,C0,-0.3088838629131729,0.6486586706713802,0.6555585658840825,KNOWN_PARENT_PATH,INCOMING_PATH,True
M5_UNEQUAL_WIDTH,KNOWN_PARENT_PATH,O115,4.116666666666657,246,5,-0.9853280208449635,0.17067129617409987,-0.9853280208449635,0.17067129617409987,0.17067129617409987,0.9853280208449635,-43.33272271901612,-1.8814342426780257,166.08897266373515,-1.4452341857053121,-50.615458874999305,-43.926489057231805,-36.04998656303293,40.163620571875754,85.3422493323558,1.0159791587185214,106.62645215050242,9.806662209314027,0.9850888596602685,0.9991183228660375,0.1720463268228417,0.021713251353792325,0.9999990260463214,0.0013956741771123811,-0.9999990260463214,-0.0013956741771123811,0.9999997758392482,C0,-0.30911638640142364,0.6453344976331661,0.6543528214226211,KNOWN_PARENT_PATH,INCOMING_PATH,True
M5_UNEQUAL_WIDTH,KNOWN_PARENT_PATH,O123,4.216666666666657,252,5,-0.9857157648443733,0.16841743062186937,-0.9857157648443733,0.16841743062186937,0.16841743062186937,0.9857157648443733,-47.13244110928797,-1.6615909687976398,166.04526728409843,-1.2247931949940387,-54.355535893101305,-43.93701562692342,-39.90934632547464,40.61383368932814,85.7760952312664,1.0211439908484095,102.83827940513527,9.695817864907497,0.9855383217834104,0.9994156232531514,0.1694526963383553,0.019088524504613735,0.9999994483694281,0.0010503622419521378,-0.9999994483694281,-0.0010503622419521378,0.9999997830861926,C0,-0.30694061069525846,0.6474210800255225,0.6566439794914972,KNOWN_PARENT_PATH,INCOMING_PATH,True
M5_UNEQUAL_WIDTH,KNOWN_PARENT_PATH,O130,4.316666666666657,258,4,-0.9849497274356482,0.17284106695008092,-0.9849497274356482,0.17284106695008092,0.17284106695008092,0.9849497274356482,-50.73639854694203,-1.7651109003881658,166.13973542349078,-1.3277505534349987,-58.11934650521701,-43.8374766146934,-43.353450588667044,40.30725481391707,85.43048349044604,1.0170295653624528,99.23290678003309,9.953045960686822,0.9848236615117133,0.9994204247686039,0.1735579319036222,0.02031513687317757,0.9999997351060106,0.0007278653093976233,-0.9999997351060106,-0.0007278653093976233,0.9999998568659332,C0,-0.3112102672560343,0.6457713282524744,0.6538901430771537,KNOWN_PARENT_PATH,INCOMING_PATH,True
M5_UNEQUAL_WIDTH,KNOWN_PARENT_PATH,O137,4.416666666666656,264,5,-0.9853015969238684,0.17082377790950204,-0.9853015969238684,0.17082377790950204,0.17082377790950204,0.9853015969238684,-54.840175803734,-1.9085701727434596,165.76571643699623,-1.47037092900259,-62.20137905689473,-44.367561592912686,-47.478972550573275,40.55042124742577,86.18476119946838,1.0260090618984332,95.12662282774335,9.8357186874956,0.9852197399417543,0.999411475245095,0.17129525395965392,0.022009316045273345,0.9999998855048843,0.00047852922405903283,-0.9999998855048843,-0.00047852922405903283,0.9999999365674809,C0,-0.30926355781665726,0.64809739522589,0.6560528742027723,KNOWN_PARENT_PATH,INCOMING_PATH,True
M5_UNEQUAL_WIDTH,KNOWN_PARENT_PATH,O145,4.516666666666656,270,5,-0.9857653040567661,0.1681272295550938,-0.9857653040567663,0.16812722955509382,0.1681272295550938,0.9857653040567661,-58.394849553004896,-1.692074983976255,166.0257119294352,-1.2533738454514682,-65.62501063576337,-44.084029915876656,-51.16468847024642,40.699879947924146,86.00821059017355,1.0239072689306374,91.58064043427493,9.678950042559507,0.985715996086056,0.9995888914574272,0.16841607720189372,0.019428577723193684,0.9999999570678805,0.0002930260008842852,-0.9999999570678805,-0.0002930260008842852,0.9999999811628442,C0,-0.3066604093933631,0.6473800301346666,0.657058271231123,KNOWN_PARENT_PATH,INCOMING_PATH,True
M5_UNEQUAL_WIDTH,KNOWN_PARENT_PATH,O153,4.616666666666656,276,6,-0.9852806842705114,0.17094435703887045,-0.9852806842705114,0.17094435703887045,0.17094435703887045,0.9852806842705114,-62.45049825258033,-1.877900539616089,165.8684605442798,-1.4396751756451405,-69.84483580832523,-44.49701995866099,-55.05616069683544,40.741218879428814,86.51163084679678,1.0299003672237712,87.52127368109822,9.84273049843847,0.9852559050541057,0.9995525416998605,0.17108711686160097,0.02164490195305369,0.9999999895028118,0.00014489436304267046,-0.9999999895028118,-0.00014489436304267046,0.9999999895448531,C0,-0.30937993521568297,0.647391085037813,0.6570234573887077,KNOWN_PARENT_PATH,INCOMING_PATH,True
M5_UNEQUAL_WIDTH,KNOWN_PARENT_PATH,O163,4.716666666666655,282,5,-0.9860136939651091,0.1666643192566423,-0.9860136939651092,0.16666431925664232,0.1666643192566423,0.9860136939651091,-66.31447700364328,-1.6811184068374665,165.94143621441054,-1.2443411779629772,-73.47094960795823,-44.01999465709685,-59.158004399328306,40.65775784342192,85.87888080945372,1.022367628683973,83.6642176546885,9.593931822350996,0.986010407035503,0.9996793253810983,0.16668376410940922,0.019320216389849425,0.9999999998055468,1.9720704990541708e-05,-0.9999999998055468,-1.9720704990541708e-05,0.9999999761817414,C0,-0.3052477177278706,0.6482171983166505,0.657456259272089,KNOWN_PARENT_PATH,INCOMING_PATH,True
M5_UNEQUAL_WIDTH,KNOWN_PARENT_PATH,O170,4.816666666666655,288,4,-0.9851666500710033,0.17160032513919413,-0.9851666500710035,0.17160032513919415,0.17160032513919413,0.9851666500710033,-70.84775048172534,-1.9099951928368384,165.3153525405945,-1.4753410781265286,-78.22287089622459,-44.25095618302659,-63.47263006722609,40.43096579735291,85.95695152112211,1.0232970419181204,79.1265082703168,9.880878386585806,0.9851836760681278,0.9996341204885641,0.17150254927810854,0.022064142351773647,0.9999999950749983,-9.924718416588807e-05,-0.9999999950749983,9.924718416588807e-05,0.9999999567527853,C0,-0.3100130074013552,0.6521923850962723,0.6560531400665556,KNOWN_PARENT_PATH,INCOMING_PATH,True
M5_UNEQUAL_WIDTH,KNOWN_PARENT_PATH,O176,4.9166666666666545,294,5,-0.984383220481041,0.17603884581357118,-0.984383220481041,0.17603884581357118,0.17603884581357118,0.984383220481041,-74.23646292895475,-2.1212072770836485,165.7417851903506,-1.688979193915358,-81.79912335736682,-44.410487200043114,-66.67380250054266,40.16807264587582,85.92035915096939,1.0228614184639213,75.73323792897374,10.10361854051365,0.9844243696021515,0.9995853147606523,0.17580859061321907,0.02461155891936079,0.9999999726446462,-0.00023390319944164846,-0.9999999726446462,0.00023390319944164846,0.9999999493885879,C0,-0.31429492254669655,0.6466569104805541,0.6533714382723554,KNOWN_PARENT_PATH,INCOMING_PATH,True
M5_UNEQUAL_WIDTH,KNOWN_PARENT_PATH,O183,5.016666666666654,300,5,-0.9841430778898731,0.1773764421828538,-0.9841430778898731,0.1773764421828538,0.1773764421828538,0.9841430778898731,-77.78551580570644,-2.0534921198679292,165.88960288602374,-1.6236820659871802,-85.43043607980759,-44.47003445315355,-70.14059553160527,40.363050213417694,86.19995056863488,1.0261898877218438,72.187383419871,10.216982123695686,0.984210364477564,0.9996416238854225,0.17700270747912492,0.02383566754875301,0.9999999278974432,-0.0003797434771732537,-0.9999999278974432,0.0003797434771732537,0.9999999651410548,C0,-0.31558474829685845,0.6457967743338101,0.6535341442458483,KNOWN_PARENT_PATH,INCOMING_PATH,True
M5_UNEQUAL_WIDTH,KNOWN_PARENT_PATH,O190,5.116666666666654,306,5,-0.9857426492325815,0.16826000559827553,-0.9857426492325816,0.16826000559827556,0.16826000559827553,0.9857426492325815,-81.89504315199662,-1.9607187911836093,165.38304206532717,-1.5329821982074376,-89.14654735649096,-44.443285816206455,-74.64353894750226,40.521848233839236,86.19403260698174,1.0261194357974017,68.08148859356947,9.68666749241362,0.9858255419647494,0.9997015868532215,0.16777365946389886,0.022750990308017076,0.9999998782981163,-0.0004933596585231044,-0.9999998782981163,0.0004933596585231044,0.9999999866171375,C0,-0.30678861178441785,0.6511341339669534,0.6579033867184315,KNOWN_PARENT_PATH,INCOMING_PATH,True
M5_UNEQUAL_WIDTH,KNOWN_PARENT_PATH,O197,5.2166666666666535,312,4,-0.9849380026331352,0.17290786844169426,-0.9849380026331352,0.17290786844169426,0.17290786844169426,0.9849380026331352,-85.53501090425132,-1.8555860742370598,165.31299867630372,-1.4292698415938014,-92.99496707281847,-44.3498600168768,-78.07505473568416,40.63868786840268,86.28822084036855,1.0272407242901018,64.44486403453446,9.956931911621723,0.9850305791577194,0.9997529969819462,0.17237969173950876,0.02151565301811427,0.9999998562294792,-0.0005362285156215447,-0.9999998562294792,0.0005362285156215447,0.9999999944619236,C0,-0.31127472117967,0.6525624422788593,0.657153759600062,KNOWN_PARENT_PATH,INCOMING_PATH,True
M5_UNEQUAL_WIDTH,KNOWN_PARENT_PATH,O203,5.416666666666653,324,3,-0.9868042874087808,0.1619175665320109,-0.9868042874087809,0.16191756653201092,0.1619175665320109,0.9868042874087808,-92.32817155401165,-1.683129272843896,165.7809513946977,-1.2586209567843976,-99.28504104476563,-44.08167062605877,-85.37130206325764,40.715412080370974,85.93100353170921,1.0229881372822525,57.65648811824347,9.31821619601854,0.986878314067042,0.9998254280779607,0.1614657648673327,0.01948863387817763,0.9999998951976549,-0.0004578260361270258,-0.9999998951976549,0.0004578260361270258,0.9999999847288175,C0,-0.30066172502767874,0.6495722589762574,0.6596149288413901,KNOWN_PARENT_PATH,INCOMING_PATH,True
M5_UNEQUAL_WIDTH,KNOWN_PARENT_PATH,O206,5.516666666666652,330,1,-0.9867991037209352,0.16194915527893025,-0.9867991037209352,0.16194915527893025,0.16194915527893025,0.9867991037209352,-96.20795080679497,-1.5727088601584711,165.61927446932063,-1.1490496226009617,-103.14196258267373,-43.82347944208922,-89.27393903091622,40.67806172177228,85.63195978313168,1.0194280926563295,53.77919553650831,9.320050305026015,0.9868612804570454,0.9998600585593804,0.1615698398052086,0.0181826221234733,0.9999999261269125,-0.0003843776393870779,-0.9999999261269125,0.0003843776393870779,0.9999999864703005,C0,-0.3006922549816152,0.6518855738760944,0.6592602690382047,KNOWN_PARENT_PATH,INCOMING_PATH,True
M5_UNEQUAL_WIDTH,KNOWN_PARENT_PATH,O208,5.616666666666652,336,1,-0.9838587735623971,0.17894667832708097,-0.9838587735623971,0.17894667832708097,0.17894667832708097,0.9838587735623971,-99.82610717020995,-1.792721742388803,165.7387762948986,-1.369607942444126,-107.60600908243073,-44.567054439431786,-92.04620525798916,40.98161095465418,86.95218022433012,1.0351450026705966,50.15779687925614,10.30841281492701,0.9839118268294451,0.9998334143679634,0.17865474252071822,0.020809491891503336,0.9999999559794179,-0.00029671731031961955,-0.9999999559794179,0.00029671731031961955,0.9999999919084329,C0,-0.31709856461008196,0.6491111160763671,0.656263504232415,KNOWN_PARENT_PATH,INCOMING_PATH,True
M5_UNEQUAL_WIDTH,KNOWN_PARENT_PATH,O209,5.616666666666652,336,2,-0.9885159413536635,0.15111662281059812,-0.9885159413536635,0.15111662281059812,0.15111662281059812,0.9885159413536635,-101.1285058958762,-2.195043730168841,164.43637756923235,-1.771929930224164,-107.60600908243073,-44.567054439431786,-94.65100270932166,40.176966979094104,85.72853291822315,1.02057777283599,48.847674659899084,8.691642019778897,0.9885607367564814,0.9997580361761358,0.1508233063670299,0.025586751730395495,0.9999999559794179,-0.00029671731031961955,-0.9999999559794179,0.00029671731031961955,0.9999999919084329,C0,-0.29021416183538007,0.6581004552725893,0.6651801242176413,KNOWN_PARENT_PATH,INCOMING_PATH,True
M5_UNEQUAL_WIDTH,KNOWN_PARENT_PATH,O211,5.816666666666651,348,2,-0.9850066981263814,0.17251609967236006,-0.9850066981263815,0.1725160996723601,0.17251609967236006,0.9850066981263814,-106.76526291229479,-1.8221857433803947,166.14265729964373,-1.3999382314215842,-114.12122706656638,-43.82217285702342,-99.4092987580232,40.17780137026263,85.27858174676942,1.0152212112710646,43.21918840159151,9.922111135413402,0.9850379759421475,0.9998512749367683,0.17233741889617976,0.02117454246135279,0.9999999835474392,-0.00018139768814622392,-0.9999999835474392,0.00018139768814622392,0.9999999982049376,C0,-0.3108967106467988,0.6451915512462276,0.6536273722680684,KNOWN_PARENT_PATH,INCOMING_PATH,True
M5_UNEQUAL_WIDTH,KNOWN_PARENT_PATH,O213,6.016666666666651,360,3,-0.9853306903147317,0.17065588394161507,-0.9853306903147319,0.1706558839416151,0.17065588394161507,0.9853306903147317,-113.74502197359888,-1.594803774418292,166.20996190048007,-1.1727381804830341,-121.09480975390818,-44.030911454810784,-106.39523419328958,40.8413039059742,86.1357676108468,1.0254258048910334,36.24379831036292,9.825955713647417,0.9853488265471035,0.9999002261299385,0.17055113609192366,0.018470443424696743,0.9999999943494826,-0.00010630632581223225,-0.9999999943494826,0.00010630632581223225,0.9999999976529588,C0,-0.3091015107220444,0.6463232368693217,0.6564644308560778,KNOWN_PARENT_PATH,INCOMING_PATH,True
M5_UNEQUAL_WIDTH,KNOWN_PARENT_PATH,O214,6.016666666666651,360,4,-0.9920133842803398,0.1261326500501237,-0.9920133842803398,0.1261326500501237,0.1261326500501237,0.9920133842803398,-115.7413144089636,-1.9265155449723181,164.21366946511534,-1.5044499510370604,-121.09480975390818,-44.030911454810784,-110.38781906401903,40.17788036486615,84.88674966897402,1.0105565436782622,34.242653264427375,7.246169588107506,0.9920267873735427,0.9998597256947015,0.12602719203936957,0.022400431471430178,0.9999999943494826,-0.00010630632581223225,-0.9999999943494826,0.00010630632581223225,0.9999999976529588,C0,-0.2659818994372894,0.6621596984802635,0.6723656936776669,KNOWN_PARENT_PATH,INCOMING_PATH,True
M5_UNEQUAL_WIDTH,KNOWN_PARENT_PATH,O216,6.21666666666665,372,2,-0.9854971096078792,0.16969221241564367,-0.9854971096078792,0.16969221241564367,0.16969221241564367,0.9854971096078792,-120.7713152096038,-1.4018513911548673,166.19672583308005,-0.9786059231235634,-128.12103875505045,-44.08578607115857,-113.42159166415715,41.28208328884884,86.6241702058107,1.0312401214977465,29.220549078991255,9.769924124406714,0.9854953748384754,0.9999327585371243,0.16970228687903186,0.016159215616421346,0.9999999999477479,1.0222731408084805e-05,-0.9999999999477479,-1.0222731408084805e-05,0.9999999923077992,C0,-0.3081713177870571,0.6479393868512116,0.6582286886028846,KNOWN_PARENT_PATH,INCOMING_PATH,True
M5_UNEQUAL_WIDTH,KNOWN_PARENT_PATH,O217,6.21666666666665,372,3,-0.9909098366136045,0.13452767634356752,-0.9909098366136045,0.13452767634356752,0.13452767634356752,0.9909098366136045,-122.40123085261493,-1.9545750957406796,164.56681019006894,-1.5313296277093755,-128.12103875505045,-44.08578607115857,-116.68142295017942,40.176635879677214,85.03540770046173,1.0123262821483539,27.58316423775682,7.731308595693349,0.9909084613215252,0.9998726896114354,0.1345378061416475,0.022723655518091176,0.9999999999477479,1.0222731408084805e-05,-0.9999999999477479,-1.0222731408084805e-05,0.9999999923077992,C0,-0.2741345323149025,0.6586819909783378,0.669026229398416,KNOWN_PARENT_PATH,INCOMING_PATH,True
M5_UNEQUAL_WIDTH,KNOWN_PARENT_PATH,O219,6.3166666666666496,378,3,-0.9855827245764123,0.16919424640494043,-0.9855827245764124,0.16919424640494046,0.16919424640494043,0.9855827245764123,-124.37357851489448,-2.540932003252845,166.18482250269136,-2.1169895316198994,-131.72362294899733,-45.35608070389602,-117.02353408079162,40.27421669739033,86.88291227719002,1.0343203842522621,25.600468778834312,9.740974155306091,0.985571561305979,0.9997927213983002,0.16925926132680238,0.029711279621634838,0.9999999978242207,6.596634495518554e-05,-0.9999999978242207,-6.596634495518554e-05,0.9999999926991319,C0,-0.3076905973486155,0.6393460488533109,0.6594881904843133,KNOWN_PARENT_PATH,INCOMING_PATH,True
