map_case,time,frame,observation_id,source_gap_id,existing_candidate_id,axis_dot,normal_dot,tangent_dot,center_distance_over_W,termination_distance_over_W,gap_width_difference_over_W,creation_time_difference,shared_termination_count,spatial_overlap
M1_CROSS_BASELINE,2.3166666666666633,138,O3,2,C0,-0.999989316472716,-0.999989316472716,0.999989316472716,1.0023294322650413,1.0023304695898052,0.002882349534996786,0.09999999999999964,0,0.007587518370633095
M1_CROSS_BASELINE,2.3166666666666633,138,O3,2,C2,-1.0838948235844456e-05,-1.0838948235844456e-05,1.0838948235844456e-05,0.7037588101524356,0.7199555395043215,0.012074119928103567,0.09999999999999964,0,0.31143566392730004
M1_CROSS_BASELINE,2.3166666666666633,138,O3,2,C1,0.9998526890769177,0.9998526890769177,0.9998526890769177,0.010310519103978838,0.012702584932302934,0.00443857689434779,0.09999999999999964,0,0.9898361588236644
M1_CROSS_BASELINE,2.416666666666663,144,O4,0,C0,0.9999790489460247,0.9999790489460247,0.9999790489460247,0.00540671693058821,0.005829631508923114,0.00953776939477772,0.1999999999999993,0,0.9946818211261649
M1_CROSS_BASELINE,2.416666666666663,144,O4,0,C2,-0.011084584365914314,-0.011084584365914314,0.011084584365914314,0.7151559259974346,0.7215463671995591,0.005418700068322632,0.1999999999999993,0,0.30028461701784037
M1_CROSS_BASELINE,2.416666666666663,144,O4,0,C1,-0.9996007011030008,-0.9996007011030008,0.9996007011030008,1.0143777354188173,1.0143782694460826,0.0022168429654331454,0.1999999999999993,0,0.002233275414662339
M1_CROSS_BASELINE,2.416666666666663,144,O5,3,C0,0.045539977318590656,0.045539977318590656,0.045539977318590656,0.7321876983914681,0.7367382305683003,0.005449225892449016,0.1999999999999993,0,0.27689425474860285
M1_CROSS_BASELINE,2.416666666666663,144,O5,3,C2,0.9987418824381126,0.9987418824381126,0.9987418824381126,0.036441493354613365,0.0367310115501018,0.009507243570651337,0.1999999999999993,0,0.9643452951277697
M1_CROSS_BASELINE,2.416666666666663,144,O5,3,C1,-0.0672920615137643,-0.0672920615137643,0.0672920615137643,0.7468698055678429,0.750477586041305,0.0018717005368955597,0.1999999999999993,0,0.26375519926413926
M1_CROSS_BASELINE,2.416666666666663,144,O6,5,C0,-0.9999892946503375,-0.9999892946503375,0.9999892946503375,1.002696251074113,1.0032253802892341,0.06529704392575805,0.1999999999999993,0,0.06500440973920196
M1_CROSS_BASELINE,2.416666666666663,144,O6,5,C2,-1.5557506375273215e-05,-1.5557506375273215e-05,1.5557506375273215e-05,0.6860228141115788,0.7443511771770884,0.050340574462657696,0.1999999999999993,0,0.36029649524916896
M1_CROSS_BASELINE,2.416666666666663,144,O6,5,C1,0.9998527700547407,0.9998527700547407,0.9998527700547407,0.03193743649506085,0.031969584244080994,0.05797611749641347,0.1999999999999993,0,0.9702189349415359
M1_CROSS_BASELINE,2.5166666666666626,150,O7,0,C0,0.999997069604717,0.999997069604717,0.999997069604717,0.0018978827083039366,0.003748661654111812,0.006207495365424552,0.29999999999999893,0,0.9981270609382903
M1_CROSS_BASELINE,2.5166666666666626,150,O7,0,C2,-0.002190706994696922,-0.002190706994696922,0.002190706994696922,0.7159603460795151,0.7188603466630555,0.008748974097675801,0.29999999999999893,0,0.2994975647326671
M1_CROSS_BASELINE,2.5166666666666626,150,O7,0,C1,-0.9998124788710349,-0.9998124788710349,0.9998124788710349,1.0098281057693068,1.0098282314543567,0.0011134310639200234,0.29999999999999893,0,0.004537756156404171
M1_CROSS_BASELINE,2.5166666666666626,150,O8,3,C0,0.021779964635315154,0.021779964635315154,0.021779964635315154,0.7210958851370817,0.7211267489902761,0.00452517896908284,0.29999999999999893,0,0.28399521066384525
M1_CROSS_BASELINE,2.5166666666666626,150,O8,3,C2,0.999651716990184,0.999651716990184,0.999651716990184,0.01665498930788012,0.01799196377686551,0.019481648432183193,0.29999999999999893,0,0.9837045995167089
M1_CROSS_BASELINE,2.5166666666666626,150,O8,3,C1,-0.0435551221507256,-0.0435551221507256,0.0435551221507256,0.7296660644986327,0.7300695306353637,0.011846105398427417,0.29999999999999893,0,0.2807141991072001
M1_CROSS_BASELINE,2.5166666666666626,150,O9,5,C0,-0.9999892946503375,-0.9999892946503375,0.9999892946503375,1.0024621234662943,1.002528312796788,0.023109146875974658,0.29999999999999893,0,0.02694323200363391
M1_CROSS_BASELINE,2.5166666666666626,150,O9,5,C2,-1.555750637564499e-05,-1.555750637564499e-05,1.555750637564499e-05,0.6934202018972877,0.7260257180266616,0.008152677412874303,0.29999999999999893,0,0.32691998557664315
M1_CROSS_BASELINE,2.5166666666666626,150,O9,5,C1,0.9998527700547407,0.9998527700547407,0.9998527700547407,0.02193564395682888,0.022611499366643,0.01578822044663008,0.29999999999999893,0,0.9787077972195639
M1_CROSS_BASELINE,2.6166666666666623,156,O10,0,C0,0.999986013964606,0.999986013964606,0.999986013964606,0.005312559482826849,0.006565358091481592,0.0059803339002890595,0.3999999999999986,0,0.9947249483574377
M1_CROSS_BASELINE,2.6166666666666623,156,O10,0,C2,-0.00990032363594676,-0.00990032363594676,0.00990032363594676,0.7144375674726071,0.7158689650669023,0.020936803363389413,0.3999999999999986,0,0.3009874658540813
M1_CROSS_BASELINE,2.6166666666666623,156,O10,0,C1,-0.999633465148124,-0.999633465148124,0.999633465148124,1.0137066453523882,1.013728861430239,0.013301260329633635,0.3999999999999986,0,0.0007143928590743753
M1_CROSS_BASELINE,2.6166666666666623,156,O11,3,C0,-0.003580412164289685,-0.003580412164289685,0.003580412164289685,0.7092798691870253,0.7133180708348572,0.002816757353019942,0.3999999999999986,0,0.2976920672251576
M1_CROSS_BASELINE,2.6166666666666623,156,O11,3,C2,0.9999994683169409,0.9999994683169409,0.9999994683169409,0.011540440966558475,0.011562222136000135,0.01213971211008041,0.3999999999999986,0,0.988708722423804
M1_CROSS_BASELINE,2.6166666666666623,156,O11,3,C1,-0.018205792314028302,-0.018205792314028302,0.018205792314028302,0.7233262144792318,0.7250383138176814,0.004504169076324634,0.3999999999999986,0,0.28696385812331227
M1_CROSS_BASELINE,2.6166666666666623,156,O12,5,C0,-0.9999892967731159,-0.9999892967731159,0.9999892967731159,1.0023316884907294,1.0023327907135169,0.002964513178608421,0.3999999999999986,0,0.004744994035951522
M1_CROSS_BASELINE,2.6166666666666623,156,O12,5,C2,-1.5098718509860435e-05,-1.5098718509860435e-05,1.5098718509860435e-05,0.7021992914315662,0.7180856073956859,0.017920982641708775,0.3999999999999986,0,0.3129615119268381
M1_CROSS_BASELINE,2.6166666666666623,156,O12,5,C1,0.9998527621822018,0.9998527621822018,0.9998527621822018,0.011632409414637465,0.015195616003125165,0.010285439607952997,0.3999999999999986,0,0.988533073786473
M1_CROSS_BASELINE,2.716666666666662,162,O13,0,C0,0.9999493298106563,0.9999493298106563,0.9999493298106563,0.005138163085466651,0.005189510467839625,0.0013274010032614367,0.4999999999999982,0,0.9949048290621939
M1_CROSS_BASELINE,2.716666666666662,162,O13,0,C2,-0.014677927577408973,-0.014677927577408973,0.014677927577408973,0.7188904018429992,0.7208704453344733,0.013629068459838916,0.4999999999999982,0,0.2966307702111144
M1_CROSS_BASELINE,2.716666666666662,162,O13,0,C1,-0.9994927024444101,-0.9994927024444101,0.9994927024444101,1.016127153141779,1.016131716477263,0.005993525426083139,0.4999999999999982,0,0.0
M1_CROSS_BASELINE,2.716666666666662,162,O14,3,C0,-0.004640613839837583,-0.004640613839837583,0.004640613839837583,0.7084561379804069,0.7166764133743819,0.011834118899434557,0.4999999999999982,0,0.30471570341935383
M1_CROSS_BASELINE,2.716666666666662,162,O14,3,C2,0.9999999995790886,0.9999999995790886,0.9999999995790886,0.011800772894237288,0.011802362333998765,0.0031223505636657953,0.4999999999999982,0,0.9884540111813234
M1_CROSS_BASELINE,2.716666666666662,162,O14,3,C1,-0.017145747316906223,-0.017145747316906223,0.017145747316906223,0.7230470510869698,0.7245463379997258,0.004513192470089982,0.4999999999999982,0,0.29039606920080396
M1_CROSS_BASELINE,2.716666666666662,162,O15,5,C0,-0.9999619613455425,-0.9999619613455425,0.9999619613455425,1.0043882128212633,1.0043882734911662,0.0007045095710709115,0.4999999999999982,0,0.00340014627523777
M1_CROSS_BASELINE,2.716666666666662,162,O15,5,C2,-0.004110630492701151,-0.004110630492701151,0.004110630492701151,0.7058890981099024,0.7177141396129019,0.014251959892029441,0.4999999999999982,0,0.3093513698596221
M1_CROSS_BASELINE,2.716666666666662,162,O15,5,C1,0.9999146546290645,0.9999146546290645,0.9999146546290645,0.00806151793477354,0.01057623628908346,0.006616416858273665,0.4999999999999982,0,0.9920531655969097
M1_CROSS_BASELINE,2.8166666666666615,168,O16,0,C0,0.9999925070550042,0.9999925070550042,0.9999925070550042,0.0050434323299402605,0.0060458599365096856,0.011368902626782716,0.5999999999999979,0,0.9950480758805866
M1_CROSS_BASELINE,2.8166666666666615,168,O16,0,C2,-0.008482678317590761,-0.008482678317590761,0.008482678317590761,0.7139665330783934,0.7216786424534023,0.0035875668363176366,0.5999999999999979,0,0.30144833040062813
M1_CROSS_BASELINE,2.8166666666666615,168,O16,0,C1,-0.9996708417823565,-0.9996708417823565,0.9996708417823565,1.0130675227025387,1.0130694475316464,0.0040479761974381405,0.5999999999999979,0,0.005313609447313183
M1_CROSS_BASELINE,2.8166666666666615,168,O17,3,C0,0.024197547322384057,0.024197547322384057,0.024197547322384057,0.7260871002648088,0.7292522397216603,0.0019640972653946725,0.5999999999999979,0,0.2804425373849647
M1_CROSS_BASELINE,2.8166666666666615,168,O17,3,C2,0.9995849767063493,0.9995849767063493,0.9995849767063493,0.02704399408545774,0.027048666345394348,0.01299237219770568,0.5999999999999979,0,0.9735398980963751
M1_CROSS_BASELINE,2.8166666666666615,168,O17,3,C1,-0.04597091996981985,-0.04597091996981985,0.04597091996981985,0.739049795177405,0.7403995728609432,0.005356829163949904,0.5999999999999979,0,0.2714639618205301
M1_CROSS_BASELINE,2.8166666666666615,168,O18,5,C0,-0.9999892946503375,-0.9999892946503375,0.9999892946503375,1.002542459610003,1.0027138617000595,0.037172309614027774,0.5999999999999979,0,0.039970278351834865
M1_CROSS_BASELINE,2.8166666666666615,168,O18,5,C2,-1.555750637565273e-05,-1.555750637565273e-05,1.555750637565273e-05,0.6904525925958188,0.7320083532205499,0.02221584015092742,0.5999999999999979,0,0.33882599791446855
M1_CROSS_BASELINE,2.8166666666666615,168,O18,5,C1,0.9998527700547407,0.9998527700547407,0.9998527700547407,0.025878039684834448,0.02620826615394597,0.029851383184683198,0.5999999999999979,0,0.9752193166510911
M1_CROSS_BASELINE,2.916666666666661,174,O19,0,C0,0.9999917833002765,0.9999917833002765,0.9999917833002765,0.005854043675077363,0.00594515424015498,0.00638532984429777,0.6999999999999975,0,0.994223909012254
M1_CROSS_BASELINE,2.916666666666661,174,O19,0,C2,-0.008665323590339674,-0.008665323590339674,0.008665323590339674,0.7134254772397033,0.7197760006209806,0.008571139618802584,0.6999999999999975,0,0.30197770459669004
M1_CROSS_BASELINE,2.916666666666661,174,O19,0,C1,-0.999666139066813,-0.999666139066813,0.999666139066813,1.0131444670428873,1.013144605301112,0.0009355965850468062,0.6999999999999975,0,0.0012685735936158737
M1_CROSS_BASELINE,2.916666666666661,174,O20,3,C0,0.017529387646321788,0.017529387646321788,0.017529387646321788,0.7224007681769119,0.725503031252166,0.0019353009621770837,0.6999999999999975,0,0.2840752880241689
M1_CROSS_BASELINE,2.916666666666661,174,O20,3,C2,0.9997548781067381,0.9997548781067381,0.9997548781067381,0.022563170819411126,0.02257129794833839,0.01302116850092327,0.6999999999999975,0,0.9779239783419584
M1_CROSS_BASELINE,2.916666666666661,174,O20,3,C1,-0.039307374356741365,-0.039307374356741365,0.039307374356741365,0.7354999559009595,0.7361134329774235,0.005385625467167492,0.6999999999999975,0,0.27496330091718
M1_CROSS_BASELINE,2.916666666666661,174,O21,5,C0,-0.9999892946503375,-0.9999892946503375,0.9999892946503375,1.0024427696968912,1.0025678013130714,0.03172948654957862,0.6999999999999975,0,0.03503633043643317
M1_CROSS_BASELINE,2.916666666666661,174,O21,5,C2,-1.555750637662687e-05,-1.555750637662687e-05,1.555750637662687e-05,0.6944185095789033,0.7292972141349605,0.016773017086478263,0.6999999999999975,0,0.33154425023312184
M1_CROSS_BASELINE,2.916666666666661,174,O21,5,C1,0.9998527700547407,0.9998527700547407,0.9998527700547407,0.02064117571572604,0.020992891677043456,0.02440856012023404,0.6999999999999975,0,0.980130551823147
M1_CROSS_BASELINE,3.016666666666661,180,O22,0,C0,0.9999941999050606,0.9999941999050606,0.9999941999050606,0.008713286965571169,0.008853739269330292,0.001285312653143324,0.7999999999999972,0,0.9913592584031912
M1_CROSS_BASELINE,3.016666666666661,180,O22,0,C2,-0.008017437209442136,-0.008017437209442136,0.008017437209442136,0.711037202015771,0.7179082654861985,0.013671156809957029,0.7999999999999972,0,0.3043144158679415
M1_CROSS_BASELINE,3.016666666666661,180,O22,0,C1,-0.9996826700160403,-0.9996826700160403,0.9996826700160403,1.0128268002859981,1.0128315812499236,0.006035613776201252,0.7999999999999972,0,0.0015817212083443222
M1_CROSS_BASELINE,3.016666666666661,180,O23,3,C0,0.0005535482510360592,0.0005535482510360592,0.0005535482510360592,0.718875835668849,0.7216997334928857,0.006836737823623162,0.7999999999999972,0,0.2910125255489642
M1_CROSS_BASELINE,3.016666666666661,180,O23,3,C2,0.9999866605670398,0.9999866605670398,0.9999866605670398,0.013979145339200855,0.014140403673234183,0.008119731639477192,0.7999999999999972,0,0.9863226707921913
M1_CROSS_BASELINE,3.016666666666661,180,O23,3,C1,-0.022338907908763018,-0.022338907908763018,0.022338907908763018,0.7274735119562576,0.7275201626107338,0.000484188605721414,0.7999999999999972,0,0.28287556029442407
M1_CROSS_BASELINE,3.016666666666661,180,O24,5,C0,-0.9999465884632415,-0.9999465884632415,0.9999465884632415,1.005270679292727,1.0052974156908037,0.01474330401293297,0.7999999999999972,0,0.016228395259734074
M1_CROSS_BASELINE,3.016666666666661,180,O24,5,C2,-0.00572392326764875,-0.00572392326764875,0.00572392326764875,0.7021871441977673,0.7206164612562121,0.00021316545016738413,0.7999999999999972,0,0.3129733968963123
M1_CROSS_BASELINE,3.016666666666661,180,O24,5,C1,0.9999344306051713,0.9999344306051713,0.9999344306051713,0.012106003059459665,0.012669310656209309,0.007422377583588393,0.7999999999999972,0,0.9881529002067638
M1_CROSS_BASELINE,3.1166666666666605,186,O25,0,C0,0.9999976399627313,0.9999976399627313,0.9999976399627313,0.007746820569248603,0.007778873592546158,0.006527414760234372,0.8999999999999968,0,0.9923574078505843
M1_CROSS_BASELINE,3.1166666666666605,186,O25,0,C2,-0.006784137949231763,-0.006784137949231763,0.006784137949231763,0.7112135742351663,0.7198115771575821,0.008429054702865982,0.8999999999999968,0,0.3041418516053026
M1_CROSS_BASELINE,3.1166666666666605,186,O25,0,C1,-0.9997129779226814,-0.9997129779226814,0.9997129779226814,1.0122121060026716,1.012212214534785,0.0007935116691102044,0.8999999999999968,0,0.002187670822008436
M1_CROSS_BASELINE,3.1166666666666605,186,O26,3,C0,-0.001188720084249118,-0.001188720084249118,0.001188720084249118,0.7197532452955127,0.7222033006528316,0.005152303531243518,0.8999999999999968,0,0.28896596946188935
M1_CROSS_BASELINE,3.1166666666666605,186,O26,3,C2,0.9999941418973919,0.9999941418973919,0.9999941418973919,0.014529660275882076,0.01495594116745102,0.009804165931856835,0.8999999999999968,0,0.9857840417243834
M1_CROSS_BASELINE,3.1166666666666605,186,O26,3,C1,-0.020597041015233613,-0.020597041015233613,0.020597041015233613,0.7278306936376884,0.7278599473909653,0.0021686228981010573,0.8999999999999968,0,0.2825234598963212
M1_CROSS_BASELINE,3.1166666666666605,186,O27,5,C0,-0.9999511719743116,-0.9999511719743116,0.9999511719743116,1.0050405297181948,1.0050636083509084,0.013700990788210547,0.8999999999999968,0,0.015449359514567607
M1_CROSS_BASELINE,3.1166666666666605,186,O27,5,C2,-0.005270507137968676,-0.005270507137968676,0.005270507137968676,0.7016701202179445,0.7203963614556976,0.0012554786748898057,0.8999999999999968,0,0.3134792580923139
M1_CROSS_BASELINE,3.1166666666666605,186,O27,5,C1,0.9999291354893411,0.9999291354893411,0.9999291354893411,0.012654731154758282,0.01331774019011976,0.006380064358865971,0.8999999999999968,0,0.9876032624603889
M1_CROSS_BASELINE,3.21666666666666,192,O28,0,C0,0.9999997342385513,0.9999997342385513,0.9999997342385513,0.010884868740776363,0.010889170565333662,0.004607476159097111,0.9999999999999964,0,0.9892412017552799
M1_CROSS_BASELINE,3.21666666666666,192,O28,0,C2,-0.005340647106760707,-0.005340647106760707,0.005340647106760707,0.7084476381320863,0.7193765827690635,0.010348993304003243,0.9999999999999964,0,0.3068480698848639
M1_CROSS_BASELINE,3.21666666666666,192,O28,0,C1,-0.9997465194078867,-0.9997465194078867,0.9997465194078867,1.0115157689936995,1.0115168116371167,0.0027134502702474655,0.9999999999999964,0,0.002874101708079335
M1_CROSS_BASELINE,3.21666666666666,192,O29,3,C0,-0.0026423038890739745,-0.0026423038890739745,0.0026423038890739745,0.7210855887043737,0.723235414287719,0.002896654701241495,0.9999999999999964,0,0.2860588744946232
M1_CROSS_BASELINE,3.21666666666666,192,O29,3,C2,0.9999980609109762,0.9999980609109762,0.9999980609109762,0.015716681007495115,0.016531456828032424,0.01205981476185886,0.9999999999999964,0,0.984622649312414
M1_CROSS_BASELINE,3.21666666666666,192,O29,3,C1,-0.01914374153370134,-0.01914374153370134,0.01914374153370134,0.7286729156979715,0.7286989188862584,0.004424271728103081,0.9999999999999964,0,0.28169321932651115
M1_CROSS_BASELINE,3.21666666666666,192,O30,5,C0,-0.9999581276516964,-0.9999581276516964,0.9999581276516964,1.0046937356782362,1.0046989902100958,0.006608065736298299,0.9999999999999964,0,0.00890262100006911
M1_CROSS_BASELINE,3.21666666666666,192,O30,5,C2,-0.004539612878926307,-0.004539612878926307,0.004539612878926307,0.698343130187414,0.71816619770327,0.008348403726802053,0.9999999999999964,0,0.316734416888829
M1_CROSS_BASELINE,3.21666666666666,192,O30,5,C1,0.9999201671526541,0.9999201671526541,0.9999201671526541,0.016732381717880357,0.017801906615387875,0.0007128606930462768,0.9999999999999964,0,0.9835056539280618
M1_CROSS_BASELINE,3.3166666666666598,198,O31,0,C0,-0.003872207677035119,-0.003872207677035119,0.003872207677035119,0.7226688003221357,0.724569469670915,0.00010143409017463309,1.099999999999996,0,0.28250566516012765
M1_CROSS_BASELINE,3.3166666666666598,198,O31,0,C2,0.9999997266446043,0.9999997266446043,0.9999997266446043,0.01730985951305105,0.018615513363740312,0.01485503537292572,1.099999999999996,0,0.9830638682583114
M1_CROSS_BASELINE,3.3166666666666598,198,O31,0,C1,-0.01791404236572919,-0.01791404236572919,0.01791404236572919,0.7297927933224478,0.7298193387597738,0.007219492339169943,1.099999999999996,0,0.28058927313356763
M1_CROSS_BASELINE,3.3166666666666598,198,O32,2,C0,-0.9999672070914299,-0.9999672070914299,0.9999672070914299,1.0041472684202648,1.0041600745910613,0.010231063378000218,1.099999999999996,0,0.012969309311270383
M1_CROSS_BASELINE,3.3166666666666598,198,O32,2,C2,-0.003486905848644391,-0.003486905848644391,0.003486905848644391,0.698348003837823,0.7198222734384021,0.004725406085100134,1.099999999999996,0,0.316729648462758
M1_CROSS_BASELINE,3.3166666666666598,198,O32,2,C1,0.9999063113627803,0.9999063113627803,0.9999063113627803,0.016445566166094622,0.017446179138267966,0.002910136948655643,1.099999999999996,0,0.9838347630450418
M1_CROSS_BASELINE,3.4166666666666594,204,O33,0,C0,0.9999921108282912,0.9999921108282912,0.9999921108282912,0.006078094717289986,0.00672150733434476,0.007111583849485166,1.1999999999999957,0,0.9939648179703714
M1_CROSS_BASELINE,3.4166666666666594,204,O33,0,C2,-0.0006394173584601175,-0.0006394173584601175,0.0006394173584601175,0.710907380301351,0.7147280475554596,0.022068053312585517,1.1999999999999957,0,0.3044414346722646
M1_CROSS_BASELINE,3.4166666666666594,204,O33,0,C1,-0.9998413167442975,-0.9998413167442975,0.9998413167442975,1.0101468196182966,1.0101726739389527,0.014432510278829741,1.1999999999999957,0,0.004223576345556368
M1_CROSS_BASELINE,3.4166666666666594,204,O34,2,C0,0.005162269309472645,0.005162269309472645,0.005162269309472645,0.7043357276923418,0.7128849309844482,0.00604595106038867,1.1999999999999957,0,0.30063703770489203
M1_CROSS_BASELINE,3.4166666666666594,204,O34,2,C2,-0.9999998483780151,-0.9999998483780151,0.9999998483780151,0.9978426598166203,0.9978978932115481,0.021002420523489024,1.1999999999999957,0,0.023701218869536578
M1_CROSS_BASELINE,3.4166666666666594,204,O34,2,C1,0.016624159949617863,0.016624159949617863,0.016624159949617863,0.7071771834520519,0.7209085185298821,0.013366877489733245,1.1999999999999957,0,0.3028831522787959
M1_CROSS_BASELINE,3.4166666666666594,204,O35,3,C0,-0.004628423460848862,-0.004628423460848862,0.004628423460848862,0.713222696129368,0.713230800639894,0.0030421571575071347,1.1999999999999957,0,0.29181281322276176
M1_CROSS_BASELINE,3.4166666666666594,204,O35,3,C2,0.9999999998584821,0.9999999998584821,0.9999999998584821,0.006539798704507393,0.009543323361220128,0.01799862662060749,1.1999999999999957,0,0.9936013985358949
M1_CROSS_BASELINE,3.4166666666666594,204,O35,3,C1,-0.01715793603354561,-0.01715793603354561,0.01715793603354561,0.7198174342454985,0.7212786151403501,0.01036308358685171,1.1999999999999957,0,0.2904227222851147
M1_CROSS_BASELINE,3.4166666666666594,204,O36,5,C0,-0.9999756756146706,-0.9999756756146706,0.9999756756146706,1.003514766962763,1.003520203747082,0.006574624312216585,1.1999999999999957,0,0.0035702683585534523
M1_CROSS_BASELINE,3.4166666666666594,204,O36,5,C2,-0.0023632626996259337,-0.0023632626996259337,0.0023632626996259337,0.7018880526977568,0.7157067470113235,0.02153109377531694,1.1999999999999957,0,0.31326603087425875
M1_CROSS_BASELINE,3.4166666666666594,204,O36,5,C1,0.9998902993451785,0.9998902993451785,0.9998902993451785,0.011979541884670198,0.01572379433564274,0.013895550741561161,1.1999999999999957,0,0.9881908796392161
M1_CROSS_BASELINE,3.516666666666659,210,O37,1,C0,0.999992363304399,0.999992363304399,0.999992363304399,0.007215557199238281,0.007590664476554525,0.0033043846946515572,1.2999999999999954,0,0.9928353862241199
M1_CROSS_BASELINE,3.516666666666659,210,O37,1,C2,-0.008519634355548441,-0.008519634355548441,0.008519634355548441,0.7123244185261912,0.7160542362097326,0.01826085415775191,1.2999999999999954,0,0.3030549909497834
M1_CROSS_BASELINE,3.516666666666659,210,O37,1,C1,-0.9996698929373077,-0.9996698929373077,0.9996698929373077,1.0130511032491922,1.0130654487896709,0.010625311123996133,1.2999999999999954,0,0.0013606091896093409
M1_CROSS_BASELINE,3.516666666666659,210,O37,1,C3,0.009070288978425604,0.009070288978425604,0.009070288978425604,0.7106156908985144,0.7120378238152338,0.002741566365737112,0.09999999999999964,0,0.29207868364010403
M1_CROSS_BASELINE,3.516666666666659,210,O38,3,C0,0.0038148327201592345,0.0038148327201592345,0.0038148327201592345,0.7056081194111522,0.7129389721212349,0.005136413225854886,1.2999999999999954,0,0.29937362935191447
M1_CROSS_BASELINE,3.516666666666659,210,O38,3,C2,-0.9999996825753449,-0.9999996825753449,0.9999996825753449,0.9981067308958484,0.998157312738123,0.02009288268895524,1.2999999999999954,0,0.023442849205495886
M1_CROSS_BASELINE,3.516666666666659,210,O38,3,C1,0.01797140850990123,0.01797140850990123,0.01797140850990123,0.7062763921013806,0.7211201991872299,0.012457339655199462,1.2999999999999954,0,0.30377112892952607
M1_CROSS_BASELINE,3.516666666666659,210,O38,3,C3,0.999999092189029,0.999999092189029,0.999999092189029,0.0015403718142588244,0.0017171024284182,0.0009095378345337833,0.09999999999999964,0,0.9984626629017916
M1_CROSS_BASELINE,3.516666666666659,210,O39,7,C0,-0.006478518459747736,-0.006478518459747736,0.006478518459747736,0.7113349098597047,0.7141155652316431,0.001458425867997482,1.2999999999999954,0,0.29470862424256117
M1_CROSS_BASELINE,3.516666666666659,210,O39,7,C2,0.9999982572540801,0.9999982572540801,0.9999982572540801,0.011514627871489947,0.012158656207851216,0.013498043595102871,1.2999999999999954,0,0.9887339782023626
M1_CROSS_BASELINE,3.516666666666659,210,O39,7,C1,-0.015308056283982536,-0.015308056283982536,0.015308056283982536,0.724408049924224,0.7259318852238741,0.0058625005613470935,1.2999999999999954,0,0.2858974129200259
M1_CROSS_BASELINE,3.516666666666659,210,O39,7,C3,-0.99999913371474,-0.99999913371474,0.99999913371474,1.0021624896395978,1.0021695014866776,0.007504376928386151,0.09999999999999964,0,0.006351928953105879
M1_CROSS_BASELINE,3.516666666666659,210,O40,9,C0,-0.9999964752580568,-0.9999964752580568,0.9999964752580568,1.0033278694761765,1.0033323971220962,0.006020190534981633,1.2999999999999954,0,0.0037558463077126403
M1_CROSS_BASELINE,3.516666666666659,210,O40,9,C2,0.001956527863916624,0.001956527863916624,0.001956527863916624,0.7012718883964919,0.7175069638525317,0.020976659998081987,1.2999999999999954,0,0.3138688919068905
M1_CROSS_BASELINE,3.516666666666659,210,O40,9,C1,0.9998169863681045,0.9998169863681045,0.9998169863681045,0.012630629817894404,0.017224619185348535,0.013341116964326208,1.2999999999999954,0,0.9875490541134222
M1_CROSS_BASELINE,3.516666666666659,210,O40,9,C3,-0.0025072024134491083,-0.0025072024134491083,0.0025072024134491083,0.7086579386446135,0.708824597434602,2.5760525407036994e-05,0.09999999999999964,0,0.29211382074098735
M1_CROSS_BASELINE,3.6166666666666587,216,O41,1,C0,0.9999995524927792,0.9999995524927792,0.9999995524927792,0.009477819578273296,0.009484390044540268,0.005273807963958752,1.399999999999995,0,0.9906381200901265
M1_CROSS_BASELINE,3.6166666666666587,216,O41,1,C2,-0.003665556036925779,-0.003665556036925779,0.003665556036925779,0.708830072215096,0.7194621819573073,0.009682661499141602,1.399999999999995,0,0.30647389272834336
M1_CROSS_BASELINE,3.6166666666666587,216,O41,1,C1,-0.9997828307621093,-0.9997828307621093,0.9997828307621093,1.0106603518442472,1.0106609381733784,0.0020471184653858237,1.399999999999995,0,0.00371734965310222
M1_CROSS_BASELINE,3.6166666666666587,216,O41,1,C3,0.004216227681791036,0.004216227681791036,0.004216227681791036,0.7106883163542591,0.7134937777463293,0.011319759024347422,0.1999999999999993,0,0.2980053464711673
M1_CROSS_BASELINE,3.6166666666666587,216,O42,3,C0,0.006108110512597284,0.006108110512597284,0.006108110512597284,0.7078795123335898,0.7137001401286911,0.00453122625752148,1.399999999999995,0,0.2971182729638795
M1_CROSS_BASELINE,3.6166666666666587,216,O42,3,C2,-0.9999988801959195,-0.9999988801959195,0.9999988801959195,1.001035028886658,1.0010824169607002,0.019487695720621832,1.399999999999995,0,0.02057777450550291
M1_CROSS_BASELINE,3.6166666666666587,216,O42,3,C1,0.01567842710649238,0.01567842710649238,0.01567842710649238,0.7080997662272507,0.719777041182391,0.011852152686866055,1.399999999999995,0,0.30197369420936415
M1_CROSS_BASELINE,3.6166666666666587,216,O42,3,C3,0.9999995526780044,0.9999995526780044,0.9999995526780044,0.00368324465998327,0.0037087151484084912,0.0015147248028671897,0.1999999999999993,0,0.9963262307080539
M1_CROSS_BASELINE,3.6166666666666587,216,O43,7,C0,-0.007251389442833565,-0.007251389442833565,0.007251389442833565,0.7194850150514573,0.7209161329980992,0.0019295424663202507,1.399999999999995,0,0.2869608332752336
M1_CROSS_BASELINE,3.6166666666666587,216,O43,7,C2,0.9999965156331647,0.9999965156331647,0.9999965156331647,0.01213815995560216,0.013746907141649712,0.013026926996780102,1.399999999999995,0,0.9881239084606798
M1_CROSS_BASELINE,3.6166666666666587,216,O43,7,C1,-0.014535253137401795,-0.014535253137401795,0.014535253137401795,0.7254043333121923,0.725472615882679,0.005391383963024325,1.399999999999995,0,0.2849153027061935
M1_CROSS_BASELINE,3.6166666666666587,216,O43,7,C3,-0.9999978177044617,-0.9999978177044617,0.9999978177044617,1.0085932848040133,1.008601166968233,0.00797549352670892,0.1999999999999993,0,0.0004426773093888503
M1_CROSS_BASELINE,3.6166666666666587,216,O44,9,C0,-0.9999731461820356,-0.9999731461820356,0.9999731461820356,1.0062917521759562,1.0062937998228723,0.004107432755029365,1.399999999999995,0,0.004871454744044379
M1_CROSS_BASELINE,3.6166666666666587,216,O44,9,C2,-0.002716946121541174,-0.002716946121541174,0.002716946121541174,0.7026657963817792,0.7179626572258005,0.010849036708070988,1.399999999999995,0,0.3125050790315278
M1_CROSS_BASELINE,3.6166666666666587,216,O44,9,C1,0.9998954755088648,0.9998954755088648,0.9998954755088648,0.011966938845589595,0.014061766366733503,0.0032134936743152104,1.399999999999995,0,0.9882033033868726
M1_CROSS_BASELINE,3.6166666666666587,216,O44,9,C3,0.002166271841904644,0.002166271841904644,0.002166271841904644,0.7114470648871929,0.7140791278718039,0.010153383815418035,0.1999999999999993,0,0.296445309049878
M1_CROSS_BASELINE,3.7166666666666583,222,O45,1,C0,0.9999999999266311,0.9999999999266311,0.9999999999266311,0.005772610568904652,0.0057768610948045265,0.0010001227457105226,1.4999999999999947,0,0.994273831771493
M1_CROSS_BASELINE,3.7166666666666583,222,O45,1,C2,-0.004623713364552337,-0.004623713364552337,0.004623713364552337,0.7140683475768489,0.7182066815822757,0.013956346717389831,1.4999999999999947,0,0.30134871412368736
M1_CROSS_BASELINE,3.7166666666666583,222,O45,1,C1,-0.9997624039816916,-0.9997624039816916,0.9997624039816916,1.013707496391696,1.0137125033728178,0.006320803683634054,1.4999999999999947,0,0.0007135539266914792
M1_CROSS_BASELINE,3.7166666666666583,222,O45,1,C3,0.00517438267727004,0.00517438267727004,0.00517438267727004,0.7098200930270219,0.7135826018055054,0.007046073806099192,0.29999999999999893,0,0.29589061722927357
M1_CROSS_BASELINE,3.7166666666666583,222,O46,3,C0,0.00031293841771499065,0.00031293841771499065,0.00031293841771499065,0.7059384175594331,0.7111676035167305,0.0033313792979871187,1.4999999999999947,0,0.29904566318132253
M1_CROSS_BASELINE,3.7166666666666583,222,O46,3,C2,-0.9999907606984388,-0.9999907606984388,0.9999907606984388,1.0003323781722229,1.0003743503282894,0.018287848761087473,1.4999999999999947,0,0.021265254670150946
M1_CROSS_BASELINE,3.7166666666666583,222,O46,3,C1,0.021472629156042606,0.021472629156042606,0.021472629156042606,0.7090533295322665,0.723180370930651,0.010652305727331694,1.4999999999999947,0,0.3010336963405835
M1_CROSS_BASELINE,3.7166666666666583,222,O46,3,C3,0.99998824190683,0.99998824190683,0.99998824190683,0.002496774003731888,0.003155529599079562,0.002714571762401551,0.29999999999999893,0,0.997512625887846
M1_CROSS_BASELINE,3.7166666666666583,222,O47,7,C0,-0.008176095237376063,-0.008176095237376063,0.008176095237376063,0.7114254109772761,0.7134614331776632,0.00018995709472963406,1.4999999999999947,0,0.29373062281937723
M1_CROSS_BASELINE,3.7166666666666583,222,O47,7,C2,0.999993646927001,0.999993646927001,0.999993646927001,0.010741294331424107,0.011881341262052078,0.014766512368370718,1.4999999999999947,0,0.9894906151181588
M1_CROSS_BASELINE,3.7166666666666583,222,O47,7,C1,-0.01361061140586426,-0.01361061140586426,0.01361061140586426,0.7236074040582505,0.7255083151784876,0.007130969334614942,1.4999999999999947,0,0.2866866687604136
M1_CROSS_BASELINE,3.7166666666666583,222,O47,7,C3,-0.9999954582246287,-0.9999954582246287,0.9999954582246287,1.001663493822387,1.001668322169112,0.006235908155118304,0.29999999999999893,0,0.005596031557691394
M1_CROSS_BASELINE,3.7166666666666583,222,O48,9,C0,-0.9999939627683005,-0.9999939627683005,0.9999939627683005,1.0029103945845164,1.0029163708843996,0.006915501722092628,1.4999999999999947,0,0.004170373734671218
M1_CROSS_BASELINE,3.7166666666666583,222,O48,9,C2,0.0011367814578044056,0.0011367814578044056,0.0011367814578044056,0.7016224447952234,0.717272083683978,0.02187197118519298,1.4999999999999947,0,0.31352590418088777
M1_CROSS_BASELINE,3.7166666666666583,222,O48,9,C1,0.9998323329928365,0.9998323329928365,0.9998323329928365,0.012199545726803648,0.016855030610427296,0.014236428151437204,1.4999999999999947,0,0.9879740055820443
M1_CROSS_BASELINE,3.7166666666666583,222,O48,9,C3,-0.0016874568298118407,-0.0016874568298118407,0.0016874568298118407,0.7077279435630294,0.7079157667857148,0.0008695506617039582,0.29999999999999893,0,0.29302461079363773
M1_CROSS_BASELINE,3.816666666666658,228,O49,1,C0,0.9999893028743717,0.9999893028743717,0.9999893028743717,0.005030531108866416,0.005772796747657463,0.0033009997505410687,1.5999999999999943,0,0.9950049855489493
M1_CROSS_BASELINE,3.816666666666658,228,O49,1,C2,1.3779824367877045e-05,1.3779824367877045e-05,1.3779824367877045e-05,0.7109981706289826,0.7163623646113747,0.018257469213641422,1.5999999999999943,0,0.3043526045492657
M1_CROSS_BASELINE,3.816666666666658,228,O49,1,C1,-0.9998527395495561,-0.9998527395495561,0.9998527395495561,1.0087439660352162,1.0087579190259799,0.010621926179885645,1.5999999999999943,0,0.005606472867864309
M1_CROSS_BASELINE,3.816666666666658,228,O49,1,C3,0.0005368960778493226,0.0005368960778493226,0.0005368960778493226,0.7058299404618543,0.7092293263187438,0.0027449513098476005,0.3999999999999986,0,0.29684865950137906
M1_CROSS_BASELINE,3.816666666666658,228,O50,3,C0,0.003733380017460489,0.003733380017460489,0.003733380017460489,0.7066331274338917,0.7118410716814146,0.007112875604195474,1.5999999999999943,0,0.2983558581116168
M1_CROSS_BASELINE,3.816666666666658,228,O50,3,C2,-0.9999996143581489,-0.9999996143581489,0.9999996143581489,1.000573115688359,1.0006339915794689,0.022069345067295826,1.5999999999999943,0,0.02102971478691995
M1_CROSS_BASELINE,3.816666666666658,228,O50,3,C1,0.0180528485784153,0.0180528485784153,0.0180528485784153,0.7086969698628162,0.7207276294223329,0.01443380203354005,1.5999999999999943,0,0.301384986420687
M1_CROSS_BASELINE,3.816666666666658,228,O50,3,C3,0.9999989791174994,0.9999989791174994,0.9999989791174994,0.002784792179127694,0.0028140691422349103,0.0010669245438068046,0.3999999999999986,0,0.9972181689975588
M1_CROSS_BASELINE,3.816666666666658,228,O51,7,C0,-0.0056571935500285215,-0.0056571935500285215,0.0056571935500285215,0.7137707873342268,0.7138509182313714,0.004610070706901141,1.5999999999999943,0,0.29126859166254937
M1_CROSS_BASELINE,3.816666666666658,228,O51,7,C2,0.999999453352616,0.999999453352616,0.999999453352616,0.005621970087300701,0.010229315912053347,0.019566540170001496,1.5999999999999943,0,0.9944994108141335
M1_CROSS_BASELINE,3.816666666666658,228,O51,7,C1,-0.016129294840949264,-0.016129294840949264,0.016129294840949264,0.7190507502789428,0.7206861913441677,0.011930997136245717,1.5999999999999943,0,0.29117849936965623
M1_CROSS_BASELINE,3.816666666666658,228,O51,7,C3,-0.9999998775214136,-0.9999998775214136,0.9999998775214136,1.0001137623252407,1.0001140201919685,0.0014358803534875281,0.3999999999999986,0,0.002380635976940715
M1_CROSS_BASELINE,3.816666666666658,228,O52,9,C0,-0.9999746290046739,-0.9999746290046739,0.9999746290046739,1.0035796047029426,1.0035830350510062,0.005224286440507579,1.5999999999999943,0,0.0035058883871028623
M1_CROSS_BASELINE,3.816666666666658,228,O52,9,C2,-0.002511737365794263,-0.002511737365794263,0.002511737365794263,0.7028925830654642,0.7162975908458106,0.020180755903607933,1.5999999999999943,0,0.3122831887759048
M1_CROSS_BASELINE,3.816666666666658,228,O52,9,C1,0.9998924875068255,0.9998924875068255,0.9998924875068255,0.010918018923675386,0.014594580723011685,0.012545212869852154,1.5999999999999943,0,0.9892373013248538
M1_CROSS_BASELINE,3.816666666666658,228,O52,9,C3,0.0019610628218410704,0.0019610628218410704,0.0019610628218410704,0.7074161458347349,0.7091393964604824,0.0008216646198810906,0.3999999999999986,0,0.29391562461402354
M1_CROSS_BASELINE,3.9166666666666576,234,O53,0,C0,0.9999424467093464,0.9999424467093464,0.9999424467093464,0.004522139654615594,0.007078972831288837,0.0039021683757293466,1.699999999999994,0,0.9955097876475385
M1_CROSS_BASELINE,3.9166666666666576,234,O53,0,C2,0.006117170518853457,0.006117170518853457,0.006117170518853457,0.7131813174449506,0.7183629095270179,0.0188586378388297,1.699999999999994,0,0.3022165928699794
M1_CROSS_BASELINE,3.9166666666666576,234,O53,0,C1,-0.9999388565950135,-0.9999388565950135,0.9999388565950135,1.0118033315776245,1.011818778434634,0.011223094805073922,1.699999999999994,0,0.002590630002940797
M1_CROSS_BASELINE,3.9166666666666576,234,O53,0,C3,-0.005566503994356333,-0.005566503994356333,0.005566503994356333,0.7079973079698307,0.710290912728633,0.0021437826846593226,0.4999999999999982,0,0.29426686252677536
M1_CROSS_BASELINE,3.9166666666666576,234,O54,2,C0,0.002855053871189254,0.002855053871189254,0.002855053871189254,0.7039306694149939,0.7128022718954266,0.000987856564823258,1.699999999999994,0,0.30103923618157047
M1_CROSS_BASELINE,3.9166666666666576,234,O54,2,C2,-0.9999984572514095,-0.9999984572514095,0.9999984572514095,0.9998441368685543,0.9998759890525639,0.01594432602792361,1.699999999999994,0,0.02174295462111997
M1_CROSS_BASELINE,3.9166666666666576,234,O54,2,C1,0.01893102930417483,0.01893102930417483,0.01893102930417483,0.7103734054576726,0.7234034665726826,0.008308782994167834,1.699999999999994,0,0.2997323998771151
M1_CROSS_BASELINE,3.9166666666666576,234,O54,2,C3,0.9999973383356894,0.9999973383356894,0.9999973383356894,0.0032130263337563814,0.00338754760119407,0.005058094495565412,0.4999999999999982,0,0.9968065259184657
M1_CROSS_BASELINE,3.9166666666666576,234,O55,3,C0,0.0031533087520460353,0.0031533087520460353,0.0031533087520460353,0.7168222294782979,0.7169386209745436,0.004199413155756052,1.699999999999994,0,0.28823869337222463
M1_CROSS_BASELINE,3.9166666666666576,234,O55,3,C2,0.9999698530802872,0.9999698530802872,0.9999698530802872,0.008085111604572018,0.011547259742737783,0.019155882618856406,1.699999999999994,0,0.9920894496470034
M1_CROSS_BASELINE,3.9166666666666576,234,O55,3,C1,-0.024937946430270277,-0.024937946430270277,0.024937946430270277,0.7218307352624279,0.7219688694850839,0.011520339585100629,1.699999999999994,0,0.2884380625827405
M1_CROSS_BASELINE,3.9166666666666576,234,O55,3,C3,-0.999965425545866,-0.999965425545866,0.999965425545866,1.004220723594542,1.004221126878259,0.0018465379046326174,0.4999999999999982,0,0.0
M1_CROSS_BASELINE,3.9166666666666576,234,O56,5,C0,-0.9999720119697043,-0.9999720119697043,0.9999720119697043,1.003805513024914,1.0038060314727733,0.002103361777683248,1.699999999999994,0,0.0053588944946200145
M1_CROSS_BASELINE,3.9166666666666576,234,O56,5,C2,-0.0028701122830989893,-0.0028701122830989893,0.0028701122830989893,0.6995852608628594,0.7172705588068755,0.012853107685417106,1.699999999999994,0,0.31551910438188036
M1_CROSS_BASELINE,3.9166666666666576,234,O56,5,C1,0.9998976782878001,0.9998976782878001,0.9998976782878001,0.014746710427606063,0.01658781678840248,0.005217564651661328,1.699999999999994,0,0.9854630769655662
M1_CROSS_BASELINE,3.9166666666666576,234,O56,5,C3,0.002319438215860002,0.002319438215860002,0.002319438215860002,0.7109872423970962,0.7116894649278835,0.008149312838071918,0.4999999999999982,0,0.29550383256311374
M1_CROSS_BASELINE,4.016666666666658,240,O57,0,C0,0.9999775301384934,0.9999775301384934,0.9999775301384934,0.006763793315066493,0.007820515238814376,0.0052321121392175825,1.799999999999994,0,0.9932839605557493
M1_CROSS_BASELINE,4.016666666666658,240,O57,0,C2,0.0020921043622187958,0.0020921043622187958,0.0020921043622187958,0.7102111737794461,0.7163620700887087,0.020188581602317936,1.799999999999994,0,0.3051226097774419
M1_CROSS_BASELINE,4.016666666666658,240,O57,0,C1,-0.9998862462339329,-0.9998862462339329,0.9998862462339329,1.0097998739265217,1.0098194034865966,0.012553038568562158,1.799999999999994,0,0.004565586371671593
M1_CROSS_BASELINE,4.016666666666658,240,O57,0,C3,-0.0015414293499577964,-0.0015414293499577964,0.0015414293499577964,0.7081024301735966,0.7083813085499537,0.0008138389211710871,0.5999999999999983,0,0.29322511166846
M1_CROSS_BASELINE,4.016666666666658,240,O58,2,C0,0.007398867768566948,0.007398867768566948,0.007398867768566948,0.7068153436698955,0.7155496448874771,0.00012550700601905653,1.799999999999994,0,0.2982623795354401
M1_CROSS_BASELINE,4.016666666666658,240,O58,2,C2,-0.9999961154290044,-0.9999961154290044,0.9999961154290044,0.99926292499592,0.9992904028737587,0.014830962457081296,1.799999999999994,0,0.022311617864016142
M1_CROSS_BASELINE,4.016666666666658,240,O58,2,C1,0.01438778627755014,0.01438778627755014,0.01438778627755014,0.7066852934834033,0.720567015582087,0.007195419423325519,1.799999999999994,0,0.30336804459771405
M1_CROSS_BASELINE,4.016666666666658,240,O58,2,C3,0.9999974987150018,0.9999974987150018,0.9999974987150018,0.0025167675784084523,0.0034067507848470724,0.006171458066407726,0.5999999999999983,0,0.9975013127437715
M1_CROSS_BASELINE,4.016666666666658,240,O59,3,C0,-0.006500792153851983,-0.006500792153851983,0.006500792153851983,0.7143534677404605,0.7143621687627592,0.004550808395993417,1.799999999999994,0,0.29069002510834374
M1_CROSS_BASELINE,4.016666666666658,240,O59,3,C2,0.9999982154213429,0.9999982154213429,0.9999982154213429,0.005957890311981517,0.010581410162094861,0.01950727785909377,1.799999999999994,0,0.9941707432605
M1_CROSS_BASELINE,4.016666666666658,240,O59,3,C1,-0.015285784727010716,-0.015285784727010716,0.015285784727010716,0.7195854768908377,0.7211089762707784,0.011871734825337992,1.799999999999994,0,0.2906513798035848
M1_CROSS_BASELINE,4.016666666666658,240,O59,3,C3,-0.9999991041478326,-0.9999991041478326,0.9999991041478326,1.0009019983427496,1.000902277826123,0.0014951426643952527,0.5999999999999983,0,0.0016533826753827308
M1_CROSS_BASELINE,4.016666666666658,240,O60,5,C0,-0.999997917903147,-0.999997917903147,0.999997917903147,1.0061894156642848,1.0061917329739567,0.004317562514147018,1.799999999999994,0,0.0009145032660690111
M1_CROSS_BASELINE,4.016666666666658,240,O60,5,C2,0.002570977510266856,0.002570977510266856,0.002570977510266856,0.704795048607766,0.7183105398107577,0.01927403197724737,1.799999999999994,0,0.3104217983334143
M1_CROSS_BASELINE,4.016666666666658,240,O60,5,C1,0.9998050425840934,0.9998050425840934,0.9998050425840934,0.009255234775463613,0.01478635565547319,0.011638488943491595,1.799999999999994,0,0.9908764306279003
M1_CROSS_BASELINE,4.016666666666658,240,O60,5,C3,-0.0031216512006639937,-0.0031216512006639937,0.0031216512006639937,0.7092081323297341,0.7111580431699378,0.001728388546241651,0.5999999999999983,0,0.29276706946869857
M1_CROSS_BASELINE,4.116666666666657,246,O61,0,C0,0.9999969416153265,0.9999969416153265,0.9999969416153265,0.006023528738665303,0.00618980798440751,0.0014226899132161464,1.8999999999999937,0,0.9940274358165404
M1_CROSS_BASELINE,4.116666666666657,246,O61,0,C2,-0.0021384037177098318,-0.0021384037177098318,0.0021384037177098318,0.7135779762123402,0.7185500870079409,0.013533779549884207,1.8999999999999937,0,0.30182849814651036
M1_CROSS_BASELINE,4.116666666666657,246,O61,0,C1,-0.9998134903640243,-0.9998134903640243,0.9998134903640243,1.0134261617760802,1.01343049545192,0.005898236516128429,1.8999999999999937,0,0.0009908862628897896
M1_CROSS_BASELINE,4.116666666666657,246,O61,0,C3,0.0026890780346022886,0.0026890780346022886,0.0026890780346022886,0.7099063633748868,0.7133578208690163,0.007468640973604816,0.699999999999998,0,0.2961000929095955
M1_CROSS_BASELINE,4.116666666666657,246,O62,2,C0,0.0012425396822955126,0.0012425396822955126,0.0012425396822955126,0.7053800316204117,0.7113681206088566,0.003512971661766953,1.8999999999999937,0,0.2996001067926063
M1_CROSS_BASELINE,4.116666666666657,246,O62,2,C2,-0.999994324667784,-0.999994324667784,0.999994324667784,1.0006126373367765,1.0006554017075826,0.018469441124867307,1.8999999999999937,0,0.02099104642893934
M1_CROSS_BASELINE,4.116666666666657,246,O62,2,C1,0.020543232764991783,0.020543232764991783,0.020543232764991783,0.710001813530041,0.7230675235652626,0.01083389809111153,1.8999999999999937,0,0.3000987055205815
M1_CROSS_BASELINE,4.116666666666657,246,O62,2,C3,0.9999923177810406,0.9999923177810406,0.9999923177810406,0.003035063518582565,0.0030766229881849147,0.0025329793986217162,0.699999999999998,0,0.9969758158320635
M1_CROSS_BASELINE,4.116666666666657,246,O63,3,C0,-0.008395884891588776,-0.008395884891588776,0.008395884891588776,0.7126085046110662,0.713949604299146,0.0005594228826723901,1.8999999999999937,0,0.29242266841364273
M1_CROSS_BASELINE,4.116666666666657,246,O63,3,C2,0.9999928392909044,0.9999928392909044,0.9999928392909044,0.009881448463779849,0.011584453237948303,0.015515892345772744,1.8999999999999937,0,0.9903318965208756
M1_CROSS_BASELINE,4.116666666666657,246,O63,3,C1,-0.013390834238222158,-0.013390834238222158,0.013390834238222158,0.723150198176864,0.7248277775051344,0.007880349312016966,1.8999999999999937,0,0.28713737040951937
M1_CROSS_BASELINE,4.116666666666657,246,O63,3,C3,-0.9999947716248583,-0.9999947716248583,0.9999947716248583,1.0021770013859754,1.0021807376748155,0.005486528177716279,0.699999999999998,0,0.004345529607169385
M1_CROSS_BASELINE,4.116666666666657,246,O64,5,C0,-0.9999853879563407,-0.9999853879563407,0.9999853879563407,1.0027303605208768,1.002734536885671,0.005769639598730251,1.8999999999999937,0,0.004349136718161506
M1_CROSS_BASELINE,4.116666666666657,246,O64,5,C2,-0.000794320943312186,-0.000794320943312186,0.000794320943312186,0.7016141060743168,0.7167627658623973,0.020726109061830606,1.8999999999999937,0,0.31353406286500207
M1_CROSS_BASELINE,4.116666666666657,246,O64,5,C1,0.9998658298223115,0.9998658298223115,0.9998658298223115,0.012197865507797924,0.016101889795270007,0.013090566028074827,1.8999999999999937,0,0.9879756618981758
M1_CROSS_BASELINE,4.116666666666657,246,O64,5,C3,0.00024364509641884992,0.00024364509641884992,0.00024364509641884992,0.7074839206041014,0.7081607572536518,0.0002763114616584178,0.699999999999998,0,0.29346339084738826
M1_CROSS_BASELINE,4.216666666666657,252,O65,0,C0,0.99999223837285,0.99999223837285,0.99999223837285,0.009552847996263627,0.009756920004585092,0.0005038358481438568,1.9999999999999933,0,0.9905145972150087
M1_CROSS_BASELINE,4.216666666666657,252,O65,0,C2,-0.0006716575818868828,-0.0006716575818868828,0.0006716575818868828,0.7090891788943163,0.717810881308209,0.01546030531124421,1.9999999999999933,0,0.30622038028064735
M1_CROSS_BASELINE,4.216666666666657,252,O65,0,C1,-0.9998407418947253,-0.9998407418947253,0.9998407418947253,1.0111063178081625,1.0111140534732777,0.007824762277488432,1.9999999999999933,0,0.0032777280218752036
M1_CROSS_BASELINE,4.216666666666657,252,O65,0,C3,0.0012223332560174387,0.0012223332560174387,0.0012223332560174387,0.7110631921163232,0.7111259258322791,0.005542115212244812,0.7999999999999976,0,0.2936036756579614
M1_CROSS_BASELINE,4.216666666666657,252,O66,2,C0,0.007268040821146963,0.007268040821146963,0.007268040821146963,0.7066376608067932,0.715777454113398,0.0006043119151428638,1.9999999999999933,0,0.29877212526376773
M1_CROSS_BASELINE,4.216666666666657,252,O66,2,C2,-0.9999964715364972,-0.9999964715364972,0.9999964715364972,0.9986488471315234,0.99867459860849,0.01435215754795749,1.9999999999999933,0,0.022912437506904304
M1_CROSS_BASELINE,4.216666666666657,252,O66,2,C1,0.014518603077401243,0.014518603077401243,0.014518603077401243,0.7060056436786417,0.7207584579907851,0.006716614514201712,1.9999999999999933,0,0.30403802567252314
M1_CROSS_BASELINE,4.216666666666657,252,O66,2,C3,0.999997782777523,0.999997782777523,0.999997782777523,0.0025571767810647814,0.003489828050923253,0.006650262975531533,0.7999999999999976,0,0.9974624001253152
M1_CROSS_BASELINE,4.216666666666657,252,O67,3,C0,-0.008927372453835063,-0.008927372453835063,0.008927372453835063,0.715410290573392,0.7161531066055051,0.004441561540939379,1.9999999999999933,0,0.2896406636774226
M1_CROSS_BASELINE,4.216666666666657,252,O67,3,C2,0.9999906866271127,0.9999906866271127,0.9999906866271127,0.010507770060489738,0.01381327124606747,0.019398031004039733,1.9999999999999933,0,0.9897190974934459
M1_CROSS_BASELINE,4.216666666666657,252,O67,3,C1,-0.012859372520673415,-0.012859372520673415,0.012859372520673415,0.7243045639566971,0.7254749875975709,0.011762487970283956,1.9999999999999933,0,0.2859994266913324
M1_CROSS_BASELINE,4.216666666666657,252,O67,3,C3,-0.9999929116473636,-0.9999929116473636,0.9999929116473636,1.0049613900314578,1.004961705384395,0.0016043895194492901,0.7999999999999976,0,0.0
M1_CROSS_BASELINE,4.216666666666657,252,O68,5,C0,-0.9999994083169028,-0.9999994083169028,0.9999994083169028,1.005216067029303,1.0052166350165586,0.002138140670110729,1.9999999999999933,0,0.0018809798452664728
M1_CROSS_BASELINE,4.216666666666657,252,O68,5,C2,0.005699411869580832,0.005699411869580832,0.005699411869580832,0.7028544659270848,0.7198338053548804,0.01709461013321108,1.9999999999999933,0,0.3123204829478605
M1_CROSS_BASELINE,4.216666666666657,252,O68,5,C1,0.9997383775800142,0.9997383775800142,0.9997383775800142,0.011270099951282711,0.016760847928643477,0.009459067099455305,1.9999999999999933,0,0.9888902290184342
M1_CROSS_BASELINE,4.216666666666657,252,O68,5,C3,-0.006250077961648176,-0.006250077961648176,0.006250077961648176,0.7097499575303212,0.7114042339590024,0.0039078103902779405,0.7999999999999976,0,0.29376165779333874
M1_CROSS_BASELINE,4.316666666666657,258,O69,0,C0,0.999989297285241,0.999989297285241,0.999989297285241,0.006404687125237394,0.006932051467530199,0.0026395239694651756,2.099999999999993,0,0.9936405313767699
M1_CROSS_BASELINE,4.316666666666657,258,O69,0,C2,1.4988028081913783e-05,1.4988028081913783e-05,1.4988028081913783e-05,0.7099390743811982,0.7165217938314947,0.01759599343256553,2.099999999999993,0,0.3053888344254285
M1_CROSS_BASELINE,4.316666666666657,258,O69,0,C1,-0.9998527602827855,-0.9998527602827855,0.9998527602827855,1.0087513211831751,1.0087636524848358,0.009960450398809752,2.099999999999993,0,0.005599222354584765
M1_CROSS_BASELINE,4.316666666666657,258,O69,0,C3,0.0005356878743089062,0.0005356878743089062,0.0005356878743089062,0.7068894199626732,0.7093287589277233,0.0034064270909234936,0.8999999999999972,0,0.2962569430861517
M1_CROSS_BASELINE,4.316666666666657,258,O70,2,C0,0.0020637006330627146,0.0020637006330627146,0.0020637006330627146,0.7059644227190564,0.712163314025996,0.005031948902696352,2.099999999999993,0,0.29901984162385487
M1_CROSS_BASELINE,4.316666666666657,258,O70,2,C2,-0.9999967540683401,-0.9999967540683401,0.9999967540683401,0.998556190179958,0.9986062866975729,0.019988418365796706,2.099999999999993,0,0.02300309395257405
M1_CROSS_BASELINE,4.316666666666657,258,O70,2,C1,0.019722237128666754,0.019722237128666754,0.019722237128666754,0.7065478028157356,0.7218015219330152,0.012352875332040927,2.099999999999993,0,0.30350357931670424
M1_CROSS_BASELINE,4.316666666666657,258,O70,2,C3,0.9999951993734129,0.9999951993734129,0.9999951993734129,0.0017316606382851865,0.002375832245278388,0.0010140021576923175,0.8999999999999972,0,0.9982719311054443
M1_CROSS_BASELINE,4.316666666666657,258,O71,3,C0,-0.006526508776854978,-0.006526508776854978,0.006526508776854978,0.7147871621910097,0.7147871898003034,0.0045527612300345155,2.099999999999993,0,0.2902593926361551
M1_CROSS_BASELINE,4.316666666666657,258,O71,3,C2,0.9999981665052549,0.9999981665052549,0.9999981665052549,0.006295169206290615,0.010843045180285019,0.019509230693134868,2.099999999999993,0,0.9938407463715362
M1_CROSS_BASELINE,4.316666666666657,258,O71,3,C1,-0.015260070558040637,-0.015260070558040637,0.015260070558040637,0.7200183531361363,0.7213795626223289,0.011873687659379092,2.099999999999993,0,0.2902246616760247
M1_CROSS_BASELINE,4.316666666666657,258,O71,3,C3,-0.9999990693935512,-0.9999990693935512,0.9999990693935512,1.0015128224894831,1.0015131010726095,0.0014931898303541537,0.8999999999999972,0,0.0010421721921192173
M1_CROSS_BASELINE,4.316666666666657,258,O72,5,C0,-0.9999869579017494,-0.9999869579017494,0.9999869579017494,1.0046625206468573,1.0046688526511123,0.007112443853573426,2.099999999999993,0,0.002430618068310242
M1_CROSS_BASELINE,4.316666666666657,258,O72,5,C2,-0.0004956582071475707,-0.0004956582071475707,0.0004956582071475707,0.7022976233765555,0.7160743077387508,0.02206891331667378,2.099999999999993,0,0.31286530301344406
M1_CROSS_BASELINE,4.316666666666657,258,O72,5,C1,0.9998608929683046,0.9998608929683046,0.9998608929683046,0.011762038911634362,0.016122773281805395,0.014433370282918002,2.099999999999993,0,0.9884052884047713
M1_CROSS_BASELINE,4.316666666666657,258,O72,5,C3,-5.5017700541046374e-05,-5.5017700541046374e-05,5.5017700541046374e-05,0.7095207024716013,0.7096107679447428,0.0010664927931847569,0.8999999999999972,0,0.29123375819460107
M1_CROSS_BASELINE,4.416666666666656,264,O73,0,C0,0.9999876262808196,0.9999876262808196,0.9999876262808196,0.006375316489645554,0.0073120551201890675,0.007110599100057767,2.1999999999999926,0,0.9936696946492044
M1_CROSS_BASELINE,4.416666666666656,264,O73,0,C2,0.0003630685361253031,0.0003630685361253031,0.0003630685361253031,0.7103278200602554,0.7151304110555754,0.02206706856315812,2.1999999999999926,0,0.30500848194310126
M1_CROSS_BASELINE,4.416666666666656,264,O73,0,C1,-0.9998586726936501,-0.9998586726936501,0.9998586726936501,1.0095048362956758,1.009530679376123,0.014431525529402342,2.1999999999999926,0,0.004856426783363621
M1_CROSS_BASELINE,4.416666666666656,264,O73,0,C3,0.00018760738280931784,0.00018760738280931784,0.00018760738280931784,0.7075695790573474,0.7076707147710213,0.0010646480396690975,0.9999999999999969,0,0.2931828069042468
M1_CROSS_BASELINE,4.416666666666656,264,O74,3,C0,0.008931290133002048,0.008931290133002048,0.008931290133002048,0.7073222791919945,0.7159564011729457,0.001338115772351365,2.1999999999999926,0,0.297671571916741
M1_CROSS_BASELINE,4.416666666666656,264,O74,3,C2,-0.9999906697106038,-0.9999906697106038,0.9999906697106038,0.9995544364465833,0.9995875990712245,0.016294585235451717,2.1999999999999926,0,0.022026400278690184
M1_CROSS_BASELINE,4.416666666666656,264,O74,3,C1,0.012855455009161134,0.012855455009161134,0.012855455009161134,0.7065866890493944,0.7194356617026506,0.00865904220169594,2.1999999999999926,0,0.3034652462804267
M1_CROSS_BASELINE,4.416666666666656,264,O74,3,C3,0.9999928968882947,0.9999928968882947,0.9999928968882947,0.00303111368708355,0.003134390511200927,0.004707835288037305,0.9999999999999969,0,0.9969862824120121
M1_CROSS_BASELINE,4.416666666666656,264,O75,4,C0,-0.001001629437916398,-0.001001629437916398,0.001001629437916398,0.7157929478711397,0.7158499680390114,0.0020469580735847344,2.1999999999999926,0,0.28926070802449355
M1_CROSS_BASELINE,4.416666666666656,264,O75,4,C2,0.9999934840050729,0.9999934840050729,0.9999934840050729,0.006269989307282327,0.009608348471967846,0.017003427536685087,2.1999999999999926,0,0.9938653826250265
M1_CROSS_BASELINE,4.416666666666656,264,O75,4,C1,-0.020784091722744633,-0.020784091722744633,0.020784091722744633,0.7200762278920767,0.7204902799795316,0.009367884502929311,2.1999999999999926,0,0.2901676102490728
M1_CROSS_BASELINE,4.416666666666656,264,O75,4,C3,-0.9999913444557155,-0.9999913444557155,0.9999913444557155,1.0022633841538253,1.0022653618747301,0.003998992986803935,0.9999999999999969,0,0.00278597253670565
M1_CROSS_BASELINE,4.416666666666656,264,O76,8,C0,-0.9999908776268246,-0.9999908776268246,0.9999908776268246,1.0070025493209012,1.0070026386146282,0.0008623654045991424,2.1999999999999926,0,0.0009625632064129697
M1_CROSS_BASELINE,4.416666666666656,264,O76,8,C2,0.0003402261210233014,0.0003402261210233014,0.0003402261210233014,0.7042820460370468,0.7182526945247245,0.01409410405850121,2.1999999999999926,0,0.31092372494437115
M1_CROSS_BASELINE,4.416666666666656,264,O76,8,C1,0.9998466018099419,0.9998466018099419,0.9998466018099419,0.010243863940487909,0.013913599119043107,0.006458561024745434,2.1999999999999926,0,0.9899018657476779
M1_CROSS_BASELINE,4.416666666666656,264,O76,8,C3,-0.0008909019377462805,-0.0008909019377462805,0.0008909019377462805,0.7108563833813362,0.7134399431919322,0.0069083164649878116,0.9999999999999969,0,0.2947662946230146
M1_CROSS_BASELINE,4.516666666666656,270,O77,0,C0,0.999973278446482,0.999973278446482,0.999973278446482,0.002360938034538622,0.004291525782970648,0.0004724834876138776,2.2999999999999923,0,0.9976568300007805
M1_CROSS_BASELINE,4.516666666666656,270,O77,0,C2,0.002698875954380556,0.002698875954380556,0.002698875954380556,0.7136197886520241,0.718681885322385,0.014483985975486476,2.2999999999999923,0,0.30178758845649256
M1_CROSS_BASELINE,4.516666666666656,270,O77,0,C1,-0.9998952140834979,-0.9998952140834979,0.9998952140834979,1.0101694884104517,1.0101751878611336,0.006848442941730698,2.2999999999999923,0,0.004201230040699944
M1_CROSS_BASELINE,4.516666666666656,270,O77,0,C3,-0.0021482016505378655,-0.0021482016505378655,0.0021482016505378655,0.7052491184131198,0.7112193677114159,0.006518434548002547,1.0999999999999965,0,0.30005847164705457
M1_CROSS_BASELINE,4.516666666666656,270,O78,2,C0,-0.0002000681302069861,-0.0002000681302069861,0.0002000681302069861,0.7094879454388516,0.7128765577534543,0.002228225366104585,2.2999999999999923,0,0.2970764096984211
M1_CROSS_BASELINE,4.516666666666656,270,O78,2,C2,-0.9999884238687523,-0.9999884238687523,0.9999884238687523,1.0027307667288898,1.0027510689001484,0.012728244096995769,2.2999999999999923,0,0.018918648417636796
M1_CROSS_BASELINE,4.516666666666656,270,O78,2,C1,0.021985514581795994,0.021985514581795994,0.021985514581795994,0.7088690067019842,0.7238155596866299,0.005092701063239991,2.2999999999999923,0,0.3012153969856499
M1_CROSS_BASELINE,4.516666666666656,270,O78,2,C3,0.9999856225800854,0.9999856225800854,0.9999856225800854,0.005458025804825172,0.007345922931242026,0.008274176426493255,1.0999999999999965,0,0.9945924731782254
M1_CROSS_BASELINE,4.516666666666656,270,O79,3,C0,-0.0006676097812028979,-0.0006676097812028979,0.0006676097812028979,0.7156823601785396,0.7157979633387428,0.0032613727255449156,2.2999999999999923,0,0.2893705149436223
M1_CROSS_BASELINE,4.516666666666656,270,O79,3,C2,0.9999922224165282,0.9999922224165282,0.9999922224165282,0.006336801181864204,0.010126413361786624,0.018217842188645268,2.2999999999999923,0,0.9938000132493262
M1_CROSS_BASELINE,4.516666666666656,270,O79,3,C1,-0.02111803817923797,-0.02111803817923797,0.02111803817923797,0.7201417526056594,0.7206103967583191,0.010582299154889492,2.2999999999999923,0,0.2901030176931342
M1_CROSS_BASELINE,4.516666666666656,270,O79,3,C3,-0.9999898989320345,-0.9999898989320345,0.9999898989320345,1.0022314084103772,1.0022323627808964,0.0027845783348437536,1.0999999999999965,0,0.0016114377954906667
M1_CROSS_BASELINE,4.516666666666656,270,O80,5,C0,-0.9999982634889499,-0.9999982634889499,0.9999982634889499,1.0074861572775775,1.0074861802387947,0.0004248085117930194,2.2999999999999923,0,0.0
M1_CROSS_BASELINE,4.516666666666656,270,O80,5,C2,0.0027480079829515745,0.0027480079829515745,0.0027480079829515745,0.704070655956304,0.7187114453322702,0.015381277974893373,2.2999999999999923,0,0.31113055101674025
M1_CROSS_BASELINE,4.516666666666656,270,O80,5,C1,0.9998015313852212,0.9998015313852212,0.9998015313852212,0.010796431528481303,0.015260087726031612,0.007745734941137596,2.2999999999999923,0,0.9893571590120696
M1_CROSS_BASELINE,4.516666666666656,270,O80,5,C3,-0.003298681387241669,-0.003298681387241669,0.003298681387241669,0.7117449070896309,0.7136504347924626,0.00562114254859565,1.0999999999999965,0,0.29298194197531724
M1_CROSS_BASELINE,4.616666666666656,276,O81,0,C0,0.9999978929021888,0.9999978929021888,0.9999978929021888,0.004242896542974066,0.00456330495785053,0.0028205698392902434,2.399999999999992,0,0.9957988252864437
M1_CROSS_BASELINE,4.616666666666656,276,O81,0,C2,-0.002558762548448673,-0.002558762548448673,0.002558762548448673,0.7151881245118731,0.7188730316240676,0.01213589962381011,2.399999999999992,0,0.30025311368403196
M1_CROSS_BASELINE,4.616666666666656,276,O81,0,C1,-0.9998052836983687,-0.9998052836983687,0.9998052836983687,1.0135777375572923,1.0135802264775409,0.004500356590054332,2.399999999999992,0,0.0008414668058400743
M1_CROSS_BASELINE,4.616666666666656,276,O81,0,C3,0.0031094362579504845,0.0031094362579504845,0.0031094362579504845,0.7085267765513417,0.7142842715509888,0.008866520899678912,1.1999999999999962,0,0.298440405657749
M1_CROSS_BASELINE,4.616666666666656,276,O82,2,C0,-9.016005424418438e-06,-9.016005424418438e-06,9.016005424418438e-06,0.706949829693778,0.7109501141456838,0.003553150955825334,2.399999999999992,0,0.29804139183945233
M1_CROSS_BASELINE,4.616666666666656,276,O82,2,C2,-0.9999893248974961,-0.9999893248974961,0.9999893248974961,1.002815059858132,1.0028579858184965,0.018509620418925687,2.399999999999992,0,0.018836175215546924
M1_CROSS_BASELINE,4.616666666666656,276,O82,2,C1,0.02179450823492638,0.02179450823492638,0.02179450823492638,0.7115181814774612,0.7232562113719009,0.01087407738516991,2.399999999999992,0,0.29860390949459703
M1_CROSS_BASELINE,4.616666666666656,276,O82,2,C3,0.9999866288153241,0.9999866288153241,0.9999866288153241,0.005115463532054928,0.005161442347160137,0.0024928001045633357,1.1999999999999962,0,0.9949026690528407
M1_CROSS_BASELINE,4.616666666666656,276,O83,3,C0,-0.006856960801035046,-0.006856960801035046,0.006856960801035046,0.7117319052371823,0.7130638241142249,0.0009601581282227571,2.399999999999992,0,0.29329307880283884
M1_CROSS_BASELINE,4.616666666666656,276,O83,3,C2,0.9999974790944638,0.9999974790944638,0.9999974790944638,0.010147345532248195,0.011324840979049462,0.01591662759132311,2.399999999999992,0,0.9900717402915363
M1_CROSS_BASELINE,4.616666666666656,276,O83,3,C1,-0.014929648785431168,-0.014929648785431168,0.014929648785431168,0.723095024409932,0.7248451616658653,0.008281084557567334,2.399999999999992,0,0.2871917592718589
M1_CROSS_BASELINE,4.616666666666656,276,O83,3,C3,-0.9999985639585109,-0.9999985639585109,0.9999985639585109,1.001519535743752,1.0015227554935948,0.005085792932165913,1.1999999999999962,0,0.0046024214581915635
M1_CROSS_BASELINE,4.616666666666656,276,O84,5,C0,-0.9999892882313922,-0.9999892882313922,0.9999892882313922,1.002337562359449,1.00233964814349,0.004078994936777171,2.399999999999992,0,0.004739161638039113
M1_CROSS_BASELINE,4.616666666666656,276,O84,5,C2,-1.6944531475172e-05,-1.6944531475172e-05,1.6944531475172e-05,0.7018583788115345,0.7177116501668827,0.019035464399877525,2.399999999999992,0,0.3132950640877271
M1_CROSS_BASELINE,4.616666666666656,276,O84,5,C1,0.9998527938540228,0.9998527938540228,0.9998527938540228,0.011955387019270847,0.0157080207268828,0.011399921366121748,2.399999999999992,0,0.988214690876369
M1_CROSS_BASELINE,4.616666666666656,276,O84,5,C3,-0.0005337313711950948,-0.0005337313711950948,0.0005337313711950948,0.7066934128774934,0.7087137926730568,0.001966956123611498,1.1999999999999962,0,0.2954424016948133
M1_CROSS_BASELINE,4.716666666666655,282,O85,0,C0,0.9999718267536648,0.9999718267536648,0.9999718267536648,0.0018939130371594085,0.004246805819808959,0.0027358713949495054,2.4999999999999916,0,0.9981245531615967
M1_CROSS_BASELINE,4.716666666666655,282,O85,0,C2,0.002894827358679866,0.002894827358679866,0.002894827358679866,0.7139824160966644,0.7194965924959329,0.012220598068150849,2.4999999999999916,0,0.3014327903039745
M1_CROSS_BASELINE,4.716666666666655,282,O85,0,C1,-0.9998980315329754,-0.9998980315329754,0.9998980315329754,1.0101712169451005,1.0101737398413866,0.00458505503439507,2.4999999999999916,0,0.00419952609626606
M1_CROSS_BASELINE,4.716666666666655,282,O85,0,C3,-0.002344153326924097,-0.002344153326924097,0.002344153326924097,0.7048924017889965,0.7122187689187993,0.008781822455338175,1.2999999999999958,0,0.30198050258287357
M1_CROSS_BASELINE,4.716666666666655,282,O86,2,C0,8.262170685983776e-06,8.262170685983776e-06,8.262170685983776e-06,0.710516573572839,0.7131189974331072,0.001868260722529515,2.4999999999999916,0,0.29580615910116204
M1_CROSS_BASELINE,4.716666666666655,282,O86,2,C2,-0.9999894045840448,-0.9999894045840448,0.9999894045840448,1.0044808956267541,1.004502319603809,0.013088208740570838,2.4999999999999916,0,0.017206305601866423
M1_CROSS_BASELINE,4.716666666666655,282,O86,2,C1,0.02177723415962274,0.02177723415962274,0.02177723415962274,0.7102969023354908,0.7234937841047426,0.005452665706815061,2.4999999999999916,0,0.2998078146622978
M1_CROSS_BASELINE,4.716666666666655,282,O86,2,C3,0.9999867180164347,0.9999867180164347,0.9999867180164347,0.006978711420218061,0.00836242764165995,0.007914211782918184,1.2999999999999958,0,0.9930833906170323
M1_CROSS_BASELINE,4.716666666666655,282,O87,3,C0,-0.0054541879387696,-0.0054541879387696,0.0054541879387696,0.7134307919268152,0.7134917263694287,0.006266949856898087,2.4999999999999916,0,0.2916061866274863
M1_CROSS_BASELINE,4.716666666666655,282,O87,3,C2,0.9999996450137608,0.9999996450137608,0.9999996450137608,0.006506740497654427,0.011139894744856623,0.02122341931999844,2.4999999999999916,0,0.9936337430009661
M1_CROSS_BASELINE,4.716666666666655,282,O87,3,C1,-0.01633227684332395,-0.01633227684332395,0.01633227684332395,0.7198664610497312,0.7216106806269338,0.013587876286242664,2.4999999999999916,0,0.2903743929384951
M1_CROSS_BASELINE,4.716666666666655,282,O87,3,C3,-0.9999999573905564,-0.9999999573905564,0.9999999573905564,1.0004477969385988,1.0004478030364383,0.00022099879650941797,1.2999999999999958,0,0.0006160177023970537
M1_CROSS_BASELINE,4.716666666666655,282,O88,5,C0,-0.99999983906706,-0.99999983906706,0.99999983906706,1.0057878452455995,1.0057887807683659,0.0027428696547776524,2.4999999999999916,0,0.0013132385091355614
M1_CROSS_BASELINE,4.716666666666655,282,O88,5,C2,0.0051789254148077194,0.0051789254148077194,0.0051789254148077194,0.7050168772555503,0.7200120863581548,0.017699339117878004,2.4999999999999916,0,0.31020475906743283
M1_CROSS_BASELINE,4.716666666666655,282,O88,5,C1,0.999750147446522,0.999750147446522,0.999750147446522,0.00888842093291936,0.01513708635366638,0.010063796084122228,2.4999999999999916,0,0.9912380261595416
M1_CROSS_BASELINE,4.716666666666655,282,O88,5,C3,-0.005729593144786331,-0.005729593144786331,0.005729593144786331,0.7084254929573683,0.7113484447354962,0.0033030814056110172,1.2999999999999958,0,0.29465513725287285
M1_CROSS_BASELINE,4.816666666666655,288,O89,1,C0,0.999985659608256,0.999985659608256,0.999985659608256,0.006612229387046091,0.007550752937218342,0.006206517761058923,2.599999999999991,0,0.9934344544090495
M1_CROSS_BASELINE,4.816666666666655,288,O89,1,C2,0.0007438343062257094,0.0007438343062257094,0.0007438343062257094,0.709953814108943,0.7155745921266398,0.021162987224159276,2.599999999999991,0,0.30537441293513656
M1_CROSS_BASELINE,4.816666666666655,288,O89,1,C1,-0.9998650015490036,-0.9998650015490036,0.9998650015490036,1.009115098582973,1.0091378131218118,0.0135274441904035,2.599999999999991,0,0.005240620069112967
M1_CROSS_BASELINE,4.816666666666655,288,O89,1,C3,-0.00019315844560552863,-0.00019315844560552863,0.00019315844560552863,0.7073889893141175,0.7077479036117725,0.00016056670067025416,1.3999999999999955,0,0.2933632046194534
M1_CROSS_BASELINE,4.816666666666655,288,O90,3,C0,0.01365852557960872,0.01365852557960872,0.01365852557960872,0.7088056364007906,0.7171009163935337,0.0028423342118342717,2.599999999999991,0,0.29619868753661105
M1_CROSS_BASELINE,4.816666666666655,288,O90,3,C2,-0.9999590731530644,-0.9999590731530644,0.9999590731530644,1.0022441535673594,1.0022836447527543,0.017798803674934624,2.599999999999991,0,0.019394755378799755
M1_CROSS_BASELINE,4.816666666666655,288,O90,3,C1,0.008128178201651737,0.008128178201651737,0.008128178201651737,0.7088679859104147,0.7168847360508235,0.010163260641178848,2.599999999999991,0,0.3012164032553908
M1_CROSS_BASELINE,4.816666666666655,288,O90,3,C3,0.9999639036181024,0.9999639036181024,0.9999639036181024,0.004814270171503247,0.004866951372542267,0.0032036168485543976,1.3999999999999955,0,0.9952061902267354
M1_CROSS_BASELINE,4.816666666666655,288,O91,7,C0,-0.004792318403418229,-0.004792318403418229,0.004792318403418229,0.7134867534854874,0.7135357394922404,0.007110777480069227,2.599999999999991,0,0.2915506201697463
M1_CROSS_BASELINE,4.816666666666655,288,O91,7,C2,0.9999999836700619,0.9999999836700619,0.9999999836700619,0.007097088324101035,0.01166543041888024,0.02206724694316958,2.599999999999991,0,0.9930561410536722
M1_CROSS_BASELINE,4.816666666666655,288,O91,7,C1,-0.01699406316977982,-0.01699406316977982,0.01699406316977982,0.7205142432181377,0.7221478027244335,0.014431703909413804,2.599999999999991,0,0.28973582614955373
M1_CROSS_BASELINE,4.816666666666655,288,O91,7,C3,-0.9999999315664683,-0.9999999315664683,0.9999999315664683,1.0009432813786148,1.0009434229955236,0.0010648264196805577,1.3999999999999955,0,0.00012106013005297456
M1_CROSS_BASELINE,4.816666666666655,288,O92,9,C0,-0.9999993241701235,-0.9999993241701235,0.9999993241701235,1.0040816045817347,1.0040825168878567,0.0027043160088099953,2.599999999999991,0,0.005677410566983676
M1_CROSS_BASELINE,4.816666666666655,288,O92,9,C2,0.0034490003779424896,0.0034490003779424896,0.0034490003779424896,0.7051695586870615,0.7212155938751956,0.012252153454290357,2.599999999999991,0,0.3100553740977492
M1_CROSS_BASELINE,4.816666666666655,288,O92,9,C1,0.9997873202929595,0.9997873202929595,0.9997873202929595,0.00872505500715895,0.012975574343063925,0.00461661042053458,2.599999999999991,0,0.9913990680339912
M1_CROSS_BASELINE,4.816666666666655,288,O92,9,C3,-0.003999672479857511,-0.003999672479857511,0.003999672479857511,0.7058797774235582,0.7123758434988203,0.008750267069198665,1.3999999999999955,0,0.3009809113985621
M1_CROSS_BASELINE,4.9166666666666545,294,O93,1,C0,0.9999383013274763,0.9999383013274763,0.9999383013274763,0.004629268560313211,0.007240226226081387,0.00040958120422661723,2.699999999999991,0,0.9954052837182473
M1_CROSS_BASELINE,4.9166666666666545,294,O93,1,C2,0.0064968308612774524,0.0064968308612774524,0.0064968308612774524,0.7132681761545334,0.719913294378612,0.014546888258873736,2.699999999999991,0,0.30213160947960016
M1_CROSS_BASELINE,4.9166666666666545,294,O93,1,C1,-0.9999429829567049,-0.9999429829567049,0.9999429829567049,1.0119971154815388,1.0120029454723878,0.006911345225117958,2.699999999999991,0,0.0023996028779189604
M1_CROSS_BASELINE,4.9166666666666545,294,O93,1,C3,-0.005946165597845102,-0.005946165597845102,0.005946165597845102,0.708185962989202,0.7118744023316456,0.006455532264615286,1.4999999999999951,0,0.29709984800817124
M1_CROSS_BASELINE,4.9166666666666545,294,O94,4,C0,0.0008906202954698508,0.0008906202954698508,0.0008906202954698508,0.7045636977761817,0.7123228896067861,0.0005755561513475914,2.699999999999991,0,0.300410677140064
M1_CROSS_BASELINE,4.9166666666666545,294,O94,4,C2,-0.9999930771027561,-0.9999930771027561,0.9999930771027561,1.000938441227473,1.0009687326207901,0.015532025614447945,2.699999999999991,0,0.02067227679301975
M1_CROSS_BASELINE,4.9166666666666545,294,O94,4,C1,0.020895076807263352,0.020895076807263352,0.020895076807263352,0.71127129058826,0.7242216988891338,0.007896482580692168,2.699999999999991,0,0.2988472881024459
M1_CROSS_BASELINE,4.9166666666666545,294,O94,4,C3,0.9999908764237841,0.9999908764237841,0.9999908764237841,0.004106759614734266,0.004238460631234796,0.005470394909041078,1.4999999999999951,0,0.995919903267751
M1_CROSS_BASELINE,4.9166666666666545,294,O95,9,C0,-0.0039035593164979104,-0.0039035593164979104,0.0039035593164979104,0.7165500473753985,0.7165500689284483,0.00237878247095952,2.699999999999991,0,0.288508953809518
M1_CROSS_BASELINE,4.9166666666666545,294,O95,9,C2,0.999999749334677,0.999999749334677,0.999999749334677,0.006475907809791545,0.010218893701561356,0.017335251934059874,2.699999999999991,0,0.9936639099970184
M1_CROSS_BASELINE,4.9166666666666545,294,O95,9,C1,-0.017882695511528005,-0.017882695511528005,0.017882695511528005,0.720240446973808,0.7207507593397023,0.009699708900304096,2.699999999999991,0,0.29000572735568897
M1_CROSS_BASELINE,4.9166666666666545,294,O95,9,C3,-0.9999992078082994,-0.9999992078082994,0.9999992078082994,1.0029127508860771,1.0029144235504663,0.0036671685894291493,1.4999999999999951,0,0.0018103222854800594
M1_CROSS_BASELINE,4.9166666666666545,294,O96,13,C0,-0.9999563858040745,-0.9999563858040745,0.9999563858040745,1.0047213006625155,1.00472220634007,0.0026343611975194322,2.699999999999991,0,0.0023722530525114305
M1_CROSS_BASELINE,4.9166666666666545,294,O96,13,C2,-0.004728014136870845,-0.004728014136870845,0.004728014136870845,0.7019975476514697,0.7153015570822661,0.017590830660619786,2.699999999999991,0,0.31315889996659685
M1_CROSS_BASELINE,4.9166666666666545,294,O96,13,C1,0.9999225300016191,0.9999225300016191,0.9999225300016191,0.012138205955268497,0.01452729821208318,0.009955287626864009,2.699999999999991,0,0.9880344727311169
M1_CROSS_BASELINE,4.9166666666666545,294,O96,13,C3,0.004177343674791134,0.004177343674791134,0.004177343674791134,0.7098984721100029,0.710684750239786,0.003411589862869237,1.4999999999999951,0,0.29326491669409316
M2_T_JUNCTION,3.516666666666659,210,O1,1,C2,0.999999092189029,0.999999092189029,0.999999092189029,0.0015403718142588244,0.0017171024284182,0.0009095378345337833,0.09999999999999964,0,0.9984626629017916
M2_T_JUNCTION,3.6166666666666587,216,O2,1,C2,0.9999995526780044,0.9999995526780044,0.9999995526780044,0.00368324465998327,0.0037087151484084912,0.0015147248028671897,0.1999999999999993,0,0.9963262307080539
M2_T_JUNCTION,3.7166666666666583,222,O3,1,C2,0.99998824190683,0.99998824190683,0.99998824190683,0.002496774003731888,0.003155529599079562,0.002714571762401551,0.29999999999999893,0,0.997512625887846
M2_T_JUNCTION,3.816666666666658,228,O4,1,C2,0.9999989791174994,0.9999989791174994,0.9999989791174994,0.002784792179127694,0.0028140691422349103,0.0010669245438068046,0.3999999999999986,0,0.9972181689975588
M2_T_JUNCTION,3.9166666666666576,234,O5,0,C2,0.9999973383356894,0.9999973383356894,0.9999973383356894,0.0032130263337563814,0.00338754760119407,0.005058094495565412,0.4999999999999982,0,0.9968065259184657
M2_T_JUNCTION,4.016666666666658,240,O6,0,C2,0.9999974987150018,0.9999974987150018,0.9999974987150018,0.0025167675784084523,0.0034067507848470724,0.006171458066407726,0.5999999999999983,0,0.9975013127437715
M2_T_JUNCTION,4.116666666666657,246,O7,0,C2,0.9999923177810406,0.9999923177810406,0.9999923177810406,0.003035063518582565,0.0030766229881849147,0.0025329793986217162,0.699999999999998,0,0.9969758158320635
M2_T_JUNCTION,4.216666666666657,252,O8,0,C2,0.999997782777523,0.999997782777523,0.999997782777523,0.0025571767810647814,0.003489828050923253,0.006650262975531533,0.7999999999999976,0,0.9974624001253152
M2_T_JUNCTION,4.316666666666657,258,O9,0,C2,0.9999951993734129,0.9999951993734129,0.9999951993734129,0.0017316606382851865,0.002375832245278388,0.0010140021576923175,0.8999999999999972,0,0.9982719311054443
M2_T_JUNCTION,4.416666666666656,264,O10,2,C2,0.9999928968882947,0.9999928968882947,0.9999928968882947,0.00303111368708355,0.003134390511200927,0.004707835288037305,0.9999999999999969,0,0.9969862824120121
M2_T_JUNCTION,4.516666666666656,270,O11,0,C2,0.9999856225800854,0.9999856225800854,0.9999856225800854,0.005458025804825172,0.007345922931242026,0.008274176426493255,1.0999999999999965,0,0.9945924731782254
M2_T_JUNCTION,4.616666666666656,276,O12,2,C2,0.9999866288153241,0.9999866288153241,0.9999866288153241,0.005115463532054928,0.005161442347160137,0.0024928001045633357,1.1999999999999962,0,0.9949026690528407
M2_T_JUNCTION,4.716666666666655,282,O13,0,C2,0.9999867180164347,0.9999867180164347,0.9999867180164347,0.006978711420218061,0.00836242764165995,0.007914211782918184,1.2999999999999958,0,0.9930833906170323
M2_T_JUNCTION,4.816666666666655,288,O14,2,C2,0.9999639036181024,0.9999639036181024,0.9999639036181024,0.004814270171503247,0.004866951372542267,0.0032036168485543976,1.3999999999999955,0,0.9952061902267354
M2_T_JUNCTION,4.9166666666666545,294,O15,2,C2,0.9999908764237841,0.9999908764237841,0.9999908764237841,0.004106759614734266,0.004238460631234796,0.005470394909041078,1.4999999999999951,0,0.995919903267751
M3_ANGLED_Y,2.5166666666666626,150,O1,0,C1,-0.8370073911881917,-0.8370073911881917,0.8370073911881917,0.7878018711112527,0.7878035683336219,0.010433793895130503,0.09999999999999964,0,0.0
M3_ANGLED_Y,2.5166666666666626,150,O2,14,C1,0.9998329595025487,0.9998329595025487,0.9998329595025487,0.005788236656099823,0.011163480478952468,0.01360415987070418,0.09999999999999964,0,0.9922687332371493
M3_ANGLED_Y,2.6166666666666623,156,O3,0,C1,-0.8315667875883735,-0.8315667875883735,0.8315667875883735,0.7821878513743133,0.7821883799334117,0.003812240686651488,0.1999999999999993,0,0.0
M3_ANGLED_Y,2.6166666666666623,156,O3,0,C0,0.9999513072018972,0.9999513072018972,0.9999513072018972,0.013446688235792722,0.015442107942914654,0.01424603458178199,0.09999999999999964,0,0.9821304375885054
M3_ANGLED_Y,2.6166666666666623,156,O4,14,C1,0.9997384046917904,0.9997384046917904,0.9997384046917904,0.006605973762609973,0.011966538996113359,0.012122755325138476,0.1999999999999993,0,0.9913170886110484
M3_ANGLED_Y,2.6166666666666623,156,O4,14,C0,-0.8493037256775191,-0.8493037256775191,0.8493037256775191,0.7944033603764774,0.7944683521639704,0.02255654922026898,0.09999999999999964,0,0.0
M3_ANGLED_Y,2.716666666666662,162,O5,0,C1,-0.8491290800016685,-0.8491290800016685,0.8491290800016685,0.7919931069119668,0.7920835348730054,0.0185440234786805,0.29999999999999893,0,0.0
M3_ANGLED_Y,2.716666666666662,162,O5,0,C0,0.9997459146556155,0.9997459146556155,0.9997459146556155,0.012385969262419558,0.018770088378306498,0.028977817373811006,0.1999999999999993,0,0.9838561021436559
M3_ANGLED_Y,2.716666666666662,162,O6,14,C1,0.9999997487278117,0.9999997487278117,0.9999997487278117,0.00627677006756398,0.006971964874512437,0.00904059463165398,0.29999999999999893,0,0.9916162059907703
M3_ANGLED_Y,2.716666666666662,162,O6,14,C0,-0.8373950869535383,-0.8373950869535383,0.8373950869535383,0.7893064805095109,0.7893072027667345,0.001393199263476522,0.1999999999999993,0,0.0
M3_ANGLED_Y,2.8166666666666615,168,O7,0,C1,-0.8338797669908793,-0.8338797669908793,0.8338797669908793,0.7855517511384061,0.7855554637657773,0.00901973199702519,0.3999999999999986,0,0.0
M3_ANGLED_Y,2.8166666666666615,168,O7,0,C0,0.9999838061024421,0.9999838061024421,0.9999838061024421,0.0038605192642733096,0.004319538251219009,0.001414061898105313,0.29999999999999893,0,0.9947806784693313
M3_ANGLED_Y,2.8166666666666615,168,O8,14,C1,0.999921828971577,0.999921828971577,0.999921828971577,0.0036615829514268943,0.006069623323878943,0.005523690192005979,0.3999999999999986,0,0.995109274852825
M3_ANGLED_Y,2.8166666666666615,168,O8,14,C0,-0.83010018578674,-0.83010018578674,0.83010018578674,0.7841654655030654,0.7841701381852187,0.004910103703124523,0.29999999999999893,0,0.0
M3_ANGLED_Y,2.916666666666661,174,O9,0,C1,-0.8469416756206702,-0.8469416756206702,0.8469416756206702,0.7937508170015659,0.7937568982370341,0.005764383726509844,0.4999999999999982,0,0.0
M3_ANGLED_Y,2.916666666666661,174,O9,0,C0,0.9998304404823678,0.9998304404823678,0.9998304404823678,0.006300023242669726,0.0076745654128320615,0.004669410168620658,0.3999999999999986,0,0.9915198549641064
M3_ANGLED_Y,2.916666666666661,174,O10,14,C1,0.9999037294907442,0.9999037294907442,0.9999037294907442,0.0071000990132528185,0.007919567667873944,0.0013213763732767042,0.4999999999999982,0,0.9905164970308767
M3_ANGLED_Y,2.916666666666661,174,O10,14,C0,-0.8445194132225391,-0.8445194132225391,0.8445194132225391,0.7929226639975888,0.7929322291372771,0.009112417521853797,0.3999999999999986,0,0.0
M3_ANGLED_Y,3.016666666666661,180,O11,0,C1,-0.8611902328621939,-0.8611902328621939,0.8611902328621939,0.8010712757790389,0.8012125220181738,0.015150935887694164,0.5999999999999979,0,0.0
M3_ANGLED_Y,3.016666666666661,180,O11,0,C0,0.9989506475968857,0.9989506475968857,0.9989506475968857,0.013422404857287518,0.02459367490781461,0.025584729782824667,0.4999999999999982,0,0.9824274944401151
M3_ANGLED_Y,3.016666666666661,180,O12,14,C1,0.9999832077241886,0.9999832077241886,0.9999832077241886,0.004284612238844123,0.005493914238213183,0.00938346134631509,0.5999999999999979,0,0.9942771033456328
M3_ANGLED_Y,3.016666666666661,180,O12,14,C0,-0.8338222547400388,-0.8338222547400388,0.8338222547400388,0.7870718118130677,0.7870757874190879,0.0010503325488154115,0.4999999999999982,0,0.0
M3_ANGLED_Y,3.1166666666666605,186,O13,0,C1,-0.8480194837619451,-0.8480194837619451,0.8480194837619451,0.7935225604344067,0.7935446940517303,0.001209891616247188,0.6999999999999975,0,0.0
M3_ANGLED_Y,3.1166666666666605,186,O13,0,C0,0.9997909902264186,0.9997909902264186,0.9997909902264186,0.005836573541263982,0.010992607184042219,0.011643685511377691,0.5999999999999979,0,0.9922167483450736
M3_ANGLED_Y,3.1166666666666605,186,O14,14,C1,0.9997583148351129,0.9997583148351129,0.9997583148351129,0.007380768324174751,0.009705040286337287,0.0072090841266540875,0.6999999999999975,0,0.9902356327605554
M3_ANGLED_Y,3.1166666666666605,186,O14,14,C0,-0.8488347535673939,-0.8488347535673939,0.8488347535673939,0.7947134896791949,0.7947576953345622,0.01764287802178459,0.5999999999999979,0,0.0
M3_ANGLED_Y,3.21666666666666,192,O15,0,C1,-0.8594578947868109,-0.8594578947868109,0.8594578947868109,0.8000452322946587,0.8001679249024134,0.01326498974739169,0.7999999999999972,0,0.0
M3_ANGLED_Y,3.21666666666666,192,O15,0,C0,0.9991005258499345,0.9991005258499345,0.9991005258499345,0.012300564285080131,0.02257131657035288,0.023698783642522193,0.6999999999999975,0,0.9838563394262073
M3_ANGLED_Y,3.21666666666666,192,O16,14,C1,0.9999999756179265,0.9999999756179265,0.9999999756179265,0.004834891334133789,0.005154167238120607,0.006134907664591878,0.7999999999999972,0,0.993542103252777
M3_ANGLED_Y,3.21666666666666,192,O16,14,C0,-0.8371282049383671,-0.8371282049383671,0.8371282049383671,0.788726838615782,0.7887268405911683,0.004298886230538625,0.6999999999999975,0,0.0
M3_ANGLED_Y,3.3166666666666598,198,O17,0,C1,-0.8458762841478191,-0.8458762841478191,0.8458762841478191,0.7926140308958404,0.7926246069353203,0.0027440258894638908,0.8999999999999968,0,0.0
M3_ANGLED_Y,3.3166666666666598,198,O17,0,C0,0.9998652796596362,0.9998652796596362,0.9998652796596362,0.004884719864147067,0.007967183669027492,0.007689768005666612,0.7999999999999972,0,0.9934515468731234
M3_ANGLED_Y,3.3166666666666598,198,O18,14,C1,0.999734052057646,0.999734052057646,0.999734052057646,0.009901584312309801,0.010325714189395622,0.003398884096492017,0.8999999999999968,0,0.9868343622058495
M3_ANGLED_Y,3.3166666666666598,198,O18,14,C0,-0.849403758984946,-0.849403758984946,0.849403758984946,0.7955914301069691,0.7956271732204385,0.013832677991622518,0.7999999999999972,0,0.0
M3_ANGLED_Y,3.4166666666666594,204,O19,0,C1,-0.8552975206716475,-0.8552975206716475,0.8552975206716475,0.7983331296775724,0.7983880724250053,0.0034358528026647746,0.9999999999999964,0,0.0
M3_ANGLED_Y,3.4166666666666594,204,O19,0,C0,0.9994106568402071,0.9994106568402071,0.9994106568402071,0.010873710168251508,0.01593784969936936,0.013869646697795276,0.8999999999999968,0,0.9855424860985267
M3_ANGLED_Y,3.4166666666666594,204,O20,14,C1,0.9991030380987147,0.9991030380987147,0.9991030380987147,0.016688727907728247,0.01674046889239169,0.009004975812409046,0.9999999999999964,0,0.9779740239782202
M3_ANGLED_Y,3.4166666666666594,204,O20,14,C0,-0.8594275857274205,-0.8594275857274205,0.8594275857274205,0.8018961546172024,0.8020015714652771,0.01943876970753955,0.8999999999999968,0,0.0
M3_ANGLED_Y,3.516666666666659,210,O21,0,C1,-0.8624003196823546,-0.8624003196823546,0.8624003196823546,0.8032631422588568,0.803356268820481,0.005057478929891126,1.099999999999996,0,0.0
M3_ANGLED_Y,3.516666666666659,210,O21,0,C0,0.9988385475970966,0.9988385475970966,0.9988385475970966,0.016601608612763163,0.020829578158817478,0.015491272825021628,0.9999999999999964,0,0.9779742519402489
M3_ANGLED_Y,3.516666666666659,210,O22,14,C1,0.9997661963426723,0.9997661963426723,0.9997661963426723,0.00968444713226371,0.010249762857339454,0.002399478718061063,1.099999999999996,0,0.9871059441924185
M3_ANGLED_Y,3.516666666666659,210,O22,14,C0,-0.8486436006628736,-0.8486436006628736,0.8486436006628736,0.7952020245184629,0.7952322149811921,0.012833272613191565,0.9999999999999964,0,0.0
M3_ANGLED_Y,3.6166666666666587,216,O23,0,C1,-0.8670761650730069,-0.8670761650730069,0.8670761650730069,0.8071841203629362,0.8072800411443304,0.0015755706338308208,1.1999999999999957,0,0.0
M3_ANGLED_Y,3.6166666666666587,216,O23,0,C0,0.9983466509668879,0.9983466509668879,0.9983466509668879,0.022269577909971656,0.022294212764600713,0.012009364528961322,1.099999999999996,0,0.9703173024651802
M3_ANGLED_Y,3.6166666666666587,216,O24,14,C1,0.9994506257059327,0.9994506257059327,0.9994506257059327,0.017412739021648544,0.019284355723751697,0.002032965463792872,1.1999999999999957,0,0.9767420479764946
M3_ANGLED_Y,3.6166666666666587,216,O24,14,C0,-0.8546830350753828,-0.8546830350753828,0.8546830350753828,0.7999468911722561,0.7999822058379751,0.00840082843133763,1.099999999999996,0,0.0
M3_ANGLED_Y,3.7166666666666583,222,O25,0,C1,-0.8711602554299902,-0.8711602554299902,0.8711602554299902,0.809816791917284,0.809954974343396,0.005201816146970948,1.2999999999999954,0,0.0
M3_ANGLED_Y,3.7166666666666583,222,O25,0,C0,0.9978379758732422,0.9978379758732422,0.9978379758732422,0.02473610597182056,0.026223287799636372,0.01563561004210145,1.1999999999999957,0,0.9671883045790728
M3_ANGLED_Y,3.7166666666666583,222,O26,14,C1,0.9990289643898924,0.9990289643898924,0.9990289643898924,0.02141499847169641,0.02340370553494318,0.00015777654951234932,1.2999999999999954,0,0.9714023126685497
M3_ANGLED_Y,3.7166666666666583,222,O26,14,C0,-0.8603029239850782,-0.8603029239850782,0.8603029239850782,0.8036332553924875,0.8036971472620859,0.010591570444642852,1.1999999999999957,0,0.0
M3_ANGLED_Y,3.816666666666658,228,O27,0,C1,-0.8728599227764068,-0.8728599227764068,0.8728599227764068,0.811342957656498,0.8114785860440366,0.0034397477665658116,1.399999999999995,0,0.0
M3_ANGLED_Y,3.816666666666658,228,O27,0,C0,0.9976037507460165,0.9976037507460165,0.9976037507460165,0.027096848290974092,0.027291458425964272,0.013873541661696314,1.2999999999999954,0,0.9639726435561623
M3_ANGLED_Y,3.816666666666658,228,O28,14,C1,0.9987381682957365,0.9987381682957365,0.9987381682957365,0.026011284625993447,0.028850446890854937,0.0029901796456524125,1.399999999999995,0,0.9652570908488913
M3_ANGLED_Y,3.816666666666658,228,O28,14,C0,-0.8634313141133035,-0.8634313141133035,0.8634313141133035,0.8062862378857671,0.8063492313349583,0.0074436142494780895,1.2999999999999954,0,0.0
M3_ANGLED_Y,3.9166666666666576,234,O29,0,C1,-0.8741665436692277,-0.8741665436692277,0.8741665436692277,0.811745323386074,0.8119245356709734,0.008419579889092805,1.4999999999999947,0,0.0
M3_ANGLED_Y,3.9166666666666576,234,O29,0,C0,0.997414453610896,0.997414453610896,0.997414453610896,0.026529688415092574,0.029397348266816895,0.018853373784223307,1.399999999999995,0,0.9649587372238203
M3_ANGLED_Y,3.9166666666666576,234,O30,14,C1,0.9984399345475947,0.9984399345475947,0.9984399345475947,0.027296981924503923,0.02988988790370408,6.84839207641476e-06,1.4999999999999947,0,0.9635401364549392
M3_ANGLED_Y,3.9166666666666576,234,O30,14,C0,-0.8662547812317807,-0.8662547812317807,0.8662547812317807,0.8079712350893884,0.8080616096566918,0.010440642287206916,1.399999999999995,0,0.0
M3_ANGLED_Y,4.016666666666658,240,O31,0,C1,-0.8902795180606264,-0.8902795180606264,0.8902795180606264,0.8236382487641465,0.8240495722138842,0.01948612187148523,1.5999999999999948,0,0.0
M3_ANGLED_Y,4.016666666666658,240,O31,0,C0,0.9943695251864594,0.9943695251864594,0.9943695251864594,0.03961624636511511,0.044079834463219815,0.02991991576661573,1.4999999999999951,0,0.9484274305227443
M3_ANGLED_Y,4.016666666666658,240,O32,14,C1,0.9982950669197183,0.9982950669197183,0.9982950669197183,0.028682941184244738,0.0314101502861004,6.827501536619369e-05,1.5999999999999948,0,0.9616920899935403
M3_ANGLED_Y,4.016666666666658,240,O32,14,C0,-0.8675194650413172,-0.8675194650413172,0.8675194650413172,0.8088997314016069,0.8089975956641906,0.010502068910496695,1.4999999999999951,0,0.0
M3_ANGLED_Y,4.116666666666657,246,O33,0,C1,-0.49085268254512987,-0.49085268254512987,0.49085268254512987,1.364169639543598,1.3785498390152071,0.17147996455310976,1.6999999999999944,0,0.0
M3_ANGLED_Y,4.116666666666657,246,O33,0,C0,-0.0658892855320467,-0.0658892855320467,0.0658892855320467,0.6116356640534866,0.6137591434510841,0.1819137584482403,1.5999999999999948,0,0.3352934404891339
M3_ANGLED_Y,4.116666666666657,246,O34,1,C1,-0.9040824949652193,-0.9040824949652193,0.9040824949652193,0.8349111991498338,0.8356037943253601,0.03009098332151904,1.6999999999999944,0,0.0
M3_ANGLED_Y,4.116666666666657,246,O34,1,C0,0.9905704190687642,0.9905704190687642,0.9905704190687642,0.05214075676019247,0.057597879016245815,0.04052477721664954,1.5999999999999948,0,0.9330472906630198
M3_ANGLED_Y,4.116666666666657,246,O35,9,C1,0.06558377965822504,0.06558377965822504,0.06558377965822504,1.207501152648177,1.2394692231534106,0.44698506417738626,1.6999999999999944,0,0.0
M3_ANGLED_Y,4.116666666666657,246,O35,9,C0,0.49111940623276595,0.49111940623276595,0.49111940623276595,0.42045421603687205,0.5853672861992878,0.4574188580725168,1.5999999999999948,0,0.6483508642581174
M3_ANGLED_Y,4.116666666666657,246,O36,20,C1,0.42996528613700935,0.42996528613700935,0.42996528613700935,0.48586513459255715,0.6541001635659258,0.5616517461241362,1.6999999999999944,0,0.6292041869425957
M3_ANGLED_Y,4.116666666666657,246,O36,20,C0,0.13414529105165535,0.13414529105165535,0.13414529105165535,1.2732407131762498,1.3092929116041414,0.5720855400192667,1.5999999999999948,0,0.028305816065837264
M3_ANGLED_Y,4.116666666666657,246,O37,26,C1,0.995941235371512,0.995941235371512,0.995941235371512,0.041799193098701934,0.04504888270202391,0.006200264844307685,1.6999999999999944,0,0.9446279716495857
M3_ANGLED_Y,4.116666666666657,246,O37,26,C0,-0.8828606266826571,-0.8828606266826571,0.8828606266826571,0.8199943441990527,0.8202321023456166,0.016634058739438188,1.5999999999999948,0,0.0
M3_ANGLED_Y,4.116666666666657,246,O38,27,C1,-0.041097269824761806,-0.041097269824761806,0.041097269824761806,0.6555202876731052,0.6657872469176501,0.30972052400082406,1.6999999999999944,0,0.38064945621661184
M3_ANGLED_Y,4.116666666666657,246,O38,27,C0,-0.5123305684787196,-0.5123305684787196,0.5123305684787196,1.4255977711187373,1.4350087312847915,0.32015431789595455,1.5999999999999948,0,0.0
M3_ANGLED_Y,4.216666666666657,252,O39,1,C1,-0.90071723478484,-0.90071723478484,0.90071723478484,0.8327548849372638,0.8332761090523316,0.020622623161847778,1.799999999999994,0,0.0
M3_ANGLED_Y,4.216666666666657,252,O39,1,C0,0.9916102199299464,0.9916102199299464,0.9916102199299464,0.05146621566952331,0.051589913702524255,0.03105641705697828,1.6999999999999944,0,0.9331000771470147
M3_ANGLED_Y,4.216666666666657,252,O39,1,C2,0.06364657418239617,0.06364657418239617,0.06364657418239617,0.5844376806093918,0.5864456647406593,0.150857341391262,0.09999999999999964,0,0.36485136044583666
M3_ANGLED_Y,4.216666666666657,252,O39,1,C3,0.374398185856321,0.374398185856321,0.374398185856321,0.3790432814162553,0.6251335686049706,0.4263624410155385,0.09999999999999964,0,0.6829851212453906
M3_ANGLED_Y,4.216666666666657,252,O40,10,C1,-0.02671659615716765,-0.02671659615716765,0.02671659615716765,1.1386942348293037,1.1666839458957814,0.34979130376340495,1.799999999999994,0,0.0
M3_ANGLED_Y,4.216666666666657,252,O40,10,C0,0.5693582490538729,0.5693582490538729,0.5693582490538729,0.35541794554503736,0.5150780373167989,0.36022509765853544,1.6999999999999944,0,0.6764428117931556
M3_ANGLED_Y,4.216666666666657,252,O40,10,C2,-0.8578176815739406,-0.8578176815739406,0.8578176815739406,0.2835568732200328,0.3483492884387801,0.17831133921029516,0.09999999999999964,0,0.7418620366647395
M3_ANGLED_Y,4.216666666666657,252,O40,10,C3,0.995738707537078,0.995738707537078,0.995738707537078,0.0794510635954761,0.08006748902805746,0.09719376041398134,0.09999999999999964,0,0.9335506773829748
M3_ANGLED_Y,4.216666666666657,252,O41,23,C1,0.5846295496358074,0.5846295496358074,0.5846295496358074,0.35159816556268675,0.505169721725642,0.3401925287979927,1.799999999999994,0,0.6770985616777168
M3_ANGLED_Y,4.216666666666657,252,O41,23,C0,-0.04540252167424702,-0.04540252167424702,0.04540252167424702,1.1365160341176677,1.1638323124131567,0.3506263226931232,1.6999999999999944,0,0.0
M3_ANGLED_Y,4.216666666666657,252,O41,23,C2,-0.9938064149320875,-0.9938064149320875,0.9938064149320875,1.6985543358618695,1.700617356958456,0.16871256424488293,0.09999999999999964,0,0.0
M3_ANGLED_Y,4.216666666666657,252,O41,23,C3,0.8478959092955709,0.8478959092955709,0.8478959092955709,1.554697901915855,1.5547970526733346,0.10679253537939358,0.09999999999999964,0,0.0
M3_ANGLED_Y,4.216666666666657,252,O42,24,C1,0.3665382440052414,0.3665382440052414,0.3665382440052414,0.5542947970968004,0.731591359585558,0.6945602877815764,1.799999999999994,0,0.6159369951412644
M3_ANGLED_Y,4.216666666666657,252,O42,24,C0,0.20231346195442518,0.20231346195442518,0.20231346195442518,1.3397480112177413,1.3801454473319192,0.7049940816767069,1.6999999999999944,0,0.07170760101516593
M3_ANGLED_Y,4.216666666666657,252,O42,24,C2,-0.9905229837555168,-0.9905229837555168,0.9905229837555168,1.9172780043430613,1.9172807199056918,0.5230803232284666,0.09999999999999964,0,0.0
M3_ANGLED_Y,4.216666666666657,252,O42,24,C3,0.9524388531824062,0.9524388531824062,0.9524388531824062,1.7601054100502236,1.76034734384528,0.2475752236041901,0.09999999999999964,0,0.0
M3_ANGLED_Y,4.216666666666657,252,O43,32,C1,0.9959539443205,0.9959539443205,0.9959539443205,0.03906867762613939,0.04105035940203329,0.012342769220695396,1.799999999999994,0,0.9486628609767791
M3_ANGLED_Y,4.216666666666657,252,O43,32,C0,-0.8827942528767988,-0.8827942528767988,0.8827942528767988,0.8192537067356982,0.8195500938254303,0.022776563115825897,1.6999999999999944,0,0.0
M3_ANGLED_Y,4.216666666666657,252,O43,32,C2,-0.41057234085496175,-0.41057234085496175,0.41057234085496175,1.399421418628064,1.4140816983856612,0.15913719533241438,0.09999999999999964,0,0.0
M3_ANGLED_Y,4.216666666666657,252,O43,32,C3,-0.024353227877084438,-0.024353227877084438,0.024353227877084438,1.2394219798282176,1.2754070211684085,0.4346422949566909,0.09999999999999964,0,0.0
M3_ANGLED_Y,4.216666666666657,252,O44,35,C1,-0.0007570963686218679,-0.0007570963686218679,0.0007570963686218679,0.7109809121635716,0.7165498272479554,0.46492217684956616,1.799999999999994,0,0.41415602012041774
M3_ANGLED_Y,4.216666666666657,252,O44,35,C0,-0.5465577296317536,-0.5465577296317536,0.5465577296317536,1.4884287857294618,1.4937442357862707,0.47535597074469665,1.6999999999999944,0,0.0
M3_ANGLED_Y,4.216666666666657,252,O44,35,C2,0.8716139593046327,0.8716139593046327,0.8716139593046327,2.0314967435093796,2.0319161027285517,0.29344221229645634,0.09999999999999964,0,0.0
M3_ANGLED_Y,4.216666666666657,252,O44,35,C3,-0.9978964336221927,-0.9978964336221927,0.9978964336221927,1.9032246543415368,1.9036408676170458,0.01793711267217986,0.09999999999999964,0,0.0
M3_ANGLED_Y,4.316666666666657,258,O45,1,C1,-0.9115801501470118,-0.9115801501470118,0.9115801501470118,0.8421241199055614,0.8428915161297948,0.030043472520421183,1.8999999999999937,0,0.0
M3_ANGLED_Y,4.316666666666657,258,O45,1,C0,0.9879620410483445,0.9879620410483445,0.9879620410483445,0.06168438775319277,0.062457358952225525,0.04047726641555168,1.799999999999994,0,0.920787707870586
M3_ANGLED_Y,4.316666666666657,258,O45,1,C2,0.08926421682686225,0.08926421682686225,0.08926421682686225,0.5787607708186513,0.5803393879215778,0.1414364920326886,0.1999999999999993,0,0.3710208489132827
M3_ANGLED_Y,4.316666666666657,258,O45,1,C3,0.3504524115669328,0.3504524115669328,0.3504524115669328,0.3706355458856515,0.6342283824948165,0.4169415916569651,0.1999999999999993,0,0.6900169758923751
M3_ANGLED_Y,4.316666666666657,258,O46,9,C1,-0.007116650539584823,-0.007116650539584823,0.007116650539584823,0.8511171361293651,0.9411118902692999,0.6764085638456268,1.8999999999999937,0,0.40276149368022196
M3_ANGLED_Y,4.316666666666657,258,O46,9,C0,0.5531344139105336,0.5531344139105336,0.5531344139105336,0.11732949205708793,0.604793145226713,0.6868423577407573,1.799999999999994,0,0.9176685703896078
M3_ANGLED_Y,4.316666666666657,258,O46,9,C2,-0.8677272961422058,-0.8677272961422058,0.8677272961422058,0.5197261266433175,0.5845340752142135,0.504928599292517,0.1999999999999993,0,0.635302307525577
M3_ANGLED_Y,4.316666666666657,258,O46,9,C3,0.9973550603624545,0.9973550603624545,0.9973550603624545,0.3691274540015803,0.38156928872896667,0.2294234996682405,0.1999999999999993,0,0.7409790968701421
M3_ANGLED_Y,4.316666666666657,258,O47,23,C1,-0.3697119606067816,-0.3697119606067816,0.3697119606067816,0.5860713124841317,0.7915559644848871,0.4670755821584027,1.8999999999999937,0,0.5179361469704997
M3_ANGLED_Y,4.316666666666657,258,O47,23,C0,0.8178727417759437,0.8178727417759437,0.8178727417759437,1.2013284915692486,1.2088218537780946,0.4775093760535332,1.799999999999994,0,0.01186591279253324
M3_ANGLED_Y,4.316666666666657,258,O47,23,C2,-0.6280378206076602,-0.6280378206076602,0.6280378206076602,1.8128529734943242,1.8191518682491004,0.29559561760529296,0.1999999999999993,0,0.0
M3_ANGLED_Y,4.316666666666657,258,O47,23,C3,0.9028989197147155,0.9028989197147155,0.9028989197147155,1.6021364980957928,1.6161870817638537,0.020090517981016444,0.1999999999999993,0,0.0
M3_ANGLED_Y,4.316666666666657,258,O48,28,C1,0.5622306962366285,0.5622306962366285,0.5622306962366285,0.11184021528790862,0.5972996120129958,0.6716396140522987,1.8999999999999937,0,0.9212569501067034
M3_ANGLED_Y,4.316666666666657,258,O48,28,C0,-0.01807451459585041,-0.01807451459585041,0.01807451459585041,0.8553424110291222,0.9426438410915277,0.6820734079474291,1.799999999999994,0,0.39778129026187214
M3_ANGLED_Y,4.316666666666657,258,O48,28,C2,-0.9964730206815959,-0.9964730206815959,0.9964730206815959,1.4110052625049032,1.4177985743306973,0.5001596494991889,0.1999999999999993,0,0.0065571896557342635
M3_ANGLED_Y,4.316666666666657,258,O48,28,C3,0.8620732177182044,0.8620732177182044,0.8620732177182044,1.2710878315377587,1.2711059510689462,0.22465454987491235,0.1999999999999993,0,0.10506849186688882
M3_ANGLED_Y,4.316666666666657,258,O49,32,C1,0.9933583458293275,0.9933583458293275,0.9933583458293275,0.05012272673029873,0.05261758406189436,0.017036322187539216,1.8999999999999937,0,0.9345412991333869
M3_ANGLED_Y,4.316666666666657,258,O49,32,C0,-0.8944090758459051,-0.8944090758459051,0.8944090758459051,0.8284287571532067,0.8288803358905282,0.02747011608266972,1.799999999999994,0,0.0
M3_ANGLED_Y,4.316666666666657,258,O49,32,C2,-0.38734594825945856,-0.38734594825945856,0.38734594825945856,1.4095481612629848,1.424291698687877,0.15444364236557057,0.1999999999999993,0,0.0
M3_ANGLED_Y,4.316666666666657,258,O49,32,C3,-0.049665793438627676,-0.049665793438627676,0.049665793438627676,1.2486828904766638,1.285719365884968,0.42994874198984706,0.1999999999999993,0,0.0
M3_ANGLED_Y,4.416666666666656,264,O50,1,C1,-0.9335611679145642,-0.9335611679145642,0.9335611679145642,0.86407535055849,0.8654852010133164,0.05122810019965578,1.9999999999999933,0,0.0
M3_ANGLED_Y,4.416666666666656,264,O50,1,C0,0.9775209733912188,0.9775209733912188,0.9775209733912188,0.08603266251821029,0.08762853412649103,0.06166189409478628,1.8999999999999937,0,0.8924466750736051
M3_ANGLED_Y,4.416666666666656,264,O50,1,C2,0.14597187739969447,0.14597187739969447,0.14597187739969447,0.5666361132732894,0.5678578970728132,0.120251864353454,0.29999999999999893,0,0.38419754850076804
M3_ANGLED_Y,4.416666666666656,264,O50,1,C3,0.2964199954872657,0.2964199954872657,0.2964199954872657,0.35165637822934415,0.6556908544664054,0.3957569639777305,0.29999999999999893,0,0.7058903044234784
M3_ANGLED_Y,4.416666666666656,264,O51,22,C1,0.8247844698140532,0.8247844698140532,0.8247844698140532,1.1990129844974367,1.2069204003805099,0.4534829779358003,1.9999999999999933,0,0.002619397604066931
M3_ANGLED_Y,4.416666666666656,264,O51,22,C0,-0.380942729130088,-0.380942729130088,0.380942729130088,0.5728897286114,0.7743517162172583,0.4639167718309308,1.8999999999999937,0,0.5234504463115742
M3_ANGLED_Y,4.416666666666656,264,O51,22,C2,-0.8974893830656056,-0.8974893830656056,0.8974893830656056,0.7870040682883993,0.794915470063612,0.2820030133826905,0.29999999999999893,0,0.3453427094898889
M3_ANGLED_Y,4.416666666666656,264,O51,22,C3,0.6183223500174644,0.6183223500174644,0.6183223500174644,0.5242704937200783,0.5248540877040047,0.006497913758413988,0.29999999999999893,0,0.5638936128251221
M3_ANGLED_Y,4.416666666666656,264,O52,34,C1,0.9907151028778421,0.9907151028778421,0.9907151028778421,0.05967388076860965,0.06276067332928881,0.020521928681773122,1.9999999999999933,0,0.9224209401156864
M3_ANGLED_Y,4.416666666666656,264,O52,34,C0,-0.9036289387748864,-0.9036289387748864,0.9036289387748864,0.8362581117014769,0.8368445177691944,0.030955722576903627,1.8999999999999937,0,0.0
M3_ANGLED_Y,4.416666666666656,264,O52,34,C2,-0.36784594751893906,-0.36784594751893906,0.36784594751893906,1.4182100725299323,1.4329401406234465,0.15095803587133666,0.29999999999999893,0,0.0
M3_ANGLED_Y,4.416666666666656,264,O52,34,C3,-0.07068680699558455,-0.07068680699558455,0.07068680699558455,1.2565752222357605,1.294400884686104,0.42646313549561315,0.29999999999999893,0,0.0
M3_ANGLED_Y,4.516666666666656,270,O53,1,C1,-0.9515152556047499,-0.9515152556047499,0.9515152556047499,0.8861307331967161,0.8882851517839709,0.07428821064879551,2.099999999999993,0,0.0
M3_ANGLED_Y,4.516666666666656,270,O53,1,C0,0.9647422847106117,0.9647422847106117,0.9647422847106117,0.11044475335235135,0.11249942398491082,0.08472200454392602,1.9999999999999933,0,0.8657968882767929
M3_ANGLED_Y,4.516666666666656,270,O53,1,C2,0.19905823896766503,0.19905823896766503,0.19905823896766503,0.5554506224415041,0.5564543546104772,0.09719175390431427,0.3999999999999986,0,0.3963535910015634
M3_ANGLED_Y,4.516666666666656,270,O53,1,C3,0.2445353451783524,0.2445353451783524,0.2445353451783524,0.3334555419012892,0.6777281488635089,0.3726968535285908,0.3999999999999986,0,0.7211126713790728
M3_ANGLED_Y,4.516666666666656,270,O54,26,C1,0.9829349385379357,0.9829349385379357,0.9829349385379357,0.07815062063120032,0.08013560150251843,0.04102505189566628,2.099999999999993,0,0.9010380841714793
M3_ANGLED_Y,4.516666666666656,270,O54,26,C0,-0.9233816396899353,-0.9233816396899353,0.9233816396899353,0.8539256730971846,0.8550916236621597,0.05145884579079678,1.9999999999999933,0,0.0
M3_ANGLED_Y,4.516666666666656,270,O54,26,C2,-0.322208089335297,-0.322208089335297,0.322208089335297,1.4367508237619393,1.4525667504009236,0.1304549126574435,0.3999999999999986,0,0.0
M3_ANGLED_Y,4.516666666666656,270,O54,26,C3,-0.11909291648119763,-0.11909291648119763,0.11909291648119763,1.2743025834558999,1.3147080334061245,0.40596001228172,0.3999999999999986,0,0.0
M3_ANGLED_Y,4.616666666666656,276,O55,1,C1,-0.9659541310368195,-0.9659541310368195,0.9659541310368195,0.9083758460461255,0.9113645876995445,0.09980753505684932,2.1999999999999926,0,0.0
M3_ANGLED_Y,4.616666666666656,276,O55,1,C0,0.9500765347959381,0.9500765347959381,0.9500765347959381,0.1349231889553789,0.13750097506239506,0.11024132895197981,2.099999999999993,0,0.8409836905265794
M3_ANGLED_Y,4.616666666666656,276,O55,1,C2,0.2487390558542357,0.2487390558542357,0.2487390558542357,0.5450832958868989,0.5458704171185913,0.07167242949626046,0.4999999999999982,0,0.40762047808883217
M3_ANGLED_Y,4.616666666666656,276,O55,1,C3,0.19480547158766853,0.19480547158766853,0.19480547158766853,0.3160320333623802,0.7003637638306173,0.34717752912053695,0.4999999999999982,0,0.7356849160744651
M3_ANGLED_Y,4.616666666666656,276,O56,23,C1,-0.3623997657991172,-0.3623997657991172,0.3623997657991172,0.622918466066392,0.8313397487265216,0.5455046912323491,2.1999999999999926,0,0.5186784565620401
M3_ANGLED_Y,4.616666666666656,276,O56,23,C0,0.8133262862511925,0.8133262862511925,0.8133262862511925,1.2432029392630615,1.2501099462741936,0.5559384851274797,2.099999999999993,0,0.039392167467181216
M3_ANGLED_Y,4.616666666666656,276,O56,23,C2,-0.6341330154371778,-0.6341330154371778,0.6341330154371778,1.8547499308970923,1.8606997291078204,0.37402472667923936,0.4999999999999982,0,0.0
M3_ANGLED_Y,4.616666666666656,276,O56,23,C3,0.9062486222107705,0.9062486222107705,0.9062486222107705,1.643548005826639,1.658105260720237,0.09851962705496288,0.4999999999999982,0,0.0
M3_ANGLED_Y,4.616666666666656,276,O57,32,C1,0.9741627355368541,0.9741627355368541,0.9741627355368541,0.09781074815131632,0.10047583942365586,0.05404486899950346,2.1999999999999926,0,0.8781514311058102
M3_ANGLED_Y,4.616666666666656,276,O57,32,C0,-0.9389631048691616,-0.9389631048691616,0.9389631048691616,0.8708013803237437,0.8724366599981,0.06447866289463396,2.099999999999993,0,0.0
M3_ANGLED_Y,4.616666666666656,276,O57,32,C2,-0.28140267996300716,-0.28140267996300716,0.28140267996300716,1.4550490647431182,1.4710857339056693,0.11743509555360632,0.4999999999999982,0,0.0
M3_ANGLED_Y,4.616666666666656,276,O57,32,C3,-0.16147170710625158,-0.16147170710625158,0.16147170710625158,1.291236093513926,1.3334318713094724,0.3929401951778828,0.4999999999999982,0,0.0
M3_ANGLED_Y,4.716666666666655,282,O58,1,C1,-0.9859631220804136,-0.9859631220804136,0.9859631220804136,0.9538525558419062,0.9587403958042412,0.15857232508233185,2.2999999999999923,0,0.0
M3_ANGLED_Y,4.716666666666655,282,O58,1,C0,0.9166192973590737,0.9166192973590737,0.9166192973590737,0.1845421609278762,0.18858461530472292,0.16900611897746234,2.1999999999999926,0,0.7965920063354897
M3_ANGLED_Y,4.716666666666655,282,O58,1,C2,0.33849716255363976,0.33849716255363976,0.33849716255363976,0.5268211794908008,0.5271497398465618,0.012907639470777929,0.5999999999999979,0,0.4274671764951825
M3_ANGLED_Y,4.716666666666655,282,O58,1,C3,0.10194058625195343,0.10194058625195343,0.10194058625195343,0.2838263918016623,0.747522907331456,0.28841273909505444,0.5999999999999979,0,0.7626202769030176
M3_ANGLED_Y,4.716666666666655,282,O59,17,C1,0.9073705145743225,0.9073705145743225,0.9073705145743225,0.8793080979703926,0.8944133648039487,0.1706440875530481,2.2999999999999923,0,0.0
M3_ANGLED_Y,4.716666666666655,282,O59,17,C0,-0.5294738521515651,-0.5294738521515651,0.5294738521515651,0.3256250465818603,0.4539666834078601,0.16021029365791759,2.1999999999999926,0,0.55892016984183
M3_ANGLED_Y,4.716666666666655,282,O59,17,C2,-0.8115961401838743,-0.8115961401838743,0.8115961401838743,0.7883572063166766,0.7974359305610308,0.34212405210615787,0.5999999999999979,0,0.14323798124608556
M3_ANGLED_Y,4.716666666666655,282,O59,17,C3,0.47893555500073015,0.47893555500073015,0.47893555500073015,0.5275173026952948,0.5280856833938999,0.6176291517304344,0.5999999999999979,0,0.5588080782488292
M3_ANGLED_Y,4.716666666666655,282,O60,22,C1,0.8197524221043845,0.8197524221043845,0.8197524221043845,1.230138455388894,1.237738183548301,0.5193032909629102,2.2999999999999923,0,0.02984567218583134
M3_ANGLED_Y,4.716666666666655,282,O60,22,C0,-0.37275233979921174,-0.37275233979921174,0.37275233979921174,0.6008130042206965,0.80705087686986,0.5297370848580407,2.1999999999999926,0,0.5261660720398584
M3_ANGLED_Y,4.716666666666655,282,O60,22,C2,-0.9013540317292714,-0.9013540317292714,0.9013540317292714,0.7940801727145177,0.8056777986226068,0.3478233264098004,0.5999999999999979,0,0.3737450342962695
M3_ANGLED_Y,4.716666666666655,282,O60,22,C3,0.6252474897147577,0.6252474897147577,0.6252474897147577,0.5346037265856998,0.5363275514554761,0.07231822678552392,0.5999999999999979,0,0.5783823221356539
M3_ANGLED_Y,4.716666666666655,282,O61,34,C1,0.954513850032981,0.954513850032981,0.954513850032981,0.13307574647532963,0.13615080748414518,0.08557406768787136,2.2999999999999923,0,0.8404851475607888
M3_ANGLED_Y,4.716666666666655,282,O61,34,C0,-0.9620893906043316,-0.9620893906043316,0.9620893906043316,0.9020476123084525,0.9047638774083249,0.09600786158300186,2.1999999999999926,0,0.0
M3_ANGLED_Y,4.716666666666655,282,O61,34,C2,-0.2087502605589693,-0.2087502605589693,0.2087502605589693,1.4884556300514902,1.5052524330376138,0.08590589686523842,0.5999999999999979,0,0.0
M3_ANGLED_Y,4.716666666666655,282,O61,34,C3,-0.2349240222336343,-0.2349240222336343,0.2349240222336343,1.3224952825996747,1.3681555033950277,0.3614109964895149,0.5999999999999979,0,0.0
M3_ANGLED_Y,4.816666666666655,288,O62,1,C1,-0.9999785285786655,-0.9999785285786655,0.9999785285786655,1.0505961863595052,1.0591016851680888,0.2926919226186331,2.399999999999992,0,0.0
M3_ANGLED_Y,4.816666666666655,288,O62,1,C0,0.8405751897934365,0.8405751897934365,0.8405751897934365,0.29048093495427524,0.2905932625704346,0.30312571651376363,2.2999999999999923,0,0.7210590928428517
M3_ANGLED_Y,4.816666666666655,288,O62,1,C2,0.4851328525053661,0.4851328525053661,0.4851328525053661,0.5066103879855202,0.5073843976646477,0.12121195806552333,0.6999999999999975,0,0.5135158828163364
M3_ANGLED_Y,4.816666666666655,288,O62,1,C3,-0.05904343605609483,-0.05904343605609483,0.05904343605609483,0.24047392733281137,0.7705055150997295,0.15429314155875318,0.6999999999999975,0,0.7988783427786496
M3_ANGLED_Y,4.816666666666655,288,O63,14,C1,0.8691661530779952,0.8691661530779952,0.8691661530779952,0.983461402908033,0.9952060676404697,0.029707700330028362,2.399999999999992,0,0.0
M3_ANGLED_Y,4.816666666666655,288,O63,14,C0,-0.45690122039307185,-0.45690122039307185,0.45690122039307185,0.39454625201275095,0.558216111611548,0.040141494225158864,2.2999999999999923,0,0.49312304681047825
M3_ANGLED_Y,4.816666666666655,288,O63,14,C2,-0.8574795694928664,-0.8574795694928664,0.8574795694928664,0.7731964501630344,0.7745117198086556,0.14177226422308142,0.6999999999999975,0,0.15971421808892183
M3_ANGLED_Y,4.816666666666655,288,O63,14,C3,0.5504587021658679,0.5504587021658679,0.5504587021658679,0.5042405653279152,0.5048644706216202,0.4172773638473579,0.6999999999999975,0,0.5782757022276835
M3_ANGLED_Y,4.816666666666655,288,O64,19,C1,-0.5241844120753786,-0.5241844120753786,0.5241844120753786,0.33691042392113313,0.4663706361791518,0.16880762273338726,2.399999999999992,0,0.5499934578911103
M3_ANGLED_Y,4.816666666666655,288,O64,19,C0,0.9047371940772265,0.9047371940772265,0.9047371940772265,0.8834097223485389,0.8978349888097962,0.15837382883825674,2.2999999999999923,0,0.0
M3_ANGLED_Y,4.816666666666655,288,O64,19,C2,-0.484657026565104,-0.484657026565104,0.484657026565104,1.4943071822767902,1.5028105595244508,0.34028758728649705,0.6999999999999975,0,0.0
M3_ANGLED_Y,4.816666666666655,288,O64,19,C3,0.8153933369198207,0.8153933369198207,0.8153933369198207,1.2897268989590056,1.3004882222816734,0.6157926869107735,0.6999999999999975,0,0.0
M3_ANGLED_Y,4.816666666666655,288,O65,26,C1,0.9116527878514408,0.9116527878514408,0.9116527878514408,0.1961188923897311,0.1989498155388286,0.15783537765658812,2.399999999999992,0,0.7836560469744116
M3_ANGLED_Y,4.816666666666655,288,O65,26,C0,-0.9879346882643826,-0.9879346882643826,0.9879346882643826,0.9593401905033455,0.9644614988647204,0.16826917155171864,2.2999999999999923,0,0.0
M3_ANGLED_Y,4.816666666666655,288,O65,26,C2,-0.08944022605615606,-0.08944022605615606,0.08944022605615606,1.5489099729319453,1.5674618278253811,0.013644586896521645,0.6999999999999975,0,0.0
M3_ANGLED_Y,4.816666666666655,288,O65,26,C3,-0.3502868972561982,-0.3502868972561982,0.3502868972561982,1.3796134424715183,1.431516414335345,0.28914968652079814,0.6999999999999975,0,0.0
M3_ANGLED_Y,4.9166666666666545,294,O66,14,C1,-0.45089359133357976,-0.45089359133357976,0.45089359133357976,0.39906543211504686,0.5627449585665129,0.01768349288473821,2.4999999999999916,0,0.4792732373868168
M3_ANGLED_Y,4.9166666666666545,294,O66,14,C0,0.865812277798798,0.865812277798798,0.865812277798798,0.9747459384331106,0.9863186291363328,0.02811728677986871,2.399999999999992,0,0.0
M3_ANGLED_Y,4.9166666666666545,294,O66,14,C2,-0.5563293840535459,-0.5563293840535459,0.5563293840535459,1.585939075965958,1.5937778481201175,0.15379647166837157,0.7999999999999972,0,0.0
M3_ANGLED_Y,4.9166666666666545,294,O66,14,C3,0.8610847439857362,0.8610847439857362,0.8610847439857362,1.3791740482557266,1.3909550048527717,0.42930157129264807,0.7999999999999972,0,0.0
M3_ANGLED_Y,4.9166666666666545,294,O67,15,C1,-0.35651643786827536,-0.35651643786827536,0.35651643786827536,0.6451125235517946,0.8572155287550741,0.5972267543585276,2.4999999999999916,0,0.5206851987627072
M3_ANGLED_Y,4.9166666666666545,294,O67,15,C0,0.8096419967912039,0.8096419967912039,0.8096419967912039,1.2672899748283286,1.2740190513336367,0.607660548253658,2.399999999999992,0,0.05841102099440976
M3_ANGLED_Y,4.9166666666666545,294,O67,15,C2,-0.6389953585675783,-0.6389953585675783,0.6389953585675783,1.8788567901000637,1.8847655277425635,0.4257467898054178,0.7999999999999972,0,0.0
M3_ANGLED_Y,4.9166666666666545,294,O67,15,C3,0.9088958924798742,0.9088958924798742,0.9088958924798742,1.667254507712631,1.6819426844752172,0.15024169018114128,0.7999999999999972,0,0.0
M3_ANGLED_Y,4.9166666666666545,294,O68,24,C1,0.8428218942715189,0.8428218942715189,0.8428218942715189,0.28950898441380263,0.29096089849677137,0.2898980240348618,2.4999999999999916,0,0.7212445561647352
M3_ANGLED_Y,4.9166666666666545,294,O68,24,C0,-0.9999426047724917,-0.9999426047724917,0.9999426047724917,1.046065289973727,1.0553504934907376,0.30033181792999236,2.399999999999992,0,0.0
M3_ANGLED_Y,4.9166666666666545,294,O68,24,C2,0.05519490867961166,0.05519490867961166,0.05519490867961166,1.6392725260348147,1.66080165895247,0.11841805948175206,0.7999999999999972,0,0.0
M3_ANGLED_Y,4.9166666666666545,294,O68,24,C3,-0.4817584429549445,-0.4817584429549445,0.4817584429549445,1.4657844162419005,1.5265927082450255,0.15708704014252445,0.7999999999999972,0,0.0
M4_ASYMMETRIC_CROSS,2.2166666666666637,132,O1,0,C1,-0.9997758092149062,-0.9997758092149062,0.9997758092149062,1.0086183362879901,1.0162136403703341,0.24786215025078512,0.09999999999999964,0,0.0
M4_ASYMMETRIC_CROSS,2.2166666666666637,132,O2,3,C1,0.10662466714920457,0.10662466714920457,0.10662466714920457,0.6694973621600431,0.6727828018103522,0.2564338805425829,0.09999999999999964,0,0.34083968983556534
M4_ASYMMETRIC_CROSS,2.2166666666666637,132,O3,5,C1,0.9999250306931656,0.9999250306931656,0.9999250306931656,0.009982055054637439,0.011663088915222967,0.008021185427572453,0.09999999999999964,0,0.9869901571493138
M4_ASYMMETRIC_CROSS,2.3166666666666633,138,O4,2,C1,0.9998630809327621,0.9998630809327621,0.9998630809327621,0.022891834221723934,0.022926286452696724,0.04047109742357234,0.1999999999999993,0,0.9713751659390155
M4_ASYMMETRIC_CROSS,2.3166666666666633,138,O4,2,C0,-0.9999892946503375,-0.9999892946503375,0.9999892946503375,1.0026614448538471,1.0080113758906994,0.20739105282721276,0.09999999999999964,0,0.004417565825400205
M4_ASYMMETRIC_CROSS,2.3166666666666633,138,O4,2,C2,0.12306322547714645,0.12306322547714645,0.12306322547714645,0.6504843433354786,0.6906032113599883,0.21596278311901057,0.09999999999999964,0,0.3595591472881343
M4_ASYMMETRIC_CROSS,2.416666666666663,144,O5,0,C1,-0.9996178014480033,-0.9996178014480033,0.9996178014480033,1.0119253565572957,1.0200797433294635,0.25739991964556286,0.29999999999999893,0,0.004645495181189951
M4_ASYMMETRIC_CROSS,2.416666666666663,144,O5,0,C0,0.9999790489460247,0.9999790489460247,0.9999790489460247,0.00540671693058821,0.005829631508923114,0.00953776939477772,0.1999999999999993,0,0.9946818211261649
M4_ASYMMETRIC_CROSS,2.416666666666663,144,O5,0,C2,-0.13407141062470185,-0.13407141062470185,0.13407141062470185,0.6676580490653973,0.6737184654555941,0.0009660391029799241,0.1999999999999993,0,0.3432752302238077
M4_ASYMMETRIC_CROSS,2.416666666666663,144,O6,4,C1,0.08913375831031391,0.08913375831031391,0.08913375831031391,0.6849686603032508,0.6856269205562479,0.257723214510746,0.29999999999999893,0,0.3264622755515544
M4_ASYMMETRIC_CROSS,2.416666666666663,144,O6,4,C0,-0.11020333185930474,-0.11020333185930474,0.11020333185930474,0.6762071271789966,0.6811990246692055,0.009861064259960847,0.1999999999999993,0,0.3350775939233135
M4_ASYMMETRIC_CROSS,2.416666666666663,144,O6,4,C2,0.9998455542973368,0.9998455542973368,0.9998455542973368,0.01849277684730178,0.01900263990501619,0.0012893339681630507,0.1999999999999993,0,0.9818158354413614
M4_ASYMMETRIC_CROSS,2.416666666666663,144,O7,5,C1,0.11161445103604489,0.11161445103604489,0.11161445103604489,0.6704212702538561,0.6756461524568211,0.2770413005664917,0.29999999999999893,0,0.35305604868539975
M4_ASYMMETRIC_CROSS,2.416666666666663,144,O7,5,C0,-0.1326309606848193,-0.1326309606848193,0.1326309606848193,0.67383954783095,0.6789545304932818,0.029179150315706573,0.1999999999999993,0,0.34975747493701936
M4_ASYMMETRIC_CROSS,2.416666666666663,144,O7,5,C2,0.9999874010102807,0.9999874010102807,0.9999874010102807,0.006115793516386202,0.012212719562866828,0.020607420023908776,0.1999999999999993,0,0.994098373965049
M4_ASYMMETRIC_CROSS,2.416666666666663,144,O8,8,C1,0.9998630809327621,0.9998630809327621,0.9998630809327621,0.011244581631704208,0.014181888866981499,0.024901985057973655,0.29999999999999893,0,0.9856601696649246
M4_ASYMMETRIC_CROSS,2.416666666666663,144,O8,8,C0,-0.9999892946503375,-0.9999892946503375,0.9999892946503375,1.002414060628916,1.0085956726783716,0.22296016519281145,0.1999999999999993,0,0.004663203463206589
M4_ASYMMETRIC_CROSS,2.416666666666663,144,O8,8,C2,0.12306322547714689,0.12306322547714689,0.12306322547714689,0.6586554631711836,0.6820262929266235,0.23153189548460926,0.1999999999999993,0,0.35151418969798554
M4_ASYMMETRIC_CROSS,2.416666666666663,144,O9,9,C1,0.9999866975060677,0.9999866975060677,0.9999866975060677,0.0038539663911880484,0.004201120767554758,0.0002136840615903965,0.29999999999999893,0,0.9949239708044615
M4_ASYMMETRIC_CROSS,2.416666666666663,144,O9,9,C0,-0.9996532953741196,-0.9996532953741196,0.9996532953741196,1.0105658834284916,1.0181613125244209,0.2480758343123755,0.1999999999999993,0,0.0
M4_ASYMMETRIC_CROSS,2.416666666666663,144,O9,9,C2,0.10149466752777343,0.10149466752777343,0.10149466752777343,0.6731480058128119,0.6752363725844742,0.2566475646041733,0.1999999999999993,0,0.337245412190176
M4_ASYMMETRIC_CROSS,2.5166666666666626,150,O10,0,C1,-0.9998241393249568,-0.9998241393249568,0.9998241393249568,1.0074173397354418,1.0154065612641574,0.25406964561620965,0.3999999999999986,0,0.005823026481756255
M4_ASYMMETRIC_CROSS,2.5166666666666626,150,O10,0,C0,0.999997069604717,0.999997069604717,0.999997069604717,0.0018978827083039366,0.003748661654111812,0.006207495365424552,0.29999999999999893,0,0.9981270609382903
M4_ASYMMETRIC_CROSS,2.5166666666666626,150,O10,0,C2,-0.12525242024282932,-0.12525242024282932,0.12525242024282932,0.6680308270801493,0.6709442555217503,0.002364234926373245,0.29999999999999893,0,0.34228358158595384
M4_ASYMMETRIC_CROSS,2.5166666666666626,150,O11,3,C1,0.10204577536003735,0.10204577536003735,0.10204577536003735,0.6681323658157232,0.6681506603631907,0.26110303860824285,0.3999999999999986,0,0.34519379805344474
M4_ASYMMETRIC_CROSS,2.5166666666666626,150,O11,3,C0,-0.12308619942547647,-0.12308619942547647,0.12308619942547647,0.6741739526974703,0.6741851529210784,0.013240888357457726,0.29999999999999893,0,0.33927271300776385
M4_ASYMMETRIC_CROSS,2.5166666666666626,150,O11,3,C2,0.999989401500831,0.999989401500831,0.999989401500831,0.006229386530744412,0.006230687569026018,0.0046691580656599285,0.29999999999999893,0,0.9938948610434795
M4_ASYMMETRIC_CROSS,2.5166666666666626,150,O12,5,C1,0.9999974431685225,0.9999974431685225,0.9999974431685225,0.0020456500787281377,0.0032947446460062403,0.005616997859637387,0.3999999999999986,0,0.9973254765753868
M4_ASYMMETRIC_CROSS,2.5166666666666626,150,O12,5,C0,-0.9998211341875626,-0.9998211341875626,0.9998211341875626,1.0077907446121186,1.015049422166352,0.24224515239114772,0.29999999999999893,0,0.0
M4_ASYMMETRIC_CROSS,2.5166666666666626,150,O12,5,C2,0.10887284292190663,0.10887284292190663,0.10887284292190663,0.6701009362995765,0.6738855997630223,0.2508168826829455,0.29999999999999893,0,0.34024543489221726
M4_ASYMMETRIC_CROSS,2.6166666666666623,156,O13,0,C1,-0.9996498411936954,-0.9996498411936954,0.9996498411936954,1.0112517980102693,1.018461125948445,0.24188181635049605,0.4999999999999982,0,0.0
M4_ASYMMETRIC_CROSS,2.6166666666666623,156,O13,0,C0,0.999986013964606,0.999986013964606,0.999986013964606,0.005312559482826849,0.006565358091481592,0.0059803339002890595,0.3999999999999986,0,0.9947249483574377
M4_ASYMMETRIC_CROSS,2.6166666666666623,156,O13,0,C2,-0.13289768336199326,-0.13289768336199326,0.13289768336199326,0.6669273355673377,0.6682169771044213,0.014552064192086857,0.3999999999999986,0,0.3433700351688357
M4_ASYMMETRIC_CROSS,2.6166666666666623,156,O14,3,C1,0.10627214152495258,0.10627214152495258,0.10627214152495258,0.673400426346203,0.6760689058441267,0.2594084901212986,0.4999999999999982,0,0.33893294392524675
M4_ASYMMETRIC_CROSS,2.6166666666666623,156,O14,3,C0,-0.127302246062573,-0.127302246062573,0.127302246062573,0.6661974490249949,0.6703960285112518,0.011546339870513461,0.3999999999999986,0,0.34600399827331196
M4_ASYMMETRIC_CROSS,2.6166666666666623,156,O14,3,C2,0.99999993715068,0.99999993715068,0.99999993715068,0.004099296331495482,0.004145211470544376,0.002974609578715664,0.3999999999999986,0,0.9959757825332196
M4_ASYMMETRIC_CROSS,2.6166666666666623,156,O15,5,C1,0.9998846684012676,0.9998846684012676,0.9998846684012676,0.006311261819946031,0.0069421904749344746,0.0013817068703427064,0.4999999999999982,0,0.9916874860839515
M4_ASYMMETRIC_CROSS,2.6166666666666623,156,O15,5,C0,-0.9999820739464725,-0.9999820739464725,0.9999820739464725,1.0028396668229873,1.0105531724479495,0.24924385712112782,0.3999999999999986,0,0.004240602142623118
M4_ASYMMETRIC_CROSS,2.6166666666666623,156,O15,5,C2,0.12171295534247664,0.12171295534247664,0.12171295534247664,0.6668174961666676,0.6695883142218259,0.2578155874129256,0.3999999999999986,0,0.34347817864707186
M4_ASYMMETRIC_CROSS,2.716666666666662,162,O16,0,C1,-0.99951200040641,-0.99951200040641,0.99951200040641,1.0137003620124903,1.0213346006150423,0.24918955125404654,0.5999999999999979,0,0.0
M4_ASYMMETRIC_CROSS,2.716666666666662,162,O16,0,C0,0.9999493298106563,0.9999493298106563,0.9999493298106563,0.005138163085466651,0.005189510467839625,0.0013274010032614367,0.4999999999999982,0,0.9949048290621939
M4_ASYMMETRIC_CROSS,2.716666666666662,162,O16,0,C2,-0.13763173595589126,-0.13763173595589126,0.13763173595589126,0.6713093286361594,0.6730555182128504,0.0072443292885363605,0.4999999999999982,0,0.33905570015627673
M4_ASYMMETRIC_CROSS,2.716666666666662,162,O17,3,C1,0.1055030067342939,0.1055030067342939,0.1055030067342939,0.6744861813893195,0.6771036147959169,0.26585372207544417,0.5999999999999979,0,0.3420301727779941
M4_ASYMMETRIC_CROSS,2.716666666666662,162,O17,3,C0,-0.12653501789001634,-0.12653501789001634,0.12653501789001634,0.6648057690173403,0.6732858966240436,0.017991571824659047,0.4999999999999982,0,0.35147353786326396
M4_ASYMMETRIC_CROSS,2.716666666666662,162,O17,3,C2,0.9999993637817941,0.9999993637817941,0.9999993637817941,0.005583758107887345,0.0058779496369163915,0.00941984153286125,0.4999999999999982,0,0.9945529731240328
M4_ASYMMETRIC_CROSS,2.716666666666662,162,O18,5,C1,0.9999142340757663,0.9999142340757663,0.9999142340757663,0.007421421867316374,0.009047983984501342,0.0040422146717250685,0.5999999999999979,0,0.9902770675059521
M4_ASYMMETRIC_CROSS,2.716666666666662,162,O18,5,C0,-0.9999673706509588,-0.9999673706509588,0.9999673706509588,1.0036428084925497,1.0110186915253894,0.24381993557906004,0.4999999999999982,0,0.0034431308301737795
M4_ASYMMETRIC_CROSS,2.716666666666662,162,O18,5,C2,0.11963759832089547,0.11963759832089547,0.11963759832089547,0.6693749278406428,0.6708231732288907,0.2523916658708578,0.4999999999999982,0,0.3409602337667471
M4_ASYMMETRIC_CROSS,2.8166666666666615,168,O19,0,C1,-0.9996863507703488,-0.9996863507703488,0.9996863507703488,1.0106125136062347,1.018894523830044,0.2592310528775678,0.6999999999999975,0,0.007724074773713396
M4_ASYMMETRIC_CROSS,2.8166666666666615,168,O19,0,C0,0.9999925070550042,0.9999925070550042,0.9999925070550042,0.0050434323299402605,0.0060458599365096856,0.011368902626782716,0.5999999999999979,0,0.9950480758805866
M4_ASYMMETRIC_CROSS,2.8166666666666615,168,O19,0,C2,-0.13149242033628306,-0.13149242033628306,0.13149242033628306,0.666431313135315,0.6738384539533725,0.0027971723349849193,0.5999999999999979,0,0.34566043964623805
M4_ASYMMETRIC_CROSS,2.8166666666666615,168,O20,3,C1,0.11511650421575818,0.11511650421575818,0.11511650421575818,0.6750352089791513,0.6778097852916076,0.2608109732568483,0.6999999999999975,0,0.3382392124197553
M4_ASYMMETRIC_CROSS,2.8166666666666615,168,O20,3,C0,-0.13612376791401729,-0.13612376791401729,0.13612376791401729,0.6699751840573265,0.6735754143406766,0.012948823006063207,0.5999999999999979,0,0.34319973304579254
M4_ASYMMETRIC_CROSS,2.8166666666666615,168,O20,3,C2,0.9999634956211338,0.9999634956211338,0.9999634956211338,0.00618590818444796,0.006201751950142413,0.004377092714265409,0.5999999999999979,0,0.9939357363622113
M4_ASYMMETRIC_CROSS,2.8166666666666615,168,O21,5,C1,0.9999127391631079,0.9999127391631079,0.9999127391631079,0.006896800078324714,0.008239600333098255,0.0020376732586860954,0.6999999999999975,0,0.9909405918647546
M4_ASYMMETRIC_CROSS,2.8166666666666615,168,O21,5,C0,-0.9999682822893141,-0.9999682822893141,0.9999682822893141,1.0035976398867172,1.0110955320217034,0.24582447699209903,0.5999999999999979,0,0.0034879805356987648
M4_ASYMMETRIC_CROSS,2.8166666666666615,168,O21,5,C2,0.11975043209924276,0.11975043209924276,0.11975043209924276,0.6688287044057603,0.6701615459689807,0.25439620728389684,0.5999999999999979,0,0.341498023501414
M4_ASYMMETRIC_CROSS,2.916666666666661,174,O22,0,C1,-0.9996817597651296,-0.9996817597651296,0.9996817597651296,1.0106833299555071,1.0186495062116663,0.25424748009508286,0.7999999999999972,0,0.002774971004290694
M4_ASYMMETRIC_CROSS,2.916666666666661,174,O22,0,C0,0.9999917833002765,0.9999917833002765,0.9999917833002765,0.005854043675077363,0.00594515424015498,0.00638532984429777,0.6999999999999975,0,0.994223909012254
M4_ASYMMETRIC_CROSS,2.916666666666661,174,O22,0,C2,-0.1316734841936284,-0.1316734841936284,0.1316734841936284,0.6659303107155158,0.6720079856531732,0.0021864004475000273,0.6999999999999975,0,0.34435166593799693
M4_ASYMMETRIC_CROSS,2.916666666666661,174,O23,3,C1,0.1137588221125458,0.1137588221125458,0.1137588221125458,0.6751078410216154,0.6780519062149518,0.259225242337157,0.7999999999999972,0,0.33713755727617567
M4_ASYMMETRIC_CROSS,2.916666666666661,174,O23,3,C0,-0.13476970172487593,-0.13476970172487593,0.13476970172487593,0.6687839271153,0.6722540024006588,0.011363092086371904,0.6999999999999975,0,0.34334676529421904
M4_ASYMMETRIC_CROSS,2.916666666666661,174,O23,3,C2,0.9999742391181405,0.9999742391181405,0.9999742391181405,0.00582597360272245,0.006060744834537774,0.002791361794574108,0.6999999999999975,0,0.9942797004287476
M4_ASYMMETRIC_CROSS,2.916666666666661,174,O24,5,C1,0.9998843182027173,0.9998843182027173,0.9998843182027173,0.005876089983910086,0.006868237396340416,0.005422519608287958,0.7999999999999972,0,0.9922606475287024
M4_ASYMMETRIC_CROSS,2.916666666666661,174,O24,5,C0,-0.9999822116444042,-0.9999822116444042,0.9999822116444042,1.0028361738161085,1.010801320123037,0.25328466985907305,0.6999999999999975,0,0.004244070488103824
M4_ASYMMETRIC_CROSS,2.916666666666661,174,O24,5,C2,0.12173582538227348,0.12173582538227348,0.12173582538227348,0.665832921601296,0.6683094667058291,0.26185640015087086,0.6999999999999975,0,0.3444475513624422
M4_ASYMMETRIC_CROSS,3.016666666666661,180,O25,0,C1,-0.9996978944496149,-0.9996978944496149,0.9996978944496149,1.0103434418326718,1.0179934481912025,0.24914746290392845,0.8999999999999968,0,0.0
M4_ASYMMETRIC_CROSS,3.016666666666661,180,O25,0,C0,0.9999941999050606,0.9999941999050606,0.9999941999050606,0.008713286965571169,0.008853739269330292,0.001285312653143324,0.7999999999999972,0,0.9913592584031912
M4_ASYMMETRIC_CROSS,3.016666666666661,180,O25,0,C2,-0.13103118891930815,-0.13103118891930815,0.13103118891930815,0.6636636081318211,0.6702625103325899,0.007286417638654473,0.7999999999999972,0,0.3465833705907204
M4_ASYMMETRIC_CROSS,3.016666666666661,180,O26,3,C1,0.11161456869906776,0.11161456869906776,0.11161456869906776,0.6763639997263896,0.6781849479831591,0.25721723373503835,0.8999999999999968,0,0.3345922744512625
M4_ASYMMETRIC_CROSS,3.016666666666661,180,O26,3,C0,-0.13263107804164087,-0.13263107804164087,0.13263107804164087,0.6698278559848143,0.6729568003059002,0.00935508348425326,0.7999999999999972,0,0.3410225406137144
M4_ASYMMETRIC_CROSS,3.016666666666661,180,O26,3,C2,0.9999874004159218,0.9999874004159218,0.9999874004159218,0.0074066156277024465,0.007498688435308172,0.0007833531924554615,0.7999999999999972,0,0.9927133625372774
M4_ASYMMETRIC_CROSS,3.016666666666661,180,O27,5,C1,0.9998630393841121,0.9998630393841121,0.9998630393841121,0.0063210453841847924,0.007372607415715465,0.0030291930451393882,0.8999999999999968,0,0.9916746002274931
M4_ASYMMETRIC_CROSS,3.016666666666661,180,O27,5,C0,-0.9999893062645109,-0.9999893062645109,0.9999893062645109,1.0023383290518804,1.0101582686651978,0.2508913432959245,0.7999999999999972,0,0.004738400358625272
M4_ASYMMETRIC_CROSS,3.016666666666661,180,O27,5,C2,0.1230657170756169,0.1230657170756169,0.1230657170756169,0.6642965342557057,0.6694611188254658,0.2594630735877223,0.7999999999999972,0,0.34596021685821743
M4_ASYMMETRIC_CROSS,3.1166666666666605,186,O28,0,C1,-0.9997274480252735,-0.9997274480252735,0.9997274480252735,1.0097350551042377,1.0177158123499812,0.2543895650110195,0.9999999999999964,0,0.003850271715022391
M4_ASYMMETRIC_CROSS,3.1166666666666605,186,O28,0,C0,0.9999976399627313,0.9999976399627313,0.9999976399627313,0.007746820569248603,0.007778873592546158,0.006527414760234372,0.8999999999999968,0,0.9923574078505843
M4_ASYMMETRIC_CROSS,3.1166666666666605,186,O28,0,C2,-0.12980838995229593,-0.12980838995229593,0.12980838995229593,0.663776536677554,0.6720894080802532,0.0020443155315634258,0.8999999999999968,0,0.34647218566387994
M4_ASYMMETRIC_CROSS,3.1166666666666605,186,O29,3,C1,0.10779881348836196,0.10779881348836196,0.10779881348836196,0.6757100544206889,0.6757344049216366,0.26202079938602857,0.9999999999999964,0,0.3383623631683369
M4_ASYMMETRIC_CROSS,3.1166666666666605,186,O29,3,C0,-0.1288250957920177,-0.1288250957920177,0.1288250957920177,0.6749464005763169,0.6777187875700293,0.01415864913524345,0.8999999999999968,0,0.33911011306733885
M4_ASYMMETRIC_CROSS,3.1166666666666605,186,O29,3,C2,0.9999993026748804,0.9999993026748804,0.9999993026748804,0.009992017837556164,0.010362775442999881,0.005586918843445653,0.8999999999999968,0,0.9902160771088593
M4_ASYMMETRIC_CROSS,3.1166666666666605,186,O30,5,C1,0.9999678367597817,0.9999678367597817,0.9999678367597817,0.005688893047558867,0.006393431742428858,0.0011722593631005346,0.9999999999999964,0,0.9925072031593916
M4_ASYMMETRIC_CROSS,3.1166666666666605,186,O30,5,C0,-0.9999134740067569,-0.9999134740067569,0.9999134740067569,1.0055988449181787,1.0132850786050458,0.24903440961388565,0.8999999999999968,0,0.0015009044526093085
M4_ASYMMETRIC_CROSS,3.1166666666666605,186,O30,5,C2,0.11459583125934789,0.11459583125934789,0.11459583125934789,0.6640536456419079,0.6706001514113125,0.25760613990568343,0.8999999999999968,0,0.346199355267202
M4_ASYMMETRIC_CROSS,3.21666666666666,192,O31,0,C1,-0.9997601065986889,-0.9997601065986889,0.9997601065986889,1.0090153985344987,1.0168792021160118,0.25246962640988224,1.099999999999996,0,0.00267119823125217
M4_ASYMMETRIC_CROSS,3.21666666666666,192,O31,0,C0,0.9999997342385513,0.9999997342385513,0.9999997342385513,0.010884868740776363,0.010889170565333662,0.004607476159097111,0.9999999999999964,0,0.9892412017552799
M4_ASYMMETRIC_CROSS,3.21666666666666,192,O31,0,C2,-0.12837695117194134,-0.12837695117194134,0.12837695117194134,0.6611237110891347,0.6717453982963238,0.003964254132700687,0.9999999999999964,0,0.3490840515747967
M4_ASYMMETRIC_CROSS,3.21666666666666,192,O32,3,C1,0.10523401660036803,0.10523401660036803,0.10523401660036803,0.6789292629135045,0.6789515640959722,0.2569698160122784,1.099999999999996,0,0.3319059447296463
M4_ASYMMETRIC_CROSS,3.21666666666666,192,O32,3,C0,-0.1262666915526207,-0.1262666915526207,0.1262666915526207,0.6768943547842602,0.679366920648983,0.009107665761493286,0.9999999999999964,0,0.3339083772339331
M4_ASYMMETRIC_CROSS,3.21666666666666,192,O32,3,C2,0.9999990220721671,0.9999990220721671,0.9999990220721671,0.013858359335968013,0.013863373730525522,0.0005359354696954895,0.9999999999999964,0,0.9863628098037363
M4_ASYMMETRIC_CROSS,3.21666666666666,192,O33,5,C1,0.9999240848980839,0.9999240848980839,0.9999240848980839,0.006816813819598147,0.006846725097844121,0.009427152972669547,1.099999999999996,0,0.99113173960637
M4_ASYMMETRIC_CROSS,3.21666666666666,192,O33,5,C0,-0.9999608089097596,-0.9999608089097596,0.9999608089097596,1.0039928268255873,1.011049551685324,0.23843499727811557,0.9999999999999964,0,0.0030955837036735767
M4_ASYMMETRIC_CROSS,3.21666666666666,192,O33,5,C2,0.11886803696760065,0.11886803696760065,0.11886803696760065,0.6627199736448376,0.6747622989812057,0.24700672756991335,0.9999999999999964,0,0.3475124353432911
M4_ASYMMETRIC_CROSS,3.3166666666666598,198,O34,0,C1,0.11969963842741731,0.11969963842741731,0.11969963842741731,0.6764422729033499,0.6787631233784854,0.25387086883458937,1.1999999999999957,0,0.33231715186875577
M4_ASYMMETRIC_CROSS,3.3166666666666598,198,O34,0,C0,-0.14069440167242916,-0.14069440167242916,0.14069440167242916,0.6732328053759304,0.6755081867134987,0.006008718583804262,1.099999999999996,0,0.33548505917663973
M4_ASYMMETRIC_CROSS,3.3166666666666598,198,O34,0,C2,0.999913413719452,0.999913413719452,0.999913413719452,0.009308392519549803,0.010018102467880293,0.0025630117079935353,1.099999999999996,0,0.9908353292378589
M4_ASYMMETRIC_CROSS,3.3166666666666598,198,O35,2,C1,0.9998630801032604,0.9998630801032604,0.9998630801032604,0.006362171210460079,0.008361843247209693,0.006105649251132915,1.1999999999999957,0,0.9916204337211787
M4_ASYMMETRIC_CROSS,3.3166666666666598,198,O35,2,C0,-0.9999892948822886,-0.9999892948822886,0.9999892948822886,1.0023394517600999,1.0103516295752546,0.253967799501918,1.099999999999996,0,0.00473728557697306
M4_ASYMMETRIC_CROSS,3.3166666666666598,198,O35,2,C2,0.12306327522459223,0.12306327522459223,0.12306327522459223,0.6640952435430683,0.6684143592565202,0.2625395297937158,1.099999999999996,0,0.3461583996384262
M4_ASYMMETRIC_CROSS,3.4166666666666594,204,O36,0,C1,-0.9998520282768462,-0.9998520282768462,0.9998520282768462,1.0076817117890353,1.0148508222033281,0.24075056640129994,1.2999999999999954,0,0.0
M4_ASYMMETRIC_CROSS,3.4166666666666594,204,O36,0,C0,0.9999921108282912,0.9999921108282912,0.9999921108282912,0.006078094717289986,0.00672150733434476,0.007111583849485166,1.1999999999999957,0,0.9939648179703714
M4_ASYMMETRIC_CROSS,3.4166666666666594,204,O36,0,C2,-0.12371319536844588,-0.12371319536844588,0.12371319536844588,0.6633138401121025,0.6671400477796546,0.01568331414128296,1.1999999999999957,0,0.3469277381855673
M4_ASYMMETRIC_CROSS,3.4166666666666594,204,O37,2,C1,0.1328552534807596,0.1328552534807596,0.1328552534807596,0.6705665132575565,0.6707080093005505,0.2486719467857106,1.2999999999999954,0,0.3347027856938528
M4_ASYMMETRIC_CROSS,3.4166666666666594,204,O37,2,C0,-0.11183932959173346,-0.11183932959173346,0.11183932959173346,0.6642990242155451,0.6726507637316311,0.0008097965349254956,1.1999999999999957,0,0.3409210249257646
M4_ASYMMETRIC_CROSS,3.4166666666666594,204,O37,2,C2,-0.971319678705259,-0.971319678705259,0.971319678705259,0.876367147806754,0.8763739875144203,0.007761933756872301,1.1999999999999957,0,0.13716397761081833
M4_ASYMMETRIC_CROSS,3.4166666666666594,204,O38,3,C1,0.09989902040269785,0.09989902040269785,0.09989902040269785,0.6716152895615055,0.6716676762974663,0.2545184596203405,1.2999999999999954,0,0.3375050993938532
M4_ASYMMETRIC_CROSS,3.4166666666666594,204,O38,3,C0,-0.12094453903496902,-0.12094453903496902,0.12094453903496902,0.6737189076085217,0.6737196998445157,0.006656309369555387,1.1999999999999957,0,0.3354300480204975
M4_ASYMMETRIC_CROSS,3.4166666666666594,204,O38,3,C2,0.9999771390688337,0.9999771390688337,0.9999771390688337,0.006438185734910336,0.00675143930374914,0.0019154209222424104,1.1999999999999957,0,0.993661219975195
M4_ASYMMETRIC_CROSS,3.4166666666666594,204,O39,5,C1,0.9999520012873356,0.9999520012873356,0.9999520012873356,0.004183672394631042,0.004805212860456141,0.005457500371992721,1.2999999999999954,0,0.9945290429989528
M4_ASYMMETRIC_CROSS,3.4166666666666594,204,O39,5,C0,-0.9999352763628979,-0.9999352763628979,0.9999352763628979,1.004921293595253,1.012207568086933,0.2424046498787924,1.1999999999999957,0,0.0021736721139359316
M4_ASYMMETRIC_CROSS,3.4166666666666594,204,O39,5,C2,0.11636140591348458,0.11636140591348458,0.11636140591348458,0.665423900246935,0.6726806957010355,0.2509763801705902,1.1999999999999957,0,0.3448502574193184
M4_ASYMMETRIC_CROSS,3.516666666666659,210,O40,1,C1,-0.9996854245285461,-0.9996854245285461,0.9996854245285461,1.0105793302810533,1.0179510861459264,0.24455776555613357,1.399999999999995,0,0.0
M4_ASYMMETRIC_CROSS,3.516666666666659,210,O40,1,C0,0.999992363304399,0.999992363304399,0.999992363304399,0.007215557199238281,0.007590664476554525,0.0033043846946515572,1.2999999999999954,0,0.9928353862241199
M4_ASYMMETRIC_CROSS,3.516666666666659,210,O40,1,C2,-0.131529056725538,-0.131529056725538,0.131529056725538,0.6648897243461775,0.6684239497522217,0.011876114986449355,1.2999999999999954,0,0.3453761856340162
M4_ASYMMETRIC_CROSS,3.516666666666659,210,O40,1,C3,-0.1079548826502629,-0.1079548826502629,0.1079548826502629,0.6703435323452921,0.6717666603999225,0.004114181229577053,0.09999999999999964,0,0.3349240144263348
M4_ASYMMETRIC_CROSS,3.516666666666659,210,O41,3,C1,0.13795672169186093,0.13795672169186093,0.13795672169186093,0.6691192034357263,0.6718612162820607,0.24822131639203873,1.399999999999995,0,0.33584178451862157
M4_ASYMMETRIC_CROSS,3.516666666666659,210,O41,3,C0,-0.11695441634374935,-0.11695441634374935,0.11695441634374935,0.6636513199840709,0.6707799351175021,0.0003591661412536206,1.2999999999999954,0,0.34126912795319164
M4_ASYMMETRIC_CROSS,3.516666666666659,210,O41,3,C2,-0.9700825181337444,-0.9700825181337444,0.9700825181337444,0.8747666165435355,0.8747754255617347,0.008212564150544176,1.2999999999999954,0,0.13873979664091451
M4_ASYMMETRIC_CROSS,3.516666666666659,210,O41,3,C3,0.9999867444722298,0.9999867444722298,0.9999867444722298,0.0016858646783291774,0.002786472453881679,0.000450630393671875,0.09999999999999964,0,0.9983273828143596
M4_ASYMMETRIC_CROSS,3.516666666666659,210,O42,7,C1,0.10914872083017253,0.10914872083017253,0.10914872083017253,0.6748079717167683,0.6771632892648748,0.2573674293933844,1.399999999999995,0,0.3362211784314876
M4_ASYMMETRIC_CROSS,3.516666666666659,210,O42,7,C0,-0.13017158161790937,-0.13017158161790937,0.13017158161790937,0.6678772006013537,0.6708736317832594,0.009505279142599323,1.2999999999999954,0,0.34303867211320416
M4_ASYMMETRIC_CROSS,3.516666666666659,210,O42,7,C2,0.9999967770629468,0.9999967770629468,0.9999967770629468,0.005346763652509092,0.005392193670171658,0.0009335488508015255,1.2999999999999954,0,0.9947406245551031
M4_ASYMMETRIC_CROSS,3.516666666666659,210,O42,7,C3,-0.9707128622168391,-0.9707128622168391,0.9707128622168391,0.8803154951657481,0.8803215333691968,0.008695482607673827,0.09999999999999964,0,0.1340724969460203
M4_ASYMMETRIC_CROSS,3.516666666666659,210,O43,9,C1,0.9998630805687087,0.9998630805687087,0.9998630805687087,0.006316456782439942,0.008039608806288859,0.005604323500342308,1.399999999999995,0,0.9916806438392062
M4_ASYMMETRIC_CROSS,3.516666666666659,210,O43,9,C0,-0.999989294752137,-0.999989294752137,0.999989294752137,1.0023298552136577,1.0103105415339142,0.2534664737511274,1.2999999999999954,0,0.004746814369683383
M4_ASYMMETRIC_CROSS,3.516666666666659,210,O43,9,C2,0.12306324731042947,0.12306324731042947,0.12306324731042947,0.6643726733378424,0.6685814643111192,0.2620382040429252,1.2999999999999954,0,0.3458852533649559
M4_ASYMMETRIC_CROSS,3.516666666666659,210,O43,9,C3,0.11643623838120122,0.11643623838120122,0.11643623838120122,0.6661996210822198,0.6669083908127179,0.25427627028605293,0.09999999999999964,0,0.33903536291324476
M4_ASYMMETRIC_CROSS,3.6166666666666587,216,O44,1,C1,-0.9997953933557858,-0.9997953933557858,0.9997953933557858,1.008170150957179,1.0160845677646195,0.2531359582147439,1.4999999999999947,0,0.0041625287300890434
M4_ASYMMETRIC_CROSS,3.6166666666666587,216,O44,1,C0,0.9999995524927792,0.9999995524927792,0.9999995524927792,0.009477819578273296,0.009484390044540268,0.005273807963958752,1.399999999999995,0,0.9906381200901265
M4_ASYMMETRIC_CROSS,3.6166666666666587,216,O44,1,C2,-0.12671552436240163,-0.12671552436240163,0.12671552436240163,0.6614090448975636,0.6717929485453191,0.003297922327839045,1.399999999999995,0,0.3488031233257929
M4_ASYMMETRIC_CROSS,3.6166666666666587,216,O44,1,C3,-0.1127793962225693,-0.1127793962225693,0.1127793962225693,0.6701986129595281,0.6729651952258415,0.004464011429033256,0.1999999999999993,0,0.33799974999798854
M4_ASYMMETRIC_CROSS,3.6166666666666587,216,O45,3,C1,0.10772642652895424,0.10772642652895424,0.10772642652895424,0.5364918015851352,0.8656250081836182,0.6362094310312139,1.4999999999999947,0,0.6155442040745531
M4_ASYMMETRIC_CROSS,3.6166666666666587,216,O45,3,C0,-0.08665165931626334,-0.08665165931626334,0.08665165931626334,0.8206891975646022,0.8259136871568221,0.38834728078042874,1.399999999999995,0,0.4118852930746114
M4_ASYMMETRIC_CROSS,3.6166666666666587,216,O45,3,C2,-0.9770267972668358,-0.9770267972668358,0.9770267972668358,0.8956931013971751,0.9210458654270187,0.37977555048863093,1.399999999999995,0,0.358136688789758
M4_ASYMMETRIC_CROSS,3.6166666666666587,216,O45,3,C3,0.9996796346349724,0.9996796346349724,0.9996796346349724,0.19535920860903905,0.19631328544345455,0.3875374842455032,0.1999999999999993,0,0.860003489680103
M4_ASYMMETRIC_CROSS,3.6166666666666587,216,O46,4,C1,0.13858298255248508,0.13858298255248508,0.13858298255248508,0.666766050741562,0.6750449925794046,0.2562813822066261,1.4999999999999947,0,0.3434302499036741
M4_ASYMMETRIC_CROSS,3.6166666666666587,216,O46,4,C0,-0.11758238809079556,-0.11758238809079556,0.11758238809079556,0.6672871101707128,0.6729335751475193,0.008419231955840985,1.399999999999995,0,0.34291715860455607
M4_ASYMMETRIC_CROSS,3.6166666666666587,216,O46,4,C2,-0.9699288088736482,-0.9699288088736482,0.9699288088736482,0.8757506320019811,0.8757508695375239,0.0001524983359568109,1.399999999999995,0,0.13777097439984853
M4_ASYMMETRIC_CROSS,3.6166666666666587,216,O46,4,C3,0.9999832887412466,0.9999832887412466,0.9999832887412466,0.0045334689366064084,0.005896445778593097,0.00760943542091549,0.1999999999999993,0,0.9955358576468213
M4_ASYMMETRIC_CROSS,3.6166666666666587,216,O47,9,C1,0.1166133408191973,0.1166133408191973,0.1166133408191973,0.6741954337660495,0.6765583867853392,0.2557616185255085,1.4999999999999947,0,0.3357745174684581
M4_ASYMMETRIC_CROSS,3.6166666666666587,216,O47,9,C0,-0.13761657184296547,-0.13761657184296547,0.13761657184296547,0.6726224544661308,0.6743288712911539,0.007899468274723395,1.399999999999995,0,0.33732423566910563
M4_ASYMMETRIC_CROSS,3.6166666666666587,216,O47,9,C2,0.9999494838120744,0.9999494838120744,0.9999494838120744,0.007088107440213373,0.0072308865748431025,0.000672262017074403,1.399999999999995,0,0.9930213330733736
M4_ASYMMETRIC_CROSS,3.6166666666666587,216,O47,9,C3,-0.968880625470181,-0.968880625470181,0.968880625470181,0.8834549887538097,0.8834584080039493,0.007089671739797899,0.1999999999999993,0,0.12960947699992076
M4_ASYMMETRIC_CROSS,3.6166666666666587,216,O48,13,C1,0.9997105181775863,0.9997105181775863,0.9997105181775863,0.0012191769149234324,0.009590468858393921,0.00595193917078941,1.4999999999999947,0,0.998394231556137
M4_ASYMMETRIC_CROSS,3.6166666666666587,216,O48,13,C0,-0.999995833120915,-0.999995833120915,0.999995833120915,1.0074201283123863,1.015382343744603,0.2538140894215745,1.399999999999995,0,0.0
M4_ASYMMETRIC_CROSS,3.6166666666666587,216,O48,13,C2,0.13051656581364565,0.13051656581364565,0.13051656581364565,0.6684456420588936,0.6706800716778221,0.2623858197133723,1.399999999999995,0,0.341875171358365
M4_ASYMMETRIC_CROSS,3.6166666666666587,216,O48,13,C3,0.1089701526965292,0.1089701526965292,0.1089701526965292,0.6698053291984156,0.6699428654651641,0.25462388595650004,0.1999999999999993,0,0.33545798838308416
M4_ASYMMETRIC_CROSS,3.7166666666666583,222,O49,1,C1,-0.9997755526516713,-0.9997755526516713,0.9997755526516713,1.011248845388815,1.0188803397974415,0.24886227299649546,1.5999999999999943,0,0.0
M4_ASYMMETRIC_CROSS,3.7166666666666583,222,O49,1,C0,0.9999999999266311,0.9999999999266311,0.9999999999266311,0.005772610568904614,0.005776861094804466,0.0010001227457103533,1.4999999999999947,0,0.994273831771493
M4_ASYMMETRIC_CROSS,3.7166666666666583,222,O49,1,C2,-0.12766590796528754,-0.12766590796528754,0.12766590796528754,0.6665810855375381,0.67054252552498,0.007571607546087444,1.4999999999999947,0,0.34371093909159456
M4_ASYMMETRIC_CROSS,3.7166666666666583,222,O49,1,C3,-0.11182729205056355,-0.11182729205056355,0.11182729205056355,0.6696592568028115,0.6732762548385092,0.00019032621078485774,0.29999999999999893,0,0.33572834777983496
M4_ASYMMETRIC_CROSS,3.7166666666666583,222,O50,3,C1,0.1436935734361845,0.1436935734361845,0.1436935734361845,0.6706745870804397,0.675276646234876,0.2515922832552704,1.5999999999999943,0,0.3365179264567506
M4_ASYMMETRIC_CROSS,3.7166666666666583,222,O50,3,C0,-0.12270726039408869,-0.12270726039408869,0.12270726039408869,0.6632247993207347,0.6684009690016615,0.0037301330044852777,1.4999999999999947,0,0.3438878204791006
M4_ASYMMETRIC_CROSS,3.7166666666666583,222,O50,3,C2,-0.9686594515267494,-0.9686594515267494,0.9686594515267494,0.8756289888683876,0.8756334487902481,0.00484159728731252,1.4999999999999947,0,0.1378907393611476
M4_ASYMMETRIC_CROSS,3.7166666666666583,222,O50,3,C3,0.9999401204909528,0.9999401204909528,0.9999401204909528,0.0010751937834471094,0.005780151450481148,0.002920336469559782,0.29999999999999893,0,0.9989363369141393
M4_ASYMMETRIC_CROSS,3.7166666666666583,222,O51,7,C1,0.11009131437811231,0.11009131437811231,0.11009131437811231,0.6733346765793831,0.6757685559587874,0.25851598062751907,1.5999999999999943,0,0.33841783558280014
M4_ASYMMETRIC_CROSS,3.7166666666666583,222,O51,7,C0,-0.13111176274858527,-0.13111176274858527,0.13111176274858527,0.6690772530198454,0.6713113049491711,0.010653830376733979,1.4999999999999947,0,0.3426009492576646
M4_ASYMMETRIC_CROSS,3.7166666666666583,222,O51,7,C2,0.9999939197877447,0.9999939197877447,0.9999939197877447,0.004171041810812104,0.004172659744010786,0.0020821000849361817,1.4999999999999947,0,0.9959017603503058
M4_ASYMMETRIC_CROSS,3.7166666666666583,222,O51,7,C3,-0.9704846016114294,-0.9704846016114294,0.9704846016114294,0.8801158653119802,0.8801250633683507,0.009844033841808483,0.29999999999999893,0,0.13524584524740457
M4_ASYMMETRIC_CROSS,3.7166666666666583,222,O52,9,C1,0.9999089342031303,0.9999089342031303,0.9999089342031303,0.005313574199739134,0.008129218089769021,0.008593931456721191,1.5999999999999943,0,0.9930015326983115
M4_ASYMMETRIC_CROSS,3.7166666666666583,222,O52,9,C0,-0.999970511236186,-0.999970511236186,0.999970511236186,1.0034772816765898,1.0116384617456045,0.2564560817075063,1.4999999999999947,0,0.003607488990348795
M4_ASYMMETRIC_CROSS,3.7166666666666583,222,O52,9,C2,0.12003333177322933,0.12003333177322933,0.12003333177322933,0.664741794286523,0.6667967676508678,0.2650278119993041,1.4999999999999947,0,0.34552183165073824
M4_ASYMMETRIC_CROSS,3.7166666666666583,222,O52,9,C3,0.1194674781024339,0.1194674781024339,0.1194674781024339,0.6675552749585915,0.6686502244576926,0.2572658782424318,0.29999999999999893,0,0.33769036173933886
M4_ASYMMETRIC_CROSS,3.816666666666658,228,O53,1,C1,-0.999863051515009,-0.999863051515009,0.999863051515009,1.0062900296454769,1.0136983773143402,0.24456115049763533,1.699999999999994,0,0.0
M4_ASYMMETRIC_CROSS,3.816666666666658,228,O53,1,C0,0.9999893028743717,0.9999893028743717,0.9999893028743717,0.0050305311090012945,0.0057727967481341355,0.0033009997531497754,1.5999999999999943,0,0.9950049855488154
M4_ASYMMETRIC_CROSS,3.816666666666658,228,O53,1,C2,-0.12306498964649971,-0.12306498964649971,0.12306498964649971,0.6632804899326421,0.6686773763790173,0.011872730044947573,1.5999999999999943,0,0.346960573437623
M4_ASYMMETRIC_CROSS,3.816666666666658,228,O53,1,C3,-0.11643449464137708,-0.11643449464137708,0.11643449464137708,0.6654878955246861,0.6688313592531185,0.004110796288075271,0.3999999999999986,0,0.33974149574483714
M4_ASYMMETRIC_CROSS,3.816666666666658,228,O54,3,C1,0.1397124053486028,0.1397124053486028,0.1397124053486028,0.667831291186395,0.6742636374784685,0.2540675919645998,1.699999999999994,0,0.3409446003225244
M4_ASYMMETRIC_CROSS,3.816666666666658,228,O54,3,C0,-0.11871491797899301,-0.11871491797899301,0.11871491797899301,0.6665853728106484,0.6716390394199905,0.006205441713814726,1.5999999999999943,0,0.34217414623319053
M4_ASYMMETRIC_CROSS,3.816666666666658,228,O54,3,C2,-0.9696505887419435,-0.9696505887419435,0.9696505887419435,0.8760269655746645,0.8760272474278592,0.002366288577983071,1.5999999999999943,0,0.13749890742277915
M4_ASYMMETRIC_CROSS,3.816666666666658,228,O54,3,C3,0.9999760448021526,0.9999760448021526,0.9999760448021526,0.0033400023516460204,0.005279703539610374,0.005395645178889231,0.3999999999999986,0,0.9967038882217135
M4_ASYMMETRIC_CROSS,3.816666666666658,228,O55,7,C1,0.1086066278869923,0.1086066278869923,0.1086066278869923,0.6704949250952639,0.6732166624580997,0.24866334405114948,1.699999999999994,0,0.334768133474311
M4_ASYMMETRIC_CROSS,3.816666666666658,228,O55,7,C0,-0.12963086739911417,-0.12963086739911417,0.12963086739911417,0.6699908331252186,0.6700341544467934,0.0008011938003643795,1.5999999999999943,0,0.33526826856793046
M4_ASYMMETRIC_CROSS,3.816666666666658,228,O55,7,C2,0.99999801290297,0.99999801290297,0.99999801290297,0.0023946792941099077,0.0045980395086194295,0.007770536491433418,1.5999999999999943,0,0.9976422945997022
M4_ASYMMETRIC_CROSS,3.816666666666658,228,O55,7,C3,-0.9708437305765054,-0.9708437305765054,0.9708437305765054,0.8786662560817416,0.8786663780041588,8.602734561116049e-06,0.3999999999999986,0,0.12823828670450377
M4_ASYMMETRIC_CROSS,3.816666666666658,228,O56,9,C1,0.9997128606129485,0.9997128606129485,0.9997128606129485,0.003501308125658183,0.009705156265795788,0.006398825310461019,1.699999999999994,0,0.9953884542664788
M4_ASYMMETRIC_CROSS,3.816666666666658,228,O56,9,C0,-0.9999961099894765,-0.9999961099894765,0.9999961099894765,1.0051210247179152,1.0131293140449613,0.2542609755612461,1.5999999999999943,0,0.001975351136999093
M4_ASYMMETRIC_CROSS,3.816666666666658,228,O56,9,C2,0.1304198435572084,0.1304198435572084,0.1304198435572084,0.6667516594909121,0.6704642821804758,0.2628327058530439,1.5999999999999943,0,0.3435429988033025
M4_ASYMMETRIC_CROSS,3.816666666666658,228,O56,9,C3,0.10906712735129254,0.10906712735129254,0.10906712735129254,0.6680278519334601,0.6680387350988134,0.2550707720961716,0.3999999999999986,0,0.3372214982653816
M4_ASYMMETRIC_CROSS,3.9166666666666576,234,O57,0,C1,-0.9999454348463356,-0.9999454348463356,0.9999454348463356,1.0093495008372622,1.0166983564749674,0.24395998167662758,1.7999999999999936,0,0.0
M4_ASYMMETRIC_CROSS,3.9166666666666576,234,O57,0,C0,0.9999424467069219,0.9999424467069219,0.9999424467069219,0.004522139614411958,0.00707897290467901,0.003902168574157541,1.699999999999994,0,0.9955097876874582
M4_ASYMMETRIC_CROSS,3.9166666666666576,234,O57,0,C2,-0.11700570051139993,-0.11700570051139993,0.11700570051139993,0.6655876224375133,0.670808290182186,0.012473898865955338,1.699999999999994,0,0.34468906310247416
M4_ASYMMETRIC_CROSS,3.9166666666666576,234,O57,0,C3,-0.12249420413664563,-0.12249420413664563,0.12249420413664563,0.667786326230546,0.6698999891333843,0.004711965109083037,0.4999999999999982,0,0.3374611260639
M4_ASYMMETRIC_CROSS,3.9166666666666576,234,O58,2,C1,0.13974222381561338,0.13974222381561338,0.13974222381561338,0.6720216733245535,0.675091237499298,0.25461200049794436,1.7999999999999936,0,0.33716539438887627
M4_ASYMMETRIC_CROSS,3.9166666666666576,234,O58,2,C0,-0.11874481885480494,-0.11874481885480494,0.11874481885480494,0.6619267474620482,0.67078117271685,0.006749850247159271,1.699999999999994,0,0.3471223146317086
M4_ASYMMETRIC_CROSS,3.9166666666666576,234,O58,2,C2,-0.9696432256125833,-0.9696432256125833,0.9696432256125833,0.8756660581484497,0.8756669872013121,0.0018218800446385263,1.699999999999994,0,0.13785424243147415
M4_ASYMMETRIC_CROSS,3.9166666666666576,234,O58,2,C3,0.9999758359097098,0.9999758359097098,0.9999758359097098,0.002626972668879596,0.005251213609344153,0.005940053712233775,0.4999999999999982,0,0.997408940124931
M4_ASYMMETRIC_CROSS,3.9166666666666576,234,O59,3,C1,0.10328698351627658,0.10328698351627658,0.10328698351627658,0.6701839094227108,0.6707416073283601,0.2525701011043277,1.7999999999999936,0,0.3376440596669956
M4_ASYMMETRIC_CROSS,3.9166666666666576,234,O59,3,C0,-0.12432441679115133,-0.12432441679115133,0.12432441679115133,0.6731036493329756,0.6731729730534766,0.004707950853542576,1.699999999999994,0,0.33475842328181726
M4_ASYMMETRIC_CROSS,3.9166666666666576,234,O59,3,C2,0.9999943678920546,0.9999943678920546,0.9999943678920546,0.00531736657322605,0.005877837662117995,0.0038637794382552215,1.699999999999994,0,0.9947647336677216
M4_ASYMMETRIC_CROSS,3.9166666666666576,234,O59,3,C3,-0.9721122403112646,-0.9721122403112646,0.9721122403112646,0.88080120621787,0.8808037971450355,0.0038981543186170802,0.4999999999999982,0,0.1294868423603014
M4_ASYMMETRIC_CROSS,3.9166666666666576,234,O60,5,C1,0.999944362466742,0.999944362466742,0.999944362466742,0.004810999334584351,0.0059501783079358005,0.0022393969723828668,1.7999999999999936,0,0.993663470149116
M4_ASYMMETRIC_CROSS,3.9166666666666576,234,O60,5,C0,-0.9999435374813703,-0.9999435374813703,0.9999435374813703,1.0046118905788195,1.0123685251485421,0.25010154722316796,1.699999999999994,0,0.0024808906769144823
M4_ASYMMETRIC_CROSS,3.9166666666666576,234,O60,5,C2,0.11710715414429146,0.11710715414429146,0.11710715414429146,0.6647273089970674,0.669580037474289,0.25867327751496577,1.699999999999994,0,0.34553609328704926
M4_ASYMMETRIC_CROSS,3.9166666666666576,234,O60,5,C3,0.12239281688275815,0.12239281688275815,0.12239281688275815,0.6692750160044487,0.6700517942374504,0.2509113437580935,0.4999999999999982,0,0.33598413438602437
M4_ASYMMETRIC_CROSS,4.016666666666658,240,O61,0,C1,-0.9998952870018166,-0.9998952870018166,0.9998952870018166,1.0073301450140089,1.0146134273269753,0.24263004072280903,1.8999999999999937,0,0.0
M4_ASYMMETRIC_CROSS,4.016666666666658,240,O61,0,C0,0.9999775300629189,0.9999775300629189,0.9999775300629189,0.006763788674843003,0.007820513551923071,0.005232109527976074,1.799999999999994,0,0.9932839651632118
M4_ASYMMETRIC_CROSS,4.016666666666658,240,O61,0,C2,-0.12100218625022521,-0.12100218625022521,0.12100218625022521,0.6626312303041604,0.6687879327667025,0.01380383981977387,1.799999999999994,0,0.34759980848510164
M4_ASYMMETRIC_CROSS,4.016666666666658,240,O61,0,C3,-0.11849844294941048,-0.11849844294941048,0.11849844294941048,0.667705432343921,0.6679556963784133,0.006041906062901569,0.5999999999999983,0,0.33754138428789715
M4_ASYMMETRIC_CROSS,4.016666666666658,240,O62,2,C1,0.1398920626790057,0.1398920626790057,0.1398920626790057,0.6677377821753474,0.674244871795095,0.25299505723117494,1.8999999999999937,0,0.3403386681527184
M4_ASYMMETRIC_CROSS,4.016666666666658,240,O62,2,C0,-0.11889507211892966,-0.11889507211892966,0.11889507211892966,0.6625316170792699,0.6710855075368382,0.005132906980389828,1.799999999999994,0,0.34548186342003895
M4_ASYMMETRIC_CROSS,4.016666666666658,240,O62,2,C2,-0.9696062118390154,-0.9696062118390154,0.9696062118390154,0.8728511646053194,0.872852685212407,0.003438823311407969,1.799999999999994,0,0.1406256739648012
M4_ASYMMETRIC_CROSS,4.016666666666658,240,O62,2,C3,0.9999747724764383,0.9999747724764383,0.9999747724764383,0.0035855777645422138,0.004392062135356159,0.004323110445464333,0.5999999999999983,0,0.9964577906676265
M4_ASYMMETRIC_CROSS,4.016666666666658,240,O63,3,C1,0.10826854842257741,0.10826854842257741,0.10826854842257741,0.6714001979439389,0.6734787654400995,0.24861809921055006,1.8999999999999937,0,0.3338400628630531
M4_ASYMMETRIC_CROSS,4.016666666666658,240,O63,3,C0,-0.12929364457732698,-0.12929364457732698,0.12929364457732698,0.67091029775746,0.6709104953941499,0.0007559489597649563,1.799999999999994,0,0.33432613939151923
M4_ASYMMETRIC_CROSS,4.016666666666658,240,O63,3,C2,0.9999986330459943,0.9999986330459943,0.9999986330459943,0.0037441003517852942,0.0054275058410100056,0.007815781332032841,1.799999999999994,0,0.9963137086288032
M4_ASYMMETRIC_CROSS,4.016666666666658,240,O63,3,C3,-0.9709251972849285,-0.9709251972849285,0.9709251972849285,0.8800502160526102,0.8800503381604666,5.384757516053929e-05,0.5999999999999983,0,0.12686520186485495
M4_ASYMMETRIC_CROSS,4.016666666666658,240,O64,5,C1,0.9998046829663907,0.9998046829663907,0.9998046829663907,0.005673784540457636,0.009795096137737509,0.00805318383433304,1.8999999999999937,0,0.992527102456729
M4_ASYMMETRIC_CROSS,4.016666666666658,240,O64,5,C0,-0.9999990050595872,-0.9999990050595872,0.9999990050595872,1.003552322388216,1.0116771741181596,0.25591533408511813,1.799999999999994,0,0.003532978082677607
M4_ASYMMETRIC_CROSS,4.016666666666658,240,O64,5,C2,0.12625467622323097,0.12625467622323097,0.12625467622323097,0.664000954673444,0.668692499825925,0.26448706437691594,1.799999999999994,0,0.34625123268611147
M4_ASYMMETRIC_CROSS,4.016666666666658,240,O64,5,C3,0.1132409994523561,0.1132409994523561,0.1132409994523561,0.6684047696582609,0.6689392562112997,0.25672513062004365,0.5999999999999983,0,0.33684754235291825
M4_ASYMMETRIC_CROSS,4.116666666666657,246,O65,0,C1,-0.999825126199717,-0.999825126199717,0.999825126199717,1.0109645725071696,1.0186242356495168,0.2492846818042294,1.9999999999999933,0,0.0
M4_ASYMMETRIC_CROSS,4.116666666666657,246,O65,0,C0,0.9999969406398743,0.9999969406398743,0.9999969406398743,0.006023565486033271,0.00618987883882053,0.0014225315534442898,1.8999999999999937,0,0.9940273984422714
M4_ASYMMETRIC_CROSS,4.116666666666657,246,O65,0,C2,-0.12520013729316737,-0.12520013729316737,0.12520013729316737,0.6660972824448451,0.6709097126467701,0.0071491987383535075,1.8999999999999937,0,0.34418727225534174
M4_ASYMMETRIC_CROSS,4.116666666666657,246,O65,0,C3,-0.11429707161534224,-0.11429707161534224,0.11429707161534224,0.6697146424480608,0.6730044628991413,0.0006127350185187941,0.699999999999998,0,0.33595165089621737
M4_ASYMMETRIC_CROSS,4.116666666666657,246,O66,2,C1,0.14058413025817593,0.14058413025817593,0.14058413025817593,0.6704652055736047,0.6751241646146,0.2556656513974822,1.9999999999999933,0,0.3393871237190468
M4_ASYMMETRIC_CROSS,4.116666666666657,246,O66,2,C0,-0.11958906006425996,-0.11958906006425996,0.11958906006425996,0.6649100587209752,0.6708617455011042,0.007803501146697097,1.8999999999999937,0,0.34486063898870045
M4_ASYMMETRIC_CROSS,4.116666666666657,246,O66,2,C2,-0.9694349562317464,-0.9694349562317464,0.9694349562317464,0.8767563781388148,0.8767564553809978,0.0007682291451006998,1.8999999999999937,0,0.13678075700248193
M4_ASYMMETRIC_CROSS,4.116666666666657,246,O66,2,C3,0.9999695632919302,0.9999695632919302,0.9999695632919302,0.0006112200904191852,0.005307215499681669,0.006993704611771602,0.699999999999998,0,0.9993977616457709
M4_ASYMMETRIC_CROSS,4.116666666666657,246,O67,3,C1,0.11053766563301648,0.11053766563301648,0.11053766563301648,0.6738684261794095,0.6762461789660328,0.2551242061518699,1.9999999999999933,0,0.335679505077088
M4_ASYMMETRIC_CROSS,4.116666666666657,246,O67,3,C0,-0.1315569649546935,-0.1315569649546935,0.1315569649546935,0.6693561073540382,0.6708709599674028,0.007262055901084826,1.8999999999999937,0,0.3401278895967724
M4_ASYMMETRIC_CROSS,4.116666666666657,246,O67,3,C2,0.9999922528835861,0.9999922528835861,0.9999922528835861,0.004800553655293317,0.0050832461056047155,0.0013096743907129713,1.8999999999999937,0,0.9952735669843794
M4_ASYMMETRIC_CROSS,4.116666666666657,246,O67,3,C3,-0.9703761992876754,-0.9703761992876754,0.9703761992876754,0.8807305878646274,0.8807335165547773,0.00645225936615933,0.699999999999998,0,0.13174833944779019
M4_ASYMMETRIC_CROSS,4.116666666666657,246,O68,5,C1,0.9997874670180631,0.9997874670180631,0.9997874670180631,0.004370648845872102,0.00852355091193639,0.005538652853187574,1.9999999999999933,0,0.9942434523570781
M4_ASYMMETRIC_CROSS,4.116666666666657,246,O68,5,C0,-0.999999844359936,-0.999999844359936,0.999999844359936,1.0042673563592939,1.0122281865262581,0.25340080310397267,1.8999999999999937,0,0.0028229924089517855
M4_ASYMMETRIC_CROSS,4.116666666666657,246,O68,5,C2,0.12710051336953737,0.12710051336953737,0.12710051336953737,0.665947012900914,0.6697551127678883,0.2619725333957705,1.8999999999999937,0,0.3443352216346587
M4_ASYMMETRIC_CROSS,4.116666666666657,246,O68,5,C3,0.11239373675269969,0.11239373675269969,0.11239373675269969,0.6675442018552817,0.6675669642813296,0.2542105996388982,0.699999999999998,0,0.3377013478304126
M4_ASYMMETRIC_CROSS,4.216666666666657,252,O69,0,C1,-0.9998515671285948,-0.9998515671285948,0.9998515671285948,1.0086161817624446,1.016172751647942,0.2473599282345132,2.099999999999993,0,0.0
M4_ASYMMETRIC_CROSS,4.216666666666657,252,O69,0,C0,0.9999922168701609,0.9999922168701609,0.9999922168701609,0.00955216131402178,0.00975680227948022,0.000502222016271909,1.9999999999999933,0,0.9905152790491226
M4_ASYMMETRIC_CROSS,4.216666666666657,252,O69,0,C2,-0.12373977594974314,-0.12373977594974314,0.12373977594974314,0.661691058138746,0.670248518765675,0.009073952308069707,1.9999999999999933,0,0.348525464374414
M4_ASYMMETRIC_CROSS,4.216666666666657,252,O69,0,C3,-0.11575910914517229,-0.11575910914517229,0.11575910914517229,0.6705885999260297,0.6706382853620639,0.0013120185511974046,0.7999999999999976,0,0.33468087258200174
M4_ASYMMETRIC_CROSS,4.216666666666657,252,O70,3,C1,0.14015393706233684,0.14015393706233684,0.14015393706233684,0.6681216780573821,0.674085531625406,0.25084254722220917,2.099999999999993,0,0.3385528648680085
M4_ASYMMETRIC_CROSS,4.216666666666657,252,O70,3,C0,-0.11915767192900728,-0.11915767192900728,0.11915767192900728,0.6614369701198844,0.670384539376508,0.002980396971424054,1.9999999999999933,0,0.3451707924995562
M4_ASYMMETRIC_CROSS,4.216666666666657,252,O70,3,C2,-0.9695414674045053,-0.9695414674045053,0.9695414674045053,0.8723054321401691,0.872310140920554,0.005591333320373744,1.9999999999999933,0,0.14116298031031793
M4_ASYMMETRIC_CROSS,4.216666666666657,252,O70,3,C3,0.9999728588677136,0.9999728588677136,0.9999728588677136,0.004070924221901812,0.0044132968661362345,0.002170600436498558,0.7999999999999976,0,0.9959697443559299
M4_ASYMMETRIC_CROSS,4.216666666666657,252,O71,4,C1,0.11366745844364876,0.11366745844364876,0.11366745844364876,0.6737711020589,0.676067968258787,0.25240916179600553,2.099999999999993,0,0.33399283186727324
M4_ASYMMETRIC_CROSS,4.216666666666657,252,O71,4,C0,-0.13467857995532587,-0.13467857995532587,0.13467857995532587,0.6716066166221507,0.6725286734439144,0.004547011545220414,1.9999999999999933,0,0.3361323757150114
M4_ASYMMETRIC_CROSS,4.216666666666657,252,O71,4,C2,0.9999748949633688,0.9999748949633688,0.9999748949633688,0.006015556365843535,0.006738336100108953,0.004024718746577383,1.9999999999999933,0,0.9940773239387712
M4_ASYMMETRIC_CROSS,4.216666666666657,252,O71,4,C3,-0.969610435952291,-0.969610435952291,0.969610435952291,0.8823658746957345,0.8823663579109907,0.0037372150102949185,0.7999999999999976,0,0.12780171831755094
M4_ASYMMETRIC_CROSS,4.216666666666657,252,O72,8,C1,0.9998641247807368,0.9998641247807368,0.9998641247807368,0.0064052591358966255,0.009701443605097752,0.00924831331459026,2.099999999999993,0,0.9915636829493009
M4_ASYMMETRIC_CROSS,4.216666666666657,252,O72,8,C0,-0.999989000204513,-0.999989000204513,0.999989000204513,1.002724600248757,1.0109326652966684,0.25711046356537537,1.9999999999999933,0,0.0043548563214910185
M4_ASYMMETRIC_CROSS,4.216666666666657,252,O72,8,C2,0.1230005030048139,0.1230005030048139,0.1230005030048139,0.6634089630361034,0.6673660731971368,0.2656821938571732,1.9999999999999933,0,0.34683408396132065
M4_ASYMMETRIC_CROSS,4.216666666666657,252,O72,8,C3,0.11649903274605936,0.11649903274605936,0.11649903274605936,0.667750397752491,0.6689614344905804,0.2579202601003009,0.7999999999999976,0,0.3374967722166554
M4_ASYMMETRIC_CROSS,4.316666666666657,258,O73,0,C1,-0.9998630719889476,-0.9998630719889476,0.9998630719889476,1.006285271695184,1.0137320365414986,0.2452155809046828,2.1999999999999926,0,0.0
M4_ASYMMETRIC_CROSS,4.316666666666657,258,O73,0,C0,0.9999892971511003,0.9999892971511003,0.9999892971511003,0.006413791228400081,0.006940937115620045,0.002646569346102317,2.099999999999993,0,0.9936314915505812
M4_ASYMMETRIC_CROSS,4.316666666666657,258,O73,0,C2,-0.12306376185374693,-0.12306376185374693,0.12306376185374693,0.6622800887029584,0.6688601385272077,0.011218299637900114,2.099999999999993,0,0.3479455284533076
M4_ASYMMETRIC_CROSS,4.316666666666657,258,O73,0,C3,-0.11643572342340673,-0.11643572342340673,0.11643572342340673,0.666483753034361,0.6688848577971883,0.0034563658810278126,0.8999999999999972,0,0.338753463664598
M4_ASYMMETRIC_CROSS,4.316666666666657,258,O74,2,C1,0.13802979501443058,0.13802979501443058,0.13802979501443058,0.6687373500217851,0.6725222868181708,0.25115164796173517,2.1999999999999926,0,0.3381458793190346
M4_ASYMMETRIC_CROSS,4.316666666666657,258,O74,2,C0,-0.11702768885532401,-0.11702768885532401,0.11702768885532401,0.6654730819517815,0.671509275318915,0.003289497710950075,2.099999999999993,0,0.3413765486888086
M4_ASYMMETRIC_CROSS,4.316666666666657,258,O74,2,C2,-0.9700646037275504,-0.9700646037275504,0.9700646037275504,0.875868233466441,0.8758711308840542,0.005282232580847722,2.099999999999993,0,0.13765518870423488
M4_ASYMMETRIC_CROSS,4.316666666666657,258,O74,2,C3,0.9999863618711788,0.9999863618711788,0.9999863618711788,0.0020488421526617326,0.003436231158274601,0.0024797011760245794,0.8999999999999972,0,0.9979722463216391
M4_ASYMMETRIC_CROSS,4.316666666666657,258,O75,3,C1,0.10816697704847354,0.10816697704847354,0.10816697704847354,0.6718459222662895,0.6736534783297965,0.248605086914594,2.1999999999999926,0,0.3333892109717975
M4_ASYMMETRIC_CROSS,4.316666666666657,258,O75,3,C0,-0.1291923300886249,-0.1291923300886249,0.1291923300886249,0.6713641726616382,0.6713701266355605,0.0007429366638088739,2.099999999999993,0,0.3338672067047884
M4_ASYMMETRIC_CROSS,4.316666666666657,258,O75,3,C2,0.9999987967620982,0.9999987967620982,0.9999987967620982,0.004416475902294191,0.005915359235238,0.007828793627988924,2.099999999999993,0,0.9956517145695728
M4_ASYMMETRIC_CROSS,4.316666666666657,258,O75,3,C3,-0.970949650323258,-0.970949650323258,0.970949650323258,0.880731616198875,0.8807317380782488,6.685987111662175e-05,0.8999999999999972,0,0.1261891561480244
M4_ASYMMETRIC_CROSS,4.316666666666657,258,O76,5,C1,0.9997922250102236,0.9997922250102236,0.9997922250102236,0.004909757156009883,0.008185757898538662,0.003246624874186921,2.1999999999999926,0,0.9935333969896848
M4_ASYMMETRIC_CROSS,4.316666666666657,258,O76,5,C0,-0.9999996879326899,-0.9999996879326899,0.9999996879326899,1.0037881776471105,1.0116099246527959,0.25110877512497204,2.099999999999993,0,0.0032987880138679593
M4_ASYMMETRIC_CROSS,4.316666666666657,258,O76,5,C2,0.12687029520843449,0.12687029520843449,0.12687029520843449,0.6652798801471466,0.670483697438533,0.25968050541676985,2.099999999999993,0,0.34499205384602905
M4_ASYMMETRIC_CROSS,4.316666666666657,258,O76,5,C3,0.11262436018189509,0.11262436018189509,0.11262436018189509,0.6674873419276666,0.6675042640936149,0.2519185716598975,0.8999999999999972,0,0.3377577609537943
M4_ASYMMETRIC_CROSS,4.416666666666656,264,O77,0,C1,-0.9998706296898557,-0.9998706296898557,0.9998706296898557,1.0070391789418198,1.0142128794002214,0.24075158288132298,2.2999999999999923,0,0.0
M4_ASYMMETRIC_CROSS,4.416666666666656,264,O77,0,C0,0.9999870468527311,0.9999870468527311,0.9999870468527311,0.006359286851328994,0.007326335019972037,0.007110567369462134,2.1999999999999926,0,0.9936856111147432
M4_ASYMMETRIC_CROSS,4.416666666666656,264,O77,0,C2,-0.12260407471492864,-0.12260407471492864,0.12260407471492864,0.662726969774664,0.667590205831844,0.01568229766125993,2.1999999999999926,0,0.3475055472338421
M4_ASYMMETRIC_CROSS,4.416666666666656,264,O77,0,C3,-0.11689575517719024,-0.11689575517719024,0.11689575517719024,0.6671709812202105,0.6672393253662697,0.00792036390438763,0.9999999999999969,0,0.33807163570480736
M4_ASYMMETRIC_CROSS,4.416666666666656,264,O78,2,C1,0.13526842504350486,0.13526842504350486,0.13526842504350486,0.6682906744719901,0.6721429978976488,0.2521063708106473,2.2999999999999923,0,0.3392123329216299
M4_ASYMMETRIC_CROSS,4.416666666666656,264,O78,2,C0,-0.11425887258447545,-0.11425887258447545,0.11425887258447545,0.6645117484905538,0.6729436686774634,0.004244220559862183,2.1999999999999926,0,0.3429488322904233
M4_ASYMMETRIC_CROSS,4.416666666666656,264,O78,2,C2,-0.9707377746955904,-0.9707377746955904,0.9707377746955904,0.8747917568075236,0.8747933205114345,0.004327509731935615,2.1999999999999926,0,0.13871504454308003
M4_ASYMMETRIC_CROSS,4.416666666666656,264,O78,2,C3,0.9999970350129684,0.9999970350129684,0.9999970350129684,0.002278757271568076,0.0022830483586821926,0.003434424024936687,0.9999999999999969,0,0.9977468267045518
M4_ASYMMETRIC_CROSS,4.416666666666656,264,O79,3,C1,0.10723726826618535,0.10723726826618535,0.10723726826618535,0.6699678786907066,0.6720566691312875,0.25147402078156034,2.2999999999999923,0,0.33713950506785695
M4_ASYMMETRIC_CROSS,4.416666666666656,264,O79,3,C0,-0.12826496231367876,-0.12826496231367876,0.12826496231367876,0.6709197361314702,0.6709508557284805,0.0036118705307752108,2.1999999999999926,0,0.33619774544869063
M4_ASYMMETRIC_CROSS,4.416666666666656,264,O79,3,C2,0.9999998101895993,0.9999998101895993,0.9999998101895993,0.0030786092356354317,0.0038171993327576837,0.004959859761022587,2.1999999999999926,0,0.9969689245494721
M4_ASYMMETRIC_CROSS,4.416666666666656,264,O79,3,C3,-0.9711729916770716,-0.9711729916770716,0.9711729916770716,0.8789758310726202,0.8789766051195901,0.002802073995849715,0.9999999999999969,0,0.130348822757268
M4_ASYMMETRIC_CROSS,4.416666666666656,264,O80,5,C1,0.9998459034636697,0.9998459034636697,0.9998459034636697,0.0034620248824052393,0.007110968344785476,0.004452923210163276,2.2999999999999923,0,0.995440193921008
M4_ASYMMETRIC_CROSS,4.416666666666656,264,O80,5,C0,-0.9999934486617442,-0.9999934486617442,0.9999934486617442,1.0051563187683723,1.0130425903836082,0.2523150734609484,2.1999999999999926,0,0.0019403062703130525
M4_ASYMMETRIC_CROSS,4.416666666666656,264,O80,5,C2,0.12406291526851783,0.12406291526851783,0.12406291526851783,0.6668834745463853,0.669434532990249,0.2608868037527462,2.1999999999999926,0,0.34341321897479093
M4_ASYMMETRIC_CROSS,4.416666666666656,264,O80,5,C3,0.11543564365309096,0.11543564365309096,0.11543564365309096,0.6679499200080169,0.667951269826273,0.25312486999587386,0.9999999999999969,0,0.3372988178032318
M4_ASYMMETRIC_CROSS,4.516666666666656,270,O81,0,C1,-0.9999067902286464,-0.9999067902286464,0.9999067902286464,1.007742112779011,1.0153642739257718,0.2482416128980704,2.399999999999992,0,0.0
M4_ASYMMETRIC_CROSS,4.516666666666656,270,O81,0,C0,0.9999717117141416,0.9999717117141416,0.9999717117141416,0.002416753579817083,0.004417504889602264,0.0003794626472852886,2.2999999999999923,0,0.9976012130563267
M4_ASYMMETRIC_CROSS,4.516666666666656,270,O81,0,C2,-0.1201901323015038,-0.1201901323015038,0.1201901323015038,0.6658268619577913,0.6710167036291558,0.008192267644512509,2.2999999999999923,0,0.344453517444936
M4_ASYMMETRIC_CROSS,4.516666666666656,270,O81,0,C3,-0.1193106638067816,-0.1193106638067816,0.1193106638067816,0.665122933215457,0.6707612489743788,0.000430333887640207,1.0999999999999965,0,0.34010359018715774
M4_ASYMMETRIC_CROSS,4.516666666666656,270,O82,2,C1,0.14705401499549253,0.14705401499549253,0.14705401499549253,0.670481880546328,0.6769686250148934,0.2543439334895696,2.399999999999992,0,0.33850923728957416
M4_ASYMMETRIC_CROSS,4.516666666666656,270,O82,2,C0,-0.12607740349838722,-0.12607740349838722,0.12607740349838722,0.664322298218174,0.6678861805117061,0.006481783238784476,2.2999999999999923,0,0.3445862200246007
M4_ASYMMETRIC_CROSS,4.516666666666656,270,O82,2,C2,-0.9678101941217623,-0.9678101941217623,0.9678101941217623,0.8763203466658267,0.876321656403966,0.0020899470530133207,2.2999999999999923,0,0.13721005614124016
M4_ASYMMETRIC_CROSS,4.516666666666656,270,O82,2,C3,0.9998971835862839,0.9998971835862839,0.9998971835862839,8.539454140518497e-05,0.007782405833773008,0.005671986703858981,1.0999999999999965,0,0.9999157505937679
M4_ASYMMETRIC_CROSS,4.516666666666656,270,O83,3,C1,0.10338847709511392,0.10338847709511392,0.10338847709511392,0.6708737420155015,0.6716301976254423,0.2507245328464158,2.399999999999992,0,0.33575068621765203
M4_ASYMMETRIC_CROSS,4.516666666666656,270,O83,3,C0,-0.12442566434710976,-0.12442566434710976,0.12442566434710976,0.6724171747094954,0.6724931302530404,0.002862382595630716,2.2999999999999923,0,0.33422249388629843
M4_ASYMMETRIC_CROSS,4.516666666666656,270,O83,3,C2,0.9999947051538254,0.9999947051538254,0.9999947051538254,0.004870987194736808,0.005851832047957507,0.0057093476961670815,2.2999999999999923,0,0.9952042209401235
M4_ASYMMETRIC_CROSS,4.516666666666656,270,O83,3,C3,-0.9720883052606927,-0.9720883052606927,0.9720883052606927,0.8807992258656102,0.8807998881627893,0.0020525860607052203,1.0999999999999965,0,0.1278980757190883
M4_ASYMMETRIC_CROSS,4.516666666666656,270,O84,5,C1,0.9998782020110586,0.9998782020110586,0.9998782020110586,0.005755372524386437,0.008523096355084605,0.0052328108183287625,2.399999999999992,0,0.9924196435568863
M4_ASYMMETRIC_CROSS,4.516666666666656,270,O84,5,C0,-0.9999845004097384,-0.9999845004097384,0.9999845004097384,1.004700399308514,1.012640241196583,0.2530949610691139,2.2999999999999923,0,0.0023930068383493097
M4_ASYMMETRIC_CROSS,4.516666666666656,270,O84,5,C2,0.12212979612019313,0.12212979612019313,0.12212979612019313,0.6637736261004825,0.6693205076700613,0.2616666913609117,2.2999999999999923,0,0.34647505130158607
M4_ASYMMETRIC_CROSS,4.516666666666656,270,O84,5,C3,0.11737033545274132,0.11737033545274132,0.11737033545274132,0.6703570150322357,0.6710277666380947,0.25390475760403936,1.0999999999999965,0,0.33491063768608975
M4_ASYMMETRIC_CROSS,4.616666666666656,276,O85,0,C1,-0.9998263558752376,-0.9998263558752376,0.9998263558752376,1.0110767558513387,1.018820162111706,0.2506347341780061,2.4999999999999916,0,0.0
M4_ASYMMETRIC_CROSS,4.616666666666656,276,O85,0,C0,0.9999967755304217,0.9999967755304217,0.9999967755304217,0.004361870283024173,0.004736408162682783,0.002772583927220954,2.399999999999992,0,0.9956808162332982
M4_ASYMMETRIC_CROSS,4.616666666666656,276,O85,0,C2,-0.125134783829405,-0.125134783829405,0.125134783829405,0.6674579582438477,0.6712118031443338,0.005799146364576843,2.399999999999992,0,0.3428476053165356
M4_ASYMMETRIC_CROSS,4.616666666666656,276,O85,0,C3,-0.11436251118778448,-0.11436251118778448,0.11436251118778448,0.6685201921464871,0.673844969226848,0.0019627873922954584,1.1999999999999962,0,0.33802213860665864
M4_ASYMMETRIC_CROSS,4.616666666666656,276,O86,2,C1,0.14555120171218103,0.14555120171218103,0.14555120171218103,0.6720054336449136,0.6763094316897891,0.2529712114178373,2.4999999999999916,0,0.33610699537405886
M4_ASYMMETRIC_CROSS,4.616666666666656,276,O86,2,C0,-0.12457022109711767,-0.12457022109711767,0.12457022109711767,0.6637257246800521,0.6680334631450758,0.005109061167052194,2.399999999999992,0,0.34428675194581126
M4_ASYMMETRIC_CROSS,4.616666666666656,276,O86,2,C2,-0.9681914211562954,-0.9681914211562954,0.9681914211562954,0.877027073466107,0.8770301125919179,0.003462669124745603,2.399999999999992,0,0.13651424121618772
M4_ASYMMETRIC_CROSS,4.616666666666656,276,O86,2,C3,0.9999178138178925,0.9999178138178925,0.9999178138178925,0.0014867387862721152,0.00692504657619708,0.004299264632126699,1.1999999999999962,0,0.9985312090788336
M4_ASYMMETRIC_CROSS,4.616666666666656,276,O87,3,C1,0.1087002494606795,0.1087002494606795,0.1087002494606795,0.6738473406745337,0.6759995426874242,0.2545699825873039,2.4999999999999916,0,0.33533713940499277
M4_ASYMMETRIC_CROSS,4.616666666666656,276,O87,3,C0,-0.1297242513142247,-0.1297242513142247,0.1297242513142247,0.6689733948643809,0.6703259096773948,0.006707832336518817,2.399999999999992,0,0.3401446537617584
M4_ASYMMETRIC_CROSS,4.616666666666656,276,O87,3,C2,0.9999978207185082,0.9999978207185082,0.9999978207185082,0.004633985162472863,0.0048350967056697,0.001863897955278981,2.399999999999992,0,0.995437563656505
M4_ASYMMETRIC_CROSS,4.616666666666656,276,O87,3,C3,-0.9708211502807466,-0.9708211502807466,0.9708211502807466,0.8804238022591716,0.8804262628446805,0.005898035801593321,1.1999999999999962,0,0.13157629685125272
M4_ASYMMETRIC_CROSS,4.616666666666656,276,O88,5,C1,0.9998630845343431,0.9998630845343431,0.9998630845343431,0.006525336322395558,0.008936491558041661,0.0069696866815770735,2.4999999999999916,0,0.991405530219744
M4_ASYMMETRIC_CROSS,4.616666666666656,276,O88,5,C0,-0.9999892936432008,-0.9999892936432008,0.9999892936432008,1.0023449803239541,1.0104116627847521,0.25483183693236217,2.399999999999992,0,0.004731796045997494
M4_ASYMMETRIC_CROSS,4.616666666666656,276,O88,5,C2,0.12306300947891173,0.12306300947891173,0.12306300947891173,0.6635925558974591,0.6681321516880627,0.26340356722416,2.399999999999992,0,0.3466533257772335
M4_ASYMMETRIC_CROSS,4.616666666666656,276,O88,5,C3,0.11643647640427623,0.11643647640427623,0.11643647640427623,0.666997960659325,0.6680221057391821,0.2556416334672877,1.1999999999999962,0,0.3382432966734049
M4_ASYMMETRIC_CROSS,4.716666666666655,282,O89,0,C1,-0.9999100002856479,-0.9999100002856479,0.9999100002856479,1.0078625508163754,1.0156270238452176,0.25057194245765385,2.599999999999991,0,0.0019386251117051723
M4_ASYMMETRIC_CROSS,4.716666666666655,282,O89,0,C0,0.9999698996478652,0.9999698996478652,0.9999698996478652,0.0021154486652647966,0.004476679895023268,0.002709792206868738,2.4999999999999916,0,0.9979051234698129
M4_ASYMMETRIC_CROSS,4.716666666666655,282,O89,0,C2,-0.11995467514420836,-0.11995467514420836,0.11995467514420836,0.6660994677795442,0.6718177648081867,0.005861938084929059,2.4999999999999916,0,0.34418512066225193
M4_ASYMMETRIC_CROSS,4.716666666666655,282,O89,0,C3,-0.1195461393873234,-0.1195461393873234,0.1195461393873234,0.665031326778166,0.6717832201007098,0.0018999956719432426,1.2999999999999958,0,0.3414359132499092
M4_ASYMMETRIC_CROSS,4.716666666666655,282,O90,3,C1,0.14812218287052534,0.14812218287052534,0.14812218287052534,0.6708360896297305,0.6775587817034938,0.25547589907001045,2.599999999999991,0,0.33889808748486094
M4_ASYMMETRIC_CROSS,4.716666666666655,282,O90,3,C0,-0.1271487068914987,-0.1271487068914987,0.1271487068914987,0.6650485022562316,0.668056142906055,0.007613748819225343,2.4999999999999916,0,0.3446016939851917
M4_ASYMMETRIC_CROSS,4.716666666666655,282,O90,3,C2,-0.9675378152991184,-0.9675378152991184,0.9675378152991184,0.8771447695507992,0.8771453212183059,0.000957981472572454,2.4999999999999916,0,0.1363983623612799
M4_ASYMMETRIC_CROSS,4.716666666666655,282,O90,3,C3,0.9998811138281373,0.9998811138281373,0.9998811138281373,0.0008398595755672816,0.008523286067443691,0.006803952284299848,1.2999999999999958,0,0.9991723272193687
M4_ASYMMETRIC_CROSS,4.716666666666655,282,O91,4,C1,0.10869052058983791,0.10869052058983791,0.10869052058983791,0.6707187013690662,0.673241186882216,0.24886552065296827,2.599999999999991,0,0.3346795701034597
M4_ASYMMETRIC_CROSS,4.716666666666655,282,O91,4,C0,-0.12971454714893996,-0.12971454714893996,0.12971454714893996,0.6703768069063952,0.6703918950788637,0.0010033704021831606,2.4999999999999916,0,0.33501871283262363
M4_ASYMMETRIC_CROSS,4.716666666666655,282,O91,4,C2,0.9999978411027952,0.9999978411027952,0.9999978411027952,0.002869110465673861,0.0047671650675235175,0.0075683598896146365,2.4999999999999916,0,0.9971751886544439
M4_ASYMMETRIC_CROSS,4.716666666666655,282,O91,4,C3,-0.9708234971685474,-0.9708234971685474,0.9708234971685474,0.8791294788288042,0.8791295493672409,0.00019357386725766496,1.2999999999999958,0,0.12794618430170213
M4_ASYMMETRIC_CROSS,4.716666666666655,282,O92,8,C1,0.9998016503770992,0.9998016503770992,0.9998016503770992,0.0052146550586051905,0.009866353012904928,0.009245750313786584,2.599999999999991,0,0.9931318183306775
M4_ASYMMETRIC_CROSS,4.716666666666655,282,O92,8,C0,-0.9999992089967186,-0.9999992089967186,0.9999992089967186,1.0038025587324295,1.0120009319361556,0.25710790056457167,2.4999999999999916,0,0.003284508462179314
M4_ASYMMETRIC_CROSS,4.716666666666655,282,O92,8,C2,0.12640630456458407,0.12640630456458407,0.12640630456458407,0.6645541031538015,0.6683466280785553,0.2656796308563695,2.4999999999999916,0,0.3457066248288033
M4_ASYMMETRIC_CROSS,4.716666666666655,282,O92,8,C3,0.11308912838165742,0.11308912838165742,0.11308912838165742,0.6682306179479806,0.6687077701641935,0.2579176970994972,1.2999999999999958,0,0.33702032558236006
M4_ASYMMETRIC_CROSS,4.816666666666655,288,O93,1,C1,-0.9998800866587493,-0.9998800866587493,0.9998800866587493,1.0068134749251612,1.0140659898672173,0.24205196454261063,2.699999999999991,0,0.0
M4_ASYMMETRIC_CROSS,4.816666666666655,288,O93,1,C0,0.9999838181120329,0.9999838181120329,0.9999838181120329,0.006736344203196935,0.0076680865981848,0.005810185708174487,2.599999999999991,0,0.9933112158708423
M4_ASYMMETRIC_CROSS,4.816666666666655,288,O93,1,C2,-0.12200947606163492,-0.12200947606163492,0.12200947606163492,0.6623396035770843,0.6682199915232617,0.014381915999972284,2.599999999999991,0,0.34788693248996927
M4_ASYMMETRIC_CROSS,4.816666666666655,288,O93,1,C3,-0.11749072334506626,-0.11749072334506626,0.11749072334506626,0.667219491031881,0.6673612882994603,0.006619982243099983,1.3999999999999955,0,0.33802350708231754
M4_ASYMMETRIC_CROSS,4.816666666666655,288,O94,3,C1,0.134061892830772,0.134061892830772,0.134061892830772,0.6685212558891493,0.6724673361293404,0.2530261167264202,2.699999999999991,0,0.33958493480243823
M4_ASYMMETRIC_CROSS,4.816666666666655,288,O94,3,C0,-0.11304913896016686,-0.11304913896016686,0.11304913896016686,0.6654298835605233,0.673631042312388,0.005163966475635107,2.599999999999991,0,0.3426388225284823
M4_ASYMMETRIC_CROSS,4.816666666666655,288,O94,3,C2,-0.9710294575182311,-0.9710294575182311,0.9710294575182311,0.8756702511506298,0.8756708883604883,0.0034077638161626907,2.599999999999991,0,0.13785011416932735
M4_ASYMMETRIC_CROSS,4.816666666666655,288,O94,3,C3,0.9999992588092448,0.9999992588092448,0.9999992588092448,0.0022140216454741802,0.002319761778614291,0.004354169940709611,1.3999999999999955,0,0.9978128245938869
M4_ASYMMETRIC_CROSS,4.816666666666655,288,O95,7,C1,0.10829155360045407,0.10829155360045407,0.10829155360045407,0.6710991289900751,0.6733575885448444,0.2486214159124436,2.699999999999991,0,0.3341409732006412
M4_ASYMMETRIC_CROSS,4.816666666666655,288,O95,7,C0,-0.12931659154164524,-0.12931659154164524,0.12931659154164524,0.6706181894752051,0.6706250044758806,0.0007592656616584883,2.599999999999991,0,0.3346181574249786
M4_ASYMMETRIC_CROSS,4.816666666666655,288,O95,7,C2,0.9999985945152909,0.9999985945152909,0.9999985945152909,0.003304450936490055,0.005131104051406811,0.007812464630139309,2.599999999999991,0,0.9967465698487707
M4_ASYMMETRIC_CROSS,4.816666666666655,288,O95,7,C3,-0.9709196574039232,-0.9709196574039232,0.9709196574039232,0.8796006353524112,0.8796007568287463,5.053087326700734e-05,1.3999999999999955,0,0.1273112497684331
M4_ASYMMETRIC_CROSS,4.816666666666655,288,O96,9,C1,0.9997563192250571,0.9997563192250571,0.9997563192250571,0.004228677274898273,0.008477021590588659,0.0027349517119710127,2.699999999999991,0,0.9944304420103474
M4_ASYMMETRIC_CROSS,4.816666666666655,288,O96,9,C0,-0.9999995938318462,-0.9999995938318462,0.9999995938318462,1.0044286197399395,1.0122137665389639,0.25059710196275614,2.599999999999991,0,0.0026628675832987003
M4_ASYMMETRIC_CROSS,4.816666666666655,288,O96,9,C2,0.1285477649098613,0.1285477649098613,0.1285477649098613,0.6667174080336289,0.67109405976561,0.2591688322545539,2.599999999999991,0,0.34357672141743434
M4_ASYMMETRIC_CROSS,4.816666666666655,288,O96,9,C3,0.11094364170768882,0.11094364170768882,0.11094364170768882,0.6670208953900166,0.6671646600421344,0.2514068984976816,1.3999999999999955,0,0.33822054216339237
M4_ASYMMETRIC_CROSS,4.9166666666666545,294,O97,1,C1,-0.9999525412296278,-0.9999525412296278,0.9999525412296278,1.0097039657461386,1.0173098871461097,0.24825830111722388,2.7999999999999905,0,0.0
M4_ASYMMETRIC_CROSS,4.9166666666666545,294,O97,1,C0,0.9999346460703951,0.9999346460703951,0.9999346460703951,0.005110758691481356,0.00767023717462278,0.0003961508664387804,2.699999999999991,0,0.9949273197495754
M4_ASYMMETRIC_CROSS,4.9166666666666545,294,O97,1,C2,-0.11630651626795249,-0.11630651626795249,0.11630651626795249,0.665506634577054,0.6724555562789549,0.008175579425359018,2.699999999999991,0,0.34476880050882885
M4_ASYMMETRIC_CROSS,4.9166666666666545,294,O97,1,C3,-0.12319286297960863,-0.12319286297960863,0.12319286297960863,0.6684025589972071,0.6715473597627316,0.00041364566848671523,1.4999999999999951,0,0.3368497356426393
M4_ASYMMETRIC_CROSS,4.9166666666666545,294,O98,3,C1,0.1369440069421704,0.1369440069421704,0.1369440069421704,0.672648515667437,0.6759682855993185,0.2588869745455814,2.7999999999999905,0,0.33933284552391707
M4_ASYMMETRIC_CROSS,4.9166666666666545,294,O98,3,C0,-0.1159389530367612,-0.1159389530367612,0.1159389530367612,0.6649404307438297,0.6732819876510571,0.011024824294796278,2.699999999999991,0,0.34690363236775124
M4_ASYMMETRIC_CROSS,4.9166666666666545,294,O98,3,C2,-0.9703302292487953,-0.9703302292487953,0.9703302292487953,0.8784427214029368,0.8784436438608034,0.002453094002998482,2.699999999999991,0,0.13720429079718854
M4_ASYMMETRIC_CROSS,4.9166666666666545,294,O98,3,C3,0.9999914861119356,0.9999914861119356,0.9999914861119356,0.002284800479760326,0.0056999542797331205,0.010215027759870784,1.4999999999999951,0,0.9977558968817302
M4_ASYMMETRIC_CROSS,4.9166666666666545,294,O99,7,C1,0.10808220894332837,0.10808220894332837,0.10808220894332837,0.6722164298577779,0.6738132490545384,0.24858904975814833,2.7999999999999905,0,0.33301097717842665
M4_ASYMMETRIC_CROSS,4.9166666666666545,294,O99,7,C0,-0.1291077762013231,-0.1291077762013231,0.1291077762013231,0.6717465997265846,0.6717685232685916,0.0007268995073632127,2.699999999999991,0,0.33347715373433595
M4_ASYMMETRIC_CROSS,4.9166666666666545,294,O99,7,C2,0.9999989254014615,0.9999989254014615,0.9999989254014615,0.0049811480603020415,0.006352937082352385,0.007844830784434584,2.699999999999991,0,0.9950957609604162
M4_ASYMMETRIC_CROSS,4.9166666666666545,294,O99,7,C3,-0.9709700500520076,-0.9709700500520076,0.9709700500520076,0.8813014878621769,0.8813016106698106,8.28970275622829e-05,1.4999999999999951,0,0.1256237625254516
M4_ASYMMETRIC_CROSS,4.9166666666666545,294,O100,9,C1,0.9997659822919341,0.9997659822919341,0.9997659822919341,0.004353304753243884,0.00821627814803068,3.1366912833045525e-05,2.7999999999999905,0,0.9942665329941414
M4_ASYMMETRIC_CROSS,4.9166666666666545,294,O100,9,C0,-0.9999998945997453,-0.9999998945997453,0.9999998945997453,1.0042675173144984,1.0118835451059875,0.24783078333795205,2.699999999999991,0,0.0028228325901265006
M4_ASYMMETRIC_CROSS,4.9166666666666545,294,O100,9,C2,0.1281092540011939,0.1281092540011939,0.1281092540011939,0.6663163223733388,0.6719646875587868,0.25640251362974986,2.699999999999991,0,0.3439716143075069
M4_ASYMMETRIC_CROSS,4.9166666666666545,294,O100,9,C3,0.11138306809328988,0.11138306809328988,0.11138306809328988,0.6671773733069151,0.6674800565410436,0.24864057987287755,1.4999999999999951,0,0.338065293846999
M5_UNEQUAL_WIDTH,2.116666666666664,126,O2,0,C0,0.9961572533761864,0.9961572533761864,0.9961572533761864,0.0523729581617299,0.052577944788106915,0.010153221505457768,0.09999999999999964,0,0.9561487221364554
M5_UNEQUAL_WIDTH,2.116666666666664,126,O2,0,C1,-0.9781198646181963,-0.9781198646181963,0.9781198646181963,0.8922724185986931,0.8952785704782992,0.1565472227781861,0.09999999999999964,0,0.24650493190762102
M5_UNEQUAL_WIDTH,2.116666666666664,126,O3,5,C0,-0.952850326974753,-0.952850326974753,0.952850326974753,0.833979068763874,0.8366142050320503,0.1618141554238257,0.09999999999999964,0,0.301718880117257
M5_UNEQUAL_WIDTH,2.116666666666664,126,O3,5,C1,0.9999391302113866,0.9999391302113866,0.9999391302113866,0.006236329066372841,0.007608764822862879,0.00488628885981817,0.09999999999999964,0,0.9939600727365793
M5_UNEQUAL_WIDTH,2.2166666666666637,132,O4,0,C0,0.9999996674261648,0.9999996674261648,0.9999996674261648,0.0029749217731239023,0.0036837538921510476,0.005708303848468094,0.1999999999999993,0,0.9975091320812409
M5_UNEQUAL_WIDTH,2.2166666666666637,132,O4,0,C1,-0.9563788777359099,-0.9563788777359099,0.9563788777359099,0.840715869884638,0.8433020807390573,0.1609921404351758,0.1999999999999993,0,0.29269768412743213
M5_UNEQUAL_WIDTH,2.416666666666663,144,O5,0,C0,0.9868249026951436,0.9868249026951436,0.9868249026951436,0.13199711835926076,0.1323194352877303,0.16489621529057802,0.3999999999999986,0,0.9028881427223605
M5_UNEQUAL_WIDTH,2.416666666666663,144,O5,0,C1,-0.9909333718298555,-0.9909333718298555,0.9909333718298555,0.9343562076494135,0.950148096920674,0.33159665957422185,0.3999999999999986,0,0.31258297293457304
M5_UNEQUAL_WIDTH,2.416666666666663,144,O6,1,C0,0.9999993426534942,0.9999993426534942,0.9999993426534942,0.0007481001875369616,0.0010802318413694425,0.001575046084530148,0.3999999999999986,0,0.9993744492398575
M5_UNEQUAL_WIDTH,2.416666666666663,144,O6,1,C1,-0.9564755302521557,-0.9564755302521557,0.9564755302521557,0.8406281567970226,0.8434697544231862,0.16827549036817402,0.3999999999999986,0,0.2970786650743775
M5_UNEQUAL_WIDTH,2.416666666666663,144,O7,2,C0,0.9998516258461593,0.9998516258461593,0.9998516258461593,0.10635043829202713,0.10673600826631613,0.21230089372840072,0.3999999999999986,0,0.9243935756134047
M5_UNEQUAL_WIDTH,2.416666666666663,144,O7,2,C1,-0.9610440191684231,-0.9610440191684231,0.9610440191684231,0.833183090916954,0.8564288154906317,0.3790013380120446,0.3999999999999986,0,0.407675272661994
M5_UNEQUAL_WIDTH,2.416666666666663,144,O8,7,C0,-0.049117112407272595,-0.049117112407272595,0.049117112407272595,0.7547431666805159,0.8597505069225692,0.3149277124440375,0.3999999999999986,0,0.3680621931738969
M5_UNEQUAL_WIDTH,2.416666666666663,144,O8,7,C1,0.339518363572081,0.339518363572081,0.339518363572081,0.7916276886133664,0.7916864830172159,0.1482272681603936,0.3999999999999986,0,0.22965760926239298
M5_UNEQUAL_WIDTH,2.416666666666663,144,O9,10,C0,0.1530992793097424,0.1530992793097424,0.1530992793097424,0.7278589540291824,0.7285113034762083,0.5266585700625169,0.3999999999999986,0,0.39057203643071137
M5_UNEQUAL_WIDTH,2.416666666666663,144,O9,10,C1,0.14307149426193688,0.14307149426193688,0.14307149426193688,0.6617194734304617,0.6617599575097683,0.35995812577887304,0.3999999999999986,0,0.35607285029033875
M5_UNEQUAL_WIDTH,2.416666666666663,144,O10,12,C0,-0.15668128378291815,-0.15668128378291815,0.15668128378291815,0.8186588719386879,0.834167079901155,0.5031339982427356,0.3999999999999986,0,0.314546305404766
M5_UNEQUAL_WIDTH,2.416666666666663,144,O10,12,C1,0.4391006810291392,0.4391006810291392,0.4391006810291392,0.744664261314796,0.7446668327482836,0.33643355395909175,0.3999999999999986,0,0.2753582831811927
M5_UNEQUAL_WIDTH,2.416666666666663,144,O11,14,C0,-0.9548652532078821,-0.9548652532078821,0.9548652532078821,0.8380090969414091,0.8404245289670664,0.16010144694159342,0.3999999999999986,0,0.2983445836937997
M5_UNEQUAL_WIDTH,2.416666666666663,144,O11,14,C1,0.9999906576002309,0.9999906576002309,0.9999906576002309,0.006374136264572907,0.00654683263402486,0.006598997342050457,0.3999999999999986,0,0.993836828807176
M5_UNEQUAL_WIDTH,2.5166666666666626,150,O12,0,C0,0.9852519827366395,0.9852519827366395,0.9852519827366395,0.13986189666361723,0.14138256748628977,0.15634660278044438,0.4999999999999982,0,0.896450600225409
M5_UNEQUAL_WIDTH,2.5166666666666626,150,O12,0,C1,-0.992158715263157,-0.992158715263157,0.992158715263157,0.9406899513143058,0.955617270689827,0.3230470470640882,0.4999999999999982,0,0.3035424075017237
M5_UNEQUAL_WIDTH,2.5166666666666626,150,O12,0,C2,-0.21929591061824838,-0.21929591061824838,0.21929591061824838,0.7275533276679181,0.7303280577528346,0.4712743152244818,0.09999999999999964,0,0.4613421369137125
M5_UNEQUAL_WIDTH,2.5166666666666626,150,O13,1,C0,0.9997655012670436,0.9997655012670436,0.9997655012670436,0.13676095725349044,0.13676175099975169,0.25434009743315195,0.4999999999999982,0,0.9055956044380216
M5_UNEQUAL_WIDTH,2.5166666666666626,150,O13,1,C1,-0.9622590641677443,-0.9622590641677443,0.9622590641677443,0.8351294121755344,0.8649296030070256,0.42104054171679584,0.4999999999999982,0,0.42352050646786843
M5_UNEQUAL_WIDTH,2.5166666666666626,150,O13,1,C2,-0.0707345370808865,-0.0707345370808865,0.0707345370808865,0.6322660662914742,0.8341824361001697,0.5692678098771895,0.09999999999999964,0,0.5635545624913867
M5_UNEQUAL_WIDTH,2.5166666666666626,150,O14,5,C0,0.016872469843708535,0.016872469843708535,0.016872469843708535,0.7767124539978593,0.8856307425762984,0.3229988178189282,0.4999999999999982,0,0.3496675605919085
M5_UNEQUAL_WIDTH,2.5166666666666626,150,O14,5,C1,0.27673490185553706,0.27673490185553706,0.27673490185553706,0.8218729563832848,0.8255137110212428,0.15629837353528434,0.4999999999999982,0,0.20022557673307417
M5_UNEQUAL_WIDTH,2.5166666666666626,150,O14,5,C2,0.9978221208055643,0.9978221208055643,0.9978221208055643,0.031834251734485834,0.0361716950484814,0.008071105374890732,0.09999999999999964,0,0.9638001840115082
M5_UNEQUAL_WIDTH,2.5166666666666626,150,O15,9,C0,-0.953857506962295,-0.953857506962295,0.953857506962295,0.8367407877529084,0.83731507192214,0.11075053653534979,0.4999999999999982,0,0.2994065244470808
M5_UNEQUAL_WIDTH,2.5166666666666626,150,O15,9,C1,0.999970378730349,0.999970378730349,0.999970378730349,0.041209424970776586,0.04137718699040014,0.05594990774829408,0.4999999999999982,0,0.9619692204877552
M5_UNEQUAL_WIDTH,2.5166666666666626,150,O15,9,C2,0.3467479691977807,0.3467479691977807,0.3467479691977807,0.7558113965753716,0.8113935107208018,0.2041771759086877,0.09999999999999964,0,0.3024873170061607
M5_UNEQUAL_WIDTH,2.6166666666666623,156,O16,0,C0,0.9999999938042438,0.9999999938042438,0.9999999938042438,0.0006380653429537737,0.0010214021230470717,0.0020373090152711526,0.5999999999999979,0,0.999466664969434
M5_UNEQUAL_WIDTH,2.6166666666666623,156,O16,0,C1,-0.9561729090077863,-0.9561729090077863,0.9561729090077863,0.8399767023047604,0.8428293971498582,0.16873775329891502,0.5999999999999979,0,0.2978947922095945
M5_UNEQUAL_WIDTH,2.6166666666666623,156,O16,0,C2,-0.04922829491797312,-0.04922829491797312,0.04922829491797312,0.7541371302666154,0.8594168770431088,0.3169650214593086,0.1999999999999993,0,0.3696448900362538
M5_UNEQUAL_WIDTH,2.6166666666666623,156,O17,5,C0,0.14443000880336657,0.14443000880336657,0.14443000880336657,0.7227800747194484,0.722887283035633,0.5394041675979937,0.5999999999999979,0,0.39482452389110645
M5_UNEQUAL_WIDTH,2.6166666666666623,156,O17,5,C1,0.15174254697706765,0.15174254697706765,0.15174254697706765,0.6628879964158325,0.6649091009560164,0.37270372331434987,0.5999999999999979,0,0.3549357465695743
M5_UNEQUAL_WIDTH,2.6166666666666623,156,O17,5,C2,0.9812267152250865,0.9812267152250865,0.9812267152250865,0.12935517536642957,0.13799432024286284,0.22447645515395626,0.1999999999999993,0,0.8529058077293785
M5_UNEQUAL_WIDTH,2.6166666666666623,156,O18,9,C0,-0.950722571539407,-0.950722571539407,0.950722571539407,0.8326286329399518,0.8356457778443313,0.17470048521302925,0.5999999999999979,0,0.30284958456150146
M5_UNEQUAL_WIDTH,2.6166666666666623,156,O18,9,C1,0.9998385398019685,0.9998385398019685,0.9998385398019685,0.011986920473285513,0.015549218982628024,0.008000040929385391,0.5999999999999979,0,0.9883353840349535
M5_UNEQUAL_WIDTH,2.6166666666666623,156,O18,9,C2,0.35636542108575464,0.35636542108575464,0.35636542108575464,0.7796700328109533,0.7876482914562214,0.14022722723100822,0.1999999999999993,0,0.23534092569834186
M5_UNEQUAL_WIDTH,2.716666666666662,162,O19,0,C0,0.9863485820284184,0.9863485820284184,0.9863485820284184,0.1348050809203902,0.13541958887176347,0.1609592884046231,0.6999999999999975,0,0.9005341939599026
M5_UNEQUAL_WIDTH,2.716666666666662,162,O19,0,C1,-0.9913212071654419,-0.9913212071654419,0.9913212071654419,0.936310876576223,0.9517248622591911,0.327659732688267,0.6999999999999975,0,0.3091438734585751
M5_UNEQUAL_WIDTH,2.716666666666662,162,O19,0,C2,-0.21291864799262208,-0.21291864799262208,0.21291864799262208,0.7272330206625282,0.7280663304990593,0.4758870008486606,0.29999999999999893,0,0.4634117788046075
M5_UNEQUAL_WIDTH,2.716666666666662,162,O20,5,C0,0.002276012086418394,0.002276012086418394,0.002276012086418394,0.7728656405927704,0.8772735382755805,0.3300943951680187,0.6999999999999975,0,0.35288845338537733
M5_UNEQUAL_WIDTH,2.716666666666662,162,O20,5,C1,0.2907321004947391,0.2907321004947391,0.2907321004947391,0.8144006655485322,0.8168080732450141,0.16339395088437483,0.6999999999999975,0,0.20749695249307665
M5_UNEQUAL_WIDTH,2.716666666666662,162,O20,5,C2,0.9986786481074125,0.9986786481074125,0.9986786481074125,0.024603687654506882,0.025996932232997712,0.015166682723981225,0.29999999999999893,0,0.9720223056235168
M5_UNEQUAL_WIDTH,2.716666666666662,162,O21,9,C0,-0.9535170286536707,-0.9535170286536707,0.9535170286536707,0.8355754196723698,0.8363764081502195,0.11819313365764912,0.6999999999999975,0,0.30038227378999927
M5_UNEQUAL_WIDTH,2.716666666666662,162,O21,9,C1,0.9999610259750813,0.9999610259750813,0.9999610259750813,0.033288526547165215,0.03345696995987903,0.04850731062599475,0.6999999999999975,0,0.9690666826629462
M5_UNEQUAL_WIDTH,2.716666666666662,162,O21,9,C2,0.3478094326083777,0.3478094326083777,0.3478094326083777,0.7618561278529208,0.8072232253311985,0.19673457878638836,0.29999999999999893,0,0.2920462449828557
M5_UNEQUAL_WIDTH,2.8166666666666615,168,O22,0,C0,0.9854341995132566,0.9854341995132566,0.9854341995132566,0.13678722890536843,0.13703162539461658,0.16319957423222456,0.7999999999999972,0,0.8992382263684222
M5_UNEQUAL_WIDTH,2.8166666666666615,168,O22,0,C1,-0.992024641313626,-0.992024641313626,0.992024641313626,0.9400327387661972,0.9555438222748235,0.3299000185158684,0.7999999999999972,0,0.30754232841897866
M5_UNEQUAL_WIDTH,2.8166666666666615,168,O22,0,C2,-0.2182535900568069,-0.2182535900568069,0.2182535900568069,0.7304138892438924,0.7327290918431152,0.47812728667626203,0.3999999999999986,0,0.4619541637452902
M5_UNEQUAL_WIDTH,2.8166666666666615,168,O23,1,C0,0.9999927207974478,0.9999927207974478,0.9999927207974478,0.002628878708302866,0.0030595162864763487,0.00047275739872176814,0.7999999999999972,0,0.9977997409131436
M5_UNEQUAL_WIDTH,2.8166666666666615,168,O23,1,C1,-0.9550157427502308,-0.9550157427502308,0.9550157427502308,0.8377091234937006,0.8404701054972141,0.16717320168236563,0.7999999999999972,0,0.2988732780678979
M5_UNEQUAL_WIDTH,2.8166666666666615,168,O23,1,C2,-0.04530581926326713,-0.04530581926326713,0.04530581926326713,0.7526045322253846,0.8605031133401452,0.31540046984275927,0.3999999999999986,0,0.37010218249772353
M5_UNEQUAL_WIDTH,2.8166666666666615,168,O24,7,C0,-0.04974453916463728,-0.04974453916463728,0.04974453916463728,0.7507561828596826,0.8624670806504917,0.3046369049141475,0.7999999999999972,0,0.37140044905062086
M5_UNEQUAL_WIDTH,2.8166666666666615,168,O24,7,C1,0.3401091761202194,0.3401091761202194,0.3401091761202194,0.794684515168628,0.7947234777621395,0.13793646063050366,0.7999999999999972,0,0.22668297470814291
M5_UNEQUAL_WIDTH,2.8166666666666615,168,O24,7,C2,0.9999998026857131,0.9999998026857131,0.9999998026857131,0.006509595052711946,0.007184865661062594,0.010290807529889957,0.3999999999999986,0,0.9926833367234968
M5_UNEQUAL_WIDTH,2.8166666666666615,168,O25,10,C0,0.14941829617658361,0.14941829617658361,0.14941829617658361,0.7279363036058535,0.7284949715423514,0.533739302417462,0.7999999999999972,0,0.390507272516312
M5_UNEQUAL_WIDTH,2.8166666666666615,168,O25,10,C1,0.14675601538944466,0.14675601538944466,0.14675601538944466,0.6592258757624447,0.6592879051124347,0.36703885813381815,0.7999999999999972,0,0.3584994000646179
M5_UNEQUAL_WIDTH,2.8166666666666615,168,O25,10,C2,0.9802416560841996,0.9802416560841996,0.9802416560841996,0.13383481664802085,0.1349588871580925,0.21881158997342456,0.3999999999999986,0,0.8478118544792574
M5_UNEQUAL_WIDTH,2.8166666666666615,168,O26,14,C0,-0.953998085757421,-0.953998085757421,0.953998085757421,0.8376077595177505,0.8403933083932787,0.17016469238457685,0.7999999999999972,0,0.29868061892074915
M5_UNEQUAL_WIDTH,2.8166666666666615,168,O26,14,C1,0.9999738752518887,0.9999738752518887,0.9999738752518887,0.008933005147414321,0.00979608090671684,0.00346424810093299,0.7999999999999972,0,0.9913071856369953
M5_UNEQUAL_WIDTH,2.8166666666666615,168,O26,14,C2,0.34630846063890086,0.34630846063890086,0.34630846063890086,0.7831565373629259,0.7840880476878114,0.14476302005946062,0.3999999999999986,0,0.23532318502548366
M5_UNEQUAL_WIDTH,2.916666666666661,174,O27,2,C0,0.015014027261098961,0.015014027261098961,0.015014027261098961,0.7743745740989535,0.8858782941270501,0.3186495179176552,0.8999999999999968,0,0.3516250406475878
M5_UNEQUAL_WIDTH,2.916666666666661,174,O27,2,C1,0.2785205136093323,0.2785205136093323,0.2785205136093323,0.8219236213764674,0.8253180925840198,0.15194907363401133,0.8999999999999968,0,0.20017627402103377
M5_UNEQUAL_WIDTH,2.916666666666661,174,O27,2,C2,0.997942999763338,0.997942999763338,0.997942999763338,0.03117261558189625,0.036879920545910196,0.003721805473617731,0.4999999999999982,0,0.9645525531004645
M5_UNEQUAL_WIDTH,2.916666666666661,174,O28,5,C0,0.23674272575211527,0.23674272575211527,0.23674272575211527,0.7474280327162793,0.7486512030464718,0.5341964745639257,0.8999999999999968,0,0.37418707103709137
M5_UNEQUAL_WIDTH,2.916666666666661,174,O28,5,C1,0.058223074851976406,0.058223074851976406,0.058223074851976406,0.687288452034653,0.6901960790715478,0.3674960302802818,0.8999999999999968,0,0.33119137078932104
M5_UNEQUAL_WIDTH,2.916666666666661,174,O28,5,C2,0.9587715945639181,0.9587715945639181,0.9587715945639181,0.10938811217003759,0.15953355951703,0.21926876211988822,0.4999999999999982,0,0.8756110379188151
M5_UNEQUAL_WIDTH,2.916666666666661,174,O29,9,C0,-0.9539907085211373,-0.9539907085211373,0.9539907085211373,0.8361265496477943,0.8366793155143255,0.10780299557222167,0.8999999999999968,0,0.2999208189755388
M5_UNEQUAL_WIDTH,2.916666666666661,174,O29,9,C1,0.9999736970946754,0.9999736970946754,0.9999736970946754,0.03707374637286794,0.03718478830606116,0.0588974487114222,0.8999999999999968,0,0.9658787141135194
M5_UNEQUAL_WIDTH,2.916666666666661,174,O29,9,C2,0.34633154316955295,0.34633154316955295,0.34633154316955295,0.7589548709044267,0.8122111472711419,0.2071247168718158,0.4999999999999982,0,0.30148639782412145
M5_UNEQUAL_WIDTH,3.016666666666661,180,O30,0,C0,0.9842579925661068,0.9842579925661068,0.9842579925661068,0.142620661810322,0.14411078886743756,0.1564920253206897,0.9999999999999964,0,0.8944194637534975
M5_UNEQUAL_WIDTH,3.016666666666661,180,O30,0,C1,-0.9928568036545675,-0.9928568036545675,0.9928568036545675,0.9446533972545046,0.9594921120117038,0.32319246960433357,0.9999999999999964,0,0.30068328821909385
M5_UNEQUAL_WIDTH,3.016666666666661,180,O30,0,C2,-0.22486826293425732,-0.22486826293425732,0.22486826293425732,0.7301680626031006,0.7343974730382831,0.4714197377647272,0.5999999999999979,0,0.45946446593949386
M5_UNEQUAL_WIDTH,3.016666666666661,180,O31,1,C0,0.999989163465814,0.999989163465814,0.999989163465814,0.0059681243125466795,0.0076662533495216855,0.008037524985980548,0.9999999999999964,0,0.9950029578862915
M5_UNEQUAL_WIDTH,3.016666666666661,180,O31,1,C1,-0.9574935629989024,-0.9574935629989024,0.9574935629989024,0.8430422101097867,0.8456058420155379,0.15866291929766332,0.9999999999999964,0,0.2893479207951417
M5_UNEQUAL_WIDTH,3.016666666666661,180,O31,1,C2,-0.053766382847933725,-0.053766382847933725,0.053766382847933725,0.7517735116593206,0.8533883590049021,0.3068901874580569,0.5999999999999979,0,0.36628391467817445
M5_UNEQUAL_WIDTH,3.016666666666661,180,O32,4,C0,0.30274913381809454,0.30274913381809454,0.30274913381809454,0.6493417436911552,0.6568890957753197,0.18048483459669706,0.9999999999999964,0,0.4563135971226019
M5_UNEQUAL_WIDTH,3.016666666666661,180,O32,4,C1,-0.010307743334326547,-0.010307743334326547,0.010307743334326547,0.7189646248855569,0.7262482502789682,0.013784390313053188,0.9999999999999964,0,0.3003669073775811
M5_UNEQUAL_WIDTH,3.016666666666661,180,O32,4,C2,0.9370497877021312,0.9370497877021312,0.9370497877021312,1.186878705811491,1.1897322240958925,0.1344428778473404,0.5999999999999979,0,0.0
M5_UNEQUAL_WIDTH,3.016666666666661,180,O33,7,C0,-0.01953613473825133,-0.01953613473825133,0.01953613473825133,0.7594460909540434,0.874454955800866,0.31045214264678495,0.9999999999999964,0,0.3641244885582283
M5_UNEQUAL_WIDTH,3.016666666666661,180,O33,7,C1,0.31153243072192327,0.31153243072192327,0.31153243072192327,0.8113885781680414,0.8119801944308589,0.14375169836314108,0.9999999999999964,0,0.21042805082019833
M5_UNEQUAL_WIDTH,3.016666666666661,180,O33,7,C2,0.9995619666247938,0.9995619666247938,0.9995619666247938,0.020154488037069634,0.023865977826710023,0.004475569797252531,0.5999999999999979,0,0.977197690942253
M5_UNEQUAL_WIDTH,3.016666666666661,180,O34,10,C0,0.19017973484782766,0.19017973484782766,0.19017973484782766,0.733247374221333,0.73801042028295,0.5317468788505224,0.9999999999999964,0,0.38606037393569137
M5_UNEQUAL_WIDTH,3.016666666666661,180,O34,10,C1,0.1057247375466589,0.1057247375466589,0.1057247375466589,0.6766830375208022,0.6771324941483388,0.3650464345668785,0.9999999999999964,0,0.3415116267491317
M5_UNEQUAL_WIDTH,3.016666666666661,180,O34,10,C2,0.971223264974676,0.971223264974676,0.971223264974676,0.11671588572068359,0.14285686379332904,0.2168191664064849,0.5999999999999979,0,0.8672783760943388
M5_UNEQUAL_WIDTH,3.016666666666661,180,O35,14,C0,-0.952537984175615,-0.952537984175615,0.952537984175615,0.8340701699799983,0.8355526392618062,0.13888792653201928,0.9999999999999964,0,0.3016426021126877
M5_UNEQUAL_WIDTH,3.016666666666661,180,O35,14,C1,0.9999272633896112,0.9999272633896112,0.9999272633896112,0.02240875128914965,0.022764438095290638,0.02781251775162459,0.9999999999999964,0,0.978768402274368
M5_UNEQUAL_WIDTH,3.016666666666661,180,O35,14,C2,0.35083824599399843,0.35083824599399843,0.35083824599399843,0.770423586419614,0.7971808485468271,0.1760397859120182,0.5999999999999979,0,0.2700475160737692
M5_UNEQUAL_WIDTH,3.1166666666666605,186,O36,1,C0,0.9839038314233951,0.9839038314233951,0.9839038314233951,0.14286842514919842,0.14393822637756756,0.15962576751511953,1.099999999999996,0,0.8944808385475844
M5_UNEQUAL_WIDTH,3.1166666666666605,186,O36,1,C1,-0.9930925998709291,-0.9930925998709291,0.9930925998709291,0.9459351370098391,0.9610050744350657,0.3263262117987634,1.099999999999996,0,0.3013551990832313
M5_UNEQUAL_WIDTH,3.1166666666666605,186,O36,1,C2,-0.22680960066969974,-0.22680960066969974,0.22680960066969974,0.731859759642771,0.7368040408126635,0.474553479959157,0.6999999999999975,0,0.4594660922619903
M5_UNEQUAL_WIDTH,3.1166666666666605,186,O37,2,C0,0.9952855448063426,0.9952855448063426,0.9952855448063426,0.058190451681607296,0.06098567704917572,0.01506996239770483,1.099999999999996,0,0.951277801459763
M5_UNEQUAL_WIDTH,3.1166666666666605,186,O37,2,C1,-0.9800413093937757,-0.9800413093937757,0.9800413093937757,0.8975768506590239,0.9004733760518462,0.15163048188593903,1.099999999999996,0,0.23886525865734398
M5_UNEQUAL_WIDTH,3.1166666666666605,186,O37,2,C2,-0.1457565526002335,-0.1457565526002335,0.1457565526002335,0.7778503444792261,0.8214587178911217,0.29985775004633264,0.6999999999999975,0,0.3403919449194861
M5_UNEQUAL_WIDTH,3.1166666666666605,186,O38,3,C0,0.9999967289526963,0.9999967289526963,0.9999967289526963,0.0077620445935571184,0.007825690261250103,0.003280014088499597,1.099999999999996,0,0.9935187286205327
M5_UNEQUAL_WIDTH,3.1166666666666605,186,O38,3,C1,-0.9568863695914206,-0.9568863695914206,0.9568863695914206,0.8406644869540458,0.8437159743734478,0.16998045837214346,1.099999999999996,0,0.2980490367766754
M5_UNEQUAL_WIDTH,3.1166666666666605,186,O38,3,C2,-0.05167161438024942,-0.05167161438024942,0.05167161438024942,0.7483641393499043,0.853276484606605,0.3182077265325371,0.6999999999999975,0,0.3751194006519565
M5_UNEQUAL_WIDTH,3.1166666666666605,186,O39,6,C0,-0.3061809691648233,-0.3061809691648233,0.3061809691648233,0.6500133206318501,0.6551614892167987,0.17998333216261436,1.099999999999996,0,0.45575129344400844
M5_UNEQUAL_WIDTH,3.1166666666666605,186,O39,6,C1,0.013910367600009771,0.013910367600009771,0.013910367600009771,0.7196030051370249,0.7278092710138117,0.013282887878970499,1.099999999999996,0,0.29974569190446276
M5_UNEQUAL_WIDTH,3.1166666666666605,186,O39,6,C2,-0.9357855944675955,-0.9357855944675955,0.9357855944675955,1.1877075594658495,1.1905665757012116,0.1349443802814231,0.6999999999999975,0,0.0
M5_UNEQUAL_WIDTH,3.1166666666666605,186,O40,16,C0,-0.04756287267987033,-0.04756287267987033,0.04756287267987033,0.7484424498874452,0.8669261117633892,0.29452368675277285,1.099999999999996,0,0.3733377111612375
M5_UNEQUAL_WIDTH,3.1166666666666605,186,O40,16,C1,0.33805432490672593,0.33805432490672593,0.33805432490672593,0.7994058551845704,0.7994956090520459,0.127823242469129,1.099999999999996,0,0.2220885821576033
M5_UNEQUAL_WIDTH,3.1166666666666605,186,O40,16,C2,0.9999987893404186,0.9999987893404186,0.9999987893404186,0.013005731274373171,0.013360532999352073,0.02040402569126461,0.6999999999999975,0,0.9855460993979019
M5_UNEQUAL_WIDTH,3.1166666666666605,186,O41,20,C0,0.1483183421062083,0.1483183421062083,0.1483183421062083,0.6948969076902473,0.7839735624349974,0.41449297550089087,1.099999999999996,0,0.41817078020409415
M5_UNEQUAL_WIDTH,3.1166666666666605,186,O41,20,C1,0.14785622966119644,0.14785622966119644,0.14785622966119644,0.6997438892010225,0.6998092866361185,0.24779253121724698,1.099999999999996,0,0.3190708356154822
M5_UNEQUAL_WIDTH,3.1166666666666605,186,O41,20,C2,0.9804610763284193,0.9804610763284193,0.9804610763284193,0.09665645053335718,0.09801521007781021,0.09956526305685338,0.6999999999999975,0,0.8900886456326569
M5_UNEQUAL_WIDTH,3.1166666666666605,186,O42,23,C0,0.13772393343336725,0.13772393343336725,0.13772393343336725,0.7290570057254799,0.7308135756470717,0.5280804027785183,1.099999999999996,0,0.3895689214707544
M5_UNEQUAL_WIDTH,3.1166666666666605,186,O42,23,C1,0.15843441038546385,0.15843441038546385,0.15843441038546385,0.665343799754294,0.6654757327860431,0.3613799584948745,1.099999999999996,0,0.3525459749103167
M5_UNEQUAL_WIDTH,3.1166666666666605,186,O42,23,C2,0.9825105808619694,0.9825105808619694,0.9825105808619694,0.12770466200867897,0.12983297679329361,0.21315269033448084,0.6999999999999975,0,0.8547826628958026
M5_UNEQUAL_WIDTH,3.1166666666666605,186,O43,27,C0,-0.9536662326954202,-0.9536662326954202,0.9536662326954202,0.8368178739150485,0.8395271778219996,0.16798476385214503,1.099999999999996,0,0.29934198108665044
M5_UNEQUAL_WIDTH,3.1166666666666605,186,O43,27,C1,0.9999652780662528,0.9999652780662528,0.9999652780662528,0.008777590314966036,0.009760872400153353,0.0012843195685011636,1.099999999999996,0,0.9914584216729581
M5_UNEQUAL_WIDTH,3.1166666666666605,186,O43,27,C2,0.3473448027893459,0.3473448027893459,0.3473448027893459,0.7830656494125376,0.7849433284836363,0.14694294859189244,0.6999999999999975,0,0.23703588977107093
M5_UNEQUAL_WIDTH,3.21666666666666,192,O44,1,C0,0.9836200939060435,0.9836200939060435,0.9836200939060435,0.1439923329721521,0.1451610774963967,0.15963835051230088,1.1999999999999957,0,0.8936517357749998
M5_UNEQUAL_WIDTH,3.21666666666666,192,O44,1,C1,-0.9932768529961401,-0.9932768529961401,0.9932768529961401,0.9470101347837395,0.9620580384492657,0.32633879479594474,1.1999999999999957,0,0.30056773191381003
M5_UNEQUAL_WIDTH,3.21666666666666,192,O44,1,C2,-0.22834903445855073,-0.22834903445855073,0.22834903445855073,0.7321101471288239,0.7376735725656256,0.47456606295633835,0.7999999999999972,0,0.45928618724638826
M5_UNEQUAL_WIDTH,3.21666666666666,192,O44,1,C3,-0.12956873690701223,-0.12956873690701223,0.12956873690701223,0.7919317107209964,0.7919947780093081,0.33962168267491527,0.09999999999999964,0,0.4151038386453457
M5_UNEQUAL_WIDTH,3.21666666666666,192,O45,2,C0,0.9953660241804124,0.9953660241804124,0.9953660241804124,0.05772469039255245,0.06076523450649888,0.015979402011979005,1.1999999999999957,0,0.9516677780511436
M5_UNEQUAL_WIDTH,3.21666666666666,192,O45,2,C1,-0.9798753042151627,-0.9798753042151627,0.9798753042151627,0.8971079621534604,0.8999646280852198,0.15072104227166486,1.1999999999999957,0,0.23867574178967366
M5_UNEQUAL_WIDTH,3.21666666666666,192,O45,2,C2,-0.14493205205631113,-0.14493205205631113,0.14493205205631113,0.7776001518268442,0.8216554817036185,0.2989483104320585,0.7999999999999972,0,0.34009519060255544
M5_UNEQUAL_WIDTH,3.21666666666666,192,O45,2,C3,-0.21322170396719214,-0.21322170396719214,0.21322170396719214,0.6909660871736018,0.6910336830669822,0.16400393015063536,0.09999999999999964,0,0.4136165701804936
M5_UNEQUAL_WIDTH,3.21666666666666,192,O46,3,C0,0.9999907232493519,0.9999907232493519,0.9999907232493519,0.00655880723829585,0.007011721049918403,0.00018308483180768626,1.1999999999999957,0,0.9945092275467001
M5_UNEQUAL_WIDTH,3.21666666666666,192,O46,3,C1,-0.9548697723288722,-0.9548697723288722,0.9548697723288722,0.8369877689871043,0.8398147416467284,0.16688352911545157,1.1999999999999957,0,0.2993071424832062
M5_UNEQUAL_WIDTH,3.21666666666666,192,O46,3,C2,-0.04481448808646929,-0.04481448808646929,0.04481448808646929,0.7481887823273214,0.8572069702556723,0.3151107972758452,0.7999999999999972,0,0.37364612091599325
M5_UNEQUAL_WIDTH,3.21666666666666,192,O46,3,C3,-0.31027862781784354,-0.31027862781784354,0.31027862781784354,0.6530517716699581,0.6531078784053477,0.18016641699442207,0.09999999999999964,0,0.45329104085763783
M5_UNEQUAL_WIDTH,3.21666666666666,192,O47,6,C0,-0.31298251804804217,-0.31298251804804217,0.31298251804804217,0.6467959017214907,0.6523815541707351,0.1787203274243198,1.1999999999999957,0,0.4584452014376319
M5_UNEQUAL_WIDTH,3.21666666666666,192,O47,6,C1,0.021062231981418017,0.021062231981418017,0.021062231981418017,0.7162111335629274,0.7315411989483663,0.012019883140675956,1.1999999999999957,0,0.30304636278175623
M5_UNEQUAL_WIDTH,3.21666666666666,192,O47,6,C2,-0.9332397554054708,-0.9332397554054708,0.9332397554054708,1.183533645495726,1.1864297683211424,0.13620738501971766,0.7999999999999972,0,0.0
M5_UNEQUAL_WIDTH,3.21666666666666,192,O47,6,C3,0.9999744175954857,0.9999744175954857,0.9999744175954857,0.004187404237980167,0.004187405070300574,0.0012630047382945434,0.09999999999999964,0,0.9958769608331304
M5_UNEQUAL_WIDTH,3.21666666666666,192,O48,16,C0,-0.05384253423834534,-0.05384253423834534,0.05384253423834534,0.744765612441812,0.8640700791263052,0.29852998914163786,1.1999999999999957,0,0.37641628503116575
M5_UNEQUAL_WIDTH,3.21666666666666,192,O48,16,C1,0.34396518086483563,0.34396518086483563,0.34396518086483563,0.8010355151461277,0.8029096162780847,0.13182954485799397,1.1999999999999957,0,0.22050274051899865
M5_UNEQUAL_WIDTH,3.21666666666666,192,O48,16,C2,0.9999888055268116,0.9999888055268116,0.9999888055268116,0.017860306550179426,0.01860892132545468,0.01639772330239962,0.7999999999999972,0,0.9800622031873473
M5_UNEQUAL_WIDTH,3.21666666666666,192,O48,16,C3,-0.9341068713792952,-0.9341068713792952,0.9341068713792952,1.186329126770886,1.1888656903580679,0.11854665697902349,0.09999999999999964,0,0.0
M5_UNEQUAL_WIDTH,3.21666666666666,192,O49,20,C0,0.14340288641171053,0.14340288641171053,0.14340288641171053,0.6912436854689078,0.7796742361364072,0.4226029217286003,1.1999999999999957,0,0.4212295813172666
M5_UNEQUAL_WIDTH,3.21666666666666,192,O49,20,C1,0.15276837334056503,0.15276837334056503,0.15276837334056503,0.7001257488480898,0.7018678897107186,0.2559024774449564,1.1999999999999957,0,0.31869924341667566
M5_UNEQUAL_WIDTH,3.21666666666666,192,O49,20,C2,0.9814263590613818,0.9814263590613818,0.9814263590613818,0.09766978263960266,0.1025908304634476,0.10767520928456283,0.7999999999999972,0,0.8889363510511078
M5_UNEQUAL_WIDTH,3.21666666666666,192,O49,20,C3,-0.9860413396091862,-0.9860413396091862,0.9860413396091862,1.0946226580434668,1.1010566738203393,0.24261958956598595,0.09999999999999964,0,0.0
M5_UNEQUAL_WIDTH,3.21666666666666,192,O50,23,C0,0.1367120713459807,0.1367120713459807,0.1367120713459807,0.7258943119743744,0.7259207226798268,0.5429168603710549,1.1999999999999957,0,0.3922170087154877
M5_UNEQUAL_WIDTH,3.21666666666666,192,O50,23,C1,0.1594429500482232,0.1594429500482232,0.1594429500482232,0.6620541784926763,0.6641489595691242,0.37621641608741097,1.1999999999999957,0,0.3557471447831576
M5_UNEQUAL_WIDTH,3.21666666666666,192,O50,23,C2,0.9827002830363677,0.9827002830363677,0.9827002830363677,0.1306050753409496,0.1381423190155012,0.22798914792701738,0.7999999999999972,0,0.8514845037370931
M5_UNEQUAL_WIDTH,3.21666666666666,192,O50,23,C3,-0.9848937181285117,-0.9848937181285117,0.9848937181285117,1.0952785434509602,1.109135410295362,0.3629335282084405,0.09999999999999964,0,0.0
M5_UNEQUAL_WIDTH,3.21666666666666,192,O51,27,C0,-0.9509493596874466,-0.9509493596874466,0.9509493596874466,0.8334559319129837,0.8366310927336977,0.1788292455300454,1.1999999999999957,0,0.3021568966092453
M5_UNEQUAL_WIDTH,3.21666666666666,192,O51,27,C1,0.9998514305284831,0.9998514305284831,0.9998514305284831,0.01224399517960941,0.016239996533608587,0.012128801246401536,1.1999999999999957,0,0.98808522155742
M5_UNEQUAL_WIDTH,3.21666666666666,192,O51,27,C2,0.3556811075184878,0.3556811075184878,0.3556811075184878,0.7793891450858423,0.7861494601205963,0.13609846691399208,0.7999999999999972,0,0.23250862613192735
M5_UNEQUAL_WIDTH,3.21666666666666,192,O51,27,C3,-0.0033271096553129376,-0.0033271096553129376,0.0033271096553129376,0.7229110065353138,0.7236207860802097,0.0011540866325689641,0.09999999999999964,0,0.288124597207432
M5_UNEQUAL_WIDTH,3.3166666666666598,198,O52,1,C0,0.9834170673507164,0.9834170673507164,0.9834170673507164,0.14585322612657686,0.14754265679683365,0.15672858265373163,1.2999999999999954,0,0.8920453363993643
M5_UNEQUAL_WIDTH,3.3166666666666598,198,O52,1,C1,-0.9934062166475925,-0.9934062166475925,0.9934062166475925,0.9479447350169917,0.9627317431426705,0.3234290269373755,1.2999999999999954,0,0.29836961650787985
M5_UNEQUAL_WIDTH,3.3166666666666598,198,O52,1,C2,-0.2294421183994231,-0.2294421183994231,0.2294421183994231,0.7311901245373852,0.7372064026352052,0.47165629509776913,0.8999999999999968,0,0.458802619463232
M5_UNEQUAL_WIDTH,3.3166666666666598,198,O52,1,C3,-0.12845522518146119,-0.12845522518146119,0.12845522518146119,0.7938926517963181,0.7943030282106297,0.336711914816346,0.1999999999999993,0,0.41239274278848925
M5_UNEQUAL_WIDTH,3.3166666666666598,198,O53,2,C0,0.9999881927909215,0.9999881927909215,0.9999881927909215,0.00640420843478743,0.0074012306514123416,0.00641301068769231,1.2999999999999954,0,0.994637829646691
M5_UNEQUAL_WIDTH,3.3166666666666598,198,O53,2,C1,-0.954705642176016,-0.954705642176016,0.954705642176016,0.8373618905367044,0.8399190191493595,0.16028743359595157,1.2999999999999954,0,0.2951015012497952
M5_UNEQUAL_WIDTH,3.3166666666666598,198,O53,2,C2,-0.04426294518777149,-0.04426294518777149,0.04426294518777149,0.7483646336207558,0.8568043433671636,0.30851470175634516,0.8999999999999968,0,0.37002016366077417
M5_UNEQUAL_WIDTH,3.3166666666666598,198,O53,2,C3,-0.310803423197294,-0.310803423197294,0.310803423197294,0.6532733246766258,0.6536358923320644,0.17357032147492207,0.1999999999999993,0,0.45006885189991375
M5_UNEQUAL_WIDTH,3.3166666666666598,198,O54,5,C0,-0.30774567269744235,-0.30774567269744235,0.30774567269744235,0.6463620983259949,0.6549287775907727,0.1794905464327798,1.2999999999999954,0,0.45880842005085776
M5_UNEQUAL_WIDTH,3.3166666666666598,198,O54,5,C1,0.015554266607878037,0.015554266607878037,0.015554266607878037,0.7158971793314737,0.7290912106232865,0.012790102149135948,1.2999999999999954,0,0.3033518754068437
M5_UNEQUAL_WIDTH,3.3166666666666598,198,O54,5,C2,-0.9352046782342278,-0.9352046782342278,0.9352046782342278,1.1830553901608059,1.1859411851810369,0.13543716601125766,0.8999999999999968,0,0.0
M5_UNEQUAL_WIDTH,3.3166666666666598,198,O54,5,C3,0.9999986485046957,0.9999986485046957,0.9999986485046957,0.004659446315898212,0.0046611400479565565,0.0004927857298345508,0.1999999999999993,0,0.9954086926130039
M5_UNEQUAL_WIDTH,3.3166666666666598,198,O55,13,C0,-0.009922001301019667,-0.009922001301019667,0.009922001301019667,0.7626854934997492,0.8809392192147992,0.3052716778674639,1.2999999999999954,0,0.3614121739185824
M5_UNEQUAL_WIDTH,3.3166666666666598,198,O55,13,C1,0.30238145322204124,0.30238145322204124,0.30238145322204124,0.8172256982790363,0.8185199199023602,0.13857123358382004,1.2999999999999954,0,0.20474787928753935
M5_UNEQUAL_WIDTH,3.3166666666666598,198,O55,13,C2,0.9992312014407412,0.9992312014407412,0.9992312014407412,0.025796864926607214,0.031162816711058323,0.009656034576573566,0.8999999999999968,0,0.9709841035061836
M5_UNEQUAL_WIDTH,3.3166666666666598,198,O55,13,C3,-0.9488885382076513,-0.9488885382076513,0.9488885382076513,1.2066031535719144,1.20895573675997,0.12528834570484954,0.1999999999999993,0,0.0
M5_UNEQUAL_WIDTH,3.3166666666666598,198,O56,16,C0,0.20243621558406522,0.20243621558406522,0.20243621558406522,0.7404923255081589,0.7407977930693779,0.5426207852215728,1.2999999999999954,0,0.37999425922425245
M5_UNEQUAL_WIDTH,3.3166666666666598,198,O56,16,C1,0.09328707036179987,0.09328707036179987,0.09328707036179987,0.6769825912324533,0.6779754222594512,0.3759203409379288,1.2999999999999954,0,0.34122012744244146
M5_UNEQUAL_WIDTH,3.3166666666666598,198,O56,16,C2,0.9681703838508762,0.9681703838508762,0.9681703838508762,0.11810155249086182,0.15076075744301665,0.22769307277753523,0.8999999999999968,0,0.86570268703715
M5_UNEQUAL_WIDTH,3.3166666666666598,198,O56,16,C3,-0.9942452638292277,-0.9942452638292277,0.9942452638292277,1.113671197524175,1.127345724252588,0.36263745305895834,0.1999999999999993,0,0.0
M5_UNEQUAL_WIDTH,3.3166666666666598,198,O57,20,C0,-0.9526455076273853,-0.9526455076273853,0.9526455076273853,0.8350509789168479,0.8363707705102064,0.1367278061238664,1.2999999999999954,0,0.30082138202639763
M5_UNEQUAL_WIDTH,3.3166666666666598,198,O57,20,C1,0.9999314633470091,0.9999314633470091,0.9999314633470091,0.029623799050111692,0.030017666606945017,0.029972638159777482,1.2999999999999954,0,0.9719896952212811
M5_UNEQUAL_WIDTH,3.3166666666666598,198,O57,20,C2,0.35050728452252977,0.35050728452252977,0.35050728452252977,0.7646938688271002,0.798770117872745,0.17819990632017108,0.8999999999999968,0,0.27695606184636135
M5_UNEQUAL_WIDTH,3.3166666666666598,198,O57,20,C3,0.0022029166255456145,0.0022029166255456145,0.0022029166255456145,0.7380769030986182,0.7385531823574366,0.04325552603874798,0.1999999999999993,0,0.3021233039370307
M5_UNEQUAL_WIDTH,3.4166666666666594,204,O58,0,C0,0.9835431660369,0.9835431660369,0.9835431660369,0.14671516231136456,0.14791420775958977,0.15669127484679127,1.399999999999995,0,0.8914043673382962
M5_UNEQUAL_WIDTH,3.4166666666666594,204,O58,0,C1,-0.993326110123662,-0.993326110123662,0.993326110123662,0.9489967647203827,0.96376981487798,0.32339171913043513,1.399999999999995,0,0.297571549966944
M5_UNEQUAL_WIDTH,3.4166666666666594,204,O58,0,C2,-0.22876403012590804,-0.22876403012590804,0.22876403012590804,0.7317434030394426,0.7379036893531545,0.47161898729082874,0.9999999999999964,0,0.45837814887561146
M5_UNEQUAL_WIDTH,3.4166666666666594,204,O58,0,C3,-0.1291460394885648,-0.1291460394885648,0.1291460394885648,0.7946537399216697,0.7947523527816409,0.33667460700940566,0.29999999999999893,0,0.4118131740832469
M5_UNEQUAL_WIDTH,3.4166666666666594,204,O59,1,C0,0.9958434390277614,0.9958434390277614,0.9958434390277614,0.05671338217316977,0.06045510483271874,0.017769093391436792,1.399999999999995,0,0.9525145348372868
M5_UNEQUAL_WIDTH,3.4166666666666594,204,O59,1,C1,-0.9788446574384702,-0.9788446574384702,0.9788446574384702,0.8956906635740054,0.8984733744750809,0.14893135089220708,1.399999999999995,0,0.23872228681085295
M5_UNEQUAL_WIDTH,3.4166666666666594,204,O59,1,C2,-0.13988455023115176,-0.13988455023115176,0.13988455023115176,0.7749675026588998,0.8210975115407014,0.29715861905260066,0.9999999999999964,0,0.34132897415054253
M5_UNEQUAL_WIDTH,3.4166666666666594,204,O59,1,C3,-0.21820112305836847,-0.21820112305836847,0.21820112305836847,0.6918410960697804,0.6919549624458485,0.16221423877117758,0.29999999999999893,0,0.41198091157421257
M5_UNEQUAL_WIDTH,3.4166666666666594,204,O60,2,C0,0.9999851488264319,0.9999851488264319,0.9999851488264319,0.006187754556121368,0.00719092633720958,0.006309571076495705,1.399999999999995,0,0.994819063999517
M5_UNEQUAL_WIDTH,3.4166666666666594,204,O60,2,C1,-0.9545297650531667,-0.9545297650531667,0.9545297650531667,0.8385167505627623,0.8410710005395782,0.16039087320714818,1.399999999999995,0,0.2941907893660328
M5_UNEQUAL_WIDTH,3.4166666666666594,204,O60,2,C2,-0.04367299518504325,-0.04367299518504325,0.04367299518504325,0.7487850776725136,0.8568754400489379,0.3086181413675418,0.9999999999999964,0,0.36972111260528384
M5_UNEQUAL_WIDTH,3.4166666666666594,204,O60,2,C3,-0.3113646440332699,-0.3113646440332699,0.3113646440332699,0.6540767600567803,0.6541506564262837,0.17367376108611868,0.29999999999999893,0,0.4494404537537685
M5_UNEQUAL_WIDTH,3.4166666666666594,204,O61,5,C0,-0.31004961824230004,-0.31004961824230004,0.31004961824230004,0.6447520997033441,0.6539540915000092,0.1775140961645845,1.399999999999995,0,0.46015645345282385
M5_UNEQUAL_WIDTH,3.4166666666666594,204,O61,5,C1,0.017976339286172427,0.017976339286172427,0.017976339286172427,0.7151595303852398,0.7309241639898827,0.010813651880940628,1.399999999999995,0,0.304069690436485
M5_UNEQUAL_WIDTH,3.4166666666666594,204,O61,5,C2,-0.9343441399690309,-0.9343441399690309,0.9343441399690309,1.1815341557106827,1.1844802392910028,0.13741361627945298,0.9999999999999964,0,0.0
M5_UNEQUAL_WIDTH,3.4166666666666594,204,O61,5,C3,0.999991731835426,0.999991731835426,0.999991731835426,0.006185049473658623,0.006309155508032952,0.002469235998029871,0.29999999999999893,0,0.9939172460585138
M5_UNEQUAL_WIDTH,3.4166666666666594,204,O62,9,C0,-0.03810049066700594,-0.03810049066700594,0.03810049066700594,0.7514303359161197,0.8715852827254315,0.2959284649869386,1.399999999999995,0,0.37083598841982945
M5_UNEQUAL_WIDTH,3.4166666666666594,204,O62,9,C1,0.32912578345083127,0.32912578345083127,0.32912578345083127,0.8060816664181881,0.806100655530386,0.1292280207032947,1.399999999999995,0,0.2155922702425589
M5_UNEQUAL_WIDTH,3.4166666666666594,204,O62,9,C2,0.9999392013968211,0.9999392013968211,0.9999392013968211,0.017712008922066605,0.018760818275366686,0.018999247457098904,0.9999999999999964,0,0.9802850055401772
M5_UNEQUAL_WIDTH,3.4166666666666594,204,O62,9,C3,-0.9396164654742912,-0.9396164654742912,0.9396164654742912,1.1933667385033826,1.195668175810376,0.1159451328243242,0.29999999999999893,0,0.0
M5_UNEQUAL_WIDTH,3.4166666666666594,204,O63,13,C0,0.15945345997668647,0.15945345997668647,0.15945345997668647,0.6995660203626239,0.7841261797985604,0.4236508994868969,1.399999999999995,0,0.41426138565471005
M5_UNEQUAL_WIDTH,3.4166666666666594,204,O63,13,C1,0.1367015251646843,0.1367015251646843,0.1367015251646843,0.7031988030030544,0.7032340086209533,0.256950455203253,1.399999999999995,0,0.31570881759068137
M5_UNEQUAL_WIDTH,3.4166666666666594,204,O63,13,C2,0.9781820221685278,0.9781820221685278,0.9781820221685278,0.09216255091521759,0.10195464046291364,0.1087231870428594,0.9999999999999964,0,0.8951988125247273
M5_UNEQUAL_WIDTH,3.4166666666666594,204,O63,13,C3,-0.9886148678703585,-0.9886148678703585,0.9886148678703585,1.1019744582572026,1.1083586069678655,0.2436675673242825,0.29999999999999893,0,0.0
M5_UNEQUAL_WIDTH,3.4166666666666594,204,O64,16,C0,0.16245780968899,0.16245780968899,0.16245780968899,0.7307024990052591,0.7308620013030511,0.5384359353691922,1.399999999999995,0,0.3881911687990155
M5_UNEQUAL_WIDTH,3.4166666666666594,204,O64,16,C1,0.13368543281334422,0.13368543281334422,0.13368543281334422,0.6656190932682328,0.665621049176521,0.3717354910855484,1.399999999999995,0,0.352278083492757
M5_UNEQUAL_WIDTH,3.4166666666666594,204,O64,16,C2,0.9775450927405619,0.9775450927405619,0.9775450927405619,0.12771077783987192,0.1377325689711501,0.22350822292515476,0.9999999999999964,0,0.8547757083750667
M5_UNEQUAL_WIDTH,3.4166666666666594,204,O64,16,C3,-0.9890683177154843,-0.9890683177154843,0.9890683177154843,1.100559701744617,1.1139864234718342,0.3584526032065779,0.29999999999999893,0,0.0
M5_UNEQUAL_WIDTH,3.4166666666666594,204,O65,20,C0,-0.952515184329692,-0.952515184329692,0.952515184329692,0.8357737814006402,0.838271408898948,0.1662158118941455,1.399999999999995,0,0.30021618778742876
M5_UNEQUAL_WIDTH,3.4166666666666594,204,O65,20,C1,0.9999263573693367,0.9999263573693367,0.9999263573693367,0.017784265756500085,0.01879781142449348,0.00048463238949837873,1.399999999999995,0,0.98270207559246
M5_UNEQUAL_WIDTH,3.4166666666666594,204,O65,20,C2,0.3509083721834747,0.3509083721834747,0.3509083721834747,0.7749700647129274,0.785006711222958,0.14871190054989197,0.9999999999999964,0,0.24622282521779204
M5_UNEQUAL_WIDTH,3.4166666666666594,204,O65,20,C3,0.001774626903702281,0.001774626903702281,0.001774626903702281,0.7296425109281854,0.7303895540429112,0.013767520268468877,0.29999999999999893,0,0.2903108190479895
M5_UNEQUAL_WIDTH,3.516666666666659,210,O66,1,C0,0.9835031409388253,0.9835031409388253,0.9835031409388253,0.14555606943657015,0.14723562123360967,0.15670328802904232,1.4999999999999947,0,0.8922632627187422
M5_UNEQUAL_WIDTH,3.516666666666659,210,O66,1,C1,-0.9933516219325057,-0.9933516219325057,0.9933516219325057,0.9476075959458629,0.962400408560024,0.3234037323126862,1.4999999999999947,0,0.2986060216840837
M5_UNEQUAL_WIDTH,3.516666666666659,210,O66,1,C2,-0.228979553005436,-0.228979553005436,0.228979553005436,0.7310406037878387,0.7368970266032757,0.4716310004730798,1.099999999999996,0,0.45890315823247674
M5_UNEQUAL_WIDTH,3.516666666666659,210,O66,1,C3,-0.12892649083384256,-0.12892649083384256,0.12892649083384256,0.7936237931340542,0.7940308504335654,0.3366866201916567,0.3999999999999986,0,0.41258074340693307
M5_UNEQUAL_WIDTH,3.516666666666659,210,O67,2,C0,0.9999901911039124,0.9999901911039124,0.9999901911039124,0.006267285406439334,0.007136437487187891,0.006489233060181713,1.4999999999999947,0,0.9947524737296827
M5_UNEQUAL_WIDTH,3.516666666666659,210,O67,2,C1,-0.9548335815554768,-0.9548335815554768,0.9548335815554768,0.8376096306361809,0.8401668654267359,0.16021121122346216,1.4999999999999947,0,0.29484770563338447
M5_UNEQUAL_WIDTH,3.516666666666659,210,O67,2,C2,-0.04469278970649257,-0.04469278970649257,0.04469278970649257,0.7485231155903586,0.856655160586901,0.30843847938385577,1.099999999999996,0,0.36984631857193784
M5_UNEQUAL_WIDTH,3.516666666666659,210,O67,2,C3,-0.3103944335856633,-0.3103944335856633,0.3103944335856633,0.6533797297378842,0.6537402517050821,0.17349409910243266,0.3999999999999986,0,0.4499439850430408
M5_UNEQUAL_WIDTH,3.516666666666659,210,O68,5,C0,-0.3067884343266465,-0.3067884343266465,0.3067884343266465,0.6474023598270071,0.6559071876215506,0.177337024441861,1.4999999999999947,0,0.4579374210137064
M5_UNEQUAL_WIDTH,3.516666666666659,210,O68,5,C1,0.014548480052254564,0.014548480052254564,0.014548480052254564,0.7155238456839921,0.7288535223410866,0.010636580158217123,1.4999999999999947,0,0.30371517085327704
M5_UNEQUAL_WIDTH,3.516666666666659,210,O68,5,C2,-0.9355604020898766,-0.9355604020898766,0.9355604020898766,1.1835309386860995,1.1865054831376807,0.1375906880021765,1.099999999999996,0,0.0
M5_UNEQUAL_WIDTH,3.516666666666659,210,O68,5,C3,0.9999997963650179,0.9999997963650179,0.9999997963650179,0.004402037851554016,0.004538172004425635,0.0026463077207533763,0.3999999999999986,0,0.9956715219380412
M5_UNEQUAL_WIDTH,3.516666666666659,210,O69,13,C0,-0.041919520186504494,-0.041919520186504494,0.041919520186504494,0.7501191162020936,0.8697695390901494,0.29599645467701086,1.4999999999999947,0,0.37193385766453313
M5_UNEQUAL_WIDTH,3.516666666666659,210,O69,13,C1,0.3327325192441072,0.3327325192441072,0.3327325192441072,0.8041214143581292,0.8041280425136493,0.129296010393367,1.4999999999999947,0,0.21749981501406523
M5_UNEQUAL_WIDTH,3.516666666666659,210,O69,13,C2,0.9999740435528067,0.9999740435528067,0.9999740435528067,0.01648850463222369,0.016829617721442064,0.018931257767026602,1.099999999999996,0,0.9816454823616416
M5_UNEQUAL_WIDTH,3.516666666666659,210,O69,13,C3,-0.9383015735362561,-0.9383015735362561,0.9383015735362561,1.19146402081236,1.19379563967365,0.11601312251439651,0.3999999999999986,0,0.0
M5_UNEQUAL_WIDTH,3.516666666666659,210,O70,16,C0,0.1573893517909591,0.1573893517909591,0.1573893517909591,0.7294478267896357,0.7296703553437276,0.5382605017142605,1.4999999999999947,0,0.3892416914711371
M5_UNEQUAL_WIDTH,3.516666666666659,210,O70,16,C1,0.13877210823086045,0.13877210823086045,0.13877210823086045,0.6639305087652397,0.6639582921276075,0.37156005743061665,1.4999999999999947,0,0.35392126530879053
M5_UNEQUAL_WIDTH,3.516666666666659,210,O70,16,C2,0.9786141868732028,0.9786141868732028,0.9786141868732028,0.1292327163352473,0.1365877517050674,0.22333278927022307,1.099999999999996,0,0.8530450600803337
M5_UNEQUAL_WIDTH,3.516666666666659,210,O70,16,C3,-0.9882981530828229,-0.9882981530828229,0.9882981530828229,1.0987336315476979,1.1121620586109433,0.3582771695516462,0.3999999999999986,0,0.0
M5_UNEQUAL_WIDTH,3.516666666666659,210,O71,20,C0,-0.9520028208858216,-0.9520028208858216,0.9520028208858216,0.836774692104738,0.8393224679220395,0.16588174095494626,1.4999999999999947,0,0.29937813672171554
M5_UNEQUAL_WIDTH,3.516666666666659,210,O71,20,C1,0.9999045817063464,0.9999045817063464,0.9999045817063464,0.013979183554307252,0.015608346426844983,0.0008187033286976062,1.4999999999999947,0,0.9864075179501289
M5_UNEQUAL_WIDTH,3.516666666666659,210,O71,20,C2,0.35247943797068837,0.35247943797068837,0.35247943797068837,0.7785672353246917,0.7857918449718865,0.1490459714890912,1.099999999999996,0,0.24297001111284966
M5_UNEQUAL_WIDTH,3.516666666666659,210,O71,20,C3,9.634476454414842e-05,9.634476454414842e-05,9.634476454414842e-05,0.7275555762239291,0.7275913671238469,0.014101591207668105,0.3999999999999986,0,0.2925705516571233
M5_UNEQUAL_WIDTH,3.6166666666666587,216,O72,0,C0,0.9807710626714746,0.9807710626714746,0.9807710626714746,0.15227812602385743,0.15368680462563733,0.159905969387107,1.5999999999999943,0,0.8875543318600391
M5_UNEQUAL_WIDTH,3.6166666666666587,216,O72,0,C1,-0.9949193995427255,-0.9949193995427255,0.9949193995427255,0.9572971068998616,0.9720970667595019,0.32660641367075083,1.5999999999999943,0,0.29310981422937976
M5_UNEQUAL_WIDTH,3.6166666666666587,216,O72,0,C2,-0.24309887315036643,-0.24309887315036643,0.24309887315036643,0.7379219654525934,0.7476679530662528,0.47483368183114444,1.1999999999999957,0,0.45510146068208035
M5_UNEQUAL_WIDTH,3.6166666666666587,216,O72,0,C3,-0.11450462011440682,-0.11450462011440682,0.11450462011440682,0.7990655227853927,0.7992162026746671,0.33988930154972136,0.4999999999999982,0,0.4099516526547379
M5_UNEQUAL_WIDTH,3.6166666666666587,216,O73,1,C0,0.9951136255249176,0.9951136255249176,0.9951136255249176,0.059307151554316775,0.06265563823261995,0.016327805894908648,1.5999999999999943,0,0.9503428014496977
M5_UNEQUAL_WIDTH,3.6166666666666587,216,O73,1,C1,-0.980389027747745,-0.980389027747745,0.980389027747745,0.8985945923164803,0.901454868709032,0.1503726383887352,1.5999999999999943,0,0.23718858292459855
M5_UNEQUAL_WIDTH,3.6166666666666587,216,O73,1,C2,-0.14749431335348745,-0.14749431335348745,0.14749431335348745,0.7778336544692019,0.8205125987750964,0.2985999065491288,1.1999999999999957,0,0.3397017995790267
M5_UNEQUAL_WIDTH,3.6166666666666587,216,O73,1,C3,-0.21069045631518102,-0.21069045631518102,0.21069045631518102,0.6924556245851604,0.6926137537359965,0.16365552626770571,0.4999999999999982,0,0.41217868350402376
M5_UNEQUAL_WIDTH,3.6166666666666587,216,O74,2,C0,0.9999894149224772,0.9999894149224772,0.9999894149224772,0.006015727644022983,0.006709257414912023,0.0023540580723795707,1.5999999999999943,0,0.9949631001622089
M5_UNEQUAL_WIDTH,3.6166666666666587,216,O74,2,C1,-0.9547824869834054,-0.9547824869834054,0.9547824869834054,0.8370673733611811,0.8397784056704599,0.1643463862112643,1.5999999999999943,0,0.2977489230293673
M5_UNEQUAL_WIDTH,3.6166666666666587,216,O74,2,C2,-0.044521054394364074,-0.044521054394364074,0.044521054394364074,0.7487274606704454,0.8575144555996213,0.3125736543716579,1.1999999999999957,0,0.3718609966817624
M5_UNEQUAL_WIDTH,3.6166666666666587,216,O74,2,C3,-0.31055784459683156,-0.31055784459683156,0.31055784459683156,0.6526162937040172,0.6527470737670014,0.1776292740902348,0.4999999999999982,0,0.45249270287293875
M5_UNEQUAL_WIDTH,3.6166666666666587,216,O75,5,C0,-0.3090346086556388,-0.3090346086556388,0.3090346086556388,0.6486913220150894,0.6548968149084081,0.17628117171247432,1.5999999999999943,0,0.45685818774048437
M5_UNEQUAL_WIDTH,3.6166666666666587,216,O75,5,C1,0.016909065747243573,0.016909065747243573,0.016909065747243573,0.7162492386412184,0.7299132850569643,0.009580727428830437,1.5999999999999943,0,0.30300928227341606
M5_UNEQUAL_WIDTH,3.6166666666666587,216,O75,5,C2,-0.9347240119270485,-0.9347240119270485,0.9347240119270485,1.1848275371122126,1.187833545828596,0.13864654073156318,1.1999999999999957,0,0.0
M5_UNEQUAL_WIDTH,3.6166666666666587,216,O75,5,C3,0.9999955028368149,0.9999955028368149,0.9999955028368149,0.003391707053462853,0.0034753648539810876,0.0037021604501400623,0.4999999999999982,0,0.9966684285772884
M5_UNEQUAL_WIDTH,3.6166666666666587,216,O76,9,C0,-0.03828970048063224,-0.03828970048063224,0.03828970048063224,0.7458034278267109,0.8771723362310675,0.27718579517987796,1.5999999999999943,0,0.3755473340990123
M5_UNEQUAL_WIDTH,3.6166666666666587,216,O76,9,C1,0.32930457621419007,0.32930457621419007,0.32930457621419007,0.81055974189573,0.8105795256769313,0.11048535089623408,1.5999999999999943,0,0.2112346013296441
M5_UNEQUAL_WIDTH,3.6166666666666587,216,O76,9,C2,0.9999412714012884,0.9999412714012884,0.9999412714012884,0.026443151565746444,0.02674204370775026,0.03774191726415953,1.1999999999999957,0,0.9711679897120846
M5_UNEQUAL_WIDTH,3.6166666666666587,216,O76,9,C3,-0.9395516482027221,-0.9395516482027221,0.9395516482027221,1.1921135761766182,1.1939596323425241,0.09720246301726358,0.4999999999999982,0,0.0
M5_UNEQUAL_WIDTH,3.6166666666666587,216,O77,13,C0,0.1553250636654228,0.1553250636654228,0.1553250636654228,0.6956865411397875,0.78614116983805,0.41640050630319303,1.5999999999999943,0,0.4175096291631465
M5_UNEQUAL_WIDTH,3.6166666666666587,216,O77,13,C1,0.1408415758300439,0.1408415758300439,0.1408415758300439,0.7039104244493534,0.7039211667178815,0.24970006201954914,1.5999999999999943,0,0.3150163302331429
M5_UNEQUAL_WIDTH,3.6166666666666587,216,O77,13,C2,0.979041970108778,0.979041970108778,0.979041970108778,0.09286499446532301,0.09958668941659399,0.10147279385915553,1.1999999999999957,0,0.894400039948943
M5_UNEQUAL_WIDTH,3.6166666666666587,216,O77,13,C3,-0.9879771986951821,-0.9879771986951821,0.9879771986951821,1.0997964178995845,1.105842338307938,0.23641717414057864,0.4999999999999982,0,0.0
M5_UNEQUAL_WIDTH,3.6166666666666587,216,O78,16,C0,0.15447985130491548,0.15447985130491548,0.15447985130491548,0.730043158858867,0.7301947890203421,0.5397808719822953,1.5999999999999943,0,0.3887432267499288
M5_UNEQUAL_WIDTH,3.6166666666666587,216,O78,16,C1,0.14168853523611355,0.14168853523611355,0.14168853523611355,0.6642016496319665,0.6642630050342779,0.37308042769865135,1.5999999999999943,0,0.35365741488199864
M5_UNEQUAL_WIDTH,3.6166666666666587,216,O78,16,C2,0.9792158496374678,0.9792158496374678,0.9792158496374678,0.12905782833340798,0.1365885462411188,0.22485315953825777,1.1999999999999957,0,0.8532439312062512
M5_UNEQUAL_WIDTH,3.6166666666666587,216,O78,16,C3,-0.9878445711086073,-0.9878445711086073,0.9878445711086073,1.099286038814781,1.1128225572888482,0.3597975398196809,0.4999999999999982,0,0.0
M5_UNEQUAL_WIDTH,3.6166666666666587,216,O79,20,C0,-0.9515933690673818,-0.9515933690673818,0.9515933690673818,0.8369114618167488,0.8394747669197449,0.16609090283108227,1.5999999999999943,0,0.2992636210087367
M5_UNEQUAL_WIDTH,3.6166666666666587,216,O79,20,C1,0.9998852502109519,0.9998852502109519,0.9998852502109519,0.013731515836976908,0.01571839702908156,0.0006095414525615879,1.5999999999999943,0,0.9866456185584278
M5_UNEQUAL_WIDTH,3.6166666666666587,216,O79,20,C2,0.3537283648565597,0.3537283648565597,0.3537283648565597,0.7788279297999856,0.7861782307684932,0.1488368096129552,1.1999999999999957,0,0.24256248360495747
M5_UNEQUAL_WIDTH,3.6166666666666587,216,O79,20,C3,-0.0012385717895272708,-0.0012385717895272708,0.0012385717895272708,0.7274797666237031,0.7274816245847386,0.013892429331532088,0.4999999999999982,0,0.29250037578825294
M5_UNEQUAL_WIDTH,3.7166666666666583,222,O80,1,C0,0.9819624655803645,0.9819624655803645,0.9819624655803645,0.15076140541236313,0.15197052877858666,0.15719055554306055,1.699999999999994,0,0.8884506429269348
M5_UNEQUAL_WIDTH,3.7166666666666583,222,O80,1,C1,-0.9942759525621482,-0.9942759525621482,0.9942759525621482,0.9546610065883482,0.9693226454708207,0.32389099982670444,1.699999999999994,0,0.29364003196720856
M5_UNEQUAL_WIDTH,3.7166666666666583,222,O80,1,C2,-0.23707890458581604,-0.23707890458581604,0.23707890458581604,0.7355839844796994,0.7438281975297106,0.47211826798709805,1.2999999999999954,0,0.4557365638936578
M5_UNEQUAL_WIDTH,3.7166666666666583,222,O80,1,C3,-0.12066295500628516,-0.12066295500628516,0.12066295500628516,0.7979954305538121,0.7980637329320914,0.3371738877056749,0.5999999999999979,0,0.4095579237799949
M5_UNEQUAL_WIDTH,3.7166666666666583,222,O81,2,C0,0.9960699497344866,0.9960699497344866,0.9960699497344866,0.055063836821454194,0.05860875525615466,0.017612331708227947,1.699999999999994,0,0.9538956802624359
M5_UNEQUAL_WIDTH,3.7166666666666583,222,O81,2,C1,-0.9783256009502281,-0.9783256009502281,0.9783256009502281,0.8941506384233386,0.8969218343317138,0.14908811257541593,1.699999999999994,0,0.24013244864857908
M5_UNEQUAL_WIDTH,3.7166666666666583,222,O81,2,C2,-0.13738723629936034,-0.13738723629936034,0.13738723629936034,0.7747084156799409,0.8222586689040351,0.29731538073580954,1.2999999999999954,0,0.34163689926781116
M5_UNEQUAL_WIDTH,3.7166666666666583,222,O81,2,C3,-0.22066132950235956,-0.22066132950235956,0.22066132950235956,0.6903226556017465,0.6903991545741545,0.16237100045438643,0.5999999999999979,0,0.41334964891435033
M5_UNEQUAL_WIDTH,3.7166666666666583,222,O82,3,C0,0.9999989907288683,0.9999989907288683,0.9999989907288683,0.008945033559869066,0.008981469771860666,0.00015377440451776656,1.699999999999994,0,0.9925104258781553
M5_UNEQUAL_WIDTH,3.7166666666666583,222,O82,3,C1,-0.9557231924919938,-0.9557231924919938,0.9557231924919938,0.8400697972596926,0.8429574505147738,0.1665466698791261,1.699999999999994,0,0.29652860848848417
M5_UNEQUAL_WIDTH,3.7166666666666583,222,O82,3,C2,-0.047698023887904284,-0.047698023887904284,0.047698023887904284,0.7470236970183698,0.8536440125261228,0.3147739380395197,1.2999999999999954,0,0.3744450742690638
M5_UNEQUAL_WIDTH,3.7166666666666583,222,O82,3,C3,-0.30753317982748973,-0.30753317982748973,0.30753317982748973,0.6573977634655522,0.6574444103574041,0.17982955775809661,0.5999999999999979,0,0.4494975049094535
M5_UNEQUAL_WIDTH,3.7166666666666583,222,O83,6,C0,-0.3102225573138272,-0.3102225573138272,0.3102225573138272,0.6456219732214039,0.6542610653099499,0.17580902009746915,1.699999999999994,0,0.45942811832176655
M5_UNEQUAL_WIDTH,3.7166666666666583,222,O83,6,C1,0.018158218182757563,0.018158218182757563,0.018158218182757563,0.7148917231955114,0.7311180575652195,0.009108575813825277,1.699999999999994,0,0.3043302968222388
M5_UNEQUAL_WIDTH,3.7166666666666583,222,O83,6,C2,-0.9342792973760214,-0.9342792973760214,0.9342792973760214,1.1819588122728473,1.1849730545064294,0.13911869234656832,1.2999999999999954,0,0.0
M5_UNEQUAL_WIDTH,3.7166666666666583,222,O83,6,C3,0.9999909755625331,0.9999909755625331,0.9999909755625331,0.005772868248558533,0.006054793163338272,0.004174312065145223,0.5999999999999979,0,0.994332114490329
M5_UNEQUAL_WIDTH,3.7166666666666583,222,O84,16,C0,-0.03704698619159247,-0.03704698619159247,0.03704698619159247,0.7479088844815683,0.8749101497579451,0.2860535201918911,1.699999999999994,0,0.37378445936284244
M5_UNEQUAL_WIDTH,3.7166666666666583,222,O84,16,C1,0.32813008809227673,0.32813008809227673,0.32813008809227673,0.8096540930910108,0.8096611570586864,0.11935307590824723,1.699999999999994,0,0.21211589903490513
M5_UNEQUAL_WIDTH,3.7166666666666583,222,O84,16,C2,0.9999270205672031,0.9999270205672031,0.9999270205672031,0.023933783818092295,0.024618902708468143,0.028874192252146373,1.2999999999999954,0,0.9736492715471917
M5_UNEQUAL_WIDTH,3.7166666666666583,222,O84,16,C3,-0.9399767381380715,-0.9399767381380715,0.9399767381380715,1.1929971134993786,1.1950560656756677,0.10607018802927673,0.5999999999999979,0,0.0
M5_UNEQUAL_WIDTH,3.7166666666666583,222,O85,20,C0,0.15848255596678937,0.15848255596678937,0.15848255596678937,0.6990932272151917,0.7815483762355131,0.4283141600860911,1.699999999999994,0,0.4146572499405502
M5_UNEQUAL_WIDTH,3.7166666666666583,222,O85,20,C1,0.1376756362827141,0.1376756362827141,0.1376756362827141,0.7019459332738611,0.7019483865033472,0.2616137158024472,1.699999999999994,0,0.3169280001386795
M5_UNEQUAL_WIDTH,3.7166666666666583,222,O85,20,C2,0.9783858521203569,0.9783858521203569,0.9783858521203569,0.09339578790418782,0.10304937408279256,0.11338644764205358,1.2999999999999954,0,0.8937964565829803
M5_UNEQUAL_WIDTH,3.7166666666666583,222,O85,20,C3,-0.9884664181365561,-0.9884664181365561,0.9884664181365561,1.1009320553777295,1.1075717947969477,0.2483308279234767,0.5999999999999979,0,0.0
M5_UNEQUAL_WIDTH,3.7166666666666583,222,O86,23,C0,0.15094983578802895,0.15094983578802895,0.15094983578802895,0.7311609202655828,0.731921090751219,0.5363747189428947,1.699999999999994,0,0.3878073379296013
M5_UNEQUAL_WIDTH,3.7166666666666583,222,O86,23,C1,0.14522350286223337,0.14522350286223337,0.14522350286223337,0.6691464389805595,0.6691830632317793,0.3696742746592508,1.699999999999994,0,0.3488455811080168
M5_UNEQUAL_WIDTH,3.7166666666666583,222,O86,23,C2,0.9799340604462284,0.9799340604462284,0.9799340604462284,0.12414109418515817,0.13443471770488033,0.22144700649885718,1.2999999999999954,0,0.8588349176982681
M5_UNEQUAL_WIDTH,3.7166666666666583,222,O86,23,C3,-0.9872830347311004,-0.9872830347311004,0.9872830347311004,1.1029482329720959,1.1162137046106924,0.35639138678028026,0.5999999999999979,0,0.0
M5_UNEQUAL_WIDTH,3.7166666666666583,222,O87,27,C0,-0.9514730335089798,-0.9514730335089798,0.9514730335089798,0.835777620228203,0.838326559671872,0.16694941301089913,1.699999999999994,0,0.30021297358108945
M5_UNEQUAL_WIDTH,3.7166666666666583,222,O87,27,C1,0.9998792462961459,0.9998792462961459,0.9998792462961459,0.017031996232476917,0.018761559979836955,0.00024896872725526417,1.699999999999994,0,0.9834259603529757
M5_UNEQUAL_WIDTH,3.7166666666666583,222,O87,27,C2,0.35409431766819566,0.35409431766819566,0.35409431766819566,0.7756116694182262,0.7857698707964696,0.14797829943313834,1.2999999999999954,0,0.24506008682493385
M5_UNEQUAL_WIDTH,3.7166666666666583,222,O87,27,C3,-0.001629848024471664,-0.001629848024471664,0.001629848024471664,0.7290655194729531,0.7293937238608167,0.013033919151715236,0.5999999999999979,0,0.29036567953819936
M5_UNEQUAL_WIDTH,3.816666666666658,228,O88,0,C0,0.9803876218040597,0.9803876218040597,0.9803876218040597,0.15517209683824051,0.15524160847976565,0.16290547688960882,1.7999999999999936,0,0.8856705861194787
M5_UNEQUAL_WIDTH,3.816666666666658,228,O88,0,C1,-0.9951143298886369,-0.9951143298886369,0.9951143298886369,0.9621118743558945,0.9770703073924012,0.3296059211732527,1.7999999999999936,0,0.291124571209046
M5_UNEQUAL_WIDTH,3.816666666666658,228,O88,0,C2,-0.24499488605089348,-0.24499488605089348,0.24499488605089348,0.7421535408704811,0.7530352882200897,0.4778331893336463,1.399999999999995,0,0.4531879051326627
M5_UNEQUAL_WIDTH,3.816666666666658,228,O88,0,C3,-0.11256213228246409,-0.11256213228246409,0.11256213228246409,0.801081607110065,0.8025843218944004,0.3428888090522232,0.6999999999999975,0,0.4097702326802025
M5_UNEQUAL_WIDTH,3.816666666666658,228,O89,1,C0,0.9958170223454854,0.9958170223454854,0.9958170223454854,0.058194024546150025,0.05901857069581482,0.012641824031067051,1.7999999999999936,0,0.9512748099412136
M5_UNEQUAL_WIDTH,3.816666666666658,228,O89,1,C1,-0.9789038648332177,-0.9789038648332177,0.9789038648332177,0.8977037694375415,0.9006546503495292,0.15405862025257683,1.7999999999999936,0,0.24032183551262865
M5_UNEQUAL_WIDTH,3.816666666666658,228,O89,1,C2,-0.14017127216855338,-0.14017127216855338,0.14017127216855338,0.7786134035881064,0.8238414398384021,0.30228588841297044,1.399999999999995,0,0.3411015733467616
M5_UNEQUAL_WIDTH,3.816666666666658,228,O89,1,C3,-0.21791851660426145,-0.21791851660426145,0.21791851660426145,0.6906879526013204,0.6921662727233334,0.16734150813154733,0.6999999999999975,0,0.41550812870657317
M5_UNEQUAL_WIDTH,3.816666666666658,228,O90,2,C0,0.9999806056305276,0.9999806056305276,0.9999806056305276,0.0029032936919762345,0.004716086435349968,0.0009753355515498592,1.7999999999999936,0,0.9975691054529863
M5_UNEQUAL_WIDTH,3.816666666666658,228,O90,2,C1,-0.9542975189401154,-0.9542975189401154,0.9542975189401154,0.8396604412699905,0.8423603673692972,0.165725108732094,1.7999999999999936,0,0.2963873356711083
M5_UNEQUAL_WIDTH,3.816666666666658,228,O90,2,C2,-0.04289564646985061,-0.04289564646985061,0.04289564646985061,0.7520456788656403,0.8599334566154088,0.3139523768924876,1.399999999999995,0,0.36980612900693155
M5_UNEQUAL_WIDTH,3.816666666666658,228,O90,2,C3,-0.3121039498053361,-0.3121039498053361,0.3121039498053361,0.652136527588116,0.6537399320021261,0.1790079966110645,0.6999999999999975,0,0.45352728659164776
M5_UNEQUAL_WIDTH,3.816666666666658,228,O91,5,C0,-0.313487548337076,-0.313487548337076,0.313487548337076,0.647091398582705,0.652303058052797,0.17513948845537017,1.7999999999999936,0,0.4581977853010658
M5_UNEQUAL_WIDTH,3.816666666666658,228,O91,5,C1,0.021593903420523336,0.021593903420523336,0.021593903420523336,0.718694013815781,0.7328971458399914,0.008439044171726298,1.7999999999999936,0,0.30063024225261104
M5_UNEQUAL_WIDTH,3.816666666666658,228,O91,5,C2,-0.9330485748112138,-0.9330485748112138,0.9330485748112138,1.1852095264633284,1.1882079869699185,0.1397882239886673,1.399999999999995,0,0.0
M5_UNEQUAL_WIDTH,3.816666666666658,228,O91,5,C3,0.9999704723332109,0.9999704723332109,0.9999704723332109,0.0029279763493383093,0.005279155136835145,0.004843843707244201,0.6999999999999975,0,0.9971271589668388
M5_UNEQUAL_WIDTH,3.816666666666658,228,O92,9,C0,-0.04841462243893993,-0.04841462243893993,0.04841462243893993,0.7389938038460063,0.8742755676063074,0.27339409604381903,1.7999999999999936,0,0.3812489542443174
M5_UNEQUAL_WIDTH,3.816666666666658,228,O92,9,C1,0.33885673089114277,0.33885673089114277,0.33885673089114277,0.8102514721170854,0.8123178668181351,0.10669365176017516,1.7999999999999936,0,0.2115345823455801
M5_UNEQUAL_WIDTH,3.816666666666658,228,O92,9,C2,0.9999997526657342,0.9999997526657342,0.9999997526657342,0.031756636585877726,0.03255577577737888,0.04153361640021845,1.399999999999995,0,0.9655170483515025
M5_UNEQUAL_WIDTH,3.816666666666658,228,O92,9,C3,-0.9360333346333386,-0.9360333346333386,0.9360333346333386,1.1875147974631184,1.189387866927257,0.09341076388120466,0.6999999999999975,0,0.0
M5_UNEQUAL_WIDTH,3.816666666666658,228,O93,13,C0,0.14226846877857405,0.14226846877857405,0.14226846877857405,0.6917433749657481,0.7780525298223567,0.426172384965752,1.7999999999999936,0,0.4208111970262022
M5_UNEQUAL_WIDTH,3.816666666666658,228,O93,13,C1,0.1539009890766676,0.1539009890766676,0.1539009890766676,0.699863655853177,0.7018621644384041,0.2594719406821081,1.7999999999999936,0,0.3189542892509747
M5_UNEQUAL_WIDTH,3.816666666666658,228,O93,13,C2,0.9816455947748424,0.9816455947748424,0.9816455947748424,0.09769507571122864,0.10336192739569114,0.11124467252171451,1.399999999999995,0,0.8889075894346489
M5_UNEQUAL_WIDTH,3.816666666666658,228,O93,13,C3,-0.9858498538738492,-0.9858498538738492,0.9858498538738492,1.094805183876539,1.1014304305247613,0.2461890528031376,0.6999999999999975,0,0.0
M5_UNEQUAL_WIDTH,3.816666666666658,228,O94,16,C0,0.14226940034815638,0.14226940034815638,0.14226940034815638,0.7234908946653776,0.7237500455618919,0.542761340443477,1.7999999999999936,0,0.3942293624938137
M5_UNEQUAL_WIDTH,3.816666666666658,228,O94,16,C1,0.1539000591462681,0.1539000591462681,0.1539000591462681,0.6612677437988638,0.663630167420426,0.3760608961598331,1.7999999999999936,0,0.35651243380842124
M5_UNEQUAL_WIDTH,3.816666666666658,228,O94,16,C2,0.9816454152850523,0.9816454152850523,0.9816454152850523,0.13109726124130136,0.139453944172698,0.22783362799943951,1.399999999999995,0,0.8509248223230781
M5_UNEQUAL_WIDTH,3.816666666666658,228,O94,16,C3,-0.9858500116378867,-0.9858500116378867,0.9858500116378867,1.0932240788705418,1.1071055499202802,0.3627780082808626,0.6999999999999975,0,0.0
M5_UNEQUAL_WIDTH,3.816666666666658,228,O95,20,C0,-0.9506514523312523,-0.9506514523312523,0.9506514523312523,0.8327889281367321,0.8359299519371819,0.1776312987246234,1.7999999999999936,0,0.3027153712296423
M5_UNEQUAL_WIDTH,3.816666666666658,228,O95,20,C1,0.999834393084548,0.999834393084548,0.999834393084548,0.012080273495339865,0.016188521969565627,0.010930854440979536,1.7999999999999936,0,0.9882445410904401
M5_UNEQUAL_WIDTH,3.816666666666658,228,O95,20,C2,0.35657966156344834,0.35657966156344834,0.35657966156344834,0.7795607003831551,0.7871704274119741,0.13729641371941406,1.399999999999995,0,0.23324420050625394
M5_UNEQUAL_WIDTH,3.816666666666658,228,O95,20,C3,-0.004288702832859814,-0.004288702832859814,0.004288702832859814,0.7219729109953648,0.7225718197624272,0.002352033437990963,0.6999999999999975,0,0.2898860649196473
M5_UNEQUAL_WIDTH,3.9166666666666576,234,O96,0,C0,0.9786743049318868,0.9786743049318868,0.9786743049318868,0.16073289082918135,0.16178752231224203,0.15844871541779376,1.8999999999999932,0,0.8811832841252132
M5_UNEQUAL_WIDTH,3.9166666666666576,234,O96,0,C1,-0.9959187786239931,-0.9959187786239931,0.9959187786239931,0.9670332507617447,0.981476211598226,0.32514915970143765,1.8999999999999932,0,0.28515119460310623
M5_UNEQUAL_WIDTH,3.9166666666666576,234,O96,0,C2,-0.2532398436115072,-0.2532398436115072,0.2532398436115072,0.7429517186819592,0.7559335608673331,0.4733764278618312,1.4999999999999947,0,0.4507963938685514
M5_UNEQUAL_WIDTH,3.9166666666666576,234,O96,0,C3,-0.10409887423706111,-0.10409887423706111,0.10409887423706111,0.8063901171303175,0.8063951866583875,0.3384320475804081,0.7999999999999972,0,0.4039015603027156
M5_UNEQUAL_WIDTH,3.9166666666666576,234,O97,1,C0,0.995637385446648,0.995637385446648,0.995637385446648,0.05894077585573824,0.062123145086886496,0.01790285622060004,1.8999999999999932,0,0.9506495636247729
M5_UNEQUAL_WIDTH,3.9166666666666576,234,O97,1,C1,-0.9792995025680056,-0.9792995025680056,0.9792995025680056,0.8980143938055998,0.9007946073560912,0.14879758806304383,1.8999999999999932,0,0.23666048637138515
M5_UNEQUAL_WIDTH,3.9166666666666576,234,O97,1,C2,-0.1420972166963779,-0.1420972166963779,0.1420972166963779,0.776514477225189,0.8210219451089993,0.29702485622343744,1.4999999999999947,0,0.3399391062556065
M5_UNEQUAL_WIDTH,3.9166666666666576,234,O97,1,C3,-0.21601944214351726,-0.21601944214351726,0.21601944214351726,0.693041090463713,0.6930475330226765,0.16208047594201433,0.7999999999999972,0,0.4108940206656222
M5_UNEQUAL_WIDTH,3.9166666666666576,234,O98,2,C0,0.9999943368467245,0.9999943368467245,0.9999943368467245,0.009227622135036003,0.009447584073778267,0.0005905325391713591,1.8999999999999932,0,0.9922776359946086
M5_UNEQUAL_WIDTH,3.9166666666666576,234,O98,2,C1,-0.9551491227027937,-0.9551491227027937,0.9551491227027937,0.83992560972069,0.8428282884266322,0.16729097682281524,1.8999999999999932,0,0.29708746188400537
M5_UNEQUAL_WIDTH,3.9166666666666576,234,O98,2,C2,-0.04575544317624475,-0.04575544317624475,0.04575544317624475,0.7467079470088865,0.8542644381099977,0.31551824498320885,1.4999999999999947,0,0.375098970445798
M5_UNEQUAL_WIDTH,3.9166666666666576,234,O98,2,C3,-0.30938305678490075,-0.30938305678490075,0.30938305678490075,0.6575498058714605,0.6575498905306901,0.18057386470178574,0.7999999999999972,0,0.4497131678881795
M5_UNEQUAL_WIDTH,3.9166666666666576,234,O99,5,C0,-0.3097708966871595,-0.3097708966871595,0.3097708966871595,0.6448721350375918,0.6540676337961383,0.1765729028594052,1.8999999999999932,0,0.4600559492426304
M5_UNEQUAL_WIDTH,3.9166666666666576,234,O99,5,C1,0.01768323109382408,0.01768323109382408,0.01768323109382408,0.7158983911620574,0.7310955041360024,0.00987245857576132,1.8999999999999932,0,0.30335069615998
M5_UNEQUAL_WIDTH,3.9166666666666576,234,O99,5,C2,-0.9344485719898036,-0.9344485719898036,0.9344485719898036,1.1820554419207112,1.185029283356192,0.13835480958463228,1.4999999999999947,0,0.0
M5_UNEQUAL_WIDTH,3.9166666666666576,234,O99,5,C3,0.9999928809740486,0.9999928809740486,0.9999928809740486,0.005724557213004121,0.006037894903355257,0.0034104293032091804,0.7999999999999972,0,0.994375328509728
M5_UNEQUAL_WIDTH,3.9166666666666576,234,O100,9,C0,-0.03784386080407759,-0.03784386080407759,0.03784386080407759,0.7411477592778735,0.8827000349996387,0.26098839805870644,1.8999999999999932,0,0.37944547203777823
M5_UNEQUAL_WIDTH,3.9166666666666576,234,O100,9,C1,0.32888326569281634,0.32888326569281634,0.32888326569281634,0.815441196384877,0.8156161046383608,0.09428795377506256,1.8999999999999932,0,0.20648439946640063
M5_UNEQUAL_WIDTH,3.9166666666666576,234,O100,9,C2,0.9999363365361797,0.9999363365361797,0.9999363365361797,0.035124823638495326,0.03513553548983094,0.05393931438533105,1.4999999999999947,0,0.9623666503123817
M5_UNEQUAL_WIDTH,3.9166666666666576,234,O100,9,C3,-0.9397043241339912,-0.9397043241339912,0.9397043241339912,1.1916866076358203,1.1931810309478736,0.08100506589609206,0.7999999999999972,0,0.0
M5_UNEQUAL_WIDTH,3.9166666666666576,234,O101,13,C0,0.15166479034546743,0.15166479034546743,0.15166479034546743,0.6954393958458907,0.7830356577742832,0.42082558892199967,1.8999999999999932,0,0.41771656108633226
M5_UNEQUAL_WIDTH,3.9166666666666576,234,O101,13,C1,0.14450785065641603,0.14450785065641603,0.14450785065641603,0.7020811117759292,0.7022425979618346,0.2541251446383558,1.8999999999999932,0,0.31679645631832387
M5_UNEQUAL_WIDTH,3.9166666666666576,234,O101,13,C2,0.9797896381882606,0.9797896381882606,0.9797896381882606,0.09448930961320993,0.10022391973149712,0.10589787647796219,1.4999999999999947,0,0.8925529756626125
M5_UNEQUAL_WIDTH,3.9166666666666576,234,O101,13,C3,-0.9873977583027751,-0.9873977583027751,0.9873977583027751,1.0985694799292252,1.1048535561171342,0.2408422567593853,0.7999999999999972,0,0.0
M5_UNEQUAL_WIDTH,3.9166666666666576,234,O102,16,C0,0.1425062355653757,0.1425062355653757,0.1425062355653757,0.7298761850199131,0.7303600967611749,0.5368537093901316,1.8999999999999932,0,0.3888830320323666
M5_UNEQUAL_WIDTH,3.9166666666666576,234,O102,16,C1,0.15366363215826742,0.15366363215826742,0.15366363215826742,0.6666597513785374,0.6669480631148726,0.3701532651064877,1.8999999999999932,0,0.3512654066142654
M5_UNEQUAL_WIDTH,3.9166666666666576,234,O102,16,C2,0.9815997541572696,0.9815997541572696,0.9815997541572696,0.12648483162036772,0.13346641273249546,0.2219259969460941,1.4999999999999947,0,0.8561697737335989
M5_UNEQUAL_WIDTH,3.9166666666666576,234,O102,16,C3,-0.9858900927362636,-0.9858900927362636,0.9858900927362636,1.1006329336229068,1.1139540605897242,0.3568703772275172,0.7999999999999972,0,0.0
M5_UNEQUAL_WIDTH,3.9166666666666576,234,O103,20,C0,-0.9520146720603516,-0.9520146720603516,0.9520146720603516,0.8350074688762754,0.8378051315754457,0.17193342415992435,1.8999999999999932,0,0.30085781248490073
M5_UNEQUAL_WIDTH,3.9166666666666576,234,O103,20,C1,0.9999051158411807,0.9999051158411807,0.9999051158411807,0.014628971054352664,0.016449206432237212,0.005232979876280484,1.8999999999999932,0,0.9857643729519101
M5_UNEQUAL_WIDTH,3.9166666666666576,234,O103,20,C2,0.35244320242945426,0.35244320242945426,0.35244320242945426,0.7774471225494638,0.7840732510470141,0.14299428828411312,1.4999999999999947,0,0.23958464360443976
M5_UNEQUAL_WIDTH,3.9166666666666576,234,O103,20,C3,0.00013506513156832933,0.00013506513156832933,0.00013506513156832933,0.7264965134199353,0.7271911728793163,0.008049908002690015,0.7999999999999972,0,0.2894190625328298
M5_UNEQUAL_WIDTH,4.016666666666658,240,O104,0,C0,0.9769395490472998,0.9769395490472998,0.9769395490472998,0.1628447129639324,0.1645638062175504,0.16088659577496417,1.9999999999999933,0,0.8798387320308125
M5_UNEQUAL_WIDTH,4.016666666666658,240,O104,0,C1,-0.9966320744815291,-0.9966320744815291,0.9966320744815291,0.9699940976720246,0.9845180974892104,0.327587040058608,1.9999999999999933,0,0.28425234950849354
M5_UNEQUAL_WIDTH,4.016666666666658,240,O104,0,C2,-0.26124282388646236,-0.26124282388646236,0.26124282388646236,0.7451945014333284,0.7600388407058729,0.4758143082190016,1.5999999999999948,0,0.4501294236323916
M5_UNEQUAL_WIDTH,4.016666666666658,240,O104,0,C3,-0.09585868260451863,-0.09585868260451863,0.09585868260451863,0.8079956150394274,0.8082613630940928,0.34086992793757853,0.8999999999999972,0,0.4037891937075968
M5_UNEQUAL_WIDTH,4.016666666666658,240,O105,1,C0,0.9954574190600268,0.9954574190600268,0.9954574190600268,0.057271244110772175,0.06096667113602997,0.016342540063703496,1.9999999999999933,0,0.9520474434280187
M5_UNEQUAL_WIDTH,4.016666666666658,240,O105,1,C1,-0.979684192806512,-0.979684192806512,0.979684192806512,0.8964431037463207,0.899294284685796,0.15035790421994039,1.9999999999999933,0,0.23900544999990947
M5_UNEQUAL_WIDTH,4.016666666666658,240,O105,1,C2,-0.14398688932661766,-0.14398688932661766,0.14398688932661766,0.7762072311086852,0.820793332834399,0.298585172380334,1.5999999999999948,0,0.34107421868066934
M5_UNEQUAL_WIDTH,4.016666666666658,240,O105,1,C3,-0.21415482298103616,-0.21415482298103616,0.21415482298103616,0.6915263859446624,0.6917951405588514,0.16364079209891086,0.8999999999999972,0,0.4129601659202823
M5_UNEQUAL_WIDTH,4.016666666666658,240,O106,2,C0,0.9999999789140002,0.9999999789140002,0.9999999789140002,0.006875641606841676,0.006875652733552936,0.0018584576904494554,1.9999999999999933,0,0.9942431040526544
M5_UNEQUAL_WIDTH,4.016666666666658,240,O106,2,C1,-0.9560801376829606,-0.9560801376829606,0.9560801376829606,0.8394695390109064,0.8422671110972075,0.1648419865931944,1.9999999999999933,0,0.2960263432778475
M5_UNEQUAL_WIDTH,4.016666666666658,240,O106,2,C2,-0.04891200101117377,-0.04891200101117377,0.04891200101117377,0.7485249694714787,0.8545858916224696,0.31306925475358804,1.5999999999999948,0,0.37229186358859834
M5_UNEQUAL_WIDTH,4.016666666666658,240,O106,2,C3,-0.3063764582587679,-0.3063764582587679,0.3063764582587679,0.6553253896769123,0.6555510738786282,0.1781248744721649,0.8999999999999972,0,0.4504484207285431
M5_UNEQUAL_WIDTH,4.016666666666658,240,O107,6,C0,-0.3088838629131729,-0.3088838629131729,0.3088838629131729,0.6486586706713802,0.6555585658840825,0.1742989868628692,1.9999999999999933,0,0.4568855263365055
M5_UNEQUAL_WIDTH,4.016666666666658,240,O107,6,C1,0.016750587869487465,0.016750587869487465,0.016750587869487465,0.7149441902727592,0.7303276883333761,0.007598542579225341,1.9999999999999933,0,0.30427924048059807
M5_UNEQUAL_WIDTH,4.016666666666658,240,O107,6,C2,-0.934780327156824,-0.934780327156824,0.934780327156824,1.1840277981837803,1.1871185393117956,0.14062872558116826,1.5999999999999948,0,0.0
M5_UNEQUAL_WIDTH,4.016666666666658,240,O107,6,C3,0.9999959656262358,0.9999959656262358,0.9999959656262358,0.004663510630589855,0.004866038247894544,0.005684345299745158,0.8999999999999972,0,0.9954280760471204
M5_UNEQUAL_WIDTH,4.016666666666658,240,O108,10,C0,-0.04286952957694559,-0.04286952957694559,0.04286952957694559,0.73641216632347,0.8830720652280545,0.25513739213395986,1.9999999999999933,0,0.38341052976567913
M5_UNEQUAL_WIDTH,4.016666666666658,240,O108,10,C1,0.3336290539299278,0.3336290539299278,0.3336290539299278,0.8177614328342728,0.8192409459079281,0.08843694785031599,1.9999999999999933,0,0.2042265495715404
M5_UNEQUAL_WIDTH,4.016666666666658,240,O108,10,C2,0.9999804424822938,0.9999804424822938,0.9999804424822938,0.04135846873866117,0.04178778427404005,0.059790320310077624,1.5999999999999948,0,0.9559638708160787
M5_UNEQUAL_WIDTH,4.016666666666658,240,O108,10,C3,-0.9379723233215246,-0.9379723233215246,0.9379723233215246,1.1898291066731042,1.1912657303167344,0.07515405997134549,0.8999999999999972,0,0.0
M5_UNEQUAL_WIDTH,4.016666666666658,240,O109,15,C0,0.14439387251184646,0.14439387251184646,0.14439387251184646,0.6924125770923035,0.7794749301465339,0.4251470858929353,1.9999999999999933,0,0.42025088175228087
M5_UNEQUAL_WIDTH,4.016666666666658,240,O109,15,C1,0.15177864308389635,0.15177864308389635,0.15177864308389635,0.7013031820201758,0.7027618932376557,0.2584466416092915,1.9999999999999933,0,0.317553469086438
M5_UNEQUAL_WIDTH,4.016666666666658,240,O109,15,C2,0.9812337575637561,0.9812337575637561,0.9812337575637561,0.096249919169009,0.10254227640256622,0.11021937344889784,1.5999999999999948,0,0.8905509263454469
M5_UNEQUAL_WIDTH,4.016666666666658,240,O109,15,C3,-0.9862075803396281,-0.9862075803396281,0.9862075803396281,1.096091161795382,1.102652590534122,0.24516375373032095,0.8999999999999972,0,0.0
M5_UNEQUAL_WIDTH,4.016666666666658,240,O110,19,C0,0.13925992169293785,0.13925992169293785,0.13925992169293785,0.7248484966821553,0.7253839117440569,0.5392230694058102,1.9999999999999933,0,0.3930926578783901
M5_UNEQUAL_WIDTH,4.016666666666658,240,O110,19,C1,0.15690287561486987,0.15690287561486987,0.15690287561486987,0.6649269952150659,0.6667128144960159,0.3725226251221664,1.9999999999999933,0,0.3529515724024682
M5_UNEQUAL_WIDTH,4.016666666666658,240,O110,19,C2,0.9822206049337158,0.9822206049337158,0.9822206049337158,0.1275103855306408,0.1363348351906367,0.22429535696177277,1.5999999999999948,0,0.8550035813208541
M5_UNEQUAL_WIDTH,4.016666666666658,240,O110,19,C3,-0.9853359056499762,-0.9853359056499762,0.9853359056499762,1.096294370160098,1.1098855336190312,0.35923973724319586,0.8999999999999972,0,0.0
M5_UNEQUAL_WIDTH,4.016666666666658,240,O111,26,C0,-0.9491802324425895,-0.9491802324425895,0.9491802324425895,0.8352694330955595,0.8382459109349772,0.17383848769986154,1.9999999999999933,0,0.3006384728452597
M5_UNEQUAL_WIDTH,4.016666666666658,240,O111,26,C1,0.9997376353150416,0.9997376353150416,0.9997376353150416,0.011085277401297947,0.0165094715374887,0.007138043416217684,1.9999999999999933,0,0.9892127837136883
M5_UNEQUAL_WIDTH,4.016666666666658,240,O111,26,C2,0.36097415744928446,0.36097415744928446,0.36097415744928446,0.7806727749188935,0.7888145248949466,0.14108922474417593,1.5999999999999948,0,0.23500421793416082
M5_UNEQUAL_WIDTH,4.016666666666658,240,O111,26,C3,-0.008996535333509165,-0.008996535333509165,0.008996535333509165,0.7238719597778817,0.7238960976602165,0.006144844462752816,0.8999999999999972,0,0.2906643938706024
M5_UNEQUAL_WIDTH,4.116666666666657,246,O112,0,C0,0.9759382036154511,0.9759382036154511,0.9759382036154511,0.1669201769576002,0.16869548192233316,0.15968661643494353,2.099999999999993,0,0.8767223369933337
M5_UNEQUAL_WIDTH,4.116666666666657,246,O112,0,C1,-0.9970018807778753,-0.9970018807778753,0.9970018807778753,0.9741660135669079,0.9884842828494891,0.3263870607185874,2.099999999999993,0,0.28053689061476406
M5_UNEQUAL_WIDTH,4.116666666666657,246,O112,0,C2,-0.26571938378182336,-0.26571938378182336,0.26571938378182336,0.7468375487783944,0.7631715555009004,0.47461432887898103,1.6999999999999944,0,0.4484286481291343
M5_UNEQUAL_WIDTH,4.116666666666657,246,O112,0,C3,-0.09123849659094134,-0.09123849659094134,0.09123849659094134,0.8116598712604871,0.8118981062275594,0.3396699485975579,0.9999999999999969,0,0.40055460095335926
M5_UNEQUAL_WIDTH,4.116666666666657,246,O113,1,C0,0.9957515744624716,0.9957515744624716,0.9957515744624716,0.05662781770728685,0.060720432301128856,0.01855195873508261,2.099999999999993,0,0.9525861769843103
M5_UNEQUAL_WIDTH,4.116666666666657,246,O113,1,C1,-0.9790494033517951,-0.9790494033517951,0.9790494033517951,0.8956574866147065,0.8984127046655205,0.14814848554856125,2.099999999999993,0,0.23824362477728567
M5_UNEQUAL_WIDTH,4.116666666666657,246,O113,1,C2,-0.14087771364382423,-0.14087771364382423,0.14087771364382423,0.7751791656291797,0.8210325957590572,0.29637575370895486,1.6999999999999944,0,0.3407103941153433
M5_UNEQUAL_WIDTH,4.116666666666657,246,O113,1,C3,-0.2172220876579176,-0.2172220876579176,0.2172220876579176,0.6916018641887325,0.6918402104340369,0.16143137342753175,0.9999999999999969,0,0.4117928593965817
M5_UNEQUAL_WIDTH,4.116666666666657,246,O114,2,C0,0.999984256264428,0.999984256264428,0.999984256264428,0.008079138040350336,0.008811265584390424,0.0029832699250195425,2.099999999999993,0,0.9932354302766075
M5_UNEQUAL_WIDTH,4.116666666666657,246,O114,2,C1,-0.9544816413960143,-0.9544816413960143,0.9544816413960143,0.8373574291307594,0.8400719653190294,0.16371717435862432,2.099999999999993,0,0.2971345598124777
M5_UNEQUAL_WIDTH,4.116666666666657,246,O114,2,C2,-0.043511764145965165,-0.043511764145965165,0.043511764145965165,0.7468021225731388,0.8560704464787945,0.31194444251901793,1.6999999999999944,0,0.3731453446824582
M5_UNEQUAL_WIDTH,4.116666666666657,246,O114,2,C3,-0.31151800209077973,-0.31151800209077973,0.31151800209077973,0.6547719467155333,0.6549497388405723,0.17700006223759482,0.9999999999999969,0,0.4503941130272243
M5_UNEQUAL_WIDTH,4.116666666666657,246,O115,5,C0,-0.30911638640142364,-0.30911638640142364,0.30911638640142364,0.6453344976331661,0.6543528214226211,0.17835224308698305,2.099999999999993,0,0.45966881833836437
M5_UNEQUAL_WIDTH,4.116666666666657,246,O115,5,C1,0.016995041320399557,0.016995041320399557,0.016995041320399557,0.7153444729088376,0.7301747329173258,0.011651798803339173,2.099999999999993,0,0.30388972065040176
M5_UNEQUAL_WIDTH,4.116666666666657,246,O115,5,C2,-0.9346934505557132,-0.9346934505557132,0.9346934505557132,1.182035788662347,1.1849567747652383,0.13657546935705445,1.6999999999999944,0,0.0
M5_UNEQUAL_WIDTH,4.116666666666657,246,O115,5,C3,0.9999952412576953,0.9999952412576953,0.9999952412576953,0.0056723235382169016,0.005718396580442352,0.0016310890756313274,0.9999999999999969,0,0.9944168898647768
M5_UNEQUAL_WIDTH,4.116666666666657,246,O116,9,C0,-0.04303496013555877,-0.04303496013555877,0.04303496013555877,0.7346946424991809,0.8858354849583181,0.24702225701902286,2.099999999999993,0,0.3848485927871257
M5_UNEQUAL_WIDTH,4.116666666666657,246,O116,9,C1,0.33378514553424465,0.33378514553424465,0.33378514553424465,0.8196175735799326,0.8213394910746123,0.080321812735379,2.099999999999993,0,0.20242031676775663
M5_UNEQUAL_WIDTH,4.116666666666657,246,O116,9,C2,0.9999814643603235,0.9999814643603235,0.9999814643603235,0.04465756129823049,0.045397686744432314,0.06790545542501461,1.6999999999999944,0,0.952858513459937
M5_UNEQUAL_WIDTH,4.116666666666657,246,O116,9,C3,-0.9379149010294627,-0.9379149010294627,0.9379149010294627,1.1896907117138456,1.1909648530460484,0.0670389248564085,0.9999999999999969,0,0.0
M5_UNEQUAL_WIDTH,4.116666666666657,246,O117,13,C0,0.1431992228217043,0.1431992228217043,0.1431992228217043,0.6924807371592998,0.7778604353371138,0.4269650203452023,2.099999999999993,0,0.4201938121090536
M5_UNEQUAL_WIDTH,4.116666666666657,246,O117,13,C1,0.1529717420688097,0.1529717420688097,0.1529717420688097,0.6995604817441757,0.7012819383172502,0.2602645760615584,2.099999999999993,0,0.3192493116097137
M5_UNEQUAL_WIDTH,4.116666666666657,246,O117,13,C2,0.981465816400645,0.981465816400645,0.981465816400645,0.09767139652063139,0.10325872700258909,0.11203730790116478,1.6999999999999944,0,0.888934515851815
M5_UNEQUAL_WIDTH,4.116666666666657,246,O117,13,C3,-0.9860070549730539,-0.9860070549730539,0.9860070549730539,1.0951229934714597,1.1017807889198095,0.2469816881825879,0.9999999999999969,0,0.0
M5_UNEQUAL_WIDTH,4.116666666666657,246,O118,16,C0,0.13730651542382896,0.13730651542382896,0.13730651542382896,0.7259280814160839,0.7259512686203754,0.543662165780509,2.099999999999993,0,0.39218873394882037
M5_UNEQUAL_WIDTH,4.116666666666657,246,O118,16,C1,0.15885049520461525,0.15885049520461525,0.15885049520461525,0.6625205232505698,0.6645915733461256,0.376961721496865,2.099999999999993,0,0.35529333911052785
M5_UNEQUAL_WIDTH,4.116666666666657,246,O118,16,C2,0.9825889651785131,0.9825889651785131,0.9825889651785131,0.13013000603645852,0.13829657772232656,0.22873445333647144,1.6999999999999944,0,0.8520247212847769
M5_UNEQUAL_WIDTH,4.116666666666657,246,O118,16,C3,-0.984997454613653,-0.984997454613653,0.984997454613653,1.095577920462426,1.1094939363962286,0.36367883361789455,0.9999999999999969,0,0.0
M5_UNEQUAL_WIDTH,4.116666666666657,246,O119,20,C0,-0.9507794673404592,-0.9507794673404592,0.9507794673404592,0.8330873360377331,0.8362146156523534,0.17767640650548278,2.099999999999993,0,0.3024655177128128
M5_UNEQUAL_WIDTH,4.116666666666657,246,O119,20,C1,0.9998418214148657,0.9998418214148657,0.9998418214148657,0.012461269718273502,0.016371597428975808,0.010975962221838895,2.099999999999993,0,0.9878737891000053
M5_UNEQUAL_WIDTH,4.116666666666657,246,O119,20,C2,0.3561939053663582,0.3561939053663582,0.3561939053663582,0.7791666077187565,0.7865423943294597,0.13725130593855472,1.6999999999999944,0,0.23359781703642823
M5_UNEQUAL_WIDTH,4.116666666666657,246,O119,20,C3,-0.0038758407087088886,-0.0038758407087088886,0.0038758407087088886,0.722681424673059,0.7233396795951709,0.0023069256571316052,0.9999999999999969,0,0.2891576513035371
M5_UNEQUAL_WIDTH,4.216666666666657,252,O120,0,C0,0.9750301893626862,0.9750301893626862,0.9750301893626862,0.16945051169990885,0.1712589750334255,0.1601295775323846,2.1999999999999926,0,0.8748945046886898
M5_UNEQUAL_WIDTH,4.216666666666657,252,O120,0,C1,-0.9973126676485682,-0.9973126676485682,0.9973126676485682,0.9770887689884634,0.9913584296639308,0.3268300218160285,2.1999999999999926,0,0.2786143093866752
M5_UNEQUAL_WIDTH,4.216666666666657,252,O120,0,C2,-0.2696949846039452,-0.2696949846039452,0.2696949846039452,0.7484828026498969,0.7659913203024337,0.4750572899764221,1.799999999999994,0,0.44739434057688166
M5_UNEQUAL_WIDTH,4.216666666666657,252,O120,0,C3,-0.08712873205427712,-0.08712873205427712,0.08712873205427712,0.8137918881807389,0.8140301213180849,0.34011290969499897,1.0999999999999965,0,0.39917657238191495
M5_UNEQUAL_WIDTH,4.216666666666657,252,O121,1,C0,0.9961122559575707,0.9961122559575707,0.9961122559575707,0.054443348904477856,0.05851382556940073,0.01758166053003864,2.1999999999999926,0,0.9544152076867658
M5_UNEQUAL_WIDTH,4.216666666666657,252,O121,1,C1,-0.9782263117460623,-0.9782263117460623,0.9782263117460623,0.8933596262212469,0.8961399358982977,0.14911878375360524,2.1999999999999926,0,0.2408244549491514
M5_UNEQUAL_WIDTH,4.216666666666657,252,O121,1,C2,-0.13691281403165664,-0.13691281403165664,0.13691281403165664,0.7736036339625763,0.8216232250181025,0.2973460519139988,1.799999999999994,0,0.3425929007436399
M5_UNEQUAL_WIDTH,4.216666666666657,252,O121,1,C3,-0.22112844653269836,-0.22112844653269836,0.22112844653269836,0.69046822457805,0.6907012653970839,0.16240167163257574,1.0999999999999965,0,0.4132412352777243
M5_UNEQUAL_WIDTH,4.216666666666657,252,O122,2,C0,0.999998241223954,0.999998241223954,0.999998241223954,0.00794315339218824,0.007980424440775957,0.0037923560221425675,2.1999999999999926,0,0.9933492886646199
M5_UNEQUAL_WIDTH,4.216666666666657,252,O122,2,C1,-0.9555892727658871,-0.9555892727658871,0.9555892727658871,0.8397155013070263,0.8424346686267745,0.1629080882615013,2.1999999999999926,0,0.29467621891014717
M5_UNEQUAL_WIDTH,4.216666666666657,252,O122,2,C2,-0.04724377672003127,-0.04724377672003127,0.04724377672003127,0.7477139557107878,0.8542516919479823,0.31113535642189494,1.799999999999994,0,0.371953437093027
M5_UNEQUAL_WIDTH,4.216666666666657,252,O122,2,C3,-0.30796586900672307,-0.30796586900672307,0.30796586900672307,0.6563629945034245,0.656539462006786,0.1761909761404718,1.0999999999999965,0,0.4486841932416046
M5_UNEQUAL_WIDTH,4.216666666666657,252,O123,5,C0,-0.30694061069525846,-0.30694061069525846,0.30694061069525846,0.6474210800255225,0.6566439794914972,0.17318741095709506,2.1999999999999926,0,0.45792174680595543
M5_UNEQUAL_WIDTH,4.216666666666657,252,O123,5,C1,0.014708353520190731,0.014708353520190731,0.014708353520190731,0.7142228612823401,0.7299786974975253,0.006486966673451193,2.1999999999999926,0,0.30498117436565586
M5_UNEQUAL_WIDTH,4.216666666666657,252,O123,5,C2,-0.9355039221003993,-0.9355039221003993,0.9355039221003993,1.182767426073608,1.1859043664507323,0.14174030148694242,1.799999999999994,0,0.0
M5_UNEQUAL_WIDTH,4.216666666666657,252,O123,5,C3,0.9999996815440293,0.9999996815440293,0.9999996815440293,0.005536847030191271,0.006224918564416497,0.006795921205519306,1.0999999999999965,0,0.9945777999187059
M5_UNEQUAL_WIDTH,4.216666666666657,252,O124,9,C0,-0.04188235218778677,-0.04188235218778677,0.04188235218778677,0.7338459092766304,0.8884413046200824,0.2411712615087827,2.1999999999999926,0,0.3855592273909446
M5_UNEQUAL_WIDTH,4.216666666666657,252,O124,9,C1,0.33269743799221285,0.33269743799221285,0.33269743799221285,0.8216374358662192,0.8232592495938276,0.07447081722513885,2.1999999999999926,0,0.20045476457073308
M5_UNEQUAL_WIDTH,4.216666666666657,252,O124,9,C2,0.9999737748295512,0.9999737748295512,0.9999737748295512,0.04739153450866042,0.04811425468463083,0.07375645093525476,1.799999999999994,0,0.9502795674041643
M5_UNEQUAL_WIDTH,4.216666666666657,252,O124,9,C3,-0.9383144375517671,-0.9383144375517671,0.9383144375517671,1.1902048893395947,1.1913611507388793,0.061187929346168346,1.0999999999999965,0,0.0
M5_UNEQUAL_WIDTH,4.216666666666657,252,O125,13,C0,0.1422682432912007,0.1422682432912007,0.1422682432912007,0.694208910911702,0.7756961551560576,0.4313718368985442,2.1999999999999926,0,0.41874683202480756
M5_UNEQUAL_WIDTH,4.216666666666657,252,O125,13,C1,0.1539012141672357,0.1539012141672357,0.1539012141672357,0.6982998112545812,0.6999473993800892,0.2646713926149003,2.1999999999999926,0,0.32047608517114345
M5_UNEQUAL_WIDTH,4.216666666666657,252,O125,13,C2,0.9816456382203961,0.9816456382203961,0.9816456382203961,0.09812046301937917,0.1037461594002997,0.11644412445450669,1.799999999999994,0,0.888423866983519
M5_UNEQUAL_WIDTH,4.216666666666657,252,O125,13,C3,-0.985849815686774,-0.985849815686774,0.985849815686774,1.0955466222820744,1.102428848367895,0.2513885047359298,1.0999999999999965,0,0.0
M5_UNEQUAL_WIDTH,4.216666666666657,252,O126,16,C0,0.13757120058098046,0.13757120058098046,0.13757120058098046,0.724762701294348,0.7251627540274329,0.5387959103053631,2.1999999999999926,0,0.3931644933736953
M5_UNEQUAL_WIDTH,4.216666666666657,252,O126,16,C1,0.1585866615173935,0.1585866615173935,0.1585866615173935,0.6640099950480562,0.6659689593378508,0.3720954660217193,2.1999999999999926,0,0.3538439162544099
M5_UNEQUAL_WIDTH,4.216666666666657,252,O126,16,C2,0.9825392823841183,0.9825392823841183,0.9825392823841183,0.128441224301622,0.13637462633017955,0.22386819786132564,1.799999999999994,0,0.853945092731095
M5_UNEQUAL_WIDTH,4.216666666666657,252,O126,16,C3,-0.9850435334739455,-0.9850435334739455,0.9850435334739455,1.0956935514766855,1.1092517943611302,0.35881257814274875,1.0999999999999965,0,0.0
M5_UNEQUAL_WIDTH,4.216666666666657,252,O127,20,C0,-0.9493036261674013,-0.9493036261674013,0.9493036261674013,0.8358102746762568,0.8388594030723864,0.17538533475282594,2.1999999999999926,0,0.3001856323858363
M5_UNEQUAL_WIDTH,4.216666666666657,252,O127,20,C1,0.999746543985888,0.999746543985888,0.999746543985888,0.010408018930611688,0.016120760310528538,0.008684890469182062,2.1999999999999926,0,0.9898718320478485
M5_UNEQUAL_WIDTH,4.216666666666657,252,O127,20,C2,0.3606082891024537,0.3606082891024537,0.3606082891024537,0.7813876461830782,0.7886264008373749,0.13954237769121156,1.799999999999994,0,0.23314130997800775
M5_UNEQUAL_WIDTH,4.216666666666657,252,O127,20,C3,-0.008604260084521892,-0.008604260084521892,0.008604260084521892,0.7238573863410132,0.7238823350103545,0.004597997409788438,1.0999999999999965,0,0.2896018643707171
M5_UNEQUAL_WIDTH,4.316666666666657,258,O128,0,C0,0.9704183462695324,0.9704183462695324,0.9704183462695324,0.17969725900607686,0.18194764101819305,0.16338335837997808,2.2999999999999923,0,0.8676472671023127
M5_UNEQUAL_WIDTH,4.316666666666657,258,O128,0,C1,-0.9985730001682936,-0.9985730001682936,0.9985730001682936,0.9894768278863763,1.0036047197173712,0.330083802663622,2.2999999999999923,0,0.27121892101165634
M5_UNEQUAL_WIDTH,4.316666666666657,258,O128,0,C2,-0.2888023094693393,-0.2888023094693393,0.2888023094693393,0.7564782872550114,0.778951696333645,0.4783110708240156,1.8999999999999937,0,0.44282973903026135
M5_UNEQUAL_WIDTH,4.316666666666657,258,O128,0,C3,-0.06728912689754318,-0.06728912689754318,0.06728912689754318,0.822031294763317,0.822501450646633,0.34336669054259245,1.1999999999999962,0,0.39454786905976025
M5_UNEQUAL_WIDTH,4.316666666666657,258,O129,1,C0,0.9999972434714836,0.9999972434714836,0.9999972434714836,0.008975425759973156,0.009084456505754105,0.0002484438781177376,2.2999999999999923,0,0.9924849788371931
M5_UNEQUAL_WIDTH,4.316666666666657,258,O129,1,C1,-0.9554499264604581,-0.9554499264604581,0.9554499264604581,0.837912677476347,0.8407904244325015,0.16645200040552613,2.2999999999999923,0,0.29827934322859573
M5_UNEQUAL_WIDTH,4.316666666666657,258,O129,1,C2,-0.04677182259450505,-0.04677182259450505,0.04677182259450505,0.7461313323824151,0.8542260305662753,0.31467926856591977,1.8999999999999937,0,0.375142801068443
M5_UNEQUAL_WIDTH,4.316666666666657,258,O129,1,C3,-0.3084153474770262,-0.3084153474770262,0.3084153474770262,0.6559967776634303,0.656376063608558,0.17973488828449663,1.1999999999999962,0,0.45062713330900583
M5_UNEQUAL_WIDTH,4.316666666666657,258,O130,4,C0,-0.3112102672560343,-0.3112102672560343,0.3112102672560343,0.6457713282524744,0.6538901430771537,0.17730183644305172,2.2999999999999923,0,0.45930306506532137
M5_UNEQUAL_WIDTH,4.316666666666657,258,O130,4,C1,0.019197181771169414,0.019197181771169414,0.019197181771169414,0.7140325799815406,0.7310402232619291,0.010601392159407854,2.2999999999999923,0,0.30516633937981463
M5_UNEQUAL_WIDTH,4.316666666666657,258,O130,4,C2,-0.9339082942162612,-0.9339082942162612,0.9339082942162612,1.1815463212626838,1.1845135575174093,0.13762587600098575,1.8999999999999937,0,0.0
M5_UNEQUAL_WIDTH,4.316666666666657,258,O130,4,C3,0.9999860209672944,0.9999860209672944,0.9999860209672944,0.006311090061155314,0.006332699595747883,0.002681495719562644,1.1999999999999962,0,0.9937945854514995
M5_UNEQUAL_WIDTH,4.316666666666657,258,O131,7,C0,-0.03653625092632046,-0.03653625092632046,0.03653625092632046,0.7292640512136076,0.8995564360380826,0.21664641504940735,2.2999999999999923,0,0.3893955646555399
M5_UNEQUAL_WIDTH,4.316666666666657,258,O131,7,C1,0.32764726123557275,0.32764726123557275,0.32764726123557275,0.8311541553974552,0.8326810957223549,0.04994597076576348,2.2999999999999923,0,0.19119393074553792
M5_UNEQUAL_WIDTH,4.316666666666657,258,O131,7,C2,0.9999207155388481,0.9999207155388481,0.9999207155388481,0.06081850921175716,0.06136590264457175,0.09828129739463012,1.8999999999999937,0,0.9377933485369868
M5_UNEQUAL_WIDTH,4.316666666666657,258,O131,7,C3,-0.9401510159950381,-0.9401510159950381,0.9401510159950381,1.1922144847198863,1.1929462549528553,0.03666308288679298,1.1999999999999962,0,0.0
M5_UNEQUAL_WIDTH,4.316666666666657,258,O132,10,C0,0.13451171981235102,0.13451171981235102,0.13451171981235102,0.7264975861712218,0.7266932515256436,0.541966671054408,2.2999999999999923,0,0.3917118941418145
M5_UNEQUAL_WIDTH,4.316666666666657,258,O132,10,C1,0.16163501210217843,0.16163501210217843,0.16163501210217843,0.6648561687559241,0.666799416013712,0.37526622677076416,2.2999999999999923,0,0.3530204944786507
M5_UNEQUAL_WIDTH,4.316666666666657,258,O132,10,C2,0.983109170723347,0.983109170723347,0.983109170723347,0.12780723799565016,0.13664023687720203,0.22703895861037054,1.8999999999999937,0,0.8546660202341763
M5_UNEQUAL_WIDTH,4.316666666666657,258,O132,10,C3,-0.984506724153525,-0.984506724153525,0.984506724153525,1.0973399351419346,1.111121397063372,0.3619833388917937,1.1999999999999962,0,0.0
M5_UNEQUAL_WIDTH,4.316666666666657,258,O133,14,C0,-0.9500000601323072,-0.9500000601323072,0.9500000601323072,0.833747066648114,0.8368800187490257,0.17820480776746248,2.2999999999999923,0,0.30191313283087506
M5_UNEQUAL_WIDTH,4.316666666666657,258,O133,14,C1,0.9997941178955795,0.9997941178955795,0.9997941178955795,0.013189906696055055,0.017727475289255244,0.0115043634838186,2.2999999999999923,0,0.9871647437248654
M5_UNEQUAL_WIDTH,4.316666666666657,258,O133,14,C2,0.35853409949719917,0.35853409949719917,0.35853409949719917,0.7785048570927676,0.7865516149102515,0.136722904676575,1.8999999999999937,0,0.23385052447153876
M5_UNEQUAL_WIDTH,4.316666666666657,258,O133,14,C3,-0.006381462605460159,-0.006381462605460159,0.006381462605460159,0.724056882514483,0.7244636354547125,0.001778524395151899,1.1999999999999962,0,0.28743437406050654
M5_UNEQUAL_WIDTH,4.416666666666656,264,O134,0,C0,0.9674065323950644,0.9674065323950644,0.9674065323950644,0.19149157237940714,0.1915535493751697,0.169241838649903,2.399999999999992,0,0.8595663462012113
M5_UNEQUAL_WIDTH,4.416666666666656,264,O134,0,C1,-0.9991492575870805,-0.9991492575870805,0.9991492575870805,1.0043073352294063,1.0185495222964784,0.3359422829335469,2.399999999999992,0,0.26347386012504415
M5_UNEQUAL_WIDTH,4.416666666666656,264,O134,0,C2,-0.30043893298616486,-0.30043893298616486,0.30043893298616486,0.7675286658939336,0.7941834807897356,0.4841695510939405,1.9999999999999933,0,0.43711958908962334
M5_UNEQUAL_WIDTH,4.416666666666656,264,O134,0,C3,-0.05513482777449631,-0.05513482777449631,0.05513482777449631,0.8308261416188463,0.8320852355879622,0.34922517081251736,1.2999999999999958,0,0.3906992914136639
M5_UNEQUAL_WIDTH,4.416666666666656,264,O135,1,C0,0.9955472696180827,0.9955472696180827,0.9955472696180827,0.06282354659158004,0.06360597010162448,0.013755040988199664,2.399999999999992,0,0.9473985641702061
M5_UNEQUAL_WIDTH,4.416666666666656,264,O135,1,C1,-0.9794935471941204,-0.9794935471941204,0.9794935471941204,0.9022350241420821,0.9051542502198383,0.1529454032954442,2.399999999999992,0,0.2357673301899159
M5_UNEQUAL_WIDTH,4.416666666666656,264,O135,1,C2,-0.14304827409708898,-0.14304827409708898,0.14304827409708898,0.7803281266373885,0.8228334037154749,0.3011726714558378,1.9999999999999933,0,0.33902782358171835
M5_UNEQUAL_WIDTH,4.416666666666656,264,O135,1,C3,-0.21508115627835658,-0.21508115627835658,0.21508115627835658,0.69429131381844,0.6956009219611845,0.1662282911744147,1.2999999999999958,0,0.41190478069729686
M5_UNEQUAL_WIDTH,4.416666666666656,264,O136,2,C0,0.9999562281346448,0.9999562281346448,0.9999562281346448,0.005379115330181734,0.007846830419964425,0.0023620564426807163,2.399999999999992,0,0.9955050181873175
M5_UNEQUAL_WIDTH,4.416666666666656,264,O136,2,C1,-0.953357889240299,-0.953357889240299,0.953357889240299,0.8401893867732197,0.8430302975738464,0.1690625007263246,2.399999999999992,0,0.2979075961498481
M5_UNEQUAL_WIDTH,4.416666666666656,264,O136,2,C2,-0.039769877071168386,-0.039769877071168386,0.039769877071168386,0.7501559380270256,0.8595847886558462,0.31728976888671817,1.9999999999999933,0,0.3731427769938983
M5_UNEQUAL_WIDTH,4.416666666666656,264,O136,2,C3,-0.31507458961765156,-0.31507458961765156,0.31507458961765156,0.6545120024361598,0.6560088391722443,0.1823453886052951,1.2999999999999958,0,0.4530662819914748
M5_UNEQUAL_WIDTH,4.416666666666656,264,O137,5,C0,-0.30926355781665726,-0.30926355781665726,0.30926355781665726,0.64809739522589,0.6560528742027723,0.1683223399070714,2.399999999999992,0,0.45735547583682146
M5_UNEQUAL_WIDTH,4.416666666666656,264,O137,5,C1,0.017149773097744014,0.017149773097744014,0.017149773097744014,0.718633097790677,0.7325721855305857,0.0016218956234275374,2.399999999999992,0,0.30068952036666374
M5_UNEQUAL_WIDTH,4.416666666666656,264,O137,5,C2,-0.9346384311849345,-0.9346384311849345,0.9346384311849345,1.185847897407143,1.1891160329814394,0.14660537253696607,1.9999999999999933,0,0.0
M5_UNEQUAL_WIDTH,4.416666666666656,264,O137,5,C3,0.9999947518602449,0.9999947518602449,0.9999947518602449,0.0019822661826198263,0.006376083317754313,0.011660992255542962,1.2999999999999958,0,0.9980679837476757
M5_UNEQUAL_WIDTH,4.416666666666656,264,O138,9,C0,-0.032572746552682386,-0.032572746552682386,0.032572746552682386,0.7251753753404684,0.9101194639531839,0.19108262047959151,2.399999999999992,0,0.39281896612263545
M5_UNEQUAL_WIDTH,4.416666666666656,264,O138,9,C1,0.32389773490543994,0.32389773490543994,0.32389773490543994,0.8381275546713257,0.8394655012261713,0.024382176195947652,2.399999999999992,0,0.18440803234219771
M5_UNEQUAL_WIDTH,4.416666666666656,264,O138,9,C2,0.9998629132606174,0.9998629132606174,0.9998629132606174,0.07130101848232309,0.07218341649153986,0.12384509196444596,1.9999999999999933,0,0.9289298728196905
M5_UNEQUAL_WIDTH,4.416666666666656,264,O138,9,C3,-0.9414950230915524,-0.9414950230915524,0.9414950230915524,1.193171925701694,1.1935587349124286,0.011099288316977152,1.2999999999999958,0,0.0
M5_UNEQUAL_WIDTH,4.416666666666656,264,O139,13,C0,0.14308201837230933,0.14308201837230933,0.14308201837230933,0.6910689687997381,0.7821718846796388,0.41763338895137586,2.399999999999992,0,0.4213758695827393
M5_UNEQUAL_WIDTH,4.416666666666656,264,O139,13,C1,0.1530887711493025,0.1530887711493025,0.1530887711493025,0.701620860590779,0.7030452066543637,0.25093294466773197,2.399999999999992,0,0.3172443322622912
M5_UNEQUAL_WIDTH,4.416666666666656,264,O139,13,C2,0.9814885039607927,0.9814885039607927,0.9814885039607927,0.09651314114071734,0.10083333941727915,0.10270567650733838,1.9999999999999933,0,0.8902516076424523
M5_UNEQUAL_WIDTH,4.416666666666656,264,O139,13,C3,-0.9859873063635356,-0.9859873063635356,0.9859873063635356,1.0953751932798657,1.1015508377052645,0.23765005678876147,1.2999999999999958,0,0.0
M5_UNEQUAL_WIDTH,4.416666666666656,264,O140,16,C0,0.13765354217839382,0.13765354217839382,0.13765354217839382,0.7263843058357875,0.7264127449979787,0.541896210035423,2.399999999999992,0,0.39180674246888947
M5_UNEQUAL_WIDTH,4.416666666666656,264,O140,16,C1,0.15850458049951877,0.15850458049951877,0.15850458049951877,0.6619197097269849,0.6636651247842963,0.3751957657517791,2.399999999999992,0,0.35587799795053965
M5_UNEQUAL_WIDTH,4.416666666666656,264,O140,16,C2,0.9825238117490813,0.9825238117490813,0.9825238117490813,0.13081450913355652,0.13758472435765048,0.2269684975913855,1.9999999999999933,0,0.851246349411451
M5_UNEQUAL_WIDTH,4.416666666666656,264,O140,16,C3,-0.9850578542707441,-0.9850578542707441,0.9850578542707441,1.0955218163931624,1.1092881009993814,0.36191287787280857,1.2999999999999958,0,0.0
M5_UNEQUAL_WIDTH,4.416666666666656,264,O141,20,C0,-0.9500734968377481,-0.9500734968377481,0.9500734968377481,0.8361047933587268,0.8391126464200956,0.17425886812980823,2.399999999999992,0,0.2999390352671264
M5_UNEQUAL_WIDTH,4.416666666666656,264,O141,20,C1,0.9997988640727141,0.9997988640727141,0.9997988640727141,0.009422983337241708,0.014438120635640359,0.007558423846164362,2.399999999999992,0,0.990830381988525
M5_UNEQUAL_WIDTH,4.416666666666656,264,O141,20,C2,0.35831446109664483,0.35831446109664483,0.35831446109664483,0.7823359298432105,0.7883992228182792,0.14066884431422924,1.9999999999999933,0,0.23305852866740107
M5_UNEQUAL_WIDTH,4.416666666666656,264,O141,20,C3,-0.006146197197822362,-0.006146197197822362,0.006146197197822362,0.7233407116536809,0.7234027927166667,0.005724464032806137,1.2999999999999958,0,0.2908928651894799
M5_UNEQUAL_WIDTH,4.516666666666656,270,O142,0,C0,0.9628288406214542,0.9628288406214542,0.9628288406214542,0.1998890460139647,0.20141688569903682,0.16728919508169393,2.4999999999999916,0,0.8531976921684857
M5_UNEQUAL_WIDTH,4.516666666666656,270,O142,0,C1,-0.9997177846518756,-0.9997177846518756,0.9997177846518756,1.0126565395527505,1.0263684282857208,0.3339896393653378,2.4999999999999916,0,0.2562858245036942
M5_UNEQUAL_WIDTH,4.516666666666656,270,O142,0,C2,-0.3170775967255594,-0.3170775967255594,0.3170775967255594,0.7711408277921569,0.8013258874681632,0.48221690752573143,2.099999999999993,0,0.4336595454305977
M5_UNEQUAL_WIDTH,4.516666666666656,270,O142,0,C3,-0.03766021736515196,-0.03766021736515196,0.03766021736515196,0.8382777946620807,0.8382993460645662,0.3472725272443083,1.3999999999999955,0,0.3843528831904659
M5_UNEQUAL_WIDTH,4.516666666666656,270,O143,1,C0,0.9954469480504575,0.9954469480504575,0.9954469480504575,0.060356143206852064,0.06367780666392496,0.018736346233320978,2.4999999999999916,0,0.9494644927566922
M5_UNEQUAL_WIDTH,4.516666666666656,270,O143,1,C1,-0.9797062304364487,-0.9797062304364487,0.9797062304364487,0.8994133671404947,0.9021703525101191,0.1479640980503229,2.4999999999999916,0,0.23492927017906373
M5_UNEQUAL_WIDTH,4.516666666666656,270,O143,1,C2,-0.14409566048653136,-0.14409566048653136,0.14409566048653136,0.7771199884449471,0.8204651431984884,0.2961913662107165,2.099999999999993,0,0.33895605909408266
M5_UNEQUAL_WIDTH,4.516666666666656,270,O143,1,C3,-0.21404745438741407,-0.21404745438741407,0.21404745438741407,0.694077619729442,0.6940906922071934,0.1612469859292934,1.3999999999999955,0,0.40959464193082906
M5_UNEQUAL_WIDTH,4.516666666666656,270,O144,2,C0,0.9999746282781871,0.9999746282781871,0.9999746282781871,0.007864931818176768,0.008957370409257762,0.002524373057610943,2.4999999999999916,0,0.9934147826924025
M5_UNEQUAL_WIDTH,4.516666666666656,270,O144,2,C1,-0.9540295424691366,-0.9540295424691366,0.9540295424691366,0.8382774947904927,0.8409916813163717,0.16417607122603292,2.4999999999999916,0,0.29663320103827306
M5_UNEQUAL_WIDTH,4.516666666666656,270,O144,2,C2,-0.04200106591745914,-0.04200106591745914,0.04200106591745914,0.7472252970870732,0.8566391004655459,0.31240333938642656,2.099999999999993,0,0.37303164097622055
M5_UNEQUAL_WIDTH,4.516666666666656,270,O144,2,C3,-0.31295448577138474,-0.31295448577138474,0.31295448577138474,0.6553266446129156,0.6553280187078221,0.17745895910500342,1.3999999999999955,0,0.45014030895471524
M5_UNEQUAL_WIDTH,4.516666666666656,270,O145,5,C0,-0.3066604093933631,-0.3066604093933631,0.3066604093933631,0.6473800301346666,0.657058271231123,0.17042413287486707,2.4999999999999916,0,0.4579561174092853
M5_UNEQUAL_WIDTH,4.516666666666656,270,O145,5,C1,0.01441398569566435,0.01441398569566435,0.01441398569566435,0.714610972332775,0.7307331662192906,0.0037236885912232003,2.4999999999999916,0,0.30460349885131477
M5_UNEQUAL_WIDTH,4.516666666666656,270,O145,5,C2,-0.9356078975387773,-0.9356078975387773,0.9356078975387773,1.1829715012856081,1.186206956510146,0.1445035795691704,2.099999999999993,0,0.0
M5_UNEQUAL_WIDTH,4.516666666666656,270,O145,5,C3,0.9999998731589669,0.9999998731589669,0.9999998731589669,0.005197761379828446,0.006787119316303896,0.009559199287747299,1.3999999999999955,0,0.9949236014456104
M5_UNEQUAL_WIDTH,4.516666666666656,270,O146,9,C0,-0.029160613045031203,-0.029160613045031203,0.029160613045031203,0.7216251339309346,0.9188786760211395,0.17136449707270732,2.4999999999999916,0,0.39579154258187177
M5_UNEQUAL_WIDTH,4.516666666666656,270,O146,9,C1,0.3206661208118672,0.3206661208118672,0.3206661208118672,0.8450578309538389,0.8464116444239048,0.00466405278906345,2.4999999999999916,0,0.17766409743853784
M5_UNEQUAL_WIDTH,4.516666666666656,270,O146,9,C2,0.9998005635292624,0.9998005635292624,0.9998005635292624,0.08133247565689697,0.08226304533856776,0.14356321537133016,2.099999999999993,0,0.9204935415988444
M5_UNEQUAL_WIDTH,4.516666666666656,270,O146,9,C3,-0.9426400643831072,-0.9426400643831072,0.9426400643831072,1.1944309108503153,1.1946301325761663,0.008618835089907049,1.3999999999999955,0,0.0
M5_UNEQUAL_WIDTH,4.516666666666656,270,O147,13,C0,0.14318241104899443,0.14318241104899443,0.14318241104899443,0.6913595499281732,0.7811395969860276,0.41955237989121635,2.4999999999999916,0,0.42113256933291265
M5_UNEQUAL_WIDTH,4.516666666666656,270,O147,13,C1,0.152988528941635,0.152988528941635,0.152988528941635,0.7008151222669723,0.7022971435776943,0.2528519356075725,2.4999999999999916,0,0.3180284058812388
M5_UNEQUAL_WIDTH,4.516666666666656,270,O147,13,C2,0.9814690715672463,0.9814690715672463,0.9814690715672463,0.09705787860238362,0.10140230106889293,0.1046246674471789,2.099999999999993,0,0.8896321680514473
M5_UNEQUAL_WIDTH,4.516666666666656,270,O147,13,C3,-0.9860042230668545,-0.9860042230668545,0.9860042230668545,1.0951014756770687,1.1013733777282178,0.23956904772860202,1.3999999999999955,0,0.0
M5_UNEQUAL_WIDTH,4.516666666666656,270,O148,16,C0,0.13703188996363133,0.13703188996363133,0.13703188996363133,0.7263981494655519,0.7264191607313604,0.5419252496855206,2.4999999999999916,0,0.39179515135628584
M5_UNEQUAL_WIDTH,4.516666666666656,270,O148,16,C1,0.15912421489844608,0.15912421489844608,0.15912421489844608,0.6619394534394273,0.6637441048972887,0.37522480540187675,2.4999999999999916,0,0.35585878510735125
M5_UNEQUAL_WIDTH,4.516666666666656,270,O148,16,C2,0.9826404377131803,0.9826404377131803,0.9826404377131803,0.1307962197671594,0.13757625833595047,0.22699753724148314,2.099999999999993,0,0.8512671468752534
M5_UNEQUAL_WIDTH,4.516666666666656,270,O148,16,C3,-0.9849495727134937,-0.9849495727134937,0.9849495727134937,1.0955426792694212,1.1093115799869058,0.3619419175229063,1.3999999999999955,0,0.0
M5_UNEQUAL_WIDTH,4.516666666666656,270,O149,20,C0,-0.9494351616185749,-0.9494351616185749,0.9494351616185749,0.8370556203254603,0.8401161825118664,0.17563580738443565,2.4999999999999916,0,0.29914291874092924
M5_UNEQUAL_WIDTH,4.516666666666656,270,O149,20,C1,0.9997558823718897,0.9997558823718897,0.9997558823718897,0.00960818571130049,0.01547026626447747,0.008935363100791772,2.4999999999999916,0,0.990650159338844
M5_UNEQUAL_WIDTH,4.516666666666656,270,O149,20,C2,0.36021774105814697,0.36021774105814697,0.36021774105814697,0.7824016698980423,0.78847105040329,0.13929190505960184,2.099999999999993,0,0.23195734409484114
M5_UNEQUAL_WIDTH,4.516666666666656,270,O149,20,C3,-0.008185588036403235,-0.008185588036403235,0.008185588036403235,0.7244008292315567,0.7244976310858409,0.004347524778178727,1.3999999999999955,0,0.28889372527105295
M5_UNEQUAL_WIDTH,4.616666666666656,276,O150,0,C0,0.9606395737566904,0.9606395737566904,0.9606395737566904,0.20850580392567708,0.2085908337223233,0.172502819186628,2.599999999999991,0,0.8474534799294602
M5_UNEQUAL_WIDTH,4.616666666666656,276,O150,0,C1,-0.9998757032029186,-0.9998757032029186,0.9998757032029186,1.0233122530347696,1.0371814614021664,0.33920326347027185,2.599999999999991,0,0.2513267246908799
M5_UNEQUAL_WIDTH,4.616666666666656,276,O150,0,C2,-0.3246463322574606,-0.3246463322574606,0.3246463322574606,0.7795550863758097,0.8125239157535876,0.48743053163066546,2.1999999999999926,0,0.42966376287391994
M5_UNEQUAL_WIDTH,4.616666666666656,276,O150,0,C3,-0.02967347429747197,-0.02967347429747197,0.02967347429747197,0.8444597749181834,0.8455838761720706,0.3524861513492424,1.4999999999999951,0,0.38217834910131065
M5_UNEQUAL_WIDTH,4.616666666666656,276,O151,2,C0,0.9964476292565922,0.9964476292565922,0.9964476292565922,0.0584584144550634,0.059292926749330184,0.01361705152961096,2.599999999999991,0,0.9510534392994355
M5_UNEQUAL_WIDTH,4.616666666666656,276,O151,2,C1,-0.9774110029278447,-0.9774110029278447,0.9774110029278447,0.8977908410523395,0.9006692694628408,0.1530833927540329,2.599999999999991,0,0.23962062386846095
M5_UNEQUAL_WIDTH,4.616666666666656,276,O151,2,C2,-0.13305572354669354,-0.13305572354669354,0.13305572354669354,0.7776689056014595,0.8250159991683419,0.30131066091442654,2.1999999999999926,0,0.3413572847490638
M5_UNEQUAL_WIDTH,4.616666666666656,276,O151,2,C3,-0.2249231162876962,-0.2249231162876962,0.2249231162876962,0.6916864966467987,0.6929253584909268,0.1663662806330034,1.4999999999999951,0,0.41417964769787496
M5_UNEQUAL_WIDTH,4.616666666666656,276,O152,3,C0,0.999939517917637,0.999939517917637,0.999939517917637,0.004340022074319867,0.007606398217018152,0.0015621122520812492,2.599999999999991,0,0.9963661492381771
M5_UNEQUAL_WIDTH,4.616666666666656,276,O152,3,C1,-0.9528610061208636,-0.9528610061208636,0.9528610061208636,0.8411738626946785,0.843815318905239,0.1651383320315626,2.599999999999991,0,0.29477236707727716
M5_UNEQUAL_WIDTH,4.616666666666656,276,O152,3,C2,-0.038129211545552544,-0.038129211545552544,0.038129211545552544,0.751666943881946,0.860705328610547,0.31336560019195625,2.1999999999999926,0,0.36981363414933954
M5_UNEQUAL_WIDTH,4.616666666666656,276,O152,3,C3,-0.31663244821549363,-0.31663244821549363,0.31663244821549363,0.6540931084474297,0.655519348582479,0.1784212199105331,1.4999999999999951,0,0.45161808391937697
M5_UNEQUAL_WIDTH,4.616666666666656,276,O153,6,C0,-0.30937993521568297,-0.30937993521568297,0.30937993521568297,0.647391085037813,0.6570234573887077,0.1644310345817334,2.599999999999991,0,0.4579468612655302
M5_UNEQUAL_WIDTH,4.616666666666656,276,O153,6,C1,0.01727213415841225,0.01727213415841225,0.01727213415841225,0.7174284160270409,0.7338608048070439,0.0022694097019104846,2.599999999999991,0,0.30340017456158275
M5_UNEQUAL_WIDTH,4.616666666666656,276,O153,6,C2,-0.9345949062085301,-0.9345949062085301,0.9345949062085301,1.184657807638445,1.1880806832656219,0.15049667786230408,2.1999999999999926,0,0.0
M5_UNEQUAL_WIDTH,4.616666666666656,276,O153,6,C3,0.9999943478888442,0.9999943478888442,0.9999943478888442,0.003057949880135658,0.008504726365138673,0.015552297580880984,1.4999999999999951,0,0.9970308294108305
M5_UNEQUAL_WIDTH,4.616666666666656,276,O154,11,C0,-0.026103476761965755,-0.026103476761965755,0.026103476761965755,0.7188187751651379,0.9257888123021933,0.15770504993610418,2.599999999999991,0,0.39814127462572
M5_UNEQUAL_WIDTH,4.616666666666656,276,O154,11,C1,0.3177678225320024,0.3177678225320024,0.3177678225320024,0.8519379292815413,0.853419085967403,0.008995394347539704,2.599999999999991,0,0.17816296320733227
M5_UNEQUAL_WIDTH,4.616666666666656,276,O154,11,C2,0.9997348111186897,0.9997348111186897,0.9997348111186897,0.09074893627366742,0.09135976989834027,0.15722266250793332,2.1999999999999926,0,0.9124574287446819
M5_UNEQUAL_WIDTH,4.616666666666656,276,O154,11,C3,-0.9436565500228714,-0.9436565500228714,0.9436565500228714,1.196126202302697,1.1962347177321806,0.022278282226510203,1.4999999999999951,0,0.0
M5_UNEQUAL_WIDTH,4.616666666666656,276,O155,13,C0,-0.008724373297528426,-0.008724373297528426,0.008724373297528426,0.9056205045758733,0.924211994927752,0.03461312511682481,2.599999999999991,0,0.24173432666442396
M5_UNEQUAL_WIDTH,4.616666666666656,276,O155,13,C1,0.3012396234928233,0.3012396234928233,0.3012396234928233,1.552610634078191,1.5915254025255123,0.13208731916681907,2.599999999999991,0,0.0
M5_UNEQUAL_WIDTH,4.616666666666656,276,O155,13,C2,0.9991835301316616,0.9991835301316616,0.9991835301316616,0.9168870408754007,0.9168962413100078,0.28031458732721265,2.1999999999999926,0,0.20938812528386652
M5_UNEQUAL_WIDTH,4.616666666666656,276,O155,13,C3,-0.9492658590326338,-0.9492658590326338,0.9492658590326338,1.555492905480224,1.5565378341447684,0.14537020704578957,1.4999999999999951,0,0.0
M5_UNEQUAL_WIDTH,4.616666666666656,276,O156,14,C0,0.0047627145493017164,0.0047627145493017164,0.0047627145493017164,0.8691896708778755,0.8725254663954399,0.07790903856495272,2.599999999999991,0,0.31680392848950745
M5_UNEQUAL_WIDTH,4.616666666666656,276,O156,14,C1,0.2883519005897489,0.2883519005897489,0.2883519005897489,1.5002951676711571,1.5346714519679108,0.2446094828485966,2.599999999999991,0,0.0
M5_UNEQUAL_WIDTH,4.616666666666656,276,O156,14,C2,0.9985477673556621,0.9985477673556621,0.9985477673556621,0.860033051453388,0.8600442143484139,0.3928367510089902,2.1999999999999926,0,0.3240011682045264
M5_UNEQUAL_WIDTH,4.616666666666656,276,O156,14,C3,-0.9534207818464115,-0.9534207818464115,0.9534207818464115,1.5191137218640787,1.5191318242363205,0.2578923707275671,1.4999999999999951,0,0.0
M5_UNEQUAL_WIDTH,4.616666666666656,276,O157,20,C0,0.14328777964288894,0.14328777964288894,0.14328777964288894,0.6934508112877228,0.7764909053292003,0.4304457677743514,2.599999999999991,0,0.4193815801548769
M5_UNEQUAL_WIDTH,4.616666666666656,276,O157,20,C1,0.15288331499922808,0.15288331499922808,0.15288331499922808,0.6992063662543957,0.7008917210229308,0.2637453234907075,2.599999999999991,0,0.3195939056365752
M5_UNEQUAL_WIDTH,4.616666666666656,276,O157,20,C2,0.9814486648469685,0.9814486648469685,0.9814486648469685,0.09761682065895509,0.1038518533130945,0.11551805533031392,2.1999999999999926,0,0.8889965759299527
M5_UNEQUAL_WIDTH,4.616666666666656,276,O157,20,C3,-0.9860219675934035,-0.9860219675934035,0.9860219675934035,1.09556682599443,1.10240567135722,0.25046243561173703,1.4999999999999951,0,0.0
M5_UNEQUAL_WIDTH,4.616666666666656,276,O158,23,C0,0.14346603151690362,0.14346603151690362,0.14346603151690362,0.7244489243500399,0.7248043767968883,0.544154198227714,2.599999999999991,0,0.39342721521441193
M5_UNEQUAL_WIDTH,4.616666666666656,276,O158,23,C1,0.15270531711063606,0.15270531711063606,0.15270531711063606,0.6616535213835244,0.6636753613652013,0.37745375394407016,2.599999999999991,0,0.3561370290175896
M5_UNEQUAL_WIDTH,4.616666666666656,276,O158,23,C2,0.9814141167867143,0.9814141167867143,0.9814141167867143,0.13082078659883803,0.13954118275529967,0.22922648578367658,2.1999999999999926,0,0.851239211091067
M5_UNEQUAL_WIDTH,4.616666666666656,276,O158,23,C3,-0.9860519611545067,-0.9860519611545067,0.9860519611545067,1.0940863868268045,1.1080613034210394,0.3641708660650997,1.4999999999999951,0,0.0
M5_UNEQUAL_WIDTH,4.616666666666656,276,O159,27,C0,-0.9485791074678662,-0.9485791074678662,0.9485791074678662,0.8361308851410375,0.8391492681829599,0.1745482597805817,2.599999999999991,0,0.29991718891671537
M5_UNEQUAL_WIDTH,4.616666666666656,276,O159,27,C1,0.9996921991931568,0.9996921991931568,0.9996921991931568,0.01037685412707636,0.016860796329694314,0.00784781549693781,2.599999999999991,0,0.9899021588916509
M5_UNEQUAL_WIDTH,4.616666666666656,276,O159,27,C2,0.3627495772653774,0.3627495772653774,0.3627495772653774,0.781483996496547,0.7894850096590103,0.1403794526634558,2.1999999999999926,0,0.23367629421211977
M5_UNEQUAL_WIDTH,4.616666666666656,276,O159,27,C3,-0.010900924579861165,-0.010900924579861165,0.010900924579861165,0.7241469535106491,0.7242802351480673,0.005435072382032689,1.4999999999999951,0,0.28990103516248233
M5_UNEQUAL_WIDTH,4.716666666666655,282,O160,0,C0,0.9503944783238177,0.9503944783238177,0.9503944783238177,0.22571233410390884,0.22767079747449243,0.1762537024744991,2.699999999999991,0,0.8353168049185241
M5_UNEQUAL_WIDTH,4.716666666666655,282,O160,0,C1,-0.9998189971306496,-0.9998189971306496,0.9998189971306496,1.0414782475473627,1.0547894207429611,0.34295414675814295,2.699999999999991,0,0.24012143113544737
M5_UNEQUAL_WIDTH,4.716666666666655,282,O160,0,C2,-0.35735236638642304,-0.35735236638642304,0.35735236638642304,0.7900999737884692,0.8303564201807916,0.49118141491853656,2.2999999999999923,0,0.42353089106165
M5_UNEQUAL_WIDTH,4.716666666666655,282,O160,0,C3,0.005115896837353917,0.005115896837353917,0.005115896837353917,0.8587788423827357,0.8588609785335689,0.3562370346371135,1.5999999999999948,0,0.37342173083526264
M5_UNEQUAL_WIDTH,4.716666666666655,282,O161,1,C0,0.9959165522002614,0.9959165522002614,0.9959165522002614,0.05665639154033645,0.06016379154494361,0.017900954242477275,2.699999999999991,0,0.9525622524412509
M5_UNEQUAL_WIDTH,4.716666666666655,282,O161,1,C1,-0.9786793712849746,-0.9786793712849746,0.9786793712849746,0.8956828579999642,0.8984529727674151,0.1487994900411666,2.699999999999991,0,0.23864359354573916
M5_UNEQUAL_WIDTH,4.716666666666655,282,O161,1,C2,-0.1390861560924312,-0.1390861560924312,0.1390861560924312,0.7751772873874204,0.8215590463897571,0.2970267582015602,2.2999999999999923,0,0.3410768235443088
M5_UNEQUAL_WIDTH,4.716666666666655,282,O161,1,C3,-0.21898790008339533,-0.21898790008339533,0.21898790008339533,0.6916327535952275,0.6916844319106649,0.1620823779201371,1.5999999999999948,0,0.41209210027847976
M5_UNEQUAL_WIDTH,4.716666666666655,282,O162,2,C0,0.9999767590125567,0.9999767590125567,0.9999767590125567,0.0064986709964694744,0.007878756403655696,0.005265986078588826,2.699999999999991,0,0.994558737225995
M5_UNEQUAL_WIDTH,4.716666666666655,282,O162,2,C1,-0.9541211128530808,-0.9541211128530808,0.9541211128530808,0.8380563934115914,0.8406414234669917,0.16143445820505503,2.699999999999991,0,0.29519740265992067
M5_UNEQUAL_WIDTH,4.716666666666655,282,O162,2,C2,-0.04230647025566653,-0.04230647025566653,0.04230647025566653,0.7483898809196526,0.8573671684341816,0.30966172636544864,2.2999999999999923,0,0.37060663692574325
M5_UNEQUAL_WIDTH,4.716666666666655,282,O162,2,C3,-0.31266414979190443,-0.31266414979190443,0.31266414979190443,0.6539751979064571,0.6540007522393394,0.17471734608402553,1.5999999999999948,0,0.4500090665687556
M5_UNEQUAL_WIDTH,4.716666666666655,282,O163,5,C0,-0.3052477177278706,-0.3052477177278706,0.3052477177278706,0.6482171983166505,0.657456259272089,0.1719637731215317,2.699999999999991,0,0.4572551660814391
M5_UNEQUAL_WIDTH,4.716666666666655,282,O163,5,C1,0.012930276657258766,0.012930276657258766,0.012930276657258766,0.7153607698934505,0.7296017902009218,0.005263328837887826,2.699999999999991,0,0.30387386185937004
M5_UNEQUAL_WIDTH,4.716666666666655,282,O163,5,C2,-0.9361307262887145,-0.9361307262887145,0.9361307262887145,1.1839802219310682,1.1871604324425526,0.14296393932250578,2.2999999999999923,0,0.0
M5_UNEQUAL_WIDTH,4.716666666666655,282,O163,5,C3,0.9999995196243538,0.9999995196243538,0.9999995196243538,0.00431173576949598,0.00573377159832665,0.008019559041082673,1.5999999999999948,0,0.9957825975231178
M5_UNEQUAL_WIDTH,4.716666666666655,282,O164,9,C0,-0.018928391432765146,-0.018928391432765146,0.018928391432765146,0.7127406372328969,0.9451500721844387,0.116426874245381,2.699999999999991,0,0.4032304298828392
M5_UNEQUAL_WIDTH,4.716666666666655,282,O164,9,C1,0.3109547670861347,0.3109547670861347,0.3109547670861347,0.8672468763032433,0.8684775774615126,0.05027357003826286,2.699999999999991,0,0.19543256927745867
M5_UNEQUAL_WIDTH,4.716666666666655,282,O164,9,C2,0.9995437923603964,0.9995437923603964,0.9995437923603964,0.11171735750004354,0.11219632598454704,0.19850083819865647,2.2999999999999923,0,0.8963569085724875
M5_UNEQUAL_WIDTH,4.716666666666655,282,O164,9,C3,-0.946007259452354,-0.946007259452354,0.946007259452354,1.1999078647998065,1.1999092838547827,0.06355645791723336,1.5999999999999948,0,0.0
M5_UNEQUAL_WIDTH,4.716666666666655,282,O165,13,C0,0.14441360812043094,0.14441360812043094,0.14441360812043094,0.6932227129531139,0.7776430662548899,0.42870437707805853,2.699999999999991,0,0.4195725642772604
M5_UNEQUAL_WIDTH,4.716666666666655,282,O165,13,C1,0.15175892947085518,0.15175892947085518,0.15175892947085518,0.6999875793995012,0.701484885470788,0.26200393279441464,2.699999999999991,0,0.31883369776293413
M5_UNEQUAL_WIDTH,4.716666666666655,282,O165,13,C2,0.9812299116015708,0.9812299116015708,0.9812299116015708,0.09704252224027526,0.10339895219351247,0.11377666463402104,2.2999999999999923,0,0.8896496302958001
M5_UNEQUAL_WIDTH,4.716666666666655,282,O165,13,C3,-0.9862108812458987,-0.9862108812458987,0.9862108812458987,1.0958687305444468,1.102612977871948,0.24872104491544414,1.5999999999999948,0,0.0
M5_UNEQUAL_WIDTH,4.716666666666655,282,O166,16,C0,0.1433169323564067,0.1433169323564067,0.1433169323564067,0.7251095126422902,0.7253580311136019,0.5443332881729975,2.699999999999991,0,0.3928741122052709
M5_UNEQUAL_WIDTH,4.716666666666655,282,O166,16,C1,0.15285420448121034,0.15285420448121034,0.15285420448121034,0.6621685112450975,0.6639953669152002,0.3776328438893537,2.699999999999991,0,0.35563588621160114
M5_UNEQUAL_WIDTH,4.716666666666655,282,O166,16,C2,0.9814430168248329,0.9814430168248329,0.9814430168248329,0.13037878528458005,0.139207074237937,0.22940557572896006,2.2999999999999923,0,0.851741825896537
M5_UNEQUAL_WIDTH,4.716666666666655,282,O166,16,C3,-0.9860268751107036,-0.9860268751107036,0.9860268751107036,1.0948286431054342,1.108807304613008,0.36434995601038317,1.5999999999999948,0,0.0
M5_UNEQUAL_WIDTH,4.716666666666655,282,O167,20,C0,-0.9490332617240305,-0.9490332617240305,0.9490332617240305,0.8355592390783865,0.8384807400338561,0.17211419388719595,2.699999999999991,0,0.3003958216159702
M5_UNEQUAL_WIDTH,4.716666666666655,282,O167,20,C1,0.9997268378329349,0.9997268378329349,0.9997268378329349,0.010088759348913325,0.01582759698196707,0.005413749603552073,2.699999999999991,0,0.990182507372839
M5_UNEQUAL_WIDTH,4.716666666666655,282,O167,20,C2,0.3614092963616755,0.3614092963616755,0.3614092963616755,0.7816345136503612,0.7897450933786635,0.14281351855684155,2.2999999999999923,0,0.23535379017721825
M5_UNEQUAL_WIDTH,4.716666666666655,282,O167,20,C3,-0.009463156578077364,-0.009463156578077364,0.009463156578077364,0.7233373504588215,0.7235615349622064,0.007869138275418427,1.5999999999999948,0,0.2923839034838204
M5_UNEQUAL_WIDTH,4.816666666666655,288,O168,0,C0,0.9408206334280091,0.9408206334280091,0.9408206334280091,0.2463342728426841,0.2466107643917132,0.19437727866036203,2.7999999999999905,0,0.8226163080077767
M5_UNEQUAL_WIDTH,4.816666666666655,288,O168,0,C1,-0.9988248441751346,-0.9988248441751346,0.9988248441751346,1.0658736428485436,1.0797248345734727,0.3610777229440059,2.7999999999999905,0,0.23247139026237107
M5_UNEQUAL_WIDTH,4.816666666666655,288,O168,0,C2,-0.3847062500761777,-0.3847062500761777,0.3847062500761777,0.8101853168157425,0.8583061749750197,0.5093049911043995,2.399999999999992,0,0.4165908745209602
M5_UNEQUAL_WIDTH,4.816666666666655,288,O168,0,C3,0.03456705790408665,0.03456705790408665,0.03456705790408665,0.8732437700323016,0.8775864929880693,0.3743606108229764,1.6999999999999944,0,0.37118289651695946
M5_UNEQUAL_WIDTH,4.816666666666655,288,O169,1,C0,0.9999797978053637,0.9999797978053637,0.9999797978053637,0.0028906219400048174,0.006098976285214941,0.007897720215527418,2.7999999999999905,0,0.9975956147733758
M5_UNEQUAL_WIDTH,4.816666666666655,288,O169,1,C1,-0.9542591422414228,-0.9542591422414228,0.9542591422414228,0.8404448349230811,0.8435051720129692,0.1745981644991713,2.7999999999999905,0,0.30092790173787
M5_UNEQUAL_WIDTH,4.816666666666655,288,O169,1,C2,-0.04276737955681517,-0.04276737955681517,0.04276737955681517,0.7524433968367152,0.8607669184059339,0.32282543265956487,2.399999999999992,0,0.37412645971193514
M5_UNEQUAL_WIDTH,4.816666666666655,288,O169,1,C3,-0.31222591888408624,-0.31222591888408624,0.31222591888408624,0.6525779711057761,0.65748176554258,0.1878810523781418,1.6999999999999944,0,0.45719334263942424
M5_UNEQUAL_WIDTH,4.816666666666655,288,O170,4,C0,-0.3100130074013552,-0.3100130074013552,0.3100130074013552,0.6521923850962723,0.6560531400665556,0.17103435988738422,2.7999999999999905,0,0.45392678773217
M5_UNEQUAL_WIDTH,4.816666666666655,288,O170,4,C1,0.01793783721045894,0.01793783721045894,0.01793783721045894,0.7230154867399791,0.7317320458105678,0.004333915603740344,2.7999999999999905,0,0.2964249651610963
M5_UNEQUAL_WIDTH,4.816666666666655,288,O170,4,C2,-0.9343578625521418,-0.9343578625521418,0.9343578625521418,1.191187753874306,1.1943335097576422,0.14389335255665325,2.399999999999992,0,0.0
M5_UNEQUAL_WIDTH,4.816666666666655,288,O170,4,C3,0.999991887687164,0.999991887687164,0.999991887687164,0.0036725116127008265,0.005656609186938044,0.008948972275230156,1.6999999999999944,0,0.9964110991605948
M5_UNEQUAL_WIDTH,4.816666666666655,288,O171,10,C0,0.13698757730315986,0.13698757730315986,0.13698757730315986,0.7255095824669991,0.7255170905090642,0.5429615035154559,2.7999999999999905,0,0.3925391383243999
M5_UNEQUAL_WIDTH,4.816666666666655,288,O171,10,C1,0.15916837927782815,0.15916837927782815,0.15916837927782815,0.6633433544573889,0.6654992440277154,0.376261059231812,2.7999999999999905,0,0.354492632202278
M5_UNEQUAL_WIDTH,4.816666666666655,288,O171,10,C2,0.9826487358902066,0.9826487358902066,0.9826487358902066,0.12922525293498058,0.13794068418430108,0.2280337910714184,2.399999999999992,0,0.8530535469679338
M5_UNEQUAL_WIDTH,4.816666666666655,288,O171,10,C3,-0.9849418397262943,-0.9849418397262943,0.9849418397262943,1.0957905827822876,1.109661430510697,0.36297817135284155,1.6999999999999944,0,0.0
M5_UNEQUAL_WIDTH,4.816666666666655,288,O172,14,C0,-0.9500559080404803,-0.9500559080404803,0.9500559080404803,0.8338820557846615,0.8367147580895912,0.16891908977784775,2.7999999999999905,0,0.3018001079733327
M5_UNEQUAL_WIDTH,4.816666666666655,288,O172,14,C1,0.9997977320490135,0.9997977320490135,0.9997977320490135,0.008766792206610733,0.012957025957814458,0.0022186454942038766,2.7999999999999905,0,0.9914689294416043
M5_UNEQUAL_WIDTH,4.816666666666655,288,O172,14,C2,0.3583670827396056,0.3583670827396056,0.3583670827396056,0.7830101804950553,0.7909148483689515,0.14600862266618972,2.399999999999992,0,0.23639479328395618
M5_UNEQUAL_WIDTH,4.816666666666655,288,O172,14,C3,-0.006202560902999754,-0.006202560902999754,0.006202560902999754,0.7201118368067623,0.7211540931815777,0.011064242384766623,1.6999999999999944,0,0.2977343568434354
M5_UNEQUAL_WIDTH,4.9166666666666545,294,O173,0,C0,0.9160998815071832,0.9160998815071832,0.9160998815071832,0.29368606702212535,0.2936863950681681,0.21420151822478384,2.89999999999999,0,0.791495063519133
M5_UNEQUAL_WIDTH,4.9166666666666545,294,O173,0,C1,-0.9933619441211392,-0.9933619441211392,0.9933619441211392,1.1155363750939224,1.1286055968651714,0.3809019625084277,2.89999999999999,0,0.20801540437554378
M5_UNEQUAL_WIDTH,4.9166666666666545,294,O173,0,C2,-0.44546237501372077,-0.44546237501372077,0.44546237501372077,0.8435834259770846,0.9063937841274352,0.5291292306688213,2.4999999999999916,0,0.4010907278198762
M5_UNEQUAL_WIDTH,4.9166666666666545,294,O173,0,C3,0.10120147981525443,0.10120147981525443,0.10120147981525443,0.9115265848071833,0.9139049639669643,0.3941848503873982,1.799999999999994,0,0.3528539007894951
M5_UNEQUAL_WIDTH,4.9166666666666545,294,O174,1,C0,0.9957477688068651,0.9957477688068651,0.9957477688068651,0.0620016521232873,0.062156196866046044,0.010244025342010452,2.89999999999999,0,0.9480867269925604
M5_UNEQUAL_WIDTH,4.9166666666666545,294,O174,1,C1,-0.979057816307296,-0.979057816307296,0.979057816307296,0.9015516505019057,0.9045912443832529,0.15645641894163342,2.89999999999999,0,0.23861053802079701
M5_UNEQUAL_WIDTH,4.9166666666666545,294,O174,1,C2,-0.1409186219016116,-0.1409186219016116,0.1409186219016116,0.7808142744558714,0.8242169423283072,0.30468368710202703,2.4999999999999916,0,0.3405771482946435
M5_UNEQUAL_WIDTH,4.9166666666666545,294,O174,1,C3,-0.21718175364711712,-0.21718175364711712,0.21718175364711712,0.6930378014183946,0.6958091615202038,0.16973930682060392,1.799999999999994,0,0.41470721232728114
M5_UNEQUAL_WIDTH,4.9166666666666545,294,O175,2,C0,0.9999541706294842,0.9999541706294842,0.9999541706294842,0.0027301987230384578,0.006364015274699782,0.0021002376541745314,2.89999999999999,0,0.9977180487100196
M5_UNEQUAL_WIDTH,4.9166666666666545,294,O175,2,C1,-0.9532922525767351,-0.9532922525767351,0.9532922525767351,0.8409284385181806,0.8437051870993505,0.16880068193781841,2.89999999999999,0,0.2971362418182517
M5_UNEQUAL_WIDTH,4.9166666666666545,294,O175,2,C2,-0.03955266918867131,-0.03955266918867131,0.03955266918867131,0.7529194917146063,0.8616763884510361,0.317027950098212,2.4999999999999916,0,0.3706957699190967
M5_UNEQUAL_WIDTH,4.9166666666666545,294,O175,2,C3,-0.31528088931261783,-0.31528088931261783,0.31528088931261783,0.6526282857151673,0.6556536065527504,0.18208356981678891,1.799999999999994,0,0.4545210405753721
M5_UNEQUAL_WIDTH,4.9166666666666545,294,O176,5,C0,-0.31429492254669655,-0.31429492254669655,0.31429492254669655,0.6466569104805541,0.6533714382723554,0.17146998334158323,2.89999999999999,0,0.45856157721132973
M5_UNEQUAL_WIDTH,4.9166666666666545,294,O176,5,C1,0.022444049152987727,0.022444049152987727,0.022444049152987727,0.7203937396292676,0.7345007229867396,0.0047695390579393674,2.89999999999999,0,0.29897621869381763
M5_UNEQUAL_WIDTH,4.9166666666666545,294,O176,5,C2,-0.9327423230525755,-0.9327423230525755,0.9327423230525755,1.1859276453365661,1.189035594769865,0.14345772910245425,2.4999999999999916,0,0.0
M5_UNEQUAL_WIDTH,4.9166666666666545,294,O176,5,C3,0.9999635761045048,0.9999635761045048,0.9999635761045048,0.003753995628460974,0.007124028305725873,0.008513348821031132,1.799999999999994,0,0.9963299078832218
M5_UNEQUAL_WIDTH,4.9166666666666545,294,O177,13,C0,0.14469304771897162,0.14469304771897162,0.14469304771897162,0.6921255146862912,0.7812134460802105,0.42221242653134267,2.89999999999999,0,0.4204912358161349
M5_UNEQUAL_WIDTH,4.9166666666666545,294,O177,13,C1,0.15147978867314213,0.15147978867314213,0.15147978867314213,0.7026929945298077,0.7039862026136717,0.25551198224769883,2.89999999999999,0,0.3162010258776585
M5_UNEQUAL_WIDTH,4.9166666666666545,294,O177,13,C2,0.9811754129227804,0.9811754129227804,0.9811754129227804,0.095219414643653,0.10161287888980879,0.1072847140873052,2.4999999999999916,0,0.8917227482718527
M5_UNEQUAL_WIDTH,4.9166666666666545,294,O177,13,C3,-0.9862575782262227,-0.9862575782262227,0.9862575782262227,1.0967064326022704,1.103115300645613,0.2422290943687283,1.799999999999994,0,0.0
M5_UNEQUAL_WIDTH,4.9166666666666545,294,O178,16,C0,0.14514695057185212,0.14514695057185212,0.14514695057185212,0.7251563411231439,0.7254212644888641,0.5439849577549287,2.89999999999999,0,0.3928349032547377
M5_UNEQUAL_WIDTH,4.9166666666666545,294,O178,16,C1,0.15102632084911513,0.15102632084911513,0.15102632084911513,0.6624148599023693,0.6640333915204542,0.37728451347128483,2.89999999999999,0,0.3553961613809423
M5_UNEQUAL_WIDTH,4.9166666666666545,294,O178,16,C2,0.9810867173444535,0.9810867173444535,0.9810867173444535,0.1301318892781642,0.13907232501253763,0.2290572453108912,2.4999999999999916,0,0.8520225797862496
M5_UNEQUAL_WIDTH,4.9166666666666545,294,O178,16,C3,-0.9863332661009794,-0.9863332661009794,0.9863332661009794,1.0950059480679388,1.108955805187099,0.3640016255923143,1.799999999999994,0,0.0
M5_UNEQUAL_WIDTH,4.9166666666666545,294,O179,20,C0,-0.9507179830671816,-0.9507179830671816,0.9507179830671816,0.8328158067822167,0.8358071017751243,0.17479408591216467,2.89999999999999,0,0.3026928660477105
M5_UNEQUAL_WIDTH,4.9166666666666545,294,O179,20,C1,0.9998382737628745,0.9998382737628745,0.9998382737628745,0.013141197658960749,0.01652013883144869,0.008093641628520791,2.89999999999999,0,0.987212143072596
M5_UNEQUAL_WIDTH,4.9166666666666545,294,O179,20,C2,0.3563792485738625,0.3563792485738625,0.3563792485738625,0.7784880671178432,0.7867407424007619,0.1401336265318728,2.4999999999999916,0,0.23643004038972748
M5_UNEQUAL_WIDTH,4.9166666666666545,294,O179,20,C3,-0.0040741993977005675,-0.0040741993977005675,0.0040741993977005675,0.7229807622197477,0.7235633786796944,0.005189246250449708,1.799999999999994,0,0.290873663033847
