map_case,candidate_id,observation_id,creation_time,frame,source_gap_id,exp039_new_candidate_created,opening_axis_x,opening_axis_y,opening_normal_odom_x,opening_normal_odom_y,gap_tangent_x,gap_tangent_y,center_x,center_y,center_odom_x,center_odom_y,termination_1_x,termination_1_y,termination_2_x,termination_2_y,gap_width,gap_width_over_W,free_continuation,incident_wall_alignment_deg,incoming_axis_dot,parent_direction_dot,traversed_path_distance_over_W,motion_history_axis_x,motion_history_axis_y,parent_direction_axis_x,parent_direction_axis_y,motion_history_reliability,nearest_existing_candidate,existing_axis_dot,center_distance_over_W,termination_distance_over_W,audit_identity_decision
M1_CROSS_BASELINE,C0,O0,2.2166666666666637,132,0,False,-0.004627157304503253,-0.9999892946503375,-0.004627157304503253,-0.9999892946503375,0.9999892946503375,-0.004627157304503253,86.05533736120611,-43.95287493309105,214.9954707827433,-43.5958688801828,43.757152482685854,-43.75715248268591,128.35352223972637,-44.148597383496195,84.59727540045418,1.0071104214339783,47.42592435833069,0.26511753075045874,0.005306057733430624,-0.8902554916254396,1.150358338090363,0.9999997695414191,0.0006789087632511763,-0.9999997695414191,-0.0006789087632511763,0.9999999090927827,NONE,nan,nan,nan,EXP039_ASSOCIATE
M1_CROSS_BASELINE,C2,O1,2.2166666666666637,132,3,True,0.9999999998789821,-1.555750637621974e-05,0.9999999998789821,-1.555750637621974e-05,1.555750637621974e-05,0.9999999998789821,128.3541900738376,-1.2217879710138035,257.2943234953748,-0.864781918105547,128.35352223972637,-44.148597383496195,128.35485790794883,41.70502144146859,85.85361883535461,1.0220668908970787,21.639995032109226,0.0008913794551403953,-0.9999997588582739,-0.9999480059467145,1.528095297236795,0.9999997695414191,0.0006789087632511763,-0.9999997695414191,-0.0006789087632511763,0.9999999090927827,NONE,nan,nan,nan,EXP039_NEW
M1_CROSS_BASELINE,C1,O2,2.2166666666666637,132,5,False,-0.017159202017045346,0.9998527700547407,-0.017159202017045346,0.9998527700547407,-0.9998527700547407,-0.017159202017045346,85.75501419390551,40.97393447939135,214.6951476154427,41.33094053229961,128.35485790794883,41.70502144146859,43.15517047986218,40.24284751731412,85.21223322051912,1.014431347863323,47.7668950953323,0.9831981079305478,0.016480389255008873,-0.9025877261435733,1.1314401057436756,0.9999997695414191,0.0006789087632511763,-0.9999997695414191,-0.0006789087632511763,0.9999999090927827,NONE,nan,nan,nan,EXP039_ASSOCIATE
M1_CROSS_BASELINE,C1,O3,2.3166666666666633,138,2,False,4.718558140773122e-06,0.9999999999888676,4.718558140773123e-06,0.9999999999888677,-0.9999999999888676,4.718558140773122e-06,81.28088863440088,40.2417424494391,215.15915909210298,40.59964431330421,123.7005850146256,40.24154228963541,38.86119225417616,40.241942609242784,84.83939276139391,1.009992770968975,46.67863196081039,0.00027035346684556316,-0.0006348765852181909,-0.8964580830354562,1.079728479857834,0.9999998014504101,0.0006301580280213008,-0.9999998014504101,-0.0006301580280213008,0.9999998958031664,C1,0.9998526890769177,0.010310519103978838,0.012702584932302934,EXP039_ASSOCIATE
M1_CROSS_BASELINE,C0,O4,2.416666666666663,144,0,False,-0.011100140915159809,-0.9999383915380304,-0.01110014091515981,-0.9999383915380305,0.9999383915380304,-0.011100140915159809,76.88509024415721,-44.23324788041984,215.35432304901457,-43.87423948152338,34.188496862868305,-43.7592804768875,119.58168362544612,-44.70721528395218,85.39844802961551,1.0166481908287561,48.63398541036955,0.6360042875747212,0.011604856621495612,-0.8665359765469528,1.0559662934542011,0.9999998726146105,0.0005047482170929136,-0.9999998726146105,-0.0005047482170929136,0.9999999186773292,C0,0.9999790489460247,0.00540671693058821,0.005829631508923114,EXP039_ASSOCIATE
M1_CROSS_BASELINE,C2,O5,2.416666666666663,144,3,False,0.9987411021657313,-0.05016184650489101,0.9987411021657313,-0.05016184650489101,0.05016184650489101,0.9987411021657313,121.71494181290798,-2.2332478804198885,260.18417461776534,-1.874239481523432,119.58168362544612,-44.70721528395218,123.84820000036984,40.2407195231124,85.0550103754199,1.0125596473264273,28.26457189209472,2.875268755142031,-0.9987156558381176,-0.9998223275842973,1.4492312869988726,0.9999998726146105,0.0005047482170929136,-0.9999998726146105,-0.0005047482170929136,0.9999999186773292,C2,0.9987418824381126,0.036441493354613365,0.0367310115501018,EXP039_ASSOCIATE
M1_CROSS_BASELINE,C1,O6,2.416666666666663,144,5,False,9.465255361173355e-16,1.0,9.465255361173355e-16,1.0,-1.0,9.465255361173355e-16,78.80708645526092,40.240719523112446,217.27631926011827,40.5997279220089,123.84820000036984,40.2407195231124,33.76597291015199,40.24071952311249,90.08222709021786,1.0724074653597364,44.998126777662364,5.684341886080802e-14,-0.0005047482170938601,-0.8908401727665415,1.0534115014013707,0.9999998726146105,0.0005047482170929136,-0.9999998726146105,-0.0005047482170929136,0.9999999186773292,C1,0.9998527700547407,0.03193743649506085,0.031969584244080994,EXP039_ASSOCIATE
M1_CROSS_BASELINE,C0,O7,2.5166666666666626,150,0,False,-0.0022062644634762113,-0.9999975661955969,-0.0022062644634762117,-0.999997566195597,0.9999975661955969,-0.0022062644634762113,72.0769920616905,-43.855751040900756,214.8724805923878,-43.49443498945074,29.517743137255096,-43.76185385387915,114.6362409861259,-43.94964822792237,85.11870501114984,1.0133179167994029,49.36814567730366,0.12640974479909062,0.002585262476734344,-0.8540920246056847,1.0044134243929086,0.9999999281798407,0.00037899909412206185,-0.9999999281798407,-0.00037899909412206185,0.9999999764352026,C0,0.999997069604717,0.0018978827083039366,0.003748661654111812,EXP039_ASSOCIATE
M1_CROSS_BASELINE,C2,O8,2.5166666666666626,150,3,False,0.9996513063028952,-0.026405791162458326,0.9996513063028952,-0.026405791162458326,0.026405791162458326,0.9996513063028952,115.7481513605997,-1.8557510409007847,258.543639891297,-1.49443498945077,114.6362409861259,-43.94964822792237,116.86006173507351,40.2381461461208,84.21716036705122,1.0025852424648956,34.236973280230345,1.5131162637694615,-0.999641226736849,-0.9998653542445657,1.3781312704734483,0.9999999281798407,0.00037899909412206185,-0.9999999281798407,-0.00037899909412206185,0.9999999764352026,C2,0.999651716990184,0.01665498930788012,0.01799196377686551,EXP039_ASSOCIATE
M1_CROSS_BASELINE,C1,O9,2.5166666666666626,150,5,False,5.747502422596234e-16,1.0,5.747502422596234e-16,1.0,-1.0,5.747502422596234e-16,73.59083986605549,40.238146146120826,216.3863283967528,40.599462197570844,116.86006173507351,40.2381461461208,30.321617997037457,40.23814614612085,86.53844373803605,1.030219568309953,47.19697202853874,2.842170943040401e-14,-0.0003789990941226366,-0.8775872521142822,0.9984909331747015,0.9999999281798407,0.00037899909412206185,-0.9999999281798407,-0.00037899909412206185,0.9999999764352026,C1,0.9998527700547407,0.02193564395682888,0.022611499366643,EXP039_ASSOCIATE
M1_CROSS_BASELINE,C0,O10,2.6166666666666623,156,0,False,-0.00991588037866073,-0.9999508364496308,-0.00991588037866073,-0.9999508364496308,0.9999508364496308,-0.00991588037866073,68.34250008430112,-44.18266760421659,215.38271792499452,-43.81764167556301,26.29710361048453,-43.76572998417518,110.38789655811772,-44.599605224258006,84.0949273528299,1.0011300875336893,50.241855074712035,0.5681474065989107,0.010295672860077522,-0.8395821194254703,0.9688169137447522,0.9999999278714693,0.000379811869534654,-0.9999999278714693,-0.000379811869534654,0.9999999678541626,C0,0.999986013964606,0.005312559482826849,0.006565358091481592,EXP039_ASSOCIATE
M1_CROSS_BASELINE,C2,O11,2.6166666666666623,156,3,False,0.9999994521530794,-0.0010467538111052464,0.9999994521530795,-0.0010467538111052466,0.0010467538111052464,0.9999994521530794,110.43229665329775,-2.182686953194871,257.4725144939912,-1.8176610245412923,110.38789655811772,-44.599605224258006,110.47669674847778,40.234231317868264,84.83388301810785,1.0099271787869983,39.54613512213524,0.05997458651788179,-0.9999989824550662,-0.9997971533153378,1.3149269628317237,0.9999999278714693,0.000379811869534654,-0.9999999278714693,-0.000379811869534654,0.9999999678541626,C2,0.9999994683169409,0.011540440966558475,0.011562222136000135,EXP039_ASSOCIATE
M1_CROSS_BASELINE,C1,O12,2.6166666666666623,156,5,False,4.587878664131909e-07,0.9999999999998948,4.587878664131909e-07,0.9999999999998948,-0.9999999999998948,4.587878664131909e-07,68.30256860175669,40.234250666846535,215.3427864424501,40.599276595500115,110.47669674847778,40.234231317868264,26.128440455035587,40.234270015824805,84.34825629345107,1.0041459082553699,49.51029620997541,2.6286608431291825e-05,-0.0003802706573679355,-0.8618165581716104,0.9437132209889999,0.9999999278714693,0.000379811869534654,-0.9999999278714693,-0.000379811869534654,0.9999999678541626,C1,0.9998527621822018,0.011632409414637465,0.015195616003125165,EXP039_ASSOCIATE
M1_CROSS_BASELINE,C0,O13,2.716666666666662,162,0,False,-0.014693483406051918,-0.9998920449455513,-0.014693483406051918,-0.9998920449455513,0.9998920449455513,-0.014693483406051918,63.69781360611695,-44.392214654327894,215.05766148203247,-44.022970503319364,21.347997434074124,-43.76988114910719,106.04762977815979,-45.014548159548596,84.70877708472814,1.0084378224372397,51.81953950116086,0.8419048816927841,0.01518096815297248,-0.8201388337004434,0.9242941920285639,0.9999998811527936,0.0004875391255128562,-0.9999998811527936,-0.0004875391255128562,0.9999999452398818,C0,0.9999493298106563,0.005138163085466651,0.005189510467839625,EXP039_ASSOCIATE
M1_CROSS_BASELINE,C2,O14,2.716666666666662,162,3,False,0.9999999999094589,1.3456679811740161e-05,0.9999999999094589,1.3456679811740161e-05,-1.3456679811740161e-05,0.9999999999094589,106.04705389052194,-2.2188774694200184,257.40690176643744,-1.8496333184114904,106.04762977815979,-45.014548159548596,106.04647800288407,40.57679322070856,85.59134138800668,1.018944540333413,43.92973528795375,0.0007710109594825099,-0.9999998876229104,-0.999770857416379,1.2627412465719792,0.9999998811527936,0.0004875391255128562,-0.9999998811527936,-0.0004875391255128562,0.9999999452398818,C2,0.9999999995790886,0.011800772894237288,0.011802362333998765,EXP039_ASSOCIATE
M1_CROSS_BASELINE,C1,O15,2.716666666666662,162,5,False,-0.004095073117267819,0.9999916151529292,-0.00409507311726782,0.9999916151529293,-0.9999916151529292,-0.004095073117267819,63.71860581638303,40.40345603580069,215.07845369229852,40.77270018680922,106.04647800288407,40.57679322070856,21.390733629882,40.23011885089281,84.65645420442414,1.0078149310050493,49.60041680973045,0.23463106219912788,0.0036075375930079714,-0.8447903281384763,0.8981983089573186,0.9999998811527936,0.0004875391255128562,-0.9999998811527936,-0.0004875391255128562,0.9999999452398818,C1,0.9999146546290645,0.00806151793477354,0.01057623628908346,EXP039_ASSOCIATE
M1_CROSS_BASELINE,C0,O16,2.8166666666666615,168,0,False,-0.0084982352632037,-0.999963889346716,-0.0084982352632037,-0.999963889346716,0.999963889346716,-0.0084982352632037,59.577435649801615,-44.13643906881674,215.38435362269314,-43.76394038937066,16.80284871330707,-43.77291743874051,102.35202258629616,-44.49996069889298,85.55226322110393,1.018479324060761,53.04873436415248,0.4869188748911597,0.009087956792771329,-0.8031737064928718,0.8826797810332472,0.9999998261008132,0.0005897443034558989,-0.9999998261008132,-0.0005897443034558989,0.9999999542063128,C0,0.9999925070550042,0.0050434323299402605,0.0060458599365096856,EXP039_ASSOCIATE
M1_CROSS_BASELINE,C2,O17,2.8166666666666615,168,3,False,0.9995845284118988,-0.028823090735758294,0.9995845284118989,-0.028823090735758297,0.028823090735758294,0.9995845284118988,103.57357773558394,-2.136439068816763,259.38049570847545,-1.7639403893706826,102.35202258629616,-44.49996069889298,104.7951328848717,40.22708256125945,84.76225957074733,1.009074518699373,46.40439016616672,1.6516701986980706,-0.9995673563313928,-0.9997749898628119,1.233281069450396,0.9999998261008132,0.0005897443034558989,-0.9999998261008132,-0.0005897443034558989,0.9999999542063128,C2,0.9995849767063493,0.02704399408545774,0.027048666345394348,EXP039_ASSOCIATE
M1_CROSS_BASELINE,C1,O18,2.8166666666666615,168,5,False,5.670101868605258e-16,1.0,5.670101868605258e-16,1.0,-1.0,5.670101868605258e-16,60.93525818085545,40.22708256125948,216.74217615374698,40.59958124070556,104.7951328848717,40.22708256125945,17.075383476839193,40.2270825612595,87.71974940803251,1.044282731048006,48.10615348142794,2.842170943040401e-14,-0.0005897443034564659,-0.8348723860548006,0.8692370847738764,0.9999998261008132,0.0005897443034558989,-0.9999998261008132,-0.0005897443034558989,0.9999999542063128,C1,0.9998527700547407,0.025878039684834448,0.02620826615394597,EXP039_ASSOCIATE
M1_CROSS_BASELINE,C0,O19,2.916666666666661,174,0,False,-0.008680880511566546,-0.9999623204468975,-0.008680880511566548,-0.9999623204468976,0.9999623204468975,-0.008680880511566546,55.11747044695284,-44.14442518150133,215.45542330931795,-43.769798679461616,12.552252792078377,-43.774907689836596,97.6826881018273,-44.51394267316607,85.13364310737519,1.013495751278276,54.25767036727284,0.49738406285555925,0.009326306990595265,-0.7801165418085019,0.8406705750423572,0.999999791695444,0.000645452607661485,-0.999999791695444,-0.000645452607661485,0.999999969870701,C0,0.9999917833002765,0.005854043675077363,0.00594515424015498,EXP039_ASSOCIATE
M1_CROSS_BASELINE,C2,O20,2.916666666666661,174,3,False,0.9997545335411173,-0.022155646322847694,0.9997545335411173,-0.022155646322847694,0.022155646322847694,0.9997545335411173,98.62164262808494,-2.144425181501294,258.95959549045006,-1.769798679461575,97.6826881018273,-44.51394267316607,99.56059715434259,40.22509231016348,84.75984068127705,1.0090457223961553,51.35504597790742,1.2695289039718602,-0.9997400248679995,-0.9997494442324447,1.1743446907391974,0.999999791695444,0.000645452607661485,-0.999999791695444,-0.000645452607661485,0.999999969870701,C2,0.9997548781067381,0.022563170819411126,0.02257129794833839,EXP039_ASSOCIATE
M1_CROSS_BASELINE,C1,O21,2.916666666666661,174,5,False,-4.071292423103577e-16,1.0,-4.071292423103577e-16,1.0,-1.0,-4.071292423103577e-16,55.929321019033196,40.22509231016346,216.2672738813983,40.59971881220318,99.56059715434259,40.22509231016348,12.2980448837238,40.22509231016345,87.26255227061878,1.0388399079835569,51.06233156630681,0.0,-0.0006454526076610778,-0.8122139127144667,0.8201462559176242,0.999999791695444,0.000645452607661485,-0.999999791695444,-0.000645452607661485,0.999999969870701,C1,0.9998527700547407,0.02064117571572604,0.020992891677043456,EXP039_ASSOCIATE
M1_CROSS_BASELINE,C0,O22,3.016666666666661,180,0,False,-0.00803299421482726,-0.9999677349814566,-0.00803299421482726,-0.9999677349814566,0.9999677349814566,-0.00803299421482726,50.860506090133,-44.11652370673552,215.71297029168977,-43.74042212150931,8.509251766570387,-43.776305348612034,93.21176041369561,-44.456742064859014,84.70524166331822,1.0083957340871217,55.295242353993785,0.4602616154897703,0.008688810997513475,-0.7549840556207368,0.8015237352349845,0.9999997849371398,0.0006558396709640707,-0.9999997849371398,-0.0006558396709640707,0.999999971463219,C0,0.9999941999050606,0.008713286965571169,0.008853739269330292,EXP039_ASSOCIATE
M1_CROSS_BASELINE,C2,O23,3.016666666666661,180,3,False,0.9999865800892995,-0.005180698920694931,0.9999865800892995,-0.005180698920694931,0.005180698920694931,0.9999865800892995,93.43238452174714,-1.871532873413706,258.28484872330387,-1.4954312881874938,93.21176041369561,-44.456742064859014,93.65300862979865,40.7136763180316,85.17156137763853,1.0139471592576015,56.54887313297992,0.296833510911398,-0.99998296732145,-0.9997860928457167,1.112513415083572,0.9999997849371398,0.0006558396709640707,-0.9999997849371398,-0.0006558396709640707,0.999999971463219,C2,0.9999866605670398,0.013979145339200855,0.014140403673234183,EXP039_ASSOCIATE
M1_CROSS_BASELINE,C1,O24,3.016666666666661,180,5,False,-0.005708366015439524,0.9999837071459883,-0.005708366015439525,0.9999837071459884,-0.9999837071459883,-0.005708366015439524,50.735851415398315,40.468685484709766,215.58831561695507,40.844787069935975,93.65300862979865,40.7136763180316,7.8186942009979745,40.22369465138792,85.83571293754055,1.0218537254469113,54.18437637038494,0.3270670568877563,0.005052535802317945,-0.7821787232238498,0.7726035587729262,0.9999997849371398,0.0006558396709640707,-0.9999997849371398,-0.0006558396709640707,0.999999971463219,C1,0.9999344306051713,0.012106003059459665,0.012669310656209309,EXP039_ASSOCIATE
M1_CROSS_BASELINE,C0,O25,3.1166666666666605,186,0,False,-0.006799695096769417,-0.99997688180607,-0.006799695096769417,-0.99997688180607,0.99997688180607,-0.006799695096769417,46.401825525338,-44.066817891832756,215.63941305971747,-43.68963287791354,3.8300206111760815,-43.77733590639662,88.97363043949991,-44.35629987726888,85.14557824031387,1.0136378361942127,58.60681695737371,0.3895968332836901,0.007395430957556957,-0.7247054394108016,0.7618130386749135,0.9999998225404525,0.0005957508401418122,-0.9999998225404525,-0.0005957508401418122,0.9999999600864949,C0,0.9999976399627313,0.007746820569248603,0.007778873592546158,EXP039_ASSOCIATE
M1_CROSS_BASELINE,C2,O26,3.1166666666666605,186,3,False,0.999994088524753,-0.0034384466767022363,0.999994088524753,-0.0034384466767022363,0.0034384466767022363,0.999994088524753,89.11981611840937,-1.8415167553033314,258.35740365278883,-1.4643317413841153,88.97363043949991,-44.35629987726888,89.26600179731884,40.67326636666222,85.03006889707864,1.0122627249652218,60.86115993048169,0.19700887086032992,-0.9999918626087582,-0.9997740956533697,1.0611766674942655,0.9999998225404525,0.0005957508401418122,-0.9999998225404525,-0.0005957508401418122,0.9999999600864949,C2,0.9999941418973919,0.014529660275882076,0.01495594116745102,EXP039_ASSOCIATE
M1_CROSS_BASELINE,C1,O27,3.1166666666666605,186,5,False,-0.005254949847036246,0.9999861926557312,-0.005254949847036246,0.9999861926557312,-0.9999861926557312,-0.005254949847036246,46.39251446116019,40.44796523013281,215.63010199553963,40.825150244052026,89.26600179731884,40.67326636666222,3.5190271250015357,40.22266409360339,85.74815862666387,1.020811412222189,55.30425951731749,0.30108783353045965,0.0046592063000903605,-0.754138276665251,0.7327285006999196,0.9999998225404525,0.0005957508401418122,-0.9999998225404525,-0.0005957508401418122,0.9999999600864949,C1,0.9999291354893411,0.012654731154758282,0.01331774019011976,EXP039_ASSOCIATE
M1_CROSS_BASELINE,C0,O28,3.21666666666666,192,0,False,-0.005356204390619452,-0.9999856554343797,-0.005356204390619452,-0.9999856554343797,0.9999856554343797,-0.005356204390619452,42.491542167450774,-44.005694114626564,215.90924517928354,-43.627709504159704,0.0,-43.778097465129996,84.98308433490155,-44.233290764123126,84.98430339781834,1.0117178975930754,59.81798896289069,0.3068893731915949,0.00583366969992915,-0.6942787511001428,0.7282399135162015,0.999999886009871,0.0004774727690035935,-0.999999886009871,-0.0004774727690035935,0.9999999656342219,C0,0.9999997342385513,0.010884868740776363,0.010889170565333662,EXP039_ASSOCIATE
M1_CROSS_BASELINE,C2,O29,3.21666666666666,192,3,False,0.9999980301524354,-0.0019848655493144695,0.9999980301524354,-0.0019848655493144695,0.0019848655493144695,0.9999980301524354,85.0672829214009,-1.8130771279630196,258.4849859332337,-1.4350925174961566,84.98308433490155,-44.233290764123126,85.15148150790026,40.60713650819709,84.84059439535847,1.0100070761352198,64.91339780963393,0.1137244935499524,-0.999996968443281,-0.9997626575720202,1.0129357403615011,0.999999886009871,0.0004774727690035935,-0.999999886009871,-0.0004774727690035935,0.9999999656342219,C2,0.9999980609109762,0.015716681007495115,0.016531456828032424,EXP039_ASSOCIATE
M1_CROSS_BASELINE,C1,O30,3.21666666666666,192,5,False,-0.0045240555323067455,0.9999897664084071,-0.0045240555323067455,0.9999897664084071,-0.9999897664084071,-0.0045240555323067455,42.57574075395013,40.41451952153355,215.9934437657829,40.79250413200041,85.15148150790026,40.60713650819709,0.0,40.221902534870004,85.15235292230324,1.0137184871702767,58.135950485156116,0.2592101725015823,0.004046587133866793,-0.725603907467437,0.698843704942414,0.999999886009871,0.0004774727690035935,-0.999999886009871,-0.0004774727690035935,0.9999999656342219,C1,0.9999201671526541,0.016732381717880357,0.017801906615387875,EXP039_ASSOCIATE
M1_CROSS_BASELINE,C2,O31,3.3166666666666598,198,0,False,0.9999997150203832,-0.0007549563908947638,0.9999997150203833,-0.0007549563908947639,0.0007549563908947638,0.9999997150203832,81.24963374253292,-1.7864273602693785,258.6432983036533,-1.4074281844680323,81.21769689938579,-44.08931323682016,81.28157058568007,40.5164585162814,84.60579586402885,1.007211855524153,68.73072963284791,0.043255819023698905,-0.9999993780147393,-0.9997503891764207,0.9674913138946679,0.9999999350638998,0.000360377851814645,-0.9999999350638998,-0.000360377851814645,0.9999999871287024,C2,0.9999997266446043,0.01730985951305105,0.018615513363740312,EXP039_ASSOCIATE
M1_CROSS_BASELINE,C1,O32,3.3166666666666598,198,2,False,-0.003471348436424547,0.9999939748518653,-0.003471348436424547,0.9999939748518653,-0.9999939748518653,-0.003471348436424547,38.55348566816926,40.368133551831704,215.9471502292896,40.74713272763305,81.28157058568007,40.5164585162814,-4.174599249341549,40.219808587382005,85.4566847242062,1.0173414848119786,59.48555177340863,0.19889401408187268,0.003110972530524014,-0.6909262719663102,0.6645328802447172,0.9999999350638998,0.000360377851814645,-0.9999999350638998,-0.000360377851814645,0.9999999871287024,C1,0.9999063113627803,0.016445566166094622,0.017446179138267966,EXP039_ASSOCIATE
M1_CROSS_BASELINE,C0,O33,3.4166666666666594,204,0,False,-0.0006549748615785769,-0.9999997855039423,-0.000654974861578577,-0.9999997855039424,0.9999997855039423,-0.0006549748615785769,34.249551427525546,-43.89923519240792,215.49999190471144,-43.5175751613005,-7.750390742199216,-43.871726280198445,76.24949359725031,-43.9267441046174,83.99990235709743,0.9999988375844931,68.17067118456887,0.03228000199243297,0.0010090411593585637,-0.6148435824945876,0.6628477591812653,0.9999999373184849,0.0003540664147806535,-0.9999999373184849,-0.0003540664147806535,0.9999999835924614,C0,0.9999921108282912,0.006078094717289986,0.00672150733434476,EXP039_ASSOCIATE
M1_CROSS_BASELINE,C3,O34,3.4166666666666594,204,2,True,-0.9999998568241408,-0.0005351183960961561,-0.9999998568241408,-0.0005351183960961561,-0.0005351183960961561,0.9999998568241408,-7.772889638777773,-1.8270245442948365,173.47755083840812,-1.4453645131874104,-7.750390742199216,-43.871726280198445,-7.79538853535633,40.21767719160877,84.08941551138153,1.0010644703735896,142.01527508162775,0.030660027099386866,0.9999999836100867,0.9735508886104612,0.021706655918393693,0.9999999373184849,0.0003540664147806535,-0.9999999373184849,-0.0003540664147806535,0.9999999835924614,C0,0.005162269309472645,0.7043357276923418,0.7128849309844482,EXP039_NEW
M1_CROSS_BASELINE,C2,O35,3.4166666666666594,204,3,False,0.9999999999991983,1.2661699041097178e-06,0.9999999999991984,1.266169904109718e-06,-1.2661699041097178e-06,0.9999999999991983,76.24944020176756,-1.755877005039416,257.49988067895345,-1.3742169739319898,76.24949359725031,-43.9267441046174,76.2493868062848,40.41499009453857,84.34173419922358,1.0040682642764711,73.73034525356921,7.254619166019438e-05,-0.9999999377659915,-0.999726745568222,0.9079720803146523,0.9999999373184849,0.0003540664147806535,-0.9999999373184849,-0.0003540664147806535,0.9999999835924614,C2,0.9999999998584821,0.006539798704507393,0.009543323361220128,EXP039_ASSOCIATE
M1_CROSS_BASELINE,C1,O36,3.4166666666666594,204,5,False,-0.002347705236408196,0.9999972441362641,-0.002347705236408196,0.9999972441362641,-0.9999972441362641,-0.002347705236408196,34.22699913546424,40.31633364307367,215.47743961265013,40.69799367418109,76.2493868062848,40.41499009453857,-7.79538853535633,40.21767719160877,84.04500695822799,1.0005357971217617,65.73765079605539,0.13451372515413595,0.0019936396502286137,-0.6474583911261834,0.6295913249310124,0.9999999373184849,0.0003540664147806535,-0.9999999373184849,-0.0003540664147806535,0.9999999835924614,C1,0.9998902993451785,0.011979541884670198,0.01572379433564274,EXP039_ASSOCIATE
M1_CROSS_BASELINE,C0,O37,3.516666666666659,210,1,False,-0.008535191296269043,-0.9999635745913629,-0.008535191296269043,-0.9999635745913629,0.9999635745913629,-0.008535191296269043,30.46771520069971,-44.14712966395314,215.57871580872637,-43.76076490321945,-11.69060265245863,-43.7872872489405,72.62603305385805,-44.50697207896577,84.31970708610345,1.0038060367393267,72.54672656798506,0.4890363764107093,0.009012226364803318,-0.5676108357800962,0.6385715536465245,0.9999998862100123,0.00047705341661922763,-0.9999998862100123,-0.00047705341661922763,0.9999999281534141,C0,0.999992363304399,0.007215557199238281,0.007590664476554525,EXP039_ASSOCIATE
M1_CROSS_BASELINE,C3,O38,3.516666666666659,210,3,False,-0.9999996700585062,0.0008123317539482937,-0.9999996700585063,0.0008123317539482938,0.0008123317539482937,0.9999996700585062,-11.6564173697117,-1.704392789096957,173.45458323831497,-1.318028028363275,-11.69060265245863,-43.7872872489405,-11.622232086964772,40.37850167074659,84.16581668948237,1.0019740082081234,138.21963410260776,0.04654318618453601,0.9999991687429174,0.9895472883666461,0.02019069972427276,0.9999998862100123,0.00047705341661922763,-0.9999998862100123,-0.00047705341661922763,0.9999999281534141,C3,0.999999092189029,0.0015403718142588244,0.0017171024284182,EXP039_ASSOCIATE
M1_CROSS_BASELINE,C2,O39,3.516666666666659,210,7,False,0.9999982861780923,0.0018513889051336326,0.9999982861780924,0.0018513889051336328,-0.0018513889051336326,0.9999982861780923,72.5476084205518,-2.1471530895929902,257.65860902857844,-1.7607883288593082,72.62603305385805,-44.50697207896577,72.46918378724556,40.212665899779786,84.71978317336597,1.0085688473019758,77.42062445892866,0.0904958412076553,-0.9999990555997024,-0.9995480853591824,0.8640401850127539,0.9999998862100123,0.00047705341661922763,-0.9999998862100123,-0.00047705341661922763,0.9999999281534141,C2,0.9999982572540801,0.011514627871489947,0.012158656207851216,EXP039_ASSOCIATE
M1_CROSS_BASELINE,C1,O40,3.516666666666659,210,9,False,0.0019720853402789627,0.9999980554378147,0.0019720853402789627,0.9999980554378147,-0.9999980554378147,0.0019720853402789627,30.42347585014039,40.29558378526319,215.53447645816706,40.681948545996875,72.46918378724556,40.212665899779786,-11.622232086964772,40.37850167074659,84.09157939551572,1.0010902308989966,69.7749457858165,0.11299224007777298,-0.0024491376048345896,-0.6029353692344607,0.6010810786131817,0.9999998862100123,0.00047705341661922763,-0.9999998862100123,-0.00047705341661922763,0.9999999281534141,C1,0.9998169863681045,0.012630629817894404,0.017224619185348535,EXP039_ASSOCIATE
M1_CROSS_BASELINE,C0,O41,3.6166666666666587,216,1,False,-0.003681113438340379,-0.9999932246789744,-0.0036811134383403794,-0.9999932246789746,0.9999932246789744,-0.003681113438340379,26.722264889670413,-43.949959460173986,215.79068059111387,-43.55746007961565,-15.797584657460416,-43.793438010126756,69.24211443680124,-44.10648091022121,85.04027526942671,1.012384229397937,81.36922247008863,0.2109127402598574,0.00437099792644763,-0.5189333494173574,0.6123352174777995,0.9999997620258393,0.000689890038343614,-0.9999997620258393,-0.000689890038343614,0.999999854974102,C0,0.9999995524927792,0.009477819578273296,0.009484390044540268,EXP039_ASSOCIATE
M1_CROSS_BASELINE,C3,O42,3.6166666666666587,216,3,False,-0.9999989033572018,-0.0014809741367787402,-0.9999989033572019,-0.0014809741367787404,-0.0014809741367787402,0.9999989033572018,-15.859945999501825,-1.685157990508241,173.20846970194162,-1.292658609949906,-15.797584657460416,-43.793438010126756,-15.922307341543233,40.423122029110274,84.21665239482238,1.0025791951764569,134.05077918642772,0.02175005585309009,0.9999996870926061,0.9944752150812197,0.01988818198303723,0.9999997620258393,0.000689890038343614,-0.9999997620258393,-0.000689890038343614,0.999999854974102,C3,0.9999995526780044,0.00368324465998327,0.0037087151484084912,EXP039_ASSOCIATE
M1_CROSS_BASELINE,C2,O43,3.6166666666666587,216,7,False,0.9999965565813755,0.0026242761653639153,0.9999965565813753,0.002624276165363915,-0.0026242761653639153,0.9999965565813755,69.13089845666039,-1.7269483573828595,258.19931415810385,-1.3344489768245245,69.24211443680124,-44.10648091022121,69.01968247651953,40.65258419545549,84.75935696762508,1.0090399639002985,80.84753459164195,0.15036012113642983,-0.9999981290700186,-0.9996706580539217,0.8232436358137863,0.9999997620258393,0.000689890038343614,-0.9999997620258393,-0.000689890038343614,0.999999854974102,C2,0.9999965156331647,0.01213815995560216,0.013746907141649712,EXP039_ASSOCIATE
M1_CROSS_BASELINE,C1,O44,3.6166666666666587,216,9,False,-0.002701388672257431,0.9999963512429639,-0.0027013886722574315,0.999996351242964,-0.9999963512429639,-0.002701388672257431,26.54868756748815,40.53785311228288,215.6171032689316,40.930352492841216,69.01968247651953,40.65258419545549,-15.922307341543233,40.423122029110274,84.94229975187665,1.0112178541890078,77.12973300154894,0.1547783579943598,0.0020115005082942464,-0.5484502676008194,0.5768775845195705,0.9999997620258393,0.000689890038343614,-0.9999997620258393,-0.000689890038343614,0.999999854974102,C1,0.9998954755088648,0.011966938845589595,0.014061766366733503,EXP039_ASSOCIATE
M1_CROSS_BASELINE,C0,O45,3.7166666666666583,222,1,False,-0.004639270704068287,-0.9999892385257625,-0.004639270704068287,-0.9999892385257625,0.9999892385257625,-0.004639270704068287,22.27959128196604,-44.21642533475436,215.42683539755484,-43.817345489299406,-20.0605959258436,-44.019995630763205,64.61977848977568,-44.41285503874552,84.68128571109386,1.008110544179689,92.12752504411102,0.2658115848706615,0.00557659125859608,-0.4491432452916059,0.5894326965655386,0.9999995607036273,0.0009373326796240693,-0.9999995607036273,-0.0009373326796240693,0.999999833176066,C0,0.9999999999266311,0.005772610568904652,0.0057768610948045265,EXP039_ASSOCIATE
M1_CROSS_BASELINE,C3,O46,3.7166666666666583,222,3,False,-0.9999906937009191,0.004314222010333634,-0.9999906937009192,0.0043142220103336345,0.004314222010333634,0.9999906937009191,-19.87871384908562,-1.8616682027066176,173.26853026650318,-1.4625883572516625,-20.0605959258436,-44.019995630763205,-19.696831772327645,40.29665922534997,84.31743953942326,1.0037790421359911,130.03430259693397,0.2471874798752367,0.9999862105473571,0.995730312722801,0.02191127784697038,0.9999995607036273,0.0009373326796240693,-0.9999995607036273,-0.0009373326796240693,0.999999833176066,C3,0.99998824190683,0.002496774003731888,0.003155529599079562,EXP039_ASSOCIATE
M1_CROSS_BASELINE,C2,O47,3.7166666666666583,222,7,False,0.999993702261687,0.003549005066838841,0.999993702261687,0.003549005066838841,-0.003549005066838841,0.999993702261687,64.46963209559215,-2.1065055765356178,257.61687621118097,-1.7074257310806626,64.61977848977568,-44.41285503874552,64.31948570140861,40.199843885674284,84.61323179641147,1.007300378528708,85.49596269778937,0.20063552886966818,-0.9999965895665102,-0.9994355698351076,0.7679052059786984,0.9999995607036273,0.0009373326796240693,-0.9999995607036273,-0.0009373326796240693,0.999999833176066,C2,0.999993646927001,0.010741294331424107,0.011881341262052078,EXP039_ASSOCIATE
M1_CROSS_BASELINE,C1,O48,3.7166666666666583,222,9,False,0.0011523389539907854,0.9999993360572471,0.0011523389539907854,0.9999993360572471,-0.9999993360572471,0.0011523389539907854,22.311326964540484,40.24825155551213,215.45857108012927,40.64733140096708,64.31948570140861,40.199843885674284,-19.696831772327645,40.29665922534997,84.0163732557984,1.0001949197118858,86.61723129890339,0.06602417324427279,-0.0020896705050612923,-0.4856517592178731,0.5478411899586488,0.9999995607036273,0.0009373326796240693,-0.9999995607036273,-0.0009373326796240693,0.999999833176066,C1,0.9998323329928365,0.012199545726803648,0.016855030610427296,EXP039_ASSOCIATE
M1_CROSS_BASELINE,C0,O49,3.816666666666658,228,1,False,-1.7776820085332459e-06,-0.9999999999984199,-1.7776820085332459e-06,-0.9999999999984199,0.9999999999984199,-1.7776820085332459e-06,18.061983568495833,-43.806140619256354,215.3703485430122,-43.40086242608969,-24.09801214214192,-43.8060656721905,60.221979279133585,-43.80621556632221,84.31999142140873,1.0038094216834372,102.61631919761115,0.00010185367641213361,0.001172593923382729,-0.38010306381350684,0.5640914381236769,0.9999993145944281,0.0011708162425944787,-0.9999993145944281,-0.0011708162425944787,0.9999998921426902,C0,0.9999893028743717,0.005030531108866416,0.005772796747657463,EXP039_ASSOCIATE
M1_CROSS_BASELINE,C3,O50,3.816666666666658,228,3,False,-0.9999996005741008,0.0008937850071173212,-0.9999996005741008,0.0008937850071173212,0.0008937850071173212,0.9999996005741008,-24.060473263970014,-1.8061855231862154,173.24789171054636,-1.4009073300195491,-24.09801214214192,-43.8060656721905,-24.02293438579811,40.19369462581807,83.99979384970176,0.9999975458297828,125.87182808768175,0.019464592673756442,0.999997868710799,0.9972811687341511,0.02117693774728509,0.9999993145944281,0.0011708162425944787,-0.9999993145944281,-0.0011708162425944787,0.9999998921426902,C3,0.9999989791174994,0.002784792179127694,0.0028140691422349103,EXP039_ASSOCIATE
M1_CROSS_BASELINE,C2,O51,3.816666666666658,228,7,False,0.9999994694986389,0.0010300497272810166,0.9999994694986389,0.0010300497272810166,-0.0010300497272810166,0.9999994694986389,60.178609020193235,-1.7012231725525915,257.4869739947096,-1.2959449793859252,60.221979279133585,-43.80621556632221,60.13523876125288,40.403769221217026,84.21002946107448,1.002500350727077,89.7973493616094,0.05901751249810161,-0.999999990092382,-0.9995668847733862,0.7166982218856026,0.9999993145944281,0.0011708162425944787,-0.9999993145944281,-0.0011708162425944787,0.9999998921426902,C2,0.999999453352616,0.005621970087300701,0.010229315912053347,EXP039_ASSOCIATE
M1_CROSS_BASELINE,C1,O52,3.816666666666658,228,9,False,-0.002496179908188944,0.9999968845380799,-0.002496179908188944,0.9999968845380799,-0.9999968845380799,-0.002496179908188944,18.056152187727385,40.29873192351755,215.36451716224374,40.704010116684216,60.13523876125288,40.403769221217026,-24.02293438579811,40.19369462581807,84.15843533945154,1.0018861349934707,103.68956138544971,0.14302072216980832,0.0013253656023322672,-0.40995821363274637,0.5257017265890471,0.9999993145944281,0.0011708162425944787,-0.9999993145944281,-0.0011708162425944787,0.9999998921426902,C1,0.9998924875068255,0.010918018923675386,0.014594580723011685,EXP039_ASSOCIATE
M1_CROSS_BASELINE,C0,O53,3.9166666666666576,234,0,False,0.006101613302818867,-0.999981384984292,0.006101613302818867,-0.999981384984292,0.999981384984292,0.006101613302818867,13.898773793789985,-44.06843453200096,215.37023837302533,-43.657858141351596,-28.23518849568613,-44.32552446253999,56.0327360832661,-43.811344601461926,84.26949325689291,1.003208253058249,103.79174494668516,0.34959885973785276,-0.0047669645191509066,-0.2995123849769045,0.5500982744442244,0.9999991093300092,0.001334668194013493,-0.9999991093300092,-0.001334668194013493,0.9999999650801841,C0,0.9999424467093464,0.004522139654615594,0.007078972831288837,EXP039_ASSOCIATE
M1_CROSS_BASELINE,C3,O54,3.9166666666666576,234,2,False,-0.9999984298027346,0.0017721151388764569,-0.9999984298027346,0.0017721151388764569,0.0017721151388764569,0.9999984298027346,-28.160303964477798,-2.0684430900932753,173.31116061475754,-1.6578666994439115,-28.23518849568613,-44.32552446253999,-28.085419433269465,40.18863828235344,84.51429544900903,1.006122564869155,121.76383212635363,0.09042747664149431,0.9999951739484304,0.9974101193253279,0.024236107081046985,0.9999991093300092,0.001334668194013493,-0.9999991093300092,-0.001334668194013493,0.9999999650801841,C3,0.9999973383356894,0.0032130263337563814,0.00338754760119407,EXP039_ASSOCIATE
M1_CROSS_BASELINE,C2,O55,3.9166666666666576,234,3,False,0.9999697321575342,-0.007780409294482946,0.9999697321575342,-0.007780409294482946,0.007780409294482946,0.9999697321575342,56.36046452474068,-1.6903572037776406,257.831929103976,-1.2797808131282769,56.0327360832661,-43.811344601461926,56.68819296621526,40.430630193906644,84.24452469537067,1.0029110082782222,93.61419266410283,0.4372301547649471,-0.9999584572496802,-0.9995096447664107,0.6712596111416327,0.9999991093300092,0.001334668194013493,-0.9999991093300092,-0.001334668194013493,0.9999999650801841,C2,0.9999698530802872,0.008085111604572018,0.011547259742737783,EXP039_ASSOCIATE
M1_CROSS_BASELINE,C1,O56,3.9166666666666576,234,5,False,-0.0028545548404533914,0.9999959257500317,-0.0028545548404533914,0.9999959257500317,-0.9999959257500317,-0.0028545548404533914,14.301386766472898,40.309634238130045,215.77285134570823,40.720210628779405,56.68819296621526,40.430630193906644,-28.085419433269465,40.18863828235344,84.77395778977957,1.0092137832116617,107.2285577066184,0.1635541668668452,0.0015198895417454122,-0.3356252033055273,0.5091838368259713,0.9999991093300092,0.001334668194013493,-0.9999991093300092,-0.001334668194013493,0.9999999650801841,C1,0.9998976782878001,0.014746710427606063,0.01658781678840248,EXP039_ASSOCIATE
M1_CROSS_BASELINE,C0,O57,4.016666666666658,240,0,False,0.0020765468896362604,-0.9999978439741833,0.002076546889636261,-0.9999978439741835,0.9999978439741833,0.0020765468896362604,10.006883314632333,-43.902666457326006,215.55327782537455,-43.48790804629364,-32.07191495257662,-43.99004524337833,52.085681581841285,-43.81528767127369,84.1577779807599,1.0018783092947607,104.97132207430596,0.11897745824335004,-0.0007047553031851068,-0.22089586025494864,0.5360556895915956,0.999999059092102,0.0013717925902320242,-0.999999059092102,-0.0013717925902320242,0.9999999773569721,C0,0.9999775301384934,0.006763793315066493,0.007820515238814376,EXP039_ASSOCIATE
M1_CROSS_BASELINE,C3,O58,4.016666666666658,240,2,False,-0.9999961586716631,-0.0027717579111317865,-0.9999961586716631,-0.0027717579111317865,-0.0027717579111317865,0.9999961586716631,-32.18917114700387,-1.6862987521028217,173.35722336373837,-1.2715403410704549,-32.07191495257662,-43.99004524337833,-32.30642734143112,40.61744773917269,84.60781798895978,1.0072359284399974,117.76668892880457,0.1588102334873156,0.9999990200443438,0.9987014378072603,0.019637077947009897,0.999999059092102,0.0013717925902320242,-0.999999059092102,-0.0013717925902320242,0.9999999773569721,C3,0.9999974987150018,0.0025167675784084523,0.0034067507848470724,EXP039_ASSOCIATE
M1_CROSS_BASELINE,C2,O59,4.016666666666658,240,3,False,0.999998244691885,0.0018736630296533774,0.9999982446918851,0.0018736630296533776,-0.0018736630296533774,0.999998244691885,52.006786308798425,-1.7078578353213487,257.55318081954067,-1.293099424288982,52.085681581841285,-43.81528767127369,51.927891035755565,40.39957200063099,84.21500749519073,1.002559613037985,97.96517896105829,0.10735304664140699,-0.9999998740626992,-0.9994152667414734,0.6194621552254969,0.999999059092102,0.0013717925902320242,-0.999999059092102,-0.0013717925902320242,0.9999999773569721,C2,0.9999982154213429,0.005957890311981517,0.010581410162094861,EXP039_ASSOCIATE
M1_CROSS_BASELINE,C1,O60,4.016666666666658,240,5,False,0.0025865349649148777,0.9999966549128428,0.0025865349649148777,0.9999966549128428,-0.9999966549128428,0.0025865349649148777,9.810731847162224,40.50850986990184,215.35712635790446,40.92326828093421,51.927891035755565,40.39957200063099,-32.30642734143112,40.61744773917269,84.23460014926583,1.0027928589198314,108.32039070172493,0.1007796868020705,-0.003958320532689949,-0.23671747542643917,0.4961858249794652,0.999999059092102,0.0013717925902320242,-0.999999059092102,-0.0013717925902320242,0.9999999773569721,C1,0.9998050425840934,0.009255234775463613,0.01478635565547319,EXP039_ASSOCIATE
M1_CROSS_BASELINE,C0,O61,4.116666666666657,246,0,False,-0.002153961188256772,-0.999997680222909,-0.0021539611882567724,-0.9999976802229091,0.999997680222909,-0.002153961188256772,5.988274579429731,-44.21131948793559,215.46129252000526,-43.79340935873594,-36.37001783512814,-44.120081158421215,48.3465669939876,-44.302557817449966,84.71678135316434,1.0085331113471945,105.38497782917779,0.12341298075232032,0.003444374339598949,-0.1329421846123263,0.531131216319312,0.9999991674104258,0.0012904179381897757,-0.9999991674104258,-0.0012904179381897757,0.9999999543055699,C0,0.9999969416153265,0.006023528738665303,0.00618980798440751,EXP039_ASSOCIATE
M1_CROSS_BASELINE,C3,O62,4.116666666666657,246,2,False,-0.9999942721324395,0.0033846273520828003,-0.9999942721324396,0.0033846273520828007,0.0033846273520828003,0.9999942721324395,-36.227352093210996,-1.9692297038659419,173.24566584736453,-1.5513195746662944,-36.37001783512814,-44.120081158421215,-36.084686351293854,40.18162175068933,84.30218578086576,1.0035974497722113,113.71916614365007,0.17703140733249256,0.9999890719637851,0.9985951040562597,0.0229675551332659,0.9999991674104258,0.0012904179381897757,-0.9999991674104258,-0.0012904179381897757,0.9999999543055699,C3,0.9999923177810406,0.003035063518582565,0.0030766229881849147,EXP039_ASSOCIATE
M1_CROSS_BASELINE,C2,O63,4.116666666666657,246,3,False,0.9999928980450637,0.0037688007952785033,0.9999928980450639,0.0037688007952785037,-0.0037688007952785033,0.9999928980450637,48.187240405426806,-2.02771611444809,257.6602583460023,-1.6098059852484425,48.3465669939876,-44.302557817449966,48.027913816866004,40.247125588553786,84.5502838783097,1.006550998551306,101.77011537924655,0.21593689058659038,-0.9999969287895543,-0.999060728900256,0.5741652931042076,0.9999991674104258,0.0012904179381897757,-0.9999991674104258,-0.0012904179381897757,0.9999999543055699,C2,0.9999928392909044,0.009881448463779849,0.011584453237948303,EXP039_ASSOCIATE
M1_CROSS_BASELINE,C1,O64,4.116666666666657,246,5,False,-0.0007787634417478111,0.9999996967637049,-0.0007787634417478111,0.9999996967637049,-0.9999996967637049,-0.0007787634417478111,5.971613732786075,40.21437366962156,215.44463167336158,40.632283798821206,48.027913816866004,40.247125588553786,-36.084686351293854,40.18162175068933,84.11262567416084,1.001340781835248,109.34466799774535,0.04461986296132636,-0.0005116547535307322,-0.14816019974218972,0.48399204764588866,0.9999991674104258,0.0012904179381897757,-0.9999991674104258,-0.0012904179381897757,0.9999999543055699,C1,0.9998658298223115,0.012197865507797924,0.016101889795270007,EXP039_ASSOCIATE
M1_CROSS_BASELINE,C0,O65,4.216666666666657,252,0,False,-0.000687215084672638,-0.9999997638676859,-0.000687215084672638,-0.9999997638676859,0.9999997638676859,-0.000687215084672638,2.545262997858458,-44.0151933003946,215.7979093429454,-43.59483078103302,-39.732203613668204,-43.98613958073689,44.82272960938512,-44.0442470200523,84.5549531892101,1.0066065855858344,105.9112757612633,0.016038800423075372,0.0018256789974152074,-0.05659387180875155,0.5248657647468655,0.9999993519489366,0.0011384646269213226,-0.9999993519489366,-0.0011384646269213226,0.9999999421104656,C0,0.99999223837285,0.009552847996263627,0.009756920004585092,EXP039_ASSOCIATE
M1_CROSS_BASELINE,C3,O66,4.216666666666657,252,2,False,-0.9999965127437677,-0.0026409279247837265,-0.9999965127437677,-0.0026409279247837265,-0.0026409279247837265,0.9999965127437677,-39.84397829680795,-1.6622683747721396,173.40866804827897,-1.2419058554105549,-39.732203613668204,-43.98613958073689,-39.95575297994769,40.66160283119261,84.64803760132618,1.0077147333491212,110.12136232685135,0.15131419997885587,0.9999988712979889,0.9991776859631752,0.019284391564450547,0.9999993519489366,0.0011384646269213226,-0.9999993519489366,-0.0011384646269213226,0.9999999421104656,C3,0.999997782777523,0.0025571767810647814,0.003489828050923253,EXP039_ASSOCIATE
M1_CROSS_BASELINE,C2,O67,4.216666666666657,252,3,False,0.9999907536501357,0.004300303969904777,0.9999907536501358,0.004300303969904778,-0.004300303969904777,0.9999907536501357,44.64163481247981,-1.932544287681889,257.89428115756675,-1.5121817683203043,44.82272960938512,-44.0442470200523,44.460540015574495,40.179158444688525,84.22418423101527,1.0026688598930389,105.31655467452559,0.21600060852472325,-0.9999950013490192,-0.9990144095638953,0.5319457776842194,0.9999993519489366,0.0011384646269213226,-0.9999993519489366,-0.0011384646269213226,0.9999999421104656,C2,0.9999906866271127,0.010507770060489738,0.01381327124606747,EXP039_ASSOCIATE
M1_CROSS_BASELINE,C1,O68,4.216666666666657,252,5,False,0.0057149691225857275,0.9999836694306201,0.005714969122585728,0.9999836694306202,-0.9999836694306201,0.0057149691225857275,2.2523935178134025,40.42038063794057,215.50503986290033,40.84074315730215,44.460540015574495,40.179158444688525,-39.95575297994769,40.66160283119261,84.41767158416488,1.0049722807638677,109.5169115867491,0.32744539323024924,-0.006853411454139657,-0.05677455257978948,0.4819415287291773,0.9999993519489366,0.0011384646269213226,-0.9999993519489366,-0.0011384646269213226,0.9999999421104656,C1,0.9997383775800142,0.011270099951282711,0.016760847928643477,EXP039_ASSOCIATE
M1_CROSS_BASELINE,C0,O69,4.316666666666657,258,0,False,-5.694782943723537e-07,-0.9999999999998378,-5.694782943723538e-07,-0.9999999999998379,0.9999999999998378,-5.694782943723537e-07,-1.4550082742711794,-43.82324017570038,215.49669036377492,-43.40037930819135,-43.64278596777389,-43.82321615067669,40.73276941923153,-43.82326420072406,84.3755553870191,1.0044708974645131,106.15261206667702,3.262870279741037e-05,0.00098285514000294,0.03416519394672663,0.5216927997134084,0.9999995175573226,0.0009822856619834677,-0.9999995175573226,-0.0009822856619834677,0.999999956588419,C0,0.999989297285241,0.006404687125237394,0.006932051467530199,EXP039_ASSOCIATE
M1_CROSS_BASELINE,C3,O70,4.316666666666657,258,2,False,-0.9999967143081736,0.0025634689108586435,-0.9999967143081736,0.0025634689108586435,0.0025634689108586435,0.9999967143081736,-43.534896493329754,-1.7360585902468095,173.41680214471637,-1.3131977227377811,-43.64278596777389,-43.82321615067669,-43.42700701888562,40.351098970183074,84.17459169262769,1.002078472531282,106.43050250331426,0.14687611036843862,0.9999937138083254,0.9992445012479442,0.020133120877247154,0.9999995175573226,0.0009822856619834677,-0.9999995175573226,-0.0009822856619834677,0.999999956588419,C3,0.9999951993734129,0.0017316606382851865,0.002375832245278388,EXP039_ASSOCIATE
M1_CROSS_BASELINE,C2,O71,4.316666666666657,258,3,False,0.9999981961758914,0.0018993801524582994,0.9999981961758914,0.0018993801524582994,-0.0018993801524582994,0.9999981961758914,40.6527914181291,-1.7159184265408847,257.6044900561752,-1.2930575590318563,40.73276941923153,-43.82326420072406,40.57281341702667,40.39142734764229,84.21484345713128,1.0025576602039439,109.31101099643229,0.10882653186143898,-0.9999995794679746,-0.9990684772201064,0.48439272623294893,0.9999995175573226,0.0009822856619834677,-0.9999995175573226,-0.0009822856619834677,0.999999956588419,C2,0.9999981665052549,0.006295169206290615,0.010843045180285019,EXP039_ASSOCIATE
M1_CROSS_BASELINE,C1,O72,4.316666666666657,258,5,False,-0.0004801007026224287,0.9999998847516511,-0.0004801007026224287,0.9999998847516511,-0.9999998847516511,-0.0004801007026224287,-1.4270968009294727,40.37126315891268,215.52460183711665,40.79412402642171,40.57281341702667,40.39142734764229,-43.42700701888562,40.351098970183074,83.99983011675401,0.9999979775804049,109.60352126329073,0.002001552738988721,-0.0005021850777753066,0.03434556780363902,0.48062225788838864,0.9999995175573226,0.0009822856619834677,-0.9999995175573226,-0.0009822856619834677,0.999999956588419,C1,0.9998608929683046,0.011762038911634362,0.016122773281805395,EXP039_ASSOCIATE
M1_CROSS_BASELINE,C0,O73,4.416666666666656,264,0,False,0.00034751103073053113,-0.99999993961804,0.00034751103073053113,-0.99999993961804,0.99999993961804,0.00034751103073053113,-5.149716638271929,-43.88940575883382,215.51438253438974,-43.46350832191689,-47.14970664025473,-43.90400121953138,36.85027336371087,-43.87481029813625,83.99998507604933,0.9999998223339206,105.80950872282534,0.013595040056529228,0.0005202454163680827,0.1173962963712015,0.5224444787641978,0.9999996234993714,0.0008677563686573228,-0.9999996234993714,-0.0008677563686573228,0.9999999804443386,C0,0.9999876262808196,0.006375316489645554,0.0073120551201890675,EXP039_ASSOCIATE
M1_CROSS_BASELINE,C3,O74,4.416666666666656,264,3,False,-0.9999907367945782,-0.004304221769006487,-0.9999907367945782,-0.004304221769006487,-0.004304221769006487,0.9999907367945782,-47.33152745646782,-1.6619556821129962,173.33257171619385,-1.23605824519607,-47.14970664025473,-43.90400121953138,-47.51334827268091,40.58008985530539,84.48487367557667,1.005772305661627,102.63930334072698,0.24661450293314147,0.9999940953132894,0.999414179847753,0.019214621683435056,0.9999996234993714,0.0008677563686573228,-0.9999996234993714,-0.0008677563686573228,0.9999999804443386,C3,0.9999928968882947,0.00303111368708355,0.003134390511200927,EXP039_ASSOCIATE
M1_CROSS_BASELINE,C2,O75,4.416666666666656,264,4,False,0.9999934277217865,-0.003625536268255178,0.9999934277217865,-0.003625536268255178,0.003625536268255178,0.9999934277217865,37.00331691331994,-1.6624222703812706,257.66741608598164,-1.2365248334643444,36.85027336371087,-43.87481029813625,37.156360462929015,40.54996575737371,84.42533092227306,1.0050634633603936,112.95935866655859,0.2077283817257296,-0.9999899051414458,-0.9989530167942566,0.4409600158743029,0.9999996234993714,0.0008677563686573228,-0.9999996234993714,-0.0008677563686573228,0.9999999804443386,C2,0.9999934840050729,0.006269989307282327,0.009608348471967846,EXP039_ASSOCIATE
M1_CROSS_BASELINE,C1,O76,4.416666666666656,264,8,False,0.00035578362645792723,0.9999999367090036,0.00035578362645792723,0.9999999367090036,-0.9999999367090036,0.00035578362645792723,-5.178493904875946,40.56502780633955,215.48560526778573,40.99092524325648,37.156360462929015,40.54996575737371,-47.51334827268091,40.58008985530539,84.66971409444051,1.0079727868385775,109.10576715413359,0.020384900645950665,-0.0012235398062413257,0.12577058025104654,0.4829654449364151,0.9999996234993714,0.0008677563686573228,-0.9999996234993714,-0.0008677563686573228,0.9999999804443386,C1,0.9998466018099419,0.010243863940487909,0.013913599119043107,EXP039_ASSOCIATE
M1_CROSS_BASELINE,C0,O77,4.516666666666656,270,0,False,0.0026833185043377305,-0.9999963998944217,0.002683318504337731,-0.9999963998944218,0.9999963998944217,0.0026833185043377305,-9.279205550968477,-43.951099491607366,215.17948451107523,-43.52191421706773,-51.59753520667221,-44.06465345745144,33.03912410473526,-43.83754552576328,84.63696401341375,1.0075829049215923,105.08004004700925,0.15282563258853088,-0.0018835707980830343,0.20735442491624897,0.5231370734366251,0.9999996802001357,0.0007997497273132572,-0.9999996802001357,-0.0007997497273132572,0.9999999933968472,C0,0.999973278446482,0.002360938034538622,0.004291525782970648,EXP039_ASSOCIATE
M1_CROSS_BASELINE,C3,O78,4.516666666666656,270,2,False,-0.999988348890213,0.004827223200304742,-0.999988348890213,0.004827223200304742,0.004827223200304742,0.999988348890213,-51.39289848349472,-1.672924208294173,173.06579157854898,-1.2437389337545413,-51.59753520667221,-44.06465345745144,-51.18826176031722,40.718805040863096,84.78444633120696,1.009338646800083,98.57988049467903,0.27658059030287063,0.9999841685236367,0.9994963151226023,0.01930551338404632,0.9999996802001357,0.0007997497273132572,-0.9999996802001357,-0.0007997497273132572,0.9999999933968472,C3,0.9999856225800854,0.005458025804825172,0.007345922931242026,EXP039_ASSOCIATE
M1_CROSS_BASELINE,C2,O79,4.516666666666656,270,3,False,0.9999921609367639,-0.003959553639127856,0.999992160936764,-0.003959553639127857,0.003959553639127856,0.9999921609367639,33.2060654592011,-1.676215987928316,257.6647555212448,-1.2470307133886842,33.03912410473526,-43.83754552576328,33.37300681366693,40.48511354990665,84.3233200915084,1.0038490487084335,116.75165442734128,0.2268663050844566,-0.9999886744874633,-0.9986877155755988,0.3958136377697465,0.9999996802001357,0.0007997497273132572,-0.9999996802001357,-0.0007997497273132572,0.9999999933968472,C2,0.9999922224165282,0.006336801181864204,0.010126413361786624,EXP039_ASSOCIATE
M1_CROSS_BASELINE,C1,O80,4.516666666666656,270,5,False,0.0027635654302534973,0.9999961813457653,0.0027635654302534973,0.9999961813457653,-0.9999961813457653,0.0027635654302534973,-8.907627473325142,40.60195929538487,215.55106258871857,41.03114456992451,33.37300681366693,40.48511354990665,-51.18826176031722,40.718805040863096,84.56159148546357,1.0066856129221853,108.43240533988492,0.15834083711143876,-0.003563311219811222,0.213511349197891,0.48344371597903724,0.9999996802001357,0.0007997497273132572,-0.9999996802001357,-0.0007997497273132572,0.9999999933968472,C1,0.9998015313852212,0.010796431528481303,0.015260087726031612,EXP039_ASSOCIATE
M1_CROSS_BASELINE,C0,O81,4.616666666666656,276,0,False,-0.0025743200035855877,-0.9999966864327696,-0.002574320003585588,-0.9999966864327697,0.9999966864327696,-0.0025743200035855877,-13.066522035754845,-44.239415802523794,215.28218985776923,-43.80756557622955,-55.483483117314144,-44.13022060929461,29.350439045804453,-44.34861099575298,84.83420326695456,1.0099309912732686,103.87126807878349,0.14749783423626184,0.0033196566822367183,0.2839768461189808,0.5265385162165084,0.9999997222342054,0.0007453398634429192,-0.9999997222342054,-0.0007453398634429192,0.9999999957554216,C0,0.9999978929021888,0.004242896542974066,0.00456330495785053,EXP039_ASSOCIATE
M1_CROSS_BASELINE,C3,O82,4.616666666666656,276,2,False,-0.9999892528912183,0.004636173213220114,-0.9999892528912183,0.004636173213220114,0.004636173213220114,0.9999892528912183,-55.28807117323058,-1.9812682334566745,173.0606407202935,-1.549418007162429,-55.483483117314144,-44.13022060929461,-55.092659229147,40.16768414238126,84.29881072016485,1.003557270478153,94.67644048084836,0.23050993713223988,0.9999855196036993,0.9993849458502442,0.022944539394767753,0.9999997222342054,0.0007453398634429192,-0.9999997222342054,-0.0007453398634429192,0.9999999957554216,C3,0.9999866288153241,0.005115463532054928,0.005161442347160137,EXP039_ASSOCIATE
M1_CROSS_BASELINE,C2,O83,4.616666666666656,276,3,False,0.9999975139062138,0.002229838871283623,0.9999975139062138,0.002229838871283623,-0.002229838871283623,0.9999975139062138,29.256209821170653,-2.0904049950357795,257.60492171469474,-1.658554768741534,29.350439045804453,-44.34861099575298,29.161980596536853,40.16780100568142,84.51662211768347,1.0061502633057555,120.66920379287953,0.12297656877493068,-0.9999988981289096,-0.9974036649411092,0.349176145322863,0.9999997222342054,0.0007453398634429192,-0.9999997222342054,-0.0007453398634429192,0.9999999957554216,C2,0.9999974790944638,0.010147345532248195,0.011324840979049462,EXP039_ASSOCIATE
M1_CROSS_BASELINE,C1,O84,4.616666666666656,276,5,False,-1.387025099135079e-06,0.9999999999990381,-1.387025099135079e-06,0.9999999999990381,-0.9999999999990381,-1.387025099135079e-06,-12.965339316305075,40.16774257403134,215.383372577219,40.59959280032558,29.161980596536853,40.16780100568142,-55.092659229147,40.16768414238126,84.2546398257649,1.0030314264972011,107.79161733635632,7.94706842270898e-05,-0.0007439528387283352,0.30646512088117284,0.4783075547759725,0.9999997222342054,0.0007453398634429192,-0.9999997222342054,-0.0007453398634429192,0.9999999957554216,C1,0.9998527938540228,0.011955387019270847,0.0157080207268828,EXP039_ASSOCIATE
M1_CROSS_BASELINE,C0,O85,4.716666666666655,282,0,False,0.002879269917139606,-0.9999958548937812,0.002879269917139606,-0.9999958548937812,0.9999958548937812,0.002879269917139606,-17.161337897312954,-43.95581273270501,215.13652366099402,-43.522293759030234,-59.57470638748169,-44.077932774883855,25.252030592855782,-43.83369269052616,84.82708859762994,1.0098462928289278,102.81287260895847,0.16497024227086854,-0.0021955577039398473,0.36432366320332094,0.5231412437108504,0.9999997662672999,0.0006837143742889313,-0.9999997662672999,-0.0006837143742889313,0.9999999878766478,C0,0.9999718267536648,0.0018939130371594085,0.004246805819808959,EXP039_ASSOCIATE
M1_CROSS_BASELINE,C3,O86,4.716666666666655,282,2,False,-0.9999893328465695,0.004618895222108763,-0.9999893328465695,0.004618895222108763,0.004618895222108763,0.9999893328465695,-59.378970981284354,-1.7012801673877753,172.91889057702264,-1.2677611937129951,-59.57470638748169,-44.077932774883855,-59.18323557508702,40.675372440108305,84.75420930114666,1.0089786821565079,90.59666213920167,0.2646441432405311,0.999985941111306,0.9996091538042784,0.019591192527160014,0.9999997662672999,0.0006837143742889313,-0.9999997662672999,-0.0006837143742889313,0.9999999878766478,C3,0.9999867180164347,0.006978711420218061,0.00836242764165995,EXP039_ASSOCIATE
M1_CROSS_BASELINE,C2,O87,4.716666666666655,282,3,False,0.9999996580014754,0.0008270410705111629,0.9999996580014754,0.0008270410705111629,-0.0008270410705111629,0.9999996580014754,25.2172655692976,-1.7982812603423994,257.51512712760456,-1.3647622866676192,25.252030592855782,-43.83369269052616,25.182500545739416,40.237130169841365,84.07085161247474,1.0008434715770802,124.7186966656428,0.04738596822625141,-0.9999999897287233,-0.9974181248077829,0.3009678968375856,0.9999997662672999,0.0006837143742889313,-0.9999997662672999,-0.0006837143742889313,0.9999999878766478,C2,0.9999996450137608,0.006506740497654427,0.011139894744856623,EXP039_ASSOCIATE
M1_CROSS_BASELINE,C1,O88,4.716666666666655,282,5,False,0.005194482711919768,0.9999865085836686,0.005194482711919769,0.9999865085836687,-0.9999865085836686,0.005194482711919768,-17.0003675146738,40.456251304974835,215.29749404363318,40.889770278649614,25.182500545739416,40.237130169841365,-59.18323557508702,40.675372440108305,84.36687434945286,1.0043675517792008,106.11696494902324,0.29077691538768136,-0.005878186647812954,0.38677140268143695,0.4817627435785735,0.9999997662672999,0.0006837143742889313,-0.9999997662672999,-0.0006837143742889313,0.9999999878766478,C1,0.999750147446522,0.00888842093291936,0.01513708635366638,EXP039_ASSOCIATE
M1_CROSS_BASELINE,C0,O89,4.816666666666655,288,1,False,0.0007282768040633749,-0.9999997348064131,0.000728276804063375,-0.9999997348064132,0.9999997348064131,0.0007282768040633749,-20.716704592640507,-43.864970610783416,215.52575830212103,-43.43065811358823,-62.75465739870467,-43.89558588482136,21.321248213423658,-43.834355336745475,84.07592790852523,1.0009039036729195,99.97919943438538,0.04172719087870291,-0.00012222906099803124,0.42759958367353457,0.5220534971159084,0.9999998163530333,0.0006060477700394996,-0.9999998163530333,-0.0006060477700394996,0.9999999699041134,C0,0.999985659608256,0.006612229387046091,0.007550752937218342,EXP039_ASSOCIATE
M1_CROSS_BASELINE,C3,O90,4.816666666666655,288,3,False,-0.9999592137840873,-0.009031653686353095,-0.9999592137840873,-0.009031653686353095,-0.009031653686353095,0.9999592137840873,-63.135605864730636,-1.718046553882978,173.10685703003088,-1.2837340566877886,-62.75465739870467,-43.89558588482136,-63.51655433075659,40.4594927770554,84.3585193266601,1.0042680872221441,86.84102271356892,0.5174826736576392,0.9999645037581871,0.999646260926949,0.019781729694976363,0.9999998163530333,0.0006060477700394996,-0.9999998163530333,-0.0006060477700394996,0.9999999699041134,C3,0.9999639036181024,0.004814270171503247,0.004866951372542267,EXP039_ASSOCIATE
M1_CROSS_BASELINE,C2,O91,4.816666666666655,288,7,False,0.9999999863606032,0.00016516293015352923,0.9999999863606032,0.00016516293015352923,-0.00016516293015352923,0.9999999863606032,21.314311372827046,-1.8343708635357565,257.5567742675886,-1.4000583663405672,21.321248213423658,-43.834355336745475,21.307374532230433,40.16561360967396,83.99997009212836,0.9999996439539091,128.60689864085123,0.004194962621113518,-0.9999999028102645,-0.9962648885890748,0.2546797780851047,0.9999998163530333,0.0006060477700394996,-0.9999998163530333,-0.0006060477700394996,0.9999999699041134,C2,0.9999999836700619,0.007097088324101035,0.01166543041888024,EXP039_ASSOCIATE
M1_CROSS_BASELINE,C1,O92,4.816666666666655,288,9,False,0.0034645577913680783,0.9999939984016456,0.0034645577913680783,0.9999939984016456,-0.9999939984016456,0.0034645577913680783,-21.10458989926308,40.31255319336468,215.13787299549844,40.746865690559865,21.307374532230433,40.16561360967396,-63.51655433075659,40.4594927770554,84.82443794519422,1.0098147374427884,88.1680592870554,0.19850493644034373,-0.004070601287896749,0.46327149875637186,0.4800627921728925,0.9999998163530333,0.0006060477700394996,-0.9999998163530333,-0.0006060477700394996,0.9999999699041134,C1,0.9997873202929595,0.00872505500715895,0.012975574343063925,EXP039_ASSOCIATE
M1_CROSS_BASELINE,C0,O93,4.9166666666666545,294,1,False,0.006481273682450388,-0.9999789963251494,0.006481273682450388,-0.9999789963251494,0.9999789963251494,0.006481273682450388,-24.741182926002697,-44.108528569443685,215.37638130669944,-43.67408749496586,-67.05613424866058,-44.38278911030462,17.57376839665519,-43.83426802858275,84.63168022160922,1.007520002638205,86.82713401619621,0.37135222779774324,-0.005988406936869034,0.4896412917927226,0.5249502549743656,0.9999998785364639,0.0004928763105567023,-0.9999998785364639,-0.0004928763105567023,0.9999999496028564,C0,0.9999383013274763,0.004629268560313211,0.007240226226081387,EXP039_ASSOCIATE
M1_CROSS_BASELINE,C3,O94,4.9166666666666545,294,4,False,-0.9999930190924549,0.0037365447082936946,-0.999993019092455,0.003736544708293695,0.0037365447082936946,0.9999930190924549,-66.89817382262802,-2.108619882561218,173.2193904100741,-1.674178808083397,-67.05613424866058,-44.38278911030462,-66.74021339659545,40.165549345182185,84.54892868374098,1.0065348652826307,83.06860274421513,0.19274641034510864,0.9999910559753966,0.9995190258775789,0.02443011134921457,0.9999998785364639,0.0004928763105567023,-0.9999998785364639,-0.0004928763105567023,0.9999999496028564,C3,0.9999908764237841,0.004106759614734266,0.004238460631234796,EXP039_ASSOCIATE
M1_CROSS_BASELINE,C2,O95,4.9166666666666545,294,9,False,0.9999997381982128,-0.0007236045230467278,0.9999997381982129,-0.0007236045230467279,0.0007236045230467278,0.9999997381982128,17.604303587708067,-1.635550239838583,257.7218678204102,-1.2011091653607622,17.57376839665519,-43.83426802858275,17.63483877876094,40.56316754890558,84.39745767289358,1.0047316389630188,132.31988321884646,0.018545206236169065,-0.9999992600871808,-0.9956662358827822,0.21047758072801812,0.9999998785364639,0.0004928763105567023,-0.9999998785364639,-0.0004928763105567023,0.9999999496028564,C2,0.999999749334677,0.006475907809791545,0.010218893701561356,EXP039_ASSOCIATE
M1_CROSS_BASELINE,C1,O96,4.9166666666666545,294,13,False,-0.004712456803810586,0.9999888963137902,-0.004712456803810586,0.9999888963137902,-0.9999888963137902,-0.004712456803810586,-24.552687308917257,40.364358447043884,215.56487692378488,40.7987995215217,17.63483877876094,40.56316754890558,-66.74021339659545,40.165549345182185,84.37598905986255,1.0044760602364589,82.09117362040953,0.2700048853466228,0.004219585393606109,0.519264420959528,0.480677592210869,0.9999998785364639,0.0004928763105567023,-0.9999998785364639,-0.0004928763105567023,0.9999999496028564,C1,0.9999225300016191,0.012138205955268497,0.01452729821208318,EXP039_ASSOCIATE
M2_T_JUNCTION,C2,O0,3.4166666666666594,204,0,True,-0.9999998568241408,-0.0005351183960961561,-0.9999998568241408,-0.0005351183960961561,-0.0005351183960961561,0.9999998568241408,-7.772889638777773,-1.8270245442948365,173.47755083840812,-1.4453645131874104,-7.750390742199216,-43.871726280198445,-7.79538853535633,40.21767719160877,84.08941551138153,1.0010644703735896,142.01527508162775,0.030660027099386866,0.9999999836100867,0.9735508886104612,0.021706655918393693,0.9999999373184849,0.0003540664147806535,-0.9999999373184849,-0.0003540664147806535,0.9999999835924614,NONE,nan,nan,nan,EXP039_NEW
M2_T_JUNCTION,C2,O1,3.516666666666659,210,1,False,-0.9999996700585062,0.0008123317539482937,-0.9999996700585063,0.0008123317539482938,0.0008123317539482937,0.9999996700585062,-11.6564173697117,-1.704392789096957,173.45458323831497,-1.318028028363275,-11.69060265245863,-43.7872872489405,-11.622232086964772,40.37850167074659,84.16581668948237,1.0019740082081234,138.21963410260776,0.04654318618453601,0.9999991687429174,0.9895472883666461,0.02019069972427276,0.9999998862100123,0.00047705341661922763,-0.9999998862100123,-0.00047705341661922763,0.9999999281534141,C2,0.999999092189029,0.0015403718142588244,0.0017171024284182,EXP039_ASSOCIATE
M2_T_JUNCTION,C2,O2,3.6166666666666587,216,1,False,-0.9999989033572018,-0.0014809741367787402,-0.9999989033572019,-0.0014809741367787404,-0.0014809741367787402,0.9999989033572018,-15.859945999501825,-1.685157990508241,173.20846970194162,-1.292658609949906,-15.797584657460416,-43.793438010126756,-15.922307341543233,40.423122029110274,84.21665239482238,1.0025791951764569,134.05077918642772,0.02175005585309009,0.9999996870926061,0.9944752150812197,0.01988818198303723,0.9999997620258393,0.000689890038343614,-0.9999997620258393,-0.000689890038343614,0.999999854974102,C2,0.9999995526780044,0.00368324465998327,0.0037087151484084912,EXP039_ASSOCIATE
M2_T_JUNCTION,C2,O3,3.7166666666666583,222,1,False,-0.9999906937009191,0.004314222010333634,-0.9999906937009192,0.0043142220103336345,0.004314222010333634,0.9999906937009191,-19.87871384908562,-1.8616682027066176,173.26853026650318,-1.4625883572516625,-20.0605959258436,-44.019995630763205,-19.696831772327645,40.29665922534997,84.31743953942326,1.0037790421359911,130.03430259693397,0.2471874798752367,0.9999862105473571,0.995730312722801,0.02191127784697038,0.9999995607036273,0.0009373326796240693,-0.9999995607036273,-0.0009373326796240693,0.999999833176066,C2,0.99998824190683,0.002496774003731888,0.003155529599079562,EXP039_ASSOCIATE
M2_T_JUNCTION,C2,O4,3.816666666666658,228,1,False,-0.9999996005741008,0.0008937850071173212,-0.9999996005741008,0.0008937850071173212,0.0008937850071173212,0.9999996005741008,-24.060473263970014,-1.8061855231862154,173.24789171054636,-1.4009073300195491,-24.09801214214192,-43.8060656721905,-24.02293438579811,40.19369462581807,83.99979384970176,0.9999975458297828,125.87182808768175,0.019464592673756442,0.999997868710799,0.9972811687341511,0.02117693774728509,0.9999993145944281,0.0011708162425944787,-0.9999993145944281,-0.0011708162425944787,0.9999998921426902,C2,0.9999989791174994,0.002784792179127694,0.0028140691422349103,EXP039_ASSOCIATE
M2_T_JUNCTION,C2,O5,3.9166666666666576,234,0,False,-0.9999984298027346,0.0017721151388764569,-0.9999984298027346,0.0017721151388764569,0.0017721151388764569,0.9999984298027346,-28.160303964477798,-2.0684430900932753,173.31116061475754,-1.6578666994439115,-28.23518849568613,-44.32552446253999,-28.085419433269465,40.18863828235344,84.51429544900903,1.006122564869155,121.76383212635363,0.09042747664149431,0.9999951739484304,0.9974101193253279,0.024236107081046985,0.9999991093300092,0.001334668194013493,-0.9999991093300092,-0.001334668194013493,0.9999999650801841,C2,0.9999973383356894,0.0032130263337563814,0.00338754760119407,EXP039_ASSOCIATE
M2_T_JUNCTION,C2,O6,4.016666666666658,240,0,False,-0.9999961586716631,-0.0027717579111317865,-0.9999961586716631,-0.0027717579111317865,-0.0027717579111317865,0.9999961586716631,-32.18917114700387,-1.6862987521028217,173.35722336373837,-1.2715403410704549,-32.07191495257662,-43.99004524337833,-32.30642734143112,40.61744773917269,84.60781798895978,1.0072359284399974,117.76668892880457,0.1588102334873156,0.9999990200443438,0.9987014378072603,0.019637077947009897,0.999999059092102,0.0013717925902320242,-0.999999059092102,-0.0013717925902320242,0.9999999773569721,C2,0.9999974987150018,0.0025167675784084523,0.0034067507848470724,EXP039_ASSOCIATE
M2_T_JUNCTION,C2,O7,4.116666666666657,246,0,False,-0.9999942721324395,0.0033846273520828003,-0.9999942721324396,0.0033846273520828007,0.0033846273520828003,0.9999942721324395,-36.227352093210996,-1.9692297038659419,173.24566584736453,-1.5513195746662944,-36.37001783512814,-44.120081158421215,-36.084686351293854,40.18162175068933,84.30218578086576,1.0035974497722113,113.71916614365007,0.17703140733249256,0.9999890719637851,0.9985951040562597,0.0229675551332659,0.9999991674104258,0.0012904179381897757,-0.9999991674104258,-0.0012904179381897757,0.9999999543055699,C2,0.9999923177810406,0.003035063518582565,0.0030766229881849147,EXP039_ASSOCIATE
M2_T_JUNCTION,C2,O8,4.216666666666657,252,0,False,-0.9999965127437677,-0.0026409279247837265,-0.9999965127437677,-0.0026409279247837265,-0.0026409279247837265,0.9999965127437677,-39.84397829680795,-1.6622683747721396,173.40866804827897,-1.2419058554105549,-39.732203613668204,-43.98613958073689,-39.95575297994769,40.66160283119261,84.64803760132618,1.0077147333491212,110.12136232685135,0.15131419997885587,0.9999988712979889,0.9991776859631752,0.019284391564450547,0.9999993519489366,0.0011384646269213226,-0.9999993519489366,-0.0011384646269213226,0.9999999421104656,C2,0.999997782777523,0.0025571767810647814,0.003489828050923253,EXP039_ASSOCIATE
M2_T_JUNCTION,C2,O9,4.316666666666657,258,0,False,-0.9999967143081736,0.0025634689108586435,-0.9999967143081736,0.0025634689108586435,0.0025634689108586435,0.9999967143081736,-43.534896493329754,-1.7360585902468095,173.41680214471637,-1.3131977227377811,-43.64278596777389,-43.82321615067669,-43.42700701888562,40.351098970183074,84.17459169262769,1.002078472531282,106.43050250331426,0.14687611036843862,0.9999937138083254,0.9992445012479442,0.020133120877247154,0.9999995175573226,0.0009822856619834677,-0.9999995175573226,-0.0009822856619834677,0.999999956588419,C2,0.9999951993734129,0.0017316606382851865,0.002375832245278388,EXP039_ASSOCIATE
M2_T_JUNCTION,C2,O10,4.416666666666656,264,2,False,-0.9999907367945782,-0.004304221769006487,-0.9999907367945782,-0.004304221769006487,-0.004304221769006487,0.9999907367945782,-47.33152745646782,-1.6619556821129962,173.33257171619385,-1.23605824519607,-47.14970664025473,-43.90400121953138,-47.51334827268091,40.58008985530539,84.48487367557667,1.005772305661627,102.63930334072698,0.24661450293314147,0.9999940953132894,0.999414179847753,0.019214621683435056,0.9999996234993714,0.0008677563686573228,-0.9999996234993714,-0.0008677563686573228,0.9999999804443386,C2,0.9999928968882947,0.00303111368708355,0.003134390511200927,EXP039_ASSOCIATE
M2_T_JUNCTION,C2,O11,4.516666666666656,270,0,False,-0.999988348890213,0.004827223200304742,-0.999988348890213,0.004827223200304742,0.004827223200304742,0.999988348890213,-51.39289848349472,-1.672924208294173,173.06579157854898,-1.2437389337545413,-51.59753520667221,-44.06465345745144,-51.18826176031722,40.718805040863096,84.78444633120696,1.009338646800083,98.57988049467903,0.27658059030287063,0.9999841685236367,0.9994963151226023,0.01930551338404632,0.9999996802001357,0.0007997497273132572,-0.9999996802001357,-0.0007997497273132572,0.9999999933968472,C2,0.9999856225800854,0.005458025804825172,0.007345922931242026,EXP039_ASSOCIATE
M2_T_JUNCTION,C2,O12,4.616666666666656,276,2,False,-0.9999892528912183,0.004636173213220114,-0.9999892528912183,0.004636173213220114,0.004636173213220114,0.9999892528912183,-55.28807117323058,-1.9812682334566745,173.0606407202935,-1.549418007162429,-55.483483117314144,-44.13022060929461,-55.092659229147,40.16768414238126,84.29881072016485,1.003557270478153,94.67644048084836,0.23050993713223988,0.9999855196036993,0.9993849458502442,0.022944539394767753,0.9999997222342054,0.0007453398634429192,-0.9999997222342054,-0.0007453398634429192,0.9999999957554216,C2,0.9999866288153241,0.005115463532054928,0.005161442347160137,EXP039_ASSOCIATE
M2_T_JUNCTION,C2,O13,4.716666666666655,282,0,False,-0.9999893328465695,0.004618895222108763,-0.9999893328465695,0.004618895222108763,0.004618895222108763,0.9999893328465695,-59.378970981284354,-1.7012801673877753,172.91889057702264,-1.2677611937129951,-59.57470638748169,-44.077932774883855,-59.18323557508702,40.675372440108305,84.75420930114666,1.0089786821565079,90.59666213920167,0.2646441432405311,0.999985941111306,0.9996091538042784,0.019591192527160014,0.9999997662672999,0.0006837143742889313,-0.9999997662672999,-0.0006837143742889313,0.9999999878766478,C2,0.9999867180164347,0.006978711420218061,0.00836242764165995,EXP039_ASSOCIATE
M2_T_JUNCTION,C2,O14,4.816666666666655,288,2,False,-0.9999592137840873,-0.009031653686353095,-0.9999592137840873,-0.009031653686353095,-0.009031653686353095,0.9999592137840873,-63.135605864730636,-1.718046553882978,173.10685703003088,-1.2837340566877886,-62.75465739870467,-43.89558588482136,-63.51655433075659,40.4594927770554,84.3585193266601,1.0042680872221441,86.84102271356892,0.5174826736576392,0.9999645037581871,0.999646260926949,0.019781729694976363,0.9999998163530333,0.0006060477700394996,-0.9999998163530333,-0.0006060477700394996,0.9999999699041134,C2,0.9999639036181024,0.004814270171503247,0.004866951372542267,EXP039_ASSOCIATE
M2_T_JUNCTION,C2,O15,4.9166666666666545,294,2,False,-0.9999930190924549,0.0037365447082936946,-0.999993019092455,0.003736544708293695,0.0037365447082936946,0.9999930190924549,-66.89817382262802,-2.108619882561218,173.2193904100741,-1.674178808083397,-67.05613424866058,-44.38278911030462,-66.74021339659545,40.165549345182185,84.54892868374098,1.0065348652826307,83.06860274421513,0.19274641034510864,0.9999910559753966,0.9995190258775789,0.02443011134921457,0.9999998785364639,0.0004928763105567023,-0.9999998785364639,-0.0004928763105567023,0.9999999496028564,C2,0.9999908764237841,0.004106759614734266,0.004238460631234796,EXP039_ASSOCIATE
M3_ANGLED_Y,C1,O0,2.416666666666663,144,9,False,0.2893585406926689,0.9572207869286004,0.289358540692669,0.9572207869286005,-0.9572207869286004,0.2893585406926689,109.07620300390917,31.141980330499006,247.5454358087665,31.500988729395463,139.17554712267173,22.043241137885495,78.9768588851466,40.24071952311252,62.88903151662897,0.7486789466265353,36.565256642176905,16.819556692250558,-0.289841659318185,-0.9617151213021151,1.350413611402656,0.9999998726146105,0.0005047482170929136,-0.9999998726146105,-0.0005047482170929136,0.9999999186773292,NONE,nan,nan,nan,EXP039_ASSOCIATE
M3_ANGLED_Y,C0,O1,2.5166666666666626,150,0,False,0.28158791918374826,-0.9595354312216756,0.28158791918374826,-0.9595354312216756,0.9595354312216756,0.28158791918374826,105.54939430920714,-35.030855364863896,248.34488283990444,-34.66953931341388,75.79775430832265,-43.76185385387914,135.30103431009164,-26.29985687584866,62.012592829438006,0.7382451527314048,38.7892295385267,16.35499956877993,-0.281224235900848,-0.9489738235627463,1.3239377435889679,0.9999999281798407,0.00037899909412206185,-0.9999999281798407,-0.00037899909412206185,0.9999999764352026,C1,-0.8370073911881917,0.7878018711112527,0.7878035683336219,EXP039_ASSOCIATE
M3_ANGLED_Y,C1,O2,2.5166666666666626,150,14,False,0.3068054446818632,0.9517722517039273,0.30680544468186327,0.9517722517039274,-0.9517722517039273,0.3068054446818632,105.06114534186091,30.76609837946883,247.8566338725582,31.127414430918844,134.44534431023894,21.29405061281679,75.67694637348288,40.23814614612087,61.74628208748982,0.7350747867558312,40.526728969858695,17.8668168059329,-0.3071661434682536,-0.9598032207408737,1.3032532265493013,0.9999999281798407,0.00037899909412206185,-0.9999999281798407,-0.00037899909412206185,0.9999999764352026,C1,0.9998329595025487,0.005788236656099823,0.011163480478952468,EXP039_ASSOCIATE
M3_ANGLED_Y,C0,O3,2.6166666666666623,156,0,False,0.2910431855578283,-0.9567099164011792,0.2910431855578284,-0.9567099164011793,0.9567099164011792,0.2910431855578283,100.27627168045768,-34.56741782926258,247.31648952115108,-34.202391900609,70.03980888236272,-43.76572998417512,130.51273447855266,-25.36910567435004,63.20925973430769,0.7524911873131869,43.93286542233838,16.92042033967192,-0.2906797947833603,-0.9452799468121282,1.2627039830674003,0.9999999278714693,0.000379811869534654,-0.9999999278714693,-0.000379811869534654,0.9999999678541626,C0,0.9999513072018972,0.013446688235792722,0.015442107942914654,EXP039_ASSOCIATE
M3_ANGLED_Y,C1,O4,2.6166666666666623,156,14,False,0.26738942174995506,0.9635885517876521,0.26738942174995506,0.9635885517876521,-0.9635885517876521,0.26738942174995506,100.47799190046389,31.6901962754728,247.5182097411573,32.05522220412638,131.26818392807405,23.146122535120732,69.68779987285373,40.23427001582487,63.9073429639406,0.7608017019516738,44.64300974150943,15.508981106414836,-0.2677553848328656,-0.9538049703135757,1.2542498840296499,0.9999999278714693,0.000379811869534654,-0.9999999278714693,-0.000379811869534654,0.9999999678541626,C1,0.9997384046917904,0.006605973762609973,0.011966538996113359,EXP039_ASSOCIATE
M3_ANGLED_Y,C0,O5,2.716666666666662,162,0,False,0.2598872825640752,-0.9656389596331852,0.25988728256407523,-0.9656389596331854,0.9656389596331852,0.2598872825640752,96.00765379578931,-35.39543845060912,247.36750167170482,-35.02619429960059,64.89151738810781,-43.76988114910721,127.12379020347079,-27.020995752111023,64.44672948883813,0.7672229701052158,47.67548362937161,15.063373998398504,-0.259416464903257,-0.9380976243928961,1.2181490044122427,0.9999998811527936,0.0004875391255128562,-0.9999998811527936,-0.0004875391255128562,0.9999999452398818,C0,0.9997459146556155,0.012385969262419558,0.018770088378306498,EXP039_ASSOCIATE
M3_ANGLED_Y,C1,O6,2.716666666666662,162,14,False,0.2886798907233113,0.9574256737167522,0.28867989072331135,0.9574256737167524,-0.9574256737167522,0.2886798907233113,96.69640876961259,31.262332668489393,248.0562566455281,31.63157681949792,126.4386561631614,22.29454648608599,66.9541613760638,40.230118850892794,62.129621567570034,0.7396383519948814,45.36003080690381,16.77893950450158,-0.28914663889022013,-0.9516571901409387,1.2098148853460562,0.9999998811527936,0.0004875391255128562,-0.9999998811527936,-0.0004875391255128562,0.9999999452398818,C1,0.9999997487278117,0.00627677006756398,0.006971964874512437,EXP039_ASSOCIATE
M3_ANGLED_Y,C0,O7,2.8166666666666615,168,0,False,0.28704407969002516,-0.957917374471779,0.28704407969002516,-0.957917374471779,0.957917374471779,0.28704407969002516,92.27256613045833,-34.85569589974237,248.07948410334987,-34.48319722029629,62.51420478942447,-43.7729174387405,122.03092747149218,-25.938474360744237,62.13137402887885,0.7396592146295101,48.68541945275595,16.681071871245166,-0.28647910345851696,-0.9352730116214861,1.1742432549479227,0.9999998261008132,0.0005897443034558989,-0.9999998261008132,-0.0005897443034558989,0.9999999542063128,C0,0.9999838061024421,0.0038605192642733096,0.004319538251219009,EXP039_ASSOCIATE
M3_ANGLED_Y,C1,O8,2.8166666666666615,168,14,False,0.30130447139931105,0.9535279836034084,0.30130447139931105,0.9535279836034084,-0.9535279836034084,0.30130447139931105,91.70628702579623,30.822610489539244,247.51320499868777,31.195109168985326,121.46829901903243,21.41813841781898,61.944275032560014,40.22708256125951,62.425041540500466,0.7431552564345294,47.27242399851227,17.535969550794874,-0.3018667566992244,-0.9480809333025727,1.1517558072558431,0.9999998261008132,0.0005897443034558989,-0.9999998261008132,-0.0005897443034558989,0.9999999542063128,C1,0.999921828971577,0.0036615829514268943,0.006069623323878943,EXP039_ASSOCIATE
M3_ANGLED_Y,C0,O9,2.916666666666661,174,0,False,0.26387089992448437,-0.9645580066398509,0.26387089992448437,-0.9645580066398509,0.9645580066398509,0.26387089992448437,88.18780054228074,-35.541499250100244,248.52575340464585,-35.16687274806053,58.091264566709015,-43.7749076898365,118.28433651785245,-27.30809081036399,62.40482328360214,0.7429145629000254,49.1273926266537,15.299872285227636,-0.26324826847834726,-0.9272660080476846,1.131909766039956,0.999999791695444,0.000645452607661485,-0.999999791695444,-0.000645452607661485,0.999999969870701,C0,0.9998304404823678,0.006300023242669726,0.0076745654128320615,EXP039_ASSOCIATE
M3_ANGLED_Y,C1,O10,2.916666666666661,174,14,False,0.276048689351442,0.9611436526905597,0.276048689351442,0.9611436526905597,-0.9611436526905597,0.276048689351442,87.6167407712222,31.56019504486128,247.9546936335873,31.934821546901,117.78609613866686,22.89529777955909,57.447385403777545,40.225092310163475,62.778035901273725,0.7473575702532587,47.7558553835661,16.024518944615835,-0.27666900452620874,-0.9410437639063913,1.1086612204012056,0.999999791695444,0.000645452607661485,-0.999999791695444,-0.000645452607661485,0.999999969870701,C1,0.9999037294907442,0.0071000990132528185,0.007919567667873944,EXP039_ASSOCIATE
M3_ANGLED_Y,C0,O11,3.016666666666661,180,0,False,0.23734609208697968,-0.9714251554139615,0.23734609208697968,-0.9714251554139615,0.9714251554139615,0.23734609208697968,83.33471878762057,-36.16203976798373,248.18718298917733,-35.78593818275752,52.17056916970962,-43.77630534861211,114.49886840553154,-28.54777418735534,64.16171013119528,0.7638298825142295,50.20584487030719,13.729957331859453,-0.23670894188835734,-0.917092116629199,1.081458901384838,0.9999997849371398,0.0006558396709640707,-0.9999997849371398,-0.0006558396709640707,0.999999971463219,C0,0.9989506475968857,0.013422404857287518,0.02459367490781461,EXP039_ASSOCIATE
M3_ANGLED_Y,C1,O12,3.016666666666661,180,14,False,0.2949009615469444,0.9555278242305075,0.2949009615469444,0.9555278242305075,-0.9555278242305075,0.2949009615469444,83.04817676712119,31.066898773376927,247.90064096867795,31.44300035860314,112.71770784067753,21.91010289536595,53.37864569356486,40.2236946513879,62.1008207635385,0.7392954852802203,49.037467334084056,17.151598689435048,-0.29552757117854045,-0.9368408747600793,1.0555806684389177,0.9999997849371398,0.0006558396709640707,-0.9999997849371398,-0.0006558396709640707,0.999999971463219,C1,0.9999832077241886,0.004284612238844123,0.005493914238213183,EXP039_ASSOCIATE
M3_ANGLED_Y,C0,O13,3.1166666666666605,186,0,False,0.26191188275301563,-0.9650917913197534,0.2619118827530157,-0.9650917913197535,0.9650917913197534,0.26191188275301563,79.01554273552287,-35.52833441225183,248.25313026990233,-35.15114939833261,48.619657123525414,-43.77733590639666,109.41142834752034,-27.279332918107002,62.99066241239373,0.7498888382427825,51.362825398637085,15.183536795258874,-0.2613368820287587,-0.9118007860940026,1.031375596343955,0.9999998225404525,0.0005957508401418122,-0.9999998225404525,-0.0005957508401418122,0.9999999600864949,C0,0.9997909902264186,0.005836573541263982,0.010992607184042219,EXP039_ASSOCIATE
M3_ANGLED_Y,C1,O14,3.1166666666666605,186,14,False,0.2682447242726952,0.963350802096446,0.2682447242726952,0.963350802096446,-0.963350802096446,0.2682447242726952,78.51928874755191,31.706619085205716,247.75687628193137,32.08380409912493,109.10307305784181,23.190574076808083,47.93550443726202,40.22266409360335,63.49459458326791,0.7558880307531894,49.95756236608882,15.559844379763689,-0.26881859371980804,-0.9274774252592896,1.0080872246484427,0.9999998225404525,0.0005957508401418122,-0.9999998225404525,-0.0005957508401418122,0.9999999600864949,C1,0.9997583148351129,0.007380768324174751,0.009705040286337287,EXP039_ASSOCIATE
M3_ANGLED_Y,C0,O15,3.21666666666666,192,0,False,0.2406460447943333,-0.9706129409423943,0.2406460447943333,-0.9706129409423943,0.9706129409423943,0.2406460447943333,74.83930855164905,-36.077028090106666,248.25701156348183,-35.699043479639805,43.77809746512993,-43.77809746512991,105.90051963816816,-28.375958715083414,64.00329065540987,0.761943936373927,55.55539557894707,13.924673574661597,-0.24018257611451713,-0.9005904803390923,0.9890610641369593,0.999999886009871,0.0004774727690035935,-0.999999886009871,-0.0004774727690035935,0.9999999656342219,C0,0.9991005258499345,0.012300564285080131,0.02257131657035288,EXP039_ASSOCIATE
M3_ANGLED_Y,C1,O16,3.21666666666666,192,14,False,0.28914715434765936,0.957284661494506,0.28914715434765936,0.957284661494506,-0.957284661494506,0.28914715434765936,74.52564112272951,31.20431370943621,247.94334413456227,31.582298319903074,104.3803339199923,22.186724884002345,44.670948325466725,40.221902534870075,62.37369927280325,0.7425440389619434,50.97780008862263,16.806904291207218,-0.2896041987457864,-0.9225920751293142,0.9618414331780776,0.999999886009871,0.0004774727690035935,-0.999999886009871,-0.0004774727690035935,0.9999999656342219,C1,0.9999999756179265,0.004834891334133789,0.005154167238120607,EXP039_ASSOCIATE
M3_ANGLED_Y,C0,O17,3.3166666666666598,198,0,False,0.26580007735755157,-0.964028173279557,0.26580007735755157,-0.964028173279557,0.964028173279557,0.26580007735755157,71.02677074238674,-35.45156811357829,248.42043562893252,-35.07283992147801,40.824475023395955,-43.77888961827402,101.22906646137753,-27.124246608882554,62.658533341914,0.7459349207370715,56.679545884153626,15.414498936740927,-0.2654629717107181,-0.8945822508757754,0.9450323516492574,0.9999999388662902,0.00034966757905216647,-0.9999999388662902,-0.00034966757905216647,0.9999999863392112,C0,0.9998652796596362,0.004884719864147067,0.007967183669027492,EXP039_ASSOCIATE
M3_ANGLED_Y,C1,O18,3.3166666666666598,198,14,False,0.2672067974712291,0.9636392101742071,0.2672067974712291,0.9636392101742071,-0.9636392101742071,0.2672067974712291,70.6598412267997,31.780777420668386,248.05350611334546,32.15950561276867,101.0985720718734,23.340444459610797,40.22111038172601,40.22111038172598,63.1745377807343,0.7520778307230274,51.62313896570302,15.498122399849052,-0.26754373452558766,-0.9121428739142914,0.92235641236213,0.9999999388662902,0.00034966757905216647,-0.9999999388662902,-0.00034966757905216647,0.9999999863392112,C1,0.999734052057646,0.009901584312309801,0.010325714189395622,EXP039_ASSOCIATE
M3_ANGLED_Y,C0,O19,3.4166666666666594,204,0,False,0.248484049516151,-0.9686359879418351,0.24848404951615102,-0.9686359879418353,0.9686359879418351,0.248484049516151,67.33403132640129,-35.93089630424383,248.58448699619208,-35.550943966300245,36.73596193118859,-43.780214608898035,97.93210072161398,-28.081577999589626,63.17764315205281,0.7521147994292001,57.229300713677105,14.387824166928254,-0.24820806888954225,-0.8821131370329757,0.9085838046266946,0.9999999594141856,0.00028490634780937806,-0.9999999594141856,-0.00028490634780937806,0.9999999962354768,C0,0.9994106568402071,0.010873710168251508,0.01593784969936936,EXP039_ASSOCIATE
M3_ANGLED_Y,C1,O20,3.4166666666666594,204,14,False,0.2485652541533559,0.9686151529000966,0.24856525415335592,0.9686151529000967,-0.9686151529000966,0.2485652541533559,67.03803081903132,32.309761727646155,248.28848648882212,32.68971406558974,97.86200421112333,24.39973806419035,36.21405742693932,40.219785391101965,63.64544948487133,0.7576839224389443,55.324686367922936,14.392627553425655,-0.24884120867077822,-0.9009561815062493,0.8859269361172695,0.9999999594141856,0.00028490634780937806,-0.9999999594141856,-0.00028490634780937806,0.9999999962354768,C1,0.9991030380987147,0.016688727907728247,0.01674046889239169,EXP039_ASSOCIATE
M3_ANGLED_Y,C0,O21,3.516666666666659,210,0,False,0.2350280271327581,-0.9719885937921718,0.2350280271327581,-0.9719885937921718,0.9719885937921718,0.2350280271327581,63.7622809135508,-36.341737863622456,248.87339021854558,-35.960046253077216,32.99210616215659,-43.782003636840656,94.53245566494502,-28.901472090404248,63.31385974673982,0.7537364255564265,61.441784478293485,13.593274882656985,-0.23475346019534662,-0.8686535554180593,0.8737114238957069,0.9999999601053653,0.00028246994132204525,-0.9999999601053653,-0.00028246994132204525,0.9999999955330514,C0,0.9988385475970966,0.016601608612763163,0.020829578158817478,EXP039_ASSOCIATE
M3_ANGLED_Y,C1,O22,3.516666666666659,210,14,False,0.26859293525731426,0.9632537750405445,0.2685929352573143,0.9632537750405447,-0.9632537750405445,0.26859293525731426,62.95401470169824,31.745153290545918,248.06512400669303,32.12684490109116,93.34013810141523,23.272310217932556,32.56789130198125,40.21799636315928,63.0905877289461,0.7510784253445963,56.54932679654236,15.58055544815656,-0.26886501477921115,-0.8930278771746816,0.839345888125033,0.9999999601053653,0.00028246994132204525,-0.9999999601053653,-0.00028246994132204525,0.9999999955330514,C1,0.9997661963426723,0.00968444713226371,0.010249762857339454,EXP039_ASSOCIATE
M3_ANGLED_Y,C0,O23,3.6166666666666587,216,0,False,0.22596814176830882,-0.9741346923838498,0.22596814176830882,-0.9741346923838498,0.9741346923838498,0.22596814176830882,60.22818161644802,-36.66335771529534,249.2968269086613,-36.27985403470064,29.53252557444516,-43.78376971827673,90.92383765845088,-29.54294571231395,63.02137944987076,0.7502545172603662,61.4406909861365,13.059814903001296,-0.22566940612267494,-0.8540218937431134,0.839402698684543,0.9999999529808046,0.0003066567930792198,-0.9999999529808046,-0.0003066567930792198,0.9999999931167667,C0,0.9983466509668879,0.022269577909971656,0.022294212764600713,EXP039_ASSOCIATE
M3_ANGLED_Y,C1,O24,3.6166666666666587,216,14,False,0.2574745745747224,0.9662850735924496,0.2574745745747224,0.9662850735924496,-0.9662850735924496,0.2574745745747224,59.520662023653585,32.14205131469552,248.58930731586688,32.52555499529022,89.82252243157818,24.067872347667784,29.218801615729,40.21623028172326,62.71826241767037,0.7466459811627425,56.43946688719534,14.920264941580484,-0.25777088035034323,-0.8800455426418917,0.8052953879862479,0.9999999529808046,0.0003066567930792198,-0.9999999529808046,-0.0003066567930792198,0.9999999931167667,C1,0.9994506257059327,0.017412739021648544,0.019284355723751697,EXP039_ASSOCIATE
M3_ANGLED_Y,C0,O25,3.7166666666666583,222,0,False,0.21791658556292354,-0.9759673978861164,0.21791658556292354,-0.9759673978861164,0.9759673978861164,0.21791658556292354,56.18132496867691,-36.885101066614226,249.32763882775146,-36.50027147172081,25.279277021537613,-43.78499217991157,87.08337291581621,-29.985209953316883,63.32598407297453,0.7538807627735062,65.88734466978492,12.586693449460455,-0.21760128864169828,-0.8357606232198908,0.8000896310980371,0.999999947819585,0.0003230492646888109,-0.999999947819585,-0.0003230492646888109,0.9999999936499511,C0,0.9978379758732422,0.02473610597182056,0.026223287799636372,EXP039_ASSOCIATE
M3_ANGLED_Y,C1,O26,3.7166666666666583,222,14,False,0.24690410227467166,0.969039918826845,0.2469041022746717,0.9690399188268451,-0.969039918826845,0.24690410227467166,55.60653832609246,32.4495917468727,248.752852185167,32.83442134176612,86.08395077861773,24.684175673656966,25.12912587356719,40.21500782008843,62.902284746788006,0.7488367231760477,60.035436264414315,14.294388222958219,-0.24721713702434425,-0.8638575395855582,0.766454339604203,0.999999947819585,0.0003230492646888109,-0.999999947819585,-0.0003230492646888109,0.9999999936499511,C1,0.9990289643898924,0.02141499847169641,0.02340370553494318,EXP039_ASSOCIATE
M3_ANGLED_Y,C0,O27,3.816666666666658,228,0,False,0.2145263722212358,-0.97671819662664,0.21452637222123583,-0.9767181966266401,0.97671819662664,0.2145263722212358,52.20926275476322,-37.009056937877055,249.51240394655068,-36.62342932340754,21.35572613161709,-43.78572732736988,83.06279937790936,-30.232386548384234,63.177970329020496,0.7521186943931012,70.44763684915989,12.387742095999656,-0.21420947823020778,-0.8156341099429089,0.7618561566366563,0.9999999473705877,0.0003244361595038925,-0.9999999473705877,-0.0003244361595038925,0.9999999939508244,C0,0.9976037507460165,0.027096848290974092,0.027291458425964272,EXP039_ASSOCIATE
M3_ANGLED_Y,C1,O28,3.816666666666658,228,14,False,0.24092157380498735,0.9705445869589548,0.24092157380498735,0.9705445869589548,-0.9705445869589548,0.24092157380498735,51.77872431411842,32.66886719762129,249.08186550590588,33.0544948120908,82.17514056079294,25.12346172261243,21.382308067443898,40.21427267263015,62.637856426394166,0.7456887669808829,63.606483111519694,13.940938766034208,-0.24123644088384677,-0.8459088197488481,0.7288486843655756,0.9999999473705877,0.0003244361595038925,-0.9999999473705877,-0.0003244361595038925,0.9999999939508244,C1,0.9987381682957365,0.026011284625993447,0.028850446890854937,EXP039_ASSOCIATE
M3_ANGLED_Y,C0,O29,3.9166666666666576,234,0,False,0.21190398503101202,-0.977290489633444,0.21190398503101202,-0.977290489633444,0.977290489633444,0.21190398503101202,47.88396635812738,-37.04805037204536,249.3431930394172,-36.66191515193847,16.807948391600256,-43.78620255489565,78.9599843246545,-30.309898189195064,63.596276227312764,0.7570985265156281,81.54332202436362,12.23395400989861,-0.21160159460222755,-0.7907214474314178,0.7207477801610813,0.9999999521337267,0.00030940676179486436,-0.9999999521337267,-0.00030940676179486436,0.9999999914209333,C0,0.997414453610896,0.026529688415092574,0.029397348266816895,EXP039_ASSOCIATE
M3_ANGLED_Y,C1,O30,3.9166666666666576,234,14,False,0.23545941509305435,0.9718841823201141,0.23545941509305435,0.9718841823201141,-0.9718841823201141,0.23545941509305435,47.630451311267585,32.80982243099481,249.08967799255743,33.19595765110169,78.1911583429342,25.405847416885255,17.069744279600965,40.213797445104355,62.88960678156339,0.7486857950186118,72.33369207120603,13.618705259948854,-0.23576011136018096,-0.8237013866520991,0.6885383665484781,0.9999999521337267,0.00030940676179486436,-0.9999999521337267,-0.00030940676179486436,0.9999999914209333,C1,0.9984399345475947,0.027296981924503923,0.02988988790370408,EXP039_ASSOCIATE
M3_ANGLED_Y,C0,O31,4.016666666666658,240,0,False,0.17832225748321676,-0.9839721400965016,0.17832225748321678,-0.9839721400965017,0.9839721400965016,0.17832225748321676,44.30141454342761,-38.03333794717117,249.83136914557315,-37.646849563648026,12.555587434737944,-43.78653697081248,76.04724165211728,-32.28013892352986,64.52586575383373,0.7681650684980206,91.6120720871827,10.272051278430837,-0.17806111156477383,-0.7585698066793534,0.6950943799144917,0.9999999647831908,0.00026539332554312533,-0.9999999647831908,-0.00026539332554312533,0.9999999887648993,C0,0.9943695251864594,0.03961624636511511,0.044079834463219815,EXP039_ASSOCIATE
M3_ANGLED_Y,C1,O32,4.016666666666658,240,14,False,0.23299302617504003,0.9724784058033357,0.23299302617504003,0.9724784058033357,-0.9724784058033357,0.23299302617504003,43.648047378900515,32.88644202674652,249.17800198104604,33.272930410269666,74.22994856588423,25.559421024305518,13.0661461919168,40.21346302918752,62.89476661791973,0.7487472216419016,77.16734629560827,13.473348009495794,-0.2332511072479041,-0.7988367013001746,0.650600423580749,0.9999999647831908,0.00026539332554312533,-0.9999999647831908,-0.00026539332554312533,0.9999999887648993,C1,0.9982950669197183,0.028682941184244738,0.0314101502861004,EXP039_ASSOCIATE
M3_ANGLED_Y,C2,O33,4.116666666666657,246,0,True,-0.9760039299007762,-0.21775290771477857,-0.9760039299007762,-0.21775290771477857,0.21775290771477857,-0.9760039299007762,16.92671194210537,-81.50607780469207,226.38917855534902,-81.1193385223939,8.511286246406009,-43.78677184002084,25.34213763780473,-119.22538376936329,77.29334853909019,0.9201589111796451,38.64380398372765,17.42291534934003,0.9760474208648185,-0.20314007804186976,0.9910136402625552,0.9999999800368443,0.00019981569301381498,-0.9999999800368443,-0.00019981569301381498,0.9999999915246323,C0,-0.0658892855320467,0.6116356640534866,0.6137591434510841,EXP039_NEW
M3_ANGLED_Y,C0,O34,4.116666666666657,246,1,False,0.14747194964206736,-0.9890662384637174,0.1474719496420674,-0.9890662384637177,0.9890662384637174,0.14747194964206736,40.86199814658575,-38.96320960455449,250.32446475982937,-38.57647032225633,8.511286246406009,-43.78677184002084,73.2127100467655,-34.13964736908815,65.41667411563657,0.7787699299480544,93.53908789950322,8.48045064077067,-0.1472743157421867,-0.7235839866951543,0.6721537154821045,0.9999999800368443,0.00019981569301381498,-0.9999999800368443,-0.00019981569301381498,0.9999999915246323,C0,0.9905704190687642,0.05214075676019247,0.057597879016245815,EXP039_ASSOCIATE
M3_ANGLED_Y,C3,O35,4.116666666666657,246,9,True,0.9741371808717191,-0.22595741378255232,0.9741371808717192,-0.22595741378255235,0.22595741378255232,0.9741371808717191,36.6892418384381,-70.30627148168249,246.15170845168174,-69.91953219938432,25.34213763780473,-119.22538376936329,48.03634603907147,-21.387159194001683,100.43577690752942,1.1956640108039216,70.6963287335609,13.059183914775303,-0.9740920115876402,-0.46246525821518275,0.9440913246004654,0.9999999800368443,0.00019981569301381498,-0.9999999800368443,-0.00019981569301381498,0.9999999915246323,C0,0.49111940623276595,0.42045421603687205,0.5853672861992878,EXP039_NEW
M3_ANGLED_Y,C3,O36,4.116666666666657,246,20,True,0.9886365313125638,0.15032567629737115,0.9886365313125639,0.15032567629737117,-0.15032567629737115,0.9886365313125638,39.763339441511675,71.89231334117653,249.2258060547553,72.2790526234747,48.03634603907147,17.483800121133193,31.490332843951876,126.30082656121986,110.0677781910564,1.3103306927506715,67.84388104902479,8.645800441815112,-0.9886665490054459,-0.48417213919098356,0.9780490351306573,0.9999999800368443,0.00019981569301381498,-0.9999999800368443,-0.00019981569301381498,0.9999999915246323,C1,0.42996528613700935,0.48586513459255715,0.6541001635659258,EXP039_NEW
M3_ANGLED_Y,C1,O37,4.116666666666657,246,26,False,0.20202861781307951,0.9793796187304168,0.20202861781307954,0.9793796187304169,-0.9793796187304168,0.20202861781307951,40.33511444596287,33.80792560418931,249.7975810592065,34.19466488648747,71.38627364731181,27.402623048399477,9.283955244613928,40.213228159979145,63.409853763550814,0.754879211470843,88.06662150099821,11.65561220753682,-0.20222430919719098,-0.7665212196647725,0.6265454012957277,0.9999999800368443,0.00019981569301381498,-0.9999999800368443,-0.00019981569301381498,0.9999999915246323,C1,0.995941235371512,0.041799193098701934,0.04504888270202391,EXP039_ASSOCIATE
M3_ANGLED_Y,C2,O38,4.116666666666657,246,27,True,-0.9683039252769635,0.2497749152601691,-0.9683039252769635,0.2497749152601691,-0.2497749152601691,-0.9683039252769635,20.387144044282902,83.25702736059951,229.84961065752654,83.64376664289767,31.490332843951876,126.30082656121986,9.283955244613928,40.213228159979145,88.90555553269819,1.0583994706273594,44.450562322917136,15.535806764939508,0.9682539969987712,-0.23803713924330783,1.0204379872527818,0.9999999800368443,0.00019981569301381498,-0.9999999800368443,-0.00019981569301381498,0.9999999915246323,C1,-0.041097269824761806,0.6555202876731052,0.6657872469176501,EXP039_NEW
M3_ANGLED_Y,C0,O39,4.216666666666657,252,1,False,0.15519210747733092,-0.9878843099152576,0.15519210747733092,-0.9878843099152576,0.9878843099152576,0.15519210747733092,37.29556988127301,-38.772659180185805,250.55393419453696,-38.38569630631509,5.376369965013922,-43.78701952003109,69.2147697975321,-33.75829884034052,64.62133186222418,0.7693015697883832,96.20149971726195,8.927938022832365,-0.15505797615818834,-0.6931476711764716,0.6404583366992624,0.9999999907825888,0.00013577489522494804,-0.9999999907825888,-0.00013577489522494804,0.9999999968521731,C0,0.9916102199299464,0.05146621566952331,0.051589913702524255,EXP039_ASSOCIATE
M3_ANGLED_Y,C3,O40,4.216666666666657,252,10,False,0.9491484298138811,-0.3148289347913305,0.9491484298138813,-0.31482893479133056,0.3148289347913305,0.9491484298138811,29.733851272816423,-64.42785545326284,242.99221558608036,-64.04089257939212,15.208982081946724,-108.21753061416749,44.258720463686124,-20.638180292358182,92.27150103275498,1.0984702503899402,79.0419104694856,18.350487055545983,-0.9491056751995547,-0.4189107050386517,0.8447391610775524,0.9999999907825888,0.00013577489522494804,-0.9999999907825888,-0.00013577489522494804,0.9999999968521731,C3,0.995738707537078,0.0794510635954761,0.08006748902805746,EXP039_ASSOCIATE
M3_ANGLED_Y,C3,O41,4.216666666666657,252,23,False,0.9457611315403338,0.32486286655687097,0.9457611315403338,0.32486286655687097,-0.32486286655687097,0.9457611315403338,29.401896293312415,60.24144840807385,242.66026060657634,60.628411281944565,44.258720463686124,16.989331022695076,14.545072122938704,103.49356579345262,91.46520393566036,1.0888714754245281,82.96639938101697,18.957267010265866,-0.9458052310445338,-0.43873632069706114,0.7980190549878932,0.9999999907825888,0.00013577489522494804,-0.9999999907825888,-0.00013577489522494804,0.9999999968521731,C1,0.5846295496358074,0.35159816556268675,0.505169721725642,EXP039_ASSOCIATE
M3_ANGLED_Y,C3,O42,4.216666666666657,252,24,False,0.9966620494652239,0.08163797618620715,0.9966620494652239,0.08163797618620715,-0.08163797618620715,0.9966620494652239,39.31014899320253,77.40304549851506,252.56851330646646,77.79000837238577,44.258720463686124,16.989331022695076,34.361577522718946,137.81675997433504,121.23209569028138,1.4432392344081117,63.18687157858568,4.682722876257799,-0.996673124666243,-0.4529344666671187,1.033489624064456,0.9999999907825888,0.00013577489522494804,-0.9999999907825888,-0.00013577489522494804,0.9999999968521731,C1,0.3665382440052414,0.5542947970968004,0.731591359585558,EXP039_ASSOCIATE
M3_ANGLED_Y,C1,O43,4.216666666666657,252,32,False,0.20216701371691592,0.9793510599191612,0.20216701371691592,0.9793510599191612,-0.9793510599191612,0.20216701371691592,36.240444960362396,33.75113399797349,249.49880927362634,34.138096871844205,67.54335676989473,27.289287515978057,4.937533150830063,40.21298047996893,63.92582413116738,0.7610217158472308,100.47718811422136,11.663708778714266,-0.2022999831410084,-0.7318854847458696,0.5895572843545076,0.9999999907825888,0.00013577489522494804,-0.9999999907825888,-0.00013577489522494804,0.9999999968521731,C1,0.9959539443205,0.03906867762613939,0.04105035940203329,EXP039_ASSOCIATE
M3_ANGLED_Y,C2,O44,4.216666666666657,252,35,False,-0.9574395848919072,0.2886337493814825,-0.9574395848919072,0.2886337493814825,-0.2886337493814825,-0.9574395848919072,19.649555336774505,89.01487022715199,232.90791965003845,89.4018331010227,34.361577522718946,137.81675997433504,4.937533150830063,40.21298047996893,101.94249437199252,1.2136011234761015,35.53545212529026,13.223821738500192,0.9574003868497122,-0.21568787416080987,1.0852124040039774,0.9999999907825888,0.00013577489522494804,-0.9999999907825888,-0.00013577489522494804,0.9999999968521731,C1,-0.0007570963686218679,0.7109809121635716,0.7165498272479554,EXP039_ASSOCIATE
M3_ANGLED_Y,C0,O45,4.316666666666657,258,1,False,0.129761407698041,-0.9915452471129206,0.129761407698041,-0.9915452471129206,0.9915452471129206,0.129761407698041,33.95891271431508,-39.543534974383775,250.9369265543562,-39.1560895690729,1.5290951462465898,-43.78755590159416,66.38873028238358,-35.29951404717339,65.41268320834435,0.7787224191469565,97.87611957069214,7.455805202468724,-0.12965629829107578,-0.6514235017512477,0.620522386063189,0.9999999943814782,0.00010600492332950852,-0.9999999943814782,-0.00010600492332950852,0.9999999991547757,C0,0.9879620410483445,0.06168438775319277,0.062457358952225525,EXP039_ASSOCIATE
M3_ANGLED_Y,C0,O46,4.316666666666657,258,9,False,0.9551372829627718,-0.2961634188999275,0.9551372829627719,-0.29616341889992753,0.2961634188999275,0.9551372829627718,22.816700462046427,-39.95892246446394,239.79471430208753,-39.57147705915306,5.090231310059515,-97.12739939939952,40.54316961403334,17.20955447047164,119.70735087966162,1.425087510472162,103.9856837006591,17.22731417441713,-0.9551058828157987,-0.49576884600293153,0.5477894797540583,0.9999999943814782,0.00010600492332950852,-0.9999999943814782,-0.00010600492332950852,0.9999999991547757,C0,0.5531344139105336,0.11732949205708793,0.604793145226713,EXP039_ASSOCIATE
M3_ANGLED_Y,C0,O47,4.316666666666657,258,23,False,0.7824189520646179,-0.6227524254871315,0.7824189520646179,-0.6227524254871315,0.6227524254871315,0.7824189520646179,72.3419610411403,57.16118861442008,289.3199748811814,57.548634019730954,40.54316961403334,17.20955447047164,104.14075246824726,97.11282275836851,102.1233804179348,1.215754528784938,18.936022245885297,8.517410941075497,-0.7823529328454629,-0.784689338184507,1.0976139352150311,0.9999999943814782,0.00010600492332950852,-0.9999999943814782,-0.00010600492332950852,0.9999999991547757,C1,-0.3697119606067816,0.5860713124841317,0.7915559644848871,EXP039_ASSOCIATE
M3_ANGLED_Y,C3,O48,4.316666666666657,258,28,False,0.9542891190706283,0.29888505687538836,0.9542891190706284,0.2988850568753884,-0.29888505687538836,0.9542891190706283,22.71366587486749,36.26879429741521,239.69167971490862,36.65623970272609,40.54316961403334,-20.65777672151921,4.884162135701645,93.19536531634964,119.30675909702205,1.420318560678834,107.20588758645252,17.3906493661637,-0.9543207969964725,-0.5308559784690676,0.5094537192088986,0.9999999943814782,0.00010600492332950852,-0.9999999943814782,-0.00010600492332950852,0.9999999991547757,C1,0.5622306962366285,0.11184021528790862,0.5972996120129958,EXP039_ASSOCIATE
M3_ANGLED_Y,C1,O49,4.316666666666657,258,32,False,0.1772972621438814,0.9841573455684228,0.1772972621438814,0.9841573455684228,-0.9841573455684228,0.1772972621438814,33.054790360585606,34.51055682722076,250.0328042006267,34.89800223253164,64.70533123011099,28.808669556035692,1.4042494910602272,40.212444098405825,64.32008258038226,0.7657152688140746,102.21299655442814,10.212372378152509,-0.177401586671694,-0.6917874334064444,0.5688928981615696,0.9999999943814782,0.00010600492332950852,-0.9999999943814782,-0.00010600492332950852,0.9999999991547757,C1,0.9933583458293275,0.05012272673029873,0.05261758406189436,EXP039_ASSOCIATE
M3_ANGLED_Y,C0,O50,4.416666666666656,264,1,False,0.07295137369832722,-0.9973354987543194,0.07295137369832722,-0.9973354987543194,0.9973354987543194,0.07295137369832722,31.211724100441387,-41.33756109141355,251.9212209323062,-40.94931874057217,-2.2948550267053633,-43.788442443085145,64.71830322758814,-38.88667973974195,67.19219193340005,0.7999070468261911,98.20264796045632,4.18352214970119,-0.0728409289071561,-0.6024853584821793,0.616635143327901,0.9999999938683917,0.0001107394091555179,-0.9999999938683917,-0.0001107394091555179,0.999999998397089,C0,0.9775209733912188,0.08603266251821029,0.08762853412649103,EXP039_ASSOCIATE
M3_ANGLED_Y,C3,O51,4.416666666666656,264,22,False,0.7799162801814716,0.6258838517711541,0.7799162801814717,0.6258838517711542,-0.6258838517711541,0.7799162801814716,68.4035802294775,-60.62635956500165,289.1130770613423,-60.23811721416027,100.00495713298082,-100.00495713298079,36.80220332597417,-21.2477619970225,100.98160166323619,1.2021619245623356,27.05065064079082,8.747089266148635,-0.7799855854072756,-0.7482956754797748,1.0881372596811407,0.9999999938683917,0.0001107394091555179,-0.9999999938683917,-0.0001107394091555179,0.999999998397089,C3,0.6183223500174644,0.5242704937200783,0.5248540877040047,EXP039_ASSOCIATE
M3_ANGLED_Y,C1,O52,4.416666666666656,264,34,False,0.15653354776438463,0.9876726423386927,0.15653354776438463,0.9876726423386927,-0.9876726423386927,0.15653354776438463,29.800785329139572,35.15451639478467,250.5102821610044,35.54275874562605,61.708969091349246,30.097475232654528,-2.1073984330701023,40.21155755691481,64.61287352589791,0.7692008753083085,103.91391935535584,9.005747832381985,-0.1566429210894339,-0.6467175711165895,0.5486438171981448,0.9999999938683917,0.0001107394091555179,-0.9999999938683917,-0.0001107394091555179,0.999999998397089,C1,0.9907151028778421,0.05967388076860965,0.06276067332928881,EXP039_ASSOCIATE
M3_ANGLED_Y,C0,O53,4.516666666666656,270,1,False,0.019113539394303568,-0.9998173196198507,0.019113539394303568,-0.9998173196198507,0.9998173196198507,0.019113539394303568,28.404031909619317,-43.12928561886571,252.92126904778362,-42.73961270317786,-6.154274417912632,-43.78993785645931,62.962338237151265,-42.468633381272106,69.12924121112779,0.8229671572753309,98.35772752176402,1.0951918296827898,-0.01895844425480507,-0.5498855850116392,0.6147889580742378,0.9999999879683891,0.00015512324750565235,-0.9999999879683891,-0.00015512324750565235,0.9999999932007814,C0,0.9647422847106117,0.11044475335235135,0.11249942398491082,EXP039_ASSOCIATE
M3_ANGLED_Y,C1,O54,4.516666666666656,270,26,False,0.1083364626114499,0.9941142846116022,0.10833646261144991,0.9941142846116023,-0.9941142846116022,0.1083364626114499,26.60370488490493,36.61680515972015,251.12094202306923,37.006478075408,59.57605795782938,33.023548175899606,-6.36864818801952,40.210062143540696,66.33513587586494,0.7897039985222016,104.73911695837097,6.219428798802738,-0.10849067154420844,-0.5879113020856218,0.5388200362098693,0.9999999879683891,0.00015512324750565235,-0.9999999879683891,-0.00015512324750565235,0.9999999932007814,C1,0.9829349385379357,0.07815062063120032,0.08013560150251843,EXP039_ASSOCIATE
M3_ANGLED_Y,C0,O55,4.616666666666656,276,1,False,-0.03186124561797082,-0.9994923016350208,-0.03186124561797082,-0.9994923016350208,0.9994923016350208,-0.03186124561797082,25.508301627321327,-44.9268070002786,253.92246505555315,-44.53563702225009,-10.110038045003613,-43.791385880028024,61.126641299646266,-46.06222812052917,71.27286446140431,0.8484864816833847,98.33674962654125,1.825823903669118,0.03206965937127763,-0.4935603690563636,0.6150386949221279,0.9999999782596395,0.0002085203114029401,-0.9999999782596395,-0.0002085203114029401,0.9999999905821055,C0,0.9500765347959381,0.1349231889553789,0.13750097506239506,EXP039_ASSOCIATE
M3_ANGLED_Y,C0,O56,4.616666666666656,276,23,False,0.7872880844706308,-0.616585332334921,0.7872880844706308,-0.616585332334921,0.616585332334921,0.7872880844706308,62.584371237881676,60.26028431402477,290.9985346661135,60.65145429205328,29.06943600291291,17.466679311492314,96.09930647285044,103.05388931655723,108.7114255801463,1.2941836378588845,28.11726501173939,8.067203885581876,-0.787159496789199,-0.7205001803189103,1.0342837266522664,0.9999999782596395,0.0002085203114029401,-0.9999999782596395,-0.0002085203114029401,0.9999999905821055,C1,-0.3623997657991172,0.622918466066392,0.8313397487265216,EXP039_ASSOCIATE
M3_ANGLED_Y,C1,O57,4.616666666666656,276,32,False,0.06569665832796154,0.9978396409666932,0.06569665832796154,0.9978396409666932,-0.9978396409666932,0.06569665832796154,23.6164315915227,37.993690685602104,252.03059501975454,38.38486066363061,57.25799663867012,35.778767251232246,-10.025133455624719,40.20861411997197,67.42880051258726,0.8027238156260388,105.26459597779093,3.7668542270357364,-0.06590472673235707,-0.5280907605657852,0.532564333597727,0.9999999782596395,0.0002085203114029401,-0.9999999782596395,-0.0002085203114029401,0.9999999905821055,C1,0.9741627355368541,0.09781074815131632,0.10047583942365586,EXP039_ASSOCIATE
M3_ANGLED_Y,C0,O58,4.716666666666655,282,1,False,-0.1254761708272397,-0.9920966336776541,-0.1254761708272397,-0.9920966336776541,0.9920966336776541,-0.1254761708272397,23.574368731019753,-48.573666177849965,255.94279525187977,-48.1813680724094,-14.229030436590037,-43.79245272465873,61.37776789862954,-53.3548796310412,76.20910682354484,0.9072512717088672,96.00785328380351,7.20825486856441,0.125722411972571,-0.43640257203236466,0.6427636513832915,0.9999999691967218,0.0002482066787142278,-0.9999999691967218,-0.0002482066787142278,0.9999999930949124,C0,0.9166192973590737,0.1845421609278762,0.18858461530472292,EXP039_ASSOCIATE
M3_ANGLED_Y,C3,O59,4.716666666666655,282,17,False,0.6649056614267272,0.7469273468033464,0.6649056614267272,0.7469273468033464,-0.7469273468033464,0.6649056614267272,43.24426606543009,-37.2126563184428,275.6126925862901,-36.82035821300223,61.37776789862954,-53.3548796310412,25.110764232230636,-21.070433005844386,48.55492816217293,0.5780348590734873,24.27506182488571,18.324911597013312,-0.6650910333014441,-0.7578275143065313,0.6791818826612618,0.9999999691967218,0.0002482066787142278,-0.9999999691967218,-0.0002482066787142278,0.9999999930949124,C0,-0.5294738521515651,0.3256250465818603,0.4539666834078601,EXP039_ASSOCIATE
M3_ANGLED_Y,C3,O60,4.716666666666655,282,22,False,0.7854199884843414,0.6189631989781437,0.7854199884843414,0.6189631989781437,-0.6189631989781437,0.7854199884843414,58.073806597315404,-62.89817397257015,290.4422331181754,-62.50587586712958,91.03684896240017,-104.72591493929592,25.110764232230636,-21.070433005844386,106.51050795751343,1.2679822375894456,32.09424112186028,8.240461238841306,-0.7855735950906957,-0.6781857209425786,1.0191440835090706,0.9999999691967218,0.0002482066787142278,-0.9999999691967218,-0.0002482066787142278,0.9999999930949124,C3,0.6252474897147577,0.5346037265856998,0.5363275514554761,EXP039_ASSOCIATE
M3_ANGLED_Y,C1,O61,4.716666666666655,282,34,False,-0.009214514696486922,0.9999575454582601,-0.009214514696486922,0.9999575454582601,-0.9999575454582601,-0.009214514696486922,21.192570262819906,40.53041121510279,253.56099678367994,40.922709320543355,56.22970931518944,40.853275154864306,-13.844568789549626,40.20754727534126,70.07725320241016,0.8342530143144067,104.26337061380792,0.5279602738282847,0.008966318271436237,-0.463580937496347,0.5444836831689533,0.9999999691967218,0.0002482066787142278,-0.9999999691967218,-0.0002482066787142278,0.9999999930949124,C1,0.954513850032981,0.13307574647532963,0.13615080748414518,EXP039_ASSOCIATE
M3_ANGLED_Y,C0,O62,4.816666666666655,288,1,False,-0.2830796181125816,-0.9590964131979823,-0.28307961811258164,-0.9590964131979824,0.9590964131979823,-0.2830796181125816,24.25492222459461,-56.17448876044793,260.578901813507,-55.781342374188405,-17.69363052648545,-43.79327230530937,66.20347497567467,-68.55570521558649,87.47515301659415,1.0413708692451684,88.81279186285074,16.44409225840019,0.283341441264271,-0.3961544643242949,0.7284191444898721,0.9999999627353912,0.0002730003959327116,-0.9999999627353912,-0.0002730003959327116,0.9999999960786132,C3,-0.05904343605609483,0.24047392733281137,0.7705055150997295,EXP039_ASSOCIATE
M3_ANGLED_Y,C3,O63,4.816666666666655,288,14,False,0.7248656357665617,0.6888902743432644,0.7248656357665618,0.6888902743432646,-0.6888902743432644,0.7248656357665617,43.68210936345895,-44.85822448341487,280.00608895237133,-44.46507809715535,66.20347497567467,-68.55570521558649,21.16074375124323,-21.160743751243256,65.38447834435135,0.7783866469565637,32.69065162985677,13.54232853895681,-0.7250536760723771,-0.6974568508858061,0.7453927823490928,0.9999999627353912,0.0002730003959327116,-0.9999999627353912,-0.0002730003959327116,0.9999999960786132,C0,-0.45690122039307185,0.39454625201275095,0.558216111611548,EXP039_ASSOCIATE
M3_ANGLED_Y,C0,O64,4.816666666666655,288,19,False,0.6634965615916975,-0.748179331949229,0.6634965615916976,-0.7481793319492291,0.748179331949229,0.6634965615916975,39.38234881977263,33.91516271899177,275.706328408685,34.3083091052513,21.16074375124323,17.755972277105148,57.60395388830204,50.0743531608784,48.70919120702444,0.5798713238931481,24.352843720704648,18.432911180859094,-0.6632922836129068,-0.7579223313998575,0.6187279005900157,0.9999999627353912,0.0002730003959327116,-0.9999999627353912,-0.0002730003959327116,0.9999999960786132,C1,-0.5241844120753786,0.33691042392113313,0.4663706361791518,EXP039_ASSOCIATE
M3_ANGLED_Y,C1,O65,4.816666666666655,288,26,False,-0.12958618368576555,0.9915681625575516,-0.12958618368576555,0.9915681625575516,-0.9915681625575516,-0.12958618368576555,19.85138268811831,45.14054042778452,256.1753622770307,45.533686814044046,57.60395388830204,50.0743531608784,-17.901188512065417,40.20672769469064,76.14720323978237,0.9065143242831235,100.68726549112722,7.445680117037227,0.12931548035581464,-0.40281086684007855,0.5870563632008663,0.9999999627353912,0.0002730003959327116,-0.9999999627353912,-0.0002730003959327116,0.9999999960786132,C1,0.9116527878514408,0.1961188923897311,0.1989498155388286,EXP039_ASSOCIATE
M3_ANGLED_Y,C0,O66,4.9166666666666545,294,14,False,0.7239240268506862,-0.689879702084564,0.7239240268506864,-0.6898797020845641,0.689879702084564,0.7239240268506862,39.47679253274841,40.57258478747816,279.7028101091989,40.966399028806094,17.271481091477252,17.271481091477263,61.68210397401957,63.87368848347906,64.37444491894698,0.7663624395112736,32.18611547998697,13.620587000290413,-0.723733205685218,-0.6975600830639399,0.6739138175438919,0.9999999617571421,0.0002765605075319829,-0.9999999617571421,-0.0002765605075319829,0.9999999963381968,C1,-0.45089359133357976,0.39906543211504686,0.5627449585665129,EXP039_ASSOCIATE
M3_ANGLED_Y,C0,O67,4.9166666666666545,294,15,False,0.7911598237622842,-0.6116094613921791,0.7911598237622842,-0.6116094613921791,0.6116094613921791,0.7911598237622842,51.84456484777103,61.994194813541085,292.0705824242215,62.388009054869016,17.271481091477252,17.271481091477263,86.41764860406481,106.71690853560492,113.05607888274528,1.3459057009850628,42.89113161978763,7.7059687018847285,-0.7909906464830176,-0.6417300099163661,0.9620888478108033,0.9999999617571421,0.0002765605075319829,-0.9999999617571421,-0.0002765605075319829,0.9999999963381968,C1,-0.35651643786827536,0.6451125235517946,0.8572155287550741,EXP039_ASSOCIATE
M3_ANGLED_Y,C1,O68,4.9166666666666545,294,24,False,-0.27129141277439267,0.9624972568038177,-0.27129141277439267,0.9624972568038177,-0.9624972568038177,-0.27129141277439267,19.697749593888588,52.03989391036052,259.9237671703391,52.43370815168845,61.68210397401957,63.87368848347906,-22.286604786242393,40.20609933724199,87.24046553555736,1.0385769706613972,94.35692408515578,15.741127888818227,0.2710252136695939,-0.3542604483301649,0.6624175704148121,0.9999999617571421,0.0002765605075319829,-0.9999999617571421,-0.0002765605075319829,0.9999999963381968,C1,0.8428218942715189,0.28950898441380263,0.29096089849677137,EXP039_ASSOCIATE
M4_ASYMMETRIC_CROSS,C1,O0,2.116666666666664,126,2,False,-0.0165474888622122,0.9998630809327621,-0.0165474888622122,0.9998630809327621,-0.9998630809327621,-0.0165474888622122,91.54792747553012,40.77145930991146,215.31203672602737,41.127479951072814,123.43198873149035,41.29913270697588,59.66386621956988,40.24378591284703,63.77685477938823,0.7592482711831933,34.43076197927142,0.9481445467617391,0.015864016271478692,-0.9137799705065661,1.193052861481745,0.9999997663712518,0.0006835623174793045,-0.9999997663712518,-0.0006835623174793045,0.9999999050747312,NONE,nan,nan,nan,EXP039_ASSOCIATE
M4_ASYMMETRIC_CROSS,C0,O1,2.2166666666666637,132,0,False,-0.004627157304503253,-0.9999892946503375,-0.004627157304503253,-0.9999892946503375,0.9999892946503375,-0.004627157304503253,86.05533736120611,-43.95287493309105,214.9954707827433,-43.5958688801828,43.757152482685854,-43.75715248268591,128.35352223972637,-44.148597383496195,84.59727540045418,1.0071104214339783,47.42592435833069,0.26511753075045874,0.005306057733430624,-0.8902554916254396,1.150358338090363,0.9999997695414191,0.0006789087632511763,-0.9999997695414191,-0.0006789087632511763,0.9999999090927827,C1,-0.9997758092149062,1.0086183362879901,1.0162136403703341,EXP039_ASSOCIATE
M4_ASYMMETRIC_CROSS,C2,O2,2.2166666666666637,132,3,True,0.9923988323930865,0.12306322547714518,0.9923988323930865,0.12306322547714518,-0.12306322547714518,0.9923988323930865,123.10381113038684,-1.8142025623795632,252.04394455192403,-1.4571965094713066,128.35352223972637,-44.148597383496195,117.85410002104732,40.52019225873707,85.3173007449652,1.0156821517257761,26.88282148390786,7.068923215769956,-0.9924821523884703,-0.999881190957841,1.4656806966201446,0.9999997695414191,0.0006789087632511763,-0.9999997695414191,-0.0006789087632511763,0.9999999090927827,C1,0.10662466714920457,0.6694973621600431,0.6727828018103522,EXP039_NEW
M4_ASYMMETRIC_CROSS,C1,O3,2.2166666666666637,132,5,False,-0.004303211972965468,0.9999907411404948,-0.004303211972965468,0.9999907411404948,-0.9999907411404948,-0.004303211972965468,85.62908121307942,40.381519888025586,214.5692146346166,40.73852594093384,117.85410002104732,40.52019225873707,53.40406240511152,40.242847517314104,64.45063435530432,0.7672694566107656,35.36529063883043,0.2465566453460042,0.003624308503923023,-0.9047599062157452,1.1270613954674082,0.9999997695414191,0.0006789087632511763,-0.9999997695414191,-0.0006789087632511763,0.9999999090927827,C1,0.9999250306931656,0.009982055054637439,0.011663088915222967,EXP039_ASSOCIATE
M4_ASYMMETRIC_CROSS,C1,O4,2.3166666666666633,138,2,False,1.2692715606653998e-15,1.0,1.2692715606653998e-15,1.0,-1.0,1.2692715606653998e-15,83.2828739830847,40.24194260924275,217.1611444407868,40.59984447310786,116.87108746456886,40.241942609242706,49.69466050160055,40.24194260924279,67.1764269629683,0.7997193686067655,33.197822676602925,8.526512829121202e-14,-0.0006301580280225701,-0.9006714165908813,1.1011390621104293,0.9999998014504101,0.0006301580280213008,-0.9999998014504101,-0.0006301580280213008,0.9999998958031664,C1,0.9998630809327621,0.022891834221723934,0.022926286452696724,EXP039_ASSOCIATE
M4_ASYMMETRIC_CROSS,C0,O5,2.416666666666663,144,0,False,-0.011100140915159809,-0.9999383915380304,-0.01110014091515981,-0.9999383915380305,0.9999383915380304,-0.011100140915159809,76.88509024415721,-44.23324788041984,215.35432304901457,-43.87423948152338,34.188496862868305,-43.7592804768875,119.58168362544612,-44.70721528395218,85.39844802961551,1.0166481908287561,48.63398541036955,0.6360042875747212,0.011604856621495612,-0.8665359765469528,1.0559662934542011,0.9999998726146105,0.0005047482170929136,-0.9999998726146105,-0.0005047482170929136,0.9999999186773292,C0,0.9999790489460247,0.00540671693058821,0.005829631508923114,EXP039_ASSOCIATE
M4_ASYMMETRIC_CROSS,C2,O6,2.416666666666663,144,4,False,0.9944083510751348,0.10560317851291985,0.9944083510751348,0.10560317851291985,-0.10560317851291985,0.9944083510751348,115.07107592890209,-2.2332478804198956,253.54030873375945,-1.874239481523439,119.58168362544612,-44.70721528395218,110.56046823235806,40.24071952311239,85.42560479829089,1.0169714856939391,34.907255174226776,6.061919357754505,-0.9944615274181134,-0.9998018052035733,1.3701517241163481,0.9999998726146105,0.0005047482170929136,-0.9999998726146105,-0.0005047482170929136,0.9999999186773292,C2,0.9998455542973368,0.01849277684730178,0.01900263990501619,EXP039_ASSOCIATE
M4_ASYMMETRIC_CROSS,C2,O7,2.416666666666663,144,5,False,0.9917685833945016,0.12804326218768222,0.9917685833945016,0.12804326218768222,-0.12804326218768222,0.9917685833945016,114.00870793725407,-1.5413187804036355,252.4779407421114,-1.182310381507179,119.58168362544612,-44.70721528395218,108.43573224906203,41.62457772314491,87.04832402697353,1.036289571749685,35.98087375749222,7.3565345170205205,-0.9918330866659744,-0.999901676090905,1.3573705505060447,0.9999998726146105,0.0005047482170929136,-0.9999998726146105,-0.0005047482170929136,0.9999999186773292,C2,0.9999874010102807,0.006115793516386202,0.012212719562866828,EXP039_ASSOCIATE
M4_ASYMMETRIC_CROSS,C1,O8,2.416666666666663,144,8,False,1.7259635178451029e-15,1.0,1.7259635178451029e-15,1.0,-1.0,1.7259635178451029e-15,77.62615747022906,40.240719523112446,216.0953902750864,40.5997279220089,110.56046823235806,40.24071952311239,44.691846708100044,40.2407195231125,65.86862152425802,0.7841502562411669,34.263800000563606,1.1368683772161603e-13,-0.0005047482170946395,-0.8880328920234104,1.0409103261863466,0.9999998726146105,0.0005047482170929136,-0.9999998726146105,-0.0005047482170929136,0.9999999186773292,C1,0.9998630809327621,0.011244581631704208,0.014181888866981499,EXP039_ASSOCIATE
M4_ASYMMETRIC_CROSS,C1,O9,2.416666666666663,144,9,False,-0.021704547672606704,0.9997644285582117,-0.021704547672606704,0.9997644285582117,-0.9997644285582117,-0.021704547672606704,76.56378947858104,40.932648623128706,215.03302228343838,41.29165702202516,108.43573224906203,41.62457772314491,44.691846708100044,40.2407195231125,63.75890531821464,0.7590345871216029,35.99231143910556,1.2436766376475248,0.021199915594936773,-0.8821186579285627,1.033556563460925,0.9999998726146105,0.0005047482170929136,-0.9999998726146105,-0.0005047482170929136,0.9999999186773292,C1,0.9999866975060677,0.0038539663911880484,0.004201120767554758,EXP039_ASSOCIATE
M4_ASYMMETRIC_CROSS,C0,O10,2.5166666666666626,150,0,False,-0.0022062644634762113,-0.9999975661955969,-0.0022062644634762117,-0.999997566195597,0.9999975661955969,-0.0022062644634762113,72.0769920616905,-43.855751040900756,214.8724805923878,-43.49443498945074,29.517743137255096,-43.76185385387915,114.6362409861259,-43.94964822792237,85.11870501114984,1.0133179167994029,49.36814567730366,0.12640974479909062,0.002585262476734344,-0.8540920246056847,1.0044134243929086,0.9999999281798407,0.00037899909412206185,-0.9999999281798407,-0.00037899909412206185,0.9999999764352026,C0,0.999997069604717,0.0018978827083039366,0.003748661654111812,EXP039_ASSOCIATE
M4_ASYMMETRIC_CROSS,C2,O11,2.5166666666666626,150,3,False,0.992954898480651,0.11849290942195734,0.992954898480651,0.11849290942195734,-0.11849290942195734,0.992954898480651,109.55825638227883,-1.3968093163230755,252.35374491297614,-1.0354932648730608,114.6362409861259,-43.94964822792237,104.48027177843176,41.156029595276216,85.70951002248063,1.020351309791436,40.432839692765114,6.805132079332594,-0.9929997358718028,-0.9999138320014268,1.3043709560385106,0.9999999281798407,0.00037899909412206185,-0.9999999281798407,-0.00037899909412206185,0.9999999764352026,C2,0.999989401500831,0.006229386530744412,0.006230687569026018,EXP039_ASSOCIATE
M4_ASYMMETRIC_CROSS,C1,O12,2.5166666666666626,150,5,False,-0.014286416655041502,0.9998979439418598,-0.014286416655041502,0.9998979439418598,-0.9998979439418598,-0.014286416655041502,72.35920896227628,40.69708787069853,215.15469749297358,41.05840392214855,104.48027177843176,41.156029595276216,40.2381461461208,40.23814614612085,64.24868259959777,0.7648652690428306,36.04627142353516,0.818579225878409,0.013907455214020304,-0.8717868308477882,0.9883181104643887,0.9999999281798407,0.00037899909412206185,-0.9999999281798407,-0.00037899909412206185,0.9999999764352026,C1,0.9999974431685225,0.0020456500787281377,0.0032947446460062403,EXP039_ASSOCIATE
M4_ASYMMETRIC_CROSS,C0,O13,2.6166666666666623,156,0,False,-0.00991588037866073,-0.9999508364496308,-0.00991588037866073,-0.9999508364496308,0.9999508364496308,-0.00991588037866073,68.34250008430112,-44.18266760421659,215.38271792499452,-43.81764167556301,26.29710361048453,-43.76572998417518,110.38789655811772,-44.599605224258006,84.0949273528299,1.0011300875336893,50.241855074712035,0.5681474065989107,0.010295672860077522,-0.8395821194254703,0.9688169137447522,0.9999999278714693,0.000379811869534654,-0.9999999278714693,-0.000379811869534654,0.9999999678541626,C0,0.999986013964606,0.005312559482826849,0.006565358091481592,EXP039_ASSOCIATE
M4_ASYMMETRIC_CROSS,C2,O14,2.6166666666666623,156,3,False,0.9924424008617199,0.1227113726262785,0.9924424008617199,0.1227113726262785,-0.1227113726262785,0.9924424008617199,105.13786424269975,-2.1393624268497504,252.17808208339315,-1.7743364981961718,110.38789655811772,-44.599605224258006,99.88783192728178,40.320880370558505,85.56716794957731,1.018656761304492,44.8403719619084,7.048609567690306,-0.992488936514158,-0.9997852414039893,1.2519003337868047,0.9999999278714693,0.000379811869534654,-0.9999999278714693,-0.000379811869534654,0.9999999678541626,C2,0.99999993715068,0.004099296331495482,0.004145211470544376,EXP039_ASSOCIATE
M4_ASYMMETRIC_CROSS,C1,O15,2.6166666666666623,156,5,False,-0.0013604976128301477,0.9999990745226945,-0.0013604976128301477,0.9999990745226945,-0.9999990745226945,-0.0013604976128301477,68.0574656844509,40.277575193191666,215.0976835251443,40.642601121845246,99.88783192728178,40.320880370558505,36.22709944162003,40.234270015824826,63.66079140227944,0.7578665643128505,37.44967743166147,0.07795079530001203,0.0009806859966720654,-0.8607774504544217,0.9414628413170114,0.9999999278714693,0.000379811869534654,-0.9999999278714693,-0.000379811869534654,0.9999999678541626,C1,0.9998846684012676,0.006311261819946031,0.0069421904749344746,EXP039_ASSOCIATE
M4_ASYMMETRIC_CROSS,C0,O16,2.716666666666662,162,0,False,-0.014693483406051918,-0.9998920449455513,-0.014693483406051918,-0.9998920449455513,0.9998920449455513,-0.014693483406051918,63.69781360611695,-44.392214654327894,215.05766148203247,-44.022970503319364,21.347997434074124,-43.76988114910719,106.04762977815979,-45.014548159548596,84.70877708472814,1.0084378224372397,51.81953950116086,0.8419048816927841,0.01518096815297248,-0.8201388337004434,0.9242941920285639,0.9999998811527936,0.0004875391255128562,-0.9999998811527936,-0.0004875391255128562,0.9999999452398818,C0,0.9999493298106563,0.005138163085466651,0.005189510467839625,EXP039_ASSOCIATE
M4_ASYMMETRIC_CROSS,C2,O17,2.716666666666662,162,3,False,0.9925370191661527,0.12194369842172252,0.9925370191661529,0.12194369842172255,-0.12194369842172252,0.9925370191661527,100.7974311888274,-2.2815777368797967,252.1572790647429,-1.9123335858712687,106.04762977815979,-45.014548159548596,95.547232599495,40.451392685789,86.10856743372554,1.0251019932586374,49.17675004625262,7.004292241953408,-0.992596353529991,-0.9997327689512084,1.2002767851636593,0.9999998811527936,0.0004875391255128562,-0.9999998811527936,-0.0004875391255128562,0.9999999452398818,C2,0.9999993637817941,0.005583758107887345,0.0058779496369163915,EXP039_ASSOCIATE
M4_ASYMMETRIC_CROSS,C1,O18,2.716666666666662,162,5,False,-0.0034511268894468787,0.9999940448438646,-0.0034511268894468787,0.9999940448438646,-0.9999940448438646,-0.0034511268894468787,63.489223105177274,40.3407557683409,214.84907098109278,40.70999991934943,95.547232599495,40.451392685789,31.431213610859544,40.2301188508928,64.11640081181314,0.7632904858549183,37.446308117388824,0.1977353978446672,0.0029635902571488477,-0.844292831837758,0.8954927786839806,0.9999998811527936,0.0004875391255128562,-0.9999998811527936,-0.0004875391255128562,0.9999999452398818,C1,0.9999142340757663,0.007421421867316374,0.009047983984501342,EXP039_ASSOCIATE
M4_ASYMMETRIC_CROSS,C0,O19,2.8166666666666615,168,0,False,-0.0084982352632037,-0.999963889346716,-0.0084982352632037,-0.999963889346716,0.999963889346716,-0.0084982352632037,59.577435649801615,-44.13643906881674,215.38435362269314,-43.76394038937066,16.80284871330707,-43.77291743874051,102.35202258629616,-44.49996069889298,85.55226322110393,1.018479324060761,53.04873436415248,0.4869188748911597,0.009087956792771329,-0.8031737064928718,0.8826797810332472,0.9999998261008132,0.0005897443034558989,-0.9999998261008132,-0.0005897443034558989,0.9999999542063128,C0,0.9999925070550042,0.0050434323299402605,0.0060458599365096856,EXP039_ASSOCIATE
M4_ASYMMETRIC_CROSS,C2,O20,2.8166666666666615,168,3,False,0.9913110993580745,0.13153822368226595,0.9913110993580745,0.13153822368226595,-0.13153822368226595,0.9913110993580745,96.71659778159483,-2.02972655621155,252.52351575448637,-1.6572278767654693,102.35202258629616,-44.49996069889298,91.0811729768935,40.44050758646988,85.68497653296349,1.0200592444400416,53.26210630606131,7.558489423441074,-0.9913885008879838,-0.9997673119591908,1.1516415915945082,0.9999998261008132,0.0005897443034558989,-0.9999998261008132,-0.0005897443034558989,0.9999999542063128,C2,0.9999634956211338,0.00618590818444796,0.006201751950142413,EXP039_ASSOCIATE
M4_ASYMMETRIC_CROSS,C1,O21,2.8166666666666615,168,5,False,-0.003337476710554722,0.9999944306090942,-0.003337476710554722,0.9999944306090942,-0.9999944306090942,-0.003337476710554722,59.107341386093225,40.333795073864685,214.91425935898476,40.70629375331077,91.0811729768935,40.44050758646988,27.13350979529295,40.22708256125949,63.94801933311786,0.7612859444418794,38.30653808576791,0.1912236847379063,0.0027477351112308976,-0.8263427234604258,0.8518764161545518,0.9999998261008132,0.0005897443034558989,-0.9999998261008132,-0.0005897443034558989,0.9999999542063128,C1,0.9999127391631079,0.006896800078324714,0.008239600333098255,EXP039_ASSOCIATE
M4_ASYMMETRIC_CROSS,C0,O22,2.916666666666661,174,0,False,-0.008680880511566546,-0.9999623204468975,-0.008680880511566548,-0.9999623204468976,0.9999623204468975,-0.008680880511566546,55.11747044695284,-44.14442518150133,215.45542330931795,-43.769798679461616,12.552252792078377,-43.774907689836596,97.6826881018273,-44.51394267316607,85.13364310737519,1.013495751278276,54.25767036727284,0.49738406285555925,0.009326306990595265,-0.7801165418085019,0.8406705750423572,0.999999791695444,0.000645452607661485,-0.999999791695444,-0.000645452607661485,0.999999969870701,C0,0.9999917833002765,0.005854043675077363,0.00594515424015498,EXP039_ASSOCIATE
M4_ASYMMETRIC_CROSS,C2,O23,2.916666666666661,174,3,False,0.9914899416416834,0.13018331545697928,0.9914899416416834,0.13018331545697928,-0.13018331545697928,0.9914899416416834,92.11398123662899,-2.102080404842596,252.45193409899412,-1.7274539028028768,97.6826881018273,-44.51394267316607,86.54527437143068,40.30978186348088,85.55177513570942,1.0184735135203502,57.86203669881529,7.48018553994666,-0.991573762270247,-0.9997247817871378,1.0968805154902943,0.999999791695444,0.000645452607661485,-0.999999791695444,-0.000645452607661485,0.999999969870701,C2,0.9999742391181405,0.00582597360272245,0.006060744834537774,EXP039_ASSOCIATE
M4_ASYMMETRIC_CROSS,C1,O24,2.916666666666661,174,5,False,-0.0013374562569114514,0.9999991056049805,-0.0013374562569114514,0.9999991056049805,-0.9999991056049805,-0.0013374562569114514,54.884621122440564,40.267437086822156,215.22257398480568,40.64206358886187,86.54527437143068,40.30978186348088,23.223967873450444,40.22509231016343,63.32136313229204,0.7538257515749053,38.903969837345116,0.07663062165039491,0.0006920039479413324,-0.8066555130597389,0.8103801602654089,0.999999791695444,0.000645452607661485,-0.999999791695444,-0.000645452607661485,0.999999969870701,C1,0.9998843182027173,0.005876089983910086,0.006868237396340416,EXP039_ASSOCIATE
M4_ASYMMETRIC_CROSS,C0,O25,3.016666666666661,180,0,False,-0.00803299421482726,-0.9999677349814566,-0.00803299421482726,-0.9999677349814566,0.9999677349814566,-0.00803299421482726,50.860506090133,-44.11652370673552,215.71297029168977,-43.74042212150931,8.509251766570387,-43.776305348612034,93.21176041369561,-44.456742064859014,84.70524166331822,1.0083957340871217,55.295242353993785,0.4602616154897703,0.008688810997513475,-0.7549840556207368,0.8015237352349845,0.9999997849371398,0.0006558396709640707,-0.9999997849371398,-0.0006558396709640707,0.999999971463219,C0,0.9999941999050606,0.008713286965571169,0.008853739269330292,EXP039_ASSOCIATE
M4_ASYMMETRIC_CROSS,C2,O26,3.016666666666661,180,3,False,0.991768568233807,0.12804337961591183,0.991768568233807,0.12804337961591183,-0.12804337961591183,0.991768568233807,87.74538991616117,-2.1166034490430725,252.59785411771793,-1.7405018638168603,93.21176041369561,-44.456742064859014,82.27901941862675,40.22353516677287,85.38310241313145,1.0164655049182316,62.229085331758895,7.30889309981319,-0.9918523308691785,-0.9996931583148492,1.0448918412885846,0.9999997849371398,0.0006558396709640707,-0.9999997849371398,-0.0006558396709640707,0.999999971463219,C2,0.9999874004159218,0.0074066156277024465,0.007498688435308172,EXP039_ASSOCIATE
M4_ASYMMETRIC_CROSS,C1,O27,3.016666666666661,180,5,False,2.51068298173278e-06,0.9999999999968482,2.5106829817327804e-06,0.9999999999968483,-0.9999999999968482,2.51068298173278e-06,50.51781813692859,40.22361490908041,215.37028233848534,40.59971649430662,82.27901941862675,40.22353516677287,18.75661685523043,40.223694651387945,63.52240256359652,0.7562190781380538,40.99664674530497,0.00014385153852458643,-0.0006583503534037819,-0.7827151815839906,0.7687553942872322,0.9999997849371398,0.0006558396709640707,-0.9999997849371398,-0.0006558396709640707,0.999999971463219,C1,0.9998630393841121,0.0063210453841847924,0.007372607415715465,EXP039_ASSOCIATE
M4_ASYMMETRIC_CROSS,C0,O28,3.1166666666666605,186,0,False,-0.006799695096769417,-0.99997688180607,-0.006799695096769417,-0.99997688180607,0.99997688180607,-0.006799695096769417,46.401825525338,-44.066817891832756,215.63941305971747,-43.68963287791354,3.8300206111760815,-43.77733590639662,88.97363043949991,-44.35629987726888,85.14557824031387,1.0136378361942127,58.60681695737371,0.3895968332836901,0.007395430957556957,-0.7247054394108016,0.7618130386749135,0.9999998225404525,0.0005957508401418122,-0.9999998225404525,-0.0005957508401418122,0.9999999600864949,C0,0.9999976399627313,0.007746820569248603,0.007778873592546158,EXP039_ASSOCIATE
M4_ASYMMETRIC_CROSS,C2,O29,3.1166666666666605,186,3,False,0.9922528084953801,0.12423511594163095,0.9922528084953802,0.12423511594163096,-0.12423511594163095,0.9922528084953801,83.64477622112962,-1.7953015301942479,252.88236375550906,-1.4181165162750318,88.97363043949991,-44.35629987726888,78.31592200275932,40.765696816880386,85.78660192781463,1.0212690705692218,66.33595935727722,7.136586848499974,-0.9923266455853431,-0.999756779407307,0.9960004838419375,0.9999998225404525,0.0005957508401418122,-0.9999998225404525,-0.0005957508401418122,0.9999999600864949,C2,0.9999993026748804,0.009992017837556164,0.010362775442999881,EXP039_ASSOCIATE
M4_ASYMMETRIC_CROSS,C1,O30,3.1166666666666605,186,5,False,-0.008527740195321749,0.9999636381624889,-0.008527740195321749,0.9999636381624889,-0.9999636381624889,-0.008527740195321749,46.47788723785947,40.494180455241874,215.71547477223893,40.87136546916109,78.31592200275932,40.765696816880386,14.639852472959614,40.22266409360336,63.678384992887786,0.7580760118200927,41.29689893144082,0.48860944423609,0.007932009504446266,-0.754364822659794,0.7338561692203258,0.9999998225404525,0.0005957508401418122,-0.9999998225404525,-0.0005957508401418122,0.9999999600864949,C1,0.9999678367597817,0.005688893047558867,0.006393431742428858,EXP039_ASSOCIATE
M4_ASYMMETRIC_CROSS,C0,O31,3.21666666666666,192,0,False,-0.005356204390619452,-0.9999856554343797,-0.005356204390619452,-0.9999856554343797,0.9999856554343797,-0.005356204390619452,42.491542167450774,-44.005694114626564,215.90924517928354,-43.627709504159704,0.0,-43.778097465129996,84.98308433490155,-44.233290764123126,84.98430339781834,1.0117178975930754,59.81798896289069,0.3068893731915949,0.00583366969992915,-0.6942787511001428,0.7282399135162015,0.999999886009871,0.0004774727690035935,-0.999999886009871,-0.0004774727690035935,0.9999999656342219,C0,0.9999997342385513,0.010884868740776363,0.010889170565333662,EXP039_ASSOCIATE
M4_ASYMMETRIC_CROSS,C2,O32,3.21666666666666,192,3,False,0.9925699681275946,0.12167521675010912,0.9925699681275946,0.12167521675010912,-0.12167521675010912,0.9925699681275946,79.78984498185616,-1.8692534785547608,253.20754799368893,-1.4912688680878978,84.98308433490155,-44.233290764123126,74.59660562881076,40.494783807013604,85.36231932441962,1.0162180871954716,70.18826232441918,6.988793967387096,-0.9926279515870766,-0.9997143990686382,0.9501397342331049,0.999999886009871,0.0004774727690035935,-0.999999886009871,-0.0004774727690035935,0.9999999656342219,C2,0.9999990220721671,0.013858359335968013,0.013863373730525522,EXP039_ASSOCIATE
M4_ASYMMETRIC_CROSS,C1,O33,3.21666666666666,192,5,False,-0.004226213654099433,0.9999910695191984,-0.004226213654099432,0.9999910695191981,-0.9999910695191984,-0.004226213654099433,42.31252612919149,40.3583431709418,215.73022914102427,40.73632778140866,74.59660562881076,40.494783807013604,10.028446629572215,40.22190253487,64.56873562909247,0.7686754241558628,43.76864222832608,0.24214492652441777,0.0037487446674105964,-0.7239487801324543,0.6961126400752107,0.999999886009871,0.0004774727690035935,-0.999999886009871,-0.0004774727690035935,0.9999999656342219,C1,0.9999240848980839,0.006816813819598147,0.006846725097844121,EXP039_ASSOCIATE
M4_ASYMMETRIC_CROSS,C2,O34,3.3166666666666598,198,0,False,0.9906934882445875,0.1361117641858032,0.9906934882445875,0.1361117641858032,-0.1361117641858032,0.9906934882445875,75.42600469330037,-1.9343107738940652,252.81966925442072,-1.555311598092719,81.21769689938579,-44.08931323682016,69.63431248721496,40.22069168903203,85.10200776149374,1.0131191400177826,74.54919654394811,7.816850793606136,-0.9907424755779999,-0.9996620215794202,0.8982238506672844,0.9999999350638998,0.000360377851814645,-0.9999999350638998,-0.000360377851814645,0.9999999871287024,C2,0.999913413719452,0.009308392519549803,0.010018102467880293,EXP039_ASSOCIATE
M4_ASYMMETRIC_CROSS,C1,O35,3.3166666666666598,198,2,False,5.012848219921723e-08,0.9999999999999988,5.012848219921723e-08,0.9999999999999988,-0.9999999999999988,5.012848219921723e-08,38.00232236606846,40.220693274695684,215.3959869271888,40.59969245049703,69.63431248721496,40.22069168903203,6.370332244921968,40.22069486035934,63.263980242293066,0.7531426219320603,46.716562920264955,2.8721504747863946e-06,-0.0003604279802935887,-0.6870393209602337,0.6587412273693041,0.9999999350638998,0.000360377851814645,-0.9999999350638998,-0.000360377851814645,0.9999999871287024,C1,0.9998630801032604,0.006362171210460079,0.008361843247209693,EXP039_ASSOCIATE
M4_ASYMMETRIC_CROSS,C0,O36,3.4166666666666594,204,0,False,-0.0006549748615785769,-0.9999997855039423,-0.000654974861578577,-0.9999997855039424,0.9999997855039423,-0.0006549748615785769,34.249551427525546,-43.89923519240792,215.49999190471144,-43.5175751613005,-7.750390742199216,-43.871726280198445,76.24949359725031,-43.9267441046174,83.99990235709743,0.9999988375844931,68.17067118456887,0.03228000199243297,0.0010090411593585637,-0.6148435824945876,0.6628477591812653,0.9999999373184849,0.0003540664147806535,-0.9999999373184849,-0.0003540664147806535,0.9999999835924614,C0,0.9999921108282912,0.006078094717289986,0.00672150733434476,EXP039_ASSOCIATE
M4_ASYMMETRIC_CROSS,C3,O37,3.4166666666666594,204,2,True,-0.9931981661799267,0.11643626023207132,-0.9931981661799267,0.11643626023207132,0.11643626023207132,0.9931981661799267,-2.821335388910296,-1.827016770218183,178.4291050882756,-1.445356739110757,-7.750390742199216,-43.871726280198445,2.1077199643786244,40.21769273976208,84.66529830938792,1.0079202179689037,77.02651282509461,6.686473272517318,0.9931568777555501,0.8395661813612381,0.021724719428298414,0.9999999373184849,0.0003540664147806535,-0.9999999373184849,-0.0003540664147806535,0.9999999835924614,C0,-0.11183932959173346,0.6642990242155451,0.6726507637316311,EXP039_NEW
M4_ASYMMETRIC_CROSS,C2,O38,3.4166666666666594,204,3,False,0.9932082686940537,0.11635005370759649,0.9932082686940537,0.11635005370759649,-0.11635005370759649,0.9932082686940537,71.29551742705975,-1.637721123055048,252.54595790424565,-1.2560610919476218,76.24949359725031,-43.9267441046174,66.34154125686919,40.6513018585073,85.15640538749683,1.0137667308035336,78.68567510191882,6.6815002016199685,-0.9932494020846304,-0.9997280798492217,0.8489800583104904,0.9999999373184849,0.0003540664147806535,-0.9999999373184849,-0.0003540664147806535,0.9999999835924614,C2,0.9999771390688337,0.006438185734910336,0.00675143930374914,EXP039_ASSOCIATE
M4_ASYMMETRIC_CROSS,C1,O39,3.4166666666666594,204,5,False,-0.006750326086721579,0.9999772162893127,-0.00675032608672158,0.9999772162893128,-0.9999772162893127,-0.006750326086721579,34.224630610623905,40.43449729913469,215.4750710878098,40.81615733024211,66.34154125686919,40.6513018585073,2.1077199643786244,40.21769273976208,64.23528481063562,0.7647057715551859,49.31394595973025,0.3867681324484238,0.006396267315767017,-0.6463315326131711,0.6306461422439982,0.9999999373184849,0.0003540664147806535,-0.9999999373184849,-0.0003540664147806535,0.9999999835924614,C1,0.9999520012873356,0.004183672394631042,0.004805212860456141,EXP039_ASSOCIATE
M4_ASYMMETRIC_CROSS,C0,O40,3.516666666666659,210,1,False,-0.008535191296269043,-0.9999635745913629,-0.008535191296269043,-0.9999635745913629,0.9999635745913629,-0.008535191296269043,30.46771520069971,-44.14712966395314,215.57871580872637,-43.76076490321945,-11.69060265245863,-43.7872872489405,72.62603305385805,-44.50697207896577,84.31970708610345,1.0038060367393267,72.54672656798506,0.4890363764107093,0.009012226364803318,-0.5676108357800962,0.6385715536465245,0.9999998862100123,0.00047705341661922763,-0.9999998862100123,-0.00047705341661922763,0.9999999281534141,C0,0.999992363304399,0.007215557199238281,0.007590664476554525,EXP039_ASSOCIATE
M4_ASYMMETRIC_CROSS,C3,O41,3.516666666666659,210,3,False,-0.9925854854483437,0.12154856674299352,-0.9925854854483437,0.12154856674299352,0.12154856674299352,0.9925854854483437,-6.5474303073678115,-1.7873002833127245,178.56357030065885,-1.4009355225790425,-11.69060265245863,-43.7872872489405,-1.4042579622769935,40.21268668231505,84.62744535631948,1.007469587575232,143.21300611960137,7.0169002469125985,0.9925273873430037,0.9648280690151261,0.021196782756633545,0.9999998862100123,0.00047705341661922763,-0.9999998862100123,-0.00047705341661922763,0.9999999281534141,C3,0.9999867444722298,0.0016858646783291774,0.002786472453881679,EXP039_ASSOCIATE
M4_ASYMMETRIC_CROSS,C2,O42,3.516666666666659,210,7,False,0.9920831923539613,0.12558240103124832,0.9920831923539613,0.12558240103124832,-0.12558240103124832,0.9920831923539613,67.26393334847026,-2.147143394708632,252.37493395649693,-1.7607786339749498,72.62603305385805,-44.50697207896577,61.90183364308247,40.2126852895485,85.39571884843252,1.0166157005765777,82.7018057131925,7.210453819482154,-0.9921429889783062,-0.9994755744226749,0.8011689796048512,0.9999998862100123,0.00047705341661922763,-0.9999998862100123,-0.00047705341661922763,0.9999999281534141,C2,0.9999967770629468,0.005346763652509092,0.005392193670171658,EXP039_ASSOCIATE
M4_ASYMMETRIC_CROSS,C1,O43,3.516666666666659,210,9,False,2.200051391395706e-08,0.9999999999999998,2.200051391395706e-08,0.9999999999999998,-0.9999999999999998,2.200051391395706e-08,30.248787840402738,40.21268598593178,215.3597884484294,40.59905074666546,61.90183364308247,40.2126852895485,-1.4042579622769935,40.21268668231505,63.30609160535948,0.7536439476828509,52.49906273207811,1.260536578229221e-06,-0.00047707541713063806,-0.6015160074035122,0.5990413354221379,0.9999998862100123,0.00047705341661922763,-0.9999998862100123,-0.00047705341661922763,0.9999999281534141,C1,0.9998630805687087,0.006316456782439942,0.008039608806288859,EXP039_ASSOCIATE
M4_ASYMMETRIC_CROSS,C0,O44,3.6166666666666587,216,1,False,-0.003681113438340379,-0.9999932246789744,-0.0036811134383403794,-0.9999932246789746,0.9999932246789744,-0.003681113438340379,26.722264889670413,-43.949959460173986,215.79068059111387,-43.55746007961565,-15.797584657460416,-43.793438010126756,69.24211443680124,-44.10648091022121,85.04027526942671,1.012384229397937,81.36922247008863,0.2109127402598574,0.00437099792644763,-0.5189333494173574,0.6123352174777995,0.9999997620258393,0.000689890038343614,-0.9999997620258393,-0.000689890038343614,0.999999854974102,C0,0.9999995524927792,0.009477819578273296,0.009484390044540268,EXP039_ASSOCIATE
M4_ASYMMETRIC_CROSS,C3,O45,3.6166666666666587,216,3,False,-0.9958270552299167,0.09126048472429175,-0.9958270552299167,0.09126048472429175,0.09126048472429175,0.9958270552299167,-10.448878512174423,14.57121243022456,178.61953718926904,14.963711810782895,-15.797584657460416,-43.793438010126756,-5.1001723668884305,72.93586287057587,117.21844698601019,1.395457702214407,31.767449089050082,5.236125994099126,0.9957638585495033,0.5821857116756798,0.17362004818646307,0.9999997620258393,0.000689890038343614,-0.9999997620258393,-0.000689890038343614,0.999999854974102,C3,0.9996796346349724,0.19535920860903905,0.19631328544345455,EXP039_ASSOCIATE
M4_ASYMMETRIC_CROSS,C3,O46,3.6166666666666587,216,4,False,-0.9925084276351911,0.1221761886503287,-0.9925084276351911,0.1221761886503287,0.1221761886503287,0.9925084276351911,-10.586495871933002,-1.4607249510074745,178.48191982951045,-1.0682255704491395,-15.797584657460416,-43.793438010126756,-5.375407086405587,40.87198810811181,85.30449088474482,1.0155296533898193,139.31320383702626,7.01771330376107,0.9924239033083584,0.9907086212512621,0.017235411840221888,0.9999997620258393,0.000689890038343614,-0.9999997620258393,-0.000689890038343614,0.999999854974102,C3,0.9999832887412466,0.0045334689366064084,0.005896445778593097,EXP039_ASSOCIATE
M4_ASYMMETRIC_CROSS,C2,O47,3.6166666666666587,216,9,False,0.9911117474901316,0.13303196603470022,0.9911117474901316,0.13303196603470022,-0.13303196603470022,0.9911117474901316,63.57090646755151,-1.8549754388450097,252.63932216899497,-1.4624760582866747,69.24211443680124,-44.10648091022121,57.89969849830177,40.39653003253119,85.26083073553094,1.0150098897087017,86.40203554369918,7.644833380194257,-0.991203289059294,-0.9995541862652142,0.7571186244797715,0.9999997620258393,0.000689890038343614,-0.9999997620258393,-0.000689890038343614,0.999999854974102,C2,0.9999494838120744,0.007088107440213373,0.0072308865748431025,EXP039_ASSOCIATE
M4_ASYMMETRIC_CROSS,C1,O48,3.6166666666666587,216,13,False,0.0075139290408629735,0.999971770036719,0.0075139290408629735,0.999971770036719,-0.999971770036719,0.0075139290408629735,26.26214570594809,40.6342590703215,215.33056140739154,41.02675845087983,57.89969849830177,40.39653003253119,-5.375407086405587,40.87198810811181,63.27689188904192,0.7532963320124038,57.92636396328184,0.3796221126710009,-0.00820379781551518,-0.5433845249420172,0.5759793133423342,0.9999997620258393,0.000689890038343614,-0.9999997620258393,-0.000689890038343614,0.999999854974102,C1,0.9997105181775863,0.0012191769149234324,0.009590468858393921,EXP039_ASSOCIATE
M4_ASYMMETRIC_CROSS,C0,O49,3.7166666666666583,222,1,False,-0.004639270704068372,-0.9999892385257625,-0.004639270704068372,-0.9999892385257625,0.9999892385257625,-0.004639270704068372,22.279591281966034,-44.21642533475436,215.42683539755484,-43.8173454892994,-20.0605959258436,-44.0199956307632,64.61977848977567,-44.41285503874552,84.68128571109385,1.0081105441796887,92.12752504411102,0.2658115848706615,0.005576591258596404,-0.4491432452916056,0.5894326965655386,0.9999995607036273,0.0009373326796243086,-0.9999995607036273,-0.0009373326796243086,0.999999833176066,C0,0.9999999999266311,0.005772610568904614,0.005776861094804466,EXP039_ASSOCIATE
M4_ASYMMETRIC_CROSS,C3,O50,3.7166666666666583,222,3,False,-0.991864499068854,0.1272981362270923,-0.991864499068854,0.1272981362270923,0.1272981362270923,0.991864499068854,-14.656114944526964,-1.910087503766448,178.49112917106183,-1.5110076583114873,-20.0605959258436,-44.0199956307632,-9.251633963210327,40.1998206232303,84.91060657283094,1.0108405544384635,135.2199411523759,7.266623192443774,0.9917447426432364,0.9917348127435446,0.022506687129028296,0.9999995607036273,0.0009373326796243086,-0.9999995607036273,-0.0009373326796243086,0.999999833176066,C3,0.9999401204909528,0.0010751937834471094,0.005780151450481148,EXP039_ASSOCIATE
M4_ASYMMETRIC_CROSS,C2,O51,3.7166666666666583,222,7,False,0.9919636554284516,0.1265231453490791,0.9919636554284517,0.12652314534907913,-0.1265231453490791,0.9919636554284516,59.21140764653204,-2.010278839942117,252.35865176212081,-1.6111989944871565,64.61977848977567,-44.41285503874552,53.803036803288414,40.392297358861285,85.49219715209983,1.0177642518107124,90.75447682315472,7.268724014709306,-0.9920818139412804,-0.9993919229708859,0.705303847343396,0.9999995607036273,0.0009373326796243086,-0.9999995607036273,-0.0009373326796243086,0.999999833176066,C2,0.9999939197877447,0.004171041810812104,0.004172659744010786,EXP039_ASSOCIATE
M4_ASYMMETRIC_CROSS,C1,O52,3.7166666666666583,222,9,False,-0.0030525230970190674,0.9999953410405182,-0.0030525230970190674,0.9999953410405182,-0.9999953410405182,-0.0030525230970190674,22.27570142003904,40.2960589910458,215.42294553562783,40.69513883650076,53.803036803288414,40.392297358861285,-9.251633963210327,40.1998206232303,63.05496453702365,0.750654339726472,64.93467285315094,0.17489696193808868,0.00211519344342741,-0.48461980871436655,0.5481337182880021,0.9999995607036273,0.0009373326796243086,-0.9999995607036273,-0.0009373326796243086,0.999999833176066,C1,0.9999089342031303,0.005313574199739134,0.008129218089769021,EXP039_ASSOCIATE
M4_ASYMMETRIC_CROSS,C0,O53,3.816666666666658,228,1,False,-1.7776820078637265e-06,-0.9999999999984198,-1.7776820078637267e-06,-0.9999999999984199,0.9999999999984198,-1.7776820078637265e-06,18.061983568419173,-43.806140619050396,215.3703485429611,-43.4008624259669,-24.098012142109006,-43.80606567198457,60.22197927894735,-43.80621556611622,84.3199914211896,1.0038094216808287,102.61631919783076,0.00010185367636950104,0.0011725939197982978,-0.3801030638169706,0.5640914381210623,0.9999993145944323,0.0011708162390107173,-0.9999993145944323,-0.0011708162390107173,0.9999998921426914,C0,0.9999893028743717,0.0050305311090012945,0.0057727967481341355,EXP039_ASSOCIATE
M4_ASYMMETRIC_CROSS,C3,O54,3.816666666666658,228,3,False,-0.9923684379760943,0.12330808290167626,-0.9923684379760943,0.12330808290167626,0.12330808290167626,0.9923684379760943,-18.850110610847317,-1.5715930998729029,178.4582543636946,-1.1663149067894043,-24.098012142109006,-43.80606567198457,-13.602209079585624,40.662879472238764,85.11853250441462,1.013315863147793,131.08448851041172,7.083060185022063,0.9922233866953791,0.9966390677817891,0.018402985701491213,0.9999993145944323,0.0011708162390107173,-0.9999993145944323,-0.0011708162390107173,0.9999998921426914,C3,0.9999760448021526,0.0033400023516460204,0.005279703539610374,EXP039_ASSOCIATE
M4_ASYMMETRIC_CROSS,C2,O55,3.816666666666658,228,7,False,0.9921515292964477,0.12504136481468864,0.9921515292964478,0.12504136481468867,-0.12504136481468864,0.9921515292964477,54.92869223172521,-1.8061714471991763,252.23705720626714,-1.4008932541156778,60.22197927894735,-43.80621556611622,49.63540518450307,40.19387267171787,84.66457567968479,1.0079116152343428,95.0416204243223,7.183144552735769,-0.9922972497307385,-0.99942065818733,0.6542664235199727,0.9999993145944323,0.0011708162390107173,-0.9999993145944323,-0.0011708162390107173,0.9999998921426914,C2,0.99999801290297,0.0023946792941099077,0.0045980395086194295,EXP039_ASSOCIATE
M4_ASYMMETRIC_CROSS,C1,O56,3.816666666666658,228,9,False,0.007416375641271673,0.9999724983080022,0.007416375641271674,0.9999724983080023,-0.9999724983080022,0.007416375641271673,18.016598052458725,40.42837607197832,215.32496302700065,40.83365426506182,49.63540518450307,40.19387267171787,-13.602209079585624,40.662879472238764,63.239353453309505,0.7528494458727322,77.77210382602175,0.42490838723546176,-0.008587154597629643,-0.40812113313895965,0.5269187210619944,0.9999993145944323,0.0011708162390107173,-0.9999993145944323,-0.0011708162390107173,0.9999998921426914,C1,0.9997128606129485,0.003501308125658183,0.009705156265795788,EXP039_ASSOCIATE
M4_ASYMMETRIC_CROSS,C0,O57,3.9166666666666576,234,0,False,0.006101613528805295,-0.9999813849829131,0.006101613528805296,-0.9999813849829132,0.9999813849829131,0.006101613528805295,13.89877378439092,-44.06843452447542,215.37023836937206,-43.657858142743784,-28.235188496693265,-44.32552446448548,56.032736065475106,-43.81134458446536,84.26949324022495,1.0032082528598207,103.79174495668929,0.3495988726861583,-0.004766965126073403,-0.299512385202011,0.5500982743251276,0.9999991093305177,0.0013346678130750755,-0.9999991093305177,-0.0013346678130750755,0.9999999650801262,C0,0.9999424467069219,0.004522139614411958,0.00707897290467901,EXP039_ASSOCIATE
M4_ASYMMETRIC_CROSS,C3,O58,3.9166666666666576,234,2,False,-0.9923647242408793,0.12333796691336994,-0.9923647242408794,0.12333796691336996,0.12333796691336994,0.9923647242408793,-22.98319498167095,-2.068519369608808,178.4882696033102,-1.6579429878771712,-28.235188496693265,-44.32552446448548,-17.73120146664864,40.18848572526787,85.16426282121556,1.0138602716811376,126.92390795762958,7.027032095294118,0.9921992251573348,0.9960930670262117,0.024255898105682665,0.9999991093305177,0.0013346678130750755,-0.9999991093305177,-0.0013346678130750755,0.9999999650801262,C3,0.9999758359097098,0.002626972668879596,0.005251213609344153,EXP039_ASSOCIATE
M4_ASYMMETRIC_CROSS,C2,O59,3.9166666666666576,234,3,False,0.9928062698315022,0.11973182777882597,0.9928062698315022,0.11973182777882597,-0.11973182777882597,0.9928062698315022,50.944567815519484,-1.6206803790796123,252.41603240050063,-1.2101039973479757,56.032736065475106,-43.81134458446536,45.85639956556386,40.569983826306135,84.99274327215176,1.011818372287521,99.0296596558234,6.876625857066074,-0.992965187785993,-0.999451034205829,0.6067897660021025,0.9999991093305177,0.0013346678130750755,-0.9999991093305177,-0.0013346678130750755,0.9999999650801262,C2,0.9999943678920546,0.00531736657322605,0.005877837662117995,EXP039_ASSOCIATE
M4_ASYMMETRIC_CROSS,C1,O60,3.9166666666666576,234,5,False,-0.005999459470952825,0.9999820030810836,-0.005999459470952825,0.9999820030810836,-0.9999820030810836,-0.005999459470952825,14.062599049457612,40.379234775787,215.53406363443875,40.789811157518635,45.85639956556386,40.569983826306135,-17.73120146664864,40.18848572526787,63.58874543370807,0.7570088742108103,96.9395536479885,0.343745769169459,0.0046648103342507,-0.330148918561397,0.5090227973345984,0.9999991093305177,0.0013346678130750755,-0.9999991093305177,-0.0013346678130750755,0.9999999650801262,C1,0.999944362466742,0.004810999334584351,0.0059501783079358005,EXP039_ASSOCIATE
M4_ASYMMETRIC_CROSS,C0,O61,4.016666666666658,240,0,False,0.002076558163191751,-0.9999978439507732,0.002076558163191751,-0.9999978439507732,0.9999978439507732,0.002076558163191751,10.006882467976538,-43.902666465205655,215.55327748498343,-43.487908338840796,-32.07191590791925,-43.990045725864405,52.085680843872325,-43.8152872045469,84.15777820010419,1.0018783119060022,104.97132225477868,0.11897810417188737,-0.0007047786397241568,-0.22089585410245385,0.5360556874431109,0.9999990591086498,0.0013717805272783253,-0.9999990591086498,-0.0013717805272783253,0.999999977352036,C0,0.9999775300629189,0.006763788674843003,0.007820513551923071,EXP039_ASSOCIATE
M4_ASYMMETRIC_CROSS,C3,O62,4.016666666666658,240,2,False,-0.9923460487263015,0.12348813537055682,-0.9923460487263015,0.12348813537055682,0.12348813537055682,0.9923460487263015,-26.821914178897835,-1.8012276991989644,178.72448083810906,-1.386469572834105,-32.07191590791925,-43.990045725864405,-21.57191244987642,40.38759032746648,85.02843958680693,1.0122433284143681,123.1176730649201,7.093455883343992,0.9921757164170367,0.9978436723968819,0.02102566906706475,0.9999990591086498,0.0013717805272783253,-0.9999990591086498,-0.0013717805272783253,0.999999977352036,C3,0.9999747724764383,0.0035855777645422138,0.004392062135356159,EXP039_ASSOCIATE
M4_ASYMMETRIC_CROSS,C2,O63,4.016666666666658,240,3,False,0.9921939965954938,0.12470394187779794,0.9921939965954938,0.12470394187779794,-0.12470394187779794,0.9921939965954938,46.80691465435724,-1.8153307973900752,252.35330967136412,-1.4005726710252158,52.085680843872325,-43.8152872045469,41.52814846484217,40.18462560976675,84.66077511307444,1.0078663703937434,103.1578962325107,7.14731963766431,-0.9923641294878874,-0.9991946692023298,0.5576440924701106,0.9999990591086498,0.0013717805272783253,-0.9999990591086498,-0.0013717805272783253,0.999999977352036,C2,0.9999986330459943,0.0037441003517852942,0.0054275058410100056,EXP039_ASSOCIATE
M4_ASYMMETRIC_CROSS,C1,O64,4.016666666666658,240,5,False,0.003216536795800906,0.9999948269321404,0.003216536795800906,0.9999948269321404,-0.9999948269321404,0.003216536795800906,9.978118007482873,40.28610796861661,215.52451302448975,40.70086609498147,41.52814846484217,40.18462560976675,-21.57191244987642,40.38759032746648,63.100387337304255,0.7511950873488602,108.49658647496221,0.18429430083702414,-0.004588307200353826,-0.24174812299562526,0.4940882562504497,0.9999990591086498,0.0013717805272783253,-0.9999990591086498,-0.0013717805272783253,0.999999977352036,C1,0.9998046829663907,0.005673784540457636,0.009795096137737509,EXP039_ASSOCIATE
M4_ASYMMETRIC_CROSS,C0,O65,4.116666666666657,246,0,False,-0.002153566813042948,-0.9999976810723022,-0.002153566813042948,-0.9999976810723022,0.9999976810723022,-0.002153566813042948,5.988258230217763,-44.21131503477547,215.46129434081712,-43.79341297146466,-36.37002756922404,-44.12009342468408,48.34654402965957,-44.30253664486685,84.7167680509435,1.0085329529874225,105.3849844364486,0.12339038466460295,0.003443638801325407,-0.13294217611690035,0.5311311376613262,0.9999991678506148,0.001290076771966517,-0.9999991678506148,-0.001290076771966517,0.9999999541208379,C0,0.9999969406398743,0.006023565486033271,0.00618987883882053,EXP039_ASSOCIATE
M4_ASYMMETRIC_CROSS,C3,O66,4.116666666666657,246,2,False,-0.9922594912008313,0.12418173022577632,-0.9922594912008313,0.12418173022577632,0.12418173022577632,0.9922594912008313,-31.07660935789953,-1.8236585825173641,178.39642675269982,-1.4057565192065558,-36.37002756922404,-44.12009342468408,-25.78319114657502,40.47277625964935,85.25276949677674,1.0149139225806754,118.86992804683744,7.133504200733597,0.992098461527039,0.9983573505341065,0.021253072687090018,0.9999991678506148,0.001290076771966517,-0.9999991678506148,-0.001290076771966517,0.9999999541208379,C3,0.9999695632919302,0.0006112200904191852,0.005307215499681669,EXP039_ASSOCIATE
M4_ASYMMETRIC_CROSS,C2,O67,4.116666666666657,246,3,False,0.9919067348425735,0.12696861570460796,0.9919067348425736,0.126968615704608,-0.12696861570460796,0.9919067348425735,42.93721832090392,-2.043695184747861,252.4102544315033,-1.6257931214370527,48.34654402965957,-44.30253664486685,37.52789261214828,40.215146275371126,85.2072880961453,1.014372477335063,107.01417201977925,7.294455101746223,-0.9920697086898832,-0.9988070041780498,0.5117360473835804,0.9999991678506148,0.001290076771966517,-0.9999991678506148,-0.001290076771966517,0.9999999541208379,C2,0.9999922528835861,0.004800553655293317,0.0050832461056047155,EXP039_ASSOCIATE
M4_ASYMMETRIC_CROSS,C1,O68,4.116666666666657,246,5,False,0.004069237737943989,0.9999917206178419,0.00406923773794399,0.999991720617842,-0.9999917206178419,0.004069237737943989,5.872350732786629,40.34396126751024,215.345386843386,40.76186333082104,37.52789261214828,40.215146275371126,-25.78319114657502,40.47277625964935,63.311607939720474,0.7537096183300056,109.23089755852814,0.22838781462505153,-0.005359300442658216,-0.14531574890418472,0.48534645763656964,0.9999991678506148,0.001290076771966517,-0.9999991678506148,-0.001290076771966517,0.9999999541208379,C1,0.9997874670180631,0.004370648845872102,0.00852355091193639,EXP039_ASSOCIATE
M4_ASYMMETRIC_CROSS,C0,O69,4.216666666666657,252,0,False,-0.0006817612539560954,-0.9999997676007693,-0.0006817612539560955,-0.9999997676007694,0.9999997676007693,-0.0006817612539560954,2.544916613336852,-44.01514782461686,215.79785173167846,-43.59488644818437,-39.73261793693803,-43.986324632949206,44.82245116361173,-44.043971016284516,84.55508875108734,1.0066081994177065,105.91134115680414,0.01568101271634248,0.0018159095868256416,-0.05659040906704276,0.5248649862285222,0.9999993568527765,0.0011341490349177671,-0.9999993568527765,-0.0011341490349177671,0.9999999399441004,C0,0.9999922168701609,0.00955216131402178,0.00975680227948022,EXP039_ASSOCIATE
M4_ASYMMETRIC_CROSS,C3,O70,4.216666666666657,252,3,False,-0.9923133538806694,0.12375058670607397,-0.9923133538806694,0.12375058670607397,0.12375058670607397,0.9923133538806694,-34.482646017966374,-1.8886071080399347,178.77028910037524,-1.4683457316074424,-39.73261793693803,-43.986324632949206,-29.23267409899472,40.209110416869336,84.8476287460538,1.0100908184054025,115.4656734073341,7.108609469642275,0.9921723640686079,0.9985648832602639,0.022000734745122926,0.9999993568527765,0.0011341490349177671,-0.9999993568527765,-0.0011341490349177671,0.9999999399441004,C3,0.9999728588677136,0.004070924221901812,0.0044132968661362345,EXP039_ASSOCIATE
M4_ASYMMETRIC_CROSS,C2,O71,4.216666666666657,252,4,False,0.9915019091274501,0.13009213733589636,0.9915019091274502,0.1300921373358964,-0.13009213733589636,0.9915019091274501,39.2948866998753,-1.9154394166467767,252.5478218182169,-1.4951780402142845,44.82245116361173,-44.043971016284516,33.76732223613887,40.21309218299096,84.9792243702527,1.0116574329791987,110.65845670395122,7.474916611064003,-0.9916488153177601,-0.9987582016808807,0.4683517059053425,0.9999993568527765,0.0011341490349177671,-0.9999993568527765,-0.0011341490349177671,0.9999999399441004,C2,0.9999748949633688,0.006015556365843535,0.006738336100108953,EXP039_ASSOCIATE
M4_ASYMMETRIC_CROSS,C1,O72,4.216666666666657,252,8,False,-6.320264040162947e-05,0.9999999980027132,-6.320264040162947e-05,0.9999999980027132,-0.9999999980027132,-6.320264040162947e-05,2.267324068572073,40.21110129993015,215.52025918691368,40.63136267636264,33.76732223613887,40.21309218299096,-29.23267409899472,40.209110416869336,62.99999646096265,0.749999957868603,109.7250272975242,0.00036086206728214165,-0.0010709464328995195,-0.057428418615390116,0.47946396074375947,0.9999993568527765,0.0011341490349177671,-0.9999993568527765,-0.0011341490349177671,0.9999999399441004,C1,0.9998641247807368,0.0064052591358966255,0.009701443605097752,EXP039_ASSOCIATE
M4_ASYMMETRIC_CROSS,C0,O73,4.316666666666657,258,0,False,-5.404849363014365e-07,-0.999999999999854,-5.404849363014365e-07,-0.999999999999854,0.999999999999854,-5.404849363014365e-07,-1.456092832295031,-43.822675148333346,215.497472240788,-43.400279468978844,-43.64357461997966,-43.82265234663494,40.7313889553896,-43.82269795003175,84.37496357538159,1.004463852087876,106.15314077961098,3.096750573661211e-05,0.0009626234171063369,0.03417013744804394,0.5216883367615124,0.9999995371981084,0.0009620829324203134,-0.9999995371981084,-0.0009620829324203134,0.9999999498749902,C0,0.9999892971511003,0.006413791228400081,0.006940937115620045,EXP039_ASSOCIATE
M4_ASYMMETRIC_CROSS,C3,O74,4.316666666666657,258,2,False,-0.9925765149962607,0.1216217985308472,-0.9925765149962607,0.1216217985308472,0.1216217985308472,0.9925765149962607,-38.48233509310285,-1.700884665745125,178.4712299799802,-1.2784889863906255,-43.64357461997966,-43.82265234663494,-33.32109556622604,40.42088301514469,84.87359320817399,1.0103999191449284,111.48009445930556,6.985710428174173,0.9924590453733951,0.9990666678778806,0.019738476824035827,0.9999995371981084,0.0009620829324203134,-0.9999995371981084,-0.0009620829324203134,0.9999999498749902,C3,0.9999863618711788,0.0020488421526617326,0.003436231158274601,EXP039_ASSOCIATE
M4_ASYMMETRIC_CROSS,C2,O75,4.316666666666657,258,3,False,0.9922067325936725,0.12460256737237937,0.9922067325936725,0.12460256737237937,-0.12460256737237937,0.9922067325936725,35.456982085327546,-1.8227446804175784,252.4105471584106,-1.4003490010630788,40.7313889553896,-43.82269795003175,30.182575215265498,40.177208589196596,84.65968208021413,1.0078533580977873,114.49619771391761,7.139114092970715,-0.9923261514019246,-0.9986314073780357,0.42266431292955237,0.9999995371981084,0.0009620829324203134,-0.9999995371981084,-0.0009620829324203134,0.9999999498749902,C2,0.9999987967620982,0.004416475902294191,0.005915359235238,EXP039_ASSOCIATE
M4_ASYMMETRIC_CROSS,C1,O76,4.316666666666657,258,5,False,0.003837142468345743,0.9999926381417403,0.003837142468345743,0.9999926381417403,-0.9999926381417403,0.003837142468345743,-1.569260175480272,40.29904580217064,215.38430489760276,40.72144148152514,30.182575215265498,40.177208589196596,-33.32109556622604,40.42088301514469,63.50413828995653,0.7560016463090063,109.67041197750967,0.21985260833477582,-0.004799216542211081,0.03794951796212509,0.4797613313723011,0.9999995371981084,0.0009620829324203134,-0.9999995371981084,-0.0009620829324203134,0.9999999498749902,C1,0.9997922250102236,0.004909757156009883,0.008185757898538662,EXP039_ASSOCIATE
M4_ASYMMETRIC_CROSS,C0,O77,4.416666666666656,264,0,False,0.0004626543043467455,-0.9999998929754916,0.0004626543043467455,-0.9999998929754916,0.9999998929754916,0.0004626543043467455,-5.158100262718833,-43.888203975105085,215.5130091880261,-43.463572343953956,-47.158089638399815,-43.90763545305191,36.84188911296215,-43.86877249715827,83.99998774141936,0.9999998540645162,105.80972452585648,0.02079089692770708,0.00034898907274627197,0.11753083852086468,0.5224419296203642,0.999999670617513,0.0008116433115685185,-0.999999670617513,-0.0008116433115685185,0.9999999723142486,C0,0.9999870468527311,0.006359286851328994,0.007326335019972037,EXP039_ASSOCIATE
M4_ASYMMETRIC_CROSS,C3,O78,4.416666666666656,264,2,False,-0.9929116813680537,0.11885450350266322,-0.9929116813680537,0.11885450350266322,0.11885450350266322,0.9929116813680537,-42.10951937714957,-1.7318302553093226,178.56159007359537,-1.307198624158195,-47.158089638399815,-43.90763545305191,-37.06094911589932,40.443974942433265,84.9537899274826,1.0113546419938406,107.85488334091671,6.825997342591094,0.9928148868575171,0.9991883870222704,0.02008085440434878,0.999999670617513,0.0008116433115685185,-0.999999670617513,-0.0008116433115685185,0.9999999723142486,C3,0.9999970350129684,0.002278757271568076,0.0022830483586821926,EXP039_ASSOCIATE
M4_ASYMMETRIC_CROSS,C2,O79,4.416666666666656,264,3,False,0.992322820622134,0.12367465250621124,0.992322820622134,0.12367465250621124,-0.12367465250621124,0.992322820622134,31.591858526923215,-1.744335080776711,252.26296797766813,-1.3197034496255835,36.84188911296215,-43.86877249715827,26.34182794088428,40.380102335604846,84.9006725250393,1.0107222919647536,118.36002164888289,7.10422507997265,-0.9924228734728927,-0.9984340694753187,0.37666640894187026,0.999999670617513,0.0008116433115685185,-0.999999670617513,-0.0008116433115685185,0.9999999723142486,C2,0.9999998101895993,0.0030786092356354317,0.0038171993327576837,EXP039_ASSOCIATE
M4_ASYMMETRIC_CROSS,C1,O80,4.416666666666656,264,5,False,0.0010074097284393467,0.9999994925626907,0.001007409728439347,0.9999994925626908,-0.9999994925626907,0.0010074097284393467,-5.35956058750752,40.41203863901906,215.3115488632374,40.83667027017019,26.34182794088428,40.380102335604846,-37.06094911589932,40.443974942433265,63.402809229734515,0.7547953479730299,109.23411037824965,0.03737444291326142,-0.0018190522963266453,0.13066705303670992,0.4811336005766412,0.999999670617513,0.0008116433115685185,-0.999999670617513,-0.0008116433115685185,0.9999999723142486,C1,0.9998459034636697,0.0034620248824052393,0.007110968344785476,EXP039_ASSOCIATE
M4_ASYMMETRIC_CROSS,C0,O81,4.516666666666656,270,0,False,0.0028945798125722764,-0.9999958106950791,0.002894579812572277,-0.9999958106950793,0.9999958106950791,0.0028945798125722764,-9.291447536011923,-43.94944363733531,215.18485754575767,-43.52276198492441,-51.60584539876717,-44.07192655228827,33.02295032674333,-43.826960722382346,84.62915026282614,1.0074898840812636,105.07912964616808,0.16584743831938908,-0.0022076454233184275,0.20751236009096138,0.5231443213351417,0.9999997640590369,0.0006869365840907124,-0.9999997640590369,-0.0006869365840907124,0.9999999886693925,C0,0.9999717117141416,0.002416753579817083,0.004417504889602264,EXP039_ASSOCIATE
M4_ASYMMETRIC_CROSS,C3,O82,4.516666666666656,270,2,False,-0.9914264073091675,0.13066628826915028,-0.9914264073091675,0.13066628826915028,0.13066628826915028,0.9914264073091675,-46.043267488235514,-1.8660392781658466,178.4330375935341,-1.4393576257549465,-51.60584539876717,-44.07192655228827,-40.48068957770385,40.339847995956575,85.14174519251208,1.0135922046727628,103.91893465227976,7.508096251585499,0.9913364139373467,0.9992073344647209,0.021653327371317355,0.9999997640590369,0.0006869365840907124,-0.9999997640590369,-0.0006869365840907124,0.9999999886693925,C3,0.9998971835862839,8.539454140518497e-05,0.007782405833773008,EXP039_ASSOCIATE
M4_ASYMMETRIC_CROSS,C2,O83,4.516666666666656,270,3,False,0.992794047243115,0.1198331329751311,0.992794047243115,0.1198331329751311,-0.1198331329751311,0.992794047243115,27.93976570302839,-1.713771238224961,252.416070784798,-1.287089585814061,33.02295032674333,-43.826960722382346,22.85658107931345,40.399418245932424,84.83771553848716,1.009972804029609,122.007723933251,6.882472310792025,-0.9928761307653582,-0.9980818205747866,0.333241381747012,0.9999997640590369,0.0006869365840907124,-0.9999997640590369,-0.0006869365840907124,0.9999999886693925,C2,0.9999947051538254,0.004870987194736808,0.005851832047957507,EXP039_ASSOCIATE
M4_ASYMMETRIC_CROSS,C1,O84,4.516666666666656,270,5,False,-0.000940524007593246,0.9999995577071977,-0.0009405240075932461,0.9999995577071978,-0.9999995577071977,-0.000940524007593246,-8.8120542491952,40.3696331209445,215.6642508325744,40.7963147733554,22.85658107931345,40.399418245932424,-40.48068957770385,40.339847995956575,63.337298670648615,0.7540154603648644,108.67979213011606,0.028154896447176725,0.0002535875054215002,0.21259139885876405,0.4806507632348856,0.9999997640590369,0.0006869365840907124,-0.9999997640590369,-0.0006869365840907124,0.9999999886693925,C1,0.9998782020110586,0.005755372524386437,0.008523096355084605,EXP039_ASSOCIATE
M4_ASYMMETRIC_CROSS,C0,O85,4.616666666666656,276,0,False,-0.0020876954594833876,-0.9999978207614597,-0.0020876954594833876,-0.9999978207614597,0.9999978207614597,-0.0020876954594833876,-13.083485812278353,-44.23098774020934,215.29772478527119,-43.80296633456085,-55.49847960485813,-44.14243795728346,29.331507980301428,-44.31953752313523,84.83017245034074,1.0098830053611993,103.87454198086877,0.11961622562779439,0.0026592536221646803,0.2841980305549029,0.5264808596172559,0.9999998366597131,0.0005715597492511013,-0.9999998366597131,-0.0005715597492511013,0.9999999919464881,C0,0.9999967755304217,0.004361870283024173,0.004736408162682783,EXP039_ASSOCIATE
M4_ASYMMETRIC_CROSS,C3,O86,4.616666666666656,276,2,False,-0.9916237661720105,0.12916000295307353,-0.9916237661720105,0.12916000295307353,0.12916000295307353,0.9916237661720105,-50.00747220765801,-1.9853203450437178,178.3737383898915,-1.557298939395226,-55.49847960485813,-44.14243795728346,-44.51646481045789,40.17179726719603,85.02643653848656,1.0122194826010305,99.95313422928331,7.402614525249405,0.991549781540999,0.9992353766513522,0.023056999134207445,0.9999998366597131,0.0005715597492511013,-0.9999998366597131,-0.0005715597492511013,0.9999999919464881,C3,0.9999178138178925,0.0014867387862721152,0.00692504657619708,EXP039_ASSOCIATE
M4_ASYMMETRIC_CROSS,C2,O87,4.616666666666656,276,3,False,0.9921397486077838,0.12513480424120052,0.9921397486077838,0.12513480424120052,-0.12513480424120052,0.9921397486077838,24.0032221339889,-2.0738632510818142,252.38443273153842,-1.6458418454333223,29.331507980301428,-44.31953752313523,18.674936287676367,40.1718110209716,85.16073331672176,1.0138182537704972,125.9073542009641,7.170535973307608,-0.9922111085687274,-0.996238980008431,0.2868172118932844,0.9999998366597131,0.0005715597492511013,-0.9999998366597131,-0.0005715597492511013,0.9999999919464881,C2,0.9999978207185082,0.004633985162472863,0.0048350967056697,EXP039_ASSOCIATE
M4_ASYMMETRIC_CROSS,C1,O88,4.616666666666656,276,5,False,-2.1765264477772993e-07,0.9999999999999762,-2.1765264477772996e-07,0.9999999999999764,-0.9999999999999762,-2.1765264477772993e-07,-12.920764261390762,40.171804144083815,215.46044633615878,40.59982554973231,18.674936287676367,40.1718110209716,-44.51646481045789,40.17179726719603,63.191401098135756,0.7522785845016161,101.48108804097814,1.2470577985368436e-05,-0.0005713420966418615,0.30564540636665866,0.4783130015833064,0.9999998366597131,0.0005715597492511013,-0.9999998366597131,-0.0005715597492511013,0.9999999919464881,C1,0.9998630845343431,0.006525336322395558,0.008936491558041661,EXP039_ASSOCIATE
M4_ASYMMETRIC_CROSS,C0,O89,4.716666666666655,282,0,False,0.003131751807830794,-0.9999950960532827,0.003131751807830794,-0.9999950960532827,0.9999950960532827,0.003131751807830794,-17.18407340267575,-43.961483661760695,215.16161504219042,-43.53284068544852,-59.59631438720142,-44.094308925506155,25.228167581849917,-43.828658398015236,84.82489794583115,1.0098202136408472,102.79931754252063,0.17943645438687383,-0.002668206411726836,0.36449578457790327,0.5232641467111941,0.9999998925619292,0.00046354733284600686,-0.9999998925619292,-0.00046354733284600686,0.9999999850004624,C0,0.9999698996478652,0.0021154486652647966,0.004476679895023268,EXP039_ASSOCIATE
M4_ASYMMETRIC_CROSS,C3,O90,4.716666666666655,282,3,False,-0.991284710197576,0.1317369474692179,-0.9912847101975761,0.13173694746921794,0.1317369474692179,0.991284710197576,-53.98189446928095,-1.847325613829394,178.36379397558522,-1.418682637517219,-59.59631438720142,-44.094308925506155,-48.36747455136049,40.39965769784737,85.23683030126911,1.0147241702532037,95.9865059229076,7.569975409831471,0.9912235373852225,0.9994307147651479,0.0214067397006199,0.9999998925619292,0.00046354733284600686,-0.9999998925619292,-0.00046354733284600686,0.9999999850004624,C3,0.9998811138281373,0.0008398595755672816,0.008523286067443691,EXP039_ASSOCIATE
M4_ASYMMETRIC_CROSS,C2,O91,4.716666666666655,282,4,False,0.9921409732366971,0.12512509430541688,0.9921409732366971,0.12512509430541688,-0.12512509430541688,0.9921409732366971,19.93027358433809,-1.8206364582572476,252.27596202920427,-1.3919934819450726,25.228167581849917,-43.828658398015236,14.632379586826264,40.18738548150074,84.68155851423757,1.0081137918361616,129.98674133831025,7.1879798745752055,-0.9921988680467224,-0.9958112183921056,0.23825307930583053,0.9999998925619292,0.00046354733284600686,-0.9999998925619292,-0.00046354733284600686,0.9999999850004624,C2,0.9999978411027952,0.002869110465673861,0.0047671650675235175,EXP039_ASSOCIATE
M4_ASYMMETRIC_CROSS,C1,O92,4.716666666666655,282,8,False,0.0033693889344176154,0.9999943235929935,0.003369388934417616,0.9999943235929936,-0.9999943235929935,0.0033693889344176154,-16.867547482267113,40.29352158967406,215.47814096259907,40.72216456598623,14.632379586826264,40.18738548150074,-48.36747455136049,40.39965769784737,63.00021175303016,0.7500025208694067,80.10587740024022,0.19190716586822987,-0.0038329332739796473,0.3857200360477359,0.4797692970530329,0.9999998925619292,0.00046354733284600686,-0.9999998925619292,-0.00046354733284600686,0.9999999850004624,C1,0.9998016503770992,0.0052146550586051905,0.009866353012904928,EXP039_ASSOCIATE
M4_ASYMMETRIC_CROSS,C0,O93,4.816666666666655,288,1,False,0.0010617505942458676,-0.999999436342679,0.0010617505942458676,-0.999999436342679,0.999999436342679,0.0010617505942458676,-20.761784057485237,-43.8731629305738,215.5407137840608,-43.44454277951797,-62.816370253580246,-43.91781443762642,21.292802138609773,-43.828511423521185,84.10921980096752,1.0013002357258038,100.09858903350843,0.06083383937560427,-0.0007049700497400016,0.4280681947379169,0.5222155769087733,0.9999999363537718,0.00035678067803148654,-0.9999999363537718,-0.00035678067803148654,0.999999972793991,C0,0.9999838181120329,0.006736344203196935,0.0076680865981848,EXP039_ASSOCIATE
M4_ASYMMETRIC_CROSS,C3,O94,4.816666666666655,288,3,False,-0.9930556653113144,0.11764542317108168,-0.9930556653113144,0.11764542317108168,0.11764542317108168,0.9930556653113144,-57.81461340688353,-1.6975321755726576,178.48788443466253,-1.2689120245168248,-62.816370253580246,-43.91781443762642,-52.812856560186816,40.5227500864811,85.03104858440753,1.0122743879096134,92.16047079311156,6.756232659250543,0.9930136284932206,0.9995796329372004,0.01962457528319802,0.9999999363537718,0.00035678067803148654,-0.9999999363537718,-0.00035678067803148654,0.999999972793991,C3,0.9999992588092448,0.0022140216454741802,0.002319761778614291,EXP039_ASSOCIATE
M4_ASYMMETRIC_CROSS,C2,O95,4.816666666666655,288,7,False,0.992191110526178,0.12472690244221381,0.992191110526178,0.12472690244221381,-0.12472690244221381,0.992191110526178,16.013046644862406,-1.8285389711073456,252.31554448640847,-1.399918820051513,21.292802138609773,-43.828511423521185,10.73329115111504,40.171433481306494,84.66105371603349,1.0078696870956367,133.88289053150666,7.136925373525543,-0.9922355475257782,-0.9935027909080364,0.19187035081539694,0.9999999363537718,0.00035678067803148654,-0.9999999363537718,-0.00035678067803148654,0.999999972793991,C2,0.9999985945152909,0.003304450936490055,0.005131104051406811,EXP039_ASSOCIATE
M4_ASYMMETRIC_CROSS,C1,O96,4.816666666666655,288,9,False,0.005528442699087295,0.9999847180438924,0.005528442699087295,0.9999847180438924,-0.9999847180438924,0.005528442699087295,-21.039782704535888,40.3470917838938,215.26271513701016,40.77571193494963,10.73329115111504,40.171433481306494,-52.812856560186816,40.5227500864811,63.547118835582665,0.7565133194712222,65.93337307562908,0.31675804750011594,-0.005885217572947594,0.46206177858555686,0.48040824057899834,0.9999999363537718,0.00035678067803148654,-0.9999999363537718,-0.00035678067803148654,0.999999972793991,C1,0.9997563192250571,0.004228677274898273,0.008477021590588659,EXP039_ASSOCIATE
M4_ASYMMETRIC_CROSS,C0,O97,4.9166666666666545,294,1,False,0.006805589702861981,-0.9999768417062449,0.006805589702861981,-0.9999768417062449,0.9999768417062449,0.006805589702861981,-24.772348627819973,-44.11551706558795,215.4148617392325,-43.6875908419994,-67.08664471484471,-44.403497472456515,17.541947459204764,-43.82753665871938,84.63055207323504,1.007506572300417,86.95281953060274,0.3899345771494893,-0.00657722531206691,0.4898201658061036,0.5251081440759137,0.999999973923685,0.00022836950197838165,-0.999999973923685,-0.00022836950197838165,0.9999999614681259,C0,0.9999346460703951,0.005110758691481356,0.00767023717462278,EXP039_ASSOCIATE
M4_ASYMMETRIC_CROSS,C3,O98,4.9166666666666545,294,3,False,-0.9927092401869466,0.12053366520377222,-0.9927092401869466,0.12053366520377222,0.12053366520377222,0.9927092401869466,-61.93242265552975,-1.9535822922681092,178.25478771152274,-1.5256560686795617,-67.08664471484471,-44.403497472456515,-56.77820059621478,40.496332887920296,85.52336064121707,1.0181352457287747,88.03677332678811,6.922902904589193,0.9926816880876536,0.9995100401372502,0.02267951346767299,0.999999973923685,0.00022836950197838165,-0.999999973923685,-0.00022836950197838165,0.9999999614681259,C3,0.9999914861119356,0.002284800479760326,0.0056999542797331205,EXP039_ASSOCIATE
M4_ASYMMETRIC_CROSS,C2,O99,4.9166666666666545,294,7,False,0.9922173535985821,0.12451796343430235,0.9922173535985821,0.12451796343430235,-0.12451796343430235,0.9922173535985821,12.271205730783397,-1.8278021221426641,252.45841609783588,-1.3998758985541166,17.541947459204764,-43.82753665871938,7.000464002362031,40.17193241443405,84.65833495907269,1.0078373209413416,137.59341502729617,6.931408043937438,-0.9922457638305068,-0.9890544435501484,0.1476974401512362,0.999999973923685,0.00022836950197838165,-0.999999973923685,-0.00022836950197838165,0.9999999614681259,C2,0.9999989254014615,0.0049811480603020415,0.006352937082352385,EXP039_ASSOCIATE
M4_ASYMMETRIC_CROSS,C1,O100,4.9166666666666545,294,9,False,0.0050862820558837795,0.9999870647837641,0.0050862820558837795,0.9999870647837641,-0.9999870647837641,0.0050862820558837795,-24.888868296926375,40.33413265117717,215.2983420701261,40.76205887476572,7.000464002362031,40.17193241443405,-56.77820059621478,40.496332887920296,63.779489600066206,0.7592796380960263,58.62947297482213,0.2914237517594245,-0.005314648471221778,0.5249412411548923,0.48024546024864906,0.999999973923685,0.00022836950197838165,-0.999999973923685,-0.00022836950197838165,0.9999999614681259,C1,0.9997659822919341,0.004353304753243884,0.00821627814803068,EXP039_ASSOCIATE
M5_UNEQUAL_WIDTH,C0,O0,2.0166666666666644,120,0,False,0.14226850156447518,-0.9898281029868766,0.1422685015644752,-0.9898281029868767,0.9898281029868766,0.14226850156447518,89.04844446892685,-36.61808195736013,207.6361939021034,-36.263997440493995,39.39676746588127,-43.7545429914234,138.70012147197244,-29.481620923296866,100.32383775166238,1.1943314018055045,53.71651549423706,8.179135992076326,-0.14163600604531332,-0.9246136971393151,1.1462319584019398,0.999999795861222,0.0006389659727131323,-0.999999795861222,-0.0006389659727131323,0.9999998812700323,NONE,nan,nan,nan,EXP039_ASSOCIATE
M5_UNEQUAL_WIDTH,C1,O1,2.0166666666666644,120,5,False,0.1539009563484607,0.9880862794488289,0.1539009563484607,0.9880862794488289,-0.9880862794488289,0.1539009563484607,96.05382339447544,33.603014748868844,214.641572827652,33.95709926573498,138.70012147197238,26.9605724891611,53.40752531697851,40.245457008576594,86.3210004318363,1.0276309575218607,44.93014178967337,8.853060896353497,-0.1545322784419801,-0.9441176315224408,1.2114520852641433,0.999999795861222,0.0006389659727131323,-0.999999795861222,-0.0006389659727131323,0.9999998812700323,NONE,nan,nan,nan,EXP039_ASSOCIATE
M5_UNEQUAL_WIDTH,C0,O2,2.116666666666664,126,0,False,0.05502999774925307,-0.9984847016092521,0.05502999774925308,-0.9984847016092522,0.9984847016092521,0.05502999774925307,83.8462206110247,-41.019270538094645,207.61032986152196,-40.66324989693329,34.18610113664337,-43.75621408715295,133.50634008540604,-38.28232698903635,99.47096714520393,1.1841781803000468,56.657784115492404,3.154580155411793,-0.05434745837606393,-0.897966273890638,1.1112168557679476,0.9999997663712518,0.0006835623174793045,-0.9999997663712518,-0.0006835623174793045,0.9999999050747312,C0,0.9961572533761864,0.0523729581617299,0.052577944788106915,EXP039_ASSOCIATE
M5_UNEQUAL_WIDTH,C1,O3,2.116666666666664,126,5,False,0.16479353763924348,0.9863280843372266,0.16479353763924348,0.9863280843372266,-0.9863280843372266,0.16479353763924348,90.73350826331685,33.09739478524682,214.4976175138141,33.45341542640818,133.506340085406,25.9510036576466,47.9606764412277,40.243785912847045,86.73144869606102,1.0325172463816787,45.492871295602825,9.485240864118197,-0.16546771584986003,-0.9396831631537756,1.1497810512844777,0.9999997663712518,0.0006835623174793045,-0.9999997663712518,-0.0006835623174793045,0.9999999050747312,C1,0.9999391302113866,0.006236329066372841,0.007608764822862879,EXP039_ASSOCIATE
M5_UNEQUAL_WIDTH,C0,O4,2.2166666666666637,132,0,False,0.1414611843094017,-0.9899438031190365,0.1414611843094017,-0.9899438031190365,0.9899438031190365,0.1414611843094017,78.93471496514657,-36.695103175036344,207.87484838668377,-36.33809712212809,29.514572022344336,-43.75715248268586,128.3548579079488,-29.633053867386824,99.84434022839106,1.1886230979570365,62.95277245279149,8.132407509126125,-0.1407890701853942,-0.9065169146720373,1.0362765184191491,0.9999997695414191,0.0006789087632511763,-0.9999997695414191,-0.0006789087632511763,0.9999999090927827,C0,0.9999996674261648,0.0029749217731239023,0.0036837538921510476,EXP039_ASSOCIATE
M5_UNEQUAL_WIDTH,C0,O5,2.416666666666663,144,0,False,-0.019752046346758416,-0.9998049093023677,-0.019752046346758416,-0.9998049093023677,0.9998049093023677,-0.019752046346758416,76.5593095829171,-44.8868766062119,215.02854238777445,-44.52786820731544,19.482886916772163,-43.75928047688751,133.63573224906202,-46.01447273553628,114.17511983607093,1.3592276170960826,61.252270027486134,1.1317824934520786,0.02025669357604741,-0.8624067712283571,1.0565205949108794,0.9999998726146105,0.0005047482170929136,-0.9999998726146105,-0.0005047482170929136,0.9999999186773292,C0,0.9868249026951436,0.13199711835926076,0.1323194352877303,EXP039_ASSOCIATE
M5_UNEQUAL_WIDTH,C0,O6,2.416666666666663,144,1,False,0.14113347070166513,-0.9899905774539989,0.14113347070166515,-0.989990577453999,0.9899905774539989,0.14113347070166513,69.20820374373204,-36.670418516628246,207.67743654858938,-36.31141011773179,19.482886916772163,-43.75928047688751,118.93352057069191,-29.58155655636898,100.45614162276291,1.1959064478900348,71.67698256822202,6.3649665689994634,-0.1406337567444143,-0.8833889176897239,0.9324168741878331,0.9999998726146105,0.0005047482170929136,-0.9999998726146105,-0.0005047482170929136,0.9999999186773292,C0,0.9999993426534942,0.0007481001875369616,0.0010802318413694425,EXP039_ASSOCIATE
M5_UNEQUAL_WIDTH,C0,O7,2.416666666666663,144,2,False,0.12519686604296432,-0.9921319190173351,0.12519686604296432,-0.9921319190173351,0.9921319190173351,0.12519686604296432,78.0966084630043,-36.36283036370955,216.56584126786163,-36.00382196481309,19.482886916772163,-43.75928047688751,136.71033000923643,-28.96638025053159,118.15711282484804,1.4066322955339052,61.30354158328245,5.443650642754378,-0.12469607327746779,-0.9063355221498083,1.0255616019609088,0.9999998726146105,0.0005047482170929136,-0.9999998726146105,-0.0005047482170929136,0.9999999186773292,C0,0.9998516258461593,0.10635043829202713,0.10673600826631613,EXP039_ASSOCIATE
M5_UNEQUAL_WIDTH,C2,O8,2.416666666666663,144,7,True,0.9816455884578473,0.19071428541471794,0.9816455884578474,0.19071428541471797,-0.19071428541471794,0.9816455884578473,126.59170870834119,-9.75743714585623,265.06094151319854,-9.398428746959773,133.63573224906202,-46.01447273553628,119.54768516762036,26.49959844382382,73.86990990636323,0.8794036893614671,23.032806231874048,10.994472004946076,-0.9817417261060789,-0.9970037438535784,1.511514211525309,0.9999998726146105,0.0005047482170929136,-0.9999998726146105,-0.0005047482170929136,0.9999999186773292,C0,-0.049117112407272595,0.7547431666805159,0.8597505069225692,EXP039_NEW
M5_UNEQUAL_WIDTH,C2,O9,2.416666666666663,144,10,True,0.9999400393130565,-0.01095069763087453,0.9999400393130566,-0.010950697630874532,0.01095069763087453,0.9999400393130565,119.24060286915613,-1.5409790562725796,257.70983567401345,-1.181970657376123,118.93352057069191,-29.58155655636898,119.54768516762036,26.49959844382382,56.08451786641096,0.6676728317429876,30.74944029879073,0.6274412976268877,-0.9999343845902001,-0.9999098551149618,1.419649520252491,0.9999998726146105,0.0005047482170929136,-0.9999998726146105,-0.0005047482170929136,0.9999999186773292,C1,0.14307149426193688,0.6617194734304617,0.6617599575097683,EXP039_NEW
M5_UNEQUAL_WIDTH,C2,O10,2.416666666666663,144,12,True,0.9553121391477186,0.29559891203624145,0.9553121391477188,0.2955989120362415,-0.29559891203624145,0.9553121391477186,128.1290075884284,-1.2333909033538841,266.5982403932858,-0.8743825044574277,136.71033000923643,-28.96638025053159,119.54768516762036,26.49959844382382,58.06058189927259,0.6911974035627689,21.865056137226873,17.19345422556981,-0.9554612204787346,-0.9999486857544906,1.5254159983663471,0.9999998726146105,0.0005047482170929136,-0.9999998726146105,-0.0005047482170929136,0.9999999186773292,C1,0.4391006810291392,0.744664261314796,0.7446668327482836,EXP039_NEW
M5_UNEQUAL_WIDTH,C1,O11,2.416666666666663,144,14,False,0.1581706021800169,0.9874117988995325,0.15817060218001694,0.9874117988995326,-0.9874117988995325,0.1581706021800169,76.65682903888617,33.37015898346816,215.1260618437435,33.729167382364615,119.54768516762036,26.49959844382382,33.76597291015199,40.24071952311249,86.87531620856853,1.0342299548639111,46.58612258545935,9.100727353673648,-0.1586689763764242,-0.9170915417566656,0.9953005326791133,0.9999998726146105,0.0005047482170929136,-0.9999998726146105,-0.0005047482170929136,0.9999999186773292,C1,0.9999906576002309,0.006374136264572907,0.00654683263402486,EXP039_ASSOCIATE
M5_UNEQUAL_WIDTH,C0,O12,2.5166666666666626,150,0,False,-0.029198869628405847,-0.9995736221071579,-0.029198869628405847,-0.9995736221071579,0.9995736221071579,-0.029198869628405847,72.63230062358645,-45.418261234445296,215.42778915428374,-45.05694518299528,15.928012199119728,-43.76185385387916,129.33658904805316,-47.07466861501144,113.45695238521971,1.350678004585949,64.33629970964742,1.6732098095783954,0.0295777050286253,-0.847676223197616,1.0198059558375308,0.9999999281798407,0.00037899909412206185,-0.9999999281798407,-0.00037899909412206185,0.9999999764352026,C0,0.9852519827366395,0.13986189666361723,0.14138256748628977,EXP039_ASSOCIATE
M5_UNEQUAL_WIDTH,C0,O13,2.5166666666666626,150,1,False,0.12080033333434823,-0.992676825289233,0.12080033333434823,-0.992676825289233,0.992676825289233,0.12080033333434823,76.3266424386711,-36.41185385387917,219.1221309693684,-36.050537802429155,15.928012199119728,-43.76185385387916,136.72527267822247,-29.061853853879185,121.68840593604715,1.4486714992386565,59.333128372468266,6.938294327533441,-0.12042410104090846,-0.9023948638402056,1.0067501378194967,0.9999999281798407,0.00037899909412206185,-0.9999999281798407,-0.00037899909412206185,0.9999999764352026,C0,0.9997655012670436,0.13676095725349044,0.13676175099975169,EXP039_ASSOCIATE
M5_UNEQUAL_WIDTH,C2,O14,2.5166666666666626,150,5,False,0.9920876217102166,0.1255474047894511,0.9920876217102166,0.1255474047894511,-0.1255474047894511,0.9920876217102166,124.74206017367712,-10.76826123444532,267.53754870437444,-10.406945182995306,129.33658904805316,-47.07466861501144,120.14753129930106,25.5381461461208,73.19193705487241,0.8713325839865763,24.7940216028542,7.212368806450797,-0.9921351328110102,-0.9962620926755434,1.4905473618707836,0.9999999281798407,0.00037899909412206185,-0.9999999281798407,-0.00037899909412206185,0.9999999764352026,C2,0.9978221208055643,0.031834251734485834,0.0361716950484814,EXP039_ASSOCIATE
M5_UNEQUAL_WIDTH,C1,O15,2.5166666666666626,150,9,False,0.1615015598825383,0.9868724568836172,0.1615015598825383,0.9868724568836172,-0.9868724568836172,0.1615015598825383,75.23457464816926,32.888146146120825,218.03006317886656,33.24946219757084,120.14753129930106,25.5381461461208,30.321617997037457,40.23814614612085,91.020792682693,1.0835808652701548,43.37646970206977,9.294062874072466,-0.16187557205064346,-0.9164296960217881,0.9774868989775972,0.9999999281798407,0.00037899909412206185,-0.9999999281798407,-0.00037899909412206185,0.9999999764352026,C1,0.999970378730349,0.041209424970776586,0.04137718699040014,EXP039_ASSOCIATE
M5_UNEQUAL_WIDTH,C0,O16,2.6166666666666623,156,0,False,0.14215831581789926,-0.9898439337813907,0.14215831581789928,-0.9898439337813909,0.9898439337813907,0.14215831581789926,60.64919111074422,-36.622632021019676,207.68940895143763,-36.257606092366096,10.912022049928296,-43.765729984175216,110.38636017156014,-29.47953405786414,100.49497170894516,1.1963687108207757,75.0829946570426,7.281976734865495,-0.14178235108919177,-0.8558414945423544,0.843437179227073,0.9999999278714693,0.000379811869534654,-0.9999999278714693,-0.000379811869534654,0.9999999678541626,C0,0.9999999938042438,0.0006380653429537737,0.0010214021230470717,EXP039_ASSOCIATE
M5_UNEQUAL_WIDTH,C2,O17,2.6166666666666623,156,5,False,0.9999976149323941,-0.002184062618915586,0.9999976149323941,-0.002184062618915586,0.002184062618915586,0.9999976149323941,110.44643705935452,-1.9726558270693673,257.48665490004794,-1.6076298984157886,110.38636017156014,-29.47953405786414,110.5065139471489,25.534222403725405,55.01388767343091,0.6549272342075108,39.53594779242421,0.12513766974350915,-0.999996713271129,-0.9998336802580482,1.3150482405663786,0.9999999278714693,0.000379811869534654,-0.9999999278714693,-0.000379811869534654,0.9999999678541626,C2,0.9812267152250865,0.12935517536642957,0.13799432024286284,EXP039_ASSOCIATE
M5_UNEQUAL_WIDTH,C1,O18,2.6166666666666623,156,9,False,0.17163128732457916,0.9851612564505912,0.1716312873245792,0.9851612564505913,-0.9851612564505912,0.17163128732457916,68.31747720109225,32.88424620977511,215.35769504178563,33.24927213842869,110.5065139471489,25.534222403725405,26.128440455035587,40.234270015824805,85.64899699376792,1.0196309165924753,46.99792679783921,9.882679104670416,-0.1720054508836722,-0.9012145510846278,0.902617394258298,0.9999999278714693,0.000379811869534654,-0.9999999278714693,-0.000379811869534654,0.9999999678541626,C1,0.9998385398019685,0.011986920473285513,0.015549218982628024,EXP039_ASSOCIATE
M5_UNEQUAL_WIDTH,C0,O19,2.716666666666662,162,0,False,-0.022669457882479788,-0.9997430148189655,-0.02266945788247979,-0.9997430148189657,0.9997430148189655,-0.022669457882479788,63.84004895351629,-45.06027676835707,215.1998968294318,-44.69103261734854,6.932468128872806,-43.76988114910718,120.74762977815978,-46.350672387606956,113.84441797765072,1.3552906902101276,69.26486516447694,1.2989755349098147,0.023156869023460473,-0.8167064431545566,0.9302472966890082,0.9999998811527936,0.0004875391255128562,-0.9999998811527936,-0.0004875391255128562,0.9999999452398818,C0,0.9863485820284184,0.1348050809203902,0.13541958887176347,EXP039_ASSOCIATE
M5_UNEQUAL_WIDTH,C2,O20,2.716666666666662,162,5,False,0.9901493440435133,0.14001527234627095,0.9901493440435133,0.14001527234627095,-0.14001527234627095,0.9901493440435133,115.6653618242047,-10.41027676835704,267.0252097001202,-10.041032617348511,120.74762977815978,-46.350672387606956,110.5830938702496,25.530118850892876,72.59590855754881,0.8642370066374858,33.867102902244,8.048729992814742,-0.990217489290468,-0.9959303138981318,1.3825344892589997,0.9999998811527936,0.0004875391255128562,-0.9999998811527936,-0.0004875391255128562,0.9999999452398818,C2,0.9986786481074125,0.024603687654506882,0.025996932232997712,EXP039_ASSOCIATE
M5_UNEQUAL_WIDTH,C1,O21,2.716666666666662,162,9,False,0.16261850840151998,0.9866890192584818,0.16261850840151998,0.9866890192584818,-0.9866890192584818,0.16261850840151998,65.9869137500658,32.88011885089284,217.3467616259813,33.24936300190137,110.5830938702496,25.530118850892876,21.390733629882,40.23011885089281,90.39561452441986,1.0761382681478555,44.26380289976386,9.358916621991511,-0.16309953857636694,-0.8952585966126891,0.877678521121562,0.9999998811527936,0.0004875391255128562,-0.9999998811527936,-0.0004875391255128562,0.9999999452398818,C1,0.9999610259750813,0.033288526547165215,0.03345696995987903,EXP039_ASSOCIATE
M5_UNEQUAL_WIDTH,C0,O22,2.8166666666666615,168,0,False,-0.02813111134579943,-0.999604241975018,-0.02813111134579943,-0.999604241975018,0.999604241975018,-0.02813111134579943,59.287777730615915,-45.37684935051664,215.09469570350745,-45.00435067107056,2.294041395704305,-43.7729174387405,116.28151406552753,-46.98078126229279,114.03260198716924,1.357530976037729,70.94034101376226,1.6120066135893012,0.028720617361237162,-0.7937462454205998,0.8888082039533272,0.9999998261008132,0.0005897443034558989,-0.9999998261008132,-0.0005897443034558989,0.9999999542063128,C0,0.9854341995132566,0.13678722890536843,0.13703162539461658,EXP039_ASSOCIATE
M5_UNEQUAL_WIDTH,C0,O23,2.8166666666666615,168,1,False,0.14604419554277157,-0.9892780665456323,0.1460441955427716,-0.9892780665456324,0.9892780665456323,0.14604419554277157,51.93777043347026,-36.44416052373067,207.7446884063618,-36.07166184428459,2.294041395704305,-43.7729174387405,101.58149947123621,-29.11540360872084,100.36354937315501,1.1948041592042262,78.50504366402072,8.331527554497157,-0.1454607490415256,-0.8182429854546726,0.7553389744033709,0.9999998261008132,0.0005897443034558989,-0.9999998261008132,-0.0005897443034558989,0.9999999542063128,C0,0.9999927207974478,0.002628878708302866,0.0030595162864763487,EXP039_ASSOCIATE
M5_UNEQUAL_WIDTH,C2,O24,2.8166666666666615,168,7,False,0.9815255890688265,0.1913309123040316,0.9815255890688266,0.19133091230403163,-0.1913309123040316,0.9815255890688265,109.13201955551935,-10.303948825884323,264.93893752841086,-9.931450146438243,116.28151406552753,-46.98078126229279,101.98252504551115,26.37288361052414,74.73433773887399,0.889694496891357,40.38262430767328,11.030464910235764,-0.981638254697931,-0.9955166614161665,1.3049687582419844,0.9999998261008132,0.0005897443034558989,-0.9999998261008132,-0.0005897443034558989,0.9999999542063128,C2,0.9999998026857131,0.006509595052711946,0.007184865661062594,EXP039_ASSOCIATE
M5_UNEQUAL_WIDTH,C2,O25,2.8166666666666615,168,10,False,0.999973884731737,-0.007227022520987148,0.999973884731737,-0.007227022520987148,0.007227022520987148,0.999973884731737,101.78201225837368,-1.3712599990983492,257.58893023126524,-0.9987613196522688,101.58149947123621,-29.11540360872084,101.98252504551115,26.37288361052414,55.48973634859557,0.6605920993880425,48.208750998188165,0.4140814935212518,-0.9999694487417289,-0.9999011394779117,1.2118005833549028,0.9999998261008132,0.0005897443034558989,-0.9999998261008132,-0.0005897443034558989,0.9999999542063128,C2,0.9802416560841996,0.13383481664802085,0.1349588871580925,EXP039_ASSOCIATE
M5_UNEQUAL_WIDTH,C1,O26,2.8166666666666615,168,14,False,0.1610391534625842,0.9869480184143714,0.1610391534625842,0.9869480184143714,-0.9869480184143714,0.1610391534625842,59.52895426117517,33.299983085891824,215.3358722340667,33.672481765337906,101.98252504551115,26.37288361052414,17.075383476839193,40.2270825612595,86.03000359135793,1.0241667094209277,47.93377536500442,9.267217539220582,-0.16162117242967336,-0.8730201274584812,0.8120221662208019,0.9999998261008132,0.0005897443034558989,-0.9999998261008132,-0.0005897443034558989,0.9999999542063128,C1,0.9999738752518887,0.008933005147414321,0.00979608090671684,EXP039_ASSOCIATE
M5_UNEQUAL_WIDTH,C2,O27,2.916666666666661,174,2,False,0.9918525558322077,0.12739115938367734,0.9918525558322077,0.12739115938367734,-0.12739115938367734,0.9918525558322077,107.06005031388145,-10.954088564575763,267.39800317624656,-10.579395938930883,111.7453237923512,-47.43307577904105,102.37477683541171,25.524898649889522,73.55727824657934,0.8756818838878493,42.381012690643686,7.318863273864963,-0.9919349006696923,-0.9947401657434887,1.2811784203494798,0.9999997900295333,0.0006480284631050374,-0.9999997900295333,-0.0006480284631050374,0.9999999704616849,C2,0.997942999763338,0.03117261558189625,0.036879920545910196,EXP039_ASSOCIATE
M5_UNEQUAL_WIDTH,C2,O28,2.916666666666661,174,5,False,0.9953706746981354,-0.0961104570324087,0.9953706746981356,-0.09611045703240871,0.0961104570324087,0.9953706746981354,99.71005031388145,-2.072417162761182,260.04800317624654,-1.6977245371163023,97.04532379235121,-29.669732975411886,102.37477683541171,25.524898649889522,55.45133388829262,0.6601349272415789,50.268415000596335,5.5152367928983494,-0.9953081833879313,-0.9997703976428627,1.1872807738024242,0.9999997900295333,0.0006480284631050374,-0.9999997900295333,-0.0006480284631050374,0.9999999704616849,C2,0.9587715945639181,0.10938811217003759,0.15953355951703,EXP039_ASSOCIATE
M5_UNEQUAL_WIDTH,C1,O29,2.916666666666661,174,9,False,0.16106343745459903,0.986944055717095,0.16106343745459906,0.9869440557170951,-0.986944055717095,0.16106343745459903,57.33638125562399,32.8748986498895,217.6743341179891,33.249591275534385,102.37477683541171,25.524898649889522,12.297985675836273,40.22489864988948,91.26838612359576,1.086528406233283,45.96577991012202,9.268627312602177,-0.16170297147563092,-0.8678392614430201,0.7868155680963653,0.9999997900295333,0.0006480284631050374,-0.9999997900295333,-0.0006480284631050374,0.9999999704616849,C1,0.9999736970946754,0.03707374637286794,0.03718478830606116,EXP039_ASSOCIATE
M5_UNEQUAL_WIDTH,C0,O30,3.016666666666661,180,0,False,-0.03491100307078758,-0.9993904251415417,-0.03491100307078758,-0.9993904251415417,0.9993904251415417,-0.03491100307078758,50.5449428731116,-45.76786367093132,215.3974003090686,-45.3901863445653,-6.155057090214074,-43.78720243680655,107.24494283643727,-47.74852490505608,113.46916787860032,1.3508234271261943,76.12514658669944,2.000153636293888,0.035627833396101524,-0.7407861349369607,0.8117518878425649,0.9999997427571498,0.0007172765396650214,-0.9999997427571498,-0.0007172765396650214,0.9999999837848066,C0,0.9842579925661068,0.142620661810322,0.14411078886743756,EXP039_ASSOCIATE
M5_UNEQUAL_WIDTH,C0,O31,3.016666666666661,180,1,False,0.1376588926650707,-0.9904796965461868,0.13765889266507073,-0.990479696546187,0.9904796965461868,0.1376588926650707,43.1949428731116,-36.92843857555671,208.04740030906856,-36.55076124919069,-6.155057090214074,-43.78720243680655,92.54494283643727,-30.069674714306878,99.64868565284002,1.186293876819524,85.27214135668609,7.912905046961953,-0.1369484094039577,-0.7596226352882571,0.6765333496731407,0.9999997427571498,0.0007172765396650214,-0.9999997427571498,-0.0007172765396650214,0.9999999837848066,C0,0.999989163465814,0.0059681243125466795,0.0076662533495216855,EXP039_ASSOCIATE
M5_UNEQUAL_WIDTH,C2,O32,3.016666666666661,180,4,False,0.9864474146250332,-0.16407771993658346,0.9864474146250332,-0.16407771993658346,0.16407771993658346,0.9864474146250332,0.8316275005383629,-1.782736784723646,165.68408493649534,-1.4050594583576248,-6.155057090214074,-43.78720243680655,7.8183120912907995,40.22172886735926,85.16311164553983,1.0138465672088075,148.0328307792011,9.443661544540433,-0.9863294717692964,-0.4221032753851459,0.023418681199986698,0.9999997427571498,0.0007172765396650214,-0.9999997427571498,-0.0007172765396650214,0.9999999837848066,C0,0.30274913381809454,0.6493417436911552,0.6568890957753197,EXP039_ASSOCIATE
M5_UNEQUAL_WIDTH,C2,O33,3.016666666666661,180,7,False,0.986859819170679,0.1615787650231762,0.986859819170679,0.1615787650231762,-0.1615787650231762,0.986859819170679,101.2466658332097,-11.113398018848397,266.0991232691667,-10.735720692482376,107.24494283643727,-47.74852490505608,95.24838882998215,25.521728867359286,74.24585776933245,0.8838792591587196,48.14522614100517,9.298545274007523,-0.9869754619655055,-0.993951138202969,1.2125568316547004,0.9999997427571498,0.0007172765396650214,-0.9999997427571498,-0.0007172765396650214,0.9999999837848066,C2,0.9995619666247938,0.020154488037069634,0.023865977826710023,EXP039_ASSOCIATE
M5_UNEQUAL_WIDTH,C2,O34,3.016666666666661,180,10,False,0.9988196232531508,-0.04857324576795297,0.9988196232531508,-0.04857324576795297,0.04857324576795297,0.9988196232531508,93.89666583320971,-2.2739729234737958,258.7491232691667,-1.8962955971077746,92.54494283643727,-30.069674714306878,95.24838882998215,25.521728867359286,55.6570999282185,0.6625845229549822,56.075802865022354,2.7841375097075627,-0.9987845258642992,-0.9996892544803786,1.1181452039878295,0.9999997427571498,0.0007172765396650214,-0.9999997427571498,-0.0007172765396650214,0.9999999837848066,C2,0.971223264974676,0.11671588572068359,0.14285686379332904,EXP039_ASSOCIATE
M5_UNEQUAL_WIDTH,C1,O35,3.016666666666661,180,14,False,0.16580707929873165,0.9861582086330896,0.16580707929873165,0.9861582086330896,-0.9861582086330896,0.16580707929873165,51.53335046063647,32.87172886735927,216.38580789659346,33.24940619372529,95.24838882998215,25.521728867359286,7.8183120912907995,40.22172886735926,88.65725192297276,1.0554434752734854,49.22242882180372,9.544122545116835,-0.1665143847934966,-0.8434701745893741,0.7276757613567286,0.9999997427571498,0.0007172765396650214,-0.9999997427571498,-0.0007172765396650214,0.9999999837848066,C1,0.9999272633896112,0.02240875128914965,0.022764438095290638,EXP039_ASSOCIATE
M5_UNEQUAL_WIDTH,C0,O36,3.1166666666666605,186,1,False,-0.03690254104204157,-0.9993188692627797,-0.03690254104204157,-0.9993188692627797,0.9993188692627797,-0.03690254104204157,46.06306733304954,-45.88013716097901,215.30056961176643,-45.498719470965206,-10.764400460930702,-43.78162984055814,102.89053512702978,-47.97864448139988,113.73240222293242,1.353957169320624,80.49539815632954,2.114840037675634,0.03766224264877745,-0.7079755403091429,0.773973715001683,0.9999997110250659,0.0007602300867246703,-0.9999997110250659,-0.0007602300867246703,0.9999999842232672,C0,0.9839038314233951,0.14286842514919842,0.14393822637756756,EXP039_ASSOCIATE
M5_UNEQUAL_WIDTH,C0,O37,3.1166666666666605,186,2,False,0.04559627300814735,-0.9989599490909365,0.04559627300814735,-0.9989599490909365,0.9989599490909365,0.04559627300814735,38.713067333049544,-41.52329292591095,207.95056961176644,-41.141875235897146,-10.764400460930702,-43.78162984055814,88.19053512702979,-39.264956011263756,99.05796091025518,1.1792614394077998,93.22953727734611,2.613380083839516,-0.04483682042323549,-0.6813664542129177,0.6758388419363557,0.9999997110250659,0.0007602300867246703,-0.9999997110250659,-0.0007602300867246703,0.9999999842232672,C0,0.9952855448063426,0.058190451681607296,0.06098567704917572,EXP039_ASSOCIATE
M5_UNEQUAL_WIDTH,C0,O38,3.1166666666666605,186,3,False,0.1397363035905325,-0.9901887524400862,0.13973630359053252,-0.9901887524400863,0.9901887524400862,0.1397363035905325,39.041776399177046,-36.75293855997435,208.27927867789396,-36.37152086996055,-10.764400460930702,-43.78162984055814,88.8479532592848,-29.724247279390568,100.59935893509635,1.197611415894004,87.06566590799636,8.032587565173259,-0.13898349192910206,-0.7276066679361813,0.6383260506942994,0.9999997110250659,0.0007602300867246703,-0.9999997110250659,-0.0007602300867246703,0.9999999842232672,C0,0.9999967289526963,0.0077620445935571184,0.007825690261250103,EXP039_ASSOCIATE
M5_UNEQUAL_WIDTH,C3,O39,3.1166666666666605,186,6,True,-0.985849859426252,0.16763070920699225,-0.985849859426252,0.16763070920699225,0.16763070920699225,0.985849859426252,-3.6228932364574895,-1.7818439621553352,165.61460904225942,-1.4004262721415326,-10.764400460930702,-43.78162984055814,3.518613988015723,40.21794191624747,85.20523785000277,1.0143480696428901,95.83704054757825,9.811843128234614,0.9857221366317557,0.8976760843718917,0.021175154334867767,0.9999997110250659,0.0007602300867246703,-0.9999997110250659,-0.0007602300867246703,0.9999999842232672,C0,-0.3061809691648233,0.6500133206318501,0.6551614892167987,EXP039_NEW
M5_UNEQUAL_WIDTH,C2,O40,3.1166666666666605,186,16,False,0.9819411625821568,0.18918655667568499,0.9819411625821569,0.189186556675685,-0.18918655667568499,0.9819411625821568,95.740811149226,-10.869198660990397,264.9783134279429,-10.487780970976594,102.89053512702978,-47.97864448139988,88.59108717142223,26.240247159419088,75.58384806442946,0.8998077150527317,53.644188555936935,10.905316390834173,-0.9820847041381627,-0.9935313600287186,1.1470929933817031,0.9999997110250659,0.0007602300867246703,-0.9999997110250659,-0.0007602300867246703,0.9999999842232672,C2,0.9999987893404186,0.013005731274373171,0.013360532999352073,EXP039_ASSOCIATE
M5_UNEQUAL_WIDTH,C2,O41,3.1166666666666605,186,20,False,0.9999813050574478,-0.006114698324823264,0.9999813050574478,-0.006114698324823264,0.006114698324823264,0.9999813050574478,88.39081114922601,-6.512354425922334,257.6283134279429,-6.130936735908532,88.19053512702979,-39.264956011263756,88.59108717142223,26.240247159419088,65.50642780958755,0.7798384263046136,61.369608735000114,0.3503485902595571,-0.9999763675102782,-0.9972407145812829,1.0551237055357126,0.9999997110250659,0.0007602300867246703,-0.9999997110250659,-0.0007602300867246703,0.9999999842232672,C2,0.9804610763284193,0.09665645053335718,0.09801521007781021,EXP039_ASSOCIATE
M5_UNEQUAL_WIDTH,C2,O42,3.1166666666666605,186,23,False,0.9999894670137893,0.004589756145772915,0.9999894670137893,0.004589756145772915,-0.004589756145772915,0.9999894670137893,88.71952021535351,-1.74200005998574,257.95702249407043,-1.3605823699719373,88.8479532592848,-29.724247279390568,88.59108717142223,26.240247159419088,55.96508391826684,0.6662509990269863,61.26337942285885,0.2629745794502014,-0.9999926673126117,-0.9997920777212178,1.0563883402040615,0.9999997110250659,0.0007602300867246703,-0.9999997110250659,-0.0007602300867246703,0.9999999842232672,C2,0.9825105808619694,0.12770466200867897,0.12983297679329361,EXP039_ASSOCIATE
M5_UNEQUAL_WIDTH,C1,O43,3.1166666666666605,186,27,False,0.16212955925816802,0.9867694796733187,0.16212955925816802,0.9867694796733187,-0.9867694796733187,0.16212955925816802,46.05485057971897,33.22909453783328,215.2923528584359,33.61051222784708,88.59108717142223,26.240247159419088,3.518613988015723,40.21794191624747,86.2131175880822,1.0263466379533595,52.21845848939771,9.330525123763863,-0.16287968425389862,-0.8113973741742792,0.676083784520169,0.9999997110250659,0.0007602300867246703,-0.9999997110250659,-0.0007602300867246703,0.9999999842232672,C1,0.9999652780662528,0.008777590314966036,0.009760872400153353,EXP039_ASSOCIATE
M5_UNEQUAL_WIDTH,C0,O44,3.21666666666666,192,1,False,-0.038482335437179535,-0.9992592805970332,-0.03848233543717954,-0.9992592805970333,0.9992592805970332,-0.038482335437179535,41.92258466062059,-45.97385898856871,215.33994698038447,-45.588686418775445,-14.902022646731208,-43.78549442498819,98.7471919679724,-48.162223552149236,113.73345919469566,1.3539697523178054,85.35720773440377,2.205419965705005,0.03923930793605545,-0.6732399146472808,0.740692321746546,0.9999997130629962,0.0007575446689168253,-0.9999997130629962,-0.0007575446689168253,0.9999999856944807,C0,0.9836200939060435,0.1439923329721521,0.1451610774963967,EXP039_ASSOCIATE
M5_UNEQUAL_WIDTH,C0,O45,3.21666666666666,192,2,False,0.046428740149760755,-0.9989216045757073,0.04642874014976076,-0.9989216045757074,0.9989216045757073,0.046428740149760755,34.53539070959596,-41.48769967524687,207.95275302935983,-41.10252710545361,-14.902022646731208,-43.78549442498819,83.97280406592313,-39.189904925505566,98.98156798265614,1.1783519997935255,96.01924013309996,2.6611275100569287,-0.045671999091425,-0.6391898168806063,0.642628093653572,0.9999997130629962,0.0007575446689168253,-0.9999997130629962,-0.0007575446689168253,0.9999999856944807,C0,0.9953660241804124,0.05772469039255245,0.06076523450649888,EXP039_ASSOCIATE
M5_UNEQUAL_WIDTH,C0,O46,3.21666666666666,192,3,False,0.14653073522911583,-0.9892061178708988,0.14653073522911586,-0.989206117870899,0.9892061178708988,0.14653073522911583,34.726060952084694,-36.43410481429879,208.14342327184858,-36.04893224450553,-14.902022646731208,-43.78549442498819,84.3541445509006,-29.08271520360939,100.33921687753423,1.1945144866373123,91.81983736152094,8.425930736838069,-0.1457813253629727,-0.6893869504406043,0.5991943881625094,0.9999997130629962,0.0007575446689168253,-0.9999997130629962,-0.0007575446689168253,0.9999999856944807,C0,0.9999907232493519,0.00655880723829585,0.007011721049918403,EXP039_ASSOCIATE
M5_UNEQUAL_WIDTH,C3,O47,3.21666666666666,192,6,False,-0.9846255912522963,0.17467811840944955,-0.9846255912522964,0.17467811840944958,0.17467811840944955,0.9846255912522963,-7.451011323365604,-1.785634932000118,165.96635099639826,-1.4004623622068562,-14.902022646731208,-43.78549442498819,0.0,40.21422456098795,85.31133024801952,1.0156110743811848,142.33801188650742,10.152127817008875,0.9844929822494017,0.972640752404024,0.02117904654348713,0.9999997130629962,0.0007575446689168253,-0.9999997130629962,-0.0007575446689168253,0.9999999856944807,C3,0.9999744175954857,0.004187404237980167,0.004187405070300574,EXP039_ASSOCIATE
M5_UNEQUAL_WIDTH,C2,O48,3.21666666666666,192,16,False,0.980732199969955,0.1953569859055273,0.980732199969955,0.1953569859055273,-0.1953569859055273,0.980732199969955,91.3971472821595,-11.263489364672084,264.81450960192336,-10.878316794878822,98.7471919679724,-48.162223552149236,84.04710259634658,25.635244822805067,75.2473186637648,0.8958014126638667,57.911430003583845,11.265578464601873,-0.9808799102048044,-0.992398822830791,1.0962924999573351,0.9999997130629962,0.0007575446689168253,-0.9999997130629962,-0.0007575446689168253,0.9999999856944807,C2,0.9999888055268116,0.017860306550179426,0.01860892132545468,EXP039_ASSOCIATE
M5_UNEQUAL_WIDTH,C2,O49,3.21666666666666,192,20,False,0.9999993431851447,-0.0011461366755270127,0.9999993431851448,-0.0011461366755270129,0.0011461366755270127,0.9999993431851447,84.00995333113485,-6.7773300513502495,257.4273156508987,-6.392157481556988,83.97280406592313,-39.189904925505566,84.04710259634658,25.635244822805067,64.82519232645996,0.7717284800769042,65.71711643919394,0.0656688086302637,-0.999998187998601,-0.9967005345126242,1.0033676614381672,0.9999997130629962,0.0007575446689168253,-0.9999997130629962,-0.0007575446689168253,0.9999999856944807,C2,0.9814263590613818,0.09766978263960266,0.1025908304634476,EXP039_ASSOCIATE
M5_UNEQUAL_WIDTH,C2,O50,3.21666666666666,192,23,False,0.9999842567135767,0.005611267681696653,0.9999842567135767,0.005611267681696653,-0.005611267681696653,0.9999842567135767,84.20062357362359,-1.7237351904021612,257.61798589338747,-1.3385626206088994,84.3541445509006,-29.08271520360939,84.04710259634658,25.635244822805067,54.71882148049377,0.6514145414344497,65.78173432566017,0.3215036430557916,-0.9999882205670084,-0.9997747274033358,1.0025984008849982,0.9999997130629962,0.0007575446689168253,-0.9999997130629962,-0.0007575446689168253,0.9999999856944807,C2,0.9827002830363677,0.1306050753409496,0.1381423190155012,EXP039_ASSOCIATE
M5_UNEQUAL_WIDTH,C1,O51,3.21666666666666,192,27,False,0.17090981198304478,0.9852866771493057,0.17090981198304478,0.9852866771493057,-0.9852866771493057,0.17090981198304478,42.02355129817329,32.92473469189651,215.44091361793716,33.30990726168977,84.04710259634658,25.635244822805067,0.0,40.21422456098795,85.30218112713857,1.0155021562754591,53.27186688270041,9.756167901112008,-0.17165616161232464,-0.7876378661464737,0.6355422696471231,0.9999997130629962,0.0007575446689168253,-0.9999997130629962,-0.0007575446689168253,0.9999999856944807,C1,0.9998514305284831,0.01224399517960941,0.016239996533608587,EXP039_ASSOCIATE
M5_UNEQUAL_WIDTH,C0,O52,3.3166666666666598,198,1,False,-0.039604374977479165,-0.9992154389733193,-0.039604374977479165,-0.9992154389733193,0.9992154389733193,-0.039604374977479165,38.09806466601352,-46.054695190650776,215.49183376019525,-45.66571880313163,-18.601935142916787,-43.807363968503964,94.79806447494383,-48.30202641279759,113.48903869457584,1.3510599844592361,87.70923471217787,2.2683929694199207,0.04035848214434788,-0.6368254702788737,0.7115520587112126,0.999999715205943,0.0007547105624530683,-0.999999715205943,-0.0007547105624530683,0.9999999848313813,C0,0.9834170673507164,0.14585322612657686,0.14754265679683365,EXP039_ASSOCIATE
M5_UNEQUAL_WIDTH,C0,O53,3.3166666666666598,198,2,False,0.14707684443515942,-0.9891250688517585,0.14707684443515942,-0.9891250688517585,0.9891250688517585,0.14707684443515942,30.748058994079614,-36.469321855195794,208.14182808826132,-36.08034546767665,-18.601935142916787,-43.807363968503964,80.09805313107601,-29.13127974188762,99.78514485389623,1.1879183911178122,99.77788263861976,8.428062073621831,-0.14633029941149867,-0.644012904174687,0.5678776786345235,0.999999715205943,0.0007547105624530683,-0.999999715205943,-0.0007547105624530683,0.9999999848313813,C0,0.9999881927909215,0.00640420843478743,0.0074012306514123416,EXP039_ASSOCIATE
M5_UNEQUAL_WIDTH,C3,O54,3.3166666666666598,198,5,False,-0.9855729292816753,0.16925129561435479,-0.9855729292816754,0.1692512956143548,0.16925129561435479,0.9855729292816753,-11.387883699119811,-1.7989776359584368,166.0058853950619,-1.4100012484392948,-18.601935142916787,-43.807363968503964,-4.173832255322836,40.20940869658709,85.24663185130888,1.0148408553727246,138.4708970132383,8.786681154591207,0.9854449128558532,0.9878685424546382,0.02129299385266625,0.999999715205943,0.0007547105624530683,-0.999999715205943,-0.0007547105624530683,0.9999999848313813,C3,0.9999986485046957,0.004659446315898212,0.0046611400479565565,EXP039_ASSOCIATE
M5_UNEQUAL_WIDTH,C2,O55,3.3166666666666598,198,13,False,0.9883677911670055,0.15208257422747223,0.9883677911670055,0.15208257422747223,-0.15208257422747223,0.9883677911670055,89.11922383368838,-11.39587059910166,266.5129929278701,-11.006894211582518,94.79806447494383,-48.30202641279759,83.44038319243293,25.51028521459427,74.68101681079541,0.8890597239380407,60.155122998411755,8.747634118946422,-0.9884822880108669,-0.9918272565232441,1.0695818690665264,0.999999715205943,0.0007547105624530683,-0.999999715205943,-0.0007547105624530683,0.9999999848313813,C2,0.9992312014407412,0.025796864926607214,0.031162816711058323,EXP039_ASSOCIATE
M5_UNEQUAL_WIDTH,C2,O56,3.3166666666666598,198,16,False,0.9981344547065905,-0.06105415897035333,0.9981344547065906,-0.06105415897035334,0.06105415897035333,0.9981344547065905,81.76921816175448,-1.8104972636466758,259.1629872559362,-1.4215208761275338,80.09805313107601,-29.13127974188762,83.44038319243293,25.51028521459427,54.743691793050274,0.6517106165839318,68.21074068603953,3.5003225716537827,-0.998088092225173,-0.9997379748737024,0.973681658499529,0.999999715205943,0.0007547105624530683,-0.999999715205943,-0.0007547105624530683,0.9999999848313813,C2,0.9681703838508762,0.11810155249086182,0.15076075744301665,EXP039_ASSOCIATE
M5_UNEQUAL_WIDTH,C1,O57,3.3166666666666598,198,20,False,0.16545855741823234,0.9862167438129802,0.16545855741823237,0.9862167438129803,-0.9862167438129802,0.16545855741823234,39.63327546855505,32.85984695559068,217.02704456273676,33.24882334310983,83.44038319243293,25.51028521459427,-4.173832255322836,40.20940869658709,88.8387020372576,1.057603595681638,53.07694869359319,9.52387402939928,-0.16620281849004223,-0.770304067107432,0.6129005777786349,0.999999715205943,0.0007547105624530683,-0.999999715205943,-0.0007547105624530683,0.9999999848313813,C1,0.9999314633470091,0.029623799050111692,0.030017666606945017,EXP039_ASSOCIATE
M5_UNEQUAL_WIDTH,C0,O58,3.4166666666666594,204,0,False,-0.03890829517716812,-0.9992427855963767,-0.03890829517716812,-0.9992427855963767,0.9992427855963767,-0.03890829517716812,34.244523133317784,-46.14828163619043,215.49890910478084,-45.75401854593155,-22.455462705202564,-43.94051009423255,90.94450897183813,-48.356053178148315,113.48590483879285,1.351022676652296,92.53391206457944,2.217444205915058,0.03977196571994247,-0.595214043354366,0.6841200944692923,0.9999996264584867,0.0008643395670075711,-0.9999996264584867,-0.0008643395670075711,0.9999999611517669,C0,0.9835431660369,0.14671516231136456,0.14791420775958977,EXP039_ASSOCIATE
M5_UNEQUAL_WIDTH,C0,O59,3.4166666666666594,204,1,False,0.0515220966853204,-0.998671854791727,0.05152209668532041,-0.9986718547917272,0.998671854791727,0.0515220966853204,26.894523133317783,-41.394513899795186,208.14890910478084,-41.000250809536304,-22.455462705202564,-43.94051009423255,76.24450897183813,-38.84851770535783,98.83123390678169,1.1765623084140677,100.63583125820003,2.9657060282558376,-0.05065888584112511,-0.5440937192999499,0.5876686754976189,0.9999996264584867,0.0008643395670075711,-0.9999996264584867,-0.0008643395670075711,0.9999999611517669,C0,0.9958434390277614,0.05671338217316977,0.06045510483271874,EXP039_ASSOCIATE
M5_UNEQUAL_WIDTH,C0,O60,3.4166666666666594,204,2,False,0.14766091796112335,-0.9890380444183521,0.14766091796112338,-0.9890380444183522,0.9890380444183521,0.14766091796112335,26.89448639879967,-36.572685542733964,208.14887237026272,-36.17842245247508,-22.455462705202564,-43.94051009423255,76.2444355028019,-29.20486099123537,99.79383378123674,1.188021830729009,104.60314188775921,8.424222283371222,-0.14680599808857403,-0.591734015314221,0.5404387870504856,0.9999996264584867,0.0008643395670075711,-0.9999996264584867,-0.0008643395670075711,0.9999999611517669,C0,0.9999851488264319,0.006187754556121368,0.00719092633720958,EXP039_ASSOCIATE
M5_UNEQUAL_WIDTH,C3,O61,3.4166666666666594,204,5,False,-0.9851600413063584,0.17163826208993824,-0.9851600413063584,0.17163826208993824,0.17163826208993824,0.9851600413063584,-15.125422986668958,-1.8679433835309425,166.1289629847941,-1.473680293272059,-22.455462705202564,-43.94051009423255,-7.795383268135355,40.204623327170665,85.41265367383728,1.01681730564092,134.75967083656883,9.84740922634623,0.985011319567049,0.9925659552267319,0.022052289042406713,0.9999996264584867,0.0008643395670075711,-0.9999996264584867,-0.0008643395670075711,0.9999999611517669,C3,0.999991731835426,0.006185049473658623,0.006309155508032952,EXP039_ASSOCIATE
M5_UNEQUAL_WIDTH,C2,O62,3.4166666666666594,204,9,False,0.9836889016600932,0.1798781386126722,0.9836889016600932,0.1798781386126722,-0.1798781386126722,0.9836889016600932,84.1571809558767,-11.238595255123517,265.4115669273398,-10.844332164864634,90.94450897183813,-48.356053178148315,77.36985293991526,25.87886266790128,75.46584669275954,0.898402936818566,65.09571783620886,10.362661807043992,-0.9838440100038948,-0.9910858841582136,1.0107652638546565,0.9999996264584867,0.0008643395670075711,-0.9999996264584867,-0.0008643395670075711,0.9999999611517669,C2,0.9999392013968211,0.017712008922066605,0.018760818275366686,EXP039_ASSOCIATE
M5_UNEQUAL_WIDTH,C2,O63,3.4166666666666594,204,13,False,0.9998488994393281,-0.017383276157387197,0.9998488994393283,-0.0173832761573872,0.017383276157387197,0.9998488994393281,76.8071809558767,-6.484827518728274,258.06156692733975,-6.09056442846939,76.24450897183813,-38.84851770535783,77.36985293991526,25.87886266790128,64.73716219476304,0.7706805023186076,72.91954829960812,0.9960385257606106,-0.9998335009008701,-0.9963816438274191,0.9176244250046652,0.9999996264584867,0.0008643395670075711,-0.9999996264584867,-0.0008643395670075711,0.9999999611517669,C2,0.9781820221685278,0.09216255091521759,0.10195464046291364,EXP039_ASSOCIATE
M5_UNEQUAL_WIDTH,C2,O64,3.4166666666666594,204,16,False,0.9997913517418655,-0.020426771212639246,0.9997913517418655,-0.020426771212639246,0.020426771212639246,0.9997913517418655,76.80714422135858,-1.6629991616670452,258.06153019282164,-1.2687360714081617,76.2444355028019,-29.20486099123537,77.36985293991526,25.87886266790128,55.09521918065023,0.6558954664363122,73.1748545744801,1.170449184757146,-0.9997733226117057,-0.9997466026170766,0.9145850645895227,0.9999996264584867,0.0008643395670075711,-0.9999996264584867,-0.0008643395670075711,0.9999999611517669,C2,0.9775450927405619,0.12771077783987192,0.1377325689711501,EXP039_ASSOCIATE
M5_UNEQUAL_WIDTH,C1,O65,3.4166666666666594,204,20,False,0.165880929563485,0.986145789022675,0.165880929563485,0.986145789022675,-0.986145789022675,0.165880929563485,34.787234835889954,33.04174299753598,216.041620807353,33.43600608779486,77.36985293991526,25.87886266790128,-7.795383268135355,40.204623327170665,86.36170955255416,1.028115589911359,58.014131919138414,9.548413271586327,-0.16673323242436172,-0.7256582152320217,0.5711691484339939,0.9999996264584867,0.0008643395670075711,-0.9999996264584867,-0.0008643395670075711,0.9999999611517669,C1,0.9999263573693367,0.017784265756500085,0.01879781142449348,EXP039_ASSOCIATE
M5_UNEQUAL_WIDTH,C0,O66,3.516666666666659,210,1,False,-0.03912952615812808,-0.9992341468257779,-0.03912952615812808,-0.9992341468257779,0.9992341468257779,-0.03912952615812808,30.362563321808345,-46.039222206264014,215.48672151735286,-45.63745195281554,-26.337436494603477,-43.8188776223344,87.06256313822017,-48.259566790193624,113.48691394610194,1.3510346898345469,94.85024720972382,2.2410241781206963,0.04023849236027184,-0.5496207490635961,0.6565446760747164,0.9999993841270917,0.0011098402756568278,-0.9999993841270917,-0.0011098402756568278,0.999999910147947,C0,0.9835031409388253,0.14555606943657015,0.14723562123360967,EXP039_ASSOCIATE
M5_UNEQUAL_WIDTH,C0,O67,3.516666666666659,210,2,False,0.1466512396636578,-0.9891882600926439,0.14665123966365784,-0.989188260092644,0.9891882600926439,0.1466512396636578,23.012543688362584,-36.50253950634108,208.1367018839071,-36.100769252892604,-26.337436494603477,-43.8188776223344,72.36252387132865,-29.18620139034777,99.77874217460712,1.187842168745323,106.84895647355921,8.388068155470435,-0.1455533083738746,-0.5323629662160171,0.5137028991242952,0.9999993841270917,0.0011098402756568278,-0.9999993841270917,-0.0011098402756568278,0.999999910147947,C0,0.9999901911039124,0.006267285406439334,0.007136437487187891,EXP039_ASSOCIATE
M5_UNEQUAL_WIDTH,C3,O68,3.516666666666659,210,5,False,-0.9857426806044335,0.16825982180777987,-0.9857426806044335,0.16825982180777987,0.16825982180777987,0.9857426806044335,-19.15042620058521,-1.7140975468472561,165.9737319949593,-1.312327293398778,-26.337436494603477,-43.8188776223344,-11.963415906566937,40.390682528639886,85.42752769854606,1.0169943773636436,130.7730149512679,9.686656809686667,0.9855553319852047,0.996116485882085,0.02012989255149255,0.9999993841270917,0.0011098402756568278,-0.9999993841270917,-0.0011098402756568278,0.999999910147947,C3,0.9999997963650179,0.004402037851554016,0.004538172004425635,EXP039_ASSOCIATE
M5_UNEQUAL_WIDTH,C2,O69,3.516666666666659,210,13,False,0.9829942074417758,0.1836365653564544,0.9829942074417758,0.1836365653564544,-0.1836365653564544,0.9829942074417758,80.13394308054552,-11.171128716661055,265.25810127609003,-10.769358463212576,87.06256313822017,-48.259566790193624,73.20532302287089,25.917309356871513,75.46013555879347,0.8983349471284937,69.09114417790647,10.581651563839216,-0.9831974092985902,-0.9902685527505397,0.9632006645487324,0.9999993841270917,0.0011098402756568278,-0.9999993841270917,-0.0011098402756568278,0.999999910147947,C2,0.9999740435528067,0.01648850463222369,0.016829617721442064,EXP039_ASSOCIATE
M5_UNEQUAL_WIDTH,C2,O70,3.516666666666659,210,16,False,0.9998830545157558,-0.015293047186287776,0.9998830545157559,-0.015293047186287777,0.015293047186287776,0.9998830545157558,72.78392344709977,-1.6344460167381278,257.9080816426443,-1.2326757632896497,72.36252387132865,-29.18620139034777,73.20532302287089,25.917309356871513,55.109955607664496,0.656070900091244,77.19772719114526,0.8762612181991898,-0.9998654658751662,-0.9997224240310133,0.8666937239149374,0.9999993841270917,0.0011098402756568278,-0.9999993841270917,-0.0011098402756568278,0.999999910147947,C2,0.9786141868732028,0.1292327163352473,0.1365877517050674,EXP039_ASSOCIATE
M5_UNEQUAL_WIDTH,C1,O71,3.516666666666659,210,20,False,0.1675357269564095,0.9858660051919771,0.1675357269564095,0.9858660051919771,-0.9858660051919771,0.1675357269564095,30.620953558151975,33.1539959427557,215.74511175369648,33.555766196204175,73.20532302287089,25.917309356871513,-11.963415906566937,40.390682528639886,86.3897715114469,1.0284496608505582,60.972464418927004,9.64457180835322,-0.16862977757465705,-0.6793015138515689,0.5372768539306952,0.9999993841270917,0.0011098402756568278,-0.9999993841270917,-0.0011098402756568278,0.999999910147947,C1,0.9999045817063464,0.013979183554307252,0.015608346426844983,EXP039_ASSOCIATE
M5_UNEQUAL_WIDTH,C0,O72,3.6166666666666587,216,0,False,-0.05364379072355738,-0.998560135253159,-0.05364379072355738,-0.998560135253159,0.998560135253159,-0.05364379072355738,26.275460794010552,-46.8632633256553,215.37002786470924,-46.45255813597341,-30.520612212794468,-43.81211342818367,83.07153380081557,-49.914413223126935,113.75593918017937,1.3542373711926114,96.27323488737392,3.0750388272634837,0.055021952437181665,-0.48785284264047657,0.6396043465788819,0.9999990475233751,0.0013802001095623644,-0.9999990475233751,-0.0013802001095623644,0.9999998496362673,C0,0.9807710626714746,0.15227812602385743,0.15368680462563733,EXP039_ASSOCIATE
M5_UNEQUAL_WIDTH,C0,O73,3.6166666666666587,216,1,False,0.0438412828883821,-0.9990385087246141,0.043841282888382106,-0.9990385087246142,0.9990385087246141,0.0438412828883821,18.90796792789723,-41.643015494726065,208.00253499859593,-41.23231030504417,-30.520612212794468,-43.81211342818367,68.33654806858893,-39.47391756126846,98.95230205649005,1.178003595910596,104.2654180006378,2.51272585090355,-0.04246236807138621,-0.4121711274023299,0.5444593095162167,0.9999990475233751,0.0013802001095623644,-0.9999990475233751,-0.0013802001095623644,0.9999998496362673,C0,0.9951136255249176,0.059307151554316775,0.06265563823261995,EXP039_ASSOCIATE
M5_UNEQUAL_WIDTH,C0,O74,3.6166666666666587,216,2,False,0.1468212853136273,-0.9891630351862398,0.14682128531362731,-0.9891630351862399,0.9891630351862398,0.1468212853136273,18.9999047296177,-36.4617923099756,208.0944718003164,-36.05108712029371,-30.520612212794468,-43.81211342818367,68.52042167202987,-29.11147119176753,100.1260968735825,1.191977343733125,108.88481207399941,8.442760046407784,-0.14545590254024587,-0.4608895889523127,0.4894665229285784,0.9999990475233751,0.0013802001095623644,-0.9999990475233751,-0.0013802001095623644,0.9999998496362673,C0,0.9999894149224772,0.006015727644022983,0.006709257414912023,EXP039_ASSOCIATE
M5_UNEQUAL_WIDTH,C3,O75,3.6166666666666587,216,5,False,-0.9853426928735803,0.1705865692270088,-0.9853426928735803,0.1705865692270088,0.1705865692270088,0.9853426928735803,-23.226652978596317,-1.6807225097654275,165.86791409210238,-1.2700173200835336,-30.520612212794468,-43.81211342818367,-15.932693744398165,40.45066840865282,85.51621932781454,1.0180502300930303,126.7126163611502,9.821925171968275,0.985106310756161,0.9974907851130208,0.019625160888529575,0.9999990475233751,0.0013802001095623644,-0.9999990475233751,-0.0013802001095623644,0.9999998496362673,C3,0.9999955028368149,0.003391707053462853,0.0034753648539810876,EXP039_ASSOCIATE
M5_UNEQUAL_WIDTH,C2,O76,3.6166666666666587,216,9,False,0.9836548244640075,0.18006439489438955,0.9836548244640075,0.18006439489438955,-0.18006439489438955,0.9836548244640075,76.13543251595775,-12.023915794009746,265.22999958665645,-11.613210604327852,83.07153380081557,-49.914413223126935,69.1993312310999,25.866581635107444,77.04023095655263,0.9171456066256266,72.92095852040326,10.37351064721014,-0.9839024124533419,-0.9875416601929431,0.917607636661866,0.9999990475233751,0.0013802001095623644,-0.9999990475233751,-0.0013802001095623644,0.9999998496362673,C2,0.9999412714012884,0.026443151565746444,0.02674204370775026,EXP039_ASSOCIATE
M5_UNEQUAL_WIDTH,C2,O77,3.6166666666666587,216,13,False,0.9999128330915228,-0.013203265462928493,0.9999128330915228,-0.013203265462928493,0.013203265462928493,0.9999128330915228,68.76793964984441,-6.803667963080507,257.86250672054314,-6.3929627733986125,68.33654806858893,-39.47391756126846,69.1993312310999,25.866581635107444,65.34619522219417,0.7779308955023115,80.89631398082668,0.0918318224729262,-0.9998936575494839,-0.9950045748304038,0.8226629287996827,0.9999990475233751,0.0013802001095623644,-0.9999990475233751,-0.0013802001095623644,0.9999998496362673,C2,0.979041970108778,0.09286499446532301,0.09958668941659399,EXP039_ASSOCIATE
M5_UNEQUAL_WIDTH,C2,O78,3.6166666666666587,216,16,False,0.999923763056377,-0.012347796369179683,0.999923763056377,-0.012347796369179683,0.012347796369179683,0.999923763056377,68.85987645156489,-1.6224447783300437,257.9544435222636,-1.21173958864815,68.52042167202987,-29.11147119176753,69.1993312310999,25.866581635107444,54.98224450514958,0.6545505298232093,81.12101255111607,0.04281305195895868,-0.9999057682224644,-0.9996890795873202,0.819987945820047,0.9999990475233751,0.0013802001095623644,-0.9999990475233751,-0.0013802001095623644,0.9999998496362673,C2,0.9792158496374678,0.12905782833340798,0.1365885462411188,EXP039_ASSOCIATE
M5_UNEQUAL_WIDTH,C1,O79,3.6166666666666587,216,20,False,0.1688516264537483,0.9856414805820237,0.1688516264537483,0.9856414805820237,-0.9856414805820237,0.1688516264537483,26.63331874335087,33.15862502188013,215.72788581404956,33.56933021156202,69.1993312310999,25.866581635107444,-15.932693744398165,40.45066840865282,86.37220191385147,1.0282404989744223,66.11312308453176,9.721056911056309,-0.17021184810600953,-0.6272950497162325,0.5063133279204133,0.9999990475233751,0.0013802001095623644,-0.9999990475233751,-0.0013802001095623644,0.9999998496362673,C1,0.9998852502109519,0.013731515836976908,0.01571839702908156,EXP039_ASSOCIATE
M5_UNEQUAL_WIDTH,C0,O80,3.7166666666666583,222,1,False,-0.04745036380108763,-0.998873597095821,-0.04745036380108763,-0.998873597095821,0.998873597095821,-0.04745036380108763,22.265544033497495,-46.64966904213439,215.44948659211235,-46.230355398639794,-34.434439128313834,-43.9562002825578,78.96552719530882,-49.34313780171099,113.52784441727947,1.351521957348565,98.30912969538733,2.7033632312872555,0.049051954779273085,-0.4292965951044345,0.6153675036263413,0.9999987144602064,0.0016034581173965026,-0.9999987144602064,-0.0016034581173965026,0.9999998532993596,C0,0.9819624655803645,0.15076140541236313,0.15197052877858666,EXP039_ASSOCIATE
M5_UNEQUAL_WIDTH,C0,O81,3.7166666666666583,222,2,False,0.05404024636514347,-0.9985387582727046,0.05404024636514347,-0.9985387582727046,0.9985387582727046,0.05404024636514347,14.9155440334975,-41.28541236763179,208.09948659211236,-40.866098724137196,-34.434439128313834,-43.9562002825578,64.26552719530883,-38.614624452705776,98.84440188817123,1.1767190700972765,106.10286195911394,3.114150656492555,-0.05243906181676892,-0.33827547972604516,0.5225849766772152,0.9999987144602064,0.0016034581173965026,-0.9999987144602064,-0.0016034581173965026,0.9999998532993596,C0,0.9960699497344866,0.055063836821454194,0.05860875525615466,EXP039_ASSOCIATE
M5_UNEQUAL_WIDTH,C0,O82,3.7166666666666583,222,3,False,0.14367465997545156,-0.9896249754735065,0.1436746599754516,-0.9896249754735066,0.9896249754735065,0.14367465997545156,15.200657091250061,-36.75013157073842,208.38459964986492,-36.33081792724382,-34.434439128313834,-43.9562002825578,64.83575331081396,-29.544062858919027,100.31092070168289,1.1941776274009868,110.23026092023792,8.26053921360267,-0.14208765307585752,-0.3807344630310452,0.4734492747590724,0.9999987144602064,0.0016034581173965026,-0.9999987144602064,-0.0016034581173965026,0.9999998532993596,C0,0.9999989907288683,0.008945033559869066,0.008981469771860666,EXP039_ASSOCIATE
M5_UNEQUAL_WIDTH,C3,O83,3.7166666666666583,222,6,False,-0.9851288025325935,0.17181746832233966,-0.9851288025325936,0.17181746832233968,0.17181746832233966,0.9851288025325935,-27.084441772015833,-1.8144194442811568,166.09950078659904,-1.3951058007865567,-34.434439128313834,-43.9562002825578,-19.73444441571783,40.32736139399549,85.55588006347497,1.0185223817080353,122.85485118807594,9.893507343199872,0.9848520339960241,0.9978695083659218,0.021116588710048324,0.9999987144602064,0.0016034581173965026,-0.9999987144602064,-0.0016034581173965026,0.9999998532993596,C3,0.9999909755625331,0.005772868248558533,0.006054793163338272,EXP039_ASSOCIATE
M5_UNEQUAL_WIDTH,C2,O84,3.7166666666666583,222,16,False,0.9838779913120771,0.17884098582738905,0.9838779913120771,0.17884098582738905,-0.17884098582738905,0.9838779913120771,72.1431601016832,-11.810483857672981,265.32710266029807,-11.39117021417838,78.96552719530882,-49.34313780171099,65.32079300805756,25.722170086365026,76.29534205554353,0.9082778816136134,76.89649065599212,10.302257790270446,-0.9841634905282154,-0.9866028373982557,0.8702798731429512,0.9999987144602064,0.0016034581173965026,-0.9999987144602064,-0.0016034581173965026,0.9999998532993596,C2,0.9999270205672031,0.023933783818092295,0.024618902708468143,EXP039_ASSOCIATE
M5_UNEQUAL_WIDTH,C2,O85,3.7166666666666583,222,20,False,0.9998655108389488,-0.016400007157554686,0.9998655108389489,-0.01640000715755469,0.016400007157554686,0.9998655108389488,64.7931601016832,-6.446227183170375,257.97710266029804,-6.026913539675775,64.26552719530883,-38.614624452705776,65.32079300805756,25.722170086365026,64.34544830443073,0.7660172417194134,84.88696412499723,0.9396933206787139,-0.9998379287474441,-0.9949273548933775,0.775155188988128,0.9999987144602064,0.0016034581173965026,-0.9999987144602064,-0.0016034581173965026,0.9999998532993596,C2,0.9783858521203569,0.09339578790418782,0.10304937408279256,EXP039_ASSOCIATE
M5_UNEQUAL_WIDTH,C2,O86,3.7166666666666583,222,23,False,0.9999614894467144,-0.008776082469320691,0.9999614894467145,-0.008776082469320693,0.008776082469320691,0.9999614894467144,65.07827315943575,-1.9109463862770006,258.2622157180506,-1.4916327427824005,64.83575331081396,-29.544062858919027,65.32079300805756,25.722170086365026,55.26836136045923,0.6579566828626099,84.89367654747073,0.5028389410360035,-0.9999461318757532,-0.9995208134226611,0.7750752791967767,0.9999987144602064,0.0016034581173965026,-0.9999987144602064,-0.0016034581173965026,0.9999998532993596,C2,0.9799340604462284,0.12414109418515817,0.13443471770488033,EXP039_ASSOCIATE
M5_UNEQUAL_WIDTH,C1,O87,3.7166666666666583,222,27,False,0.16923727200516386,0.9855753374370984,0.16923727200516386,0.9855753374370984,-0.9855753374370984,0.16923727200516386,22.793174296169866,33.02476574018026,215.97711685478473,33.444079383674854,65.32079300805756,25.722170086365026,-19.73444441571783,40.32736139399549,86.30008705874685,1.0273819887946054,71.91667925477662,9.743475411142384,-0.17081738321903545,-0.5693469546345475,0.4777005738426804,0.9999987144602064,0.0016034581173965026,-0.9999987144602064,-0.0016034581173965026,0.9999998532993596,C1,0.9998792462961459,0.017031996232476917,0.018761559979836955,EXP039_ASSOCIATE
M5_UNEQUAL_WIDTH,C0,O88,3.816666666666658,228,0,False,-0.05559600149432382,-0.9984533462399949,-0.05559600149432382,-0.9984533462399949,0.9984533462399949,-0.05559600149432382,17.884981995075066,-47.28456178669698,215.22966474655385,-46.85815843862862,-39.03080153821034,-44.11537015818142,74.80076552836047,-50.45375341521255,114.00789781038952,1.3572368786951134,99.44604501797981,3.1870595054323587,0.05734050755960643,-0.3521452416002984,0.6018327974050022,0.9999984734817368,0.0017472933914880334,-0.9999984734817368,-0.0017472933914880334,0.9999999106087187,C0,0.9803876218040597,0.15517209683824051,0.15524160847976565,EXP039_ASSOCIATE
M5_UNEQUAL_WIDTH,C0,O89,3.816666666666658,228,1,False,0.051232904167473975,-0.9986867324294273,0.051232904167473975,-0.9986867324294273,0.9986867324294273,0.051232904167473975,10.534981995075082,-41.57263182464096,207.87966474655386,-41.146228476572595,-39.03080153821034,-44.11537015818142,60.100765528360505,-39.029893491100495,99.26192453305275,1.1816895777744374,107.1132938725331,2.936714857711195,-0.049487827231769366,-0.24395266676071636,0.5105560253269867,0.9999984734817368,0.0017472933914880334,-0.9999984734817368,-0.0017472933914880334,0.9999999106087187,C0,0.9958170223454854,0.058194024546150025,0.05901857069581482,EXP039_ASSOCIATE
M5_UNEQUAL_WIDTH,C0,O90,3.816666666666658,228,2,False,0.14843042188392322,-0.9889228533406237,0.14843042188392322,-0.9889228533406237,0.9889228533406237,0.14843042188392322,10.534956077620194,-36.675895694565256,207.87963882909898,-36.24949234649689,-39.03080153821034,-44.11537015818142,60.10071369345073,-29.236421230949084,100.2419095653322,1.1933560662539546,111.84103480758398,8.497247151836902,-0.14670225693583983,-0.27440095382157725,0.45427339514780973,0.9999984734817368,0.0017472933914880334,-0.9999984734817368,-0.0017472933914880334,0.9999999106087187,C0,0.9999806056305276,0.0029032936919762345,0.004716086435349968,EXP039_ASSOCIATE
M5_UNEQUAL_WIDTH,C3,O91,3.816666666666658,228,5,False,-0.9845325595311949,0.1752017101028244,-0.9845325595311949,0.1752017101028244,0.1752017101028244,0.9845325595311949,-31.531106560249988,-1.9714099878090678,165.8135761912288,-1.5450066397407087,-39.03080153821034,-44.11537015818142,-24.031411582289635,40.172550182563285,85.61212072141129,1.0191919133501344,118.40732461069697,10.063885766016199,0.9842249278340219,0.9981586766710125,0.02289830724121357,0.9999984734817368,0.0017472933914880334,-0.9999984734817368,-0.0017472933914880334,0.9999999106087187,C3,0.9999704723332109,0.0029279763493383093,0.005279155136835145,EXP039_ASSOCIATE
M5_UNEQUAL_WIDTH,C2,O92,3.816666666666658,228,9,False,0.9817794801154789,0.19002382067567172,0.981779480115479,0.19002382067567175,-0.19002382067567172,0.9817794801154789,67.4507644597295,-12.479144745886941,264.7954472112083,-12.052741397818583,74.80076552836047,-50.45375341521255,60.10076339109851,25.49546392343867,77.35873368398158,0.9209373057616855,81.40455787888888,10.954174349127797,-0.982110008777264,-0.9829932526523898,0.8166124062037038,0.9999984734817368,0.0017472933914880334,-0.9999984734817368,-0.0017472933914880334,0.9999999106087187,C2,0.9999997526657342,0.031756636585877726,0.03255577577737888,EXP039_ASSOCIATE
M5_UNEQUAL_WIDTH,C2,O93,3.816666666666658,228,13,False,0.9999999999999993,3.312282302165369e-08,0.9999999999999994,3.3122823021653694e-08,-3.312282302165369e-08,0.9999999999999993,60.100764459729504,-6.767214783830912,257.44544721120826,-6.340811435762553,60.100765528360505,-39.029893491100495,60.10076339109851,25.49546392343867,64.52535741453922,0.7681590168397525,89.5194487080815,1.8977979721057636e-06,-0.9999984735396114,-0.9935234901401025,0.7200065629990294,0.9999984734817368,0.0017472933914880334,-0.9999984734817368,-0.0017472933914880334,0.9999999106087187,C2,0.9816455947748424,0.09769507571122864,0.10336192739569114,EXP039_ASSOCIATE
M5_UNEQUAL_WIDTH,C2,O94,3.816666666666658,228,16,False,0.9999999999995878,-9.08020026018595e-07,0.9999999999995878,-9.08020026018595e-07,9.08020026018595e-07,0.9999999999995878,60.10073854227462,-1.8704786537552067,257.4454212937534,-1.4440753056868476,60.10071369345073,-29.236421230949084,60.10076339109851,25.49546392343867,54.731885154410314,0.6515700613620276,89.87016161903469,5.2025715149284224e-05,-0.9999984718947471,-0.9994601705337927,0.7158314092972058,0.9999984734817368,0.0017472933914880334,-0.9999984734817368,-0.0017472933914880334,0.9999999106087187,C2,0.9816454152850523,0.13109726124130136,0.139453944172698,EXP039_ASSOCIATE
M5_UNEQUAL_WIDTH,C1,O95,3.816666666666658,228,20,False,0.17185718467132988,0.9851218747326874,0.17185718467132988,0.9851218747326874,-0.9851218747326874,0.17185718467132988,18.034675904404438,32.834007053000974,215.3793586558832,33.260410401069336,60.10076339109851,25.49546392343867,-24.031411582289635,40.172550182563285,85.40280865879402,1.016700103080881,86.50683223430917,9.888065659235508,-0.17357821926972952,-0.48295696950906863,0.44596349650128647,0.9999984734817368,0.0017472933914880334,-0.9999984734817368,-0.0017472933914880334,0.9999999106087187,C1,0.999834393084548,0.012080273495339865,0.016188521969565627,EXP039_ASSOCIATE
M5_UNEQUAL_WIDTH,C0,O96,3.9166666666666576,234,0,False,-0.06409410318445541,-0.9979438591108121,-0.06409410318445541,-0.9979438591108121,0.9979438591108121,-0.06409410318445541,13.967285474617498,-47.701126248517824,215.45725181759406,-47.26959837481652,-42.73265617521069,-44.05950665491186,70.66722712444569,-51.3427458421238,113.63352984675706,1.3527801172232983,100.29605137510202,3.639938174797294,0.06587355576133636,-0.27929776204411383,0.5917136741059282,0.9999984100601038,0.0017832210363399874,-0.9999984100601038,-0.0017832210363399874,0.9999999297350323,C0,0.9786743049318868,0.16073289082918135,0.16178752231224203,EXP039_ASSOCIATE
M5_UNEQUAL_WIDTH,C0,O97,3.9166666666666576,234,1,False,0.049289945726391435,-0.9987845119195078,0.049289945726391435,-0.9987845119195078,0.9987845119195078,0.049289945726391435,6.6172854746175105,-41.624090490071836,208.10725181759406,-41.19256261637053,-42.73265617521069,-44.05950665491186,55.967227124445714,-39.18867432523182,98.81999782913198,1.1764285455849044,107.8531925743091,2.8601530796085797,-0.047508813805914804,-0.15524426165106286,0.501747707448701,0.9999984100601038,0.0017832210363399874,-0.9999984100601038,-0.0017832210363399874,0.9999999297350323,C0,0.995637385446648,0.05894077585573824,0.062123145086886496,EXP039_ASSOCIATE
M5_UNEQUAL_WIDTH,C0,O98,3.9166666666666576,234,2,False,0.14559891592079552,-0.9893436994708609,0.14559891592079552,-0.9893436994708609,0.9893436994708609,0.14559891592079552,6.919260283133738,-36.75237444838814,208.4092266261103,-36.32084657468683,-42.73265617521069,-44.05950665491186,56.57117674147817,-29.445242241864413,100.37344248495278,1.194921934344676,112.6019627458835,8.37196261410466,-0.14383446593020338,-0.1832639405138714,0.44521472921567257,0.9999984100601038,0.0017832210363399874,-0.9999984100601038,-0.0017832210363399874,0.9999999297350323,C0,0.9999943368467245,0.009227622135036003,0.009447584073778267,EXP039_ASSOCIATE
M5_UNEQUAL_WIDTH,C3,O99,3.9166666666666576,234,5,False,-0.9852103155528489,0.17134945032959992,-0.9852103155528489,0.17134945032959992,0.17134945032959992,0.9852103155528489,-35.4081770819776,-1.945847434974084,166.08178926099896,-1.5143195612727762,-42.73265617521069,-44.05950665491186,-28.083697988744497,40.16781178496369,85.49171391147235,1.0177584989460993,114.5383964475818,9.857774579049305,0.9849031951832691,0.998589660753482,0.02253562530607438,0.9999984100601038,0.0017832210363399874,-0.9999984100601038,-0.0017832210363399874,0.9999999297350323,C3,0.9999928809740486,0.005724557213004121,0.006037894903355257,EXP039_ASSOCIATE
M5_UNEQUAL_WIDTH,C2,O100,3.9166666666666576,234,9,False,0.9837350646389477,0.17962550654014933,0.9837350646389478,0.17962550654014936,-0.17962550654014933,0.9837350646389477,63.62583431184932,-12.779931757034825,265.1158006548259,-12.348403883333518,70.66722712444569,-51.3427458421238,56.58444149925295,25.782882328054146,78.40081231473104,0.9333430037467981,85.10336335684745,10.34794738687468,-0.9840538125412467,-0.980065331539115,0.7725790076565782,0.9999984100601038,0.0017832210363399874,-0.9999984100601038,-0.0017832210363399874,0.9999999297350323,C2,0.9999363365361797,0.035124823638495326,0.03513553548983094,EXP039_ASSOCIATE
M5_UNEQUAL_WIDTH,C2,O101,3.9166666666666576,234,13,False,0.9999548803075493,-0.009499334140599676,0.9999548803075493,-0.009499334140599676,0.009499334140599676,0.9999548803075493,56.27583431184933,-6.702895998588838,257.76580065482585,-6.27136812488753,55.967227124445714,-39.18867432523182,56.58444149925295,25.782882328054146,64.97448828221441,0.7735058128835048,93.32638760178935,0.5442799403799654,-0.99993635102692,-0.9927687632857243,0.6746858618834599,0.9999984100601038,0.0017832210363399874,-0.9999984100601038,-0.0017832210363399874,0.9999999297350323,C2,0.9797896381882606,0.09448930961320993,0.10022391973149712,EXP039_ASSOCIATE
M5_UNEQUAL_WIDTH,C2,O102,3.9166666666666576,234,16,False,0.9999999711564944,-0.00024018120288300386,0.9999999711564945,-0.0002401812028830039,0.00024018120288300386,0.9999999711564944,56.57780912036556,-1.8311799569051335,258.0677754633421,-1.3996520832038257,56.57117674147817,-29.445242241864413,56.58444149925295,25.782882328054146,55.22812616289133,0.6574776924153729,93.39256493273086,0.01376136937582828,-0.9999979529204706,-0.9994173680400672,0.6738980365151088,0.9999984100601038,0.0017832210363399874,-0.9999984100601038,-0.0017832210363399874,0.9999999297350323,C2,0.9815997541572696,0.12648483162036772,0.13346641273249546,EXP039_ASSOCIATE
M5_UNEQUAL_WIDTH,C1,O103,3.9166666666666576,234,20,False,0.16749755373701308,0.9858724914978186,0.16749755373701308,0.9858724914978186,-0.9858724914978186,0.16749755373701308,14.250371755254225,32.975347056508916,215.74033809823078,33.40687493021022,56.58444149925295,25.782882328054146,-28.083697988744497,40.16781178496369,85.88143012222874,1.0223979776455803,107.31439871978203,9.642353294726547,-0.16925531599195773,-0.3983307733295257,0.42765222334256736,0.9999984100601038,0.0017832210363399874,-0.9999984100601038,-0.0017832210363399874,0.9999999297350323,C1,0.9999051158411807,0.014628971054352664,0.016449206432237212,EXP039_ASSOCIATE
M5_UNEQUAL_WIDTH,C0,O104,4.016666666666658,240,0,False,-0.07235649318506635,-0.9973788336905689,-0.07235649318506635,-0.9973788336905689,0.9973788336905689,-0.07235649318506635,9.879044049380756,-47.9534394037818,215.41075715489086,-47.51877422374486,-46.890917275196834,-43.83496888792096,66.64900537395835,-52.071909919642636,113.83831179675937,1.3552179975804688,101.03952755557012,4.149347690572341,0.07401476509422325,-0.20014710379602335,0.5828627671955939,0.9999986176631479,0.0016627302226451931,-0.9999986176631479,-0.0016627302226451931,0.999999854003265,C0,0.9769395490472998,0.1628447129639324,0.1645638062175504,EXP039_ASSOCIATE
M5_UNEQUAL_WIDTH,C0,O105,4.016666666666658,240,1,False,0.047382870701201084,-0.9988768009940532,0.047382870701201084,-0.9988768009940532,0.9988768009940532,0.047382870701201084,2.529044049380765,-41.49067614313955,208.06075715489087,-41.056010963102615,-46.890917275196834,-43.83496888792096,51.949005373958364,-39.14638339835815,98.95106438631129,1.177988861741801,108.43231699242068,2.7158554039156684,-0.045721942556400795,-0.0591818589397979,0.49485336913784894,0.9999986176631479,0.0016627302226451931,-0.9999986176631479,-0.0016627302226451931,0.999999854003265,C0,0.9954574190600268,0.057271244110772175,0.06096667113602997,EXP039_ASSOCIATE
M5_UNEQUAL_WIDTH,C0,O106,4.016666666666658,240,2,False,0.14247176790431343,-0.9897988661087764,0.14247176790431343,-0.9897988661087764,0.9897988661087764,0.14247176790431343,2.6820341787231534,-36.69943228982335,208.21374728423325,-36.26476710978641,-46.890917275196834,-43.83496888792096,52.25498563264314,-29.563895691725747,100.16772730566463,1.192472944115055,113.20269523822202,8.190902151590905,-0.14082580247131926,-0.07122829329469665,0.43806315192592826,0.9999986176631479,0.0016627302226451931,-0.9999986176631479,-0.0016627302226451931,0.999999854003265,C0,0.9999999789140002,0.006875641606841676,0.006875652733552936,EXP039_ASSOCIATE
M5_UNEQUAL_WIDTH,C3,O107,4.016666666666658,240,6,False,-0.9853697185233347,0.17043038994628945,-0.9853697185233347,0.17043038994628945,0.17043038994628945,0.9853697185233347,-39.58944734126263,-1.6203886368594773,165.94226576424748,-1.1857234568225432,-46.890917275196834,-43.83496888792096,-32.28797740732843,40.594191614202,85.68272285518137,1.0200324149426354,110.37740543425923,9.812843772204303,0.985084976650239,0.9992300433223624,0.01862239478097781,0.9999986176631479,0.0016627302226451931,-0.9999986176631479,-0.0016627302226451931,0.999999854003265,C3,0.9999959656262358,0.004663510630589855,0.004866038247894544,EXP039_ASSOCIATE
M5_UNEQUAL_WIDTH,C2,O108,4.016666666666658,240,10,False,0.9828191496297906,0.18457117630056802,0.9828191496297906,0.18457117630056802,-0.18457117630056802,0.9828191496297906,59.368383362098335,-13.303479886885835,264.9000964676084,-12.868814706848902,66.64900537395835,-52.071909919642636,52.087761350238324,25.464950145870965,78.89229681240975,0.9391940096715446,68.67647542130348,10.621849625345789,-0.9831246831157252,-0.975435971330409,0.7242937290313192,0.9999986176631479,0.0016627302226451931,-0.9999986176631479,-0.0016627302226451931,0.999999854003265,C2,0.9999804424822938,0.04135846873866117,0.04178778427404005,EXP039_ASSOCIATE
M5_UNEQUAL_WIDTH,C2,O109,4.016666666666658,240,15,False,0.9999976940255686,-0.002147543607302924,0.9999976940255686,-0.002147543607302924,0.002147543607302924,0.9999976940255686,52.01838336209835,-6.840716626243591,257.55009646760845,-6.406051446206657,51.949005373958364,-39.14638339835815,52.087761350238324,25.464950145870965,64.61148253665581,0.7691843159125692,97.53374787954837,0.12304527959847178,-0.9999927409062439,-0.9912455166321751,0.6245982395291861,0.9999986176631479,0.0016627302226451931,-0.9999986176631479,-0.0016627302226451931,0.999999854003265,C2,0.9812337575637561,0.096249919169009,0.10254227640256622,EXP039_ASSOCIATE
M5_UNEQUAL_WIDTH,C2,O110,4.016666666666658,240,19,False,0.9999953827342629,0.003038833683326449,0.999995382734263,0.0030388336833264496,-0.003038833683326449,0.9999953827342629,52.17137349144073,-2.049472772927391,257.7030865969508,-1.614807592890457,52.25498563264314,-29.563895691725747,52.087761350238324,25.464950145870965,55.02909992157432,0.6551083323996943,97.78838682217935,0.15983016273273165,-0.9999990531644002,-0.999162647494471,0.6215668235454836,0.9999986176631479,0.0016627302226451931,-0.9999986176631479,-0.0016627302226451931,0.999999854003265,C2,0.9822206049337158,0.1275103855306408,0.1363348351906367,EXP039_ASSOCIATE
M5_UNEQUAL_WIDTH,C1,O111,4.016666666666658,240,26,False,0.17649315834591492,0.9843018668361264,0.17649315834591495,0.9843018668361265,-0.9843018668361264,0.17649315834591492,9.899891971454949,33.02957088003649,215.43160507696507,33.464236060073425,52.087761350238324,25.464950145870965,-32.28797740732843,40.594191614202,85.72140478487401,1.020492914105643,115.51869472357764,10.165562415252623,-0.1781295428351125,-0.2887012969030374,0.41049172948121865,0.9999986176631479,0.0016627302226451931,-0.9999986176631479,-0.0016627302226451931,0.999999854003265,C1,0.9997376353150416,0.011085277401297947,0.0165094715374887,EXP039_ASSOCIATE
M5_UNEQUAL_WIDTH,C0,O112,4.116666666666657,246,0,False,-0.07698407422156303,-0.9970323226035597,-0.07698407422156305,-0.9970323226035598,0.9970323226035597,-0.07698407422156303,6.084529767081101,-48.30447764900117,215.50622514983237,-47.868277592028456,-50.615458874999305,-43.926489057231805,62.78451840916151,-52.68246624077054,113.73751353219764,1.354018018240448,101.31382061170387,4.397372112784737,0.07837553150904492,-0.12358962244599167,0.5795973736701919,0.9999990260463214,0.0013956741771123811,-0.9999990260463214,-0.0013956741771123811,0.9999997758392482,C0,0.9759382036154511,0.1669201769576002,0.16869548192233316,EXP039_ASSOCIATE
M5_UNEQUAL_WIDTH,C0,O113,4.116666666666657,246,1,False,0.0505203066093415,-0.9987230339889525,0.0505203066093415,-0.9987230339889525,0.9987230339889525,0.0505203066093415,-1.2957823422237382,-41.43165806253891,208.12591304052754,-40.99545800556619,-50.615458874999305,-43.926489057231805,48.02389419055183,-38.93682706784601,98.76547321791544,1.175779443070422,108.54808398047729,2.913692035238938,-0.04912636545627732,0.03265485182463178,0.4932295847623851,0.9999990260463214,0.0013956741771123811,-0.9999990260463214,-0.0013956741771123811,0.9999997758392482,C0,0.9957515744624716,0.05662781770728685,0.060720432301128856,EXP039_ASSOCIATE
M5_UNEQUAL_WIDTH,C0,O114,4.116666666666657,246,2,False,0.1478205313995836,-0.9890142013625207,0.1478205313995836,-0.9890142013625207,0.9890142013625207,0.1478205313995836,-1.1285295847459373,-36.530049071899874,208.29316579800533,-36.09384901492716,-50.615458874999305,-43.926489057231805,48.35839970550743,-29.133609086567947,100.07324307796074,1.191348131880485,113.45252314838876,8.500644221286478,-0.14644004584759415,0.03227343262512239,0.4348777325259665,0.9999990260463214,0.0013956741771123811,-0.9999990260463214,-0.0013956741771123811,0.9999997758392482,C0,0.999984256264428,0.008079138040350336,0.008811265584390424,EXP039_ASSOCIATE
M5_UNEQUAL_WIDTH,C3,O115,4.116666666666657,246,5,False,-0.9853280208449635,0.17067129617409987,-0.9853280208449635,0.17067129617409987,0.17067129617409987,0.9853280208449635,-43.33272271901612,-1.8814342426780257,166.08897266373515,-1.4452341857053121,-50.615458874999305,-43.926489057231805,-36.04998656303293,40.163620571875754,85.3422493323558,1.0159791587185214,106.62645215050242,9.806662209314027,0.9850888596602685,0.9991183228660375,0.021713251353792325,0.9999990260463214,0.0013956741771123811,-0.9999990260463214,-0.0013956741771123811,0.9999997758392482,C3,0.9999952412576953,0.0056723235382169016,0.005718396580442352,EXP039_ASSOCIATE
M5_UNEQUAL_WIDTH,C2,O116,4.116666666666657,246,9,False,0.9827885742389161,0.18473391227773686,0.9827885742389161,0.18473391227773686,-0.18473391227773686,0.9827885742389161,55.434513182140385,-13.580272882506417,264.85620856489163,-13.144072825533703,62.78451840916151,-52.68246624077054,48.084507955119264,25.521920475757703,79.57396816206446,0.9473091447864816,63.363251217667006,10.645619303618375,-0.9830454453993719,-0.9709461621634689,0.6794490005481192,0.9999990260463214,0.0013956741771123811,-0.9999990260463214,-0.0013956741771123811,0.9999997758392482,C2,0.9999814643603235,0.04465756129823049,0.045397686744432314,EXP039_ASSOCIATE
M5_UNEQUAL_WIDTH,C2,O117,4.116666666666657,246,13,False,0.9999995578715045,-0.0009403492943662907,0.9999995578715045,-0.0009403492943662907,0.0009403492943662907,0.9999995578715045,48.054201072835546,-6.707453296044154,257.4758964555868,-6.27125323907144,48.02389419055183,-38.93682706784601,48.084507955119264,25.521920475757703,64.45877604266539,0.7673663814603022,101.47994053520624,0.053878053775633816,-0.999997271497029,-0.9902047396659014,0.5776197555332588,0.9999990260463214,0.0013956741771123811,-0.9999990260463214,-0.0013956741771123811,0.9999997758392482,C2,0.981465816400645,0.09767139652063139,0.10325872700258909,EXP039_ASSOCIATE
M5_UNEQUAL_WIDTH,C2,O118,4.116666666666657,246,16,False,0.9999874439939976,0.005011172951665944,0.9999874439939976,0.005011172951665944,-0.005011172951665944,0.9999874439939976,48.22145383031335,-1.805844305405122,257.6431492130646,-1.3696442484324085,48.35839970550743,-29.133609086567947,48.084507955119264,25.521920475757703,54.65621582609963,0.6506692360249956,101.74474450213317,0.28712026223617215,-0.9999934640172338,-0.9992463203664446,0.5744673273555572,0.9999990260463214,0.0013956741771123811,-0.9999990260463214,-0.0013956741771123811,0.9999997758392482,C2,0.9825889651785131,0.13013000603645852,0.13829657772232656,EXP039_ASSOCIATE
M5_UNEQUAL_WIDTH,C1,O119,4.116666666666657,246,20,False,0.1714504471340113,0.9851927446837737,0.17145044713401134,0.9851927446837738,-0.9851927446837737,0.1714504471340113,6.0172606960431665,32.842770523816725,215.43895607879443,33.27897058078944,48.084507955119264,25.521920475757703,-36.04998656303293,40.163620571875754,85.39901960520183,1.0166549953000217,116.61055553076346,9.858872436941482,-0.17282528822245125,-0.18158710750102908,0.3974933865385302,0.9999990260463214,0.0013956741771123811,-0.9999990260463214,-0.0013956741771123811,0.9999997758392482,C1,0.9998418214148657,0.012461269718273502,0.016371597428975808,EXP039_ASSOCIATE
M5_UNEQUAL_WIDTH,C0,O120,4.216666666666657,252,0,False,-0.08109737157288319,-0.996706183548577,-0.08109737157288319,-0.996706183548577,0.996706183548577,-0.08109737157288319,2.34444871311479,-48.55043109046153,215.52215710650117,-48.113633316657925,-54.355535893101305,-43.93701562692342,59.044433319330885,-53.16384655399965,113.77472226438269,1.3544609793378892,101.39299640136126,4.629388052203623,0.08214422937861336,-0.04718356842431479,0.5786548047456993,0.9999994483694281,0.0010503622419521378,-0.9999994483694281,-0.0010503622419521378,0.9999997830861926,C0,0.9750301893626862,0.16945051169990885,0.1712589750334255,EXP039_ASSOCIATE
M5_UNEQUAL_WIDTH,C0,O121,4.216666666666657,252,1,False,0.054518488485192494,-0.9985127612671206,0.0545184884851925,-0.9985127612671207,0.9985127612671206,0.054518488485192494,-5.005551286885222,-41.242521703696866,208.17215710650117,-40.80572392989326,-54.355535893101305,-43.93701562692342,44.34443331933086,-38.54802778047032,98.84697826713914,1.176749741275466,108.45483012231693,3.147486182738149,-0.05346965830858516,0.12152719866341602,0.49097103461678676,0.9999994483694281,0.0010503622419521378,-0.9999994483694281,-0.0010503622419521378,0.9999997830861926,C0,0.9961122559575707,0.054443348904477856,0.05851382556940073,EXP039_ASSOCIATE
M5_UNEQUAL_WIDTH,C0,O122,4.216666666666657,252,2,False,0.1441246868172089,-0.9895595356772838,0.1441246868172089,-0.9895595356772838,0.9895595356772838,0.1441246868172089,-4.874946748356777,-36.73040080800162,208.3027616450296,-36.293603034198014,-54.355535893101305,-43.93701562692342,44.60564239638775,-29.523785989079812,100.0052798458024,1.190539045783362,112.94750414188323,8.286595034179939,-0.1430852113411864,0.1326098059397325,0.43725579167874595,0.9999994483694281,0.0010503622419521378,-0.9999994483694281,-0.0010503622419521378,0.9999997830861926,C0,0.999998241223954,0.00794315339218824,0.007980424440775957,EXP039_ASSOCIATE
M5_UNEQUAL_WIDTH,C3,O123,4.216666666666657,252,5,False,-0.9857157648443733,0.16841743062186937,-0.9857157648443733,0.16841743062186937,0.16841743062186937,0.9857157648443733,-47.13244110928797,-1.6615909687976398,166.04526728409843,-1.2247931949940387,-54.355535893101305,-43.93701562692342,-39.90934632547464,40.61383368932814,85.7760952312664,1.0211439908484095,102.83827940513527,9.695817864907497,0.9855383217834104,0.9994156232531514,0.019088524504613735,0.9999994483694281,0.0010503622419521378,-0.9999994483694281,-0.0010503622419521378,0.9999997830861926,C3,0.9999996815440293,0.005536847030191271,0.006224918564416497,EXP039_ASSOCIATE
M5_UNEQUAL_WIDTH,C2,O124,4.216666666666657,252,9,False,0.9830010381647647,0.18359999718680525,0.9830010381647647,0.18359999718680525,-0.18359999718680525,0.9830010381647647,51.69442495809466,-13.811635441143734,264.872133351481,-13.374837667340133,59.044433319330885,-53.16384655399965,44.34441659685843,25.54057567171218,80.06545178492463,0.9531601402967218,59.06852821120889,10.579520122484183,-0.9831933424160074,-0.9658400795583135,0.6369965271350205,0.9999994483694281,0.0010503622419521378,-0.9999994483694281,-0.0010503622419521378,0.9999997830861926,C2,0.9999737748295512,0.04739153450866042,0.04811425468463083,EXP039_ASSOCIATE
M5_UNEQUAL_WIDTH,C2,O125,4.216666666666657,252,13,False,0.999999999999966,2.609273962922606e-07,0.999999999999966,2.609273962922606e-07,-2.609273962922606e-07,0.999999999999966,44.34442495809465,-6.5037260543790705,257.52213335148105,-6.066928280575469,44.34443331933086,-38.54802778047032,44.34441659685843,25.54057567171218,64.08860345218467,0.7629595649069604,105.18118165932421,1.495003857598931e-05,-0.9999994486434625,-0.9892623426850948,0.5335573611985215,0.9999994483694281,0.0010503622419521378,-0.9999994483694281,-0.0010503622419521378,0.9999997830861926,C2,0.9816456382203961,0.09812046301937917,0.1037461594002997,EXP039_ASSOCIATE
M5_UNEQUAL_WIDTH,C2,O126,4.216666666666657,252,16,False,0.9999887473816313,0.004743955113186964,0.9999887473816313,0.004743955113186964,-0.004743955113186964,0.9999887473816313,44.475029496623094,-1.9916051586838162,257.65273789000946,-1.554807384880215,44.60564239638775,-29.523785989079812,44.34441659685843,25.54057567171218,55.06498128601188,0.6555354915001415,105.48040049783029,0.27180962570920997,-0.9999931786285952,-0.9989513282528549,0.5299952321686869,0.9999994483694281,0.0010503622419521378,-0.9999994483694281,-0.0010503622419521378,0.9999997830861926,C2,0.9825392823841183,0.128441224301622,0.13637462633017955,EXP039_ASSOCIATE
M5_UNEQUAL_WIDTH,C1,O127,4.216666666666657,252,20,False,0.1761070125603462,0.9843710276755762,0.17610701256034622,0.9843710276755763,-0.9843710276755762,0.1761070125603462,2.2175351356918966,33.07720468052016,215.39524352907827,33.514002454323766,44.34441659685843,25.54057567171218,-39.90934632547464,40.61383368932814,85.591469632425,1.0189460670526787,116.84854555897957,10.127555728544138,-0.1771408615738762,-0.06793900892959241,0.39466017191690983,0.9999994483694281,0.0010503622419521378,-0.9999994483694281,-0.0010503622419521378,0.9999997830861926,C1,0.999746543985888,0.010408018930611688,0.016120760310528538,EXP039_ASSOCIATE
M5_UNEQUAL_WIDTH,C0,O128,4.316666666666657,258,0,False,-0.10091380096777149,-0.9948951727565257,-0.10091380096777149,-0.9948951727565257,0.9948951727565257,-0.10091380096777149,-1.3864243478865461,-49.59198721206866,215.48970962254623,-49.15462686511549,-58.11934650521701,-43.8374766146934,55.34649780944392,-55.346497809443925,114.04803985558054,1.3577147601854826,100.38863670373092,5.791793616770903,0.10163792391904879,0.028673275097316323,0.5903778523218023,0.9999997351060106,0.0007278653093976233,-0.9999997351060106,-0.0007278653093976233,0.9999998568659332,C0,0.9704183462695324,0.17969725900607686,0.18194764101819305,EXP039_ASSOCIATE
M5_UNEQUAL_WIDTH,C0,O129,4.316666666666657,258,1,False,0.14459221428170696,-0.9894913297089131,0.14459221428170696,-0.9894913297089131,0.9894913297089131,0.14459221428170696,-8.494887684679483,-36.58596245993701,208.38124628575332,-36.14860211298384,-58.11934650521701,-43.8374766146934,41.12957113585804,-29.334448305180622,100.30296846590049,1.1940829579273868,112.4407698974641,8.313665940231303,-0.14387195956725365,0.22688204907440196,0.4355298784394173,0.9999997351060106,0.0007278653093976233,-0.9999997351060106,-0.0007278653093976233,0.9999998568659332,C0,0.9999972434714836,0.008975425759973156,0.009084456505754105,EXP039_ASSOCIATE
M5_UNEQUAL_WIDTH,C3,O130,4.316666666666657,258,4,False,-0.9849497274356482,0.17284106695008092,-0.9849497274356482,0.17284106695008092,0.17284106695008092,0.9849497274356482,-50.73639854694203,-1.7651109003881658,166.13973542349078,-1.3277505534349987,-58.11934650521701,-43.8374766146934,-43.353450588667044,40.30725481391707,85.43048349044604,1.0170295653624528,99.23290678003309,9.953045960686822,0.9848236615117133,0.9994204247686039,0.02031513687317757,0.9999997351060106,0.0007278653093976233,-0.9999997351060106,-0.0007278653093976233,0.9999998568659332,C3,0.9999860209672944,0.006311090061155314,0.006332699595747883,EXP039_ASSOCIATE
M5_UNEQUAL_WIDTH,C2,O131,4.316666666666657,258,7,False,0.9839692650940334,0.1783381208556036,0.9839692650940334,0.1783381208556036,-0.1783381208556036,0.9839692650940334,48.02344066971756,-14.94199473714552,264.8995746401504,-14.504634390192354,55.34649780944392,-55.346497809443925,40.7003835299912,25.462508335152883,82.12553888751216,0.9776849867560972,49.36477878344017,10.26782598107684,-0.9840988105780032,-0.9546325609207237,0.5987413646339699,0.9999997351060106,0.0007278653093976233,-0.9999997351060106,-0.0007278653093976233,0.9999998568659332,C2,0.9999207155388481,0.06081850921175716,0.06136590264457175,EXP039_ASSOCIATE
M5_UNEQUAL_WIDTH,C2,O132,4.316666666666657,258,10,False,0.9999693287490553,0.007832085364941349,0.9999693287490553,0.007832085364941349,-0.007832085364941349,0.9999693287490553,40.91497733292462,-1.9359699850138696,257.7911113033574,-1.4986096380607026,41.12957113585804,-29.334448305180622,40.7003835299912,25.462508335152883,54.79863738309211,0.6523647307510965,109.03924622352989,0.44360101604047486,-0.9999747645664279,-0.9988477651723222,0.48762802114845366,0.9999997351060106,0.0007278653093976233,-0.9999997351060106,-0.0007278653093976233,0.9999998568659332,C2,0.983109170723347,0.12780723799565016,0.13664023687720203,EXP039_ASSOCIATE
M5_UNEQUAL_WIDTH,C1,O133,4.316666666666657,258,14,False,0.17391845996663688,0.9847600567056085,0.1739184599666369,0.9847600567056086,-0.9847600567056085,0.17391845996663688,-1.3265335293379223,32.88488157453497,215.54960044109487,33.32224192148814,40.7003835299912,25.462508335152883,-43.353450588667044,40.30725481391707,85.35463389919553,1.0161265940380422,117.08837397855208,10.015725312808883,-0.17463518658003865,0.03957864046572877,0.39148951014503475,0.9999997351060106,0.0007278653093976233,-0.9999997351060106,-0.0007278653093976233,0.9999998568659332,C1,0.9997941178955795,0.013189906696055055,0.017727475289255244,EXP039_ASSOCIATE
M5_UNEQUAL_WIDTH,C0,O134,4.416666666666656,264,0,False,-0.11302106703190054,-0.9935925917633297,-0.11302106703190054,-0.9935925917633297,0.9935925917633297,-0.11302106703190054,-5.298255715079893,-50.840286702634174,215.30763652565034,-50.402087458893305,-62.20137905689473,-44.367561592912686,51.60486762673494,-57.31301181235567,114.54015219825423,1.3635732404554075,98.8843833488393,6.489496350732864,0.1134965171835077,0.10412832750754618,0.6052282355732993,0.9999998855048843,0.00047852922405903283,-0.9999998855048843,-0.00047852922405903283,0.9999999365674809,C0,0.9674065323950644,0.19149157237940714,0.1915535493751697,EXP039_ASSOCIATE
M5_UNEQUAL_WIDTH,C0,O135,4.416666666666656,264,1,False,0.048330217641150454,-0.9988314122326946,0.04833021764115046,-0.9988314122326947,0.9988314122326946,0.048330217641150454,-12.675115400500015,-41.971146069580186,207.93077684023024,-41.53294682583932,-62.20137905689473,-44.367561592912686,36.8511482558947,-39.57473054624768,99.16841430865361,1.1805763608173048,106.1566920407455,2.7701966505157145,-0.04785224208691509,0.28955840606326866,0.49962742195731463,0.9999998855048843,0.00047852922405903283,-0.9999998855048843,-0.00047852922405903283,0.9999999365674809,C0,0.9955472696180827,0.06282354659158004,0.06360597010162448,EXP039_ASSOCIATE
M5_UNEQUAL_WIDTH,C0,O136,4.416666666666656,264,2,False,0.1515234803819282,-0.9884536584448192,0.15152348038192823,-0.9884536584448194,0.9884536584448192,0.1515234803819282,-12.520585929513878,-36.75182096766255,208.08530631121636,-36.313621723921685,-62.20137905689473,-44.367561592912686,37.160207197866974,-29.136080342412427,100.52225049284756,1.1966934582481852,111.17395955730919,8.715224801601579,-0.15105045907103587,0.32293201092306406,0.4374932676322456,0.9999998855048843,0.00047852922405903283,-0.9999998855048843,-0.00047852922405903283,0.9999999365674809,C0,0.9999562281346448,0.005379115330181734,0.007846830419964425,EXP039_ASSOCIATE
M5_UNEQUAL_WIDTH,C3,O137,4.416666666666656,264,5,False,-0.9853015969238684,0.17082377790950204,-0.9853015969238684,0.17082377790950204,0.17082377790950204,0.9853015969238684,-54.840175803734,-1.9085701727434596,165.76571643699623,-1.47037092900259,-62.20137905689473,-44.367561592912686,-47.478972550573275,40.55042124742577,86.18476119946838,1.0260090618984332,95.12662282774335,9.8357186874956,0.9852197399417543,0.999411475245095,0.022009316045273345,0.9999998855048843,0.00047852922405903283,-0.9999998855048843,-0.00047852922405903283,0.9999999365674809,C3,0.9999947518602449,0.0019822661826198263,0.006376083317754313,EXP039_ASSOCIATE
M5_UNEQUAL_WIDTH,C2,O138,4.416666666666656,264,9,False,0.9846687919895867,0.1744344291754585,0.9846687919895867,0.1744344291754585,-0.1744344291754585,0.9846687919895867,44.25482023008942,-15.822565658280771,264.86071247081964,-15.384366414539901,51.60486762673494,-57.31301181235567,36.9047728334439,25.667880495794126,84.2728976313767,1.003248781325913,38.19645529192476,10.045747069997418,-0.9847521512218619,-0.9414642362835101,0.5595038873869894,0.9999998855048843,0.00047852922405903283,-0.9999998855048843,-0.00047852922405903283,0.9999999365674809,C2,0.9998629132606174,0.07130101848232309,0.07218341649153986,EXP039_ASSOCIATE
M5_UNEQUAL_WIDTH,C2,O139,4.416666666666656,264,13,False,0.9999996622192581,-0.0008219254039556412,0.9999996622192582,-0.0008219254039556413,0.0008219254039556412,0.9999996622192581,36.8779605446693,-6.953425025226776,257.48385278539956,-6.515225781485906,36.8511482558947,-39.57473054624768,36.9047728334439,25.667880495794126,65.24263307974681,0.7766980128541286,112.4722223744113,0.04709286202358953,-0.9999991544088552,-0.9825955928735232,0.44675925744748474,0.9999998855048843,0.00047852922405903283,-0.9999998855048843,-0.00047852922405903283,0.9999999365674809,C2,0.9814885039607927,0.09651314114071734,0.10083333941727915,EXP039_ASSOCIATE
M5_UNEQUAL_WIDTH,C2,O140,4.416666666666656,264,16,False,0.9999891383030433,0.004660823525629947,0.9999891383030433,0.004660823525629947,-0.004660823525629947,0.9999891383030433,37.03249001565544,-1.7340999233091505,257.6383822563857,-1.2959006795682808,37.160207197866974,-29.136080342412427,36.9047728334439,25.667880495794126,54.80455610868685,0.6524351917700816,112.92693134762592,0.2670464839339104,-0.9999912541494362,-0.9988829439872668,0.44134605538540556,0.9999998855048843,0.00047852922405903283,-0.9999998855048843,-0.00047852922405903283,0.9999999365674809,C2,0.9825238117490813,0.13081450913355652,0.13758472435765048,EXP039_ASSOCIATE
M5_UNEQUAL_WIDTH,C1,O141,4.416666666666656,264,20,False,0.17368677063352655,0.9848009472512181,0.17368677063352658,0.9848009472512183,-0.9848009472512181,0.17368677063352655,-5.287099858564687,33.10915087160995,215.31879238216555,33.54735011535082,36.9047728334439,25.667880495794126,-47.478972550573275,40.55042124742577,85.68609282875849,1.0200725336756964,116.47136602315172,9.97088451585526,-0.17415800678038038,0.15721653201205768,0.3941697979364515,0.9999998855048843,0.00047852922405903283,-0.9999998855048843,-0.00047852922405903283,0.9999999365674809,C1,0.9997988640727141,0.009422983337241708,0.014438120635640359,EXP039_ASSOCIATE
M5_UNEQUAL_WIDTH,C0,O142,4.516666666666656,270,0,False,-0.13038447238737608,-0.9914635088394659,-0.13038447238737608,-0.9914635088394659,0.9914635088394659,-0.13038447238737608,-8.925130978452849,-51.54046560678736,215.49543050398725,-51.10176446826257,-65.62501063576337,-44.084029915876656,47.77474867885768,-58.99690129769806,114.37613013852467,1.3616205968871984,97.69247130721077,7.415520117215721,0.13067499137671224,0.17091675931214415,0.6135580722191702,0.9999999570678805,0.0002930260008842852,-0.9999999570678805,-0.0002930260008842852,0.9999999811628442,C0,0.9628288406214542,0.1998890460139647,0.20141688569903682,EXP039_ASSOCIATE
M5_UNEQUAL_WIDTH,C0,O143,4.516666666666656,270,1,False,0.04727307646044901,-0.9988820031625179,0.047273076460449016,-0.998882003162518,0.9988820031625179,0.04727307646044901,-16.305219387011817,-41.74992212803589,208.11534209542828,-41.311220989511106,-65.62501063576337,-44.084029915876656,33.01457186173974,-39.415814340195126,98.74998466806342,1.1755950555721835,105.17906541630745,2.7858475448247475,-0.04698037603217364,0.36405872950381246,0.49698862221886747,0.9999999570678805,0.0002930260008842852,-0.9999999570678805,-0.0002930260008842852,0.9999999811628442,C0,0.9954469480504575,0.060356143206852064,0.06367780666392496,EXP039_ASSOCIATE
M5_UNEQUAL_WIDTH,C0,O144,4.516666666666656,270,2,False,0.1493158315548238,-0.9887895541757566,0.1493158315548238,-0.9887895541757566,0.9887895541757566,0.1493158315548238,-16.13026432975853,-36.60989229876088,208.29029715268157,-36.1711911602361,-65.62501063576337,-44.084029915876656,33.36448197624632,-29.13575468164511,100.11179041482306,1.1918070287478937,109.99412991228972,8.587280088406118,-0.14902608409560242,0.40346557273212963,0.43579846177633386,0.9999999570678805,0.0002930260008842852,-0.9999999570678805,-0.0002930260008842852,0.9999999811628442,C0,0.9999746282781871,0.007864931818176768,0.008957370409257762,EXP039_ASSOCIATE
M5_UNEQUAL_WIDTH,C3,O145,4.516666666666656,270,5,False,-0.9857653040567661,0.1681272295550938,-0.9857653040567663,0.16812722955509382,0.1681272295550938,0.9857653040567661,-58.394849553004896,-1.692074983976255,166.0257119294352,-1.2533738454514682,-65.62501063576337,-44.084029915876656,-51.16468847024642,40.699879947924146,86.00821059017355,1.0239072689306374,91.58064043427493,9.678950042559507,0.985715996086056,0.9995888914574272,0.019428577723193684,0.9999999570678805,0.0002930260008842852,-0.9999999570678805,-0.0002930260008842852,0.9999999811628442,C3,0.9999998731589669,0.005197761379828446,0.006787119316303896,EXP039_ASSOCIATE
M5_UNEQUAL_WIDTH,C2,O146,4.516666666666656,270,9,False,0.9852585308762897,0.1710719945972904,0.9852585308762897,0.1710719945972904,-0.1710719945972904,0.9852585308762897,40.42470714927212,-16.665652770629812,264.8452686317122,-16.226951632105024,47.77474867885768,-58.99690129769806,33.07466561968658,25.665595756438435,85.92921999755497,1.0229669047327972,34.05950145613238,9.850152927120291,-0.9853086171194928,-0.9244037610215105,0.520539159151063,0.9999999570678805,0.0002930260008842852,-0.9999999570678805,-0.0002930260008842852,0.9999999811628442,C2,0.9998005635292624,0.08133247565689697,0.08226304533856776,EXP039_ASSOCIATE
M5_UNEQUAL_WIDTH,C2,O147,4.516666666666656,270,13,False,0.999999573700773,-0.000923362481539468,0.999999573700773,-0.000923362481539468,0.000923362481539468,0.999999573700773,33.04461874071316,-6.875109291878346,257.46518022315325,-6.436408153353559,33.01457186173974,-39.415814340195126,33.07466561968658,25.665595756438435,65.0814378408002,0.7747790219142882,106.39714084716007,0.05290478067070126,-0.9999992601994564,-0.9789749985111951,0.4018124251252428,0.9999999570678805,0.0002930260008842852,-0.9999999570678805,-0.0002930260008842852,0.9999999811628442,C2,0.9814690715672463,0.09705787860238362,0.10140230106889293,EXP039_ASSOCIATE
M5_UNEQUAL_WIDTH,C2,O148,4.516666666666656,270,16,False,0.9999860162336757,0.005288415367847054,0.9999860162336758,0.005288415367847055,-0.005288415367847054,0.9999860162336757,33.21957379796645,-1.7350794626033377,257.6401352804065,-1.296378324078551,33.36448197624632,-29.13575468164511,33.07466561968658,25.665595756438435,54.80211677807865,0.6524061521199839,116.73514491148222,0.30300529327615777,-0.9999875229453626,-0.9986234378591959,0.3960101796252114,0.9999999570678805,0.0002930260008842852,-0.9999999570678805,-0.0002930260008842852,0.9999999811628442,C2,0.9826404377131803,0.1307962197671594,0.13757625833595047,EXP039_ASSOCIATE
M5_UNEQUAL_WIDTH,C1,O149,4.516666666666656,270,20,False,0.1756948539763524,0.9844446750763743,0.1756948539763524,0.9844446750763743,-0.9844446750763743,0.1756948539763524,-9.04501142527992,33.18273785218129,215.37555005716018,33.621438990706075,33.07466561968658,25.665595756438435,-51.16468847024642,40.699879947924146,85.57042993136979,1.018695594421069,115.60659477385192,10.091938592768173,-0.17598331431962938,0.26270407284702324,0.39505170300598696,0.9999999570678805,0.0002930260008842852,-0.9999999570678805,-0.0002930260008842852,0.9999999811628442,C1,0.9997558823718897,0.00960818571130049,0.01547026626447747,EXP039_ASSOCIATE
M5_UNEQUAL_WIDTH,C0,O150,4.616666666666656,276,0,False,-0.13830330180592854,-0.9903899215508901,-0.13830330180592854,-0.9903899215508901,0.9903899215508901,-0.13830330180592854,-12.989484658463482,-52.43660276161193,215.32947413839665,-51.99837739764098,-69.84483580832523,-44.49701995866099,43.865866491398265,-60.37618556456287,114.81407456333913,1.3668342209921325,95.9784855740646,7.949677513637653,0.13844680227097975,0.24059085400293523,0.6242317275241073,0.9999999895028118,0.00014489436304267046,-0.9999999895028118,-0.00014489436304267046,0.9999999895448531,C0,0.9606395737566904,0.20850580392567708,0.2085908337223233,EXP039_ASSOCIATE
M5_UNEQUAL_WIDTH,C0,O151,4.616666666666656,276,2,False,0.05840499643514991,-0.9982929712220807,0.05840499643514992,-0.9982929712220808,0.9982929712220807,0.05840499643514991,-20.33948465846348,-41.60071602707165,207.97947413839665,-41.1624906631007,-69.84483580832523,-44.49701995866099,29.16586649139827,-38.704412095482304,99.18000542317506,1.1807143502758937,103.69325956043843,3.3482652101370007,-0.05826034879786647,0.43936394488317326,0.4952174391632899,0.9999999895028118,0.00014489436304267046,-0.9999999895028118,-0.00014489436304267046,0.9999999895448531,C0,0.9964476292565922,0.0584584144550634,0.059292926749330184,EXP039_ASSOCIATE
M5_UNEQUAL_WIDTH,C0,O152,4.616666666666656,276,3,False,0.1531462289646446,-0.9882035380193235,0.15314622896464464,-0.9882035380193236,0.9882035380193235,0.1531462289646446,-20.33948486527074,-36.8249589724233,207.97947393158938,-36.38673360845235,-69.84483580832523,-44.49701995866099,29.16586607778375,-29.152897986185607,100.19262032248756,1.1927692895534232,101.3569859954408,8.807472029837783,-0.15300304223484198,0.48360988541368954,0.4383631922182327,0.9999999895028118,0.00014489436304267046,-0.9999999895028118,-0.00014489436304267046,0.9999999895448531,C0,0.999939517917637,0.004340022074319867,0.007606398217018152,EXP039_ASSOCIATE
M5_UNEQUAL_WIDTH,C3,O153,4.616666666666656,276,6,False,-0.9852806842705114,0.17094435703887045,-0.9852806842705114,0.17094435703887045,0.17094435703887045,0.9852806842705114,-62.45049825258033,-1.877900539616089,165.8684605442798,-1.4396751756451405,-69.84483580832523,-44.49701995866099,-55.05616069683544,40.741218879428814,86.51163084679678,1.0299003672237712,87.52127368109822,9.84273049843847,0.9852559050541057,0.9995525416998605,0.02164490195305369,0.9999999895028118,0.00014489436304267046,-0.9999999895028118,-0.00014489436304267046,0.9999999895448531,C3,0.9999943478888442,0.003057949880135658,0.008504726365138673,EXP039_ASSOCIATE
M5_UNEQUAL_WIDTH,C2,O154,4.616666666666656,276,11,False,0.9857771127688418,0.1680579779157362,0.9857771127688418,0.1680579779157362,-0.1680579779157362,0.9857771127688418,36.54890669232607,-17.45711921359444,264.8678654891862,-17.018893849623492,43.865866491398265,-60.37618556456287,29.231946893253884,25.46194713737399,87.07661355702963,1.0366263518694003,25.96490001827759,9.66786346702338,-0.9858014530746183,-0.9022906773928362,0.48219041382773176,0.9999999895028118,0.00014489436304267046,-0.9999999895028118,-0.00014489436304267046,0.9999999895448531,C2,0.9997348111186897,0.09074893627366742,0.09135976989834027,EXP039_ASSOCIATE
M5_UNEQUAL_WIDTH,C2,O155,4.616666666666656,276,13,False,0.9885492285245803,0.15089871697087864,0.9885492285245803,0.15089871697087864,-0.15089871697087864,0.9885492285245803,36.51586649139828,-86.8548336199932,264.8348252882584,-86.41660825602226,43.865866491398286,-135.0052551445041,29.16586649139827,-38.704412095482304,97.4163352418491,1.1597182766886798,18.047378552449047,8.679012102377243,-0.9885710825210723,-0.38743122682466646,1.1216516452870053,0.9999999895028118,0.00014489436304267046,-0.9999999895028118,-0.00014489436304267046,0.9999999895448531,C0,-0.008724373297528426,0.9056205045758733,0.924211994927752,EXP039_ASSOCIATE
M5_UNEQUAL_WIDTH,C2,O156,4.616666666666656,276,14,False,0.9904944608274402,0.13755261927770918,0.9904944608274403,0.1375526192777092,-0.13755261927770918,0.9904944608274402,36.51586628459102,-82.07907656534485,264.83482508145113,-81.6408512013739,43.865866491398286,-135.0052551445041,29.16586607778375,-29.152897986185607,106.86819699111841,1.2722404403704572,18.01301491366395,7.906251517708938,-0.9905143810291884,-0.4063432546948325,1.0694680012056803,0.9999999895028118,0.00014489436304267046,-0.9999999895028118,-0.00014489436304267046,0.9999999895448531,C2,0.9985477673556621,0.860033051453388,0.8600442143484139,EXP039_ASSOCIATE
M5_UNEQUAL_WIDTH,C2,O157,4.616666666666656,276,20,False,0.9999994697261473,-0.0010298288325055738,0.9999994697261473,-0.0010298288325055738,0.0010298288325055738,0.9999994697261473,29.198906692326076,-6.621232479054157,257.5178654891862,-6.183007115083209,29.16586649139827,-38.704412095482304,29.231946893253884,25.46194713737399,64.16639325861686,0.7638856340311532,99.59038099034127,0.05900485615303808,-0.9999993100125719,-0.9752081117584455,0.35643120994364186,0.9999999895028118,0.00014489436304267046,-0.9999999895028118,-0.00014489436304267046,0.9999999895448531,C2,0.9814486648469685,0.09761682065895509,0.1038518533130945,EXP039_ASSOCIATE
M5_UNEQUAL_WIDTH,C2,O158,4.616666666666656,276,23,False,0.9999992680205272,-0.0012099414902822338,0.9999992680205272,-0.0012099414902822338,0.0012099414902822338,0.9999992680205272,29.19890648551882,-1.8454754244058087,257.5178652823789,-1.4072500604348601,29.16586607778375,-29.152897986185607,29.231946893253884,25.46194713737399,54.6148851005344,0.6501772035777905,120.7428313144939,0.06932455776565405,-0.9999990822096451,-0.9979994678873754,0.3482996272084056,0.9999999895028118,0.00014489436304267046,-0.9999999895028118,-0.00014489436304267046,0.9999999895448531,C2,0.9814141167867143,0.13082078659883803,0.13954118275529967,EXP039_ASSOCIATE
M5_UNEQUAL_WIDTH,C1,O159,4.616666666666656,276,27,False,0.17836742408404502,0.9839639536210778,0.17836742408404502,0.9839639536210778,-0.9839639536210778,0.17836742408404502,-12.912106901790779,33.101583008401406,215.40685189506934,33.539808372372356,29.231946893253884,25.46194713737399,-55.05616069683544,40.741218879428814,85.66178393009352,1.0197831420249228,114.46920628095452,10.27468129838951,-0.17850999304200546,0.36327110042986693,0.3940798518470685,0.9999999895028118,0.00014489436304267046,-0.9999999895028118,-0.00014489436304267046,0.9999999895448531,C1,0.9996921991931568,0.01037685412707636,0.016860796329694314,EXP039_ASSOCIATE
M5_UNEQUAL_WIDTH,C0,O160,4.716666666666655,282,0,False,-0.17267202172155874,-0.9849793768981102,-0.17267202172155877,-0.9849793768981103,0.9849793768981102,-0.17267202172155874,-16.771031003977157,-53.959786094791085,215.48488221407666,-53.523008865916594,-73.47094960795823,-44.01999465709685,39.92888760000392,-63.89957753248531,115.1291487595203,1.3705851042800037,93.49401804824579,9.869129624473132,0.17269144617569568,0.2968198152906928,0.6423823903588597,0.9999999998055468,1.9720704990541708e-05,-0.9999999998055468,-1.9720704990541708e-05,0.9999999761817414,C0,0.9503944783238177,0.22571233410390884,0.22767079747449243,EXP039_ASSOCIATE
M5_UNEQUAL_WIDTH,C0,O161,4.716666666666655,282,1,False,0.05232728520895239,-0.9986299891464611,0.05232728520895239,-0.9986299891464611,0.9986299891464611,0.05232728520895239,-24.128563154538078,-41.43449937165556,208.12735006351573,-40.99772214278107,-73.47094960795823,-44.01999465709685,25.213823298882076,-38.849004086214265,98.82015759529429,1.1764304475630272,98.99428117273891,3.0735854127621423,-0.05230759151136652,0.5032411912170051,0.49325654495233145,0.9999999998055468,1.9720704990541708e-05,-0.9999999998055468,-1.9720704990541708e-05,0.9999999761817414,C0,0.9959165522002614,0.05665639154033645,0.06016379154494361,EXP039_ASSOCIATE
M5_UNEQUAL_WIDTH,C0,O162,4.716666666666655,282,2,False,0.14901357530421191,-0.988835150252587,0.14901357530421191,-0.988835150252587,0.988835150252587,0.14901357530421191,-24.087783089098096,-36.57814532463847,208.16813012895574,-36.14136809576398,-73.47094960795823,-44.01999465709685,25.29538342976204,-29.13629599218008,99.88149492106092,1.1890654157269158,91.10167201561238,8.569766141176501,-0.14899407474895332,0.5500028378350802,0.43544297682924277,0.9999999998055468,1.9720704990541708e-05,-0.9999999998055468,-1.9720704990541708e-05,0.9999999761817414,C0,0.9999767590125567,0.0064986709964694744,0.007878756403655696,EXP039_ASSOCIATE
M5_UNEQUAL_WIDTH,C3,O163,4.716666666666655,282,5,False,-0.9860136939651091,0.1666643192566423,-0.9860136939651092,0.16666431925664232,0.1666643192566423,0.9860136939651091,-66.31447700364328,-1.6811184068374665,165.94143621441054,-1.2443411779629772,-73.47094960795823,-44.01999465709685,-59.158004399328306,40.65775784342192,85.87888080945372,1.022367628683973,83.6642176546885,9.593931822350996,0.986010407035503,0.9996793253810983,0.019320216389849425,0.9999999998055468,1.9720704990541708e-05,-0.9999999998055468,-1.9720704990541708e-05,0.9999999761817414,C3,0.9999995196243538,0.00431173576949598,0.00573377159832665,EXP039_ASSOCIATE
M5_UNEQUAL_WIDTH,C2,O164,4.716666666666655,282,9,False,0.9869578534280248,0.16097886680165693,0.9869578534280248,0.16097886680165693,-0.16097886680165693,0.9869578534280248,32.64105392658975,-19.218031306199585,264.89696714464355,-18.781254077325094,39.92888760000392,-63.89957753248531,25.353220253175575,25.463514920086144,90.54398031505038,1.0779045275601236,20.3945476529222,9.250819184231062,-0.9869610278528496,-0.8617232600828391,0.45093300995577273,0.9999999998055468,1.9720704990541708e-05,-0.9999999998055468,-1.9720704990541708e-05,0.9999999761817414,C2,0.9995437923603964,0.11171735750004354,0.11219632598454704,EXP039_ASSOCIATE
M5_UNEQUAL_WIDTH,C2,O165,4.716666666666655,282,13,False,0.9999976509946659,-0.002167488212297418,0.9999976509946659,-0.002167488212297418,0.002167488212297418,0.9999976509946659,25.283521776028827,-6.69274458306406,257.5394349940826,-6.255967354189571,25.213823298882076,-38.849004086214265,25.353220253175575,25.463514920086144,64.31267007710547,0.765627024727446,86.42030152104797,0.13708654515130547,-0.9999976080558175,-0.9666997306463789,0.3113611455545377,0.9999999998055468,1.9720704990541708e-05,-0.9999999998055468,-1.9720704990541708e-05,0.9999999761817414,C2,0.9812299116015708,0.09704252224027526,0.10339895219351247,EXP039_ASSOCIATE
M5_UNEQUAL_WIDTH,C2,O166,4.716666666666655,282,16,False,0.9999994389568999,-0.0010592855542580378,0.9999994389568999,-0.0010592855542580378,0.0010592855542580378,0.9999994389568999,25.32430184146881,-1.8363905360469683,257.58021505952263,-1.399613307172479,25.29538342976204,-29.13629599218008,25.353220253175575,25.463514920086144,54.59984154513059,0.649998113632507,124.6092025733987,0.07359112411140245,-0.9999994178725888,-0.9973796882447186,0.30227139793572977,0.9999999998055468,1.9720704990541708e-05,-0.9999999998055468,-1.9720704990541708e-05,0.9999999761817414,C2,0.9814430168248329,0.13037878528458005,0.139207074237937,EXP039_ASSOCIATE
M5_UNEQUAL_WIDTH,C1,O167,4.716666666666655,282,20,False,0.17695245484449074,0.9842194007052029,0.17695245484449074,0.9842194007052029,-0.9842194007052029,0.17695245484449074,-16.902392073076363,33.06063638175403,215.35352114497746,33.49741361062852,25.353220253175575,25.463514920086144,-59.158004399328306,40.65775784342192,85.86624546513792,1.0222172079183085,92.32369529284762,10.19229898230924,-0.17697186431052903,0.45519457427755067,0.3935752512889983,0.9999999998055468,1.9720704990541708e-05,-0.9999999998055468,-1.9720704990541708e-05,0.9999999761817414,C1,0.9997268378329349,0.010088759348913325,0.01582759698196707,EXP039_ASSOCIATE
M5_UNEQUAL_WIDTH,C0,O168,4.816666666666655,288,0,False,-0.20160845903198424,-0.9794661960714871,-0.20160845903198424,-0.9794661960714871,0.9794661960714871,-0.20160845903198424,-21.094756130515613,-56.00992370177526,215.06834689180423,-55.575269587064945,-78.22287089622459,-44.25095618302659,36.033358635193366,-67.76889122052393,116.65152915913279,1.3887086804658666,90.14935013481798,11.631033116797767,0.20151124877711646,0.352363712790356,0.6668132922359231,0.9999999950749983,-9.924718416588807e-05,-0.9999999950749983,9.924718416588807e-05,0.9999999567527853,C0,0.9408206334280091,0.2463342728426841,0.2466107643917132,EXP039_ASSOCIATE
M5_UNEQUAL_WIDTH,C0,O169,4.816666666666655,288,1,False,0.1485573832543727,-0.9889037889909278,0.1485573832543727,-0.9889037889909278,0.9889037889909278,0.1485573832543727,-28.289535668147522,-36.74975566056143,207.8735673541723,-36.31510154585112,-78.22287089622459,-44.25095618302659,21.643799559929548,-29.248555138096286,100.98724624976668,1.202229122021032,79.28708110405054,8.543334059448227,-0.14865552843919566,0.6099096843111267,0.43750997436984373,0.9999999950749983,-9.924718416588807e-05,-0.9999999950749983,9.924718416588807e-05,0.9999999567527853,C0,0.9999797978053637,0.0028906219400048174,0.006098976285214941,EXP039_ASSOCIATE
M5_UNEQUAL_WIDTH,C3,O170,4.816666666666655,288,4,False,-0.9851666500710033,0.17160032513919413,-0.9851666500710035,0.17160032513919415,0.17160032513919413,0.9851666500710033,-70.84775048172534,-1.9099951928368384,165.3153525405945,-1.4753410781265286,-78.22287089622459,-44.25095618302659,-63.47263006722609,40.43096579735291,85.95695152112211,1.0232970419181204,79.1265082703168,9.880878386585806,0.9851836760681278,0.9996341204885641,0.022064142351773647,0.9999999950749983,-9.924718416588807e-05,-0.9999999950749983,9.924718416588807e-05,0.9999999567527853,C3,0.999991887687164,0.0036725116127008265,0.005656609186938044,EXP039_ASSOCIATE
M5_UNEQUAL_WIDTH,C2,O171,4.816666666666655,288,10,False,0.9999857786583761,0.005333149257353706,0.9999857786583761,0.005333149257353706,-0.005333149257353706,0.9999857786583761,21.497897738577766,-1.891408470775822,257.6610007608976,-1.4567543560655123,21.643799559929548,-29.248555138096286,21.351995917225985,25.465738196544642,54.715071456364086,0.6513698982900487,128.4190585659089,0.3032631162217285,-0.9999852444333979,-0.9961606825782499,0.25691596945346534,0.9999999950749983,-9.924718416588807e-05,-0.9999999950749983,9.924718416588807e-05,0.9999999567527853,C2,0.9826487358902066,0.12922525293498058,0.13794068418430108,EXP039_ASSOCIATE
M5_UNEQUAL_WIDTH,C1,O172,4.816666666666655,288,14,False,0.17374227844592968,0.9847911558703282,0.17374227844592968,0.9847911558703282,-0.9847911558703282,0.17374227844592968,-21.060317075000054,32.94835199694877,215.10278594731977,33.383006111659085,21.351995917225985,25.465738196544642,-63.47263006722609,40.43096579735291,86.13463421032317,1.0254123120276568,75.95676750887395,10.005474797388587,-0.17364453984103706,0.5386541437425342,0.39221372262764426,0.9999999950749983,-9.924718416588807e-05,-0.9999999950749983,9.924718416588807e-05,0.9999999567527853,C1,0.9997977320490135,0.008766792206610733,0.012957025957814458,EXP039_ASSOCIATE
M5_UNEQUAL_WIDTH,C0,O173,4.9166666666666545,294,0,False,-0.26653954958364373,-0.9638239821190113,-0.26653954958364373,-0.9638239821190113,0.9638239821190113,-0.26653954958364373,-24.780855424335744,-60.178535863344635,215.1973926949696,-59.746307780176345,-81.79912335736682,-44.410487200043114,32.237412508695336,-75.94658452664615,118.31676528254422,1.4085329200302883,84.91891999806944,15.458453174025877,0.26631410077924383,0.3805526705093991,0.7164687477225054,0.9999999726446462,-0.00023390319944164846,-0.9999999726446462,0.00023390319944164846,0.9999999493885879,C0,0.9160998815071832,0.29368606702212535,0.2936863950681681,EXP039_ASSOCIATE
M5_UNEQUAL_WIDTH,C0,O174,4.9166666666666545,294,1,False,0.05047903886416428,-0.998725120659008,0.050479038864164286,-0.9987251206590081,0.998725120659008,0.05047903886416428,-32.13085542433575,-41.9000803068503,207.8473926949696,-41.46785222368201,-81.79912335736682,-44.410487200043114,17.53741250869532,-39.38967341365748,99.4633396229335,1.184087376463494,82.06141676595672,2.893465591834172,-0.0507126424843772,0.6083349002867687,0.49885212782966637,0.9999999726446462,-0.00023390319944164846,-0.9999999726446462,0.00023390319944164846,0.9999999493885879,C0,0.9957477688068651,0.0620016521232873,0.062156196866046044,EXP039_ASSOCIATE
M5_UNEQUAL_WIDTH,C0,O175,4.9166666666666545,294,2,False,0.15173834578949622,-0.9884206970804826,0.15173834578949622,-0.9884206970804826,0.9884206970804826,0.15173834578949622,-32.130855963843835,-36.785615771526395,207.84739215546153,-36.353387688358104,-81.79912335736682,-44.410487200043114,17.537411429679153,-29.160744343009675,100.50025771461304,1.196431639459679,74.86999212515843,8.72533893013599,-0.15196953640208155,0.6576723355358522,0.43796564923324155,0.9999999726446462,-0.00023390319944164846,-0.9999999726446462,0.00023390319944164846,0.9999999493885879,C0,0.9999541706294842,0.0027301987230384578,0.006364015274699782,EXP039_ASSOCIATE
M5_UNEQUAL_WIDTH,C3,O176,4.9166666666666545,294,5,False,-0.984383220481041,0.17603884581357118,-0.984383220481041,0.17603884581357118,0.17603884581357118,0.984383220481041,-74.23646292895475,-2.1212072770836485,165.7417851903506,-1.688979193915358,-81.79912335736682,-44.410487200043114,-66.67380250054266,40.16807264587582,85.92035915096939,1.0228614184639213,75.73323792897374,10.10361854051365,0.9844243696021515,0.9995853147606523,0.02461155891936079,0.9999999726446462,-0.00023390319944164846,-0.9999999726446462,0.00023390319944164846,0.9999999493885879,C3,0.9999635761045048,0.003753995628460974,0.007124028305725873,EXP039_ASSOCIATE
M5_UNEQUAL_WIDTH,C2,O177,4.9166666666666545,294,13,False,0.9999969990072439,-0.0024498931621778435,0.999996999007244,-0.002449893162177844,0.0024498931621778435,0.9999969990072439,17.61686008660762,-6.960773771327652,257.595108205913,-6.528545688159362,17.53741250869532,-39.38967341365748,17.69630766451992,25.46812587100218,64.8579939230296,0.7721189752741618,58.82425162173947,0.14036867886591153,-0.9999975446898212,-0.9301193968759254,0.22550212640806006,0.9999999726446462,-0.00023390319944164846,-0.9999999726446462,0.00023390319944164846,0.9999999493885879,C2,0.9811754129227804,0.095219414643653,0.10161287888980879,EXP039_ASSOCIATE
M5_UNEQUAL_WIDTH,C2,O178,4.9166666666666545,294,16,False,0.9999957699059472,-0.0029086371743048465,0.9999957699059473,-0.002908637174304847,0.0029086371743048465,0.9999957699059472,17.616859547099537,-1.8463092360037479,257.5951076664049,-1.4140811528354573,17.537411429679153,-29.160744343009675,17.69630766451992,25.46812587100218,54.62910130024837,0.6503464440505758,132.28665480217853,0.16665286920836309,-0.9999964228902501,-0.9945772933386005,0.21087315711692206,0.9999999726446462,-0.00023390319944164846,-0.9999999726446462,0.00023390319944164846,0.9999999493885879,C2,0.9810867173444535,0.1301318892781642,0.13907232501253763,EXP039_ASSOCIATE
M5_UNEQUAL_WIDTH,C1,O179,4.9166666666666545,294,20,False,0.17164586684520244,0.9851587163472488,0.17164586684520244,0.9851587163472488,-0.9851587163472488,0.17164586684520244,-24.48874741801137,32.818099258439,215.489500701294,33.25032734160729,17.69630766451992,25.46812587100218,-66.67380250054266,40.16807264587582,85.64113453504055,1.0195373158933398,69.48905363185023,9.883527032936428,-0.1714154303740576,0.5982346626240438,0.3906334957478959,0.9999999726446462,-0.00023390319944164846,-0.9999999726446462,0.00023390319944164846,0.9999999493885879,C1,0.9998382737628745,0.013141197658960749,0.01652013883144869,EXP039_ASSOCIATE
