timestamp,lidar_robot_id,lidar_role,front_cohort_robot_count,lidar_is_in_front_cohort,lidar_front_rank,front_projection_relative_to_cohort,global_frontier_max_projection,lidar_global_frontier_gap,lidar_global_progress_rank,raw_local_heading_deg,stable_local_heading_deg,heading_flip_corrected,lidar_local_forward_speed,local_forward_neighbor_count,local_rear_neighbor_count,nearest_forward_neighbor_range,mean_forward_neighbor_range,local_front_state,front_maintenance_active,front_maintenance_bias,local_neighbor_connectivity_count,front_neighbor_mean_forward_speed,lidar_minus_front_mean_speed,lateral_variance,lateral_baseline,lateral_variance_delta,lateral_expansion_ratio,lateral_expansion_dwell,lateral_variance_rate,lateral_min,lateral_max,lateral_span,lateral_p90_minus_p10,cheap_lidar_left_range,cheap_lidar_right_range,cheap_lidar_left_free_fraction,cheap_lidar_right_free_fraction,cheap_lidar_scan_change,cheap_lidar_free_angular_fraction,evaluation_only_gt_distance_to_junction,evaluation_only_gt_distance_to_opening_boundary,evaluation_only_inside_junction_opening_zone,evaluation_only_phase,evaluation_only_sph_phase,evaluation_only_front_cohort_center_distance_to_opening_boundary,evaluation_only_observed_cohort_center_distance_to_opening_boundary,evaluation_only_frontmost_progress_distance_to_opening_boundary,evaluation_only_frontmost_boundary_distance,evaluation_only_frontmost_signed_boundary_distance,evaluation_only_front_cohort_signed_boundary_distance,evaluation_only_observed_cohort_signed_boundary_distance,evaluation_only_front_cohort_crossed_fraction,evaluation_only_observed_cohort_crossed_fraction,observed_cohort_robot_count,broad_observed_robot_count,front_local_robot_count,front_local_reduced_radius,local_front_surface_robot_count,local_front_cohort_robot_count,local_front_direction_unavailable_count,local_front_cohort_jaccard_overlap,forward_zero_neighbor_count,forward_zero_neighbor_fraction,surface_robot_id_retention_fraction,surface_robot_new_fraction,lateral_ratio_gt_1_1,lateral_ratio_gt_1_28,lateral_dwell_positive,scan_change_gt_5,boundary_gap90_count,boundary_gap90_fraction,boundary_gap90_retention_fraction,boundary_gap90_new_fraction,boundary_gap90_max_gap_mean,boundary_gap90_component_count,boundary_gap90_largest_component_size,boundary_gap90_second_component_size,boundary_gap90_third_component_size,boundary_gap90_min_component_angular_separation_deg,boundary_gap90_max_component_angular_separation_deg,boundary_gap120_count,boundary_gap120_fraction,boundary_gap120_retention_fraction,boundary_gap120_new_fraction,boundary_gap120_max_gap_mean,boundary_gap120_component_count,boundary_gap120_largest_component_size,boundary_gap120_second_component_size,boundary_gap120_third_component_size,boundary_gap120_min_component_angular_separation_deg,boundary_gap120_max_component_angular_separation_deg,boundary_gap150_count,boundary_gap150_fraction,boundary_gap150_retention_fraction,boundary_gap150_new_fraction,boundary_gap150_max_gap_mean,boundary_gap150_component_count,boundary_gap150_largest_component_size,boundary_gap150_second_component_size,boundary_gap150_third_component_size,boundary_gap150_min_component_angular_separation_deg,boundary_gap150_max_component_angular_separation_deg,boundary_gap180_count,boundary_gap180_fraction,boundary_gap180_retention_fraction,boundary_gap180_new_fraction,boundary_gap180_max_gap_mean,boundary_gap180_component_count,boundary_gap180_largest_component_size,boundary_gap180_second_component_size,boundary_gap180_third_component_size,boundary_gap180_min_component_angular_separation_deg,boundary_gap180_max_component_angular_separation_deg,broad_observed_variance,broad_observed_baseline,broad_observed_variance_delta,broad_observed_expansion_ratio,broad_observed_expansion_dwell,broad_observed_variance_rate,broad_observed_lateral_span,broad_observed_lateral_p90_minus_p10,broad_observed_ratio_gt_1_1,broad_observed_ratio_gt_1_28,broad_observed_dwell_positive,broad_observed_sustained_marker,front_cohort_variance,front_cohort_baseline,front_cohort_variance_delta,front_cohort_expansion_ratio,front_cohort_expansion_dwell,front_cohort_variance_rate,front_cohort_lateral_span,front_cohort_lateral_p90_minus_p10,front_cohort_ratio_gt_1_1,front_cohort_ratio_gt_1_28,front_cohort_dwell_positive,front_cohort_sustained_marker,front_local_reduced_variance,front_local_reduced_baseline,front_local_reduced_variance_delta,front_local_reduced_expansion_ratio,front_local_reduced_expansion_dwell,front_local_reduced_variance_rate,front_local_reduced_lateral_span,front_local_reduced_lateral_p90_minus_p10,front_local_reduced_ratio_gt_1_1,front_local_reduced_ratio_gt_1_28,front_local_reduced_dwell_positive,front_local_reduced_sustained_marker,local_front_surface_variance,local_front_surface_baseline,local_front_surface_variance_delta,local_front_surface_expansion_ratio,local_front_surface_expansion_dwell,local_front_surface_variance_rate,local_front_surface_lateral_span,local_front_surface_lateral_p90_minus_p10,local_front_surface_ratio_gt_1_1,local_front_surface_ratio_gt_1_28,local_front_surface_dwell_positive,local_front_surface_sustained_marker,local_front_cohort_variance,local_front_cohort_baseline,local_front_cohort_variance_delta,local_front_cohort_expansion_ratio,local_front_cohort_expansion_dwell,local_front_cohort_variance_rate,local_front_cohort_lateral_span,local_front_cohort_lateral_p90_minus_p10,local_front_cohort_ratio_gt_1_1,local_front_cohort_ratio_gt_1_28,local_front_cohort_dwell_positive,local_front_cohort_sustained_marker,forward_zero_neighbor_count_rate,forward_zero_neighbor_fraction_rate,surface_count_ma,surface_fraction_ma
0.11666666666666665,27,FRONT_LIDAR_LEADER,218,False,219,-41.72590226921484,16.88901689305103,58.61491916226587,560,,-74.94681732251937,False,0.0,128,26,1.1613366058975458,15.309971672937838,BURIED,False,0.0,165,1.300903276277189,-1.300903276277189,501.75220172111653,501.75220172111653,0.0,1.0,0.0,0.0,-44.18170179907045,44.864089727870955,89.0457915269414,60.53190551290221,54.03044236416044,84.0,0.43956043956043955,1.0,,0.7277777777777777,144.92118823691726,97.98000000000002,False,OPENING_APPROACH,SPH_CORRIDOR,46.040033414858215,66.99843954653,34.510033986822066,34.510033986822066,34.510033986822066,46.040033414858215,66.99843954653,0.0,0.0,680,680,405,37.8,0,0,178,1.0,0,0.0,1.0,0.0,False,False,False,False,101,0.14852941176470588,1.0,1.0,44.90143066099787,1,101,0,0,,,101,0.14852941176470588,1.0,1.0,44.90143066099787,1,101,0,0,,,100,0.14705882352941177,1.0,1.0,44.90143066099787,1,100,0,0,,,42,0.061764705882352944,1.0,1.0,44.90143066099787,4,38,2,1,7.6570516465881155,273.61477259022104,501.75220172111653,501.75220172111653,0.0,1.0,0.0,0.0,89.0457915269414,60.53190551290221,False,False,False,False,490.47547403320556,490.47547403320556,0.0,1.0,0.0,0.0,79.55110165065884,60.84937870411518,False,False,False,False,362.190924173503,362.190924173503,0.0,1.0,0.0,0.0,73.6719953260885,52.220139138901246,False,False,False,False,0.0,0.0,0.0,1.0,0.0,0.0,0.0,0.0,False,False,False,False,0.0,0.0,0.0,1.0,0.0,0.0,0.0,0.0,False,False,False,False,0.0,0.0,0.0,0.0
0.21666666666666665,27,FRONT_LIDAR_LEADER,218,False,219,-47.951064804366474,11.223964592420353,59.175029396786826,623,,-83.9523203832029,False,0.0,136,11,1.170211461274871,15.89098478137652,BURIED,False,0.0,157,4.410772268822102,-4.410772268822102,483.249908647001,501.1046214635225,-18.502293074115528,0.9631246399903205,0.0,-185.0229307411553,-38.830825921454306,41.1759985373576,80.0068244588119,60.592829215846066,60.67218917095611,84.0,0.5384615384615384,1.0,3.5013711649077166,0.7277777777777777,144.92118823691726,97.98000000000002,False,OPENING_APPROACH,SPH_CORRIDOR,45.92779799457867,66.89070743605288,35.72400308480201,35.72400308480201,35.72400308480201,45.92779799457867,66.89070743605288,0.0,0.0,680,680,433,37.8,0,0,169,1.0,0,0.0,1.0,0.0,False,False,False,False,101,0.14852941176470588,1.0,0.0,45.21850698198708,1,101,0,0,,,101,0.14852941176470588,1.0,0.0,45.21850698198708,1,101,0,0,,,100,0.14705882352941177,1.0,0.0,45.21850698198708,1,100,0,0,,,43,0.06323529411764706,1.0,0.023255813953488372,45.21850698198708,3,38,4,1,40.625138714377606,274.8667883964077,483.249908647001,501.1046214635225,-18.502293074115528,0.9631246399903205,0.0,-185.0229307411553,80.0068244588119,60.592829215846066,False,False,False,False,476.32842668752676,489.9803273761068,-14.1470473456788,0.9711564632797092,0.0,-141.470473456788,73.87576819380612,59.776053950128926,False,False,False,False,387.3296504340292,362.190924173503,25.138726260526198,1.0694073887077409,0.0,251.387262605262,73.28653201490638,54.2629662697928,False,False,False,False,0.0,0.0,0.0,1.0,0.0,0.0,0.0,0.0,False,False,False,False,0.0,0.0,0.0,1.0,0.0,0.0,0.0,0.0,False,False,False,False,0.0,0.0,0.0,0.0
0.31666666666666665,27,FRONT_LIDAR_LEADER,218,False,219,-47.57806490337187,9.98055025562066,57.558615158992524,627,,-84.55167787334805,False,0.0,129,9,1.318711924131323,15.853775055703295,BURIED,False,0.0,150,5.326753223503522,-5.326753223503522,450.99943194299584,499.35093983030407,-50.105189520526665,0.9000105220059839,0.0,-322.50476704005166,-36.72033089394897,40.89218549094005,77.61251638488902,58.436735210351614,61.113946390967264,84.0,0.5494505494505495,1.0,0.3119585412478947,0.7277777777777777,144.92118823691726,97.98000000000002,False,OPENING_APPROACH,SPH_CORRIDOR,46.72744814202423,66.68425617991801,37.48167884285232,37.48167884285232,37.48167884285232,46.72744814202423,66.68425617991801,0.0,0.0,680,680,459,37.8,0,0,170,1.0,0,0.0,1.0,0.0,False,False,False,False,101,0.14852941176470588,1.0,0.0,45.590779231517324,1,101,0,0,,,101,0.14852941176470588,1.0,0.0,45.590779231517324,1,101,0,0,,,100,0.14705882352941177,1.0,0.0,45.590779231517324,1,100,0,0,,,45,0.0661764705882353,0.9767441860465116,0.06666666666666667,45.590779231517324,3,38,5,2,39.86044583242575,277.86086854265665,450.99943194299584,499.35093983030407,-50.105189520526665,0.9000105220059839,0.0,-322.50476704005166,77.61251638488902,58.436735210351614,False,False,False,False,428.2772097889495,487.8207182605563,-61.703117587157294,0.8740702143745575,0.0,-480.5121689857725,70.08917099782445,56.60303358192843,False,False,False,False,374.40418449803036,362.190924173503,12.213260324527369,1.033720503495214,0.0,-129.2546593599883,70.88643501326561,53.21427094647677,False,False,False,False,0.0,0.0,0.0,1.0,0.0,0.0,0.0,0.0,False,False,False,False,0.0,0.0,0.0,1.0,0.0,0.0,0.0,0.0,False,False,False,False,0.0,0.0,0.0,0.0
0.41666666666666663,27,FRONT_LIDAR_LEADER,218,False,219,-47.17229728773328,9.055405892232343,56.22770317996562,629,,-84.82536265190724,False,0.0,122,9,1.1339378718554642,15.494753089571974,BURIED,False,0.0,142,5.33028771865003,-5.33028771865003,420.1696774968605,496.57959564863353,-79.18126233344356,0.8414316345126897,0.0,-308.2975444613533,-35.732588597411336,40.75884762887316,76.49143622628449,56.17736275567662,61.30623912616416,84.0,0.5494505494505495,1.0,0.05222632012027307,0.7277777777777777,144.92118823691726,97.98000000000002,False,OPENING_APPROACH,SPH_CORRIDOR,47.32399781288933,66.4625074192652,39.01385689615398,39.01385689615398,39.01385689615398,47.32399781288933,66.4625074192652,0.0,0.0,680,680,481,37.8,0,0,170,1.0,0,0.0,1.0,0.0,False,False,False,False,103,0.1514705882352941,1.0,0.019417475728155338,45.973670154403464,1,103,0,0,,,101,0.14852941176470588,1.0,0.0,45.973670154403464,1,101,0,0,,,98,0.14411764705882352,0.98,0.0,45.973670154403464,1,98,0,0,,,43,0.06323529411764706,0.9555555555555556,0.0,45.973670154403464,3,38,3,2,39.469277121365266,279.6956647519494,420.1696774968605,496.57959564863353,-79.18126233344356,0.8414316345126897,0.0,-308.2975444613533,76.49143622628449,56.17736275567662,False,False,False,False,382.3378965843688,484.1288195018897,-105.48282167618748,0.7837672371679657,0.0,-459.39313204580696,66.38456569653017,53.48912974185684,False,False,False,False,349.258041067486,361.7382732647924,-12.932883106017016,0.9642926361682611,0.0,-251.4614343054439,67.77008314769454,51.953778613013895,False,False,False,False,0.0,0.0,0.0,1.0,0.0,0.0,0.0,0.0,False,False,False,False,0.0,0.0,0.0,1.0,0.0,0.0,0.0,0.0,False,False,False,False,0.0,0.0,0.0,0.0
0.5166666666666666,27,FRONT_LIDAR_LEADER,218,False,219,-48.63693279693697,7.38563192985571,56.02256472679268,645,,-87.1762546421679,False,0.0,121,5,1.1394481163712469,15.381901609211042,BURIED,False,0.0,136,5.608821411146191,-5.608821411146191,390.9976439310964,492.88422733851974,-105.58195171753715,0.7873816148655368,0.0,-291.72033565764144,-36.59069983603644,39.57271442045174,76.16341425648818,54.33474494511272,63.02640515440811,84.0,0.5824175824175825,1.0,0.8532469826288286,0.7305555555555555,144.92118823691726,97.98000000000002,False,OPENING_APPROACH,SPH_CORRIDOR,47.43564484339453,66.10993593512768,39.82048599444619,39.82048599444619,39.82048599444619,47.43564484339453,66.10993593512768,0.0,0.0,680,680,489,37.8,0,0,170,1.0,0,0.0,1.0,0.0,False,False,False,False,103,0.1514705882352941,1.0,0.0,46.31693878216821,1,103,0,0,,,101,0.14852941176470588,1.0,0.0,46.31693878216821,1,101,0,0,,,98,0.14411764705882352,1.0,0.0,46.31693878216821,1,98,0,0,,,48,0.07058823529411765,1.0,0.10416666666666667,46.31693878216821,4,38,4,3,16.573121759582868,281.12421035519316,390.9976439310964,492.88422733851974,-105.58195171753715,0.7873816148655368,0.0,-291.72033565764144,76.16341425648818,54.33474494511272,False,False,False,False,336.94552246466503,478.97740410558686,-147.1832970372247,0.6959831947442034,0.0,-453.923741197038,62.37233733561976,51.673429252041856,False,False,False,False,320.88597200180277,360.3084427205877,-40.85230126298961,0.8870666880386037,0.0,-283.7206906568321,63.46938741393568,49.43745972884524,False,False,False,False,0.0,0.0,0.0,1.0,0.0,0.0,0.0,0.0,False,False,False,False,0.0,0.0,0.0,1.0,0.0,0.0,0.0,0.0,False,False,False,False,0.0,0.0,0.0,0.0
0.6166666666666669,27,FRONT_LIDAR_LEADER,218,False,219,-49.66874253235243,6.487453556275919,56.15619608862835,653,,-88.37850440218745,False,0.0,114,0,1.6289364511169802,15.001812137462597,UNCERTAIN,False,0.0,127,6.021402130709072,-6.021402130709072,365.20376704142143,488.4154112281213,-127.6804602970983,0.7409524322039106,0.0,-257.9387688967487,-37.01512595220906,38.93094706188076,75.94607301408982,52.14468592008545,63.87479348704135,84.0,0.5934065934065934,1.0,0.6183222093316648,0.7277777777777777,144.92118823691726,97.98000000000002,False,OPENING_APPROACH,SPH_CORRIDOR,47.22672447164848,65.46944797957423,40.14785027573026,40.14785027573026,40.14785027573026,47.22672447164848,65.46944797957423,0.0,0.0,680,680,498,37.8,0,0,168,1.0,0,0.0,1.0,0.0,False,False,False,False,103,0.1514705882352941,1.0,0.0,46.908377918759165,1,103,0,0,,,101,0.14852941176470588,1.0,0.0,46.908377918759165,1,101,0,0,,,98,0.14411764705882352,1.0,0.0,46.908377918759165,1,98,0,0,,,47,0.06911764705882353,0.9791666666666666,0.0,46.908377918759165,4,38,4,3,16.758192949466633,282.6688893122306,365.20376704142143,488.4154112281213,-127.6804602970983,0.7409524322039106,0.0,-257.9387688967487,75.94607301408982,52.14468592008545,False,False,False,False,305.8929788538574,472.91944922177635,-173.08442525172944,0.6386375979991442,0.0,-310.5254361080752,59.087906859007994,49.1047130232113,False,False,False,False,296.04149238775045,358.0590994589384,-64.26695033283727,0.8216335153082298,0.0,-248.4447961405224,60.3168383468191,48.780370038135935,False,False,False,False,0.0,0.0,0.0,1.0,0.0,0.0,0.0,0.0,False,False,False,False,0.0,0.0,0.0,1.0,0.0,0.0,0.0,0.0,False,False,False,False,0.0,0.0,0.0,0.0
0.7166666666666672,27,FRONT_LIDAR_LEADER,218,False,219,-50.96703700507361,6.667136280063773,57.63417328513738,653,,-89.27646131293616,False,0.0,107,0,2.2001361073516246,14.766610840160453,UNCERTAIN,False,0.0,120,4.403054328187573,-4.403054328187573,350.6293001280437,483.59289733961856,-137.78611110007756,0.7178915572020667,0.0,-145.7446691337766,-37.33271299753892,38.42920882331575,75.76192182085467,51.756209445876834,64.51954325291483,84.0,0.6043956043956044,1.0,0.3703343819980799,0.7277777777777777,144.92118823691726,97.98000000000002,False,OPENING_APPROACH,SPH_CORRIDOR,46.5272565467252,64.70254750650929,39.69981586605729,39.69981586605729,39.69981586605729,46.5272565467252,64.70254750650929,0.0,0.0,680,680,498,37.8,0,0,168,1.0,0,0.0,1.0,0.0,False,False,False,False,105,0.15441176470588236,1.0,0.01904761904761905,47.68601940884365,1,105,0,0,,,101,0.14852941176470588,1.0,0.0,47.68601940884365,1,101,0,0,,,98,0.14411764705882352,1.0,0.0,47.68601940884365,1,98,0,0,,,48,0.07058823529411765,1.0,0.020833333333333332,47.68601940884365,4,38,4,3,17.242033697905818,283.3979919254103,350.6293001280437,483.59289733961856,-137.78611110007756,0.7178915572020667,0.0,-145.7446691337766,75.76192182085467,51.756209445876834,False,False,False,False,276.1013999087691,466.0308174958211,-196.81804931300724,0.5838233135962461,0.0,-297.91578945088213,57.24919214302727,45.65869864226667,False,False,False,False,283.36349952134105,355.4447534611225,-74.69559993759736,0.791387511026896,0.0,-126.77992866409357,58.8049861549771,47.47137737182483,False,False,False,False,0.0,0.0,0.0,1.0,0.0,0.0,0.0,0.0,False,False,False,False,0.0,0.0,0.0,1.0,0.0,0.0,0.0,0.0,False,False,False,False,0.0,0.0,0.0,0.0
0.8166666666666675,27,FRONT_LIDAR_LEADER,218,False,219,-52.79685279423757,7.611939636240695,60.40879243047827,653,,-89.91880274320673,False,0.0,104,0,2.6084127412970166,14.81144930790936,UNCERTAIN,False,0.0,117,3.6666387622441445,-3.6666387622441445,348.7076752040017,478.871914564872,-134.88522213561686,0.7210769163946397,0.0,-19.21624924042015,-37.56281684938035,38.05595545004706,75.6187722994274,51.32260637195806,64.95567855954232,84.0,0.6043956043956044,1.0,0.12130339111484992,0.7277777777777777,144.92118823691726,97.98000000000002,False,OPENING_APPROACH,SPH_CORRIDOR,45.1286881074779,63.78492093167682,37.49950745992021,37.49950745992021,37.49950745992021,45.1286881074779,63.78492093167682,0.0,0.0,680,680,498,37.8,3,167,168,0.0,3,0.005859375,1.0,1.0,False,False,False,False,105,0.15441176470588236,1.0,0.0,47.34815983814313,1,105,0,0,,,101,0.14852941176470588,1.0,0.0,47.34815983814313,1,101,0,0,,,98,0.14411764705882352,1.0,0.0,47.34815983814313,1,98,0,0,,,48,0.07058823529411765,1.0,0.0,47.34815983814313,4,38,4,3,17.166157686741762,282.78982972957033,348.7076752040017,478.871914564872,-134.88522213561686,0.7210769163946397,0.0,-19.21624924042015,75.6187722994274,51.32260637195806,False,False,False,False,272.4347940802976,459.2549566762778,-193.59602341552352,0.5845853618526858,0.0,-36.666058284715064,57.93546691500269,45.396070539614,False,False,False,False,281.0252017940247,352.8400691527741,-74.41955166709778,0.7906297647033984,0.0,-23.382977273163235,59.24804057969259,47.01534606347509,False,False,False,False,590.2820740983962,590.2820740983962,0.0,1.0,0.0,0.0,57.66759014358953,46.13407211487163,False,False,False,False,360.28092253511954,360.28092253511954,0.0,1.0,0.0,0.0,57.93546691500269,51.87986478836891,False,False,False,False,29.999999999999908,0.05859374999999982,1.0,0.001953125
0.9166666666666679,27,FRONT_LIDAR_LEADER,218,False,219,-56.22190247630412,9.11421513890909,65.33611761521321,680,,-90.01841158609511,False,0.0,97,0,2.659999862662638,14.005261359631994,UNCERTAIN,False,0.0,110,6.49759511088929,-6.49759511088929,358.02931011740753,474.6424234092107,-120.84260444746445,0.7476515102012855,0.0,93.21634913405802,-37.604116194883396,38.00015376098165,75.60426995586505,52.405569472575465,65.0265663882853,84.0,0.6043956043956044,1.0,0.01965906484158817,0.7277777777777777,144.92118823691726,97.98000000000002,False,OPENING_APPROACH,SPH_CORRIDOR,41.77043111466611,61.80059080367704,32.66003622909676,32.66003622909676,32.66003622909676,41.77043111466611,61.80059080367704,0.0,0.0,680,680,491,37.8,4,201,168,0.6576576576576577,4,0.0078125,1.0,0.25,False,False,False,False,103,0.1514705882352941,0.9809523809523809,0.0,46.60608023985279,1,103,0,0,,,100,0.14705882352941177,0.9900990099009901,0.0,46.60608023985279,1,100,0,0,,,99,0.14558823529411766,0.9897959183673469,0.020202020202020204,46.60608023985279,1,99,0,0,,,47,0.06911764705882353,0.9791666666666666,0.0,46.60608023985279,4,38,4,3,16.488766966586628,281.10845334504825,358.02931011740753,474.6424234092107,-120.84260444746445,0.7476515102012855,0.0,93.21634913405802,75.60426995586505,52.405569472575465,False,False,False,False,285.66680267479813,453.179371286226,-173.58815400147967,0.62202225261155,0.0,132.32008594500502,60.776581184317706,46.344986623235854,False,False,False,False,286.77142614401623,350.5276666474676,-66.06864300875787,0.8127518703660859,0.0,57.4622434999149,61.19586298979338,46.92366553705019,False,False,False,False,490.2595305473115,586.7812850741082,-100.02254355108465,0.8305512771942799,0.0,-1000.2254355108435,60.30425307687291,46.87481143519941,False,False,False,False,293.8737168833014,357.9566703373059,-66.40720565181812,0.8156793726835624,0.0,-664.0720565181791,60.776581184317706,48.57535758845715,False,False,False,False,9.99999999999997,0.01953124999999994,2.3333333333333335,0.004557291666666667
1.016666666666668,27,FRONT_LIDAR_LEADER,218,False,219,-62.6720200662975,10.576833939714406,73.24885400601191,680,,-90.01362111698978,False,0.0,87,0,2.6599999248322286,12.566415088190972,UNCERTAIN,False,0.0,100,7.356510400210427,-7.356510400210427,377.8202930485591,471.2536488465879,-96.82213036065161,0.7960103741565956,0.0,197.90982931151558,-37.60086764527213,38.002292071762454,75.60315971703459,53.15431553114327,65.02313612007154,84.0,0.6043956043956044,1.0,0.0009509466864253716,0.7277777777777777,144.92118823691726,97.98000000000002,False,OPENING_APPROACH,SPH_CORRIDOR,35.31710166057286,58.02310846767301,24.7430700284242,24.7430700284242,24.7430700284242,35.31710166057286,58.02310846767301,0.0,0.0,680,680,472,37.8,7,182,168,0.8502415458937198,7,0.013671875,1.0,0.42857142857142855,False,False,False,False,103,0.1514705882352941,1.0,0.0,47.60406232739424,1,103,0,0,,,100,0.14705882352941177,1.0,0.0,47.60406232739424,1,100,0,0,,,99,0.14558823529411766,1.0,0.0,47.60406232739424,1,99,0,0,,,57,0.0838235294117647,1.0,0.17543859649122806,47.60406232739424,6,38,6,6,2.1414375766480296,278.7176007381843,377.8202930485591,471.2536488465879,-96.82213036065161,0.7960103741565956,0.0,197.90982931151558,75.60315971703459,53.15431553114327,False,False,False,False,306.3859366236291,448.0416010730351,-146.7934346625969,0.6760809428594162,0.0,207.19133948830955,64.9049846491553,48.25051128326061,False,False,False,False,300.7406935820575,348.7851225901782,-49.78697306541011,0.8579656392273257,0.0,139.6926743804123,64.9049846491553,46.890745790086754,False,False,False,False,341.0111612203779,578.1793307392276,-245.77012385373024,0.5811554831325433,0.0,-1492.4836932693345,63.93110333977521,39.8739912652444,False,False,False,False,322.8278381450126,356.7271612105757,-35.128832192293316,0.9018628926255485,0.0,289.5412126171115,64.9049846491553,50.94846032394013,False,False,False,False,29.999999999999975,0.05859374999999995,4.666666666666667,0.009114583333333334
1.1166666666666676,27,FRONT_LIDAR_LEADER,218,False,219,-71.56706332121861,12.266080435997939,83.83314375721655,680,,-90.00039677034803,False,0.0,80,0,2.659999999936245,11.346140569727648,UNCERTAIN,False,0.0,93,5.372017332909653,-5.372017332909653,406.900560893812,469.0012907682408,-64.35308795277592,0.8634427805274661,0.0,290.8026784525298,-37.5911592039274,38.00893289608087,75.60009210000827,54.65193168836138,65.01367779883375,84.0,0.6043956043956044,1.0,0.0026222429170008315,0.7277777777777777,144.92118823691726,97.98000000000002,False,OPENING_APPROACH,SPH_CORRIDOR,26.413202061971788,52.904083040751175,14.147205910303057,14.147205910303057,14.147205910303057,26.413202061971788,52.904083040751175,0.0,0.0,680,680,429,37.8,5,156,168,0.8369565217391305,5,0.009765625,0.42857142857142855,0.4,False,False,False,False,150,0.22058823529411764,1.0,0.31333333333333335,54.39529639830837,1,150,0,0,,,136,0.2,1.0,0.2647058823529412,54.39529639830837,2,83,53,0,48.409897817802666,311.5901021821973,129,0.18970588235294117,1.0,0.23255813953488372,54.39529639830837,2,76,53,0,49.310089916546154,310.6899100834538,80,0.11764705882352941,1.0,0.2875,54.39529639830837,6,53,15,8,7.62280022610353,281.81495907290827,406.900560893812,469.0012907682408,-64.35308795277592,0.8634427805274661,0.0,290.8026784525298,75.60009210000827,54.65193168836138,False,False,False,False,344.06408572036656,444.40238803569173,-103.97751535266855,0.7679288818189023,0.0,376.78149096737593,70.46742892923207,49.52814034322598,False,False,False,False,312.10934169216193,347.50147025874764,-36.675780898016285,0.8948470604891303,0.0,113.68648110104499,70.46742892923209,48.601896780389964,False,False,False,False,393.200813883809,571.7050826492879,-184.97851685541855,0.6800672265144528,0.0,521.8965266343129,59.452048033336254,42.93280441176289,False,False,False,False,363.7539229626581,356.7271612105757,7.02676175208245,1.0196978602028415,0.0,409.26084817645665,70.41586181439229,53.68520304430134,False,False,False,False,-20.00000000000007,-0.03906250000000014,5.333333333333333,0.010416666666666666
1.2166666666666672,27,FRONT_LIDAR_LEADER,218,False,219,-80.42737041371831,14.188133401997561,94.61550381571587,653,,-89.98909428313021,False,0.0,75,0,2.65307155158981,10.127639896254323,UNCERTAIN,False,0.0,88,2.6976602828074383,-2.6976602828074383,439.8210152734655,467.97998112592364,-29.180275494775287,0.9377820998168748,0.0,329.20454379653626,-37.81547760034077,38.19572974169058,76.01120734203135,58.08974416303367,65.00560694012387,84.0,0.6043956043956044,1.0,0.002237797397546087,0.7277777777777777,144.92118823691726,97.98000000000002,False,OPENING_APPROACH,SPH_CORRIDOR,17.54534004965626,47.71311857401571,3.354806377241516,3.354806377241516,3.354806377241516,17.54534004965626,47.71311857401571,0.0,0.0,680,680,388,37.8,4,93,168,0.5859872611464968,4,0.0078125,0.4,0.5,False,False,False,False,150,0.22058823529411764,0.9866666666666667,0.013333333333333334,56.353852378229206,1,150,0,0,,,145,0.21323529411764705,0.9705882352941176,0.0896551724137931,56.353852378229206,2,82,63,0,49.434017468827335,310.56598253117266,136,0.2,0.9612403100775194,0.08823529411764706,56.353852378229206,2,73,63,0,50.463720372778965,309.53627962722106,97,0.1426470588235294,1.0,0.17525773195876287,56.353852378229206,5,63,19,10,7.682285961146545,280.28529087660604,439.8210152734655,467.97998112592364,-29.180275494775287,0.9377820998168748,0.0,329.20454379653626,76.01120734203135,58.08974416303367,False,False,False,False,384.57708170592025,442.30850231414973,-59.82530632977148,0.8653803221125655,0.0,405.1299598555383,76.01120734203134,52.194118843314,False,False,False,False,317.9126145853261,346.4658603101779,-29.588855673421563,0.9148525741448235,0.0,58.03272893164169,75.18673039420574,48.78895940502504,False,False,False,False,96.71707003707826,555.0805022078605,-474.9880126122096,0.16917301065243334,0.0,-2964.837438467318,25.856441561171028,18.791440853235258,False,False,False,False,189.104681823578,350.86037443203077,-167.62247938699767,0.5301101300552489,0.0,-1746.4924113908073,51.46376957573454,35.34125130322592,False,False,False,False,-10.000000000000036,-0.01953125000000007,5.333333333333333,0.010416666666666666
1.3166666666666669,27,FRONT_LIDAR_LEADER,218,False,219,-87.3641242945066,16.01761364492031,103.3817379394269,653,,-89.98009016489364,False,0.0,73,0,2.6473511244446852,9.682729847666726,UNCERTAIN,False,0.0,86,1.5770791619278468,-1.5770791619278468,471.9643153817189,467.97998112592364,3.984334255795261,1.0085138989197984,0.0,321.43300108253527,-40.319046340166814,40.70525600164267,81.02430234180949,59.3124662853205,64.99918579060514,84.0,0.6043956043956044,1.0,0.0017805287666901185,0.7277777777777777,144.92118823691726,97.98000000000002,False,OPENING_APPROACH,SPH_OPENING_APPROACH,10.602545776707586,43.601069556707614,5.419648416261623,5.419648416261623,-5.419648416261623,10.602545776707586,43.601069556707614,0.11009174311926606,0.03529411764705882,680,680,354,37.8,2,71,168,0.7634408602150538,2,0.00390625,0.5,0.0,False,False,False,False,147,0.2161764705882353,0.98,0.0,56.43100097541389,2,83,64,0,51.17459637093057,308.82540362906946,141,0.2073529411764706,0.9655172413793104,0.0070921985815602835,56.43100097541389,2,77,64,0,52.08597798447191,307.91402201552813,132,0.19411764705882353,0.9558823529411765,0.015151515151515152,56.43100097541389,2,68,64,0,52.91712764749213,307.0828723525079,97,0.1426470588235294,0.9587628865979382,0.041237113402061855,56.43100097541389,5,64,15,12,3.097147120800532,281.58001872037045,471.9643153817189,467.97998112592364,3.984334255795261,1.0085138989197984,0.0,321.43300108253527,81.02430234180949,59.3124662853205,False,False,False,False,415.79024549265426,441.3803633253974,-26.51825682149547,0.9400457900249432,0.0,312.1316378673413,81.02430234180947,55.25136492155539,False,False,False,False,318.8330079337557,345.4987104770031,-27.632852376422193,0.9202436501198602,0.0,9.203933484296304,69.77045928627682,48.62510948907695,False,False,False,False,186.7343000288959,542.1883851315968,-368.34620217896463,0.33640940239505956,0.0,900.1722999181795,27.33015184947906,21.864121479583247,False,False,False,False,203.63540036821618,345.70750033979726,-147.22497406381459,0.5803887107452904,0.0,145.30718544638228,53.73601128661696,37.4096407216398,False,False,False,False,-20.00000000000007,-0.03906250000000014,3.6666666666666665,0.007161458333333333
1.4166666666666665,27,FRONT_LIDAR_LEADER,218,False,219,-91.46922703991288,19.196969023054518,110.6661960629674,653,,-89.54383186583411,False,0.0,69,0,2.370115210354283,8.071663747058226,UNCERTAIN,False,0.0,82,0.25822085561706837,-0.25822085561706837,500.6219821218461,467.97998112592364,32.642000995922444,1.0697508489944128,0.0,286.57666740127286,-41.49306589700944,41.8803085065668,83.37337440357624,61.51225295158224,64.69681105051271,84.0,0.6043956043956044,1.0,0.08399288289070217,0.7277777777777777,144.92118823691726,97.98000000000002,False,OPENING_APPROACH,SPH_OPENING_APPROACH,6.204241409113763,41.016726639926674,13.109379322275913,13.109379322275913,-13.109379322275913,6.204241409113763,41.016726639926674,0.27522935779816515,0.08823529411764706,680,680,338,37.8,6,93,168,0.6078431372549019,6,0.01171875,1.0,0.6666666666666666,False,False,False,False,142,0.2088235294117647,0.9659863945578231,0.0,56.073868305176106,2,78,64,0,53.00236095940192,306.9976390405981,134,0.19705882352941176,0.950354609929078,0.0,56.073868305176106,2,70,64,0,54.14669937911485,305.85330062088514,129,0.18970588235294117,0.9772727272727273,0.0,56.073868305176106,2,65,64,0,54.36091915352841,305.6390808464716,87,0.12794117647058822,0.865979381443299,0.034482758620689655,56.073868305176106,7,64,9,4,3.0684666427376954,276.58622955535554,500.6219821218461,467.97998112592364,32.642000995922444,1.0697508489944128,0.0,286.57666740127286,83.37337440357624,61.51225295158224,False,False,False,False,452.8592471910692,441.3803633253974,11.478883865671776,1.026006784214841,0.0,370.69001698415053,83.22506858837578,57.89056889507942,False,False,False,False,325.6792889967709,344.80503072519497,-19.819421480232222,0.9426353243030369,0.0,68.46281063015194,73.0666528256562,50.033543284610765,False,False,False,False,654.7399849592522,542.1883851315968,112.55159982765542,1.2075876262091774,0.0,4680.05684930358,82.32345504873958,56.0963284585482,True,False,False,False,542.8330078936077,345.70750033979726,197.12550755381045,1.57020894067978,0.09999999999999964,3391.976075253927,83.15951848754666,64.75352295634232,True,True,True,True,40.00000000000014,0.07812500000000028,4.0,0.0078125
1.5166666666666662,27,FRONT_LIDAR_LEADER,218,False,219,-93.49502194725545,23.149849266355606,116.64487121361105,653,,-88.91753402918721,False,0.0,69,0,1.971875739435788,7.907450845778998,UNCERTAIN,False,0.0,82,0.2848499663344382,-0.2848499663344382,522.65682267628,467.97998112592364,54.6768415503563,1.1168358557107678,0.0,220.34840554433936,-46.325983341754586,44.41423380137953,90.74021714313412,62.70866669413307,64.24497422252462,84.0,0.5934065934065934,1.0,0.31732345141157214,0.7277777777777777,144.92118823691726,97.98000000000002,False,OPENING_APPROACH,SPH_OPENING_APPROACH,3.754373661528348,39.64378075768303,19.703104022657385,19.703104022657385,-19.703104022657385,3.754373661528348,39.64378075768303,0.3165137614678899,0.10147058823529412,680,680,327,37.8,5,71,168,0.7634408602150538,5,0.009765625,0.6666666666666666,0.2,True,False,False,False,139,0.20441176470588235,0.9788732394366197,0.0,56.290326710410525,2,75,64,0,54.039697022423965,305.960302977576,133,0.19558823529411765,0.9925373134328358,0.0,56.290326710410525,2,69,64,0,54.982903104271514,305.01709689572846,127,0.18676470588235294,0.9767441860465116,0.007874015748031496,56.290326710410525,2,64,63,0,54.913146167506476,305.0868538324935,89,0.13088235294117648,0.9655172413793104,0.056179775280898875,56.290326710410525,10,64,5,5,0.9426731241829671,276.5130022765759,522.65682267628,467.97998112592364,54.6768415503563,1.1168358557107678,0.0,220.34840554433936,90.74021714313412,62.70866669413307,True,False,False,False,495.0282588565844,441.3803633253974,53.647895531186975,1.121545723346184,0.0,421.6901166551535,90.74021714313412,59.94365831696064,True,False,False,False,336.5960757714562,344.5177173018141,-8.208954953738782,0.9761924733624864,0.0,109.16786774685345,74.48592386971043,49.99813853450195,False,False,False,False,930.0133374459949,542.1883851315968,387.82495231439816,1.7152955742869105,0.09999999999999964,2752.733524867437,90.74021714313412,67.47821134391359,True,True,True,True,641.1356753180763,345.70750033979726,295.42817497827906,1.8545610803581107,0.1999999999999993,983.0266742446896,90.74021714313412,74.25314071893402,True,True,True,True,-10.000000000000036,-0.01953125000000007,4.333333333333333,0.008463541666666666
1.6166666666666658,27,FRONT_LIDAR_LEADER,217,False,218,-94.94499476503891,25.835812926870663,120.78080769190957,652,,-88.70746319911086,False,0.0,69,0,1.8382443928691454,7.867575811712186,UNCERTAIN,False,0.0,82,0.20565881479040143,-0.20565881479040143,539.9238377579582,467.97998112592364,71.94385663203451,1.1537327653609095,0.0,172.67015081678272,-50.82004796148873,48.98291740745494,99.80296536894367,63.58823239741494,64.09770282000474,84.0,0.5934065934065934,1.0,0.04068491433582728,0.7277777777777777,144.92118823691726,97.98000000000002,False,OPENING_APPROACH,SPH_OPENING_APPROACH,2.161050261846299,38.845276732761704,24.055557032910485,24.055557032910485,-24.055557032910485,2.161050261846299,38.845276732761704,0.3778801843317972,0.12076583210603829,679,679,305,37.8,4,47,172,0.6619718309859155,4,0.007889546351084813,0.8,0.0,True,False,False,False,140,0.20618556701030927,1.0,0.007142857142857143,56.559586313970705,2,76,64,0,54.638843794458225,305.36115620554176,134,0.19734904270986744,0.9849624060150376,0.022388059701492536,56.559586313970705,2,70,64,0,54.802865210759364,305.1971347892406,125,0.18409425625920472,0.9763779527559056,0.008,56.559586313970705,3,64,39,22,15.587799110098299,297.0803502852111,87,0.12812960235640647,0.9438202247191011,0.034482758620689655,56.559586313970705,10,64,5,4,0.015643015165544227,277.2091633877957,539.9238377579582,467.97998112592364,71.94385663203451,1.1537327653609095,0.0,172.67015081678272,99.80296536894367,63.58823239741494,True,False,False,False,529.7663994209055,441.3803633253974,88.38603609550808,1.200249135302713,0.0,347.38140564321225,99.80296536894366,61.58204710472225,True,False,False,False,327.54629441709056,343.9237175008488,-16.97142288472355,0.950738606369391,0.0,-90.49781354365653,73.37514540617795,49.368048506536944,False,False,False,False,1301.5717028397696,542.1883851315968,759.3833177081729,2.400589423404671,0.1999999999999993,3715.58365393776,99.80296536894367,75.35753714574562,True,True,True,True,661.501457129377,345.70750033979726,315.7939567895797,1.9134715228312507,0.29999999999999893,203.65781811300693,99.80296536894366,77.19868025369414,True,True,True,True,-10.000000000000036,-0.018760786489151936,5.0,0.00979130711702827
1.7166666666666655,27,FRONT_LIDAR_LEADER,217,False,218,-96.76370102826998,27.543123440981038,124.30682446925101,652,,-89.12761915055718,False,0.0,69,0,2.105489667020606,8.007084649693994,UNCERTAIN,False,0.0,82,0.022066458665584904,-0.022066458665584904,552.4224993302115,467.97998112592364,84.44251820428786,1.1804404496130918,0.0,124.98661572253398,-53.746697944901975,52.90418430351672,106.6508822484187,64.240907680793,64.42335893082787,84.0,0.6043956043956044,1.0,0.08926340025569848,0.7305555555555555,144.92118823691726,97.98000000000002,False,OPENING_APPROACH,SPH_OPENING_APPROACH,0.6319935411283382,38.094659388391165,27.169424563151722,27.169424563151722,-27.169424563151722,0.6319935411283382,38.094659388391165,0.41013824884792627,0.13107511045655376,679,679,300,37.8,4,39,169,0.4827586206896552,4,0.00784313725490196,0.75,0.25,True,False,False,False,140,0.20618556701030927,1.0,0.0,56.82668072378481,2,76,64,0,54.97043477733239,305.0295652226676,132,0.19440353460972018,0.9850746268656716,0.0,56.82668072378481,2,68,64,0,55.25353771607054,304.7464622839295,121,0.17820324005891017,0.968,0.0,56.82668072378481,3,64,39,18,14.931900564207204,297.47484589508076,85,0.1251840942562592,0.9655172413793104,0.011764705882352941,56.82668072378481,12,64,4,3,1.0123696960901074,275.58848167647454,552.4224993302115,467.97998112592364,84.44251820428786,1.1804404496130918,0.0,124.98661572253398,106.6508822484187,64.240907680793,True,False,False,False,558.3736782585502,441.3803633253974,116.99331493315276,1.2650623467970237,0.0,286.0727883764479,106.6508822484187,63.662416741582845,True,False,False,False,339.7288499934273,343.77689713808905,-4.19486750742152,0.987802912989241,0.0,121.82555576336753,73.80099882634465,50.107533139738706,False,False,False,False,1582.5849977457988,542.1883851315968,1040.396612614202,2.9188839915146523,0.29999999999999893,2810.1329490603016,106.6508822484187,85.40816446518505,True,True,True,True,784.1541844190176,345.70750033979726,438.44668407922035,2.2682591024153926,0.3999999999999986,1226.527272896411,106.6508822484187,82.93026213393452,True,True,True,True,0.0,-0.00046409096182852504,4.333333333333333,0.008499436201995591
1.816666666666665,27,FRONT_LIDAR_LEADER,217,False,218,-99.13173411889692,29.399029671921387,128.5307637908183,652,,-89.8945742946555,False,0.0,69,0,2.5930186002697644,8.236387932757953,UNCERTAIN,False,0.0,82,-0.0781974735888404,0.0781974735888404,563.2202626488678,467.97998112592364,95.24028152294414,1.203513580418127,0.0,107.97763318656318,-55.164179123396046,55.595393141155775,110.75957226455182,64.47752602351187,64.93857410404873,84.0,0.6043956043956044,1.0,0.33592432190825583,0.7277777777777777,144.92118823691726,97.98000000000002,False,OPENING_APPROACH,SPH_OPENING_APPROACH,1.2222852800272221,37.164800159746164,30.652033824450484,30.652033824450484,-30.652033824450484,-1.2222852800272221,37.164800159746164,0.4608294930875576,0.14727540500736377,679,679,289,37.8,8,69,170,0.4794520547945205,8,0.015717092337917484,1.0,0.5,True,False,False,False,139,0.20471281296023564,0.9928571428571429,0.0,56.943552489898366,2,75,64,0,55.159430281947756,304.8405697180522,130,0.19145802650957292,0.9772727272727273,0.007692307692307693,56.943552489898366,2,66,64,0,55.60724782181687,304.3927521781831,119,0.17525773195876287,0.9752066115702479,0.008403361344537815,56.943552489898366,5,64,40,9,6.707687884484034,274.4472362172856,85,0.1251840942562592,0.9882352941176471,0.011764705882352941,56.943552489898366,10,64,4,4,2.198254643263401,274.4472362172856,563.2202626488678,467.97998112592364,95.24028152294414,1.203513580418127,0.0,107.97763318656318,110.75957226455182,64.47752602351187,True,False,False,False,588.4330983262892,441.3803633253974,147.05273500089174,1.3331655579169492,0.09999999999999964,300.5942006773909,110.75957226455182,65.54759866074397,True,True,True,True,336.34837449690787,343.5168988456477,-7.428522641181189,0.9783914431044582,0.0,-33.80475496519421,71.92585889988406,50.09444632092378,False,False,False,False,1539.9492183722818,542.1883851315968,997.7608332406851,2.8402475239275264,0.3999999999999986,-426.3577937351708,110.75957226455182,88.16813115445986,True,True,True,False,1014.3287629189169,345.70750033979726,668.6212625791197,2.934066405623046,0.4999999999999982,2301.7457849990014,110.75957226455182,81.42741922038607,True,True,True,True,40.00000000000014,0.07873955083015552,5.333333333333333,0.010483258647968086
1.9166666666666647,27,FRONT_LIDAR_LEADER,217,False,218,-101.09263063917321,31.30877780209226,132.40140844126546,652,,-89.77824915827851,False,0.0,69,0,2.519102153567252,8.198444033933866,UNCERTAIN,False,0.0,82,0.03450263912520938,-0.03450263912520938,574.5600665106501,467.97998112592364,106.58008538472649,1.2277449670567169,0.0,113.39803861782383,-56.83117194929933,56.420889675523036,113.25206162482237,65.12566634969008,64.85719175811883,84.0,0.6043956043956044,1.0,0.022593213943554267,0.7277777777777777,144.92118823691726,97.98000000000002,False,OPENING_APPROACH,SPH_OPENING_APPROACH,3.2614767995546003,36.07809448882307,34.638262671302755,34.638262671302755,-34.638262671302755,-3.2614767995546003,36.07809448882307,0.4930875576036866,0.15758468335787923,679,679,282,37.8,6,40,168,0.5797101449275363,6,0.011741682974559686,0.75,0.0,True,False,False,False,136,0.20029455081001474,0.9712230215827338,0.007352941176470588,57.05409870106393,2,72,64,0,55.945961743373964,304.05403825662603,128,0.18851251840942562,0.9846153846153847,0.0,57.05409870106393,2,64,64,0,55.686242896994386,304.31375710300557,114,0.16789396170839468,0.957983193277311,0.0,57.05409870106393,6,64,37,7,1.6900737508597423,273.6313413814381,85,0.1251840942562592,1.0,0.0,57.05409870106393,11,64,4,4,1.8188668429962718,273.6313413814381,574.5600665106501,467.97998112592364,106.58008538472649,1.2277449670567169,0.0,113.39803861782383,113.25206162482237,65.12566634969008,True,False,False,False,617.1832551963179,441.3803633253974,175.80289187092046,1.3983024766811247,0.1999999999999993,287.5015687002882,113.25206162482236,67.43236759935688,True,True,True,True,337.46262645183936,343.3049993118644,-6.054272393808333,0.9823756199064644,0.0,11.142519549314937,74.04671029722178,49.95551555597622,False,False,False,False,1773.8165534605348,542.1883851315968,1231.628168328938,3.271587149603001,0.4999999999999982,2338.6733508825378,113.25206162482236,98.15630772489762,True,True,True,True,1156.7336961582237,345.70750033979726,811.0261958184265,3.345989586633977,0.5999999999999979,1424.0493323930723,113.25206162482236,88.16809509119855,True,True,True,True,-20.00000000000007,-0.03975409363357812,6.0,0.011767304189126379
2.0166666666666644,27,FRONT_LIDAR_LEADER,217,False,218,-103.00130576037046,33.052712161292725,136.0540179216632,652,,-89.57394597881034,False,0.0,69,0,2.389256897958554,8.148605344026144,UNCERTAIN,False,0.0,82,0.17769400099934607,-0.17769400099934607,587.0798389798381,467.97998112592364,119.09985785391444,1.2544977619926592,0.0,125.19772469188,-59.77632067983703,56.95382440681537,116.7301450866524,65.87630271084804,64.7171493079372,84.0,0.6043956043956044,1.0,0.03892758759741547,0.7277777777777777,144.92118823691726,97.98000000000002,False,OPENING_APPROACH,SPH_OPENING_APPROACH,5.3059131482691555,34.9558583754108,38.49818582960245,38.49818582960245,-38.49818582960245,-5.3059131482691555,34.9558583754108,0.5253456221198156,0.16789396170839468,679,679,272,37.8,6,36,168,0.8536585365853658,6,0.011741682974559686,0.8333333333333334,0.16666666666666666,True,False,False,False,134,0.19734904270986744,0.9852941176470589,0.0,57.25542973768948,2,70,64,0,55.78516633640312,304.21483366359683,125,0.18409425625920472,0.96875,0.008,57.25542973768948,2,64,61,0,55.80177287339866,304.1982271266013,114,0.16789396170839468,0.9824561403508771,0.017543859649122806,57.25542973768948,6,64,35,8,0.05411542439284034,272.77982944315806,84,0.12371134020618557,0.9882352941176471,0.0,57.25542973768948,11,64,4,3,1.573089898797491,272.77982944315806,587.0798389798381,467.97998112592364,119.09985785391444,1.2544977619926592,0.0,125.19772469188,116.7301450866524,65.87630271084804,True,False,False,False,652.505375471899,441.3803633253974,211.1250121465016,1.478328964514569,0.29999999999999893,353.22120275581267,116.73014508665241,69.19076248331805,True,True,True,True,335.194927459484,343.02114679703107,-8.110071852380372,0.9763764819369466,0.0,-22.676989923553574,71.55807965415207,49.77888751158636,False,False,False,False,2051.696776504857,542.1883851315968,1509.5083913732603,3.7841031508022462,0.5999999999999979,2778.802230443233,116.7301450866524,106.41734242519915,True,True,True,True,1329.5188214393975,345.70750033979726,983.8113210996003,3.845791080993638,0.6999999999999975,1727.8512528117442,116.73014508665241,94.75929791906083,True,True,True,True,0.0,0.0,6.666666666666667,0.013066819429012286
2.116666666666664,27,FRONT_LIDAR_LEADER,217,False,218,-105.15354199444843,34.540549852112214,139.69409184656064,652,,-89.87965865557925,False,0.0,68,0,2.583541351157976,7.825527630693671,UNCERTAIN,False,0.0,81,0.0,0.0,600.5102565411711,467.97998112592364,132.53027541524744,1.2831964630119217,0.09999999999999964,134.3041756133305,-62.78139332054393,59.103163371150856,121.88455669169478,66.4021621463736,64.92807076250111,84.0,0.6043956043956044,1.0,0.058606054343027736,0.7277777777777777,144.92118823691726,97.98000000000002,False,OPENING_APPROACH,SPH_OPENING_APPROACH,7.253769559528564,33.9042492678235,41.83422811164263,41.83422811164263,-41.83422811164263,-7.253769559528564,33.9042492678235,0.5714285714285714,0.18262150220913106,679,679,258,37.8,5,26,168,0.7222222222222222,5,0.009784735812133072,0.8333333333333334,0.0,True,True,True,False,134,0.19734904270986744,1.0,0.0,57.34132947968494,2,70,64,0,56.15660957825595,303.84339042174406,123,0.18114874815905743,0.976,0.008130081300813009,57.34132947968494,2,64,59,0,55.793785430485464,304.20621456951454,111,0.1634756995581738,0.9649122807017544,0.009009009009009009,57.34132947968494,6,64,33,6,2.6133624093168244,271.5852321549556,84,0.12371134020618557,1.0,0.0,57.34132947968494,11,64,4,3,1.954311463330491,271.5852321549556,600.5102565411711,467.97998112592364,132.53027541524744,1.2831964630119217,0.09999999999999964,134.3041756133305,121.88455669169478,66.4021621463736,True,True,True,True,696.4360926913084,441.3803633253974,255.05572936591102,1.5778592582694422,0.3999999999999986,439.3071721940957,121.88455669169478,70.59027788732071,True,True,True,True,341.7888387350473,342.9780160148616,-1.2323080619837583,0.9964074866127337,0.0,65.93911275563323,73.45905256638046,49.43140423554085,False,False,False,False,2181.2665967640023,542.1883851315968,1639.0782116324056,4.023078798035443,0.6999999999999975,1295.6982025914567,121.8845566916948,103.50808066720481,True,True,True,True,1387.259564730066,345.70750033979726,1041.5520643902687,4.012813038092963,0.7999999999999972,577.4074329066864,121.88455669169478,102.38261057555128,True,True,True,True,-10.000000000000036,-0.019569471624266213,5.666666666666667,0.011089367253750815
2.2166666666666637,27,FRONT_LIDAR_LEADER,217,False,218,-106.76786661700041,35.43924548225895,142.20711209925935,652,,-89.6066380442162,False,0.0,68,0,2.4100364838443653,7.741186356800866,UNCERTAIN,False,0.0,81,0.0,0.0,612.6972809593204,467.97998112592364,144.7172998333968,1.309238227424212,0.1999999999999993,121.87024418149392,-65.23717868981318,61.76808392979592,127.0052626196091,66.48096320325894,64.7393159737477,84.0,0.6043956043956044,1.0,0.05244019661838027,0.7277777777777777,144.92118823691726,97.98000000000002,False,OPENING_APPROACH,SPH_OPENING_APPROACH,9.051889456429478,32.77256880792021,44.625173051671936,44.625173051671936,-44.625173051671936,-9.051889456429478,32.77256880792021,0.5944700460829493,0.19054652880354506,677,677,248,37.8,7,42,169,0.5454545454545454,7,0.013725490196078431,1.0,0.2857142857142857,True,True,True,False,133,0.1958762886597938,0.9925373134328358,0.0,57.64314149896324,2,69,64,0,56.126179779371,303.87382022062894,123,0.18114874815905743,1.0,0.0,57.64314149896324,2,64,59,0,56.107222644140215,303.8927773558598,111,0.1634756995581738,0.990990990990991,0.009009009009009009,57.64314149896324,6,64,32,6,1.622616139788807,270.27116772298893,85,0.1251840942562592,0.9880952380952381,0.023529411764705882,57.64314149896324,13,64,3,3,1.7572713482207547,270.27116772298893,612.6972809593204,467.97998112592364,144.7172998333968,1.309238227424212,0.1999999999999993,121.87024418149392,127.0052626196091,66.48096320325894,True,True,True,True,737.6015218547167,441.3803633253974,296.22115852931927,1.6711244612188085,0.4999999999999982,411.65429163408396,127.00526261960911,72.18787409910442,True,True,True,True,329.4399406807326,342.5041833781671,-13.538075334129019,0.9605278627142609,0.0,-123.48898054314746,71.08986347000501,49.694400091915895,False,False,False,False,1926.812981662868,542.1883851315968,1384.6245965312712,3.553770302909022,0.7999999999999972,-2544.5361510113526,127.00526261960911,105.56191872566725,True,True,True,False,1122.1961900883186,345.70750033979726,776.4886897485214,3.2460857487480244,0.8999999999999968,-2650.633746417482,127.00526261960911,88.49522546853557,True,True,True,False,20.00000000000007,0.03940754383945373,6.0,0.011750636327590396
2.3166666666666633,27,FRONT_LIDAR_LEADER,217,False,218,-108.21349188329299,36.091511608995454,144.30500349228845,652,,-89.32628503667804,False,0.0,68,0,2.231814961206833,7.654397066316997,UNCERTAIN,False,0.0,81,0.0,0.0,626.2615189033213,467.97998112592364,158.28153777739766,1.3382228816638364,0.29999999999999893,135.64237944000914,-66.53707262438475,64.07260951317424,130.609682137559,67.10629547755047,64.55213352364471,84.0,0.6043956043956044,1.0,0.05211677687275998,0.7277777777777777,144.92118823691726,97.98000000000002,False,OPENING_APPROACH,SPH_OPENING_APPROACH,10.687288731738477,31.739854284842522,47.01741149414676,47.01741149414676,-47.01741149414676,-10.687288731738477,31.739854284842522,0.6359447004608295,0.20444444444444446,675,675,243,37.8,7,32,170,0.6086956521739131,7,0.0137524557956778,0.8571428571428571,0.14285714285714285,True,True,True,False,130,0.19145802650957292,0.9774436090225563,0.0,58.12287310700365,2,66,64,0,56.62915508761216,303.37084491238784,121,0.17820324005891017,0.975609756097561,0.008264462809917356,58.12287310700365,2,64,57,0,55.25539166946143,304.7446083305386,113,0.16642120765832105,1.0,0.017699115044247787,58.12287310700365,6,64,32,7,4.961471773984357,267.80822336668257,86,0.12665684830633284,1.0,0.011627906976744186,58.12287310700365,14,64,3,3,1.8595899536761546,266.5784577683593,626.2615189033213,467.97998112592364,158.28153777739766,1.3382228816638364,0.29999999999999893,135.64237944000914,130.609682137559,67.10629547755047,True,True,True,True,779.4647020805727,441.3803633253974,338.0843387551753,1.7659705026476913,0.5999999999999979,418.6318022585616,130.609682137559,73.52990922456131,True,True,True,True,333.93993478506223,342.2044346774084,-8.564248593104878,0.9749952000333705,0.0,44.99994104329646,72.540997422532,49.812988793816345,False,False,False,False,2313.598030023327,542.1883851315968,1771.40964489173,4.2671479018529395,0.8999999999999968,3867.8504836046022,130.609682137559,109.262100259773,True,True,True,True,1712.3881931278986,345.70750033979726,1366.6806927881014,4.9532862071108825,0.9999999999999964,5901.9200303958205,130.609682137559,109.27151515772373,True,True,True,True,0.0,0.0002696559959936884,6.333333333333333,0.012420893934629767
2.416666666666663,27,FRONT_LIDAR_LEADER,217,False,218,-110.16615510037963,36.891605608503355,147.057760708883,652,,-89.95506657503422,False,0.0,68,0,2.6314529869024565,7.848791340386494,UNCERTAIN,False,0.0,81,0.0,0.0,637.4327182447147,467.97998112592364,169.45273711879105,1.362093986822045,0.3999999999999986,111.7119934139343,-67.52928837214577,66.31393255402361,133.84322092616938,67.70193835309797,64.981380027322,84.0,0.6043956043956044,1.0,0.11934708220640508,0.7277777777777777,144.92118823691726,97.98000000000002,False,OPENING_APPROACH,SPH_OPENING_APPROACH,12.216182402164236,30.27747992427703,49.12382832219532,49.12382832219532,-49.12382832219532,-12.216182402164236,30.27747992427703,0.6682027649769585,0.21706586826347304,668,668,236,37.8,7,31,181,0.96875,7,0.014056224899598393,1.0,0.0,True,True,True,False,131,0.19293078055964655,1.0,0.007633587786259542,58.55113104094283,2,67,64,0,56.522337166166565,303.47766283383345,123,0.18114874815905743,1.0,0.016260162601626018,58.55113104094283,2,64,59,0,56.65598948298101,303.344010517019,112,0.16494845360824742,0.9911504424778761,0.0,58.55113104094283,6,64,31,7,4.205659422505782,266.4503760175045,88,0.12960235640648013,1.0,0.022727272727272728,58.55113104094283,14,64,3,3,1.7075553037467717,266.4503760175045,637.4327182447147,467.97998112592364,169.45273711879105,1.362093986822045,0.3999999999999986,111.7119934139343,133.84322092616938,67.70193835309797,True,True,True,True,819.1600586214962,441.3803633253974,377.7796952960988,1.8559050802574775,0.6999999999999975,396.95356540923655,133.84322092616935,74.59293434961722,True,True,True,True,334.4023479819111,341.931361643066,-7.802086695497337,0.9772005096811435,0.0,4.624131968488443,74.61750876243079,49.739727737765016,False,False,False,False,2440.60763531481,542.1883851315968,1898.4192501832133,4.501401546479902,0.9999999999999964,1270.096052914837,133.84322092616935,112.12055374934289,True,True,True,True,1831.8623451586623,345.70750033979726,1486.154844818865,5.298879380279912,1.099999999999996,1194.741520307641,133.84322092616938,116.73620845920213,True,True,True,True,0.0,0.003037691039205943,7.0,0.013844723630451541
2.5166666666666626,27,FRONT_LIDAR_LEADER,217,False,218,-111.4605089382749,37.25306532220645,148.71357426048135,652,,-89.69526788748256,False,0.0,68,0,2.466367026044903,7.768585167127561,UNCERTAIN,False,0.0,81,0.0,0.0,651.743458775255,467.97998112592364,183.76347764933138,1.392673800292078,0.4999999999999982,143.1074053054038,-70.11648606220702,68.48384061060673,138.60032667281376,68.35950983826268,64.7998731157197,84.0,0.6043956043956044,1.0,0.05039384943508514,0.7277777777777777,144.92118823691726,97.98000000000002,False,OPENING_APPROACH,SPH_OPENING_APPROACH,13.685547870861853,28.624547957181505,51.05117598481718,51.05117598481718,-51.05117598481718,-13.685547870861853,28.624547957181505,0.663594470046083,0.21851289833080426,659,659,226,37.8,8,41,196,0.7142857142857143,8,0.016563146997929608,1.0,0.125,True,True,True,False,131,0.19293078055964655,1.0,0.0,59.02530166414978,2,67,64,0,56.716158939462915,303.2838410605371,122,0.1796759941089838,0.991869918699187,0.0,59.02530166414978,2,64,58,0,57.21571503399818,302.78428496600185,113,0.16642120765832105,1.0,0.008849557522123894,59.02530166414978,7,64,31,8,5.244863186572616,265.40012357507067,89,0.13107511045655376,1.0,0.011235955056179775,59.02530166414978,14,64,3,3,1.558622377206724,265.40012357507067,651.743458775255,467.97998112592364,183.76347764933138,1.392673800292078,0.4999999999999982,143.1074053054038,138.60032667281376,68.35950983826268,True,True,True,True,866.8707342704113,441.3803633253974,425.49037094501386,1.963999321898539,0.7999999999999972,477.1067564891524,138.60032667281376,76.64959497175995,True,True,True,True,325.7658895087568,341.36557011836516,-16.165472134309198,0.9527230492791593,0.0,-86.36458473154309,70.4270110784238,49.87740934159575,False,False,False,False,2274.6685055649764,542.1883851315968,1732.4801204333796,4.195347167042102,1.099999999999996,-1659.3912974983427,138.60032667281376,111.67176728192034,True,True,True,False,1487.0881064632856,345.70750033979726,1141.3806061234884,4.301578950417971,1.1999999999999957,-3447.742386953779,138.60032667281374,98.57666210419217,True,True,True,False,10.000000000000036,0.025069220983312237,7.333333333333333,0.0147906092310686
2.6166666666666623,27,FRONT_LIDAR_LEADER,217,False,218,-112.51724468024818,37.5005007717407,150.01774545198887,652,,-89.15447015899126,False,0.0,68,0,2.1225648790477716,7.601117378399338,UNCERTAIN,False,0.0,81,0.0,0.0,671.5862888512968,467.97998112592364,203.60630772537314,1.4350748235758122,0.5999999999999979,198.42830076041835,-72.86598726788307,71.06245746769372,143.9284447355768,68.37292974748428,64.44058183757063,84.0,0.6043956043956044,1.0,0.29260445079424025,0.7305555555555555,144.92118823691726,97.98000000000002,False,OPENING_APPROACH,SPH_OPENING_APPROACH,15.10646934434078,26.42167420394702,52.937450706584286,52.937450706584286,-52.937450706584286,-15.10646934434078,26.42167420394702,0.695852534562212,0.23410852713178296,645,645,216,37.8,7,39,178,0.7021276595744681,7,0.013972055888223553,0.75,0.14285714285714285,True,True,True,False,130,0.19145802650957292,0.9923664122137404,0.0,59.4524725522677,2,66,64,0,57.22117463172678,302.7788253682732,122,0.1796759941089838,0.9918032786885246,0.00819672131147541,59.4524725522677,2,64,58,0,56.56264667126367,303.4373533287363,113,0.16642120765832105,0.9911504424778761,0.008849557522123894,59.4524725522677,7,64,30,8,6.261534561733939,264.67721334108114,90,0.1325478645066274,0.9887640449438202,0.022222222222222223,59.4524725522677,13,64,5,4,0.268620437591224,264.67721334108114,671.5862888512968,467.97998112592364,203.60630772537314,1.4350748235758122,0.5999999999999979,198.42830076041835,143.9284447355768,68.37292974748428,True,True,True,True,916.195890503983,441.3803633253974,474.8155271785856,2.0757513623879524,0.8999999999999968,493.25156233571937,143.9284447355768,79.23420803127536,True,True,True,True,333.21674204251747,341.08036113571046,-8.148828075847689,0.9761287347373018,0.0,74.50852533760694,72.47101046634988,49.680022926635075,False,False,False,False,2295.2336402484225,542.1883851315968,1753.0452551168257,4.2332770365254815,1.1999999999999957,205.65134683446178,143.9284447355768,112.78797993243558,True,True,True,True,1658.994570429697,345.70750033979726,1313.2870700898998,4.798838812577293,1.2999999999999954,1719.0646396641198,143.9284447355768,117.76233300464884,True,True,True,True,-10.000000000000036,-0.025910911097060646,7.333333333333333,0.014863809261917186
2.716666666666662,27,FRONT_LIDAR_LEADER,217,False,218,-114.41853285314,38.33345768556893,152.75199053870892,652,,-89.90844374522676,False,0.0,68,0,2.601830953923794,7.834409572533116,UNCERTAIN,False,0.0,81,0.0,0.0,693.8133060333823,467.97998112592364,225.8333249074587,1.4825704816777017,0.6999999999999975,222.27017182085626,-74.20387589515742,73.7499610631148,147.95383695827223,69.64512436525797,64.9483589050251,84.0,0.6043956043956044,1.0,0.33383797530558845,0.7277777777777777,144.92118823691726,97.98000000000002,False,OPENING_APPROACH,SPH_OPENING_APPROACH,16.499777514154346,24.16279467617545,54.86863574738459,54.86863574738459,-54.86863574738459,-16.499777514154346,24.16279467617545,0.7188940092165899,0.24722662440570523,631,631,210,37.8,7,35,187,0.6086956521739131,7,0.014227642276422764,0.8571428571428571,0.14285714285714285,True,True,True,False,131,0.19293078055964655,1.0,0.007633587786259542,59.85192910144162,2,67,64,0,57.06107773309695,302.9389222669031,123,0.18114874815905743,1.0,0.008130081300813009,59.85192910144162,2,64,59,0,57.13004618270062,302.8699538172994,113,0.16642120765832105,0.9911504424778761,0.008849557522123894,59.85192910144162,7,64,29,8,5.349790484687233,265.1341060137545,89,0.13107511045655376,0.9888888888888889,0.0,59.85192910144162,13,64,5,3,0.5566292531788974,263.93967574598656,693.8133060333823,467.97998112592364,225.8333249074587,1.4825704816777017,0.6999999999999975,222.27017182085626,147.95383695827223,69.64512436525797,True,True,True,True,967.8126861917948,441.3803633253974,526.4323228663974,2.192695386129576,0.9999999999999964,516.1679568781194,147.95383695827223,81.50140468440858,True,True,True,True,331.83430531455156,340.7567491819699,-9.246055821158905,0.9728918551910409,0.0,-13.82436727965915,74.1661893289259,49.374284141407244,False,False,False,False,2407.051507612734,542.1883851315968,1864.8631224811372,4.439511383167142,1.2999999999999954,1118.1786736431188,147.95383695827223,115.84620140425669,True,True,True,True,1823.0355304216769,345.70750033979726,1477.3280300818797,5.2733467704050625,1.399999999999995,1640.4095999198048,147.95383695827223,117.65886789009868,True,True,True,True,0.0,0.002555863881992119,7.333333333333333,0.014920948387525309
2.8166666666666615,27,FRONT_LIDAR_LEADER,217,False,218,-116.0777571916862,39.154719173235705,155.23247636492192,679,,-90.40005396667769,False,0.0,68,0,2.659935160184039,7.9857939477213735,UNCERTAIN,False,0.0,81,0.0,0.0,716.3699991131706,467.97998112592364,248.39001798724695,1.53077060559223,0.7999999999999972,225.5669307978834,-75.21198898191469,75.17705986255893,150.38904884447362,70.13761382139057,65.3088117413887,84.0,0.6153846153846154,1.0,0.2923619240479843,0.7277777777777777,144.92118823691726,97.98000000000002,False,OPENING_APPROACH,SPH_OPENING_APPROACH,17.83318179079845,21.64254412269827,56.83079386701144,56.83079386701144,-56.83079386701144,-17.83318179079845,21.64254412269827,0.7373271889400922,0.2601626016260163,615,615,202,37.8,5,24,203,0.6388888888888888,5,0.01050420168067227,0.7142857142857143,0.0,True,True,True,False,130,0.19145802650957292,0.9923664122137404,0.0,60.20611930798421,2,66,64,0,56.81117802169523,303.18882197830476,122,0.1796759941089838,0.983739837398374,0.00819672131147541,60.20611930798421,2,64,58,0,57.73829903563552,302.2617009643645,113,0.16642120765832105,1.0,0.0,60.20611930798421,7,64,29,8,5.779473973476904,264.29095588231837,91,0.13402061855670103,1.0,0.02197802197802198,60.20611930798421,13,64,5,4,0.4935296956607118,264.29095588231837,716.3699991131706,467.97998112592364,248.39001798724695,1.53077060559223,0.7999999999999972,225.5669307978834,150.38904884447362,70.13761382139057,True,True,True,True,1020.3775781159384,441.3803633253974,578.997214790541,2.3117874352821826,1.099999999999996,525.6489192414376,150.38904884447362,83.64082613133712,True,True,True,True,322.3533764105202,340.11263113496915,-18.40337277144971,0.9459926389847615,0.0,-94.80928904031407,70.12128132314777,48.627781163459865,False,False,False,False,2329.634084698676,542.1883851315968,1787.4456995670791,4.296724438560669,1.399999999999995,-774.1742291405835,135.26750178617692,108.00651610048712,True,True,True,False,2009.6894354299563,345.70750033979726,1663.9819350901591,5.8132653571433215,1.4999999999999947,1866.5390500828014,137.17216780882688,121.48759531416479,True,True,True,True,-20.00000000000007,-0.03723440595750507,6.333333333333333,0.012901299948439528
2.916666666666661,27,FRONT_LIDAR_LEADER,217,False,218,-116.63773899813717,39.78652210019974,156.4242610983369,652,,-89.3411126879812,False,0.0,68,0,2.241242333986195,7.658991892302319,UNCERTAIN,False,0.0,81,0.0,0.0,741.3038661484653,467.97998112592364,273.3238850225417,1.5840503783194861,0.8999999999999968,249.33867035294813,-77.31138698266876,75.4416567237064,152.75304370637517,71.95228361361632,64.56187110658837,84.0,0.6043956043956044,1.0,0.3998328397040063,0.7277777777777777,144.92118823691726,97.98000000000002,False,OPENING_APPROACH,SPH_OPENING_APPROACH,19.105018473946018,19.527046138675928,58.83360667157922,58.83360667157922,-58.83360667157922,-19.105018473946018,19.527046138675928,0.7327188940092166,0.263681592039801,603,603,198,37.8,8,44,203,0.5454545454545454,8,0.01680672268907563,1.0,0.375,True,True,True,False,132,0.19440353460972018,1.0,0.015151515151515152,60.61058258785132,2,68,64,0,57.94654554504231,302.05345445495766,122,0.1796759941089838,1.0,0.0,60.61058258785132,2,64,58,0,57.87835164492687,302.1216483550731,113,0.16642120765832105,0.9911504424778761,0.008849557522123894,60.61058258785132,7,64,28,9,6.354108133698942,263.5668017467845,91,0.13402061855670103,1.0,0.0,60.61058258785132,13,64,5,4,0.06092717464496644,263.5668017467845,741.3038661484653,467.97998112592364,273.3238850225417,1.5840503783194861,0.8999999999999968,249.33867035294813,152.75304370637517,71.95228361361632,True,True,True,True,1073.7894912313432,441.3803633253974,632.4091279059458,2.432798512243094,1.1999999999999957,534.1191311540498,152.75304370637517,85.90183922078513,True,True,True,True,327.90169599152586,339.68524840494865,-12.210935143443294,0.9640973782635037,0.0,55.48319581005691,71.82238838471955,49.137190848662975,False,False,False,False,2235.607872675189,542.1883851315968,1693.4194875435921,4.123304618804358,1.4999999999999947,-940.2621202348734,149.2787246120539,114.72912947150766,True,True,True,False,1630.5108013160689,345.70750033979726,1284.8033009762717,4.716446127762439,1.5999999999999943,-3791.7863411388885,152.75304370637514,106.62043240899354,True,True,True,False,30.000000000000107,0.06302521008403382,6.666666666666667,0.013846188882056886
3.016666666666661,27,FRONT_LIDAR_LEADER,217,False,218,-117.1655568139235,40.69644849652474,157.86200531044824,652,,-88.36307940069192,False,0.0,68,0,1.6191205513940259,7.354832547898691,UNCERTAIN,False,0.0,81,0.0,0.0,765.1275589358802,467.97998112592364,297.14757780995654,1.6349578823757427,0.9999999999999964,238.23692787414956,-79.45851567642447,76.69696204549976,156.15547772192423,72.91797855823633,63.86456337827032,84.0,0.5934065934065934,1.0,0.3849692883862251,0.7277777777777777,144.92118823691726,97.98000000000002,False,OPENING_APPROACH,SPH_OPENING_APPROACH,20.27814336967714,17.285749123027756,60.87563257284279,60.87563257284279,-60.87563257284279,-20.27814336967714,17.285749123027756,0.7557603686635944,0.27796610169491526,590,590,192,37.8,10,45,206,0.7450980392156863,10,0.021141649048625793,0.875,0.3,True,True,True,False,131,0.19293078055964655,0.9924242424242424,0.0,60.831700435422626,2,67,64,0,57.522916350545856,302.47708364945413,122,0.1796759941089838,0.9918032786885246,0.00819672131147541,60.831700435422626,2,64,58,0,57.2307106067958,302.7692893932042,115,0.16936671575846834,1.0,0.017391304347826087,60.831700435422626,6,64,28,9,5.1686192719387964,264.2765779831966,91,0.13402061855670103,1.0,0.0,60.831700435422626,13,64,5,4,0.4445652192593883,262.7566286612775,765.1275589358802,467.97998112592364,297.14757780995654,1.6349578823757427,0.9999999999999964,238.23692787414956,156.15547772192423,72.91797855823633,True,True,True,True,1066.1159271193217,441.3803633253974,624.7355637939243,2.4154131350273786,1.2999999999999954,-76.73564112021522,156.15547772192423,84.79344558940768,True,True,True,False,324.32861638875085,339.1477662843817,-15.356632016197807,0.9547915840081147,0.0,-35.73079602775023,72.59523752360278,49.03393996223031,False,False,False,False,2434.2184429402682,542.1883851315968,1892.0300578086715,4.489617464508114,1.5999999999999943,1986.1057026508004,156.15547772192423,119.09699006698617,True,True,True,True,1817.5654850504275,345.70750033979726,1471.8579847106303,5.257524014561255,1.699999999999994,1870.5468373435926,156.15547772192423,110.31493216834934,True,True,True,True,20.00000000000007,0.043349263595501786,7.666666666666667,0.016150857806124564
3.1166666666666605,27,FRONT_LIDAR_LEADER,217,False,218,-118.97644640428355,41.308157118908646,160.2846035231922,652,,-89.28462903764857,False,0.0,68,0,2.205329413879685,7.641485869435637,UNCERTAIN,False,0.0,81,0.0,0.0,794.0864086357083,467.97998112592364,326.1064275097846,1.696838413312462,1.099999999999996,289.5884969982818,-80.5149980502575,79.4627264822026,159.97772453246012,73.5931479013922,64.5248721919252,84.0,0.6043956043956044,1.0,0.3746557406796692,0.7277777777777777,144.92118823691726,97.98000000000002,False,OPENING_APPROACH,SPH_OPENING_APPROACH,21.466173065499163,14.975859724280781,62.71775803744754,62.71775803744754,-62.71775803744754,-21.466173065499163,14.975859724280781,0.7741935483870968,0.29116117850953205,577,577,189,37.8,9,53,208,0.6065573770491803,9,0.01910828025477707,0.7,0.2222222222222222,True,True,True,False,131,0.19293078055964655,1.0,0.0,61.2073088231286,2,67,64,0,57.645112867627034,302.35488713237294,122,0.1796759941089838,1.0,0.0,61.2073088231286,2,64,58,0,57.3678107796778,302.6321892203222,115,0.16936671575846834,1.0,0.0,61.2073088231286,6,64,28,9,5.61264104554772,263.3201240791195,92,0.13549337260677466,1.0,0.010869565217391304,61.2073088231286,13,64,5,4,0.6400426059272897,261.9066076051299,794.0864086357083,467.97998112592364,326.1064275097846,1.696838413312462,1.099999999999996,289.5884969982818,159.97772453246012,73.5931479013922,True,True,True,True,1117.211918178855,441.3803633253974,675.8315548534576,2.5311772135980064,1.399999999999995,510.9599105953357,159.97772453246012,87.3449310621582,True,True,True,True,326.9226497407489,338.71988720535455,-12.225116543632794,0.9639534216086159,0.0,25.940333519980733,71.64423899504175,49.1789140895977,False,False,False,False,2624.036694750992,542.1883851315968,2081.848309619395,4.839713956827204,1.699999999999994,1898.182518107244,159.97772453246012,116.0076291665498,True,True,True,True,1845.8050839369203,345.70750033979726,1500.097583597123,5.33921040799714,1.7999999999999936,282.3959888649289,159.9777245324601,103.56444898686728,True,True,True,True,-10.000000000000036,-0.02033368793848731,9.0,0.019018883997492828
3.21666666666666,27,FRONT_LIDAR_LEADER,217,False,218,-121.02982646083397,41.85631339776582,162.8861398585998,679,,-90.67182701779565,False,0.0,68,0,2.659817141004157,8.069230962672778,UNCERTAIN,False,0.0,81,0.0,0.0,819.6897185094617,467.97998112592364,351.7097373835381,1.751548680645167,1.1999999999999957,256.0330987375355,-81.07696876224779,82.06525157200798,163.14222033425577,74.17240699674653,65.49084100442172,84.0,0.6153846153846154,1.0,0.46107765668604855,0.7277777777777777,144.92118823691726,97.98000000000002,False,OPENING_APPROACH,SPH_OPENING_APPROACH,22.599346833304253,12.922849884213349,64.54457697761728,64.54457697761728,-64.54457697761728,-22.599346833304253,12.922849884213349,0.7603686635944701,0.3003533568904594,566,566,185,37.8,6,33,208,0.6226415094339622,6,0.012738853503184714,0.6666666666666666,0.0,True,True,True,False,133,0.1958762886597938,1.0,0.015037593984962405,61.52979755107148,2,69,64,0,57.726230931670315,302.27376906832967,124,0.18262150220913106,1.0,0.016129032258064516,61.52979755107148,2,64,60,0,58.298714188795685,301.70128581120434,114,0.16789396170839468,0.991304347826087,0.0,61.52979755107148,6,64,27,9,5.815532254997649,262.5717582097985,93,0.13696612665684832,1.0,0.010752688172043012,61.52979755107148,14,64,5,4,0.46211532962431656,261.1470086331007,819.6897185094617,467.97998112592364,351.7097373835381,1.751548680645167,1.1999999999999957,256.0330987375355,163.14222033425577,74.17240699674653,True,True,True,True,1173.9539147178295,441.3803633253974,732.5735513924321,2.6597329928163553,1.4999999999999947,567.419965389747,163.14222033425574,89.93059531072385,True,True,True,True,340.97818308881915,338.71988720535455,2.258295883464598,1.0066671487821306,0.0,140.55533348070293,73.58111556915668,49.7155305300285,False,False,False,False,3457.1779322446305,542.1883851315968,2914.989547113034,6.376340820000275,1.7999999999999936,8331.412374936415,163.1422203342558,133.34865749515606,True,True,True,True,2549.0949695390323,345.70750033979726,2203.387469199235,7.373559922864031,1.8999999999999932,7032.898856021145,163.1422203342558,136.49082191179042,True,True,True,True,-30.000000000000107,-0.06369426751592377,8.333333333333334,0.017662927602195858
3.3166666666666598,27,FRONT_LIDAR_LEADER,217,False,218,-122.33671174031088,42.600958161183506,164.9376699014944,679,,-91.00566601518982,False,0.0,69,0,2.659590265272528,8.600789789801008,UNCERTAIN,False,0.0,82,-0.044174107787959375,0.044174107787959375,852.8156383672693,467.97998112592364,384.8356572413457,1.8223335885339815,1.2999999999999954,331.25919857807736,-82.3984903494456,83.12420688907987,165.52269723852547,74.34832769945774,65.72323944907707,84.0,0.6153846153846154,1.0,0.06486470714586269,0.7277777777777777,144.92118823691726,97.98000000000002,False,OPENING_APPROACH,SPH_OPENING_APPROACH,23.695467221888407,10.40616608560623,66.42818234383964,66.42818234383964,-66.42818234383964,-23.695467221888407,10.40616608560623,0.7511520737327189,0.3115942028985507,552,552,177,37.8,7,37,216,0.7073170731707317,7,0.01511879049676026,0.8333333333333334,0.2857142857142857,True,True,True,False,132,0.19440353460972018,0.9924812030075187,0.0,62.06550677630806,2,68,64,0,57.44642617081527,302.5535738291847,122,0.1796759941089838,0.9838709677419355,0.0,62.06550677630806,4,64,41,15,11.349891930308805,283.8221592012781,115,0.16936671575846834,1.0,0.008695652173913044,62.06550677630806,8,64,27,10,5.848424115226862,262.01922404584707,93,0.13696612665684832,1.0,0.0,62.06550677630806,16,64,4,4,0.09187457885805861,260.5145035226407,852.8156383672693,467.97998112592364,384.8356572413457,1.8223335885339815,1.2999999999999954,331.25919857807736,165.52269723852547,74.34832769945774,True,True,True,True,1196.9286222695928,441.3803633253974,755.5482589441954,2.711784940435116,1.5999999999999943,229.74707551763314,165.5226972385255,89.03455379123187,True,True,True,True,331.953710391319,338.48307101686333,-6.766176814035532,0.9800242705857616,0.0,-90.24472697500163,73.19831892126105,49.16873907877822,False,False,False,False,2189.854511667073,542.1883851315968,1647.6661265354762,4.038918154131178,1.8999999999999932,-12673.23420577562,149.53058482835985,105.11569265583583,True,True,True,False,1811.5932406217057,345.70750033979726,1465.8857402819085,5.240248588303938,1.999999999999993,-7375.017289173292,152.1758133229264,109.97554738676672,True,True,True,False,10.000000000000036,0.02379936993575554,7.333333333333333,0.015655308084907348
3.4166666666666594,27,FRONT_LIDAR_LEADER,217,False,218,-122.49322308141049,43.56934376970451,166.062566851115,652,,-89.62727243433832,False,0.0,69,0,2.4231516200654473,8.178820997571123,UNCERTAIN,False,0.0,82,-0.04219088804998023,0.04219088804998023,879.0260693226272,467.97998112592364,411.0460881967036,1.8783411786285356,1.399999999999995,262.1043095535797,-84.2174515188296,83.71451518390741,167.93196670273701,75.01007787491852,64.75335407523188,84.0,0.6043956043956044,1.0,0.4623253598327919,0.7277777777777777,144.92118823691726,97.98000000000002,False,OPENING_APPROACH,SPH_OPENING_APPROACH,24.76352812967997,8.854929706568043,68.29079961920104,68.29079961920104,-68.29079961920104,-24.76352812967997,8.854929706568043,0.7557603686635944,0.3155963302752294,545,545,173,37.8,9,44,215,0.8409090909090909,9,0.01939655172413793,1.0,0.2222222222222222,True,True,True,False,135,0.19882179675994108,1.0,0.022222222222222223,62.38240431971056,2,71,64,0,58.65824501546623,301.3417549845338,122,0.1796759941089838,1.0,0.0,62.38240431971056,4,64,41,15,11.329460518855438,283.6221624053057,115,0.16936671575846834,1.0,0.0,62.38240431971056,8,64,27,10,5.970343721567096,261.4540211597548,93,0.13696612665684832,1.0,0.0,62.38240431971056,16,64,4,4,0.022889502315790455,259.8781229602469,879.0260693226272,467.97998112592364,411.0460881967036,1.8783411786285356,1.399999999999995,262.1043095535797,167.93196670273701,75.01007787491852,True,True,True,True,1200.070125204951,441.3803633253974,758.6897618795535,2.718902391043226,1.699999999999994,31.41502935358187,167.93196670273701,89.6232866084134,True,True,True,True,341.56075384200386,338.48307101686333,3.0776828251405277,1.0090925753417879,0.0,96.07043450684876,72.50372256977562,50.70779080155155,False,False,False,False,1937.9324581792248,542.1883851315968,1395.744073047628,3.5742788140119623,1.999999999999993,-2519.220534878491,151.44202776650667,91.11202643425187,True,True,True,False,1644.3184808742299,345.70750033979726,1298.6109805344327,4.756386480646277,2.0999999999999925,-1672.7475974747645,154.4443655643961,90.94250686073644,True,True,True,False,20.00000000000007,0.04277761227377687,7.333333333333333,0.015751398574694302
3.516666666666659,27,FRONT_LIDAR_LEADER,217,False,218,-122.31028882377066,44.429208884606396,166.73949770837706,651,,-87.91977717293277,False,0.0,70,2,1.3369720931475018,8.048927925892505,UNCERTAIN,False,0.0,83,-0.14288258002017742,0.14288258002017742,911.8990072298346,467.97998112592364,443.919026103911,1.9485855036702129,1.4999999999999947,328.72937907207535,-85.89827974009647,84.70758858739033,170.6058683274868,76.02001727626714,63.53327523234871,84.0,0.5824175824175825,1.0,0.7216073060261556,0.7277777777777777,144.92118823691726,97.98000000000002,False,OPENING_APPROACH,SPH_OPENING_APPROACH,25.74611591649699,7.002902097436902,70.00584540330158,70.00584540330158,-70.00584540330158,-25.74611591649699,7.002902097436902,0.7465437788018433,0.3246268656716418,536,536,168,37.8,10,46,221,0.875,10,0.021834061135371178,1.0,0.1,True,True,True,False,133,0.1958762886597938,0.9851851851851852,0.0,62.683813871863016,2,69,64,0,58.224020978547145,301.7759790214529,123,0.18114874815905743,1.0,0.008130081300813009,62.683813871863016,3,64,57,2,19.552486036843924,283.42886724268146,115,0.16936671575846834,0.991304347826087,0.008695652173913044,62.683813871863016,8,64,27,10,6.2105758988579645,260.83635309944634,91,0.13402061855670103,0.967741935483871,0.01098901098901099,62.683813871863016,16,64,4,3,0.12882952112031387,257.9886479380533,911.8990072298346,467.97998112592364,443.919026103911,1.9485855036702129,1.4999999999999947,328.72937907207535,170.6058683274868,76.02001727626714,True,True,True,True,1273.0436363587357,441.3803633253974,831.6632730333383,2.884232607829483,1.7999999999999936,729.7351115378505,170.6058683274868,93.14804527898684,True,True,True,True,344.22451551017156,338.48307101686333,5.741444493308222,1.0169622796084303,0.0,26.63761668167704,74.04764965730158,50.99506254509295,False,False,False,False,2429.53806743431,542.1883851315968,1887.3496823027133,4.4809850857366245,2.0999999999999925,4916.05609255087,170.6058683274868,110.02104401467483,True,True,True,True,2081.1746974844236,345.70750033979726,1735.4671971446264,6.02004496702799,2.199999999999992,4368.562166101953,170.6058683274868,106.62439423342586,True,True,True,True,10.000000000000036,0.02437509411233255,8.666666666666666,0.01878313445208979
3.6166666666666587,27,FRONT_LIDAR_LEADER,217,False,218,-123.40220636016934,44.976934994185505,168.37914135435486,652,,-88.08520115151262,False,0.0,70,2,1.442269716270773,8.083821051934692,UNCERTAIN,False,0.0,83,-0.17165678784773702,0.17165678784773702,948.5322698577912,467.97998112592364,480.5522887318676,2.026865054303596,1.5999999999999943,366.33262627956714,-86.98600677654215,86.49252464071759,173.47853141725975,77.0101492120104,63.683537475802034,84.0,0.5934065934065934,1.0,0.04058337283996606,0.7305555555555555,144.92118823691726,97.98000000000002,False,OPENING_APPROACH,SPH_OPENING_APPROACH,26.735684057625974,4.9691257406809655,71.5314183718184,71.5314183718184,-71.5314183718184,-26.735684057625974,4.9691257406809655,0.7419354838709677,0.3288973384030418,526,526,164,37.8,8,41,216,0.8913043478260869,8,0.017278617710583154,0.8,0.0,True,True,True,False,133,0.1958762886597938,0.9924812030075187,0.007518796992481203,62.98188999527232,2,69,64,0,58.56861599455287,301.4313840054471,124,0.18262150220913106,0.991869918699187,0.016129032258064516,62.98188999527232,2,64,60,0,58.75531043683931,301.24468956316065,116,0.17083946980854198,0.991304347826087,0.017241379310344827,62.98188999527232,7,64,26,15,0.3116240895164779,261.64686293029536,92,0.13549337260677466,1.0,0.010869565217391304,62.98188999527232,16,64,4,3,0.08954888608727174,257.6437859355169,948.5322698577912,467.97998112592364,480.5522887318676,2.026865054303596,1.5999999999999943,366.33262627956714,173.47853141725975,77.0101492120104,True,True,True,True,1289.508713557412,441.3803633253974,848.1283502320146,2.9215362093640573,1.8999999999999932,164.65077198676286,173.47853141725975,93.39164109401065,True,True,True,True,334.7068743613813,338.35090413392146,-3.7761966554820106,0.9888437650836196,0.0,-95.17641148790267,71.33189171144286,49.87509950352768,False,False,False,False,3013.7871745944626,542.1883851315968,2471.598789462866,5.558560930557326,2.199999999999992,5842.4910716015465,173.47853141725975,125.44767606108203,True,True,True,True,2335.399890373915,345.70750033979726,1989.6923900341176,6.755421528542022,2.299999999999992,2542.2519288949206,173.47853141725975,111.40266800574884,True,True,True,True,-20.00000000000007,-0.045554434247880395,9.0,0.01950307685669742
3.7166666666666583,27,FRONT_LIDAR_LEADER,217,False,218,-125.71803757498269,45.26061132188823,170.9786488968709,679,,-90.08689015619713,False,0.0,70,0,2.659996941225611,8.674583121797058,UNCERTAIN,False,0.0,83,-0.19871807296745791,0.19871807296745791,977.4928071257183,467.97998112592364,509.51282599979464,2.088749191309308,1.699999999999994,289.6053726792717,-87.7497767716859,88.34330159203654,176.09307836372244,77.55735189490301,65.10653875745727,84.0,0.6153846153846154,1.0,0.7782901495367295,0.7305555555555555,144.92118823691726,97.98000000000002,False,OPENING_APPROACH,SPH_OPENING_APPROACH,27.680491826216382,3.8601176474247154,72.95205526508221,72.95205526508221,-72.95205526508221,-27.680491826216382,3.8601176474247154,0.7188940092165899,0.3371647509578544,522,522,159,37.8,8,39,211,0.9512195121951219,8,0.017094017094017096,1.0,0.0,True,True,True,False,132,0.19440353460972018,0.9924812030075187,0.0,63.41854281843951,2,68,64,0,58.86661461178186,301.13338538821813,125,0.18409425625920472,1.0,0.008,63.41854281843951,2,64,61,0,59.15943671841143,300.8405632815886,116,0.17083946980854198,1.0,0.0,63.41854281843951,7,64,26,15,0.3149047929682567,260.956654460654,93,0.13696612665684832,1.0,0.010752688172043012,63.41854281843951,16,64,4,3,0.012445092806636637,257.1901347157636,977.4928071257183,467.97998112592364,509.51282599979464,2.088749191309308,1.699999999999994,289.6053726792717,176.09307836372244,77.55735189490301,True,True,True,True,1349.144582371205,441.3803633253974,907.7642190458075,3.056648402313674,1.999999999999993,596.3586881379318,176.09307836372244,95.31698985036371,True,True,True,True,326.0897156209296,337.92176253596676,-12.26118851299185,0.9637619159186913,0.0,-86.17158740451745,70.29236508398341,49.95019090400285,False,False,False,False,3121.6446007216955,542.1883851315968,2579.4562155900985,5.757490728917087,2.299999999999992,1078.5742612723327,176.09307836372247,129.63028239822253,True,True,True,True,2477.1947942970987,345.70750033979726,2131.4872939573015,7.1655801273106725,2.3999999999999915,1417.9490392318444,176.09307836372244,123.66375623022805,True,True,True,True,0.0,-0.0018460061656605932,8.666666666666666,0.01873556531332381
3.816666666666658,27,FRONT_LIDAR_LEADER,217,False,218,-127.47687030833144,45.61097197026627,173.08784227859772,679,,-91.45321632208787,False,0.0,70,0,2.6591444534816286,9.063551387960457,UNCERTAIN,False,0.0,83,-0.21622706082849988,0.21622706082849988,1014.5641160250283,467.97998112592364,546.5841348991046,2.1679647782883054,1.7999999999999936,370.7130889931013,-88.76206986754168,89.27106374053089,178.03313360807257,80.16038996847803,66.04800986169089,84.0,0.6263736263736264,1.0,0.6480902400298079,0.7277777777777777,144.92118823691726,97.98000000000002,False,OPENING_APPROACH,SPH_OPENING_APPROACH,28.563026657495186,2.289931021651171,74.38324478387966,74.38324478387966,-74.38324478387966,-28.563026657495186,2.289931021651171,0.7096774193548387,0.34368932038834954,515,515,156,37.8,8,38,206,0.8333333333333334,8,0.016913319238900635,0.875,0.125,True,True,True,False,133,0.1958762886597938,1.0,0.007518796992481203,63.75491330760176,2,69,64,0,58.69215800263417,301.3078419973658,125,0.18409425625920472,1.0,0.0,63.75491330760176,2,64,61,0,59.1948380069578,300.8051619930422,117,0.1723122238586156,1.0,0.008547008547008548,63.75491330760176,7,64,27,15,0.8416609107720845,260.44183831319924,94,0.13843888070692195,1.0,0.010638297872340425,63.75491330760176,15,64,6,4,0.21564459019521043,256.6355019666318,1014.5641160250283,467.97998112592364,546.5841348991046,2.1679647782883054,1.7999999999999936,370.7130889931013,178.03313360807257,80.16038996847803,True,True,True,True,1389.5695394775566,441.3803633253974,948.1891761521592,3.1482359772610202,2.0999999999999925,404.24957106351854,178.0331336080726,96.92770196844438,True,True,True,True,322.48080766061474,337.38132911532944,-15.44095487535202,0.9543061247092408,0.0,-36.08907960314879,70.76863076223458,49.68787185881262,False,False,False,False,2278.5831193301733,542.1883851315968,1736.3947341985765,4.202567192170908,2.3999999999999915,-8430.614813915252,161.57317034614536,103.14005097047836,True,True,True,False,1932.5439781329176,345.70750033979726,1586.8364777931204,5.590112960330373,2.499999999999991,-5446.508161641831,165.0461621889769,114.66895813833969,True,True,True,False,0.0,-0.0018069785511646143,8.0,0.01709531801450029
3.9166666666666576,27,FRONT_LIDAR_LEADER,217,False,218,-128.48082314432585,46.227694116401985,174.70851726072783,679,,-91.63867762158452,False,0.0,70,0,2.658912163020334,9.095335154031519,UNCERTAIN,False,0.0,83,-0.26055332235894196,0.26055332235894196,1048.9580122797388,467.97998112592364,580.9780311538152,2.2414591533510193,1.8999999999999932,343.9389625471063,-89.89613863655715,89.95556661162448,179.85170524818164,81.5928017765854,66.17165624029055,84.0,0.6263736263736264,1.0,0.03479772227414624,0.7277777777777777,144.92118823691726,97.98000000000002,False,OPENING_APPROACH,SPH_OPENING_APPROACH,29.439236671995218,1.1765471347940775,75.92063495179775,75.92063495179775,-75.92063495179775,-29.439236671995218,1.1765471347940775,0.7142857142857143,0.34833659491193736,511,511,154,37.8,10,45,207,0.8444444444444444,10,0.0211864406779661,1.0,0.2,True,True,True,False,132,0.19440353460972018,0.9924812030075187,0.0,64.01217166702975,2,68,64,0,58.654176550434265,301.3458234495657,125,0.18409425625920472,0.992,0.008,64.01217166702975,2,64,61,0,59.18520422347806,300.8147957765219,117,0.1723122238586156,0.9914529914529915,0.008547008547008548,64.01217166702975,7,64,26,16,0.1977988858277797,259.9416755066406,96,0.14138438880706922,1.0,0.020833333333333332,64.01217166702975,16,64,6,4,0.26793179039732506,256.9219341122057,1048.9580122797388,467.97998112592364,580.9780311538152,2.2414591533510193,1.8999999999999932,343.9389625471063,179.85170524818164,81.5928017765854,True,True,True,True,1404.1741093656199,441.3803633253974,962.7937460402225,3.1813243769760216,2.199999999999992,146.04569888063276,176.0591872583662,98.83411679099233,True,True,True,True,324.8268013472881,336.941920643448,-12.55452776804134,0.9627883149285071,0.0,23.45993686673361,71.75997647138605,48.893507332189,False,False,False,False,2709.0582998909726,542.1883851315968,2166.869914759376,4.996525883219439,2.499999999999991,4304.751805608009,179.85170524818164,121.57541184536598,True,True,True,True,2320.468165836732,345.70750033979726,1974.760665496935,6.71222974206789,2.5999999999999908,3879.2418770381596,179.85170524818164,118.16271979510665,True,True,True,True,20.00000000000007,0.04273121439065481,8.666666666666666,0.01839792567029461
4.016666666666658,27,FRONT_LIDAR_LEADER,217,False,218,-129.30556532819475,47.13669894863133,176.44226427682608,679,,-91.17514075771278,False,0.0,71,0,2.659440537566159,9.247812902785059,UNCERTAIN,False,0.0,84,-0.5090208881540446,0.5090208881540446,1082.5127701489741,467.97998112592364,614.5327890230506,2.3131604209747008,1.9999999999999933,335.54757869235317,-91.19922704817482,91.30012306081005,182.49935010898486,82.21926354657248,65.86790588442001,84.0,0.6263736263736264,1.0,0.27812769332208603,0.7305555555555555,144.92118823691726,97.98000000000002,False,OPENING_APPROACH,SPH_OPENING_APPROACH,30.55701281783621,0.6018213782267594,77.86988996512059,77.86988996512059,-77.86988996512059,-30.55701281783621,0.6018213782267594,0.7142857142857143,0.3561643835616438,511,511,152,37.8,8,38,198,0.8043478260869565,8,0.016632016632016633,0.8,0.0,True,True,True,False,131,0.19293078055964655,0.9924242424242424,0.0,64.20691687503519,1,131,0,0,,,123,0.18114874815905743,0.976,0.008130081300813009,64.20691687503519,3,63,31,29,39.696207937282715,272.5000799946857,116,0.17083946980854198,0.9829059829059829,0.008620689655172414,64.20691687503519,7,63,16,13,3.6173262834405575,259.14220348166003,96,0.14138438880706922,0.9791666666666666,0.020833333333333332,64.20691687503519,17,63,6,4,0.3613888917808159,256.0970900389296,1082.5127701489741,467.97998112592364,614.5327890230506,2.3131604209747008,1.9999999999999933,335.54757869235317,182.49935010898486,82.21926354657248,True,True,True,True,1471.8600261654758,441.3803633253974,1030.4796628400784,3.3346749163835847,2.2999999999999923,676.8591679985587,182.49935010898488,101.40278830819423,True,True,True,True,336.175139198172,336.9150832928633,-0.7667814452759671,0.9977242919378756,0.0,113.48337850883912,73.60291278584594,50.06573357624597,False,False,False,False,2608.2781441622283,542.1883851315968,2066.0897590306313,4.810649242383092,2.599999999999991,-1007.8015572874428,182.49935010898486,101.0952621792799,True,True,True,False,2170.6196773437086,345.70750033979726,1824.9121770039114,6.278775193509536,2.699999999999991,-1498.4848849302339,182.49935010898486,106.23785094745178,True,True,True,False,-19.999999999999982,-0.045544240459494637,8.666666666666666,0.018243925516294456
4.116666666666657,27,FRONT_LIDAR_LEADER,217,False,218,-130.18055617895365,48.19867578367983,178.37923196263347,679,,-90.40931619114933,False,0.0,71,0,2.6599321230409436,8.95879640923245,UNCERTAIN,False,0.0,84,-0.639591238984642,0.639591238984642,1124.839509237468,467.97998112592364,656.8595281115445,2.403606040008787,2.099999999999993,423.2673908849407,-92.8265788029752,93.35731034212088,186.1838891450961,82.81211745513423,65.31491396626677,84.0,0.6153846153846154,1.0,0.15379654216511465,0.7277777777777777,144.92118823691726,97.98000000000002,False,OPENING_APPROACH,SPH_BOUNDARY_CROSSING,31.930292141182406,0.09380917113605847,80.18553819332453,80.18553819332453,-80.18553819332453,-31.930292141182406,-0.09380917113605847,0.7050691244239631,0.3542074363992172,511,511,146,37.8,7,36,187,0.9473684210526315,7,0.014227642276422764,0.875,0.0,True,True,True,False,129,0.18998527245949925,0.9847328244274809,0.0,64.05419353624086,2,101,28,0,18.176979334970405,341.8230206650296,118,0.17378497790868924,0.943089430894309,0.01694915254237288,64.05419353624086,4,57,29,27,25.940692621965802,270.43058803426567,110,0.16200294550810015,0.9396551724137931,0.00909090909090909,64.05419353624086,7,57,12,12,1.477830137808036,258.639701349454,90,0.1325478645066274,0.9166666666666666,0.022222222222222223,64.05419353624086,16,57,8,4,0.5292550172383732,254.34177661586097,1124.839509237468,467.97998112592364,656.8595281115445,2.403606040008787,2.099999999999993,423.2673908849407,186.1838891450961,82.81211745513423,True,True,True,True,1552.6536389757632,441.3803633253974,1111.2732756503658,3.517722508717737,2.399999999999992,807.936128102877,186.18388914509612,104.37583087728461,True,True,True,True,335.6713811226952,336.87155371690744,-1.243702170168092,0.9963085589460327,0.0,-5.037580754768118,73.63697711224667,49.447205028126206,False,False,False,False,2914.0320953758614,542.1883851315968,2371.843710244265,5.374574917661847,2.699999999999991,3057.5395121363426,186.1838891450961,108.15305951665783,True,True,True,True,2288.517393292903,345.70750033979726,1942.8098929531056,6.619808338099434,2.7999999999999905,1178.9771594919462,186.18388914509612,123.31971590197433,True,True,True,True,-10.000000000000036,-0.02404374355593878,8.333333333333334,0.017348699862135167
4.216666666666657,27,FRONT_LIDAR_LEADER,217,False,218,-131.02370991712823,49.30061756736596,180.32432748449418,652,,-89.39282735143834,False,0.0,72,0,2.2741211710912705,8.955657717548032,UNCERTAIN,False,0.0,85,-0.8961243191935527,0.8961243191935527,1174.3241613806383,467.97998112592364,706.3441802547147,2.5093469993210076,2.1999999999999926,494.8465214317043,-94.90612898069095,95.66531280606455,190.57144178675549,82.97756491524316,64.59597287625736,84.0,0.6043956043956044,1.0,0.39203976285580416,0.7277777777777777,144.92118823691726,97.98000000000002,False,OPENING_APPROACH,SPH_JUNCTION_REGION,33.44427606007923,0.8520013014906453,82.67627884085744,82.67627884085744,-82.67627884085744,-33.44427606007923,-0.8520013014906453,0.6866359447004609,0.3522504892367906,511,511,142,37.8,5,20,185,0.5555555555555556,5,0.010121457489878543,0.7142857142857143,0.0,True,True,True,False,126,0.18556701030927836,0.9457364341085271,0.031746031746031744,62.31641159244807,1,126,0,0,,,100,0.14727540500736377,0.8389830508474576,0.01,62.31641159244807,3,43,33,24,38.20086535078149,272.68910907138866,92,0.13549337260677466,0.8363636363636363,0.0,62.31641159244807,7,43,11,10,1.0245141847766406,254.16939404208296,72,0.10603829160530191,0.7888888888888889,0.013888888888888888,62.31641159244807,16,43,8,3,0.8185846167461253,248.8734478625225,1174.3241613806383,467.97998112592364,706.3441802547147,2.5093469993210076,2.1999999999999926,494.8465214317043,190.57144178675549,82.97756491524316,True,True,True,True,1594.8828124958832,441.3803633253974,1153.5024491704858,3.6133977517257443,2.4999999999999916,422.29173520120105,190.57144178675549,104.40579266520271,True,True,True,True,330.44559881842855,336.6466452954607,-6.425954898478892,0.980924614062608,0.0,-52.25782304266677,72.47472082878036,49.47663269023465,False,False,False,False,3976.6765466192073,542.1883851315968,3434.4881614876103,7.334492319775555,2.7999999999999905,10626.444512433496,190.5714417867555,137.3688335169977,True,True,True,True,3647.110489133983,345.70750033979726,3301.4029887941856,10.549700210580399,2.89999999999999,13585.930958410849,190.57144178675549,179.06936040343135,True,True,True,True,-20.00000000000007,-0.041061847865442355,6.666666666666667,0.013660372132772646
4.316666666666657,27,FRONT_LIDAR_LEADER,217,False,218,-132.5784622300954,50.30690645564979,182.8853686857452,652,,-89.41113812824311,False,0.0,72,0,2.285762243691033,8.870777651803895,UNCERTAIN,False,0.0,85,-0.9003155729396385,0.9003155729396385,1228.0105128948571,467.97998112592364,760.0305317689335,2.6240663327956013,2.2999999999999923,536.8635151421901,-97.10018501376828,97.98741302051197,195.08759803428023,83.20143175993559,64.60809980232413,84.0,0.6043956043956044,1.0,0.0033782003786512267,0.7277777777777777,144.92118823691726,97.98000000000002,False,OPENING_APPROACH,SPH_JUNCTION_REGION,34.98747344647745,1.6130411858731009,85.22604255968128,85.22604255968128,-85.22604255968128,-34.98747344647745,-1.6130411858731009,0.6774193548387096,0.35812133072407043,511,511,135,37.8,5,20,186,1.0,5,0.010141987829614604,1.0,0.0,True,True,True,False,117,0.1723122238586156,0.9126984126984127,0.017094017094017096,61.91952825016754,2,65,52,0,62.55745614922271,297.4425438507773,97,0.14285714285714285,0.97,0.0,61.91952825016754,4,40,24,21,0.4409016857223973,270.7602914152378,89,0.13107511045655376,0.9565217391304348,0.011235955056179775,61.91952825016754,7,39,11,10,0.5935218080160785,252.81258547396692,71,0.10456553755522828,0.9444444444444444,0.04225352112676056,61.91952825016754,15,39,8,6,0.9475239914174836,250.8945259654807,1228.0105128948571,467.97998112592364,760.0305317689335,2.6240663327956013,2.2999999999999923,536.8635151421901,195.08759803428023,83.20143175993559,True,True,True,True,1686.0673410676131,441.3803633253974,1244.6869777422157,3.8199872064190568,2.599999999999991,911.8452857173029,195.08759803428023,108.00914005853255,True,True,True,True,340.19597594749996,336.6466452954607,3.5493306520392593,1.0105431932907698,0.0,97.50377129071444,73.27683750933048,50.86451652737326,False,False,False,False,4174.056800084467,542.1883851315968,3631.86841495287,7.69853599698814,2.89999999999999,1973.8025346526026,195.08759803428026,140.8492605638324,True,True,True,True,3827.0346815717226,345.70750033979726,3481.3271812319254,11.07015230450631,2.99999999999999,1799.2419243774038,195.08759803428023,182.97925124803777,True,True,True,True,0.0,0.0002053033973606178,5.666666666666667,0.011497029198638637
4.416666666666656,27,FRONT_LIDAR_LEADER,217,False,218,-134.34439460475699,51.26131675878545,185.60571136354244,652,,-89.81098932994969,False,0.0,74,0,2.539907294221364,9.65880581771454,UNCERTAIN,False,0.0,87,-1.1875797487864814,1.1875797487864814,1282.2909980568056,467.97998112592364,814.311016930882,2.740055236917854,2.399999999999992,542.8048516194868,-99.31232671696458,99.98405236745266,199.29637908441725,83.84116221943319,64.87997436403757,84.0,0.6043956043956044,1.0,0.07561089272549829,0.7277777777777777,144.92118823691726,97.98000000000002,False,OPENING_APPROACH,SPH_JUNCTION_REGION,36.49071490496425,2.6256445007495586,87.72677742803768,87.72677742803768,-87.72677742803768,-36.49071490496425,-2.6256445007495586,0.663594470046083,0.35952848722986247,509,509,132,37.8,8,24,188,0.8333333333333334,8,0.016293279022403257,1.0,0.375,True,True,True,False,110,0.16200294550810015,0.9316239316239316,0.00909090909090909,61.49882177918442,1,110,0,0,,,96,0.14138438880706922,0.9896907216494846,0.0,61.49882177918442,3,63,21,12,11.578903100589145,300.83692507836463,88,0.12960235640648013,0.9775280898876404,0.011363636363636364,61.49882177918442,5,57,12,9,16.64951102682395,277.2735124216972,67,0.09867452135493372,0.9436619718309859,0.0,61.49882177918442,15,36,8,6,1.1370213916977847,248.59552335074545,1282.2909980568056,467.97998112592364,814.311016930882,2.740055236917854,2.399999999999992,542.8048516194868,199.29637908441725,83.84116221943319,True,True,True,True,1735.0836383576057,441.3803633253974,1293.7032750322082,3.931039490033805,2.699999999999991,490.16297289992684,199.29637908441725,110.59972082933925,True,True,True,True,344.46807546154264,336.6466452954607,7.821430166081939,1.0232333524643247,0.0,42.72099514042694,74.3403740386961,50.62790665981923,False,False,False,False,3186.210128529492,542.1883851315968,2644.021743397895,5.876573928739093,2.99999999999999,-9878.466715549783,199.29637908441725,117.0609269334885,True,True,True,False,3585.951728719087,345.70750033979726,3240.24422837929,10.372791233034981,3.0999999999999894,-2410.8295285263644,199.29637908441725,183.81049395062507,True,True,True,False,30.000000000000107,0.06151291192788674,6.0,0.012185574780632133
4.516666666666656,27,FRONT_LIDAR_LEADER,217,False,218,-135.92255763736168,52.15113127619878,188.07368891356046,679,,-90.03212327231847,False,0.0,75,0,2.6599995819329907,9.913028820446744,UNCERTAIN,False,0.0,88,-1.1580414274181305,1.1580414274181305,1341.8801315706235,467.97998112592364,873.9001504446999,2.8673878919823954,2.4999999999999916,595.8913351381806,-101.37598641005519,101.66685337464624,203.0428397847014,85.47898718024054,65.0719524164751,84.0,0.6153846153846154,1.0,0.052383839858186634,0.7305555555555555,144.92118823691726,97.98000000000002,False,OPENING_APPROACH,SPH_JUNCTION_REGION,37.92096602878746,3.7750207295135283,90.0766279307619,90.0766279307619,-90.0766279307619,-37.92096602878746,-3.7750207295135283,0.6497695852534562,0.3577075098814229,506,506,126,37.8,6,21,188,0.875,6,0.012219959266802444,0.75,0.0,True,True,True,False,106,0.1561119293078056,0.9454545454545454,0.018867924528301886,61.46772192762026,1,106,0,0,,,96,0.14138438880706922,0.9895833333333334,0.010416666666666666,61.46772192762026,3,76,12,8,15.54689461571408,327.4202639952893,89,0.13107511045655376,1.0,0.011235955056179775,61.46772192762026,6,58,12,9,8.793133303628336,276.2357803911959,67,0.09867452135493372,0.9850746268656716,0.014925373134328358,61.46772192762026,16,36,8,5,0.09493373914311487,245.84522157740767,1341.8801315706235,467.97998112592364,873.9001504446999,2.8673878919823954,2.4999999999999916,595.8913351381806,203.0428397847014,85.47898718024054,True,True,True,True,1784.687658077198,441.3803633253974,1343.3072947518006,4.043423329101477,2.7999999999999905,496.0401971959249,198.87951240337452,112.07004607803373,True,True,True,True,336.3647263398437,336.6367781320141,-0.28191895561701585,0.9991625671618691,0.0,-81.03349121698983,71.58167735006296,50.47425039543574,False,False,False,False,3991.7996123056505,542.1883851315968,3449.611227174054,7.362384960232567,3.0999999999999894,8055.8948377616125,203.0428397847014,138.5782956000586,True,True,True,True,4050.2761621931368,345.70750033979726,3704.5686618533396,11.715904798744905,3.199999999999989,4643.244334740514,203.0428397847014,189.73215048700433,True,True,True,True,-20.00000000000007,-0.04073319755600828,6.333333333333333,0.0128850753729401
4.616666666666656,27,FRONT_LIDAR_LEADER,217,False,218,-137.26193838593136,52.93888569117467,190.20082407710603,679,,-90.00760883188612,False,0.0,75,0,2.6599999765446514,9.807440723884502,UNCERTAIN,False,0.0,88,-0.8602547641033357,0.8602547641033357,1402.8327166747422,467.97998112592364,934.8527355488186,2.9976340297711777,2.599999999999991,609.5258510411894,-103.25615562015157,103.1652068166202,206.42136243677177,88.13471646727459,65.01883398969169,84.0,0.6043956043956044,1.0,0.013856320370932781,0.7277777777777777,144.92118823691726,97.98000000000002,False,OPENING_APPROACH,SPH_JUNCTION_REGION,39.27689093044154,4.895484861492662,92.2167573986361,92.2167573986361,-92.2167573986361,-39.27689093044154,-4.895484861492662,0.6543778801843319,0.35984095427435386,503,503,123,37.8,6,20,188,0.8636363636363636,6,0.012219959266802444,1.0,0.0,True,True,True,False,106,0.1561119293078056,0.9905660377358491,0.009433962264150943,61.800150148012186,1,106,0,0,,,97,0.14285714285714285,1.0,0.010309278350515464,61.800150148012186,5,77,12,6,1.9639166105925376,322.96100959084913,90,0.1325478645066274,1.0,0.011111111111111112,61.800150148012186,8,59,12,9,4.573505096679817,276.093185436475,65,0.09572901325478646,0.9552238805970149,0.015384615384615385,61.800150148012186,19,34,6,5,0.21856740977312228,244.31292494026874,1402.8327166747422,467.97998112592364,934.8527355488186,2.9976340297711777,2.599999999999991,609.5258510411894,206.42136243677177,88.13471646727459,True,True,True,True,1827.6919473288608,441.3803633253974,1386.3115840034634,4.140854689499264,2.89999999999999,430.04289251662993,202.48069786821327,113.34178072884093,True,True,True,True,339.9743629377281,336.6367781320141,3.337584805713959,1.0099144984224069,0.0,36.09636597884402,72.59281255669649,50.297103818329205,False,False,False,False,4122.549486501592,542.1883851315968,3580.3611013699947,7.603537072268693,3.199999999999989,1307.4987419594163,206.42136243677177,140.90768823957396,True,True,True,True,4286.789579500653,345.70750033979726,3941.082079160856,12.400047945986566,3.2999999999999887,2365.1341730751747,206.42136243677174,194.2541137311979,True,True,True,True,0.0,0.0,6.666666666666667,0.01357773251866938
4.716666666666655,27,FRONT_LIDAR_LEADER,217,False,218,-138.42203018054,53.5987312393766,192.0207614199166,652,,-89.83313388543654,False,0.0,75,0,2.5539788518231727,9.683644042552393,UNCERTAIN,False,0.0,88,-0.6547366328171544,0.6547366328171544,1452.6316933082337,467.97998112592364,984.6517121823101,3.104046651340329,2.699999999999991,497.98976633491696,-104.82230024094956,104.70513058750699,209.52743082845654,90.72075700481435,64.89543818569845,84.0,0.6043956043956044,1.0,0.03423399973244194,0.7277777777777777,144.92118823691726,97.98000000000002,False,OPENING_APPROACH,SPH_JUNCTION_REGION,40.55406016209946,5.787191014705513,94.13115829549974,94.13115829549974,-94.13115829549974,-40.55406016209946,-5.787191014705513,0.6543778801843319,0.3652694610778443,501,501,119,37.8,5,19,184,0.95,5,0.010101010101010102,0.8333333333333334,0.0,True,True,True,False,105,0.15463917525773196,0.9905660377358491,0.0,61.92786240443989,1,105,0,0,,,99,0.14580265095729014,1.0,0.020202020202020204,61.92786240443989,3,92,6,1,12.389041535622574,334.2846603753873,89,0.13107511045655376,0.9888888888888889,0.0,61.92786240443989,8,58,12,9,5.119822993898005,274.3786587088469,65,0.09572901325478646,0.9692307692307692,0.03076923076923077,61.92786240443989,17,33,6,5,0.08201929337882063,243.382891056391,1452.6316933082337,467.97998112592364,984.6517121823101,3.104046651340329,2.699999999999991,497.98976633491696,209.52743082845654,90.72075700481435,True,True,True,True,1898.069529237957,441.3803633253974,1456.6891659125597,4.300303518121511,2.99999999999999,703.7758190909656,205.6339998542965,114.19773302221981,True,True,True,True,331.77963650870157,336.46677817519816,-4.857141623312543,0.9855715657384061,0.0,-81.94726429026531,70.82649017213546,49.13444065703497,False,False,False,False,4798.8326745538025,542.1883851315968,4256.6442894222055,8.85085849522405,3.2999999999999887,6762.8318805221315,209.52743082845654,150.85243402667936,True,True,True,True,4580.9817302967385,345.70750033979726,4235.274229956941,13.251033679610867,3.3999999999999884,2941.9215079608616,209.52743082845654,197.8795606613399,True,True,True,True,-10.000000000000036,-0.021189491657923495,5.666666666666667,0.011513642878204998
4.816666666666655,27,FRONT_LIDAR_LEADER,217,False,218,-139.59623441919425,54.11388745814549,193.71012187733973,652,,-89.79433401994132,False,0.0,75,0,2.529323577931069,9.610485948686215,UNCERTAIN,False,0.0,88,-0.6036201526224122,0.6036201526224122,1504.2093820644,467.97998112592364,1036.2294009384764,3.2142601024201687,2.7999999999999905,515.7768875616644,-106.239805301796,106.17017346570599,212.40997876750197,92.87078185850754,64.86837265085221,84.0,0.6043956043956044,1.0,0.007515243554621599,0.7277777777777777,144.92118823691726,97.98000000000002,False,OPENING_APPROACH,SPH_JUNCTION_REGION,41.75451450487691,6.808644300781793,95.8421763325145,95.8421763325145,-95.8421763325145,-41.75451450487691,-6.808644300781793,0.6451612903225806,0.3654618473895582,498,498,116,37.8,5,18,188,0.9473684210526315,5,0.010183299389002037,1.0,0.0,True,True,True,False,107,0.15758468335787923,1.0,0.018691588785046728,62.27488658881012,1,107,0,0,,,100,0.14727540500736377,1.0,0.01,62.27488658881012,3,94,5,1,10.944250409397288,325.6395245983096,89,0.13107511045655376,1.0,0.0,62.27488658881012,9,58,12,9,4.259364206088582,273.6132215714202,64,0.09425625920471281,0.9692307692307692,0.015625,62.27488658881012,17,32,6,5,0.18098197741870337,242.41398723527462,1504.2093820644,467.97998112592364,1036.2294009384764,3.2142601024201687,2.7999999999999905,515.7768875616644,212.40997876750197,92.87078185850754,True,True,True,True,1885.9153903363379,441.3803633253974,1444.5350270109404,4.272766862865602,3.0999999999999894,-121.54138901619305,204.51971594671488,115.53921687187265,True,True,True,False,335.78386830381845,336.44287632969986,-0.6829098713797066,0.9979703497769277,0.0,40.04231795116894,73.04736383360532,49.33362570646639,False,False,False,False,4918.215296758122,542.1883851315968,4376.026911626525,9.071045104672248,3.3999999999999884,1193.8262220432032,212.40997876750197,152.5235290758539,True,True,True,True,4878.648365242623,345.70750033979726,4532.9408649028255,14.112069771258595,3.499999999999988,2976.666349458857,212.40997876750197,201.14410414508217,True,True,True,True,0.0,0.0008228928799193543,5.333333333333333,0.01083475625227153
4.9166666666666545,27,FRONT_LIDAR_LEADER,217,False,218,-140.50808788642715,54.5651130810632,195.07320096749035,652,,-89.49664720144702,False,0.0,77,0,2.3401215095563104,10.131937642744456,UNCERTAIN,False,0.0,90,-0.7092575893806667,0.7092575893806667,1558.5066382747113,467.97998112592364,1090.5266571487878,3.3302848436487924,2.89999999999999,542.9725621031158,-107.43230660579566,107.66969875045596,215.10200535625162,95.17945756248989,64.66509775300743,84.0,0.6043956043956044,1.0,0.05651770810057805,0.7277777777777777,144.92118823691726,97.98000000000002,False,OPENING_APPROACH,SPH_JUNCTION_REGION,42.86555217521595,7.965405863500337,97.37294029349181,97.37294029349181,-97.37294029349181,-42.86555217521595,-7.965405863500337,0.631336405529954,0.3582995951417004,494,494,113,37.8,5,20,183,0.7272727272727273,5,0.010080645161290322,0.8,0.2,True,True,True,False,106,0.1561119293078056,0.9813084112149533,0.009433962264150943,62.274310834665215,1,106,0,0,,,100,0.14727540500736377,0.99,0.01,62.274310834665215,2,95,5,0,22.25325977770247,337.74674022229755,90,0.1325478645066274,1.0,0.011111111111111112,62.274310834665215,8,58,12,9,6.054580870924855,272.93141671586056,66,0.09720176730486009,1.0,0.030303030303030304,62.274310834665215,15,32,10,5,0.4757461143233144,241.86797656248075,1558.5066382747113,467.97998112592364,1090.5266571487878,3.3302848436487924,2.89999999999999,542.9725621031158,215.10200535625162,95.17945756248989,True,True,True,True,1949.5547017450597,441.3803633253974,1508.1743384196623,4.416949333805763,3.199999999999989,636.3931140872205,207.20566117792833,117.53122130093018,True,True,True,True,329.04240036131233,336.18385967080627,-7.400475968387525,0.9780037667935778,0.0,-67.41467942506144,72.90217942414188,48.67868351299607,False,False,False,False,5222.355297004266,542.1883851315968,4680.166911872669,9.631994045273998,3.499999999999988,3041.4000024614434,215.10200535625162,159.79183550989865,True,True,True,True,4674.940132149215,345.70750033979726,4329.232631809417,13.522819515209239,3.5999999999999877,-2037.0823309340885,215.10200535625162,202.9339986130235,True,True,True,False,0.0,-0.0010265422771171507,5.0,0.010121651550434154
5.016666666666654,27,FRONT_LIDAR_LEADER,217,False,218,-141.1121035254462,54.96485055500909,196.0769540804553,652,,-88.85634180970021,False,0.0,78,0,1.93295248352306,10.225420028840364,UNCERTAIN,False,0.0,91,-0.7587306489524525,0.7587306489524525,1586.355021531681,467.97998112592364,1118.3750404057573,3.3897924815395593,2.99999999999999,278.4838325696965,-105.13661989913994,108.58490386081286,213.7215237599528,96.98157087722502,64.20166553237384,84.0,0.5934065934065934,1.0,0.3204547854730408,0.7277777777777777,144.92118823691726,97.98000000000002,False,OPENING_APPROACH,SPH_JUNCTION_REGION,43.8813045569774,8.910532499115504,98.7572304096895,98.7572304096895,-98.7572304096895,-43.8813045569774,-8.910532499115504,0.6359447004608295,0.37142857142857144,490,490,111,37.8,3,11,188,0.55,3,0.006109979633401222,0.6,0.0,True,True,True,False,109,0.16053019145802652,1.0,0.027522935779816515,62.37620648262394,1,109,0,0,,,100,0.14727540500736377,1.0,0.0,62.37620648262394,2,95,5,0,22.302549266572647,337.69745073342733,90,0.1325478645066274,1.0,0.0,62.37620648262394,8,58,12,9,6.450934084334779,272.30315752308337,66,0.09720176730486009,0.9848484848484849,0.015151515151515152,62.37620648262394,15,32,8,5,1.1470050291738687,241.39769993778333,1586.355021531681,467.97998112592364,1118.3750404057573,3.3897924815395593,2.99999999999999,278.4838325696965,213.7215237599528,96.98157087722502,True,True,True,True,1988.068496210865,441.3803633253974,1546.6881328854677,4.504206941225448,3.2999999999999887,385.1379446580554,209.63223680866142,117.34223871740949,True,True,True,True,341.88733558989736,336.18385967080627,5.70347591909109,1.0169653472497935,0.0,128.44935228585075,73.54462126259978,49.91690523927238,False,False,False,False,8174.039573940566,542.1883851315968,7631.851188808969,15.076013795383336,3.5999999999999877,29516.842769363106,217.54415359644634,174.03532287715706,True,True,True,True,8079.731946598364,345.70750033979726,7734.024446258566,23.371584182167766,3.6999999999999873,34047.91814449161,217.54415359644634,209.63223680866142,True,True,True,True,-20.00000000000007,-0.03970665527889115,4.333333333333333,0.008791308061231193
5.116666666666654,27,FRONT_LIDAR_LEADER,217,False,218,-141.92074959998217,55.28954820515063,197.2102978051328,652,,-88.6242180751786,False,0.0,79,0,1.7852831363062367,10.28705721026699,UNCERTAIN,False,0.0,92,-0.8192324516064072,0.8192324516064072,1611.5626369124698,467.97998112592364,1143.5826557865462,3.443657211650752,3.0999999999999894,252.07615380788957,-106.4076930647665,109.48011366785454,215.88780673262104,98.96450047999723,64.04042309870819,84.0,0.5934065934065934,1.0,0.04456872615985514,0.7277777777777777,144.92118823691726,97.98000000000002,False,OPENING_APPROACH,SPH_JUNCTION_REGION,44.848681399482075,9.847122060211802,100.03814007689732,100.03814007689732,-100.03814007689732,-44.848681399482075,-9.847122060211802,0.6221198156682027,0.37448559670781895,486,486,109,37.8,3,11,189,1.0,3,0.006122448979591836,1.0,0.0,True,True,True,False,109,0.16053019145802652,1.0,0.0,62.60638114303297,1,109,0,0,,,101,0.1487481590574374,1.0,0.009900990099009901,62.60638114303297,1,101,0,0,,,92,0.13549337260677466,1.0,0.021739130434782608,62.60638114303297,7,59,12,9,8.291461753590625,272.62212221408214,67,0.09867452135493372,0.9848484848484849,0.029850746268656716,62.60638114303297,16,32,8,6,0.042532111607386014,242.44465906801898,1611.5626369124698,467.97998112592364,1143.5826557865462,3.443657211650752,3.0999999999999894,252.07615380788957,215.88780673262104,98.96450047999723,True,True,True,True,2053.561046633872,441.3803633253974,1612.1806833084747,4.652588146790599,3.3999999999999884,654.9255042300729,211.82546165872753,119.4732997244748,True,True,True,True,339.1410611281857,336.18385967080627,2.9572014573794263,1.0087963814213898,0.0,-27.462744617116737,72.79044458968436,50.23219274215239,False,False,False,False,8330.078714240686,542.1883851315968,7787.890329109089,15.36380885809433,3.6999999999999873,1560.3914030012093,219.6357911276873,175.70863290214987,True,True,True,True,8250.885477540454,345.70750033979726,7905.177977200657,23.866666096137997,3.799999999999987,1711.535309420912,219.6357911276873,211.8254616587275,True,True,True,True,0.0,0.00012469346190614608,3.6666666666666665,0.00743769125809446
5.2166666666666535,27,FRONT_LIDAR_LEADER,217,False,218,-142.7603434177143,55.564234067252045,198.32457748496634,652,,-88.55024971299892,False,0.0,79,0,1.738220669022975,10.183336481531924,UNCERTAIN,False,0.0,92,-0.8232334201562862,0.8232334201562862,1634.5328902644,467.97998112592364,1166.5529091384765,3.4927410491616335,3.199999999999989,229.70253351930378,-107.15230071982951,106.63141111589849,213.783711835728,100.2744160813959,63.990027701720344,84.0,0.5934065934065934,1.0,0.013945766041750884,0.7277777777777777,144.92118823691726,97.98000000000002,False,OPENING_APPROACH,SPH_JUNCTION_REGION,45.74298815773574,10.762244792228955,101.20341671275054,101.20341671275054,-101.20341671275054,-45.74298815773574,-10.762244792228955,0.6082949308755761,0.3755186721991701,482,482,106,37.8,1,3,189,0.2727272727272727,1,0.0020408163265306124,0.3333333333333333,0.0,True,True,True,False,109,0.16053019145802652,1.0,0.0,62.54919345836814,1,109,0,0,,,101,0.1487481590574374,1.0,0.0,62.54919345836814,2,78,23,0,58.25838228596153,301.74161771403845,94,0.13843888070692195,1.0,0.02127659574468085,62.54919345836814,7,60,12,10,8.37036405761534,275.2521750005563,66,0.09720176730486009,0.9850746268656716,0.0,62.54919345836814,17,32,8,6,0.14309736129884687,242.13066796816486,1634.5328902644,467.97998112592364,1166.5529091384765,3.4927410491616335,3.199999999999989,229.70253351930378,213.783711835728,100.2744160813959,True,True,True,True,2106.9592203964303,441.3803633253974,1665.5788570710329,4.773568095604479,3.499999999999988,533.9817376255834,213.783711835728,121.3897263397671,True,True,True,True,343.3080270732306,336.18385967080627,7.124167402424348,1.0211912832739811,0.0,41.669659450449366,73.57888930972253,50.23428317708331,False,False,False,False,0.0,523.2117916519909,-542.1883851315968,0.0,0.0,-83300.78714240716,0.0,0.0,False,False,False,False,31.31279938334333,334.70368580632135,-314.39470095645396,0.09057599083782057,0.0,-82195.7267815714,13.701371554824249,10.961097243859399,False,False,False,False,-20.00000000000007,-0.04081632653061239,2.3333333333333335,0.0047577483131745575
5.316666666666653,27,FRONT_LIDAR_LEADER,217,False,218,-143.56576413585387,55.76320222233862,199.32896635819247,652,,-88.52164257732585,False,0.0,79,0,1.720018560327317,10.095487197834869,UNCERTAIN,False,0.0,92,-0.7601701810453604,0.7601701810453604,1672.5176005218018,467.97998112592364,1204.5376193958782,3.5739084319330363,3.2999999999999887,379.84710257401866,-107.90487869350066,107.58045638398838,215.48533507748903,101.9108072339042,63.97066219673783,84.0,0.5934065934065934,1.0,0.005361015738691573,0.7277777777777777,144.92118823691726,97.98000000000002,False,OPENING_APPROACH,SPH_JUNCTION_REGION,46.582938687400144,11.500558106467167,102.23031190689426,102.23031190689426,-102.23031190689426,-46.582938687400144,-11.500558106467167,0.6129032258064516,0.375,480,480,104,37.8,1,4,191,0.75,1,0.0020491803278688526,1.0,0.0,True,True,True,False,107,0.15758468335787923,0.981651376146789,0.0,62.56331015230499,1,107,0,0,,,100,0.14727540500736377,0.9900990099009901,0.0,62.56331015230499,4,60,23,15,16.31773643646259,290.99978810358306,96,0.14138438880706922,1.0,0.020833333333333332,62.56331015230499,7,60,14,13,5.990636869643868,279.172428676106,68,0.10014727540500737,0.9848484848484849,0.04411764705882353,62.56331015230499,19,32,8,5,0.2997663935012902,240.504255365722,1672.5176005218018,467.97998112592364,1204.5376193958782,3.5739084319330363,3.2999999999999887,379.84710257401866,215.48533507748903,101.9108072339042,True,True,True,True,2118.023271888899,441.3803633253974,1676.6429085635018,4.7986350274659495,3.5999999999999877,110.64051492468974,215.48533507748908,122.28107135634633,True,True,True,True,335.97667916545754,336.1766083531191,-0.207180505348731,0.9993837285777146,0.0,-73.31347907773105,73.1206080544988,49.010002340718174,False,False,False,False,0.0,504.8993789441712,-523.2117916519909,0.0,0.0,0.0,0.0,0.0,False,False,False,False,45.16158637787101,324.5697123263256,-289.54209942845034,0.134930053934345,0.0,138.4878699452773,17.35490249202214,14.299256590139986,False,False,False,False,0.0,8.364001338240166e-05,1.6666666666666667,0.0034041485446637677
5.416666666666653,27,FRONT_LIDAR_LEADER,217,False,218,-144.81064829454974,55.82658459552938,200.63723289007913,652,,-89.21552221671344,False,0.0,79,0,2.1613876326982444,10.229709990272188,UNCERTAIN,False,0.0,92,-0.6226575518109748,0.6226575518109748,1710.6147015654,467.97998112592364,1242.6347204394765,3.6553159762299945,3.3999999999999884,380.9710104359842,-108.49395525790015,108.4500579904872,216.94401324838736,103.31392873199206,64.47995209711074,84.0,0.6043956043956044,1.0,0.1401846803037152,0.7305555555555555,144.92118823691726,97.98000000000002,False,OPENING_APPROACH,SPH_JUNCTION_REGION,47.351830584661286,12.225901841870154,103.11041317216973,103.11041317216973,-103.11041317216973,-47.351830584661286,-12.225901841870154,0.6082949308755761,0.3723849372384937,478,478,102,37.8,3,14,192,0.2857142857142857,3,0.006160164271047228,1.0,0.6666666666666666,True,True,True,False,107,0.15758468335787923,1.0,0.0,62.40062102000668,1,107,0,0,,,100,0.14727540500736377,1.0,0.0,62.40062102000668,4,60,23,15,16.34285302765209,290.6772941152454,96,0.14138438880706922,1.0,0.0,62.40062102000668,7,60,14,13,6.2741406003007825,278.7659977220121,67,0.09867452135493372,0.9705882352941176,0.014925373134328358,62.40062102000668,18,30,8,7,0.4480447896076445,242.69105825804468,1710.6147015654,467.97998112592364,1242.6347204394765,3.6553159762299945,3.3999999999999884,380.9710104359842,216.94401324838736,103.31392873199206,True,True,True,True,2154.3680825092392,441.3803633253974,1712.9877191838418,4.880978542584101,3.6999999999999873,363.44810620340144,216.94401324838736,123.68786861983307,True,True,True,True,339.09041510799216,336.1766083531191,2.9138067548730646,1.0086674881073594,0.0,31.137359425346286,72.1666038129706,50.00448394103037,False,False,False,False,8115.082427185914,504.8993789441712,7610.183048241743,16.07267262668436,0.09999999999999964,81150.82427185943,216.94401324838734,173.5552105987099,True,True,True,True,7951.327888840292,324.5697123263256,7626.758176513967,24.49805877402987,0.09999999999999964,79061.66302462449,221.95424843258797,212.97624550909046,True,True,True,True,20.00000000000007,0.04110983943178391,1.6666666666666667,0.003416720308482231
5.516666666666652,27,FRONT_LIDAR_LEADER,217,False,218,-145.77009514498982,55.82385515712796,201.59395030211778,652,,-89.57978352729276,False,0.0,80,0,2.392967391924435,10.62057288729397,UNCERTAIN,False,0.0,93,-0.5275245331188607,0.5275245331188607,1727.8890411923467,467.97998112592364,1259.909060066423,3.692228537287384,3.499999999999988,172.74339626946647,-108.81738713852934,109.31840786775982,218.13579500628916,104.51469000248042,64.72110073977252,84.0,0.6043956043956044,1.0,0.25972941450064896,0.7277777777777777,144.92118823691726,97.98000000000002,False,OPENING_APPROACH,SPH_JUNCTION_REGION,48.06959995109162,13.262106605535052,103.85303647175232,103.85303647175232,-103.85303647175232,-48.06959995109162,-13.262106605535052,0.6036866359447005,0.37420718816067655,473,473,100,37.8,3,15,197,0.9333333333333333,3,0.006224066390041493,1.0,0.0,True,True,True,False,107,0.15758468335787923,1.0,0.0,62.351041687901244,1,107,0,0,,,101,0.1487481590574374,1.0,0.009900990099009901,62.351041687901244,3,84,15,2,1.6898213106697995,335.7890472388116,96,0.14138438880706922,0.9895833333333334,0.010416666666666666,62.351041687901244,6,59,14,13,6.553745579070505,276.64463877325073,68,0.10014727540500737,1.0,0.014705882352941176,62.351041687901244,18,30,8,7,0.6154593287456969,242.51158207422853,1727.8890411923467,467.97998112592364,1259.909060066423,3.692228537287384,3.499999999999988,172.74339626946647,218.13579500628916,104.51469000248042,True,True,True,True,2179.362830176255,441.3803633253974,1737.9824668508577,4.9376071326706725,3.799999999999987,249.9474766701596,218.13579500628913,124.48844509203619,True,True,True,True,339.10268272243417,336.1766083531191,2.9260743693150744,1.0087039796839212,0.0,0.12267614442009787,71.2628708954773,50.20537068492403,False,False,False,False,8192.417104334872,504.8993789441712,7687.517725390701,16.225841120000155,0.1999999999999993,773.3467714895896,218.13579500628913,174.50863600503132,True,True,True,True,7523.932175214993,324.5697123263256,7199.362462888667,23.181251637091624,0.1999999999999993,-4273.957136253009,222.24911638586462,212.6708764134645,True,True,True,False,0.0,0.0006390211899426542,2.3333333333333335,0.004811136996319191
5.616666666666652,27,FRONT_LIDAR_LEADER,217,False,218,-146.6525546876659,55.75525991140436,202.40781459907026,652,,-89.9139481504734,False,0.0,81,0,2.605328293613958,10.915161101707367,UNCERTAIN,False,0.0,94,-0.4444888744103275,0.4444888744103275,1756.5362794473099,467.97998112592364,1288.5562983213863,3.7534432033208334,3.5999999999999877,286.47238254963315,-109.16195067735383,109.89347863594581,219.05542931329964,105.76870533080404,64.95224708949928,84.0,0.6043956043956044,1.0,0.06421538598241361,0.7277777777777777,144.92118823691726,97.98000000000002,False,OPENING_APPROACH,SPH_JUNCTION_REGION,48.72993443715143,14.099017106987048,104.47608271447592,104.47608271447592,-104.47608271447592,-48.72993443715143,-14.099017106987048,0.6082949308755761,0.3829787234042553,470,470,100,37.8,3,15,197,1.0,3,0.006224066390041493,1.0,0.0,True,True,True,False,107,0.15758468335787923,1.0,0.0,62.387074736499905,1,107,0,0,,,101,0.1487481590574374,1.0,0.0,62.387074736499905,3,84,15,2,1.6768951128560161,335.59039003424846,96,0.14138438880706922,1.0,0.0,62.387074736499905,6,59,14,13,6.812901781112121,276.3439797613728,66,0.09720176730486009,0.9411764705882353,0.030303030303030304,62.387074736499905,17,30,8,7,0.5064278570431635,242.36702738759521,1756.5362794473099,467.97998112592364,1288.5562983213863,3.7534432033208334,3.5999999999999877,286.47238254963315,219.05542931329964,105.76870533080404,True,True,True,True,2192.0258985212045,441.3803633253974,1750.645535195807,4.966296828445865,3.8999999999999866,126.63068344949397,219.05542931329964,122.74094380380471,True,True,True,True,338.5380998227062,336.1766083531191,2.361491469587122,1.0070245561734819,0.0,-5.645828997279543,72.49581958275954,50.170330216964174,False,False,False,False,8251.026758652568,504.8993789441712,7746.127379708397,16.34192297068545,0.29999999999999893,586.0965431769566,219.0554293132996,175.24434345063972,True,True,True,True,7573.104693176447,324.5697123263256,7248.534980850121,23.332752273454194,0.29999999999999893,491.7251796145428,222.52388036072313,213.4452184143497,True,True,True,True,0.0,0.0,3.0,0.006202765683710071
5.716666666666652,27,FRONT_LIDAR_LEADER,217,False,218,-147.31955955422208,55.660136814907894,202.97969636912998,652,,-89.9906575478578,False,0.0,81,0,2.654064706241706,10.898613644418909,UNCERTAIN,False,0.0,94,-0.34573746238979897,0.34573746238979897,1786.9963550553991,467.97998112592364,1319.0163739294755,3.8185316191432466,3.6999999999999873,304.60075608089363,-109.45451277780826,110.12351890942034,219.5780316872286,106.88545350677995,65.00672252540873,84.0,0.6043956043956044,1.0,0.015109445037886518,0.7277777777777777,144.92118823691726,97.98000000000002,False,OPENING_APPROACH,SPH_JUNCTION_REGION,49.34574576986381,14.798343785908173,105.00493420404257,105.00493420404257,-105.00493420404257,-49.34574576986381,-14.798343785908173,0.6082949308755761,0.38675213675213677,468,468,99,37.8,3,15,203,1.0,3,0.0063025210084033615,1.0,0.0,True,True,True,False,108,0.15905743740795286,1.0,0.009259259259259259,62.421548099428506,1,108,0,0,,,101,0.1487481590574374,1.0,0.0,62.421548099428506,3,84,15,2,1.6655406247808777,335.4214714148248,96,0.14138438880706922,1.0,0.0,62.421548099428506,6,59,14,13,7.056770207002579,276.10816136721905,66,0.09720176730486009,1.0,0.0,62.421548099428506,17,30,8,7,0.3743734815352009,242.26024400256665,1786.9963550553991,467.97998112592364,1319.0163739294755,3.8185316191432466,3.6999999999999873,304.60075608089363,219.5780316872286,106.88545350677995,True,True,True,True,2223.4420798845963,441.3803633253974,1782.0617165591989,5.037473944542964,3.9999999999999862,314.16181363391956,219.5780316872286,123.95376988944409,True,True,True,True,336.5862910566902,336.1766083531191,0.40968270357109304,1.0012186532120069,0.0,-19.51808766016036,70.51361166469603,49.25044794176044,False,False,False,False,8285.503849651384,504.8993789441712,7780.604470707213,16.410208043784397,0.3999999999999986,344.7709099881662,219.5780316872286,175.6624253497829,True,True,True,True,7613.471887691882,324.5697123263256,7288.902175365557,23.457123688846302,0.3999999999999986,403.6719451543573,222.69394054811653,213.94970484597965,True,True,True,True,0.0,0.0007845461836186844,3.0,0.006250217929495449
5.816666666666651,27,FRONT_LIDAR_LEADER,217,False,218,-147.84731976355764,55.54644761804712,203.39376738160476,652,,-89.91449319621772,False,0.0,82,0,2.605674598587901,11.143614179984432,UNCERTAIN,False,0.0,95,-0.29585719850693576,0.29585719850693576,1811.147955539018,467.97998112592364,1343.1679744130945,3.8701398106421907,3.799999999999987,241.51600483619035,-109.54733491729192,110.25973271623822,219.80706763353015,107.94202516140513,64.9526322478285,84.0,0.6043956043956044,1.0,0.015002584080048563,0.7277777777777777,144.92118823691726,97.98000000000002,False,OPENING_APPROACH,SPH_JUNCTION_REGION,49.92302954371468,15.323762957550798,105.46207936019135,105.46207936019135,-105.46207936019135,-49.92302954371468,-15.323762957550798,0.6129032258064516,0.38329764453961457,467,467,100,37.8,0,0,206,0.0,0,0.0,0.0,0.0,True,True,True,False,108,0.15905743740795286,1.0,0.0,62.52007257090341,1,108,0,0,,,101,0.1487481590574374,1.0,0.0,62.52007257090341,4,78,15,6,1.9129681618581351,323.7420166291725,96,0.14138438880706922,1.0,0.0,62.52007257090341,7,59,14,13,7.279836339597949,275.9413939289704,67,0.09867452135493372,0.9848484848484849,0.029850746268656716,62.52007257090341,17,30,8,7,0.2523225852836761,242.19147920398186,1811.147955539018,467.97998112592364,1343.1679744130945,3.8701398106421907,3.799999999999987,241.51600483619035,219.80706763353015,107.94202516140513,True,True,True,True,2208.4013064306087,441.3803633253974,1767.0209431052112,5.0033972734815935,4.099999999999985,-150.40773453987694,219.80706763353015,124.37524594372101,True,True,True,False,355.3917467021714,336.1766083531191,19.215138349052324,1.0571578684286944,0.0,188.054556454813,74.36556107866295,51.773364453570345,False,False,False,False,0.0,504.8993789441712,0.0,1.0,0.3999999999999986,0.0,0.0,0.0,False,False,True,False,0.0,324.5697123263256,0.0,1.0,0.3999999999999986,0.0,0.0,0.0,False,False,True,False,-30.000000000000107,-0.06302521008403383,2.0,0.004175529132814952
5.916666666666651,27,FRONT_LIDAR_LEADER,217,False,218,-148.2988559478646,55.402346735189965,203.7012026830546,652,,-89.77518470614184,False,0.0,82,0,2.5171547679484494,11.078650183160754,UNCERTAIN,False,0.0,95,-0.21886708474181418,0.21886708474181418,1838.1520882545035,467.97998112592364,1370.17210712858,3.9278434172163768,3.8999999999999866,270.0413271548551,-109.63511415671688,110.29087059465282,219.9259847513697,109.20903697371892,64.85506420669536,84.0,0.6043956043956044,1.0,0.02708482914344662,0.7277777777777777,144.92118823691726,97.98000000000002,False,OPENING_APPROACH,SPH_JUNCTION_REGION,50.46606474039709,16.172374192804227,105.84962453362328,105.84962453362328,-105.84962453362328,-50.46606474039709,-16.172374192804227,0.6082949308755761,0.3879310344827586,464,464,100,37.8,0,0,228,1.0,0,0.0,1.0,0.0,True,True,True,False,108,0.15905743740795286,1.0,0.0,62.594486782642676,1,108,0,0,,,102,0.15022091310751104,1.0,0.00980392156862745,62.594486782642676,4,78,16,6,1.9099979063992691,324.93424719107855,96,0.14138438880706922,1.0,0.0,62.594486782642676,7,59,14,13,7.478065366759289,275.83153877203733,68,0.10014727540500737,1.0,0.014705882352941176,62.594486782642676,17,30,8,7,0.1336614062418282,242.1500555114801,1838.1520882545035,467.97998112592364,1370.17210712858,3.9278434172163768,3.8999999999999866,270.0413271548551,219.9259847513697,109.20903697371892,True,True,True,True,2237.3557904032928,441.3803633253974,1795.9754270778953,5.068997119733336,4.199999999999985,289.54483972684204,219.9259847513697,125.38829369334482,True,True,True,True,348.3987351152993,336.1766083531191,12.22212676218021,1.0363562676833902,0.0,-69.93011586872139,72.24761811871737,49.97927079149258,False,False,False,False,0.0,504.8993789441712,0.0,1.0,0.3999999999999986,0.0,0.0,0.0,False,False,True,False,0.0,324.5697123263256,0.0,1.0,0.3999999999999986,0.0,0.0,0.0,False,False,True,False,0.0,0.0,1.0,0.0021008403361344537
6.016666666666651,27,FRONT_LIDAR_LEADER,217,False,218,-148.87438425477413,55.19965632016342,204.07404057493756,652,,-89.87736630353471,False,0.0,82,0,2.5820847978698946,11.089995133555787,UNCERTAIN,False,0.0,95,-0.15344424646411609,0.15344424646411609,1854.7565032124337,467.97998112592364,1386.77652208651,3.9633244540718024,3.9999999999999862,166.04414957930263,-109.64412466951882,110.3584583761825,220.00258304570133,110.08408701108823,64.92645831793668,84.0,0.6043956043956044,1.0,0.019821899247014767,0.7277777777777777,144.92118823691726,97.98000000000002,False,OPENING_APPROACH,SPH_JUNCTION_REGION,50.97542327024462,16.521355322167324,106.1639232300293,106.1639232300293,-106.1639232300293,-50.97542327024462,-16.521355322167324,0.6082949308755761,0.3879310344827586,464,464,99,37.8,0,0,240,1.0,0,0.0,1.0,0.0,True,True,True,False,108,0.15905743740795286,1.0,0.0,62.60291928328294,1,108,0,0,,,102,0.15022091310751104,0.9901960784313726,0.00980392156862745,62.60291928328294,3,84,16,2,1.6546803262083536,336.2883083614086,95,0.13991163475699558,0.9895833333333334,0.0,62.60291928328294,7,58,14,13,7.662027559434826,276.2973170546858,68,0.10014727540500737,0.9852941176470589,0.014705882352941176,62.60291928328294,18,30,8,8,0.025183908361481322,243.92556378110274,1854.7565032124337,467.97998112592364,1386.77652208651,3.9633244540718024,3.9999999999999862,166.04414957930263,220.00258304570133,110.08408701108823,True,True,True,True,2249.026556953013,441.3803633253974,1807.6461936276155,5.095438637117099,4.299999999999985,116.70766549720197,220.00258304570133,124.54473309926641,True,True,True,True,345.5977582220552,336.1766083531191,9.421149868936084,1.0280244063234767,0.0,-28.00976893244136,72.36997149991925,50.09652615981471,False,False,False,False,0.0,504.8993789441712,0.0,1.0,0.3999999999999986,0.0,0.0,0.0,False,False,True,False,0.0,324.5697123263256,0.0,1.0,0.3999999999999986,0.0,0.0,0.0,False,False,True,False,0.0,0.0,0.0,0.0
6.11666666666665,27,FRONT_LIDAR_LEADER,217,False,218,-149.39120959251596,54.95967185623377,204.35088144874973,652,,-89.93914998165715,False,0.0,82,0,2.621340499753762,11.095603973803934,UNCERTAIN,False,0.0,95,-0.09897749416325254,0.09897749416325254,1869.4039152460664,467.97998112592364,1401.4239341201428,3.994623681868667,4.099999999999985,146.47412033632742,-109.6410239716303,110.39153889854822,220.03256287017854,110.89320927611328,64.97008449503127,84.0,0.6043956043956044,1.0,0.012104514579597887,0.7277777777777777,144.92118823691726,97.98000000000002,False,OPENING_APPROACH,SPH_JUNCTION_REGION,51.451510327101346,16.862724419691517,106.40554175686941,106.40554175686941,-106.40554175686941,-51.451510327101346,-16.862724419691517,0.6175115207373272,0.3900862068965517,464,464,99,37.8,0,0,250,1.0,0,0.0,1.0,0.0,True,True,True,False,110,0.16200294550810015,1.0,0.01818181818181818,62.577460549331796,1,110,0,0,,,103,0.15169366715758467,1.0,0.009708737864077669,62.577460549331796,2,87,16,0,23.72285249190763,336.27714750809236,95,0.13991163475699558,1.0,0.0,62.577460549331796,7,58,14,13,7.8339467140048775,276.26187704102824,68,0.10014727540500737,1.0,0.0,62.577460549331796,18,30,8,8,0.06902462764831485,243.90684175296923,1869.4039152460664,467.97998112592364,1401.4239341201428,3.994623681868667,4.099999999999985,146.47412033632742,220.03256287017854,110.89320927611328,True,True,True,True,2228.4135273731954,441.3803633253974,1787.033164047798,5.048737353388668,4.399999999999984,-206.13029579817595,220.0325628701785,125.38516361646052,True,True,True,False,351.51268463402107,336.1766083531191,15.336076280901977,1.0456191058504374,0.0,59.14926411965915,73.1709211087699,50.453865381217945,False,False,False,False,0.0,504.8993789441712,0.0,1.0,0.3999999999999986,0.0,0.0,0.0,False,False,True,False,0.0,324.5697123263256,0.0,1.0,0.3999999999999986,0.0,0.0,0.0,False,False,True,False,0.0,0.0,0.0,0.0
6.21666666666665,27,FRONT_LIDAR_LEADER,217,False,218,-149.78159993339827,54.69439603465138,204.47599596804966,652,,-89.8481299554426,False,0.0,82,0,2.563507752420528,11.062284925067951,UNCERTAIN,False,0.0,95,-0.05485285309833877,0.05485285309833877,1882.3299809191544,467.97998112592364,1414.3499997932308,4.022244661813128,4.199999999999985,129.26065673088078,-109.63253942407079,110.36522708003002,219.9977665041008,111.53831935846445,64.90593513309614,84.0,0.6043956043956044,1.0,0.017800937872288407,0.7277777777777777,144.92118823691726,97.98000000000002,False,OPENING_APPROACH,SPH_JUNCTION_REGION,51.90116923678863,17.197224047374732,106.58316906491274,106.58316906491274,-106.58316906491274,-51.90116923678863,-17.197224047374732,0.6175115207373272,0.3900862068965517,464,464,96,37.8,0,0,268,1.0,0,0.0,1.0,0.0,True,True,True,False,110,0.16200294550810015,1.0,0.0,62.66368506560199,1,110,0,0,,,104,0.15316642120765833,1.0,0.009615384615384616,62.66368506560199,2,88,16,0,23.70403322749483,336.2959667725052,97,0.14285714285714285,1.0,0.020618556701030927,62.66368506560199,6,58,16,13,6.595088190945308,279.0392016193915,68,0.10014727540500737,0.9705882352941176,0.029411764705882353,62.66368506560199,18,30,8,8,0.14821197881077586,243.90861519376116,1882.3299809191544,467.97998112592364,1414.3499997932308,4.022244661813128,4.199999999999985,129.26065673088078,219.9977665041008,111.53831935846445,True,True,True,True,2207.65184189312,441.3803633253974,1766.2714785677226,5.001699271939699,4.499999999999984,-207.6168548007543,219.9977665041008,125.80835538561392,True,True,True,False,327.9850884833794,335.8899051576782,-8.191519869739693,0.9756332842137091,0.0,-235.27596150641753,69.91009576469634,48.719193912360765,False,False,False,False,0.0,504.8993789441712,0.0,1.0,0.3999999999999986,0.0,0.0,0.0,False,False,True,False,0.0,324.5697123263256,0.0,1.0,0.3999999999999986,0.0,0.0,0.0,False,False,True,False,0.0,0.0,0.0,0.0
6.3166666666666496,27,FRONT_LIDAR_LEADER,217,False,218,-150.31006275515017,54.4156269329332,204.72568968808338,679,,-90.00018863317025,False,0.0,82,0,2.659999999985609,11.102293191407156,UNCERTAIN,False,0.0,95,-0.02336117551609918,0.02336117551609918,1907.0221339543693,467.97998112592364,1439.0421528284458,4.075007929540536,4.299999999999985,246.92153035215003,-109.61574038380074,110.255359191488,219.87109957528872,112.5887611488066,65.01352906520074,84.0,0.6043956043956044,1.0,0.029849168263655922,0.7277777777777777,144.92118823691726,97.98000000000002,False,OPENING_APPROACH,SPH_JUNCTION_REGION,52.32993970218689,18.195318166509196,106.74558206522102,106.74558206522102,-106.74558206522102,-52.32993970218689,-18.195318166509196,0.6175115207373272,0.39565217391304347,460,460,96,37.8,0,0,278,1.0,0,0.0,1.0,0.0,True,True,True,False,110,0.16200294550810015,1.0,0.0,62.68219586846457,1,110,0,0,,,104,0.15316642120765833,1.0,0.0,62.68219586846457,2,88,16,0,23.743449823894416,336.25655017610563,97,0.14285714285714285,1.0,0.0,62.68219586846457,6,58,16,13,6.7508951673445665,279.03253918374526,68,0.10014727540500737,0.9852941176470589,0.014705882352941176,62.68219586846457,19,30,8,8,0.21533466591813388,243.92380827647114,1907.0221339543693,467.97998112592364,1439.0421528284458,4.075007929540536,4.299999999999985,246.92153035215003,219.87109957528872,112.5887611488066,True,True,True,True,2225.2023141606146,441.3803633253974,1783.8219508352172,5.041461965810509,4.599999999999984,175.50472267494632,219.87109957528872,126.47426584694244,True,True,True,True,332.5546218820377,335.7731702430308,-3.3352832756405064,0.9900703080848029,0.0,45.69533398658296,70.59198124260791,49.04980966233022,False,False,False,False,0.0,504.8993789441712,0.0,1.0,0.3999999999999986,0.0,0.0,0.0,False,False,True,False,0.0,324.5697123263256,0.0,1.0,0.3999999999999986,0.0,0.0,0.0,False,False,True,False,0.0,0.0,0.0,0.0
6.416666666666649,27,FRONT_LIDAR_LEADER,217,False,218,-150.74196982267108,54.16859567399247,204.91056549666354,679,,-90.03382679619764,False,0.0,82,0,2.659999536416389,11.111065856800025,UNCERTAIN,False,0.0,95,0.00017655924571223267,-0.00017655924571223267,1918.5322865678536,467.97998112592364,1450.55230544193,4.099603324808923,4.399999999999984,115.10152613484293,-109.60652738764465,110.08794487882072,219.69447226646537,113.33192928095637,65.07302477694864,84.0,0.6153846153846154,1.0,0.015628011496452796,0.7305555555555555,144.92118823691726,97.98000000000002,False,OPENING_APPROACH,SPH_JUNCTION_REGION,52.73976905373985,18.678790284702018,106.91126509634773,106.91126509634773,-106.91126509634773,-52.73976905373985,-18.678790284702018,0.6221198156682027,0.39651416122004357,459,459,95,37.8,0,0,284,1.0,0,0.0,1.0,0.0,True,True,True,False,110,0.16200294550810015,1.0,0.0,62.54456270346478,1,110,0,0,,,105,0.15463917525773196,1.0,0.009523809523809525,62.54456270346478,1,105,0,0,,,99,0.14580265095729014,1.0,0.020202020202020204,62.54456270346478,5,59,23,13,6.899964179430633,288.556158541389,67,0.09867452135493372,0.9705882352941176,0.014925373134328358,62.54456270346478,20,30,8,5,0.2841956516568356,239.70642850874816,1918.5322865678536,467.97998112592364,1450.55230544193,4.099603324808923,4.399999999999984,115.10152613484293,219.69447226646537,113.33192928095637,True,True,True,True,2226.922412216898,441.3803633253974,1785.5420488915006,5.045359053672152,4.699999999999983,17.200980562834108,219.69447226646537,127.0569340892871,True,True,True,True,326.4236856229619,335.4459382813284,-9.349484620068893,0.9721553553153107,0.0,-61.309362590758035,69.38739266721373,48.890714920514114,False,False,False,False,0.0,504.8993789441712,0.0,1.0,0.3999999999999986,0.0,0.0,0.0,False,False,True,False,0.0,324.5697123263256,0.0,1.0,0.3999999999999986,0.0,0.0,0.0,False,False,True,False,0.0,0.0,0.0,0.0
6.516666666666649,27,FRONT_LIDAR_LEADER,217,False,218,-151.32082008475447,53.903055511421634,205.2238755961761,679,,-90.31803119192978,False,0.0,82,0,2.6599590225721186,11.193104648346768,UNCERTAIN,False,0.0,95,0.011044664902514998,-0.011044664902514998,1928.9386269777656,467.97998112592364,1460.958645851842,4.121840046099597,4.499999999999984,104.06340409912028,-109.41474076524668,110.07069147355223,219.48543223879892,114.01936225057193,65.25507765740649,84.0,0.6153846153846154,1.0,0.24360099504633412,0.7277777777777777,144.92118823691726,97.98000000000002,False,OPENING_APPROACH,SPH_JUNCTION_REGION,53.13410373878463,19.157791553725417,107.06492467820817,107.06492467820817,-107.06492467820817,-53.13410373878463,-19.157791553725417,0.6129032258064516,0.39737991266375544,458,458,96,37.8,0,0,286,1.0,0,0.0,1.0,0.0,True,True,True,False,110,0.16200294550810015,1.0,0.0,62.571683467653905,1,110,0,0,,,104,0.15316642120765833,0.9904761904761905,0.0,62.571683467653905,1,104,0,0,,,99,0.14580265095729014,0.98989898989899,0.010101010101010102,62.571683467653905,4,58,23,16,20.11779382607756,287.60209970304453,68,0.10014727540500737,1.0,0.014705882352941176,62.571683467653905,19,30,8,5,0.40239662726675407,239.7814498324989,1928.9386269777656,467.97998112592364,1460.958645851842,4.121840046099597,4.499999999999984,104.06340409912028,219.48543223879892,114.01936225057193,True,True,True,True,2240.944467001451,441.3803633253974,1799.5641036760535,5.077127695754255,4.799999999999983,140.22054784552944,219.4854322387989,127.5618771511197,True,True,True,True,328.43462780355367,335.2005424146063,-7.011310477774714,0.9790985381617752,0.0,20.109421805917762,69.79494770413703,48.89481118240477,False,False,False,False,0.0,504.8993789441712,0.0,1.0,0.3999999999999986,0.0,0.0,0.0,False,False,True,False,0.0,324.5697123263256,0.0,1.0,0.3999999999999986,0.0,0.0,0.0,False,False,True,False,0.0,0.0,0.0,0.0
6.6166666666666485,27,FRONT_LIDAR_LEADER,217,False,218,-151.98472860015906,53.642925451910706,205.62765405206977,679,,-90.75983743031927,False,0.0,82,0,2.6597660939914287,11.320387509629514,UNCERTAIN,False,0.0,95,0.015687321314743947,-0.015687321314743947,1914.9364903131288,467.97998112592364,1446.9565091872053,4.091919670807156,4.599999999999984,-140.02136664636788,-109.03791470978251,104.20310460500717,213.2410193147897,113.96690894777694,65.55114300764359,84.0,0.6153846153846154,1.0,0.08284015270605273,0.7277777777777777,144.92118823691726,97.98000000000002,False,OPENING_APPROACH,SPH_JUNCTION_REGION,53.50797332685357,19.45513884282815,107.22978128837707,107.22978128837707,-107.22978128837707,-53.50797332685357,-19.45513884282815,0.6036866359447005,0.3938730853391685,457,457,95,37.8,0,0,287,1.0,0,0.0,1.0,0.0,True,True,True,False,111,0.1634756995581738,1.0,0.009009009009009009,62.6227230261198,1,111,0,0,,,105,0.15463917525773196,1.0,0.009523809523809525,62.6227230261198,1,105,0,0,,,99,0.14580265095729014,1.0,0.0,62.6227230261198,4,58,23,16,20.10111613196377,287.6256459419911,68,0.10014727540500737,1.0,0.0,62.6227230261198,18,30,8,5,0.5149287382324914,239.86441558985558,1914.9364903131288,467.97998112592364,1446.9565091872053,4.091919670807156,4.599999999999984,-140.02136664636788,213.2410193147897,113.96690894777694,True,True,True,False,2270.5175357381054,441.3803633253974,1829.137172412708,5.144129019768419,4.899999999999983,295.7306873665458,219.24379020454546,128.36454491773355,True,True,True,True,331.4972821442709,335.07092830514455,-3.703260270335363,0.9889521053765037,0.0,30.62654340717256,70.13493431988965,49.200807555848826,False,False,False,False,0.0,504.8993789441712,0.0,1.0,0.3999999999999986,0.0,0.0,0.0,False,False,True,False,0.0,324.5697123263256,0.0,1.0,0.3999999999999986,0.0,0.0,0.0,False,False,True,False,0.0,0.0,0.0,0.0
6.716666666666648,27,FRONT_LIDAR_LEADER,217,False,218,-152.5283036002952,53.5233946628811,206.05169826317632,679,,-91.03809705999227,False,0.0,82,0,2.6595634133840793,11.401117977464098,UNCERTAIN,False,0.0,95,0.018570179708673088,-0.018570179708673088,1932.620131548644,467.97998112592364,1464.6401504227204,4.129706845363149,4.699999999999983,176.8364123551516,-108.80418208259833,104.44751241507555,213.2516944976739,115.21459422660695,65.78138567531603,84.0,0.6263736263736264,1.0,0.06331338217774254,0.7305555555555555,144.92118823691726,97.98000000000002,False,OPENING_APPROACH,SPH_JUNCTION_REGION,53.86842735721069,20.273620045801692,107.5084284969625,107.5084284969625,-107.5084284969625,-53.86842735721069,-20.273620045801692,0.6082949308755761,0.3986784140969163,454,454,95,37.8,0,0,281,1.0,0,0.0,1.0,0.0,True,True,True,False,112,0.16494845360824742,0.990990990990991,0.017857142857142856,62.62147406692167,1,112,0,0,,,105,0.15463917525773196,1.0,0.0,62.62147406692167,1,105,0,0,,,99,0.14580265095729014,1.0,0.0,62.62147406692167,4,58,23,16,20.07982746239177,287.65708917247946,67,0.09867452135493372,0.9705882352941176,0.014925373134328358,62.62147406692167,19,30,8,5,0.4671875354888968,239.9522932026582,1932.620131548644,467.97998112592364,1464.6401504227204,4.129706845363149,4.699999999999983,176.8364123551516,213.2516944976739,115.21459422660695,True,True,True,True,2234.861126472151,441.3803633253974,1793.4807631467538,5.063345160247992,4.999999999999982,-356.5640926595428,219.00450775511115,128.46976908517388,True,True,True,False,341.2678468920911,335.07092830514455,6.196918586946538,1.018494348698921,0.0,97.70564747820208,72.61906751737556,49.66303530637169,False,False,False,False,0.0,504.8993789441712,0.0,1.0,0.3999999999999986,0.0,0.0,0.0,False,False,True,False,0.0,324.5697123263256,0.0,1.0,0.3999999999999986,0.0,0.0,0.0,False,False,True,False,0.0,0.0,0.0,0.0
6.816666666666648,27,FRONT_LIDAR_LEADER,217,False,218,-152.93042100258594,53.47538031786354,206.40580132044948,679,,-91.10985998176332,False,0.0,82,0,2.6595009670972813,11.423364030524287,UNCERTAIN,False,0.0,95,0.019351329292146304,-0.019351329292146304,1944.1740212715706,467.97998112592364,1476.194040145647,4.15439569999135,4.799999999999983,115.5388972292671,-108.75993991451082,104.50949345530756,213.2694333698184,115.97022365116553,65.82651173306664,84.0,0.6263736263736264,1.0,0.01273504556568252,0.7305555555555555,144.92118823691726,97.98000000000002,False,OPENING_APPROACH,SPH_JUNCTION_REGION,54.220171503185725,20.756532893757026,107.82468008941765,107.82468008941765,-107.82468008941765,-54.220171503185725,-20.756532893757026,0.6082949308755761,0.39514348785871967,453,453,97,37.8,0,0,278,1.0,0,0.0,1.0,0.0,True,True,True,False,113,0.16642120765832105,1.0,0.008849557522123894,62.59977886944493,1,113,0,0,,,105,0.15463917525773196,1.0,0.0,62.59977886944493,1,105,0,0,,,98,0.14432989690721648,0.98989898989899,0.0,62.59977886944493,5,58,16,14,14.73276886823844,274.91481375423285,69,0.101620029455081,1.0,0.028985507246376812,62.59977886944493,18,30,8,7,0.42766349768885803,241.76813445584713,1944.1740212715706,467.97998112592364,1476.194040145647,4.15439569999135,4.799999999999983,115.5388972292671,213.2694333698184,115.97022365116553,True,True,True,True,2234.9576761329026,441.3803633253974,1793.5773128075052,5.063563905051281,5.099999999999982,0.9654966075140726,218.83106603484288,128.74557394468292,True,True,True,True,341.78303880791003,335.07092830514455,6.7121105027654835,1.0200319094727694,0.0,5.151919158189476,72.90817282748466,49.769791516061346,False,False,False,False,0.0,504.8993789441712,0.0,1.0,0.3999999999999986,0.0,0.0,0.0,False,False,True,False,0.0,324.5697123263256,0.0,1.0,0.3999999999999986,0.0,0.0,0.0,False,False,True,False,0.0,0.0,0.0,0.0
6.916666666666647,27,FRONT_LIDAR_LEADER,217,False,218,-153.2589079605014,53.43849736798379,206.6974053284852,679,,-91.07546577659241,False,0.0,82,0,2.6595314166913435,11.41550287590676,UNCERTAIN,False,0.0,95,0.0184207666695542,-0.0184207666695542,1951.6673095019023,467.97998112592364,1483.6873283759787,4.170407684547406,4.899999999999983,74.93288230331727,-108.71093368277832,104.58162837981028,213.29256206258862,116.45805539940685,65.80483480051618,84.0,0.6263736263736264,1.0,0.006116509294090417,0.7305555555555555,144.92118823691726,97.98000000000002,False,OPENING_APPROACH,SPH_JUNCTION_REGION,54.57023574638424,21.063347837261574,108.13242558239841,108.13242558239841,-108.13242558239841,-54.57023574638424,-21.063347837261574,0.6082949308755761,0.3973509933774834,453,453,98,37.8,0,0,274,1.0,0,0.0,1.0,0.0,True,True,True,False,113,0.16642120765832105,1.0,0.0,62.68257428306139,1,113,0,0,,,105,0.15463917525773196,1.0,0.0,62.68257428306139,1,105,0,0,,,98,0.14432989690721648,1.0,0.0,62.68257428306139,5,58,16,14,14.656900691362143,274.9628518230133,68,0.10014727540500737,0.9855072463768116,0.0,62.68257428306139,18,30,8,7,0.39288688642028546,241.81136845326677,1951.6673095019023,467.97998112592364,1483.6873283759787,4.170407684547406,4.899999999999983,74.93288230331727,213.29256206258862,116.45805539940685,True,True,True,True,2245.9839507980514,441.3803633253974,1804.603587472654,5.0885452489925385,5.1999999999999815,110.26274665148816,218.7926067654047,129.02112795487406,True,True,True,True,342.46024306468234,335.07092830514455,7.389314759537797,1.0220529868016734,0.0,6.772042567723157,73.20754917575132,49.83754069758288,False,False,False,False,0.0,504.8993789441712,0.0,1.0,0.3999999999999986,0.0,0.0,0.0,False,False,True,False,0.0,324.5697123263256,0.0,1.0,0.3999999999999986,0.0,0.0,0.0,False,False,True,False,0.0,0.0,0.0,0.0
7.016666666666647,27,FRONT_LIDAR_LEADER,217,False,218,-153.50618082447164,53.43951066414289,206.94569148861453,679,,-90.92461398999033,False,0.0,82,0,2.659653647862867,11.374527937537549,UNCERTAIN,False,0.0,95,0.019070540716176924,-0.019070540716176924,1959.1212742181206,467.97998112592364,1491.141293092197,4.186335640906319,4.999999999999982,74.53964716218279,-108.7120897708905,104.63317033576953,213.34526010666002,116.90758829780285,65.66589079220309,84.0,0.6153846153846154,1.0,0.03790528760002842,0.7277777777777777,144.92118823691726,97.98000000000002,False,OPENING_APPROACH,SPH_JUNCTION_REGION,54.91353635910872,21.37027185847319,108.45714495919214,108.45714495919214,-108.45714495919214,-54.91353635910872,-21.37027185847319,0.6082949308755761,0.3973509933774834,453,453,98,37.8,1,7,272,0.0,1,0.002457002457002457,1.0,1.0,True,True,True,False,113,0.16642120765832105,1.0,0.0,62.724441667560924,1,113,0,0,,,105,0.15463917525773196,1.0,0.0,62.724441667560924,1,105,0,0,,,99,0.14580265095729014,1.0,0.010101010101010102,62.724441667560924,4,58,16,14,19.942820587051884,275.0137289646079,68,0.10014727540500737,1.0,0.0,62.724441667560924,18,30,8,7,0.35256084233032325,241.84666146869006,1959.1212742181206,467.97998112592364,1491.141293092197,4.186335640906319,4.999999999999982,74.53964716218279,213.34526010666002,116.90758829780285,True,True,True,True,2256.842300213787,441.3803633253974,1815.4619368883896,5.113146138198229,5.299999999999981,108.58349415735613,218.9130807525164,129.30276244997214,True,True,True,True,345.9957841464849,335.07092830514455,10.924855841340332,1.0326046067219272,0.0,35.355410818025476,73.51238180804597,49.90611767657751,False,False,False,False,0.0,487.2279006811252,-504.8993789441712,0.0,0.0,-82855.03849651414,0.0,0.0,False,False,False,False,29.763617390088733,314.2514990035573,-294.8060949362369,0.09170177086691347,0.0,-75837.0827030182,15.283701419677953,14.14672838542742,False,False,False,False,10.000000000000036,0.024570024570024655,0.3333333333333333,0.0008190008190008189
7.116666666666647,27,FRONT_LIDAR_LEADER,217,False,218,-153.66318085385646,53.46606183718907,207.12924269104553,679,,-90.64006391052591,False,0.0,82,0,2.659834022759185,11.295575643823012,UNCERTAIN,False,0.0,95,0.022121025757639984,-0.022121025757639984,1970.368917159125,467.97998112592364,1502.3889360332014,4.210370094076609,5.099999999999982,112.47642941004455,-108.78866095019322,104.70147364201992,213.49013459221314,117.48428296967197,65.46924332243799,84.0,0.6153846153846154,1.0,0.054912257209293665,0.7277777777777777,144.92118823691726,97.98000000000002,False,OPENING_APPROACH,SPH_JUNCTION_REGION,55.259060500065175,21.850730852488596,108.79059857700241,108.79059857700241,-108.79059857700241,-55.259060500065175,-21.850730852488596,0.6129032258064516,0.4026548672566372,452,452,97,37.8,0,0,258,0.0,0,0.0,0.0,0.0,True,True,True,False,115,0.16936671575846834,1.0,0.017391304347826087,62.796676486835395,1,115,0,0,,,105,0.15463917525773196,1.0,0.0,62.796676486835395,1,105,0,0,,,99,0.14580265095729014,1.0,0.0,62.796676486835395,4,58,16,14,19.873601641449113,275.07102719115244,70,0.10309278350515463,1.0,0.02857142857142857,62.796676486835395,18,30,8,7,0.30955844004667554,241.8755927245378,1970.368917159125,467.97998112592364,1502.3889360332014,4.210370094076609,5.099999999999982,112.47642941004455,213.49013459221314,117.48428296967197,True,True,True,True,2225.778498568766,441.3803633253974,1784.3981352433684,5.042767380495952,5.399999999999981,-310.63801645021266,219.17790213806836,129.21332697527743,True,True,True,False,338.77489242275595,335.07092830514455,3.703964117611406,1.0110542688270414,0.0,-72.20891723728951,72.20837106119929,49.104426697117745,False,False,False,False,0.0,487.2279006811252,0.0,1.0,0.0,0.0,0.0,0.0,False,False,False,False,0.0,314.2514990035573,0.0,1.0,0.0,0.0,0.0,0.0,False,False,False,False,-10.000000000000036,-0.024570024570024655,0.3333333333333333,0.0008190008190008189
7.216666666666646,27,FRONT_LIDAR_LEADER,217,False,218,-153.7682645961585,53.49086712258504,207.25913171874353,679,,-90.28171954721878,False,0.0,82,0,2.6599678456700246,11.19541944299552,UNCERTAIN,False,0.0,95,0.023959438571291992,-0.023959438571291992,1978.4675402016262,467.97998112592364,1510.4875590757026,4.22767558441621,5.1999999999999815,80.9862304250126,-109.01546810046752,104.63387789637859,213.6493459968461,117.98229418690885,65.23146294816489,84.0,0.6153846153846154,1.0,0.06657508589012882,0.7277777777777777,144.92118823691726,97.98000000000002,False,OPENING_APPROACH,SPH_JUNCTION_REGION,55.60193397039728,22.318111765347453,109.11771055645426,109.11771055645426,-109.11771055645426,-55.60193397039728,-22.318111765347453,0.6129032258064516,0.4057649667405765,451,451,96,37.8,0,0,258,1.0,0,0.0,1.0,0.0,True,True,True,False,116,0.17083946980854198,1.0,0.008620689655172414,62.7572935816798,1,116,0,0,,,105,0.15463917525773196,1.0,0.0,62.7572935816798,1,105,0,0,,,98,0.14432989690721648,0.98989898989899,0.0,62.7572935816798,4,57,16,14,19.53165966873292,275.39580656327837,69,0.101620029455081,0.9857142857142858,0.0,62.7572935816798,19,30,8,7,0.10490121339676861,241.9027326609989,1978.4675402016262,467.97998112592364,1510.4875590757026,4.22767558441621,5.1999999999999815,80.9862304250126,213.6493459968461,117.98229418690885,True,True,True,True,2225.3139941540635,441.3803633253974,1783.933630828666,5.041714990192037,5.4999999999999805,-4.645044147023344,219.41882763083896,128.160188110778,True,True,True,False,342.120816837655,335.07092830514455,7.049888532510465,1.0210399886620132,0.0,33.45924414899071,72.4723254073526,49.41455238815484,False,False,False,False,0.0,487.2279006811252,0.0,1.0,0.0,0.0,0.0,0.0,False,False,False,False,0.0,314.2514990035573,0.0,1.0,0.0,0.0,0.0,0.0,False,False,False,False,0.0,0.0,0.3333333333333333,0.0008190008190008189
7.316666666666646,27,FRONT_LIDAR_LEADER,217,False,218,-153.8954930550716,53.51083537874325,207.40632843381485,652,,-89.96468973965295,False,0.0,82,0,2.6375668932625103,11.106871334195326,UNCERTAIN,False,0.0,95,0.0265840235275794,-0.0265840235275794,1985.9934502076314,467.97998112592364,1518.0134690817079,4.243757276602911,5.299999999999981,75.2591000600526,-109.11611011681079,104.67537037172619,213.791480488537,118.33132702465988,64.98822062749517,84.0,0.6043956043956044,1.0,0.25962631103479705,0.7277777777777777,144.92118823691726,97.98000000000002,False,OPENING_APPROACH,SPH_JUNCTION_REGION,55.93872372424579,22.622435409096227,109.44696424554024,109.44696424554024,-109.44696424554024,-55.93872372424579,-22.622435409096227,0.6175115207373272,0.4057649667405765,451,451,97,37.8,0,0,251,1.0,0,0.0,1.0,0.0,True,True,True,False,117,0.1723122238586156,1.0,0.008547008547008548,62.78913545457185,1,117,0,0,,,105,0.15463917525773196,1.0,0.0,62.78913545457185,1,105,0,0,,,99,0.14580265095729014,1.0,0.010101010101010102,62.78913545457185,3,57,28,14,34.33640500101156,275.4354938308848,71,0.10456553755522828,0.9855072463768116,0.04225352112676056,62.78913545457185,17,30,9,8,1.0823246390180623,244.17673038040851,1985.9934502076314,467.97998112592364,1518.0134690817079,4.243757276602911,5.299999999999981,75.2591000600526,213.791480488537,118.33132702465988,True,True,True,True,2263.4349926903747,441.3803633253974,1822.0546293649772,5.128082671457022,5.59999999999998,381.209985363113,219.62629990089778,129.28481724873703,True,True,True,True,349.09663518643777,335.07092830514455,14.025706881293218,1.0418589191018093,0.0,69.75818348782776,72.70999172610186,50.3279760716993,False,False,False,False,0.0,487.2279006811252,0.0,1.0,0.0,0.0,0.0,0.0,False,False,False,False,0.0,314.2514990035573,0.0,1.0,0.0,0.0,0.0,0.0,False,False,False,False,0.0,0.0,0.0,0.0
7.416666666666646,27,FRONT_LIDAR_LEADER,217,False,218,-154.04641937782398,53.54140872322932,207.5878281010533,652,,-89.68989160403717,False,0.0,82,0,2.4629501839454977,11.030506031652802,UNCERTAIN,False,0.0,95,0.03080294528140374,-0.03080294528140374,1993.4613466561245,467.97998112592364,1525.481365530201,4.25971500289395,5.399999999999981,74.6789644849312,-109.22017104953272,104.75787834957985,213.9780493991126,118.67500461892237,64.79618032579262,84.0,0.6043956043956044,1.0,0.05331741699447302,0.7277777777777777,144.92118823691726,97.98000000000002,False,OPENING_APPROACH,SPH_JUNCTION_REGION,56.270416733932734,22.92342803601116,109.79221360013679,109.79221360013679,-109.79221360013679,-56.270416733932734,-22.92342803601116,0.6175115207373272,0.41019955654101997,451,451,97,37.8,0,0,255,1.0,0,0.0,1.0,0.0,True,True,True,False,117,0.1723122238586156,1.0,0.0,62.741934303841845,1,117,0,0,,,105,0.15463917525773196,1.0,0.0,62.741934303841845,1,105,0,0,,,99,0.14580265095729014,1.0,0.0,62.741934303841845,3,57,28,14,34.30123912811413,275.45986288676056,70,0.10309278350515463,0.9859154929577465,0.0,62.741934303841845,17,30,9,8,1.196485907551648,244.17755584773866,1993.4613466561245,467.97998112592364,1525.481365530201,4.25971500289395,5.399999999999981,74.6789644849312,213.9780493991126,118.67500461892237,True,True,True,True,2245.93005218922,441.3803633253974,1804.5496888638227,5.0884231352482265,5.69999999999998,-175.0494050115464,219.84306438646502,127.04065735524009,True,True,True,False,348.95420742654613,335.07092830514455,13.883279121401586,1.0414338516075565,0.0,-1.4242775989163243,72.85044936208928,50.16775151315866,False,False,False,False,0.0,487.2279006811252,0.0,1.0,0.0,0.0,0.0,0.0,False,False,False,False,0.0,314.2514990035573,0.0,1.0,0.0,0.0,0.0,0.0,False,False,False,False,0.0,0.0,0.0,0.0
7.516666666666645,27,FRONT_LIDAR_LEADER,217,False,218,-154.50033949075262,53.55809867102721,208.05843816177983,652,,-89.87326441450327,False,0.0,82,0,2.5794784601512415,11.086822805264855,UNCERTAIN,False,0.0,95,0.03591607583713833,-0.03591607583713833,2001.4569008240223,467.97998112592364,1533.4769196980988,4.276800251174573,5.4999999999999805,79.95554167897836,-109.18064753829277,105.08988923567233,214.2705367739651,119.23444996060692,64.923574230888,84.0,0.6043956043956044,1.0,0.035382172402973026,0.7277777777777777,144.92118823691726,97.98000000000002,False,OPENING_APPROACH,SPH_JUNCTION_REGION,56.60501256907418,23.38147608724813,110.1532478482344,110.1532478482344,-110.1532478482344,-56.60501256907418,-23.38147608724813,0.6175115207373272,0.4111111111111111,450,450,96,37.8,0,0,251,1.0,0,0.0,1.0,0.0,True,True,True,False,117,0.1723122238586156,1.0,0.0,62.79784252787755,1,117,0,0,,,105,0.15463917525773196,1.0,0.0,62.79784252787755,1,105,0,0,,,99,0.14580265095729014,1.0,0.0,62.79784252787755,3,57,28,14,34.27116085838988,275.47631821368896,69,0.101620029455081,0.9714285714285714,0.014492753623188406,62.79784252787755,17,30,9,6,1.3063673174419108,244.1714870435908,2001.4569008240223,467.97998112592364,1533.4769196980988,4.276800251174573,5.4999999999999805,79.95554167897836,214.2705367739651,119.23444996060692,True,True,True,True,2235.6802660535614,441.3803633253974,1794.299902728164,5.065201018934678,5.799999999999979,-102.4978613565876,220.04231743692884,129.12556259136414,True,True,True,False,351.3935914333597,335.07092830514455,16.32266312821514,1.0487140535013837,0.0,24.39384006813563,72.89151490110073,50.02646647416128,False,False,False,False,0.0,487.2279006811252,0.0,1.0,0.0,0.0,0.0,0.0,False,False,False,False,0.0,314.2514990035573,0.0,1.0,0.0,0.0,0.0,0.0,False,False,False,False,0.0,0.0,0.0,0.0
7.616666666666645,27,FRONT_LIDAR_LEADER,217,False,218,-154.77990894369856,53.6062988322372,208.38620777593576,652,,-89.80199060636146,False,0.0,82,0,2.5341890281303856,11.070140060634118,UNCERTAIN,False,0.0,95,0.04107511656819767,-0.04107511656819767,2011.4193812210149,467.97998112592364,1543.4394000950913,4.298088513063519,5.59999999999998,99.62480396992568,-109.39480539572438,105.13706351816951,214.5318689138939,119.60545710056583,64.87370298182019,84.0,0.6043956043956044,1.0,0.013845039826924645,0.7277777777777777,144.92118823691726,97.98000000000002,False,OPENING_APPROACH,SPH_JUNCTION_REGION,56.92964524923525,23.687106606588202,110.52383444523758,110.52383444523758,-110.52383444523758,-56.92964524923525,-23.687106606588202,0.6175115207373272,0.4111111111111111,450,450,97,37.8,0,0,254,1.0,0,0.0,1.0,0.0,True,True,True,False,117,0.1723122238586156,0.9914529914529915,0.008547008547008548,62.8706369680158,1,117,0,0,,,106,0.1561119293078056,1.0,0.009433962264150943,62.8706369680158,1,106,0,0,,,98,0.14432989690721648,0.98989898989899,0.0,62.8706369680158,5,57,14,13,15.943916816435724,275.49049542516616,70,0.10309278350515463,1.0,0.014285714285714285,62.8706369680158,17,30,9,6,1.4057913897265681,244.16126015220027,2011.4193812210149,467.97998112592364,1543.4394000950913,4.298088513063519,5.59999999999998,99.62480396992568,214.5318689138939,119.60545710056583,True,True,True,True,2266.843284907275,441.3803633253974,1825.4629215818777,5.13580456508913,5.899999999999979,311.63018853713874,220.2445574558497,127.77106542708209,True,True,True,True,354.33563493247675,335.07092830514455,19.264706627332203,1.0574944138686604,0.0,29.420434991170726,72.95920231783168,50.269573767272135,False,False,False,False,0.0,487.2279006811252,0.0,1.0,0.0,0.0,0.0,0.0,False,False,False,False,0.0,314.2514990035573,0.0,1.0,0.0,0.0,0.0,0.0,False,False,False,False,0.0,0.0,0.0,0.0
7.716666666666645,27,FRONT_LIDAR_LEADER,217,False,218,-155.12169741979818,53.65767405639243,208.77937147619062,652,,-89.82868792091051,False,0.0,81,0,2.5511537343970545,10.904097825489684,UNCERTAIN,False,0.0,94,0.03830662219685008,-0.03830662219685008,2001.562411693652,467.97998112592364,1533.5824305677284,4.27702571139485,5.69999999999998,-98.5696952736297,-104.1079435787604,105.1596692994531,209.2676128782135,119.99468562012134,64.89232998522014,84.0,0.6043956043956044,1.0,0.005172064622325766,0.7277777777777777,144.92118823691726,97.98000000000002,False,OPENING_APPROACH,SPH_JUNCTION_REGION,57.25383133889022,24.308307716724187,110.90125046569898,110.90125046569898,-110.90125046569898,-57.25383133889022,-24.308307716724187,0.6175115207373272,0.4161073825503356,447,447,98,37.8,0,0,256,1.0,0,0.0,1.0,0.0,True,True,True,False,117,0.1723122238586156,1.0,0.0,62.98588886172183,1,117,0,0,,,106,0.1561119293078056,1.0,0.0,62.98588886172183,1,106,0,0,,,98,0.14432989690721648,1.0,0.0,62.98588886172183,5,57,14,13,15.89840150936763,275.503940012479,69,0.101620029455081,0.9857142857142858,0.0,62.98588886172183,17,30,9,6,1.265299276268209,244.14539888873674,2001.562411693652,467.97998112592364,1533.5824305677284,4.27702571139485,5.69999999999998,-98.5696952736297,209.2676128782135,119.99468562012134,True,True,True,False,2277.294538610872,441.3803633253974,1835.9141752854748,5.159483130272358,5.999999999999979,104.5125370359714,220.44826987824183,128.15388977191188,True,True,True,True,353.4756642402958,335.07092830514455,18.40473593515128,1.0549278805781395,0.0,-8.59970692180926,73.10529472089328,50.289976440382006,False,False,False,False,0.0,487.2279006811252,0.0,1.0,0.0,0.0,0.0,0.0,False,False,False,False,0.0,314.2514990035573,0.0,1.0,0.0,0.0,0.0,0.0,False,False,False,False,0.0,0.0,0.0,0.0
7.816666666666644,27,FRONT_LIDAR_LEADER,217,False,218,-155.48864037442988,53.71223395932929,209.20087433375917,652,,-89.89672662866506,False,0.0,81,0,2.594386157455786,10.927360554097314,UNCERTAIN,False,0.0,94,0.03666660495156469,-0.03666660495156469,2031.1500387527,467.97998112592364,1563.1700576267765,4.3402498411703645,5.799999999999979,295.8762705904825,-109.43899196246333,105.6130957333792,215.05208769584254,120.57978076028536,64.94009141169198,84.0,0.6043956043956044,1.0,0.013256679988770144,0.7277777777777777,144.92118823691726,97.98000000000002,False,OPENING_APPROACH,SPH_JUNCTION_REGION,57.57675026133114,24.613040581863174,111.28222119513168,111.28222119513168,-111.28222119513168,-57.57675026133114,-24.613040581863174,0.6221198156682027,0.4174107142857143,448,448,98,37.8,0,0,252,1.0,0,0.0,1.0,0.0,True,True,True,False,117,0.1723122238586156,1.0,0.0,63.076877354883436,1,117,0,0,,,106,0.1561119293078056,1.0,0.0,63.076877354883436,1,106,0,0,,,98,0.14432989690721648,1.0,0.0,63.076877354883436,5,57,14,13,15.851506130379576,275.5156568205485,67,0.09867452135493372,0.9710144927536232,0.0,63.076877354883436,17,30,9,6,1.1322159198794175,244.1237234468624,2031.1500387527,467.97998112592364,1563.1700576267765,4.3402498411703645,5.799999999999979,295.8762705904825,215.05208769584254,120.57978076028536,True,True,True,True,2240.739440785028,441.3803633253974,1799.3590774596305,5.076663184340838,6.099999999999978,-365.55097825844445,220.6449161445684,127.7463090763762,True,True,True,False,355.878924417018,335.07092830514455,20.80799611187348,1.062100272969441,0.0,24.032601767222076,73.2464341273568,50.37313028184779,False,False,False,False,0.0,487.2279006811252,0.0,1.0,0.0,0.0,0.0,0.0,False,False,False,False,0.0,314.2514990035573,0.0,1.0,0.0,0.0,0.0,0.0,False,False,False,False,0.0,0.0,0.0,0.0
7.916666666666644,27,FRONT_LIDAR_LEADER,217,False,218,-155.92051590396235,53.7626988384004,209.68321474236274,679,,-90.0642915375957,False,0.0,81,0,2.659998325388964,10.978779500281501,UNCERTAIN,False,0.0,94,0.033652157710431126,-0.033652157710431126,2038.3741886770672,467.97998112592364,1570.3942075511436,4.355686719275676,5.899999999999979,72.24149924367137,-109.48284295636763,105.83954501533803,215.32238797170567,120.98631278208599,65.09223951288914,84.0,0.6153846153846154,1.0,0.04138846391860143,0.7305555555555555,144.92118823691726,97.98000000000002,False,OPENING_APPROACH,SPH_JUNCTION_REGION,57.89802127505561,24.902303764823444,111.66527166663826,111.66527166663826,-111.66527166663826,-57.89802127505561,-24.902303764823444,0.6267281105990783,0.421875,448,448,97,37.8,0,0,248,1.0,0,0.0,1.0,0.0,True,True,True,False,118,0.17378497790868924,1.0,0.00847457627118644,63.149128330745725,1,118,0,0,,,106,0.1561119293078056,1.0,0.0,63.149128330745725,1,106,0,0,,,98,0.14432989690721648,1.0,0.0,63.149128330745725,5,57,14,13,15.807328634074231,275.52188073545614,66,0.09720176730486009,0.9850746268656716,0.0,63.149128330745725,17,30,9,6,0.9978864519466368,244.10148863566442,2038.3741886770672,467.97998112592364,1570.3942075511436,4.355686719275676,5.899999999999979,72.24149924367137,215.32238797170567,120.98631278208599,True,True,True,True,2231.835339304592,441.3803633253974,1790.4549759791944,5.056489877550858,6.199999999999978,-89.04101480436142,220.8266893577907,128.08777454851943,True,True,True,False,348.87789483309274,335.07092830514455,13.806966527948191,1.0412061010419096,0.0,-70.01029583925313,73.39078818623807,49.16588662181084,False,False,False,False,0.0,487.2279006811252,0.0,1.0,0.0,0.0,0.0,0.0,False,False,False,False,0.0,314.2514990035573,0.0,1.0,0.0,0.0,0.0,0.0,False,False,False,False,0.0,0.0,0.0,0.0
8.016666666666644,27,FRONT_LIDAR_LEADER,217,False,218,-156.1393005511212,53.83754603058055,209.97684658170175,652,,-89.91258409758152,False,0.0,81,0,2.6044616161482352,10.938587467047956,UNCERTAIN,False,0.0,94,0.031049638170677737,-0.031049638170677737,2045.5957184883578,467.97998112592364,1577.6157373624342,4.371117998609284,5.99999999999998,72.21529811290527,-109.55413596848403,105.98481536362773,215.53895133211176,121.27243066573226,64.95128329613459,84.0,0.6043956043956044,1.0,0.03828307474753039,0.7277777777777777,144.92118823691726,97.98000000000002,False,OPENING_APPROACH,SPH_JUNCTION_REGION,58.21739807221934,25.189108346279113,112.04899167497797,112.04899167497797,-112.04899167497797,-58.21739807221934,-25.189108346279113,0.6267281105990783,0.421875,448,448,97,37.8,0,0,252,1.0,0,0.0,1.0,0.0,True,True,True,False,118,0.17378497790868924,0.9915254237288136,0.00847457627118644,63.215986824787,1,118,0,0,,,106,0.1561119293078056,1.0,0.0,63.215986824787,1,106,0,0,,,98,0.14432989690721648,1.0,0.0,63.215986824787,5,57,14,13,15.766563129575637,275.5224608025148,64,0.09425625920471281,0.9696969696969697,0.0,63.215986824787,16,30,9,5,0.8576418516076059,244.08001437192337,2045.5957184883578,467.97998112592364,1577.6157373624342,4.371117998609284,5.99999999999998,72.21529811290527,215.53895133211176,121.27243066573226,True,True,True,True,2241.8597423216715,441.3803633253974,1800.4793789962741,5.079201361454571,6.2999999999999785,100.24403017079695,221.0140263490419,128.41516692447334,True,True,True,True,351.1819197806627,335.07092830514455,16.110991475518176,1.0480823315738277,0.0,23.040249475699728,73.57075192151213,49.35234685019185,False,False,False,False,0.0,487.2279006811252,0.0,1.0,0.0,0.0,0.0,0.0,False,False,False,False,0.0,314.2514990035573,0.0,1.0,0.0,0.0,0.0,0.0,False,False,False,False,0.0,0.0,0.0,0.0
8.11666666666665,27,FRONT_LIDAR_LEADER,217,False,218,-156.30313642171208,53.915212802404824,210.2183492241169,652,,-89.6856323602172,False,0.0,81,0,2.4602432495881406,10.876164735023147,UNCERTAIN,False,0.0,94,0.02421989795930915,-0.02421989795930915,2052.7453520471972,467.97998112592364,1584.7653709212736,4.386395646900217,6.0999999999999845,71.49633558839113,-109.62890614268373,106.13342919124145,215.7623353339252,121.60166541723143,64.79325658140766,84.0,0.6043956043956044,1.0,0.04388390761630357,0.7277777777777777,144.92118823691726,97.98000000000002,False,OPENING_APPROACH,SPH_JUNCTION_REGION,58.53378036964426,25.4730390403505,112.42862818845401,112.42862818845401,-112.42862818845401,-58.53378036964426,-25.4730390403505,0.6221198156682027,0.41964285714285715,448,448,97,37.8,0,0,250,1.0,0,0.0,1.0,0.0,True,True,True,False,119,0.17525773195876287,1.0,0.008403361344537815,63.24327258309542,1,119,0,0,,,106,0.1561119293078056,1.0,0.0,63.24327258309542,1,106,0,0,,,98,0.14432989690721648,1.0,0.0,63.24327258309542,5,57,14,13,15.729927504637764,275.51756971551976,65,0.09572901325478646,1.0,0.015384615384615385,63.24327258309542,16,30,9,6,0.7134163460215524,244.0578215331709,2052.7453520471972,467.97998112592364,1584.7653709212736,4.386395646900217,6.0999999999999845,71.49633558839113,215.7623353339252,121.60166541723143,True,True,True,True,2251.7487244559766,441.3803633253974,1810.3683611305792,5.101606033152696,6.3999999999999835,98.88982134304533,221.19526102256904,128.73845560793143,True,True,True,True,353.546789102404,335.07092830514455,18.47586079725943,1.0551401486566263,0.0,23.648693217411353,73.74288512055043,49.55734887878647,False,False,False,False,0.0,487.2279006811252,0.0,1.0,0.0,0.0,0.0,0.0,False,False,False,False,0.0,314.2514990035573,0.0,1.0,0.0,0.0,0.0,0.0,False,False,False,False,0.0,0.0,0.0,0.0
8.216666666666654,27,FRONT_LIDAR_LEADER,217,False,218,-156.5472948218454,53.977638176922,210.5249329987674,652,,-89.58305107204202,False,0.0,81,0,2.3950443154527203,10.849131993933566,UNCERTAIN,False,0.0,94,0.02671226989947296,-0.02671226989947296,2037.391385241696,467.97998112592364,1569.4114041157725,4.353586622102702,6.1999999999999895,-153.53966805500394,-104.81872259528548,106.07000332412355,210.888725919409,121.91963781085991,64.72331380462238,84.0,0.6043956043956044,1.0,0.019448447952973527,0.7277777777777777,144.92118823691726,97.98000000000002,False,OPENING_APPROACH,SPH_JUNCTION_REGION,58.84771177279555,25.74361271869452,112.79929050992445,112.79929050992445,-112.79929050992445,-58.84771177279555,-25.74361271869452,0.6175115207373272,0.42058165548098436,447,447,97,37.8,0,0,249,1.0,0,0.0,1.0,0.0,True,True,True,False,119,0.17525773195876287,1.0,0.0,63.2798230248279,1,119,0,0,,,106,0.1561119293078056,1.0,0.0,63.2798230248279,1,106,0,0,,,98,0.14432989690721648,1.0,0.0,63.2798230248279,5,57,14,13,15.695862589101495,275.51082183522715,64,0.09425625920471281,0.9846153846153847,0.0,63.2798230248279,16,30,9,5,0.5575674463680382,244.03664521695384,2037.391385241696,467.97998112592364,1569.4114041157725,4.353586622102702,6.1999999999999895,-153.53966805500394,210.888725919409,121.91963781085991,True,True,True,False,2261.559220884144,441.3803633253974,1820.1788575587466,5.123832886097069,6.4999999999999885,98.10496428166938,221.38458861934203,129.05355675118102,True,True,True,True,355.87524263449666,335.07092830514455,20.80431432935211,1.0620892849003178,0.0,23.28453532092565,73.91767402772473,49.754418667832596,False,False,False,False,0.0,487.2279006811252,0.0,1.0,0.0,0.0,0.0,0.0,False,False,False,False,0.0,314.2514990035573,0.0,1.0,0.0,0.0,0.0,0.0,False,False,False,False,0.0,0.0,0.0,0.0
8.31666666666666,27,FRONT_LIDAR_LEADER,217,False,218,-156.95805938379323,54.01851260033719,210.97657198413043,652,,-89.73199026901948,False,0.0,81,0,2.4897049787165013,10.89497300163838,UNCERTAIN,False,0.0,94,0.03133103671729825,-0.03133103671729825,2044.2340084800044,467.97998112592364,1576.2540273540808,4.368208237373179,6.2999999999999945,68.42623238307966,-104.96023674582938,106.27159637184478,211.23183311767417,122.2948532125507,64.82516407854092,84.0,0.6043956043956044,1.0,0.02831551325542097,0.7277777777777777,144.92118823691726,97.98000000000002,False,OPENING_APPROACH,SPH_JUNCTION_REGION,59.15736365741765,26.02275649468004,113.15917901593912,113.15917901593912,-113.15917901593912,-59.15736365741765,-26.02275649468004,0.6175115207373272,0.4272930648769575,447,447,98,37.8,0,0,246,1.0,0,0.0,1.0,0.0,True,True,True,False,119,0.17525773195876287,1.0,0.0,63.486242464455664,1,119,0,0,,,106,0.1561119293078056,1.0,0.0,63.486242464455664,2,95,11,0,21.81078826779886,338.18921173220116,98,0.14432989690721648,1.0,0.0,63.486242464455664,6,57,14,13,15.659691132039384,275.5047276332411,65,0.09572901325478646,1.0,0.015384615384615385,63.486242464455664,17,30,9,5,0.38644789190499296,244.01785734608796,2044.2340084800044,467.97998112592364,1576.2540273540808,4.368208237373179,6.2999999999999945,68.42623238307966,211.23183311767417,122.2948532125507,True,True,True,True,2271.3318713338085,441.3803633253974,1829.951508008411,5.145973994450953,6.599999999999993,97.72650449664039,221.5843827839081,129.3709520280298,True,True,True,True,364.69755846906116,335.07092830514455,29.626630163916616,1.0884189813594811,0.0,88.22315834564067,74.13307409977108,50.90063512308878,False,False,False,False,0.0,487.2279006811252,0.0,1.0,0.0,0.0,0.0,0.0,False,False,False,False,0.0,314.2514990035573,0.0,1.0,0.0,0.0,0.0,0.0,False,False,False,False,0.0,0.0,0.0,0.0
8.416666666666664,27,FRONT_LIDAR_LEADER,217,False,218,-157.44232867049416,54.043714559918946,211.48604323041312,652,,-89.99341172556056,False,0.0,81,0,2.655814452675801,10.973249457683742,UNCERTAIN,False,0.0,94,0.033324449313887665,-0.033324449313887665,2081.9787756667597,467.97998112592364,1613.9987945408361,4.448862899343856,6.3999999999999995,377.4476718675345,-109.90196378563552,106.71791500325013,216.61987878888564,122.94978386385674,65.00868852889646,84.0,0.6043956043956044,1.0,0.05093881404822689,0.7277777777777777,144.92118823691726,97.98000000000002,False,OPENING_APPROACH,SPH_JUNCTION_REGION,59.46680816557074,26.6683276858235,113.50999452742286,113.50999452742286,-113.50999452742286,-59.46680816557074,-26.6683276858235,0.6267281105990783,0.4282511210762332,446,446,98,37.8,0,0,250,1.0,0,0.0,1.0,0.0,True,True,True,False,119,0.17525773195876287,1.0,0.0,63.51184232483812,1,119,0,0,,,107,0.15758468335787923,1.0,0.009345794392523364,63.51184232483812,2,96,11,0,21.000096522349697,338.9999034776503,99,0.14580265095729014,1.0,0.010101010101010102,63.51184232483812,5,57,17,14,16.143023137672827,275.5031326759807,66,0.09720176730486009,1.0,0.015151515151515152,63.51184232483812,17,30,9,5,0.21819571215089972,243.99543463008956,2081.9787756667597,467.97998112592364,1613.9987945408361,4.448862899343856,6.3999999999999995,377.4476718675345,216.61987878888564,122.94978386385674,True,True,True,True,2194.6083334498194,441.3803633253974,1753.227970124422,4.972147643622957,6.699999999999998,-767.2353788398532,216.61987878888561,124.71728446572712,True,True,True,False,358.7519237251662,335.07092830514455,23.680995420021645,1.0706745749021105,0.0,-59.45634743894675,74.31029291123306,50.91936182010303,False,False,False,False,0.0,487.2279006811252,0.0,1.0,0.0,0.0,0.0,0.0,False,False,False,False,0.0,314.2514990035573,0.0,1.0,0.0,0.0,0.0,0.0,False,False,False,False,0.0,0.0,0.0,0.0
8.51666666666667,27,FRONT_LIDAR_LEADER,217,False,218,-157.89226344518923,54.066539491565464,211.9588029367547,679,,-90.20966308605357,False,0.0,81,0,2.6599821905774257,11.03860928756577,UNCERTAIN,False,0.0,94,0.03391279036199489,-0.03391279036199489,2088.490419736201,467.97998112592364,1620.5104386102776,4.462777263915124,6.500000000000004,65.11644069441121,-109.96458944318366,106.94096788087504,216.9055573240587,123.32424090291178,65.18491336337259,84.0,0.6153846153846154,1.0,0.04834433190000449,0.7305555555555555,144.92118823691726,97.98000000000002,False,OPENING_APPROACH,SPH_JUNCTION_REGION,59.77079486754809,26.946278112920083,113.85422100501904,113.85422100501904,-113.85422100501904,-59.77079486754809,-26.946278112920083,0.6267281105990783,0.4282511210762332,446,446,98,37.8,0,0,253,1.0,0,0.0,1.0,0.0,True,True,True,False,119,0.17525773195876287,1.0,0.0,63.38985820292221,1,119,0,0,,,109,0.16053019145802652,1.0,0.01834862385321101,63.38985820292221,1,109,0,0,,,99,0.14580265095729014,1.0,0.0,63.38985820292221,5,57,17,14,16.251790555687265,275.514059652706,67,0.09867452135493372,1.0,0.014925373134328358,63.38985820292221,17,30,9,5,0.05874485787816486,243.97334285660037,2088.490419736201,467.97998112592364,1620.5104386102776,4.462777263915124,6.500000000000004,65.11644069441121,216.9055573240587,123.32424090291178,True,True,True,True,2203.957028408757,441.3803633253974,1762.5766650833598,4.9933282301096416,6.800000000000003,93.48694958937348,216.9055573240587,125.02849262941197,True,True,True,True,360.6726120310402,335.07092830514455,25.60168372589567,1.0764067591760171,0.0,19.206883058739276,74.45190632122566,50.88488324964383,False,False,False,False,0.0,487.2279006811252,0.0,1.0,0.0,0.0,0.0,0.0,False,False,False,False,0.0,314.2514990035573,0.0,1.0,0.0,0.0,0.0,0.0,False,False,False,False,0.0,0.0,0.0,0.0
8.616666666666674,27,FRONT_LIDAR_LEADER,217,False,218,-158.0534242454819,54.12161902861593,212.17504327409782,679,,-90.00265894244518,False,0.0,81,0,2.6599999971356874,10.982309166752826,UNCERTAIN,False,0.0,94,0.02678489506571507,-0.02678489506571507,2094.974272993777,467.97998112592364,1626.9942918678535,4.476632243869558,6.600000000000009,64.83853257575579,-110.04703475066549,107.06178271432596,217.10881746499143,123.5806751339938,65.01529459427815,84.0,0.6043956043956044,1.0,0.046512724528636994,0.7277777777777777,144.92118823691726,97.98000000000002,False,OPENING_APPROACH,SPH_JUNCTION_REGION,60.071633326783,27.224438411311496,114.19344176223007,114.19344176223007,-114.19344176223007,-60.071633326783,-27.224438411311496,0.6267281105990783,0.4282511210762332,446,446,97,37.8,0,0,250,1.0,0,0.0,1.0,0.0,True,True,True,False,120,0.17673048600883653,1.0,0.008333333333333333,63.435388748895654,1,120,0,0,,,109,0.16053019145802652,1.0,0.0,63.435388748895654,1,109,0,0,,,99,0.14580265095729014,0.98989898989899,0.010101010101010102,63.435388748895654,5,56,18,14,16.36189382496967,273.63819045832395,70,0.10309278350515463,1.0,0.04285714285714286,63.435388748895654,17,31,10,5,0.1070749831286717,244.830918031647,2094.974272993777,467.97998112592364,1626.9942918678535,4.476632243869558,6.600000000000009,64.83853257575579,217.10881746499143,123.5806751339938,True,True,True,True,2178.697919860866,441.3803633253974,1737.3175565354686,4.936100698831207,6.900000000000008,-252.59108547889917,217.10881746499146,123.83210277449291,True,True,True,False,357.64003476430054,335.07092830514455,22.56910645915599,1.0673562059630628,0.0,-30.32577266739528,74.61306096237553,49.95513099672524,False,False,False,False,0.0,487.2279006811252,0.0,1.0,0.0,0.0,0.0,0.0,False,False,False,False,0.0,314.2514990035573,0.0,1.0,0.0,0.0,0.0,0.0,False,False,False,False,0.0,0.0,0.0,0.0
8.71666666666668,27,FRONT_LIDAR_LEADER,217,False,218,-158.2339159526905,54.170386113467345,212.40430206615784,652,,-89.82870200018067,False,0.0,81,0,2.551162680869547,10.934685034762964,UNCERTAIN,False,0.0,94,0.022731613519490063,-0.022731613519490063,2078.7095463209594,467.97998112592364,1610.7295651950358,4.441877067732139,6.700000000000014,-162.64726672816877,-105.50460144023012,106.92455133482999,212.42915277506012,123.84995435910562,64.89233982532161,84.0,0.6043956043956044,1.0,0.034112916734140644,0.7277777777777777,144.92118823691726,97.98000000000002,False,OPENING_APPROACH,SPH_JUNCTION_REGION,60.37001419406323,27.49456348566997,114.52868504898873,114.52868504898873,-114.52868504898873,-60.37001419406323,-27.49456348566997,0.6221198156682027,0.42696629213483145,445,445,98,37.8,0,0,249,1.0,0,0.0,1.0,0.0,True,True,True,False,120,0.17673048600883653,0.9916666666666667,0.008333333333333333,63.26295104885922,1,120,0,0,,,108,0.15905743740795286,0.9908256880733946,0.0,63.26295104885922,1,108,0,0,,,98,0.14432989690721648,0.98989898989899,0.0,63.26295104885922,4,55,18,15,22.45759197766092,274.39176602785005,68,0.10014727540500737,0.9714285714285714,0.0,63.26295104885922,18,31,7,5,0.2813566602224373,242.93955654782548,2078.7095463209594,467.97998112592364,1610.7295651950358,4.441877067732139,6.700000000000014,-162.64726672816877,212.42915277506012,123.84995435910562,True,True,True,False,2187.310518311354,441.3803633253974,1745.9301549859565,4.955613570644533,7.000000000000013,86.12598450487467,217.28421483141793,124.05291521359477,True,True,True,True,364.75347774882545,335.07092830514455,29.682549443680898,1.0885858692481056,0.0,71.13442984524555,74.78036629478996,50.947724657553096,False,False,False,False,0.0,487.2279006811252,0.0,1.0,0.0,0.0,0.0,0.0,False,False,False,False,0.0,314.2514990035573,0.0,1.0,0.0,0.0,0.0,0.0,False,False,False,False,0.0,0.0,0.0,0.0
8.816666666666684,27,FRONT_LIDAR_LEADER,217,False,218,-158.49151710637247,54.21435912648008,212.70587623285255,652,,-89.77612111574985,False,0.0,81,0,2.517749834493651,10.922210179728525,UNCERTAIN,False,0.0,94,0.03045492989482476,-0.03045492989482476,2089.443774704091,467.97998112592364,1621.4637935781675,4.4648144343205685,6.800000000000019,107.34228383131187,-105.59743074695656,107.09547481826455,212.6929055652211,124.25797621965306,64.85571423760459,84.0,0.6043956043956044,1.0,0.010170679990977276,0.7277777777777777,144.92118823691726,97.98000000000002,False,OPENING_APPROACH,SPH_JUNCTION_REGION,60.66323111699455,27.95251589866257,114.86300300258404,114.86300300258404,-114.86300300258404,-60.66323111699455,-27.95251589866257,0.6221198156682027,0.43018018018018017,444,444,97,37.8,0,0,254,1.0,0,0.0,1.0,0.0,True,True,True,False,120,0.17673048600883653,1.0,0.0,63.323304704217406,1,120,0,0,,,108,0.15905743740795286,1.0,0.0,63.323304704217406,1,108,0,0,,,98,0.14432989690721648,1.0,0.0,63.323304704217406,4,55,18,15,22.381057878568214,274.4009810987527,69,0.101620029455081,1.0,0.014492753623188406,63.323304704217406,17,31,7,5,0.4631718231168458,242.91993432172166,2089.443774704091,467.97998112592364,1621.4637935781675,4.4648144343205685,6.800000000000019,107.34228383131187,212.6929055652211,124.25797621965306,True,True,True,True,2187.436094430084,441.3803633253974,1746.0557311046864,4.955898078359792,7.100000000000018,1.2557611872988959,217.48998222371176,124.31741280693291,True,True,True,True,362.14850760518266,335.07092830514455,27.07757930003811,1.08081148501006,0.0,-26.049701436426584,74.94499390969742,50.66530488249927,False,False,False,False,0.0,487.2279006811252,0.0,1.0,0.0,0.0,0.0,0.0,False,False,False,False,0.0,314.2514990035573,0.0,1.0,0.0,0.0,0.0,0.0,False,False,False,False,0.0,0.0,0.0,0.0
8.91666666666669,27,FRONT_LIDAR_LEADER,217,False,218,-158.88119609023855,54.25286103358361,213.13405712382217,652,,-89.92435652466521,False,0.0,81,0,2.611941407407499,10.968469202781021,UNCERTAIN,False,0.0,94,0.039266822729556734,-0.039266822729556734,2100.8753040921306,467.97998112592364,1632.895322966207,4.489241824057489,6.900000000000024,114.31529388038939,-105.7163822928873,107.28300803927308,212.99939033216037,124.90694773008786,64.95960689593053,84.0,0.6043956043956044,1.0,0.028839295427880718,0.7277777777777777,144.92118823691726,97.98000000000002,False,OPENING_APPROACH,SPH_JUNCTION_REGION,60.95218744633121,28.575272783372043,115.20013515534015,115.20013515534015,-115.20013515534015,-60.95218744633121,-28.575272783372043,0.6221198156682027,0.4343891402714932,442,442,98,37.8,0,0,253,1.0,0,0.0,1.0,0.0,True,True,True,False,119,0.17525773195876287,0.9916666666666667,0.0,63.33061190015157,1,119,0,0,,,109,0.16053019145802652,1.0,0.009174311926605505,63.33061190015157,1,109,0,0,,,98,0.14432989690721648,1.0,0.0,63.33061190015157,4,55,18,15,22.30355967218682,274.41268210433554,69,0.101620029455081,1.0,0.0,63.33061190015157,17,31,7,5,0.6563041347083489,242.89977375306677,2100.8753040921306,467.97998112592364,1632.895322966207,4.489241824057489,6.900000000000024,114.31529388038939,212.99939033216037,124.90694773008786,True,True,True,True,2195.992140811779,441.3803633253974,1754.6117774863815,4.975282824697923,7.200000000000023,85.56046381694644,217.71634648333912,124.58153338419481,True,True,True,True,371.4114224055295,335.07092830514455,36.340494100384944,1.1084561238547384,0.0,92.62914800346374,75.04676938324621,51.32299398325633,True,False,False,False,0.0,487.2279006811252,0.0,1.0,0.0,0.0,0.0,0.0,False,False,False,False,0.0,314.2514990035573,0.0,1.0,0.0,0.0,0.0,0.0,False,False,False,False,0.0,0.0,0.0,0.0
9.016666666666694,27,FRONT_LIDAR_LEADER,217,False,218,-159.00616729574406,54.3194426339392,213.32560992968325,652,,-89.68769527233161,False,0.0,81,0,2.461554321494317,10.90432347413753,UNCERTAIN,False,0.0,94,0.04052061854976272,-0.04052061854976272,2110.3419629208156,467.97998112592364,1642.361981794892,4.509470592830693,7.000000000000029,94.66658828684542,-105.73822403086498,107.46568642671495,213.20391045757992,125.22036991532087,64.79467246355442,84.0,0.6043956043956044,1.0,0.045799644533444865,0.7277777777777777,144.92118823691726,97.98000000000002,False,OPENING_APPROACH,SPH_JUNCTION_REGION,61.237148516738955,29.02805008512604,115.53870525504794,115.53870525504794,-115.53870525504794,-61.237148516738955,-29.02805008512604,0.6267281105990783,0.43537414965986393,441,441,97,37.8,0,0,252,1.0,0,0.0,1.0,0.0,True,True,True,False,119,0.17525773195876287,1.0,0.0,63.35395551728797,1,119,0,0,,,109,0.16053019145802652,0.9908256880733946,0.009174311926605505,63.35395551728797,1,109,0,0,,,98,0.14432989690721648,1.0,0.0,63.35395551728797,4,55,18,15,22.22812127797723,274.4220796516349,70,0.10309278350515463,1.0,0.014285714285714285,63.35395551728797,17,31,7,5,0.84996221282187,242.88227951801218,2110.3419629208156,467.97998112592364,1642.361981794892,4.509470592830693,7.000000000000029,94.66658828684542,213.20391045757992,125.22036991532087,True,True,True,True,2195.405483653413,441.3803633253974,1754.0251203280154,4.97395368274438,7.300000000000028,-5.866571583660224,217.8983846128803,124.80055678761028,True,True,True,False,362.3863122747951,335.07092830514455,27.315383969650554,1.0815211994302736,0.0,-90.25110130733941,72.08283793340865,50.772065314223994,False,False,False,False,0.0,487.2279006811252,0.0,1.0,0.0,0.0,0.0,0.0,False,False,False,False,0.0,314.2514990035573,0.0,1.0,0.0,0.0,0.0,0.0,False,False,False,False,0.0,0.0,0.0,0.0
9.1166666666667,27,FRONT_LIDAR_LEADER,217,False,218,-159.37443244171507,54.36697706878125,213.74140951049634,652,,-89.81442418315535,False,0.0,81,0,2.5420899655545006,10.945167716519347,UNCERTAIN,False,0.0,94,0.04552699023956662,-0.04552699023956662,2116.2067887660596,467.97998112592364,1648.226807640136,4.5220028080573655,7.100000000000034,58.64825845243721,-105.85707717022292,107.62168513864819,213.47876230887113,125.56739747842748,64.88237008718222,84.0,0.6043956043956044,1.0,0.024362919511042,0.7277777777777777,144.92118823691726,97.98000000000002,False,OPENING_APPROACH,SPH_JUNCTION_REGION,61.519231867766905,29.301696612411092,115.87565321640596,115.87565321640596,-115.87565321640596,-61.519231867766905,-29.301696612411092,0.6267281105990783,0.43537414965986393,441,441,97,37.8,1,9,255,0.0,1,0.0023584905660377358,1.0,1.0,True,True,True,False,119,0.17525773195876287,1.0,0.0,63.451528951487155,1,119,0,0,,,109,0.16053019145802652,1.0,0.0,63.451528951487155,1,109,0,0,,,98,0.14432989690721648,1.0,0.0,63.451528951487155,4,55,18,15,22.1583780465496,274.42666451824147,70,0.10309278350515463,1.0,0.0,63.451528951487155,17,31,7,5,1.0493513170274005,242.8646848721055,2116.2067887660596,467.97998112592364,1648.226807640136,4.5220028080573655,7.100000000000034,58.64825845243721,213.47876230887113,125.56739747842748,True,True,True,True,2203.6440849019646,441.3803633253974,1762.2637215765671,4.992619219168523,7.400000000000033,82.38601248551322,218.10332926867392,125.07145243949746,True,True,True,True,364.40474075780645,335.07092830514455,29.333812452661903,1.0875450836664289,0.0,20.184284830112478,72.27631933082316,50.83283469691317,False,False,False,False,0.0,470.17492415728583,-487.2279006811252,0.0,0.0,0.0,0.0,0.0,False,False,False,False,34.2227863586453,304.45049406098536,-280.028712644912,0.10890253974017768,0.0,44.591689685563466,18.940790919775623,14.664158357545809,False,False,False,False,9.999999999999503,0.023584905660376184,0.3333333333333333,0.0007861635220125786
9.216666666666704,27,FRONT_LIDAR_LEADER,217,False,218,-159.59985065906602,54.42404898914539,214.0238996482114,652,,-89.73620262359361,False,0.0,81,0,2.4923819656944306,10.927402886467737,UNCERTAIN,False,0.0,94,0.048594153193004586,-0.048594153193004586,2121.926693611558,467.97998112592364,1653.9467124856346,4.534225349781772,7.200000000000039,57.1990484549832,-105.94508597312664,107.73248104178853,213.67756701491516,125.79701202194053,64.82807271938037,84.0,0.6043956043956044,1.0,0.015081248211294406,0.7277777777777777,144.92118823691726,97.98000000000002,False,OPENING_APPROACH,SPH_JUNCTION_REGION,61.79581871286649,29.573093429831033,116.20735030723858,116.20735030723858,-116.20735030723858,-61.79581871286649,-29.573093429831033,0.6267281105990783,0.43537414965986393,441,441,96,37.8,1,9,257,1.0,1,0.002369668246445498,1.0,0.0,True,True,True,False,119,0.17525773195876287,1.0,0.0,63.64636461440551,1,119,0,0,,,109,0.16053019145802652,1.0,0.0,63.64636461440551,2,96,13,0,29.090753563288068,330.9092464367119,97,0.14285714285714285,0.9897959183673469,0.0,63.64636461440551,6,53,15,13,13.051282346472991,270.8267422318623,71,0.10456553755522828,1.0,0.014084507042253521,63.64636461440551,19,31,7,5,0.19380544043844683,242.84611736442355,2121.926693611558,467.97998112592364,1653.9467124856346,4.534225349781772,7.200000000000039,57.1990484549832,213.67756701491516,125.79701202194053,True,True,True,True,2157.272525825616,441.3803633253974,1715.8921625002185,4.887558906274262,7.500000000000038,-463.71559076346296,213.56084228364375,124.91863348033723,True,True,True,False,360.6441808583122,335.07092830514455,25.573252553167663,1.0763219079689255,0.0,-37.60559899494053,72.52011376038024,50.50163015828771,False,False,False,False,0.0,453.71880181178085,-470.17492415728583,0.0,0.0,0.0,0.0,0.0,False,False,False,False,34.311573971024785,294.99563185783677,-270.1389200899606,0.11270001080750992,0.0,0.8878761237947954,18.975844154606904,14.699779332531026,False,False,False,False,0.0,0.00011177680407761497,0.6666666666666666,0.001576052937494411
9.316666666666709,27,FRONT_LIDAR_LEADER,217,False,218,-159.8277242927376,54.47686050208538,214.30458479482297,652,,-89.66392674655881,False,0.0,80,0,2.4464481789194434,10.576610084788848,UNCERTAIN,False,0.0,93,0.04520960592190165,-0.04520960592190165,2127.5244567572313,467.97998112592364,1659.5444756313077,4.546186893803816,7.300000000000044,55.97763145672792,-106.02836586145688,107.84270694536002,213.8710728068169,126.02044288091858,64.77838133510375,84.0,0.6043956043956044,1.0,0.013810142285470863,0.7277777777777777,144.92118823691726,97.98000000000002,False,OPENING_APPROACH,SPH_JUNCTION_REGION,62.07249092333137,29.841810887431222,116.53409601160195,116.53409601160195,-116.53409601160195,-62.07249092333137,-29.841810887431222,0.6267281105990783,0.43537414965986393,441,441,96,37.8,1,9,263,1.0,1,0.002403846153846154,1.0,0.0,True,True,True,False,119,0.17525773195876287,1.0,0.0,63.7458236627493,1,119,0,0,,,109,0.16053019145802652,1.0,0.0,63.7458236627493,2,96,13,0,29.12296275560661,330.87703724439336,97,0.14285714285714285,1.0,0.0,63.7458236627493,6,53,15,13,13.026514354628953,270.8196343331103,71,0.10456553755522828,1.0,0.0,63.7458236627493,19,31,7,5,0.11524594902876517,242.82773966965655,2127.5244567572313,467.97998112592364,1659.5444756313077,4.546186893803816,7.300000000000044,55.97763145672792,213.8710728068169,126.02044288091858,True,True,True,True,2165.14313995838,441.3803633253974,1723.7627766329824,4.905390723878168,7.600000000000043,78.70614132763485,213.84667843807296,125.16693087386784,True,True,True,True,362.5620983812393,335.07092830514455,27.49117007609476,1.0820458229997767,0.0,19.179175229270026,72.9399975770671,50.65489785032768,False,False,False,False,0.0,437.8386437483685,-453.71880181178085,0.0,0.0,0.0,0.0,0.0,False,False,False,False,34.28039226663057,285.87059847214454,-260.7152395912062,0.11620644024705713,0.0,-0.31181704394212645,18.937409664701363,14.714413704992111,False,False,False,False,0.0,0.00034177907400654466,1.0,0.0023773349887764622
9.416666666666714,27,FRONT_LIDAR_LEADER,217,False,218,-159.76976301736295,54.540798159842886,214.31056117720584,652,,-89.1752869869058,False,0.0,80,0,2.135802487713577,10.438105946456798,UNCERTAIN,False,0.0,93,0.04558327782174147,-0.04558327782174147,2094.17827238476,467.97998112592364,1626.1982912588364,4.474931315109525,7.400000000000049,-333.4618437246961,-106.70375089228745,107.42809632117348,214.13184721346093,125.40736192299612,64.45397298485003,84.0,0.6043956043956044,1.0,0.282898024785537,0.7305555555555555,144.92118823691726,97.98000000000002,False,OPENING_APPROACH,SPH_JUNCTION_REGION,62.328211715152804,30.16952559629607,116.85906903922586,116.85906903922586,-116.85906903922586,-62.328211715152804,-30.16952559629607,0.6221198156682027,0.43507972665148065,439,439,96,37.8,1,9,260,1.0,1,0.002386634844868735,1.0,0.0,True,True,True,False,119,0.17525773195876287,1.0,0.0,63.79969784311956,1,119,0,0,,,109,0.16053019145802652,1.0,0.0,63.79969784311956,3,91,13,5,14.572111902560955,329.02270936570835,98,0.14432989690721648,1.0,0.01020408163265306,63.79969784311956,6,53,15,13,13.88372348143286,270.8152714010926,71,0.10456553755522828,1.0,0.0,63.79969784311956,19,31,7,5,0.03306149257523838,242.81085673323406,2094.17827238476,467.97998112592364,1626.1982912588364,4.474931315109525,7.400000000000049,-333.4618437246961,214.13184721346093,125.40736192299612,True,True,True,False,2143.675503734973,441.3803633253974,1702.2951404095757,4.856753226592,7.700000000000048,-214.67636223405702,218.6263911860243,126.21996251652439,True,True,True,False,339.0084890219777,335.07092830514455,3.9375607168331612,1.01175142450212,0.0,-235.5360935926043,70.55115740077036,49.49572656276891,False,False,False,False,0.0,422.5142912171756,-437.8386437483685,0.0,0.0,0.0,0.0,0.0,False,False,False,False,34.39010764820877,277.06878129330676,-251.48049082393578,0.12029956152192324,0.0,1.0971538157819247,18.91430901794746,14.759549582030413,False,False,False,False,0.0,-0.0001721130897741793,1.0,0.002386716415053462
9.516666666666719,27,FRONT_LIDAR_LEADER,217,False,218,-160.1194837098949,54.58763438571313,214.70711809560802,652,,-89.29013503370292,False,0.0,80,0,2.2088302809832823,10.476511178171611,UNCERTAIN,False,0.0,93,0.04825762814147601,-0.04825762814147601,2099.4615233377926,467.97998112592364,1631.481542211869,4.48622079578415,7.500000000000054,52.83250953032358,-106.83519468720675,107.55166292335336,214.38685761056013,125.67054120353022,64.52846753248674,84.0,0.6043956043956044,1.0,0.2133212504362786,0.7277777777777777,144.92118823691726,97.98000000000002,False,OPENING_APPROACH,SPH_JUNCTION_REGION,62.613240365389686,30.43424388194302,117.18041575329624,117.18041575329624,-117.18041575329624,-62.613240365389686,-30.43424388194302,0.6221198156682027,0.43507972665148065,439,439,96,37.8,2,16,262,0.5625,2,0.004796163069544364,1.0,0.5,True,True,True,False,120,0.17673048600883653,1.0,0.008333333333333333,63.920908128163724,1,120,0,0,,,109,0.16053019145802652,1.0,0.0,63.920908128163724,3,91,13,5,14.679219725249006,328.9804767974226,97,0.14285714285714285,0.9897959183673469,0.0,63.920908128163724,6,50,15,13,13.816372906838257,266.5769708535253,70,0.10309278350515463,0.9859154929577465,0.0,63.920908128163724,18,31,7,5,0.6165089221486824,242.79457235064112,2099.4615233377926,467.97998112592364,1631.481542211869,4.48622079578415,7.500000000000054,52.83250953032358,214.38685761056013,125.67054120353022,True,True,True,True,2143.5765934318106,441.3803633253974,1702.1962301064132,4.856529133471007,7.800000000000053,-0.989103031624787,214.38685761056013,124.79548036985324,True,True,True,False,340.69454662258113,335.07092830514455,5.623618317436581,1.0167833668706563,0.0,16.860576006033355,70.83554494454734,49.57579906570626,False,False,False,False,11490.431179032643,422.5142912171756,11067.916887815467,27.195366921036225,0.10000000000000497,114904.31179032072,214.3868576105601,171.50948608844809,True,True,True,True,10272.877090571914,277.06878129330676,9995.808309278607,37.07699237214669,0.10000000000000497,102384.86982923196,223.21029630252224,211.49369702198743,True,True,True,True,9.999999999999503,0.02409528224675509,1.3333333333333333,0.003195548022753085
9.616666666666724,27,FRONT_LIDAR_LEADER,217,False,218,-160.26134942693326,54.63590538243608,214.89725480936934,652,,-89.0999778241073,False,0.0,80,0,2.0879113894764005,10.42560400400311,UNCERTAIN,False,0.0,93,0.049986654710319954,-0.049986654710319954,2104.6222893986055,467.97998112592364,1636.642308272682,4.497248545407961,7.600000000000059,51.60766060812619,-106.99764033287954,107.62743462248294,214.6250749553625,126.01253504784118,64.40568756614809,84.0,0.6043956043956044,1.0,0.2267825465826946,0.7305555555555555,144.92118823691726,97.98000000000002,False,OPENING_APPROACH,SPH_JUNCTION_REGION,62.86538545762431,30.697760760310018,117.49891115651184,117.49891115651184,-117.49891115651184,-62.86538545762431,-30.697760760310018,0.6267281105990783,0.43735763097949887,439,439,98,37.8,2,16,265,1.0,2,0.004830917874396135,1.0,0.0,True,True,True,False,120,0.17673048600883653,1.0,0.0,63.89857912213016,1,120,0,0,,,109,0.16053019145802652,1.0,0.0,63.89857912213016,3,91,13,5,14.788021393108053,328.937354469588,98,0.14432989690721648,1.0,0.01020408163265306,63.89857912213016,6,50,15,13,12.857161054505388,266.5776761126201,70,0.10309278350515463,1.0,0.0,63.89857912213016,18,31,7,5,0.4679801327580506,242.778186491562,2104.6222893986055,467.97998112592364,1636.642308272682,4.497248545407961,7.600000000000059,51.60766060812619,214.6250749553625,126.01253504784118,True,True,True,True,2135.843075198423,441.3803633253974,1694.4627118730255,4.839007923023123,7.900000000000058,-77.33518233387328,219.04586404896216,123.79526951105002,True,True,True,False,346.4550214503451,335.07092830514455,11.384093145200552,1.0339751741602399,0.0,57.60474827763685,71.12849705150397,50.87399462732836,False,False,False,False,11515.980699898742,422.5142912171756,11093.466408681566,27.25583711434613,0.20000000000000995,255.49520866098285,214.6250749553625,171.70005996429,True,True,True,True,10291.77562667171,277.06878129330676,10014.706845378403,37.14520119744841,0.20000000000000995,188.9853609979488,223.32203141754917,211.69081986043767,True,True,True,True,0.0,0.00034754804851769126,1.6666666666666667,0.004004571929603078
9.716666666666729,27,FRONT_LIDAR_LEADER,217,False,218,-160.60584451258794,54.70325803449819,215.30910254708613,652,,-89.2089080887021,False,0.0,80,0,2.157181853508452,10.462796672817257,UNCERTAIN,False,0.0,93,0.05344862351362475,-0.05344862351362475,2109.7490485507465,467.97998112592364,1641.7690674248229,4.508203627588627,7.700000000000064,51.267591521406935,-107.11625057635635,107.73762658835311,214.85387716470944,126.31819559168068,64.47567272313947,84.0,0.6043956043956044,1.0,0.019508401076397976,0.7305555555555555,144.92118823691726,97.98000000000002,False,OPENING_APPROACH,SPH_JUNCTION_REGION,63.14239447403867,30.96124853669511,117.83872982539157,117.83872982539157,-117.83872982539157,-63.14239447403867,-30.96124853669511,0.631336405529954,0.4396355353075171,439,439,97,37.8,3,22,266,0.7272727272727273,3,0.007263922518159807,1.0,0.3333333333333333,True,True,True,False,121,0.17820324005891017,1.0,0.008264462809917356,64.10973426585272,1,121,0,0,,,110,0.16200294550810015,1.0,0.00909090909090909,64.10973426585272,4,77,16,13,9.816696802643355,323.98101359598655,100,0.14727540500736377,1.0,0.02,64.10973426585272,7,50,16,13,7.759939333215669,267.82725260878806,71,0.10456553755522828,0.9857142857142858,0.028169014084507043,64.10973426585272,19,31,7,5,0.2617266800588216,242.76390508492028,2109.7490485507465,467.97998112592364,1641.7690674248229,4.508203627588627,7.700000000000064,51.267591521406935,214.85387716470944,126.31819559168068,True,True,True,True,2089.4562386513385,441.3803633253974,1648.075875325941,4.733912997191802,8.000000000000064,-463.8683654708208,214.85387716470944,121.84058354260361,True,True,True,False,349.4444474223675,335.07092830514455,14.37351911722294,1.0428969448048717,0.0,29.894259720222397,71.42401697591636,51.268037060850176,False,False,False,False,8178.845959833706,422.5142912171756,7756.33166861653,19.357560512976153,0.3000000000000149,-33371.34740064871,214.85387716470944,171.88310173176757,True,True,True,False,8057.528812375785,277.06878129330676,7780.460031082478,29.081330544584283,0.3000000000000149,-22342.46814295814,223.43492553716658,208.5298692758773,True,True,True,False,9.999999999999503,0.024330046437635505,2.3333333333333335,0.005630334487366768
9.816666666666734,27,FRONT_LIDAR_LEADER,217,False,218,-160.86486229250895,54.81638014966711,215.68124244217606,652,,-89.192384922904,False,0.0,80,0,2.1466750086571555,10.463309255319427,UNCERTAIN,False,0.0,93,0.05320730646164262,-0.05320730646164262,2114.814167816588,467.97998112592364,1646.8341866906644,4.519026994976385,7.800000000000069,50.65119265841279,-107.25013084604704,107.82941758403481,215.07954843008184,126.63579306763938,64.46499722764432,84.0,0.6043956043956044,1.0,0.002974768014998815,0.7305555555555555,144.92118823691726,97.98000000000002,False,OPENING_APPROACH,SPH_JUNCTION_REGION,63.412411701680526,31.225369043603905,118.22317968995856,118.22317968995856,-118.22317968995856,-63.412411701680526,-31.225369043603905,0.631336405529954,0.4419134396355353,439,439,98,37.8,2,15,273,0.6818181818181818,2,0.0049261083743842365,0.6666666666666666,0.0,True,True,True,False,121,0.17820324005891017,1.0,0.0,64.22320224869277,1,121,0,0,,,109,0.16053019145802652,0.990909090909091,0.0,64.22320224869277,4,76,16,13,8.902732388255345,323.9658932372635,100,0.14727540500736377,1.0,0.0,64.22320224869277,7,50,16,13,7.74794477762752,267.8345145388288,71,0.10456553755522828,1.0,0.0,64.22320224869277,19,31,7,5,0.17139292633515169,242.7512818925623,2114.814167816588,467.97998112592364,1646.8341866906644,4.519026994976385,7.800000000000069,50.65119265841279,215.07954843008184,126.63579306763938,True,True,True,True,2097.0181105807856,441.3803633253974,1655.6377472553881,4.751045322410068,8.100000000000069,75.61871929446703,215.07954843008184,122.14211797856251,True,True,True,True,347.7068512029204,335.07092830514455,12.635922897775856,1.0377111883794004,0.0,-17.37596219446998,71.72001729460746,50.99483018268103,False,False,False,False,11564.803038221984,422.5142912171756,11142.288747004808,27.371389036110937,0.4000000000000199,33859.5707838811,215.07954843008187,172.06363874406549,True,True,True,True,10550.651784525662,277.06878129330676,10273.583003232356,38.079540160667456,0.4000000000000199,24931.229721497537,223.54001645290708,212.66976780860247,True,True,True,True,-9.999999999999503,-0.02337814143775454,2.3333333333333335,0.005673649588980059
9.916666666666739,27,FRONT_LIDAR_LEADER,217,False,218,-161.18388653929387,54.94668124089849,216.13056778019237,652,,-89.26677883767807,False,0.0,80,0,2.1939796149728013,10.490428819301318,UNCERTAIN,False,0.0,93,0.05259719954052504,-0.05259719954052504,2119.7587032429255,467.97998112592364,1651.778722117002,4.5295926935655455,7.900000000000074,49.44535426337306,-107.36976002285357,107.93257120819487,215.30233123104844,126.95627733749495,64.51323294519734,84.0,0.6043956043956044,1.0,0.20600091914359042,0.7277777777777777,144.92118823691726,97.98000000000002,False,OPENING_APPROACH,SPH_JUNCTION_REGION,63.681395031846364,31.490347020779552,118.62366864548858,118.62366864548858,-118.62366864548858,-63.681395031846364,-31.490347020779552,0.631336405529954,0.44419134396355353,439,439,99,37.8,2,15,284,1.0,2,0.005063291139240506,1.0,0.0,True,True,True,False,121,0.17820324005891017,1.0,0.0,64.23643830900613,1,121,0,0,,,109,0.16053019145802652,1.0,0.0,64.23643830900613,4,76,16,13,8.863757461343647,323.95308670434605,100,0.14727540500736377,1.0,0.0,64.23643830900613,7,50,16,13,7.7501877217065065,267.8439636067648,69,0.101620029455081,0.971830985915493,0.0,64.23643830900613,21,31,7,5,0.015594610467502434,242.73871904929752,2119.7587032429255,467.97998112592364,1651.778722117002,4.5295926935655455,7.900000000000074,49.44535426337306,215.30233123104844,126.95627733749495,True,True,True,True,2104.384835194863,441.3803633253974,1663.0044718694658,4.76773551804672,8.200000000000074,73.66724614077245,215.30233123104844,122.44251845728691,True,True,True,True,349.9102569475834,335.07092830514455,14.83932864243883,1.0442871266615075,0.0,22.034057446628637,72.00965329906808,50.74758744196857,False,False,False,False,11588.773458381023,422.5142912171756,11166.259167163847,27.428121839373013,0.5000000000000249,239.7042015903816,215.30233123104844,172.24186498483874,True,True,True,True,10567.94887590664,277.06878129330676,10290.880094613334,38.14196903230084,0.5000000000000249,172.9709138097774,223.6492343377073,212.86044773129157,True,True,True,True,0.0,0.0013718276485626308,2.3333333333333335,0.005751107343928183
