map_case,propulsion_mode,frame,timestamp,initialization_phase,lidar_robot_id,lidar_initial_x,lidar_initial_y,lidar_initial_front_center_offset,reference_front_size,reference_front_lateral_variance,reference_front_lateral_span,reference_front_longitudinal_span,reference_front_mean_speed,reference_front_mean_abs_lateral_velocity,reference_front_lateral_velocity_variance,local_front_size,local_front_lateral_variance,local_front_lateral_span,local_front_longitudinal_span,local_front_mean_speed,local_front_mean_abs_lateral_velocity,local_front_lateral_velocity_variance,local_front_surface_size,lidar_in_reference_front,lidar_in_local_front,lidar_longitudinal_front_gap,common_forward_x,common_forward_y,motion_bearing_spread,mean_neighbor_degree,median_neighbor_degree,neighbor_degree_std,mean_nearest_neighbor_distance,neighbor_graph_component_count,largest_neighbor_component_fraction,boundary_count,boundary_fraction,boundary_component_count,boundary_largest_component_fraction,boundary_second_component_fraction,boundary_membership_retention,boundary_lateral_span,boundary_longitudinal_span,boundary_angular_spread,boundary_covariance_trace,boundary_anisotropy,lidar_left_wall_support,lidar_right_wall_support,lidar_forward_range,lidar_range_discontinuity,lidar_range_total_variation,lidar_free_space_angular_span,lidar_range_profile_change,outside_free_space_robot_count,wall_contact_count,wall_projection_correction_count,nan_inf_state_count,max_speed,mean_speed_sanity,min_inter_robot_distance,mean_nearest_neighbor_distance_sanity,overlap_pair_count,maximum_pair_penetration,swarm_lateral_span_sanity,swarm_longitudinal_span_sanity,mean_density,density_std,mean_pressure,mean_pressure_force,mean_repulsion_force,mean_lateral_sph_force,communication_range,support_range,leader_connected_component_size,connected_to_leader_count,disconnected_count,leader_max_hop,communication_edge_count,support_edge_count,leader_to_nearest_follower_distance,leader_to_front_pack_gap,normalized_leader_gap,leader_connected,leader_communication_connected,leader_drive_scale,leader_forward_speed,gt_phase,gt_frontmost_crossed,gt_reference_front_crossed,gt_local_front_crossed,gt_mean_forward_progress,gt_frontmost_forward_progress,baseline_ready,lateral_span_ratio,lateral_variance_ratio,motion_spread_delta,boundary_fraction_delta,largest_component_drop,second_component_growth,neighbor_mean_ratio,lidar_side_wall_loss,lidar_free_span_growth,sph_evidence_raw,boundary_evidence_raw,lidar_evidence_raw,sph_evidence_smoothed,boundary_evidence_smoothed,lidar_evidence_smoothed,baseline_local_front_lateral_span,baseline_local_front_lateral_variance,baseline_motion_bearing_spread,baseline_boundary_fraction,baseline_boundary_largest_component_fraction,baseline_boundary_second_component_fraction,baseline_mean_neighbor_degree,baseline_lidar_free_space_angular_span,sph_threshold,boundary_threshold,lidar_threshold,sph_threshold_margin,boundary_threshold_margin,lidar_threshold_margin,boundary_second_component_size,boundary_largest_component_size,boundary_component_persistence,shadow_sph_expansion,shadow_boundary_change,shadow_lidar_geometry_change,shadow_sph_only_trigger,shadow_lidar_only_trigger,shadow_fusion_trigger,shadow_junction_suspected,sph_evidence_dwell,boundary_evidence_dwell,lidar_evidence_dwell,trigger_dwell,boundary_component_count_runtime
M1_CROSS_BASELINE,local_forward,0,0.016666666666666666,LOCAL_FORWARD,675,-1.4,-56.14,-1.1199999999999917,218,492.9789768149083,75.65750225005098,21.307931792635245,0.9965419635269376,0.25284284420455483,0.2639526522975658,210,655.4197901437556,75.68424842949372,61.284831282990304,1.0807764354818894,0.3592956415275716,0.42336234092786806,12,True,False,0.006139446596336029,0.0006744908840963047,0.9999997725309978,126.05868080717862,79.36764705882354,84.0,18.071674628418712,2.66129445267309,1,1.0,100,0.14705882352941177,1,1.0,0.0,1.0,75.68424842949372,63.927479827119924,355.97241820461426,1579.9736695113568,0.1595984566790502,0.8439716312056738,0.8368794326241135,150.0,107.11996503422982,1.67529203517735,33.0,0.0,0,0,0,0,1.8,0.784657636331246,2.6596023862678146,2.66129445267309,0,0.0,75.64908377430557,63.89999963554805,0.1242799137063047,0.018324176263867554,293.71997569663887,128.65423684913353,110.73165282204612,147.31150374750166,37.8,15.399999999999999,680,679,0,2,122011,26985,2.674696244435989,2.674696244435989,0.070759159905714,True,True,1.0,0.0,OPENING_APPROACH,False,False,False,0.005256798337171631,0.029999635548058734,False,1.0,1.0,0.0,0.0,0.0,0.0,1.0,0.16312056737588654,0.0,0.0,0.0,0.16312056737588654,0.0,0.0,0.08156028368794327,75.68424842949372,655.4197901437556,126.05868080717862,0.14705882352941177,1.0,0.0,79.36764705882354,33.0,0.05190502225289483,0.059716571272500886,0.012338797689551723,-0.05190502225289483,-0.059716571272500886,0.06922148599839155,0,100,0.0,False,False,False,False,False,False,False,0.0,0.0,0.0,0.0,100
M1_CROSS_BASELINE,local_forward,6,0.11666666666666665,LOCAL_FORWARD,675,-1.4,-56.14,-1.1199999999999917,218,501.72136545604627,77.98067365635617,22.79381626414029,19.57233471725941,3.6587903342378523,38.036876038881275,189,703.7097736498034,77.99947333097333,67.68767908155019,22.69096419080994,5.834821590781275,69.85180433307269,6,True,True,0.0,-7.839931643919159e-05,0.9999999969267734,65.96626600730242,77.39117647058823,84.0,18.982032799575293,2.745004039081563,1,1.0,100,0.14705882352941177,1,1.0,0.0,1.0,77.99947333097333,67.69622914799588,356.092760937123,1692.5660533564478,0.13477054599027008,0.8368794326241135,0.8297872340425532,150.0,107.62546022406906,1.6966009365713905,33.0,1.600720888998902,0,0,0,0,35.799365270424715,13.709297833501232,2.6602904825954763,2.745004039081563,0,0.0,77.99947357068339,67.69543308870365,0.11814909842674481,0.019948552142546913,251.4407030876422,116.65258631980545,104.19187178960289,157.3063847851603,37.8,15.399999999999999,680,679,0,3,119356,26637,2.754473970950776,2.754473970950776,0.07286968177118457,True,True,1.0,28.29263409853288,OPENING_APPROACH,False,False,False,0.3347174984180725,1.9483932372434722,False,1.0150648674756078,1.0355300810110128,-30.046207399938098,0.0,0.0,0.0,0.9873916469661151,0.17021276595744683,0.0,0.015064867475607757,0.0,0.18088423855077285,0.007532433737803879,0.0,0.13122226111935806,76.84186088023353,679.5647818967796,96.01247340724052,0.14705882352941177,1.0,0.0,78.37941176470588,33.0,0.05190502225289483,0.059716571272500886,0.012338797689551723,-0.044372588515090954,-0.059716571272500886,0.11888346342980634,0,100,0.0,False,False,False,False,False,False,False,0.0,0.0,0.0,0.0,100
M1_CROSS_BASELINE,local_forward,12,0.21666666666666665,LOCAL_FORWARD,675,-1.4,-56.14,-1.1199999999999917,218,529.4505199660946,81.74704981948213,27.163290841811545,44.50995470976791,5.414728212284799,54.428192712511155,163,745.8919606229643,82.06376065769925,77.77111395738976,45.68915137602161,6.846123658304333,77.50965703876261,9,True,True,0.0,0.005671063175726843,0.9999839193919355,76.44485386200789,67.9735294117647,72.0,19.353960057212937,2.890906368128209,1,1.0,99,0.14558823529411766,1,1.0,0.0,0.99,82.06376065769925,77.97844510318623,356.2332853052972,1979.2054913630368,0.05851464122954078,0.8014184397163121,0.7943262411347518,150.0,109.01864986982383,1.7573805078214764,33.0,6.117672669371158,0,43,0,0,75.86092663950708,26.600439583310344,2.617382846708036,2.890906368128209,0,0.0,81.74306965655248,77.93011058036288,0.10274065557344121,0.021748836241269418,158.01868876436788,87.01429247344849,89.69115225368574,157.766944161472,37.8,15.399999999999999,680,679,0,3,110133,23656,2.8978715508090658,2.8978715508090658,0.07666326853992238,True,True,1.0,70.68513501151487,OPENING_APPROACH,False,False,False,1.417221905230889,8.049388886869806,True,1.0521065996110002,1.0599425907563884,0.0,-0.0014705882352941124,0.0,0.0,0.8783111009767035,0.2056737588652482,0.0,0.029535133327847296,0.0014705882352941124,0.2464582433277226,0.018533783532825587,0.0007352941176470562,0.18884025222354034,77.99947333097333,703.7097736498034,76.44485386200789,0.14705882352941177,1.0,0.0,77.39117647058823,33.0,0.05190502225289483,0.059716571272500886,0.012338797689551723,-0.033371238720069245,-0.05898127715485383,0.1765014545339886,0,99,0.0,False,False,True,False,False,False,False,0.0,0.0,0.1,0.0,99
M1_CROSS_BASELINE,local_forward,18,0.31666666666666665,LOCAL_FORWARD,675,-1.4,-56.14,-1.1199999999999917,218,544.4980202971751,81.90955491681997,31.88689940547805,59.46032515330616,3.7652487257723948,19.709665044125224,184,574.3043528716998,82.70743633207049,90.6155920239081,48.62839750655421,3.2983045634212287,16.779041476053536,9,True,True,0.0,0.01327999720096786,0.999911816949046,83.64847160279717,58.11764705882353,63.0,15.202969342092649,2.9730483823316756,1,1.0,98,0.14411764705882352,1,1.0,0.0,0.98989898989899,82.70743633207049,90.6155920239081,356.05302411409974,2281.2226216966237,0.060102281295636904,0.7588652482269503,0.7588652482269503,150.0,76.27314150953895,1.8391852806914244,34.0,8.334540076681911,0,297,0,0,90.70110350910696,32.09044791780216,2.317780723730619,2.9730483823316756,0,0.0,81.74857406793244,90.56967799094798,0.08932839501530047,0.017703682681488406,80.57072048858791,50.69275393370837,78.03989116562367,109.4218317082928,37.8,15.399999999999999,680,679,0,3,97924,20191,3.0308055360986668,3.0308055360986668,0.08018004063753087,True,True,1.0,88.88206601540894,BOUNDARY_CROSSING,True,False,False,3.294549408877046,16.551489474343633,True,1.0603589075674904,0.8161096724478615,7.203617740789284,-0.0029411764705882526,0.0,0.0,0.7509596017177821,0.24113475177304966,0.002777777777777778,0.060358907567490405,0.0029411764705882526,0.29947613006204016,0.039446345550157996,0.0018382352941176544,0.24415819114279025,77.99947333097333,703.7097736498034,76.44485386200789,0.14705882352941177,1.0,0.0,77.39117647058823,33.0,0.05190502225289483,0.059716571272500886,0.012338797689551723,-0.012458676702736836,-0.05787833597838323,0.23181939345323851,0,98,0.0,False,False,True,False,False,False,False,0.0,0.0,0.2,0.0,98
M1_CROSS_BASELINE,local_forward,24,0.41666666666666663,LOCAL_FORWARD,675,-1.4,-56.14,-1.1199999999999917,218,548.1089875722037,81.9036627312993,36.33485345076244,62.76359749758626,2.633798923167027,10.893195202149595,111,740.3926917294749,82.29503492082412,101.95687552637489,56.053901117834144,3.1935606592880514,16.634714129529808,7,True,True,0.0,0.005692180453930167,0.9999837994096105,64.05275588232129,51.65588235294118,56.5,13.22194457480065,2.9859376096158696,1,1.0,98,0.14411764705882352,1,1.0,0.0,1.0,82.29503492082412,103.06403771578113,355.4654494760062,2609.8042634674957,0.1707889960450318,0.7659574468085106,0.7659574468085106,150.0,23.496918570655694,1.915057963870299,33.0,6.576833943819704,0,583,0,0,91.56642944324835,32.62902803890634,2.2656447881579074,2.9859376096158696,0,0.0,81.90472356065847,103.05386907522322,0.07930702848439444,0.014441571092606343,34.711245028939,22.727453831882293,58.745950010075816,69.91598848344138,37.8,15.399999999999999,680,679,0,3,88014,18067,3.370400047494025,3.370400047494025,0.08916402242047687,True,True,1.0,92.51326968483552,BOUNDARY_CROSSING,True,False,False,5.774191033458493,25.81086969361336,True,1.0550716742871267,1.052127907630748,-12.392097979686596,-0.0029411764705882526,0.0,0.0,0.6674647512636339,0.23404255319148937,0.0,0.025732863678817663,0.0029411764705882526,0.2778881128169541,0.03258960461448783,0.0023897058823529535,0.26102315197987214,77.99947333097333,703.7097736498034,76.44485386200789,0.14705882352941177,1.0,0.0,77.39117647058823,33.0,0.05190502225289483,0.059716571272500886,0.012338797689551723,-0.019315417638407002,-0.05732686539014793,0.2486843542903204,0,98,0.0,False,False,True,False,True,False,False,0.0,0.0,0.30000000000000004,0.0,98
M1_CROSS_BASELINE,local_forward,30,0.5166666666666666,LOCAL_FORWARD,675,-1.4,-56.14,-1.1199999999999917,218,560.0105633661742,86.94422605599,40.67848404912979,60.25800521327098,2.6026592292164805,24.732020995472677,114,793.2153249063632,86.94422605599001,112.28579106035092,52.7456422662733,4.5678126744681835,47.76051489772624,9,True,True,0.0,0.003339936659791703,0.9999944223959993,48.38715965180171,46.4264705882353,49.5,11.557294839790185,2.9993897879304083,1,1.0,97,0.1426470588235294,1,1.0,0.0,0.9897959183673469,86.94422605599001,113.75305146330194,354.8507192405029,2933.125313027691,0.24502237536183444,0.7659574468085106,0.7659574468085106,150.0,16.420097480933464,1.9618710280106282,33.0,5.892726496720442,0,855,0,0,85.32393602565351,32.31045969658825,2.1745396612476626,2.9993897879304083,11,0.06546033875233714,86.94427668408196,113.75377132622945,0.07214291666579899,0.01265449448377381,10.367808815378613,8.28333914270639,50.82569956043155,57.97262122652167,37.8,15.399999999999999,680,679,0,4,80764,16092,3.8828023283884967,3.8828023283884967,0.10271963831715601,True,True,1.0,86.00320259440234,BOUNDARY_CROSSING,True,False,False,8.640465034569232,34.56642080511838,True,1.114677091306266,1.1271910020409943,-28.05769421020618,-0.004411764705882365,0.0,0.0,0.5998935887204044,0.23404255319148937,0.0,0.061692517653296086,0.004411764705882365,0.273327396502959,0.04714106113389196,0.0034007352941176593,0.2671752742414156,77.99947333097333,703.7097736498034,76.44485386200789,0.14705882352941177,1.0,0.0,77.39117647058823,33.0,0.05190502225289483,0.059716571272500886,0.012338797689551723,-0.004763961119002874,-0.05631583597838323,0.25483647655186387,0,97,0.0,False,False,True,False,True,False,False,0.0,0.0,0.4,0.0,97
M1_CROSS_BASELINE,local_forward,36,0.6166666666666669,LOCAL_FORWARD,675,-1.4,-56.14,-1.1199999999999917,218,577.5940093379396,92.83437996660115,44.91622619684689,56.03719257303324,3.387666456912814,52.17499654840904,105,849.6712351683624,92.83437996660115,121.3545740487277,47.54427377783399,6.615107393173512,107.59565407158318,8,True,True,0.0,0.0021164791861596585,0.999997760255419,31.895673851902288,43.65588235294118,46.0,11.334322968868928,3.037103300772775,1,1.0,96,0.1411764705882353,1,1.0,0.0,0.9896907216494846,92.83437996660115,122.97909391039234,354.5619956887568,3231.3348702465373,0.29195141209589187,0.7730496453900709,0.7659574468085106,150.0,12.038000968629461,1.9903134169178078,33.0,6.383220180383132,0,1111,0,0,83.48167201474945,32.109828831002176,2.198733319933312,3.037103300772775,5,0.041266680066687655,92.83417525693679,122.9795662727721,0.06698832465620344,0.011956420895961689,1.0633071457969219,1.521342576838362,46.482760955060016,51.326339058920745,37.8,15.399999999999999,680,679,0,4,75663,14960,4.446296882156956,4.446296882156956,0.11762690164436392,True,True,1.0,83.44494235227253,JUNCTION_REGION,True,True,False,11.728193283361705,42.946717169686615,True,1.1901923949239914,1.207417129879449,-44.5491800101056,-0.0058823529411764774,0.0,0.0,0.5640937939421579,0.23404255319148937,0.0,0.09882534093433115,0.0058823529411764774,0.2765973543940436,0.07298320103411156,0.004641544117647068,0.2718863143177296,77.99947333097333,703.7097736498034,76.44485386200789,0.14705882352941177,1.0,0.0,77.39117647058823,33.0,0.05190502225289483,0.059716571272500886,0.012338797689551723,0.021078178781216726,-0.055075027154853816,0.2595475166281779,0,96,0.0,True,False,True,False,True,False,False,0.1,0.0,0.5,0.0,96
M1_CROSS_BASELINE,local_forward,42,0.7166666666666672,LOCAL_FORWARD,675,-1.4,-56.14,-1.1199999999999917,218,604.605118028391,98.08648859570002,49.187601500203264,52.03632244799205,4.496981450932946,73.412936986356,81,979.0481904663109,98.08648859570002,129.5921917220017,41.40064055149146,8.02422485394692,140.02886243454228,6,True,True,0.0,0.0012474403389105982,0.9999992219459978,9.36540197333103,41.34411764705882,43.0,11.071922389446373,3.089225836813537,1,1.0,95,0.13970588235294118,1,1.0,0.0,0.9895833333333334,98.08648859570002,131.2794547093869,354.4204066838789,3492.8350857894493,0.31673330518336906,0.7659574468085106,0.7659574468085106,150.0,8.777897721540853,2.0057797753075333,33.0,5.817657700372664,0,1355,0,0,82.20634927914594,32.54065324782864,2.2763265244014863,3.089225836813537,0,0.0,98.08626270732395,131.27598710239195,0.06320311337259103,0.01189514173273957,0.0,0.0,43.13132142896865,48.82316914521513,37.8,15.399999999999999,680,679,0,4,71543,14191,5.460493837429705,5.460493837429705,0.14445750892671178,True,True,1.0,82.85104384240255,JUNCTION_REGION,True,True,False,14.927677731697457,51.26182199957729,True,1.257527575596465,1.3912670068350192,-67.07945188867686,-0.00735294117647059,0.0,0.0,0.5342226275985255,0.23404255319148937,0.0,0.17951982045026238,0.00735294117647059,0.27282693786064044,0.12625151074218696,0.005997242647058829,0.272356626089185,77.99947333097333,703.7097736498034,76.44485386200789,0.14705882352941177,1.0,0.0,77.39117647058823,33.0,0.05190502225289483,0.059716571272500886,0.012338797689551723,0.07434648848929212,-0.053719328625442056,0.2600178283996333,0,95,0.0,True,False,True,False,True,False,False,0.2,0.0,0.6000000000000001,0.0,95
M1_CROSS_BASELINE,local_forward,48,0.8166666666666675,LOCAL_FORWARD,675,-1.4,-56.14,-1.1199999999999917,218,640.7878577650591,103.07793420046968,52.88762581882649,49.21824004428383,5.621096586935573,86.89061832033057,79,976.3837660305641,103.07793420046968,136.80912069895976,42.817638457432686,8.192778852892117,125.97696090795527,7,True,True,0.0,0.0007950656794518643,0.9999996839352328,8.087588205500962,39.03529411764706,41.0,10.404124814168124,3.152141759464323,1,1.0,94,0.13823529411764707,1,1.0,0.0,0.9894736842105263,103.07793420046968,138.3021755311867,354.3715645126041,3715.602598228029,0.32766551469757516,0.7659574468085106,0.7730496453900709,150.0,8.8093465918802,2.006475715707985,33.0,5.623909058327389,0,1587,0,0,73.0033414752992,32.9037881151844,2.3954333798541403,3.152141759464323,0,0.0,103.07774369852714,138.29994053368878,0.06031966399242482,0.012012875408316139,0.0,0.0,40.143562268387825,45.61581209875616,37.8,15.399999999999999,680,679,0,4,68433,13396,6.823342981412752,6.823342981412752,0.18051171908499347,True,True,1.0,75.09745183800642,JUNCTION_REGION,True,True,False,18.176035769363423,59.015939026915994,True,1.321520900058921,1.3874807521381038,-68.35726565650693,-0.008823529411764702,0.0,0.0,0.5043894652833201,0.23404255319148937,0.0,0.17791372864828436,0.008823529411764702,0.2715352802470053,0.15208261969523568,0.007410386029411766,0.2719459531680951,77.99947333097333,703.7097736498034,76.44485386200789,0.14705882352941177,1.0,0.0,77.39117647058823,33.0,0.05190502225289483,0.059716571272500886,0.012338797689551723,0.10017759744234084,-0.05230618524308912,0.2596071554785434,0,94,0.0,True,False,True,False,True,False,False,0.30000000000000004,0.0,0.7000000000000001,0.0,94
M1_CROSS_BASELINE,local_forward,54,0.9166666666666679,LOCAL_FORWARD,675,-1.4,-56.14,-1.1199999999999917,218,686.0413774513971,107.54971045860292,55.42808251135571,47.19965931941489,6.713015584839881,97.46023352568302,53,977.3357227328589,107.54971045860293,30.387354480006117,50.80752050805544,10.490244597227877,159.47210017927205,5,True,True,0.0,0.00046768242276649073,0.9999998906365697,7.4144040081153815,36.98235294117647,40.0,9.630969366281676,3.2189544517378383,1,1.0,93,0.13676470588235295,1,1.0,0.0,0.9893617021276596,107.54971045860293,143.58510558130283,354.27865117369754,3911.1834902547253,0.3375676683308322,0.7659574468085106,0.7730496453900709,150.0,10.505488255327634,2.0007881468192434,33.0,4.8293827112653025,0,1809,0,0,60.12894156254837,33.033717624649924,2.488760387052717,3.2189544517378383,0,0.0,107.54957028653213,143.58380359387846,0.05798139517235556,0.012011629860674066,0.0,0.0,37.937514521087955,44.252928961800244,37.8,15.399999999999999,680,679,0,5,66108,12669,7.651110175151335,7.651110175151335,0.20241032209395068,True,True,0.9999264994104506,61.78097261024616,JUNCTION_REGION,True,True,True,21.441251723142642,65.53374134274644,True,1.3788517520142702,1.388833521046453,-69.0304498538925,-0.010294117647058815,0.0,0.0,0.47786265344126483,0.23404255319148937,0.0,0.17848781115735468,0.010294117647058815,0.2662384379332581,0.16528521542629518,0.00885225183823529,0.2690921955506766,77.99947333097333,703.7097736498034,76.44485386200789,0.14705882352941177,1.0,0.0,77.39117647058823,33.0,0.05190502225289483,0.059716571272500886,0.012338797689551723,0.11338019317340034,-0.050864319434265594,0.2567533978611249,0,93,0.0,True,False,True,False,True,False,False,0.4,0.0,0.8,0.0,93
M1_CROSS_BASELINE,local_forward,60,1.016666666666668,LOCAL_FORWARD,675,-1.4,-56.14,-1.1199999999999917,218,747.8638746696395,111.58169049377162,57.126246700903934,45.60482877926558,7.493010334706523,100.34317871225207,49,1085.043898578547,111.58169049377162,31.837993456751914,47.72926220630831,10.185096783764608,144.71326238086112,5,True,True,0.0,0.0002405021288009418,0.9999999710793627,7.594639193364174,35.43529411764706,38.0,9.10729773161712,3.2854046267702977,1,1.0,93,0.13676470588235295,1,1.0,0.0,0.989247311827957,111.58169049377162,147.9681434593902,354.16615639091265,4084.5471870627016,0.34121562426914753,0.7659574468085106,0.7659574468085106,150.0,12.113892915848567,1.9875784514064807,33.0,3.8875220538098763,0,2032,0,0,56.3654223847274,33.05766275588077,2.57487347841681,3.2854046267702977,0,0.0,111.58160683082627,147.9587975049467,0.055982944793012815,0.011855625337054084,0.0,0.0,36.311115068149824,42.014442759061275,37.8,15.399999999999999,680,679,0,5,64072,12156,8.106577559981693,8.106577559981693,0.2144597238090395,True,True,0.9884349794677961,55.95543480174936,JUNCTION_REGION,True,True,True,24.709269994819905,71.22566601986865,True,1.4305441527829252,1.541891187543051,-68.85021466864372,-0.010294117647058815,0.0,0.0,0.45787253448865584,0.23404255319148937,0.0,0.24172911198177638,0.010294117647058815,0.2599593668835552,0.20350716370403577,0.009573184742647053,0.2645257812171159,77.99947333097333,703.7097736498034,76.44485386200789,0.14705882352941177,1.0,0.0,77.39117647058823,33.0,0.05190502225289483,0.059716571272500886,0.012338797689551723,0.15160214145114093,-0.05014338652985383,0.2521869835275642,0,93,0.0,True,False,True,False,True,False,False,0.5,0.0,0.9,0.0,93
M1_CROSS_BASELINE,local_forward,66,1.1166666666666676,LOCAL_FORWARD,675,-1.4,-56.14,-1.1199999999999917,218,810.1982096052806,115.28391250878303,58.626206826046925,44.350910868492335,7.8445372560078335,102.32478649744465,46,1189.135263181996,115.28391250878303,33.329167587544646,46.11351490404963,9.558478903672368,126.29839951486741,5,True,True,0.0,0.00044664344483713445,0.9999999002548117,7.991742583071391,34.19705882352941,38.0,8.774930376600537,3.3568373400314226,1,1.0,93,0.13676470588235295,1,1.0,0.0,0.989247311827957,115.28391250878303,152.16576122789934,354.0304977588075,4235.42344322164,0.3367209775252243,0.7659574468085106,0.7659574468085106,150.0,15.468719613815836,1.9650745520577522,33.0,3.86708985754192,0,2247,0,0,56.08915953361166,33.05581049633332,2.6508069297289243,3.3568373400314226,0,0.0,115.28375961237361,152.1484410312189,0.05419578022276465,0.011628855441437384,0.0,0.0,34.641403989368904,41.930048458828544,37.8,15.399999999999999,680,679,0,5,62101,11681,8.861249950194733,8.861249950194733,0.23442460185700353,True,True,0.9311069868200517,55.66739182897976,JUNCTION_REGION,True,True,True,27.975076577273803,76.7848250291687,True,1.4780088580803812,1.6898092192389549,-68.4531112789365,-0.010294117647058815,0.0,0.0,0.4418728385208832,0.23404255319148937,0.0,0.2999266207132443,0.010294117647058815,0.25982315224176883,0.25171689220864,0.009933651194852934,0.26217446672944233,77.99947333097333,703.7097736498034,76.44485386200789,0.14705882352941177,1.0,0.0,77.39117647058823,33.0,0.05190502225289483,0.059716571272500886,0.012338797689551723,0.19981186995574518,-0.04978292007764795,0.2498356690398906,0,93,0.0,True,False,True,False,True,False,False,0.6000000000000001,0.0,1.0,0.0,93
M1_CROSS_BASELINE,local_forward,72,1.2166666666666672,LOCAL_FORWARD,675,-1.4,-56.14,-1.1199999999999917,218,870.5305390422982,118.61996434551389,60.17065860801258,43.34397855291745,7.760202733659365,94.71004523263646,44,1312.7995447988199,118.61996434551389,35.002838959382785,45.192114874643444,9.071645505685582,113.70145022891361,5,True,True,0.0,0.0003650219786544154,0.9999999333794753,8.360315540069408,33.36470588235294,37.0,8.891465913445623,3.432086044557285,1,1.0,91,0.1338235294117647,1,1.0,0.0,0.978494623655914,118.61996434551389,156.1233768058908,353.842193027823,4351.552003074077,0.3205388564856134,0.7659574468085106,0.7659574468085106,150.0,18.724508479045596,1.9387932138706219,33.0,3.8754566262133063,0,2451,0,0,56.00353997408081,33.04936126991944,2.7190217851264693,3.432086044557285,0,0.0,118.61983508517028,156.1092382422716,0.05254515259360017,0.011401388187558176,0.0,0.0,33.11997759970376,40.64958765703359,37.8,15.399999999999999,680,679,0,5,60056,11392,9.805331629030828,9.805331629030828,0.2594003076463182,True,True,0.8067852773410854,56.075286220594265,JUNCTION_REGION,True,True,True,31.237487326487596,82.386651477121,True,1.5207790422145107,1.8655411562496302,-68.08453832193848,-0.013235294117647067,0.0,0.0,0.4311176984760385,0.23404255319148937,0.0,0.3658481453842628,0.013235294117647067,0.25987893069957807,0.3087825187964514,0.01158447265625,0.26102669871451023,77.99947333097333,703.7097736498034,76.44485386200789,0.14705882352941177,1.0,0.0,77.39117647058823,33.0,0.05190502225289483,0.059716571272500886,0.012338797689551723,0.25687749654355657,-0.04813209861625088,0.2486879010249585,0,91,0.0,True,False,True,False,True,False,False,0.7000000000000001,0.0,1.1,0.0,91
M1_CROSS_BASELINE,local_forward,78,1.3166666666666669,LOCAL_FORWARD,675,-1.4,-56.14,-1.1199999999999917,218,905.796278277219,121.68949032866296,61.81810431189372,42.460847395412216,7.368320075809816,83.03782547632831,46,1379.9433611137931,121.68949032866297,36.64332972971853,44.38245556874667,8.62642376124329,99.09016702501631,6,True,True,0.0,0.0005208287436713603,0.9999998643687006,8.642946456857858,32.61470588235294,36.0,9.109227136872912,3.51118588248048,1,1.0,87,0.12794117647058822,2,0.9885057471264368,0.011494252873563218,0.945054945054945,121.68949032866297,160.56429914924522,353.6374240557903,4489.855483497127,0.30467470854314166,0.7588652482269503,0.7659574468085106,150.0,25.596738316438035,1.9057230564024559,34.0,3.7485015153156773,0,2646,0,0,54.04341005189697,33.03645578272975,2.7829562909042984,3.51118588248048,0,0.0,121.68930146899402,160.54949311924068,0.050997110858137996,0.011216578483089846,0.0,0.0,31.779606353893126,39.97586253178704,37.8,15.399999999999999,680,679,0,5,58527,11127,10.747356973737542,10.747356973737542,0.2843216130618398,True,True,0.6443243449912618,54.56563211052627,JUNCTION_REGION,True,True,True,34.496700023737155,87.89509445833772,True,1.5601322051534992,1.9609552301038708,-67.80190740515003,-0.019117647058823545,0.011494252873563204,0.011494252873563218,0.4214266712271501,0.24113475177304966,0.002777777777777778,0.4003411120522995,0.04210615280594997,0.2689025396529319,0.3545618154243755,0.026845312731099982,0.26496461918372105,77.99947333097333,703.7097736498034,76.44485386200789,0.14705882352941177,1.0,0.0,77.39117647058823,33.0,0.05190502225289483,0.059716571272500886,0.012338797689551723,0.30265679317148064,-0.032871258541400904,0.25262582149416934,1,86,0.0,True,False,True,False,True,False,False,0.8,0.0,1.2000000000000002,0.0,87
M1_CROSS_BASELINE,local_forward,84,1.4166666666666665,LOCAL_FORWARD,675,-1.4,-56.14,-1.1199999999999917,218,959.3539098011062,124.51205800468216,63.02724720338139,41.69362427578216,7.1106803579266735,76.29839773260605,47,1435.3731807495171,124.51205800468216,38.03496859511044,43.62779847002272,8.086926898735896,84.19624197485695,6,True,True,0.0,0.0001590941470274064,0.9999999873445261,8.844911368102874,31.91470588235294,35.0,9.224412378955323,3.5953940844400702,1,1.0,86,0.1264705882352941,2,0.9883720930232558,0.011627906976744186,0.9770114942528736,124.51205800468216,165.05311341109547,353.4522391360634,4641.632844258389,0.28738148429978055,0.7588652482269503,0.7659574468085106,150.0,45.63071342330403,1.868573757598468,34.0,3.426614610293224,0,2834,0,0,49.94650325599484,33.01496415148239,2.841066819037627,3.5953940844400702,0,0.0,124.51199455257196,165.0485972598138,0.04953451589541718,0.011086306458608015,0.0,0.0,30.463032343591355,37.3753861234274,37.8,15.399999999999999,680,679,0,5,57041,10902,11.41904043558532,11.41904043558532,0.30209101681442646,True,True,0.5167951810878612,50.338259674905636,JUNCTION_REGION,True,True,True,37.75322506457088,93.04825520432314,True,1.5963192145713994,2.0397232417349107,-67.59994249390502,-0.020588235294117657,0.011627906976744207,0.011627906976744186,0.41238171246152094,0.24113475177304966,0.002777777777777778,0.4281887976506855,0.04384404924760605,0.26675662695278224,0.3913753065375305,0.03534468098935302,0.26586062306825164,77.99947333097333,703.7097736498034,76.44485386200789,0.14705882352941177,1.0,0.0,77.39117647058823,33.0,0.05190502225289483,0.059716571272500886,0.012338797689551723,0.33947028428463566,-0.024371890283147866,0.25352182537869994,1,85,0.0,True,False,True,False,True,False,False,0.9,0.0,1.3,0.0,86
M1_CROSS_BASELINE,local_forward,90,1.5166666666666662,LOCAL_FORWARD,675,-1.4,-56.14,-1.1199999999999917,218,1011.6851058669645,127.10967329285465,63.731577025106404,40.923459832016334,6.769878368707402,68.47188956098135,23,403.30997533630216,63.7041862548923,24.47177900492097,44.094026255918344,3.9850030904784353,19.83847510587252,3,True,True,0.0,0.0004976357169351889,0.9999998761793389,9.00892431254504,31.155882352941177,34.0,9.27928404871558,3.6804952065150234,1,1.0,81,0.11911764705882352,2,0.9876543209876543,0.012345679012345678,0.9418604651162791,127.10967329285467,168.5535053250376,353.27860516993906,4770.346733900298,0.24221678344352043,0.7588652482269503,0.7588652482269503,150.0,110.18020667991165,1.8248558740769516,34.0,2.9017993113949,0,3017,0,0,49.816194222513985,33.004321888640185,2.8939492328501406,3.6804952065150234,0,0.0,127.10947897639733,168.53947607457437,0.04815582873496406,0.010973616010425258,0.0,0.0,29.085227065621012,37.25729108497637,37.8,15.399999999999999,680,679,0,5,55648,10628,11.593429826733265,11.593429826733265,0.3067044927707213,True,True,0.5,44.59067475779961,JUNCTION_REGION,True,True,True,41.00747958240457,97.65300313222343,True,0.8167258512705313,0.5731197582272131,-67.43592954946286,-0.027941176470588247,0.012345679012345734,0.012345679012345678,0.4025766731273515,0.24113475177304966,0.002777777777777778,0.0,0.05263253449527966,0.2632578582934601,0.19568765326876525,0.04398860774231634,0.2645592406808559,77.99947333097333,703.7097736498034,76.44485386200789,0.14705882352941177,1.0,0.0,77.39117647058823,33.0,0.05190502225289483,0.059716571272500886,0.012338797689551723,0.1437826310158704,-0.015727963530184547,0.2522204429913042,1,80,0.0,True,False,True,False,True,False,False,1.0,0.0,1.4000000000000001,0.0,81
M1_CROSS_BASELINE,local_forward,96,1.6166666666666658,LOCAL_FORWARD,675,-1.4,-56.14,-1.1199999999999917,218,1062.4561506025598,129.52314222086028,63.972248830114474,40.2469211480652,6.420855827854483,61.541217297669775,24,430.6508993527585,65.01722441453731,24.100093346483266,43.532167043286655,3.899682784585469,19.07941423644922,3,True,True,0.0,0.0010128234528505081,0.9999994870941951,9.07410218934783,30.288235294117648,32.0,9.202581629658008,3.768145314726996,1,1.0,79,0.1161764705882353,1,1.0,0.0,0.9629629629629629,129.52314222086028,171.271888472486,353.14602665423257,4890.550124815119,0.22272766271808742,0.7872340425531915,0.7801418439716312,147.8266304987868,110.0354310400937,1.803481535319789,33.0,4.443288080507529,0,3193,0,0,48.76726583795235,32.989089438037475,2.943196411898093,3.768145314726996,0,0.0,129.52276919724648,171.27593487669648,0.04687292965648206,0.01086968919072646,0.0,0.0,27.891251468931596,36.39521116383212,37.8,15.399999999999999,680,679,0,5,54238,10339,11.245101771339352,11.245101771339352,0.2974894648502474,True,True,0.5502260026303937,39.740233481849785,JUNCTION_REGION,True,True,True,44.26004208736663,101.73856238132154,True,0.8335597874956315,0.6119723151195979,-67.37075167266006,-0.030882352941176472,0.0,0.0,0.3913654847413826,0.21985815602836878,0.0,0.0,0.030882352941176472,0.24948007656508564,0.09784382663438262,0.0374354803417464,0.25701965862297077,77.99947333097333,703.7097736498034,76.44485386200789,0.14705882352941177,1.0,0.0,77.39117647058823,33.0,0.05190502225289483,0.059716571272500886,0.012338797689551723,0.04593880438148779,-0.022281090930754484,0.24468086093341904,0,79,0.0,True,False,True,False,True,False,False,1.1,0.0,1.5,0.0,79
M1_CROSS_BASELINE,local_forward,102,1.7166666666666655,LOCAL_FORWARD,675,-1.4,-56.14,-1.1199999999999917,218,1111.5973606755958,131.73926550816864,64.0050954929292,39.63174564683259,6.07007845412306,55.13285690687348,24,448.4393455797487,66.37099505334827,23.545566392479156,43.246174778104454,3.6912817315420656,17.749642955188353,3,True,True,0.0,0.0008412469809173554,0.999999646151696,9.047784122655575,29.46764705882353,31.5,9.164773370588934,3.8576096409576834,1,1.0,80,0.11764705882352941,1,1.0,0.0,1.0,131.73926550816864,173.5835405082809,353.1877100432284,5041.362524013923,0.2230009206971114,0.8085106382978723,0.8014184397163121,143.96743672442796,109.57199343405837,1.7685710697244588,33.0,4.1195524181231145,0,3367,0,0,47.52137303650901,32.96609927574293,2.948877997878832,3.8576096409576834,0,0.0,131.73894651555662,173.58883402734452,0.04567249444741482,0.010782973083422371,0.0,0.0,26.66756162508422,34.2496235929382,37.8,15.399999999999999,680,679,0,5,52876,10065,10.572406108453665,10.572406108453665,0.279693283292425,True,True,0.6764248969886321,37.9274986594517,JUNCTION_REGION,True,True,True,47.51160983152748,105.55570311268437,True,0.8509159385181716,0.637250415400528,-67.39706973935232,-0.02941176470588236,0.0,0.0,0.3807623608102459,0.1985815602836879,0.0,0.0,0.02941176470588236,0.22604524307117532,0.04892191331719131,0.03342362252381438,0.24153245084707303,77.99947333097333,703.7097736498034,76.44485386200789,0.14705882352941177,1.0,0.0,77.39117647058823,33.0,0.05190502225289483,0.059716571272500886,0.012338797689551723,-0.00298310893570352,-0.026292948748686505,0.2291936531575213,0,80,0.0,False,False,True,False,True,False,False,0.0,0.0,1.6,0.0,80
M1_CROSS_BASELINE,local_forward,108,1.816666666666665,LOCAL_FORWARD,675,-1.4,-56.14,-1.1199999999999917,218,1151.9546311771317,133.7577781703202,64.3139738398043,39.1035216461564,5.68453439830297,48.74658508988964,24,465.36324328192336,67.68530386971231,23.305094681034976,43.12427217811828,3.213066871629364,14.196452253739722,3,True,True,0.0,0.0007360120129188156,0.9999997291431217,9.163998945427487,28.758823529411764,31.0,9.103687606002397,3.951084203753071,1,1.0,82,0.12058823529411765,1,1.0,0.0,1.0,133.75777817032014,175.86156895557403,353.91657031647463,5248.100253694141,0.23800710897110539,0.8297872340425532,0.8226950354609929,139.98839653444097,108.7783829108428,1.7067587922273963,33.0,4.130953772821392,0,3534,0,0,46.65152908637286,32.97399365416321,2.9735065548193043,3.951084203753071,0,0.0,133.75749890537725,175.86611660869738,0.044545841046275174,0.010696420740849285,0.0,0.0,25.45222698744891,34.19937325419663,37.8,15.399999999999999,680,679,0,5,51502,9818,9.948587789455386,9.948587789455386,0.26319015316019545,True,True,0.7840262447809353,40.04777172650849,JUNCTION_REGION,True,True,True,50.762891684134395,109.48812516037978,True,0.8677661653240254,0.6612999573223326,-67.28085491658041,-0.02647058823529412,0.0,0.0,0.3716033899593357,0.17730496453900713,0.0,0.0,0.02647058823529412,0.2048446563578164,0.024460956658595656,0.02994710537955425,0.22318855360244472,77.99947333097333,703.7097736498034,76.44485386200789,0.14705882352941177,1.0,0.0,77.39117647058823,33.0,0.05190502225289483,0.059716571272500886,0.012338797689551723,-0.027444065594299176,-0.029769465892946635,0.21084975591289298,0,82,0.0,False,False,True,False,True,False,False,0.0,0.0,1.7000000000000002,0.0,82
M1_CROSS_BASELINE,local_forward,114,1.9166666666666647,LOCAL_FORWARD,675,-1.4,-56.14,-1.1199999999999917,218,1189.661301882161,135.58118497539076,65.023525730364,38.64945428763111,5.278695907498583,42.87427987958047,24,421.3797309523989,63.88500233725634,23.479665205194905,42.989468198241774,2.1954031671862944,8.000319866492298,3,True,True,0.0,0.0011544920833592802,0.9999993335737927,9.254912903205334,28.08529411764706,30.0,8.994038298422728,4.041846910181853,1,1.0,83,0.12205882352941176,1,1.0,0.0,1.0,135.58118497539078,178.56391386783753,355.0190901488813,5379.415597063417,0.2367719808516163,0.8581560283687943,0.8439716312056738,135.62913775070382,107.35641695564262,1.6446248226023827,33.0,4.474572395362932,0,3690,0,0,46.14007554644917,32.98428416684403,2.9733928094817226,4.041846910181853,0,0.0,135.5807829121852,178.5709682442517,0.04347977231014317,0.01059847823079977,0.0,0.0,24.303799577194717,32.50905953851895,37.8,15.399999999999999,680,679,0,5,50272,9591,9.691567148251531,9.691567148251531,0.2563906652976596,True,True,0.8242307819313236,44.39853761993345,JUNCTION_REGION,True,True,True,54.014483800224205,113.8143745030975,True,0.8190440218253091,0.5987976105076747,-67.18994095880255,-0.02500000000000001,0.0,0.0,0.3629004674495497,0.15602836879432624,0.0,0.0,0.02500000000000001,0.18585885143007913,0.012230478329297828,0.02747355268977713,0.20452370251626192,77.99947333097333,703.7097736498034,76.44485386200789,0.14705882352941177,1.0,0.0,77.39117647058823,33.0,0.05190502225289483,0.059716571272500886,0.012338797689551723,-0.039674543923597004,-0.032243018582723756,0.1921849048267102,0,83,0.0,False,False,True,False,True,False,False,0.0,0.0,1.8,0.0,83
M1_CROSS_BASELINE,local_forward,120,2.0166666666666644,LOCAL_FORWARD,675,-1.4,-56.14,-1.1199999999999917,218,1232.2042937683066,137.23312151367998,66.15037579559184,37.498712477044265,4.916364265847841,38.18311046970174,23,448.4738337767154,64.82728867333718,24.060828882757956,42.549438052119655,1.4449952299648237,3.3449392394194635,3,True,True,0.0,0.00015788525387793213,0.9999999875361233,11.209072758510409,27.438235294117646,29.0,8.885001066102168,4.124263977491473,1,1.0,83,0.12205882352941176,1,1.0,0.0,1.0,137.23312151367998,181.65800245425658,354.1411449166211,5512.934187720699,0.23354480100826255,0.8794326241134752,0.8581560283687943,130.85774968160464,105.33061063816442,1.571716986006926,33.0,4.490939022520497,0,3843,0,0,48.730685681814414,32.75559854601474,2.9690491448337637,4.124263977491473,0,0.0,137.2330533888943,181.65893896921418,0.04249228571619678,0.010465627672424394,0.0,0.0,23.67574465670549,31.874235358575937,37.8,15.399999999999999,680,679,0,6,49122,9355,9.860105658354946,9.860105658354946,0.2608493560411362,True,True,0.7981840209799306,48.255706877300845,JUNCTION_REGION,True,True,True,57.256343235189405,118.55122306113631,True,0.831124697448367,0.6372994245208473,-65.23578110349749,-0.02500000000000001,0.0,0.0,0.35453958119560675,0.14184397163120566,0.0,0.0,0.02500000000000001,0.17178356511467563,0.006115239164648914,0.02623677634488857,0.1881536338154688,77.99947333097333,703.7097736498034,76.44485386200789,0.14705882352941177,1.0,0.0,77.39117647058823,33.0,0.05190502225289483,0.059716571272500886,0.012338797689551723,-0.04578978308824592,-0.033479794927612314,0.17581483612591706,0,83,0.0,False,False,True,False,True,False,False,0.0,0.0,1.9000000000000001,0.0,83
M1_CROSS_BASELINE,local_forward,126,2.116666666666664,LOCAL_FORWARD,675,-1.4,-56.14,-1.1199999999999917,218,1272.947469497979,138.7668411491268,67.56819777227503,36.293856868028456,4.644690994416551,35.757941751173696,41,1895.5110470613993,138.76684114912683,42.933492681272924,37.01365514471019,4.386269154189125,35.08825060750381,5,True,True,0.0,-0.000629899989529454,0.999999801612982,11.41047231433484,26.88529411764706,28.0,8.724631539596965,4.182425168114628,1,1.0,82,0.12058823529411765,3,0.926829268292683,0.06097560975609756,0.9879518072289156,138.7668411491268,184.81862896901967,355.17743496697733,5616.075820740029,0.22364217602938793,0.900709219858156,0.8794326241134752,125.83295699741264,103.07315719503629,1.4949014140578678,33.0,4.13429080974739,0,3994,0,0,50.21234141962963,32.481113796517214,2.960574113993821,4.182425168114628,0,0.0,138.76716981841372,184.8149834918566,0.04162277647465756,0.010214743150131668,0.0,0.0,23.535790570596216,32.951115328450676,37.8,15.399999999999999,680,679,0,6,48127,9169,10.346233517679632,10.346233517679632,0.2737098814200961,True,True,0.7168277582609736,50.14235408318938,JUNCTION_REGION,True,True,True,60.46774603457102,123.530883345553,True,1.779074078619746,2.6935977274129606,-65.03438154767305,-0.02647058823529412,0.07317073170731703,0.06097560975609756,0.34739482385132825,0.12056737588652477,0.0,0.6412183667668847,0.16061692969870872,0.14812931461817405,0.32366680296576683,0.09342685302179865,0.1681414742168214,77.99947333097333,703.7097736498034,76.44485386200789,0.14705882352941177,1.0,0.0,77.39117647058823,33.0,0.05190502225289483,0.059716571272500886,0.012338797689551723,0.271761780712872,0.033710281749297764,0.15580267652726967,5,76,0.1,True,True,True,False,True,False,False,0.1,0.1,2.0,0.0,82
M1_CROSS_BASELINE,local_forward,132,2.2166666666666637,LOCAL_FORWARD,675,-1.4,-56.14,-1.1199999999999917,218,1276.732608875325,140.78301438697102,69.06205716510208,34.379399124651144,4.319160300107325,32.52291362229035,38,2001.9839725467273,140.78301438697102,48.61136867088431,34.80610157218175,4.667179003085618,42.92002172690492,5,True,True,0.0,-0.000924909909858507,0.9999995722707378,12.766892106331058,26.402941176470588,27.0,8.53570305502708,4.227674347248202,1,1.0,83,0.12205882352941176,4,0.8795180722891566,0.060240963855421686,1.0,140.78301438697105,187.82620010254146,355.01332555112157,5731.1261764326955,0.2172870557210649,0.9148936170212766,0.8936170212765957,120.80991336149552,100.17107536972024,1.4134209436618315,33.0,3.995896389225252,0,4158,0,0,49.03831600689246,31.981511874558123,2.827165952180642,4.227674347248202,0,0.0,140.78344947072557,187.82093461829527,0.04087640290400898,0.00987449514164974,0.0,0.0,23.987191711481774,33.242253355787454,37.8,15.399999999999999,680,679,0,6,47205,8992,10.988973556742732,10.988973556742732,0.29071358615721515,True,True,0.5990497685687792,49.42229710326485,JUNCTION_REGION,True,True,True,63.62863177190778,128.50576059720908,True,1.8049226279976247,2.8449000532753743,-63.67796175567683,-0.02500000000000001,0.12048192771084343,0.060240963855421686,0.34116216318929804,0.1063829787234043,0.0,0.6866831514174125,0.2057228915662651,0.13302228798490598,0.5051749771915897,0.14957487229403188,0.15058188110086368,77.99947333097333,703.7097736498034,76.44485386200789,0.14705882352941177,1.0,0.0,77.39117647058823,33.0,0.05190502225289483,0.059716571272500886,0.012338797689551723,0.4532699549386948,0.089858301021531,0.13824308341131195,5,73,0.2,True,True,True,False,True,False,False,0.2,0.2,2.1,0.0,83
M1_CROSS_BASELINE,local_forward,138,2.3166666666666633,LOCAL_FORWARD,675,-1.4,-56.14,-1.1199999999999917,218,1314.4049609663402,144.9099366805682,70.26483272757687,32.545392262624006,4.0329363313026665,31.79255031317661,36,1994.0136017567663,144.9099366805682,49.81903762283737,32.169020106294,5.03272640207512,62.27587732907549,5,True,True,0.0,-0.0003998777126932414,0.9999999200489043,14.553862309354496,25.935294117647057,27.0,8.302298843691752,4.271568630162931,1,1.0,85,0.125,3,0.9294117647058824,0.058823529411764705,1.0,144.9099366805682,190.5096537932659,355.0592765401641,5814.719538757454,0.2096713092849575,0.9219858156028369,0.900709219858156,116.05609923403527,97.27108154992146,1.3458117122798976,33.0,3.251673666839779,0,4333,0,0,45.387163178889296,31.48786757715229,2.4348160067043993,4.271568630162931,0,0.0,144.90987518823135,190.5092757936964,0.04021266580922296,0.009531781826046115,0.0,0.0,24.366805880310217,31.479246307937192,37.8,15.399999999999999,680,679,0,6,46435,8842,11.555308429155613,11.555308429155613,0.30569599018930194,True,True,0.5,46.12610483170906,JUNCTION_REGION,True,True,True,66.73756842782916,133.21332198790566,True,1.8578322454265206,2.8335738345863506,-61.89099155265339,-0.02205882352941177,0.07058823529411762,0.058823529411764705,0.3351195226694029,0.099290780141844,0.0,0.6833222610618415,0.1514705882352941,0.12096860458744253,0.5942486191267156,0.150522730264663,0.1357752428441531,77.99947333097333,703.7097736498034,76.44485386200789,0.14705882352941177,1.0,0.0,77.39117647058823,33.0,0.05190502225289483,0.059716571272500886,0.012338797689551723,0.5423435968738207,0.09080615899216213,0.12343644515460138,5,79,0.30000000000000004,True,True,True,True,True,True,True,0.30000000000000004,0.30000000000000004,2.2,0.1,85
M1_CROSS_BASELINE,local_forward,144,2.416666666666663,LOCAL_FORWARD,675,-1.4,-56.14,-1.1199999999999917,218,1335.1963650215432,149.41194202945962,71.09516628382656,31.1370144184684,3.7345127336234114,29.015955546923625,35,1949.923585733114,149.41194202945965,51.41435623714071,31.119083585095513,5.18923979165856,68.16957399868807,5,True,True,0.0,-0.0005083144634710898,0.9999998708081947,14.623870530570953,25.46764705882353,26.0,8.077318300912504,4.308933878735631,1,1.0,84,0.12352941176470589,4,0.8571428571428571,0.07142857142857142,0.9764705882352941,149.41194202945962,192.79586116988048,354.91423463523904,5911.441957137295,0.19624397851014416,0.9219858156028369,0.900709219858156,111.74175780943858,94.6785385607918,1.2774884742260573,33.0,2.518715092577036,0,4511,0,0,41.700230897617935,31.103023102303712,2.081392719839776,4.308933878735631,1,0.15860728016022385,149.41195694596996,192.80935342715418,0.03961399589198232,0.00918865176434313,0.0,0.0,24.55193061578487,28.80958593567378,37.8,15.399999999999999,680,679,0,6,45673,8680,11.822575606804653,11.822575606804653,0.3127665504445676,True,True,0.5,41.58412388204671,JUNCTION_REGION,True,True,True,69.79648908935305,137.4856384959857,True,1.9155506524443244,2.770920141722347,-61.820983331436935,-0.023529411764705882,0.1428571428571429,0.07142857142857142,0.32907688214950787,0.099290780141844,0.0,0.6646081045466368,0.2378151260504202,0.11608221409235758,0.6294283618366762,0.1941689281575416,0.12592872846825534,77.99947333097333,703.7097736498034,76.44485386200789,0.14705882352941177,1.0,0.0,77.39117647058823,33.0,0.05190502225289483,0.059716571272500886,0.012338797689551723,0.5775233395837813,0.13445235688504073,0.11358993077870362,6,72,0.4,True,True,True,True,True,True,True,0.4,0.4,2.3000000000000003,0.2,84
M1_CROSS_BASELINE,local_forward,150,2.5166666666666626,LOCAL_FORWARD,675,-1.4,-56.14,-1.1199999999999917,218,1370.1383430885687,153.64677576869693,71.5194689791882,30.076686877913737,3.521373195311405,26.974147554757835,35,1937.4200624509203,153.6467757686969,53.830054158051595,31.33677186421981,4.954496687435312,64.46378865526776,5,True,True,0.0,-0.0011071553512288104,0.9999993871033264,15.457679225543488,25.01764705882353,26.0,7.8288482583265795,4.356671133192636,1,1.0,86,0.1264705882352941,4,0.8604651162790697,0.06976744186046512,0.9761904761904762,153.64677576869693,194.60710701823794,351.3823069900352,5993.350351989873,0.19935323674279004,0.9219858156028369,0.900709219858156,107.83763992365361,91.64902228698728,1.2160771508489567,33.0,2.3416539080157484,0,4692,0,0,40.997733483089455,30.788223927852897,2.2297963226413446,4.356671133192636,1,0.010203677358655128,153.64686038460587,194.63642677302806,0.039075710876081894,0.00888339108594261,0.0,0.0,24.44496593414565,28.84289435985297,37.8,15.399999999999999,680,679,0,6,45010,8537,11.746176254222918,11.746176254222918,0.3107454035508709,True,True,0.5,37.77474021946287,JUNCTION_REGION,True,True,True,72.8180554993467,141.35177324743307,True,1.9698437592870808,2.753152130319942,-60.9871746364644,-0.020588235294117657,0.13953488372093026,0.06976744186046512,0.32326226580017486,0.099290780141844,0.0,0.6592625260397891,0.22989056087551304,0.11490180619528233,0.6443454439382326,0.21202974451652734,0.12041526733176883,77.99947333097333,703.7097736498034,76.44485386200789,0.14705882352941177,1.0,0.0,77.39117647058823,33.0,0.05190502225289483,0.059716571272500886,0.012338797689551723,0.5924404216853377,0.15231317324402646,0.10807646964221711,6,74,0.5,True,True,True,True,True,True,True,0.5,0.5,2.4000000000000004,0.30000000000000004,86
M1_CROSS_BASELINE,local_forward,156,2.6166666666666623,LOCAL_FORWARD,675,-1.4,-56.14,-1.1199999999999917,218,1381.5839307033307,157.9827417843871,71.70228504500558,29.446792688327598,3.27818247330227,25.613948386711733,36,2237.39634658854,157.9827417843871,61.20017493704712,30.472814459267145,5.3178643722532115,71.11395674604483,5,True,True,0.0,-0.0012300028984135788,0.9999992435461489,15.808921133848388,24.591176470588234,26.0,7.586011416030973,4.409646230930556,1,1.0,90,0.1323529411764706,2,0.9888888888888889,0.011111111111111112,0.9767441860465116,157.9827417843871,196.19565070433833,351.62041115601676,6120.405051220291,0.17900677287702124,0.9219858156028369,0.900709219858156,104.21272445781466,89.3346536054096,1.1685588201500023,33.0,1.7047036992679958,0,4876,0,0,40.613925359566124,30.503743308862205,2.127304694538988,4.409646230930557,1,0.11269530546101159,157.9828506773199,196.21843507222735,0.03858537070335438,0.00862089007245695,0.0,0.0,24.504484410875154,27.458319573491828,37.8,15.399999999999999,680,679,0,6,44336,8392,11.423385823670415,11.423385823670415,0.302205974171175,True,True,0.51595858749401,35.348200634602115,JUNCTION_REGION,True,True,True,75.80860930955456,144.9398356393097,True,2.02543344253137,3.1794305413498,-60.6359327281595,-0.01470588235294118,0.011111111111111072,0.011111111111111112,0.3177516816782579,0.099290780141844,0.0,0.7830957745869402,0.036928104575163365,0.1106554714702973,0.7137206092625864,0.12447892454584536,0.11553536940103307,77.99947333097333,703.7097736498034,76.44485386200789,0.14705882352941177,1.0,0.0,77.39117647058823,33.0,0.05190502225289483,0.059716571272500886,0.012338797689551723,0.6618155870096916,0.06476235327334448,0.10319657171148135,1,89,0.6000000000000001,True,True,True,True,True,True,True,0.6000000000000001,0.6000000000000001,2.5,0.4,90
M1_CROSS_BASELINE,local_forward,162,2.716666666666662,LOCAL_FORWARD,675,-1.4,-56.14,-1.1199999999999917,218,1414.7129236098915,162.88453707636563,72.72430913993526,28.8931342621431,3.1879991187361605,26.756147100872226,33,2392.062665988616,162.88453707636563,62.8569321710584,30.677712262869722,5.932165677639784,93.18156342217912,5,True,True,0.0,-0.0007606652607762497,0.9999997106941386,16.138527935318862,24.226470588235294,25.0,7.4250295631627505,4.462893536919079,1,1.0,92,0.13529411764705881,2,0.9891304347826086,0.010869565217391304,1.0,162.88453707636563,197.65712236680014,351.96312954361537,6190.689043394137,0.15369482096087198,0.9148936170212766,0.8936170212765957,100.70437145412599,86.7485392315073,1.1079196370455398,33.0,1.6229945273470099,0,5060,0,0,40.65629015555388,30.240324456704247,2.5308719398794732,4.462893536919078,0,0.0,162.88457763598137,197.6712069767127,0.03811983768133874,0.008411192502864408,0.0,0.0,24.565706230573458,27.87814544343524,37.8,15.399999999999999,680,679,0,6,43602,8250,10.999672531837087,10.999672531837087,0.290996627826378,True,True,0.5970245938437906,34.67350893012869,JUNCTION_REGION,True,True,True,78.7697549960179,148.41249283296662,True,2.088277396248581,3.3992176257296243,-60.30632592668903,-0.011764705882352955,0.010869565217391353,0.010869565217391304,0.3130391821533082,0.1063829787234043,0.0,0.8436967282418288,0.03350383631713561,0.11720294223905103,0.7787086687522076,0.07899138043149048,0.11636915582004205,77.99947333097333,703.7097736498034,76.44485386200789,0.14705882352941177,1.0,0.0,77.39117647058823,33.0,0.05190502225289483,0.059716571272500886,0.012338797689551723,0.7268036464993127,0.019274809158989596,0.10403035813049033,1,91,0.7000000000000001,True,True,True,True,True,True,True,0.7000000000000001,0.7000000000000001,2.6,0.5,92
M1_CROSS_BASELINE,local_forward,168,2.8166666666666615,LOCAL_FORWARD,675,-1.4,-56.14,-1.1199999999999917,218,1448.5205712830339,168.3382896024462,74.09961969645377,28.287392171550707,3.1530094664639896,28.79716429790853,30,2280.7304716756835,168.33828960244622,64.62187319713428,32.485286151329696,6.184316839646601,112.67977226204853,5,True,True,0.0,0.000216682075694802,0.9999999765244387,18.005272457058727,23.93235294117647,25.0,7.21323214606875,4.512860217502784,1,1.0,92,0.13529411764705881,4,0.8478260869565217,0.07608695652173914,0.9891304347826086,168.33828960244622,199.18558293573042,352.33552168262145,6264.026494884455,0.141826814403769,0.9078014184397163,0.8865248226950354,97.10523278573775,83.85646744860591,1.0541659302398043,33.0,1.5629103221134402,0,5257,0,0,40.593438232566946,29.92866082200195,2.7749290379892924,4.512860217502784,0,0.0,168.33829542405084,199.18158174992985,0.037707618791138674,0.008272278496771241,0.0,0.0,25.067374977830983,26.287284382025888,37.8,15.399999999999999,680,679,0,6,42993,8164,10.66685309980413,10.66685309980413,0.28219188094719927,True,True,0.6591769886597139,36.09449172837478,JUNCTION_REGION,True,True,True,81.69833748639898,151.97651755315076,True,2.1581977725431596,3.2410100826746144,-58.439581404949166,-0.011764705882352955,0.15217391304347827,0.07608695652173914,0.30923877931060695,0.11347517730496459,0.0,0.8002805566562714,0.24002557544757036,0.12389457945238752,0.7894946127042395,0.15950847793953044,0.12013186763621478,77.99947333097333,703.7097736498034,76.44485386200789,0.14705882352941177,1.0,0.0,77.39117647058823,33.0,0.05190502225289483,0.059716571272500886,0.012338797689551723,0.7375895904513446,0.09979190666702956,0.10779306994666306,7,78,0.8,True,True,True,True,True,True,True,0.8,0.8,2.7,0.6000000000000001,92
M1_CROSS_BASELINE,local_forward,174,2.916666666666661,LOCAL_FORWARD,675,-1.4,-56.14,-1.1199999999999917,218,1482.7256341606833,173.63435261019856,75.99163885526133,27.69291581699836,3.073060660139154,30.042361085503916,20,3332.0394446031705,173.63435261019856,67.02851875662162,28.812309500299268,9.55585616485162,183.43273766037254,4,True,True,0.0,0.0005933833371357902,0.9999998239480922,19.390383705932184,23.629411764705882,25.0,7.01831760516154,4.565290589088751,1,1.0,92,0.13529411764705881,2,0.9891304347826086,0.010869565217391304,0.967391304347826,173.63435261019856,200.8961719956348,352.7121463593846,6311.642339792722,0.14964530752281432,0.8936170212765957,0.8723404255319149,93.27448255905487,80.61639880298718,0.9979525259729273,33.0,1.5214681096014773,0,5467,0,0,40.48685001154691,29.591357035327082,2.6549619501173805,4.565290589088752,0,0.0,173.6343882992208,200.88521240502502,0.037337471339842485,0.008189300725320729,0.0,0.0,26.053576879442314,26.20403576658157,37.8,15.399999999999999,680,679,0,6,42380,8043,10.56958195487968,10.56958195487968,0.2796185702349122,True,True,0.6769374913213061,38.60706317662903,JUNCTION_REGION,True,True,True,84.5860088169603,155.7723421846154,True,2.2260964746956686,4.734962578850494,-57.05447015607571,-0.011764705882352955,0.010869565217391353,0.010869565217391304,0.30532436438262456,0.12765957446808507,0.0,1.1759969160939758,0.03350383631713561,0.1378026951987616,0.9827457643991077,0.09650615712833302,0.1289672814174882,77.99947333097333,703.7097736498034,76.44485386200789,0.14705882352941177,1.0,0.0,77.39117647058823,33.0,0.05190502225289483,0.059716571272500886,0.012338797689551723,0.9308407421462128,0.036789585855832134,0.11662848372793648,1,91,0.9,True,True,True,True,True,True,True,0.9,0.9,2.8000000000000003,0.7000000000000001,92
M1_CROSS_BASELINE,local_forward,180,3.016666666666661,LOCAL_FORWARD,675,-1.4,-56.14,-1.1199999999999917,218,1526.620069385368,178.1927226957925,78.36055431698472,27.227053118067154,3.0366345246001507,31.148989542788367,20,3485.3348763309755,178.19272269579247,70.03731447404482,28.698093527697306,9.822202784453756,189.62913132379038,4,True,True,0.0,0.0008356393628404104,0.9999996508533666,20.017062150409622,23.32941176470588,25.0,6.8969528400235305,4.60979258021943,1,1.0,90,0.1323529411764706,2,0.9888888888888889,0.011111111111111112,0.9782608695652174,178.19272269579247,202.79828350164675,353.1724837370454,6447.942253061481,0.13644106240912957,0.9078014184397163,0.8865248226950354,89.20745322072304,76.94352888619562,0.9591538211291802,68.0,1.452369344195557,0,5696,0,0,41.02586016653027,29.245222569093503,2.5551819473269894,4.60979258021943,0,0.0,178.19279212201135,202.7828490292764,0.03701814812810566,0.00816642817114767,0.0,0.0,27.03226252132926,24.764636048454058,37.8,15.399999999999999,680,679,0,6,41861,7949,10.717478198692818,10.717478198692818,0.2835311692775878,True,True,0.6498521505491652,40.7712109631497,JUNCTION_REGION,True,True,True,87.43272476920319,159.80000940358886,True,2.284537511422308,4.952801576499675,-56.42779171159827,-0.01470588235294118,0.011111111111111072,0.011111111111111112,0.3014479534830692,0.11347517730496459,0.09722222222222222,1.2254890645652865,0.036928104575163365,0.22037986182182384,1.104117414482197,0.06671713085174819,0.17467357161965602,77.99947333097333,703.7097736498034,76.44485386200789,0.14705882352941177,1.0,0.0,77.39117647058823,33.0,0.05190502225289483,0.059716571272500886,0.012338797689551723,1.0522123922293023,0.007000559579247299,0.1623347739301043,1,89,1.0,True,True,True,True,True,True,True,1.0,1.0,2.9000000000000004,0.8,90
M1_CROSS_BASELINE,local_forward,186,3.1166666666666605,LOCAL_FORWARD,675,-1.4,-56.14,-1.1199999999999917,218,1523.5376012751692,182.44145928921375,79.80239071337039,27.266103811938827,3.113795322857124,32.25597366805353,18,3376.0817662297363,182.44145928921375,71.12419238454845,29.87864481673901,9.28807434603987,179.64361954950326,4,True,True,0.0,0.0010336083644681916,0.9999994658267318,20.604056280277455,23.05294117647059,25.0,6.756270956069916,4.655821421418612,1,1.0,90,0.1323529411764706,4,0.8111111111111111,0.1,0.9888888888888889,182.44145928921375,204.79460379570048,353.66182537458155,6582.213820399764,0.12514481176136039,0.9148936170212766,0.900709219858156,85.01387078689791,74.91648978383196,0.9399404171403928,65.0,1.2287015600749749,0,5927,0,0,41.65731857137589,28.970941111221435,2.4244526663397274,4.655821421418612,0,0.0,182.44156566371845,204.77549567985488,0.036714060122441196,0.008181605257339157,0.0,0.0,28.14761343710806,24.93543727699107,37.8,15.399999999999999,680,679,0,6,41388,7854,11.025701563468086,11.025701563468086,0.2916852265467748,True,True,0.5920915512902942,41.666492124744686,JUNCTION_REGION,True,True,True,90.24477738612772,163.95255705063167,True,2.339008861188898,4.797548496050619,-55.840797581730435,-0.01470588235294118,0.18888888888888888,0.1,0.29787557481092997,0.099290780141844,0.08888888888888889,1.1903306818950008,0.30359477124183004,0.1963710127645661,1.147224048188599,0.1851559510467891,0.18552229219211105,77.99947333097333,703.7097736498034,76.44485386200789,0.14705882352941177,1.0,0.0,77.39117647058823,33.0,0.05190502225289483,0.059716571272500886,0.012338797689551723,1.0953190259357042,0.12543937977428823,0.17318349450255932,9,73,1.1,True,True,True,True,True,True,True,1.1,1.1,3.0,0.9,90
M1_CROSS_BASELINE,local_forward,192,3.21666666666666,LOCAL_FORWARD,675,-1.4,-56.14,-1.1199999999999917,218,1465.0204674403417,186.5674448174655,81.48670314422087,27.787527004161657,2.9918481616448984,30.621542540299316,18,3524.8512682207593,186.5674448174655,75.45540779429763,29.30160307112959,8.808109260079517,161.5352071859412,4,True,True,0.0,0.0005577618947664961,0.9999998444508224,21.494497813200773,22.758823529411764,24.0,6.634407533593283,4.699408635123402,1,1.0,92,0.13529411764705881,3,0.9130434782608695,0.07608695652173914,0.9777777777777777,186.5674448174655,206.7135444300273,356.0466565209033,6557.890768480087,0.11819688559501576,0.9290780141843972,0.9078014184397163,80.85366385445536,70.42261183833368,0.9232482070525124,62.0,1.2330329339747712,0,6166,0,0,40.65510321244616,28.740391483921822,2.3677502386203404,4.699408635123402,0,0.0,186.56747865085975,206.70318199319277,0.03643545731728994,0.008219830587161485,0.0,0.0,28.89188860617971,24.063865559617042,37.8,15.399999999999999,680,679,0,6,40942,7748,11.36021107023932,11.36021107023932,0.3005346843978656,True,True,0.5281162989712187,40.92659435311286,JUNCTION_REGION,True,True,True,93.0274900004568,168.07242024600617,True,2.3919064687245806,5.008955964813526,-54.950356048807116,-0.011764705882352955,0.08695652173913049,0.07608695652173914,0.29407517196822863,0.09219858156028371,0.08055555555555556,1.238069696147447,0.17480818414322258,0.18097435667567108,1.192646872168023,0.17998206759500585,0.18324832443389105,77.99947333097333,703.7097736498034,76.44485386200789,0.14705882352941177,1.0,0.0,77.39117647058823,33.0,0.05190502225289483,0.059716571272500886,0.012338797689551723,1.1407418499151283,0.12026549632250497,0.17090952674433932,7,84,1.2000000000000002,True,True,True,True,True,True,True,1.2000000000000002,1.2000000000000002,3.1,1.0,92
M1_CROSS_BASELINE,local_forward,198,3.3166666666666598,LOCAL_FORWARD,675,-1.4,-56.14,-1.1199999999999917,218,1371.507095498403,190.40606927196038,82.87176696672043,28.657149484210198,2.746160699363035,28.42401611278582,18,3671.7501213860596,190.40606927196038,79.8088421364891,28.959820339994977,8.632085735377249,156.06741003836896,4,True,True,0.0,0.0010357606128249374,0.9999994635998326,21.953765444937524,22.485294117647058,24.0,6.60412671133566,4.748728228600736,1,1.0,90,0.1323529411764706,4,0.7888888888888889,0.1111111111111111,0.9565217391304348,190.40606927196035,208.43183223606724,356.5371899816886,6682.879071232915,0.11255733518407372,0.9361702127659575,0.9219858156028369,76.87227729331134,67.9272602189424,0.9067431730024462,59.0,1.198296434541621,0,6403,0,0,39.38237681626596,28.581809856668777,2.3069614733958566,4.748728228600736,0,0.0,190.40618034353662,208.41259809313738,0.036168255571042786,0.008253315131714895,0.0,0.0,29.405574476294394,23.88487827718121,37.8,15.399999999999999,680,679,0,6,40484,7651,11.57279351835328,11.57279351835328,0.3061585586865947,True,True,0.5,38.85760174999287,JUNCTION_REGION,True,True,True,95.78624295742827,172.01523471317307,True,2.4411199350541097,5.217705166069332,-54.491088417070365,-0.01470588235294118,0.21111111111111114,0.1111111111111111,0.2905407973245164,0.07801418439716312,0.07222222222222222,1.2842296657887387,0.3369281045751634,0.15822504951632949,1.2384382689783808,0.2584550860850846,0.17073668697511027,77.99947333097333,703.7097736498034,76.44485386200789,0.14705882352941177,1.0,0.0,77.39117647058823,33.0,0.05190502225289483,0.059716571272500886,0.012338797689551723,1.186533246725486,0.19873851481258373,0.15839788928555854,10,71,1.3,True,True,True,True,True,True,True,1.3,1.3,3.2,1.1,90
M1_CROSS_BASELINE,local_forward,204,3.4166666666666594,LOCAL_FORWARD,675,-1.4,-56.14,-1.1199999999999917,218,1401.603930226946,194.03769885669007,85.53521274054509,28.900613408652834,2.8374341228208517,29.6596301195732,27,2933.809639233554,194.03769885669007,87.26069866551875,30.831777449492634,6.479793464460691,113.22789441951385,5,True,True,0.0,0.001283559849293991,0.9999991762367172,22.285693632618806,22.26764705882353,24.0,6.556237290156931,4.8058250118469354,1,1.0,93,0.13676470588235295,5,0.7956989247311828,0.10752688172043011,1.0,194.03769885669004,209.86752254360303,356.9268059203837,6694.718256303045,0.08113401368853702,0.9432624113475178,0.9290780141843972,73.12611974748212,65.24484508493907,0.8897679659133659,57.0,0.9891114376798279,0,6642,0,0,39.36764026875086,28.428844430454635,2.4097849386881585,4.805825011846934,0,0.0,194.03786977391326,209.8436696921524,0.035902447303603535,0.008270254705474909,0.0,0.0,29.511692589581425,23.49980523207632,37.8,15.399999999999999,680,679,0,6,40081,7580,11.584792635936893,11.584792635936893,0.3064759956597062,True,True,0.5,36.532906866327174,JUNCTION_REGION,True,True,True,98.52432729285471,175.72502732052487,True,2.4876796030831447,4.169061947253194,-54.15916022938909,-0.010294117647058815,0.20430107526881724,0.10752688172043011,0.2877284992209174,0.07092198581560283,0.06666666666666667,1.0418280895445617,0.32212207463630615,0.14418272873346832,1.1401331792614713,0.2902885803606954,0.1574597078542893,77.99947333097333,703.7097736498034,76.44485386200789,0.14705882352941177,1.0,0.0,77.39117647058823,33.0,0.05190502225289483,0.059716571272500886,0.012338797689551723,1.0882281570085766,0.2305720090881945,0.14512091016473758,10,74,1.4000000000000001,True,True,True,True,True,True,True,1.4000000000000001,1.4000000000000001,3.3000000000000003,1.2000000000000002,93
M1_CROSS_BASELINE,local_forward,210,3.516666666666659,LOCAL_FORWARD,675,-1.4,-56.14,-1.1199999999999917,218,1419.7472854774871,197.65873975846978,88.25967069003225,29.141966549613944,2.81728707260042,30.010722094713195,27,3044.9568489924004,197.65873975846975,90.20397091627386,30.713599930244953,6.4988193948950554,114.07945537072789,5,True,True,0.0,0.0007725623033985812,0.9999997015736992,23.250308716429856,22.08823529411765,24.0,6.544722377875185,4.85906092376805,1,1.0,96,0.1411764705882353,4,0.90625,0.052083333333333336,0.989247311827957,197.65873975846978,211.05000964707466,357.1680970260224,6690.26563349066,0.05644110930365556,0.950354609929078,0.9361702127659575,69.5711780941128,62.348181800449524,0.8772034472457267,55.0,0.9688470304514755,0,6885,0,0,39.341587105346086,28.269931199916837,2.437727502228699,4.85906092376805,0,0.0,197.6588054115638,211.03558178908918,0.03564647302211497,0.008306708952767323,0.0,0.0,29.672440681375807,23.172757054392637,37.8,15.399999999999999,680,679,0,6,39691,7520,11.425854966681937,11.425854966681937,0.3022712954148661,True,True,0.5154831991653789,34.822006077305105,JUNCTION_REGION,True,True,True,101.24458869737131,179.2457694223096,True,2.534103517850038,4.327006619788264,-53.19454514557803,-0.0058823529411764774,0.09375,0.052083333333333336,0.2854102534868696,0.06382978723404253,0.06111111111111111,1.0801458169532885,0.15171568627450982,0.13139987854816348,1.11013949810738,0.2210021333176026,0.1444297932012264,77.99947333097333,703.7097736498034,76.44485386200789,0.14705882352941177,1.0,0.0,77.39117647058823,33.0,0.05190502225289483,0.059716571272500886,0.012338797689551723,1.0582344758544853,0.16128556204510172,0.13209099551167466,5,87,1.5,True,True,True,True,True,True,True,1.5,1.5,3.4000000000000004,1.3,96
M1_CROSS_BASELINE,local_forward,216,3.6166666666666587,LOCAL_FORWARD,675,-1.4,-56.14,-1.1199999999999917,218,1269.1308345428595,201.3460393116277,89.78160997618973,30.341878161569927,2.3571930489237487,24.195605863569586,27,3159.295302139071,201.34603931162772,93.14273421551584,30.68954052846806,6.5718660440317445,117.20227887282833,5,True,True,0.0,0.00017046670046688242,0.9999999854705519,23.250484028333528,21.83823529411765,23.0,6.489607742423192,4.911688326144403,1,1.0,98,0.14411764705882352,3,0.9387755102040817,0.05102040816326531,0.9791666666666666,201.34603931162772,212.0878583454488,355.5674785736523,6699.840675940211,0.04124604549248352,0.9574468085106383,0.9432624113475178,66.1059432826594,59.20903104506564,0.8659490496674029,53.0,0.9666504774573972,0,7139,0,0,40.75107068152784,28.128025400800684,2.188361494269602,4.911688326144403,1,0.05163850573039763,201.34604370804672,212.08465778861654,0.03541444587709815,0.008357549871681406,0.0,0.0,29.50660100604919,22.134294900787822,37.8,15.399999999999999,680,679,0,6,39317,7442,11.179483117673959,11.179483117673959,0.29575352163158625,True,True,0.5627928938600815,34.23666110776741,JUNCTION_REGION,True,True,True,103.94719787515193,182.67668896406505,True,2.581376908242198,4.4894861780209885,-53.19436983367436,-0.0029411764705882526,0.061224489795918324,0.05102040816326531,0.2821799110705735,0.05673758865248224,0.05555555555555555,1.1188407627806738,0.11518607442977188,0.11873748072442045,1.114490130444027,0.16809410387368723,0.13158363696282344,77.99947333097333,703.7097736498034,76.44485386200789,0.14705882352941177,1.0,0.0,77.39117647058823,33.0,0.05190502225289483,0.059716571272500886,0.012338797689551723,1.0625851081911322,0.10837753260118635,0.11924483927327172,5,92,1.6,True,True,True,True,True,True,True,1.6,1.6,3.5,1.4000000000000001,98
M1_CROSS_BASELINE,local_forward,222,3.7166666666666583,LOCAL_FORWARD,675,-1.4,-56.14,-1.1199999999999917,218,1164.7625991668224,205.17015082416262,91.03126520297425,31.06660942000966,2.0131775687651885,20.148260503347707,27,3277.6393004212464,205.17015082416265,96.18417709610327,30.722398045557885,6.6322702611577835,120.6255041639307,5,True,True,0.0,-0.0005790634887333366,0.999999832342724,23.727621404596096,21.591176470588234,23.0,6.463966531611941,4.95486159664723,1,1.0,97,0.1426470588235294,4,0.7319587628865979,0.20618556701030927,0.9795918367346939,205.17015082416262,213.11409878925798,355.9130339092114,6838.165250791497,0.032882950142701,0.9645390070921985,0.950354609929078,62.59940616023965,55.82725752816482,0.8487981831449214,51.0,0.9864549162352816,0,7407,0,0,42.78986607169732,27.982374760350787,1.8039860800484613,4.95486159664723,2,0.4360139199515385,205.17018022564648,213.12503761745086,0.03520958194971407,0.008428226796983818,0.0,0.0,29.112298449213935,22.009895582395803,37.8,15.399999999999999,680,679,0,6,38985,7359,10.982647350804442,10.982647350804442,0.29054622621175774,True,True,0.6002465300144303,34.97167062700324,JUNCTION_REGION,True,True,True,106.63418720454501,186.1492422684213,True,2.630404309956927,4.657657777611516,-52.7172324574118,-0.004411764705882365,0.2680412371134021,0.20618556701030927,0.27898757268270435,0.049645390070921946,0.05,1.1581607395213909,0.47863856882959377,0.10622175617915716,1.1363254349827088,0.32336633635164047,0.1189026965709903,77.99947333097333,703.7097736498034,76.44485386200789,0.14705882352941177,1.0,0.0,77.39117647058823,33.0,0.05190502225289483,0.059716571272500886,0.012338797689551723,1.084420412729814,0.26364976507913956,0.10656389888143858,20,71,1.7000000000000002,True,True,True,True,True,True,True,1.7000000000000002,1.7000000000000002,3.6,1.5,97
M1_CROSS_BASELINE,local_forward,228,3.816666666666658,LOCAL_FORWARD,675,-1.4,-56.14,-1.1199999999999917,218,1147.8909154526345,209.14746738580516,93.66579055567644,31.395756954460495,1.9385526852359445,19.495015621414588,26,3258.5654322200853,209.1474673858052,99.368772499284,31.314134285154328,6.238712876863375,116.4428694854987,5,True,True,0.0,-0.0003212629033135096,0.9999999483950722,23.854625048301795,21.435294117647057,22.0,6.436928494468971,4.9911365345580405,1,1.0,98,0.14411764705882352,4,0.8163265306122449,0.12244897959183673,1.0,209.14746738580516,214.24857926987258,351.8445607765075,6913.52183533015,0.015208443414431753,0.9716312056737588,0.9574468085106383,58.95927168862374,52.17659699203712,0.8397101606819962,49.0,1.0308594928146826,0,7683,0,0,39.55867137604591,27.796693876741532,1.6557029820461484,4.9911365345580405,2,0.5842970179538514,209.14747540663973,214.25465019113926,0.03505161450089199,0.00853288428970131,0.0,0.0,29.28086102699149,21.263039777947125,37.8,15.399999999999999,680,679,0,7,38572,7298,10.919812435677684,10.919812435677684,0.28888392686978004,True,True,0.6121033911441524,36.42894257918195,JUNCTION_REGION,True,True,True,109.30193433689564,189.75403445814698,True,2.6813958922303827,4.630553040807543,-52.59022881370609,-0.0029411764705882526,0.18367346938775508,0.12244897959183673,0.27697335917607263,0.04255319148936165,0.044444444444444446,1.1518719852276398,0.30906362545018007,0.09387003255257066,1.1440987101051743,0.31621498090091027,0.10638636456178048,77.99947333097333,703.7097736498034,76.44485386200789,0.14705882352941177,1.0,0.0,77.39117647058823,33.0,0.05190502225289483,0.059716571272500886,0.012338797689551723,1.0921936878522795,0.25649840962840936,0.09404756687222876,12,80,1.8,True,True,True,True,True,True,True,1.8,1.8,3.7,1.6,98
M1_CROSS_BASELINE,local_forward,234,3.9166666666666576,LOCAL_FORWARD,675,-1.4,-56.14,-1.1199999999999917,218,1151.648244766957,213.20180281372737,96.58850649265929,31.49481616123734,1.8882626423983122,19.084616931442156,26,3376.2211707873876,213.2018028137274,102.68312014138584,31.355959300574384,6.1462249386843,114.04260572913239,5,True,True,0.0,-0.0007404878123829363,0.9999997258388623,24.48529438912487,21.24705882352941,22.0,6.447354007840903,5.034488291755402,1,1.0,101,0.14852941176470588,5,0.7722772277227723,0.1188118811881188,1.0,213.20180281372737,215.47452363826042,352.403802155126,6897.734420715582,0.017519491369612634,0.9787234042553191,0.9645390070921985,55.177455398241655,48.175743311420334,0.8285085948011802,47.0,1.079430954916205,0,7950,0,0,39.408697910000875,27.58642073344185,2.191532002143657,5.034488291755403,1,0.048467997856342926,213.20185487565612,215.48857309220205,0.0348987133650609,0.008625220710339816,0.0,0.0,29.484201460252176,21.898121763200038,37.8,15.399999999999999,680,679,0,6,38203,7245,10.993773720749122,10.993773720749122,0.2908405746229927,True,True,0.5981413451215125,37.755536566389125,JUNCTION_REGION,True,True,True,111.94854404505217,193.49887093787845,True,2.7333749025336775,4.797746595555375,-51.959559472883015,0.0014705882352941124,0.2277227722772277,0.1188118811881188,0.2745411013567438,0.03546099290780147,0.03888888888888889,1.1903759027973657,0.3480052417006406,0.08154608816279839,1.16723730645127,0.33211011130077545,0.09396622636228943,77.99947333097333,703.7097736498034,76.44485386200789,0.14705882352941177,1.0,0.0,77.39117647058823,33.0,0.05190502225289483,0.059716571272500886,0.012338797689551723,1.1153322841983753,0.27239354002827454,0.08162742867273771,12,78,1.9000000000000001,True,True,True,True,True,True,True,1.9000000000000001,1.9000000000000001,3.8000000000000003,1.7000000000000002,101
M1_CROSS_BASELINE,local_forward,240,4.016666666666658,LOCAL_FORWARD,675,-1.4,-56.14,-1.1199999999999917,218,758.9591645337011,149.64298438806475,100.30416563129567,33.43524491070398,1.1699739118711292,7.249224692064887,26,3493.870759194324,217.22594574808613,106.21880225034252,31.14157338195669,6.009603961548711,109.52490124606811,5,True,True,0.0,-0.0005423551937499398,0.999999852925411,25.23044615700861,21.126470588235293,22.0,6.515718949249234,5.0823621411583275,1,1.0,103,0.1514705882352941,3,0.941747572815534,0.04854368932038835,0.9900990099009901,217.22594574808613,216.74429263465936,352.8685978137538,6927.389617513115,0.021493344640162775,0.9858156028368794,0.9645390070921985,51.31331344055419,45.38495410636895,0.8166684804129009,46.0,1.0112379778694032,0,8233,0,0,38.38671051299329,27.367656394591208,2.6252053798711468,5.0823621411583275,0,0.0,217.22597301647625,216.75458840657382,0.034771762523743636,0.008774415189790172,0.0,0.0,29.470962332986165,21.46946632065649,37.8,15.399999999999999,680,679,0,6,37873,7178,11.16198991275525,11.16198991275525,0.29529073843267856,True,True,0.5661373482212617,38.37447542337176,JUNCTION_REGION,True,True,True,114.5689466360141,197.32557921019725,True,2.78496682697249,4.964931410677019,-51.214407704999275,0.004411764705882337,0.058252427184465994,0.04854368932038835,0.27298293619123626,0.03546099290780147,0.03611111111111111,1.228212604460584,0.11120788121073669,0.07831369053804194,1.1977249554559268,0.22165899625575608,0.08613995845016569,77.99947333097333,703.7097736498034,76.44485386200789,0.14705882352941177,1.0,0.0,77.39117647058823,33.0,0.05190502225289483,0.059716571272500886,0.012338797689551723,1.145819933203032,0.1619424249832552,0.07380116076061397,5,97,2.0,True,True,True,True,True,True,True,2.0,2.0,3.9000000000000004,1.8,103
M1_CROSS_BASELINE,local_forward,246,4.116666666666657,LOCAL_FORWARD,675,-1.4,-56.14,-1.1199999999999917,218,763.2539031596365,151.39867026767752,104.07927621158959,33.705452024258335,1.0169595769950228,6.296920736144559,26,3610.6359915634125,221.10595434565903,110.04347099700135,30.93355209429829,5.823525352974002,102.92171509938765,5,True,True,0.0,-0.001089439967038343,0.9999994065601029,26.456545449676728,21.04705882352941,21.0,6.495755867538237,5.124978632931292,1,1.0,101,0.14852941176470588,4,0.801980198019802,0.13861386138613863,0.970873786407767,221.10595434565906,217.95080695000536,353.29046256736365,7152.253848868017,0.02103070378717174,0.9858156028368794,0.9716312056737588,47.45708303339518,43.78603201464645,0.8033986059813183,45.0,1.061463615844876,0,8527,0,0,38.098242827318664,27.190077713762868,2.61072409248556,5.124978632931292,0,0.0,221.10607615795305,217.95888587375106,0.034643251698559654,0.008888281596047449,0.0,0.0,29.5198385262877,20.00969856732587,37.8,15.399999999999999,680,679,0,7,37562,7162,11.331266575539505,11.331266575539505,0.2997689570248547,True,True,0.5336819828633216,38.060134456552355,JUNCTION_REGION,True,True,True,117.16874577748266,201.14436361768048,True,2.8347108628214106,5.130859520163808,-49.988308412331165,0.0014705882352941124,0.19801980198019797,0.13861386138613863,0.2719568274237069,0.028368794326241176,0.03333333333333333,1.2651400663455248,0.3381042516016307,0.06877855176520702,1.2314325109007258,0.2798816239286934,0.07745925510768635,77.99947333097333,703.7097736498034,76.44485386200789,0.14705882352941177,1.0,0.0,77.39117647058823,33.0,0.05190502225289483,0.059716571272500886,0.012338797689551723,1.179527488647831,0.22016505265619254,0.06512045741813463,14,81,2.1,True,True,True,True,True,True,True,2.1,2.1,4.0,1.9000000000000001,101
M1_CROSS_BASELINE,local_forward,252,4.216666666666657,LOCAL_FORWARD,675,-1.4,-56.14,-1.1199999999999917,218,562.8824057759869,81.86552052142486,105.59809567857496,34.670750081215196,0.643250695825483,1.0141870845604826,26,3725.592725236893,224.7474283650773,113.68149321794179,30.688240945186998,5.6224437191914465,95.69041822967361,5,True,True,0.0,-0.002445985655553938,0.9999970085726121,26.959095141968703,20.93235294117647,21.0,6.504849801052754,5.157370572062338,1,1.0,105,0.15441176470588236,4,0.8761904761904762,0.06666666666666667,1.0,224.7474283650773,219.1402551172635,353.6982732036069,7155.015369086939,0.04900734579376088,0.9929078014184397,0.9787234042553191,43.68920448276131,38.97144603647675,0.7918808817239752,43.0,1.1985670872487646,0,8826,0,0,39.53644332850064,27.054490620355068,2.3465620659670656,5.157370572062338,0,0.0,224.748079576013,219.08306265256402,0.034520955010330444,0.008971751172022587,0.0,0.0,29.580454365144895,20.30178787470595,37.8,15.399999999999999,680,679,0,7,37270,7121,11.420927967324635,11.420927967324635,0.30214095151652476,True,True,0.5164317900335417,37.02741274710386,JUNCTION_REGION,True,True,True,119.75116633727637,204.87564802094954,True,2.881396742403783,5.294217679987645,-49.485758720039186,0.00735294117647059,0.12380952380952381,0.06666666666666667,0.2704746703150534,0.021276595744680882,0.027777777777777776,1.3009167042697665,0.19782913165266106,0.05704482077078375,1.266174607585246,0.23885537779067723,0.06725203793923505,77.99947333097333,703.7097736498034,76.44485386200789,0.14705882352941177,1.0,0.0,77.39117647058823,33.0,0.05190502225289483,0.059716571272500886,0.012338797689551723,1.2142695853323513,0.17913880651817635,0.05491324024968333,7,92,2.2,True,True,True,True,True,True,True,2.2,2.2,4.1000000000000005,2.0,105
M1_CROSS_BASELINE,local_forward,258,4.316666666666657,LOCAL_FORWARD,675,-1.4,-56.14,-1.1199999999999917,218,565.971966620778,81.88961734621498,105.96294225192179,34.79089761136732,0.580580084175179,0.7188038999586625,26,3838.146835136491,228.18967367783696,117.33473452611415,30.43799069821993,5.435172506930546,89.41273253602422,5,True,True,0.0,-0.002282036484301331,0.9999973961513521,27.206740513856708,20.847058823529412,21.0,6.491407682654213,5.183189582708436,1,1.0,108,0.1588235294117647,3,0.8518518518518519,0.1388888888888889,0.9904761904761905,228.189673677837,220.133043048856,354.1368235840778,7208.488456124832,0.05683118709559298,1.0,0.9858156028368794,40.04235483350846,33.683669052309796,0.7871498342407727,41.0,1.2065738660252907,0,9135,0,0,42.07151409170844,26.905522976475876,2.1170963079914378,5.183189582708435,1,0.122903692008562,228.19024815881298,220.07952544406254,0.03440229961727886,0.009030296824081284,0.0,0.0,29.78302984912157,20.38068506109065,37.8,15.399999999999999,680,679,0,7,37004,7087,11.406347374734109,11.406347374734109,0.3017552215538124,True,True,0.5192386588016374,35.812193294150696,JUNCTION_REGION,True,True,True,122.3199324250791,208.486700662752,True,2.925528390551627,5.45416161442504,-49.23811334815118,0.011764705882352927,0.14814814814814814,0.1388888888888889,0.26937255349067,0.014184397163120588,0.022222222222222223,1.3354146557785063,0.29880174291939,0.044450445158844755,1.3007946316818761,0.2688285603550336,0.05585124154903991,77.99947333097333,703.7097736498034,76.44485386200789,0.14705882352941177,1.0,0.0,77.39117647058823,33.0,0.05190502225289483,0.059716571272500886,0.012338797689551723,1.2488896094289814,0.20911198908253273,0.04351244385948819,15,92,2.3000000000000003,True,True,True,True,True,True,True,2.3000000000000003,2.3000000000000003,4.2,2.1,108
M1_CROSS_BASELINE,local_forward,264,4.416666666666656,LOCAL_FORWARD,675,-1.4,-56.14,-1.1199999999999917,218,563.9828840987708,81.81954165524724,106.20858037527589,34.86087789125528,0.5601374068301441,0.7653852058695462,18,5455.28132721386,231.5387700787217,120.97204528897609,27.382315893499293,7.486675078482613,120.85097379188485,4,True,True,0.0,-0.001287317333101337,0.9999991714066988,27.052953011540126,20.761764705882353,21.0,6.547272207293766,5.205010631905217,1,1.0,109,0.16029411764705884,3,0.8532110091743119,0.13761467889908258,0.9907407407407407,231.5387700787217,220.97447533298248,354.5953106974198,7289.762876452504,0.06549182052798423,1.0,0.9858156028368794,36.49014676680905,33.6953384245417,0.7794178375945595,41.0,1.0717294462297324,0,9449,0,0,37.51292782054517,26.72152061015848,1.7974481030286649,5.205010631905217,1,0.4425518969713349,231.53895082197107,220.9440788095227,0.0343214954720699,0.009127122412576941,0.0,0.0,30.061269068255076,19.705220278528714,37.8,15.399999999999999,680,679,0,7,36672,7061,11.300362592188815,11.300362592188815,0.29895139132774645,True,True,0.539620326191447,35.008373743980435,JUNCTION_REGION,True,True,True,124.87225625829461,212.00418673820354,True,2.968465813816956,7.752175018004859,-49.39190085046776,0.013235294117647067,0.14678899082568808,0.13761467889908258,0.26827043666628664,0.014184397163120588,0.022222222222222223,1.7842727987761648,0.2976389638424177,0.0435514823602077,1.5425337152290206,0.28323376209872564,0.0497013619546238,77.99947333097333,703.7097736498034,76.44485386200789,0.14705882352941177,1.0,0.0,77.39117647058823,33.0,0.05190502225289483,0.059716571272500886,0.012338797689551723,1.4906286929761259,0.22351719082622476,0.037362564265072076,15,93,2.4000000000000004,True,True,True,True,True,True,True,2.4000000000000004,2.4000000000000004,4.3,2.2,109
M1_CROSS_BASELINE,local_forward,270,4.516666666666656,LOCAL_FORWARD,675,-1.4,-56.14,-1.1199999999999917,218,566.696337342745,81.79640618313393,106.40225136396322,34.911078412624676,0.5533468815457936,0.7417719936954519,18,5611.4369244043455,234.80700267450595,124.51382632695336,27.150906739751807,7.275005045326255,114.51947524913209,4,True,True,0.0,-0.000958958312545324,0.9999995401993717,27.957358680357537,20.705882352941178,21.0,6.539605185801293,5.225021824261698,1,1.0,110,0.16176470588235295,3,0.8454545454545455,0.14545454545454545,0.9908256880733946,234.80700267450592,221.76146541771897,545.8539720431938,7381.2470602098365,0.07425546481222084,1.0,0.9929078014184397,32.96253838958699,27.83396744829524,0.77335964562993,39.0,1.2970403555591041,0,9766,0,0,37.8904300984784,26.550774076862485,1.50913387747304,5.225021824261699,1,0.7308661225269597,234.80710236402368,221.73873871446165,0.03424510992245346,0.009202857382847594,0.0,0.0,30.188793161530896,19.718120703385676,37.8,15.399999999999999,680,679,0,7,36352,7049,11.1702781794682,11.1702781794682,0.295510004747836,True,True,0.5645530737279184,34.962958119680074,JUNCTION_REGION,True,True,True,127.40619230866398,215.49734944318504,True,3.0103665146321554,7.974078426253094,-48.48749518165035,0.01470588235294118,0.15454545454545454,0.14545454545454545,0.2675483601261734,0.007092198581560294,0.016666666666666666,1.8238410766636806,0.31470588235294117,0.03240580095195432,1.6831873959463506,0.2989698222258334,0.041053581453289065,77.99947333097333,703.7097736498034,76.44485386200789,0.14705882352941177,1.0,0.0,77.39117647058823,33.0,0.05190502225289483,0.059716571272500886,0.012338797689551723,1.6312823736934559,0.23925325095333252,0.02871478376373734,16,93,2.5,True,True,True,True,True,True,True,2.5,2.5,4.4,2.3000000000000003,110
M1_CROSS_BASELINE,local_forward,276,4.616666666666656,LOCAL_FORWARD,675,-1.4,-56.14,-1.1199999999999917,218,569.6592283841935,81.78421570980659,106.61182298880996,34.94109989326354,0.5455654653142741,0.6916733660142271,18,5766.710503010025,237.98713848706572,128.08916376929236,27.0164678814661,7.130408806421897,109.99512260967032,4,True,True,0.0,-0.0007434581995352024,0.9999997236349146,28.804963951868444,20.602941176470587,21.0,6.510940353793562,5.2453020516640585,1,1.0,112,0.16470588235294117,4,0.7053571428571429,0.14285714285714285,1.0,237.9871384870657,222.56155385966707,1985.8965595152379,7423.090012944889,0.08416014821600044,1.0,0.9929078014184397,29.38868134788937,27.854477127718624,0.7710804701444196,39.0,1.25700203372266,0,10088,0,0,38.268984343513196,26.43728027120468,1.2737677088660013,5.2453020516640585,1,0.9662322911339984,237.9871978430519,222.54387981870326,0.034176041911154226,0.009258796252831195,0.0,0.0,30.653725076713048,19.9974716627004,37.8,15.399999999999999,680,679,0,7,36029,7014,11.090865620532927,11.090865620532927,0.293409143400342,True,True,0.5797063130299835,35.56519686063088,JUNCTION_REGION,True,True,True,129.9233387926211,219.03625808336886,True,3.0511377618823206,8.19472845048162,-47.639889910139445,0.017647058823529405,0.2946428571428571,0.14285714285714285,0.2662182191312279,0.007092198581560294,0.016666666666666666,1.862643612202123,0.45514705882352935,0.03213887880637803,1.7729155040742368,0.3770584405246814,0.03659623012983355,77.99947333097333,703.7097736498034,76.44485386200789,0.14705882352941177,1.0,0.0,77.39117647058823,33.0,0.05190502225289483,0.059716571272500886,0.012338797689551723,1.721010481821342,0.3173418692521805,0.024257432440281824,16,79,2.6,True,True,True,True,True,True,True,2.6,2.6,4.5,2.4000000000000004,112
M1_CROSS_BASELINE,local_forward,282,4.716666666666655,LOCAL_FORWARD,675,-1.4,-56.14,-1.1199999999999917,218,572.256012977998,81.78289572525352,106.92244462054572,34.97301277902128,0.5430010043280701,0.6916092144005345,11,9289.696065309063,241.14169479020404,131.7175687328022,21.160480068692543,11.24644329593467,173.67162930114375,3,True,True,0.0,-0.0007168633504819481,0.9999997430534353,29.325260935526163,20.526470588235295,21.0,6.493834579295395,5.279739688695866,1,1.0,115,0.16911764705882354,3,0.8434782608695652,0.14782608695652175,1.0,241.14169479020399,223.43682154851413,2149.9120159155405,7425.703876648395,0.09014187063321172,1.0,1.0,25.73567620309888,21.32589270039952,0.7691623456748438,37.0,1.5171934255334028,0,10403,0,0,43.333290677776006,26.396773470946872,1.7871736037952506,5.279739688695866,1,0.4528263962047492,241.14175056487164,223.41974415715842,0.03404223382668134,0.00919644142442279,0.0,0.0,30.597112592638684,20.14380836014067,37.8,15.399999999999999,680,679,0,7,35755,6999,11.08728108734906,11.08728108734906,0.2933143144801339,True,True,0.5803888272053838,36.37674532589265,JUNCTION_REGION,True,True,True,132.43339455816587,222.65374488732044,True,3.0915810644896684,13.201033171854196,-47.11959292648173,0.02205882352941177,0.15652173913043477,0.14782608695652175,0.26523011439212557,0.0,0.011111111111111112,2.0915810644896684,0.32640664961636834,0.021225733948000463,1.9322482842819526,0.35173254507052487,0.028910982038917003,77.99947333097333,703.7097736498034,76.44485386200789,0.14705882352941177,1.0,0.0,77.39117647058823,33.0,0.05190502225289483,0.059716571272500886,0.012338797689551723,1.8803432620290579,0.29201597379802396,0.01657218434936528,17,97,2.7,True,True,True,True,True,True,True,2.7,2.7,4.6000000000000005,2.5,115
M1_CROSS_BASELINE,local_forward,288,4.816666666666655,LOCAL_FORWARD,675,-1.4,-56.14,-1.1199999999999917,218,574.6835518481203,81.8503966798518,107.28667338078982,34.99160210209173,0.5278867783311507,0.5936755227465668,11,9541.921545327365,244.2668526987943,135.2934689206272,20.974893273154237,11.041856144696641,166.9283345612041,3,True,True,0.0,-0.0016851329376462677,0.9999985801624833,29.4986330114001,20.41470588235294,20.0,6.410590151457617,5.30916592281932,1,1.0,116,0.17058823529411765,2,0.9913793103448276,0.008620689655172414,0.9826086956521739,244.2668526987943,224.3707894744919,2150.910393919559,7492.356651866248,0.09312282277935396,1.0,1.0,22.016071273666874,21.28011281294863,0.7691716672434504,37.0,1.5744563430221226,0,10726,0,0,43.8184526201322,26.41377725932405,2.3989918246952397,5.309165922819321,0,0.0,244.2671849773476,224.33075777983495,0.033893480939011636,0.009102131815120816,0.0,0.0,30.363637488784125,19.83113350909267,37.8,15.399999999999999,680,679,0,7,35420,6946,11.15065846471645,11.15065846471645,0.2949909646750384,True,True,0.5683023414452184,36.966378698357595,JUNCTION_REGION,True,True,True,134.9415573404963,226.33763310662943,True,3.131647462057885,13.559455762335112,-46.94622085060779,0.023529411764705882,0.008620689655172376,0.008620689655172414,0.2637859613118991,0.0,0.011111111111111112,2.131647462057885,0.040770791075050675,0.021607486731258597,2.0319478731699188,0.19625166807278777,0.0252592343850878,77.99947333097333,703.7097736498034,76.44485386200789,0.14705882352941177,1.0,0.0,77.39117647058823,33.0,0.05190502225289483,0.059716571272500886,0.012338797689551723,1.980042850917024,0.1365350968002869,0.012920436695536077,1,115,2.8000000000000003,True,True,True,True,True,True,True,2.8000000000000003,2.8000000000000003,4.7,2.6,116
M1_CROSS_BASELINE,local_forward,294,4.9166666666666545,LOCAL_FORWARD,675,-1.4,-56.14,-1.1199999999999917,218,577.0431410809304,81.84102474953494,107.66588850297174,35.035689144760035,0.49822297942341043,0.49964202622255827,11,9791.853346874386,247.30824539345724,139.03569405861484,20.70155939099244,10.755970486206664,158.70895027571882,3,True,True,0.0,-0.0013269830689023917,0.9999991195575799,29.89045541346761,20.35,21.0,6.307173786766192,5.325978532416072,1,1.0,119,0.175,2,0.9915966386554622,0.008403361344537815,0.9913793103448276,247.30824539345724,225.26385859656472,2151.7914083082724,7560.380234788922,0.10843068831196591,1.0,1.0,18.271141644417177,14.20033727958986,0.7730233761074856,35.0,1.8407414875275492,0,11062,0,0,39.79617443942006,26.32878486069634,2.3595978278654504,5.325978532416072,0,0.0,247.30845168365556,225.23223468565413,0.03375489605775672,0.009021222632940253,0.0,0.0,30.647966799977194,20.20721127213611,37.8,15.399999999999999,680,679,0,7,35125,6930,11.249337944941496,11.249337944941496,0.2976015329349602,True,True,0.5494136573515629,37.09179240558616,JUNCTION_REGION,True,True,True,137.44639330990654,230.04644818094874,True,3.170639939375744,13.914618943103152,-46.55439844854028,0.02794117647058822,0.008403361344537785,0.008403361344537815,0.26294987268650477,0.0,0.005555555555555556,2.170639939375744,0.04474789915966382,0.017827165472405884,2.101293906272831,0.12049978361622579,0.021543199928746842,77.99947333097333,703.7097736498034,76.44485386200789,0.14705882352941177,1.0,0.0,77.39117647058823,33.0,0.05190502225289483,0.059716571272500886,0.012338797689551723,2.0493888840199364,0.060783212343724906,0.009204402239195119,1,118,2.9000000000000004,True,True,True,True,True,True,True,2.9000000000000004,2.9000000000000004,4.800000000000001,2.7,119
M1_CROSS_BASELINE,local_forward,300,5.016666666666654,LOCAL_FORWARD,675,-1.4,-56.14,-1.1199999999999917,218,579.0216088537059,81.78918486712601,108.0107743176582,35.07519323227252,0.4735100606798109,0.45707408774596153,11,10038.360798913165,250.27448996790292,142.79670799147956,20.35014991913023,10.469587605862069,150.59253966574246,3,True,True,0.0,-0.0005625314198014082,0.9999998417791885,30.15535836025709,20.24705882352941,20.0,6.265274760141745,5.336452644821248,1,1.0,119,0.175,2,0.9915966386554622,0.008403361344537815,0.9915966386554622,250.27448996790292,226.0968504660682,2152.593954401534,7684.765932586242,0.11252349491288402,1.0,1.0,14.551365291858877,14.217443298026268,0.7788380000395828,35.0,1.9695174673414246,0,11409,0,0,38.26615898981089,26.1738298635269,2.332463419239513,5.336452644821248,0,0.0,250.2745247124083,226.08337780710917,0.03365153483765858,0.008982969279619876,0.0,0.0,30.779840764304552,19.554954280886363,37.8,15.399999999999999,680,679,0,7,34832,6884,11.34084062901362,11.34084062901362,0.3000222388627942,True,True,0.5318413876758017,36.71963669429851,JUNCTION_REGION,True,True,True,139.9393245525018,233.73015371186216,True,3.208668972749586,14.264915984964976,-46.2894955017508,0.02794117647058822,0.008403361344537785,0.008403361344537815,0.2616197316915593,0.0,0.005555555555555556,2.208668972749586,0.04474789915966382,0.018685672004498388,2.1549814395112086,0.0826238413879448,0.020114435966622615,77.99947333097333,703.7097736498034,76.44485386200789,0.14705882352941177,1.0,0.0,77.39117647058823,33.0,0.05190502225289483,0.059716571272500886,0.012338797689551723,2.103076417258314,0.02290727011544392,0.007775638277070892,1,118,3.0,True,True,True,True,True,True,True,3.0,3.0,4.9,2.8000000000000003,119
M1_CROSS_BASELINE,local_forward,306,5.116666666666654,LOCAL_FORWARD,675,-1.4,-56.14,-1.1199999999999917,218,586.4171868356248,81.75568348423695,108.26735603705193,35.10461941271388,0.47078943650499294,0.46152297552411214,11,10282.164008849259,253.1646667312856,146.47983390876135,20.075712697256556,10.255939504235075,144.4553558626051,3,True,True,0.0,6.431428312976743e-05,0.9999999979318364,30.81467733283829,20.123529411764707,20.0,6.191505510328572,5.347519163933728,1,1.0,118,0.17352941176470588,3,0.8220338983050848,0.1694915254237288,0.9915966386554622,253.1646667312856,226.84020714862305,2153.3517696633876,7884.949344971894,0.11022149208617453,1.0,1.0,10.895589575062136,8.261319632859028,0.7876501371875321,33.0,2.2498410244376736,0,11764,0,0,36.944442000676496,26.026419224903993,2.337145166983711,5.347519163933729,0,0.0,253.16466780984516,226.8417546016134,0.03356666939213291,0.008963601591983296,0.0,0.0,30.882202574214453,19.458111437705707,37.8,15.399999999999999,680,679,0,7,34570,6849,11.386544315666395,11.386544315666395,0.3012313311022856,True,True,0.5230500105990362,36.01451808045677,JUNCTION_REGION,True,True,True,142.41973689953986,237.35036388738507,True,3.245722771191517,14.61137018961756,-45.6301765291696,0.026470588235294107,0.17796610169491522,0.1694915254237288,0.26002356249762476,0.0,0.0,2.245722771191517,0.37392821535393816,0.014998940162917824,2.200352105351363,0.2282760283709415,0.017556688064770218,77.99947333097333,703.7097736498034,76.44485386200789,0.14705882352941177,1.0,0.0,77.39117647058823,33.0,0.05190502225289483,0.059716571272500886,0.012338797689551723,2.148447083098468,0.1685594570984406,0.0052178903752184945,20,97,3.1,True,True,True,True,True,True,True,3.1,3.1,5.0,2.9000000000000004,118
M1_CROSS_BASELINE,local_forward,312,5.2166666666666535,LOCAL_FORWARD,675,-1.4,-56.14,-1.1199999999999917,218,588.285097151198,81.76305304990635,108.4722654612421,35.087909407884936,0.45877422060881035,0.4562200284188348,11,10524.148743643378,255.97215024673812,149.99770373657225,19.82751026976243,10.075331467634022,139.3019889871731,3,True,True,0.0,-0.0001786189891096697,0.9999999840476281,30.95281419525432,20.038235294117648,20.0,6.111585656665079,5.358278730789754,1,1.0,120,0.17647058823529413,3,0.6583333333333333,0.175,0.9915254237288136,255.97215024673812,227.4911445569241,2514.0828113487883,8030.352082336612,0.09598639471694699,1.0,1.0,7.313734800782358,8.252326047289756,0.7995676353545341,33.0,2.5439854483070303,0,12118,0,0,37.102589753771184,25.928355119783127,2.339281544306585,5.358278730789754,0,0.0,255.97215278878215,227.4868420579728,0.033480067276709595,0.00892871598700536,0.0,0.0,31.158295689358173,19.248413923224533,37.8,15.399999999999999,680,679,0,7,34329,6822,11.366215772736876,11.366215772736876,0.300693538961293,True,True,0.5269612559720255,35.29833044418441,JUNCTION_REGION,True,True,True,144.88941677798462,240.89722829787644,True,3.281716392629698,14.955240267674117,-45.49203966675357,0.02941176470588236,0.3416666666666667,0.175,0.2589214456732414,0.0,0.0,2.281716392629698,0.546078431372549,0.016959902988713537,2.2410342489905304,0.38717722987174524,0.01725829552674188,77.99947333097333,703.7097736498034,76.44485386200789,0.14705882352941177,1.0,0.0,77.39117647058823,33.0,0.05190502225289483,0.059716571272500886,0.012338797689551723,2.1891292267376357,0.32746065859924434,0.004919497837190156,21,79,3.2,True,True,True,True,True,True,True,3.2,3.2,5.1000000000000005,3.0,120
M1_CROSS_BASELINE,local_forward,318,5.316666666666653,LOCAL_FORWARD,675,-1.4,-56.14,-1.1199999999999917,218,584.5711235784593,81.78783938827394,108.62628773732418,35.06283070771433,0.44555047497885986,0.4422161136892723,11,10764.46756149214,258.7289068540982,153.44840017018757,19.57611416485053,9.894101562905833,134.13865210344318,3,True,True,0.0,-0.0005462377773130881,0.9999998508121342,31.807152870856562,19.908823529411766,20.0,6.052751812049615,5.366870771853667,1,1.0,120,0.17647058823529413,3,0.6583333333333333,0.175,0.9916666666666667,258.7289068540982,228.06833124815438,2514.7660224057117,8164.408374628832,0.09726308097665678,1.0,1.0,3.78142719408715,8.245941738399296,0.8139738594252814,33.0,3.0621359114628244,0,12478,0,0,37.67746161461191,25.870564399139123,2.3379358502320065,5.366870771853668,0,0.0,258.72894073978296,228.05514170069873,0.03338040958132053,0.008868255975427189,0.0,0.0,31.34084596354263,20.350736675,37.8,15.399999999999999,680,679,0,7,34063,6781,11.298544860102677,11.298544860102677,0.2989033031773195,True,True,0.5399694635653253,34.90392377198473,JUNCTION_REGION,True,True,True,147.35005550866674,244.39520335645335,True,3.317059664701067,15.296743010491435,-44.63770099115133,0.02941176470588236,0.3416666666666667,0.175,0.25724926842245277,0.0,0.0,2.317059664701067,0.546078431372549,0.020414239409752163,2.2790469568457987,0.4666278306221471,0.01883626746824702,77.99947333097333,703.7097736498034,76.44485386200789,0.14705882352941177,1.0,0.0,77.39117647058823,33.0,0.05190502225289483,0.059716571272500886,0.012338797689551723,2.227141934592904,0.40691125934964617,0.006497469778695298,21,79,3.3000000000000003,True,True,True,True,True,True,True,3.3000000000000003,3.3000000000000003,5.2,3.1,120
M1_CROSS_BASELINE,local_forward,324,5.416666666666653,LOCAL_FORWARD,675,-1.4,-56.14,-1.1199999999999917,218,591.9145782596187,81.76643477182608,107.46707224839017,34.91393568523071,0.43889860514486423,0.4408448092418386,8,15121.841063719743,261.45028160194863,6.113179164336961,13.290307428317913,13.290221062292659,176.9600518519768,2,True,False,0.0,-0.0002283743747368688,0.999999973922572,32.6019504884011,19.805882352941175,20.0,5.910655441731065,5.377019478767589,1,1.0,118,0.17352941176470588,1,1.0,0.0,0.9666666666666667,261.4502816019487,227.3694824006588,2522.2581052596643,8361.444939402701,0.09543621408573331,1.0,1.0,1.519255470368303,14.587435423588435,0.8251480871865232,33.0,2.489696752760474,0,12851,0,0,37.69453473826539,25.893102149624163,1.731284973545186,5.377019478767588,1,0.5087150264548137,261.4502864492372,227.36391765228473,0.03323180572571771,0.008721502239652118,0.0,0.0,30.9004441200319,20.54493270822448,37.8,15.399999999999999,680,679,0,7,33833,6743,10.67386285712949,10.67386285712949,0.28237732426268497,True,True,0.6578890193535827,-6.29317411285892,JUNCTION_REGION,True,True,True,149.81304456223063,246.6354615032596,True,3.3519493201260833,21.488746682158528,-43.84290337360679,0.026470588235294107,0.0,0.0,0.2559191274275073,0.0,0.0,2.3519493201260833,0.026470588235294107,0.016597978351736493,2.3154981384859408,0.2465492094287206,0.017717122909991757,77.99947333097333,703.7097736498034,76.44485386200789,0.14705882352941177,1.0,0.0,77.39117647058823,33.0,0.05190502225289483,0.059716571272500886,0.012338797689551723,2.263593116233046,0.18683263815621973,0.005378325220440034,0,118,3.4000000000000004,True,True,True,True,True,True,True,3.4000000000000004,3.4000000000000004,5.300000000000001,3.2,118
M1_CROSS_BASELINE,local_forward,330,5.516666666666652,LOCAL_FORWARD,675,-1.4,-56.14,-1.1199999999999917,218,586.0392041670881,81.78042497370402,104.38313696706084,34.85586188471532,0.4301816276984129,0.40229949959918726,14,8846.422675163043,264.12437750912494,155.92739497617353,19.708932397004364,7.78053104068298,97.41107568682624,3,True,True,0.0,-0.0004337754716557623,0.9999999059194158,32.78412814283832,19.723529411764705,20.0,5.848833912113413,5.388248810577042,1,1.0,121,0.17794117647058824,1,1.0,0.0,0.9915254237288136,264.12437750912494,224.72175665001419,2885.9895045654093,8484.437343743055,0.07212707474615236,1.0,0.9929078014184397,1.264781077200332,13.890613108115055,0.8265295118892848,32.0,3.157614768137152,0,13240,0,0,40.570795151278766,25.822417365069718,1.2557284912456788,5.388248810577042,2,0.984271508754321,264.12439861501605,224.71112112901466,0.03311190155291096,0.008611264250719466,0.0,0.0,31.434746578737094,21.233474894178244,37.8,15.399999999999999,680,679,0,7,33528,6713,7.769419935814178,7.769419935814178,0.20554020994217403,True,True,0.9987982676603926,-2.6401245743657547,JUNCTION_REGION,True,True,True,152.2718821311983,246.8868263909003,True,3.386232832475319,12.571123787695761,-43.66072571916957,0.030882352941176472,0.0,0.0,0.2548550146315509,0.007092198581560294,0.0,2.386232832475319,0.030882352941176472,0.02814296370247464,2.3508654854806297,0.13871578118494854,0.0229300433062332,77.99947333097333,703.7097736498034,76.44485386200789,0.14705882352941177,1.0,0.0,77.39117647058823,33.0,0.05190502225289483,0.059716571272500886,0.012338797689551723,2.298960463227735,0.07899920991244766,0.010591245616681476,0,121,3.5,True,True,True,True,True,True,True,3.5,3.5,5.4,3.3000000000000003,121
M1_CROSS_BASELINE,local_forward,336,5.616666666666652,LOCAL_FORWARD,675,-1.4,-56.14,-1.1199999999999917,218,587.5776702573144,81.79592190380208,101.1079552969131,34.702163227161556,0.4661266785142008,0.6564740390296007,18,7096.341152516323,266.7418181034175,151.790414276842,24.601711068209106,6.175307572700621,73.93804955375487,3,True,False,0.0,-0.0006593635084956985,0.9999997826198583,32.73865294631317,19.688235294117646,20.0,5.776207014473117,5.392657917017981,1,1.0,123,0.18088235294117647,1,1.0,0.0,1.0,266.7418181034175,221.9592979507238,3608.292559066458,8556.603296503228,0.07111503234102005,1.0,0.9929078014184397,1.1722141622167759,14.36547759677109,0.826953546964877,32.0,0.12472997011889454,0,13639,0,0,36.68464380893048,25.688576727754974,0.8083935358891378,5.392657917017982,2,1.4316064641108621,266.7418703980975,221.94304855987156,0.033017597114434256,0.008494051093496331,0.0,0.0,31.774559294406753,20.744402324112365,37.8,15.399999999999999,680,679,0,7,33307,6691,6.113547519461995,6.113547519461995,0.16173406136142846,True,True,1.0,-1.346523899799804,JUNCTION_REGION,True,True,True,154.7203432313804,246.9785437774301,True,3.4197899897549076,10.084187286061157,-43.70620091569472,0.0338235294117647,0.0,0.0,0.2543989662904268,0.007092198581560294,0.0,2.1755609403790626,0.0338235294117647,0.007923731715686258,2.263213212929846,0.08626965529835662,0.01542688751095973,77.99947333097333,703.7097736498034,76.44485386200789,0.14705882352941177,1.0,0.0,77.39117647058823,33.0,0.05190502225289483,0.059716571272500886,0.012338797689551723,2.2113081906769514,0.026553084025855732,0.0030880898214080063,0,123,3.6,True,True,True,True,True,True,True,3.6,3.6,5.5,3.4000000000000004,123
M1_CROSS_BASELINE,local_forward,342,5.716666666666652,LOCAL_FORWARD,675,-1.4,-56.14,-1.1199999999999917,218,589.0821487776312,81.77515814204932,97.75991806583636,34.21739130049118,0.47472704185288833,0.5883903793167641,18,7236.541723978188,269.295587395111,155.3167786060068,23.844199194942657,6.240949616899184,70.13360605378874,3,True,False,0.018673063419839764,-0.00035281216194525813,0.9999999377617872,33.22233265073799,19.555882352941175,20.0,5.673451650734145,5.391998313682355,1,1.0,122,0.17941176470588235,1,1.0,0.0,0.991869918699187,269.295587395111,219.15618433811989,3609.5972385916366,8776.573465974378,0.0652074217689387,1.0,0.9929078014184397,1.1722141622167759,14.356913546734216,0.8269535402513349,32.0,0.005421652436522528,0,14048,0,0,36.65533748586876,25.50296849462796,0.6056644108998268,5.391998313682356,2,1.634335589100173,269.2956011111408,219.14523294243844,0.032921400879012734,0.008337996687650605,0.0,0.0,32.060809807647374,22.12112111989377,37.8,15.399999999999999,680,679,0,7,33088,6652,5.416111796930013,5.416111796930013,0.14328338087116438,True,True,1.0,-1.4589120818295762,JUNCTION_REGION,True,True,True,157.1573970746125,246.9950094727198,True,3.452530842771404,10.283417958579337,-43.2225212112699,0.032352941176470584,0.0,0.0,0.25268878501121117,0.007092198581560294,0.0,2.206776880074343,0.032352941176470584,0.007128342931137111,2.2349950465020942,0.0593112982374136,0.01127761522104842,77.99947333097333,703.7097736498034,76.44485386200789,0.14705882352941177,1.0,0.0,77.39117647058823,33.0,0.05190502225289483,0.059716571272500886,0.012338797689551723,2.1830900242491995,-0.0004052730350872849,-0.001061182468503303,0,122,0.0,True,False,False,False,False,False,False,3.7,0.0,0.0,0.0,122
M1_CROSS_BASELINE,local_forward,348,5.816666666666651,LOCAL_FORWARD,675,-1.4,-56.14,-1.1199999999999917,218,590.6198784903918,81.77969571450356,94.39789549088798,32.707147277762424,0.47993969917928436,0.5150081518824265,17,7964.688383073269,271.7825938055353,155.86659469122216,19.738127096825362,6.369242576650342,69.54193017486928,3,True,False,0.016232769737811736,-0.0004171525809658876,0.9999999129918583,32.68449123895697,19.41764705882353,20.0,5.4674690664949885,5.3662429532574984,1,1.0,126,0.18529411764705883,1,1.0,0.0,1.0,271.7825938055353,216.33802060661301,3980.9068618546403,8729.209754756766,0.07090293488144357,1.0,0.9929078014184397,1.1722141622167759,14.403977877008113,0.8269535771460703,32.0,0.02979506656360523,0,14484,0,0,36.63610477777656,24.999736388067546,1.8742092662979823,5.3662429532574984,2,0.3657907337020174,271.7826138531892,216.32471580134077,0.03289372689075327,0.008066413074085864,0.0,0.0,32.93780414077014,22.57431289920011,37.8,15.399999999999999,680,679,0,7,32891,6613,5.083621069056091,5.083621069056091,0.13448732986920875,True,True,1.0,-1.5046959299456852,JUNCTION_REGION,True,True,True,159.55311936687013,246.9918711604932,True,3.4844157556332034,11.318143759414152,-43.760362623050916,0.03823529411764706,0.0,0.0,0.25090259567514156,0.007092198581560294,0.0,2.364244901818854,0.03823529411764706,0.007290832358650996,2.299619974160474,0.04877329617753033,0.009284223789849708,77.99947333097333,703.7097736498034,76.44485386200789,0.14705882352941177,1.0,0.0,77.39117647058823,33.0,0.05190502225289483,0.059716571272500886,0.012338797689551723,2.247714951907579,-0.010943275094970555,-0.0030545738997020157,0,126,0.0,True,False,False,False,False,False,False,3.8000000000000003,0.0,0.0,0.0,126
M1_CROSS_BASELINE,local_forward,354,5.916666666666651,LOCAL_FORWARD,675,-1.4,-56.14,-1.1199999999999917,218,592.3589484516979,81.80758691962126,91.02035888698815,30.683880871056658,0.5363679295764583,0.7948300858659849,8,16700.210005351317,274.20665795516015,6.031585650263211,11.811074012387866,11.810894163344326,139.58893402744667,2,True,False,0.0221630748062438,-0.0008194313622511508,0.999999664266065,33.11927724368681,19.38529411764706,20.0,5.303030895459755,5.331492661963862,1,1.0,128,0.18823529411764706,1,1.0,0.0,1.0,274.20665795516015,213.55385591685513,3983.156757721013,8765.845673509764,0.07626685763383753,1.0,0.9929078014184397,1.1722141622167759,14.366059089294698,0.8269535474207216,32.0,0.024005288025081128,0,14961,0,0,36.546897653647186,24.282873929321212,2.209871681980134,5.331492661963862,1,0.03012831801986593,274.2067429447238,213.53550849038118,0.03294644789231036,0.00777561949828711,0.0,0.0,33.50666503642094,23.052325238944825,37.8,15.399999999999999,680,679,0,7,32735,6593,4.374804836451696,4.374804836451696,0.1157355776839073,True,True,1.0,-1.5171353329403365,JUNCTION_REGION,True,True,True,161.8905161853903,247.00280947160564,True,3.515493710984759,23.731672673430946,-43.32557661832108,0.04117647058823529,0.0,0.0,0.25048455136244446,0.007092198581560294,0.0,2.515493710984759,0.04117647058823529,0.007252233835060835,2.4075568425726166,0.04497488338288281,0.008268228812455272,77.99947333097333,703.7097736498034,76.44485386200789,0.14705882352941177,1.0,0.0,77.39117647058823,33.0,0.05190502225289483,0.059716571272500886,0.012338797689551723,2.355651820319722,-0.014741687889618077,-0.004070568877096451,0,128,0.0,True,False,False,False,False,False,False,3.9000000000000004,0.0,0.0,0.0,128
M1_CROSS_BASELINE,local_forward,360,6.016666666666651,LOCAL_FORWARD,675,-1.4,-56.14,-1.1199999999999917,218,594.4565941824723,81.76603280565759,87.64913919926522,29.24249482216435,0.5281189742762946,0.781969130818789,22,6979.052955102504,276.573995745543,156.05521786347106,11.569026209058741,5.22816663766483,52.250291141489036,4,True,False,0.0446710646095454,0.0002247970050610306,0.9999999747331529,32.798345225644276,19.405882352941177,20.0,5.133221736679984,5.287412464623084,1,1.0,133,0.19558823529411765,1,1.0,0.0,1.0,276.573995745543,210.77672305652067,3985.6005522687096,8996.882177619253,0.04201598559418996,1.0,0.9929078014184397,1.1722141622167759,14.300907059046903,0.826953496346651,32.0,0.04124586638522061,0,15456,0,0,36.28443509500441,23.784635254603472,2.33853528736779,5.287412464623084,0,0.0,276.5740046734892,210.77274596222483,0.0330784594715803,0.007523676536604367,0.0,0.0,34.10527529169753,23.957644523319377,37.8,15.399999999999999,680,679,0,7,32664,6596,3.8387885330851357,3.8387885330851357,0.10155525219801947,True,True,1.0,-1.5225421092257092,JUNCTION_REGION,True,True,True,164.1713827905317,247.0135989390787,True,3.5458444004097704,9.917516022131567,-43.64650863636361,0.048529411764705876,0.0,0.0,0.25075057956143354,0.007092198581560294,0.0,2.1492087930354136,0.048529411764705876,0.0073671710241284315,2.2783828178040153,0.04675214757379434,0.007817699918291851,77.99947333097333,703.7097736498034,76.44485386200789,0.14705882352941177,1.0,0.0,77.39117647058823,33.0,0.05190502225289483,0.059716571272500886,0.012338797689551723,2.2264777955511206,-0.012964423698706547,-0.004521097771259872,0,133,0.0,True,False,False,False,False,False,False,4.0,0.0,0.0,0.0,133
M1_CROSS_BASELINE,local_forward,366,6.11666666666665,LOCAL_FORWARD,675,-1.4,-56.14,-1.1199999999999917,218,596.404031153779,81.76238325234509,84.22798801064158,27.997131114819858,0.5247240837974633,0.6688924313850602,8,17302.815198082113,278.8899193379376,5.995704788372711,11.366106206363618,11.365974966406817,129.22130409700782,2,True,False,0.029845325346656182,-0.00012147202085243284,0.9999999926222741,33.44954459025918,19.435294117647057,20.0,4.960602569715828,5.246554522661008,1,1.0,135,0.19852941176470587,1,1.0,0.0,0.9774436090225563,278.8899193379376,208.00186792132558,3628.1174130436857,9031.929652397781,0.05701968527067086,1.0,0.9929078014184397,1.1722141622167759,14.222647799550895,0.826953434997543,32.0,0.04954367420788286,0,15972,0,0,37.57709117759437,23.476943025331575,2.629129510087077,5.246554522661009,0,0.0,278.88992034731825,208.00403815466814,0.033223411296564476,0.007261927851863471,0.0,0.0,34.63275579867551,24.51348711002908,37.8,15.399999999999999,680,679,0,7,32636,6608,3.4048097096674446,3.4048097096674446,0.09007433094358319,True,True,1.0,-1.5231513149828406,JUNCTION_REGION,True,True,True,166.41576141647462,247.0135989390787,True,3.575535928999553,24.587998981939315,-42.99530927174871,0.0514705882352941,0.0,0.0,0.2511306198457036,0.007092198581560294,0.0,2.575535928999553,0.0514705882352941,0.007422489742946179,2.4269593734017842,0.04911136790454422,0.007620094830619015,77.99947333097333,703.7097736498034,76.44485386200789,0.14705882352941177,1.0,0.0,77.39117647058823,33.0,0.05190502225289483,0.059716571272500886,0.012338797689551723,2.3750543511488895,-0.010605203367956666,-0.004718702858932708,0,135,0.0,True,False,False,False,False,False,False,4.1000000000000005,0.0,0.0,0.0,135
M1_CROSS_BASELINE,local_forward,372,6.21666666666665,LOCAL_FORWARD,675,-1.4,-56.14,-1.1199999999999917,218,597.9985767645743,81.78368388337486,80.81332591430511,26.584790425465936,0.4507688140788286,0.43086316960030696,8,17600.136631857677,281.16177746620326,5.980938383035327,11.18712517160957,11.186912734463675,125.1745915333301,2,True,False,0.021855380322307383,-0.0004904426383541649,0.999999879733002,34.01410712465023,19.544117647058822,20.0,4.850815042278406,5.208557209068129,1,1.0,140,0.20588235294117646,1,1.0,0.0,0.9925925925925926,281.1617774662032,205.24766406767918,3990.5591559369786,9059.404829323777,0.0580507667104353,1.0,0.9929078014184397,1.1722141622167759,14.108062817580386,0.8269533451719239,32.0,0.07254043869597755,0,16521,0,0,41.3306517587634,23.04661514059333,2.6183595741238483,5.20855720906813,0,0.0,281.1618070486171,205.24864358998943,0.03341779248440922,0.0070764830586076775,0.0,0.0,35.77274072510559,24.375216364019852,37.8,15.399999999999999,680,679,0,7,32616,6642,3.081853043438408,3.081853043438408,0.08153050379466689,True,True,1.0,-1.5245594196586936,JUNCTION_REGION,True,True,True,168.62351529169888,247.0135989390787,True,3.6046625119269216,25.010504743417517,-42.43074673735766,0.05882352941176469,0.0,0.0,0.25253676889750315,0.007092198581560294,0.0,2.6046625119269216,0.05882352941176469,0.007575801506200144,2.515810942664353,0.053967448658154456,0.00759794816840958,77.99947333097333,703.7097736498034,76.44485386200789,0.14705882352941177,1.0,0.0,77.39117647058823,33.0,0.05190502225289483,0.059716571272500886,0.012338797689551723,2.463905920411458,-0.00574912261434643,-0.004740849521142143,0,140,0.0,True,False,False,False,False,False,False,4.2,0.0,0.0,0.0,140
M1_CROSS_BASELINE,local_forward,378,6.3166666666666496,LOCAL_FORWARD,675,-1.4,-56.14,-1.1199999999999917,218,599.3935424623348,81.80660852095619,77.42484538868554,25.249843855048844,0.41377022085885673,0.3477291830990024,8,17895.720574023864,283.39803550649543,5.963658262025845,11.04084084156035,11.040486426983172,121.91554036313373,2,True,False,0.046773064935052844,-0.0008601273189346662,0.9999996300904292,34.07186661686408,19.620588235294118,20.0,4.791246884977101,5.163781224459996,1,1.0,143,0.21029411764705883,1,1.0,0.0,0.9928571428571429,283.3980355064955,202.5524507532818,3992.9648972396544,9131.363484809452,0.044823551425219973,1.0,0.7730496453900709,43.810285742433805,11.087709119087396,0.8269518851839908,32.0,53.65493276981419,0,17093,0,0,35.347289981349334,22.558455807300703,2.569189584145766,5.163781224459996,0,0.0,283.398132916063,202.52183388793344,0.033696863705642205,0.007024821526566273,0.0,0.0,36.87396260448666,24.524599728436957,37.8,15.399999999999999,680,679,0,7,32661,6672,2.7690996386248736,2.7690996386248736,0.07325660419642524,True,True,1.0,-1.5244776618070452,JUNCTION_REGION,True,True,True,170.7835634571077,247.01603581357728,True,3.6333326803882278,25.43054145916915,-42.37298724514381,0.06323529411764706,0.0,0.0,0.2535248736366055,0.22695035460992907,0.0,2.6333326803882278,0.06323529411764706,0.5846499064086903,2.5745718115262903,0.05860137138790075,0.2961239272885499,77.99947333097333,703.7097736498034,76.44485386200789,0.14705882352941177,1.0,0.0,77.39117647058823,33.0,0.05190502225289483,0.059716571272500886,0.012338797689551723,2.5226667892733956,-0.0011151998846001335,0.2837851295989982,0,143,0.0,True,False,True,False,False,False,False,4.3,0.0,0.1,0.0,143
M1_CROSS_BASELINE,local_forward,384,6.416666666666649,LOCAL_FORWARD,675,-1.4,-56.14,-1.1199999999999917,218,600.718979869648,81.84300601985251,74.01233514428822,23.952982443500602,0.43545355416628273,0.3638860226096847,8,18189.922384452795,285.60469978951653,5.947488952847181,10.896239944552732,10.895798734121897,118.73985902760259,2,True,False,0.05379220374804561,-0.0014798165087119796,0.9999989050709508,34.06659572456466,19.758823529411764,20.5,4.778389936016402,5.119192044682578,1,1.0,143,0.21029411764705883,1,1.0,0.0,0.986013986013986,285.60469978951653,199.87485800755314,3995.4055527086302,9343.111012283753,0.029838600055626434,1.0,0.7730496453900709,43.672029593893996,11.087709119087396,0.8269518851839908,32.0,0.08750865136504436,0,17688,0,0,35.31056141981593,22.069991982991194,2.448096417627129,5.119192044682578,0,0.0,285.60499973726075,199.82208597339672,0.03403478242284615,0.0071069420238129635,0.0,0.0,38.4431264487297,24.714903716616178,37.8,15.399999999999999,680,679,0,7,32764,6711,2.680841953861262,2.680841953861262,0.07092174481114451,True,True,1.0,-1.5246425250515048,JUNCTION_REGION,True,True,True,172.89607949039058,247.01603581357728,True,3.6616234391431957,25.848614109919826,-42.37825813744323,0.06323529411764706,0.0,0.0,0.2553110629726751,0.22695035460992907,0.0,2.6616234391431957,0.06323529411764706,0.22753374561902937,2.6180976253347428,0.060918332752773904,0.2618288364537896,77.99947333097333,703.7097736498034,76.44485386200789,0.14705882352941177,1.0,0.0,77.39117647058823,33.0,0.05190502225289483,0.059716571272500886,0.012338797689551723,2.566192603081848,0.0012017614802730184,0.2494900387642379,0,143,0.1,True,True,True,False,False,False,False,4.4,0.1,0.2,0.0,143
M1_CROSS_BASELINE,local_forward,390,6.516666666666649,LOCAL_FORWARD,675,-1.4,-56.14,-1.1199999999999917,218,601.9597472550255,81.84716097947177,70.60022746693564,22.38385306951221,0.42011493516704934,0.3399426400002225,8,18482.128875130038,287.7859690820636,5.929574474521602,10.716351431840543,10.715899371627263,114.85380610393716,2,True,False,0.0669944592126086,-0.0016140721610611618,0.9999986973846811,34.70564270648525,19.991176470588236,21.0,4.890859881516014,5.083265943389106,1,1.0,142,0.2088235294117647,2,0.5633802816901409,0.43661971830985913,0.993006993006993,287.7859690820636,197.2420902898273,3997.9030007783867,9393.45863914552,0.04283786460063311,1.0,0.7730496453900709,43.57597619403054,11.087709119087396,0.8269518851839908,32.0,0.06079659798029695,0,18306,0,0,35.03459769839613,21.515121305323742,2.3891767633076757,5.083265943389106,0,0.0,287.7863300289753,197.17295151982626,0.0344218874061843,0.007321202722470969,0.0,0.0,40.06945972548773,24.77809708968215,37.8,15.399999999999999,680,679,0,7,32907,6785,2.8829910610060283,4.064447967112968,0.10752507849505206,True,True,1.0,-1.5250760980103597,JUNCTION_REGION,True,True,True,174.95780005395966,247.01603581357728,True,3.6895886188988505,26.263851330744128,-41.73921115552264,0.061764705882352944,0.43661971830985913,0.43661971830985913,0.2583133812184092,0.22695035460992907,0.0,2.6895886188988505,0.9350041425020712,0.22735566526313106,2.653843122116797,0.49796123762742256,0.24459225085846034,77.99947333097333,703.7097736498034,76.44485386200789,0.14705882352941177,1.0,0.0,77.39117647058823,33.0,0.05190502225289483,0.059716571272500886,0.012338797689551723,2.601938099863902,0.43824466635492165,0.2322534531689086,62,80,0.2,True,True,True,False,True,False,False,4.5,0.2,0.30000000000000004,0.0,142
M1_CROSS_BASELINE,local_forward,396,6.6166666666666485,LOCAL_FORWARD,675,-1.4,-56.14,-1.1199999999999917,218,603.1623932802481,81.7836619963404,67.15392216566511,20.878189685783408,0.38491074615493337,0.2752523965096773,8,18771.28502991579,289.93990169449245,5.905193489077213,10.510141569216817,10.509813127569593,110.48249477211813,2,True,False,0.04387145501915768,-0.0005671253308190107,0.9999998391844167,34.795437391959275,20.20294117647059,21.0,5.11945454896249,5.051791670655459,1,1.0,148,0.21764705882352942,1,1.0,0.0,1.0,289.93990169449245,194.61483526108262,3807.8670134137274,9433.79522339967,0.05014605278753235,1.0,0.7730496453900709,43.54743252641691,11.087709119087396,0.8269518851839908,32.0,0.018066595115378684,0,18942,0,0,38.537860533263505,21.07163254871536,2.162357545914462,5.051791670655459,1,0.0776424540855376,289.93994342757935,194.5945022419906,0.0348604399662098,0.007711576797359182,0.0,0.0,41.03286495752044,25.893181811876495,37.8,15.399999999999999,680,679,0,8,33060,6849,2.994926127487318,3.8119772972602424,0.10084596024497997,True,True,1.0,-1.5250796653520686,JUNCTION_REGION,True,True,True,176.97262864398192,247.01603581357728,True,3.7172033260301296,26.674753901112076,-41.649416470048614,0.07058823529411765,0.0,0.0,0.2610496712651541,0.22695035460992907,0.0,2.7172033260301296,0.07058823529411765,0.22707079857736492,2.6855232240734632,0.2842747364607701,0.23583152471791263,77.99947333097333,703.7097736498034,76.44485386200789,0.14705882352941177,1.0,0.0,77.39117647058823,33.0,0.05190502225289483,0.059716571272500886,0.012338797689551723,2.6336182018205685,0.22455816518826924,0.2234927270283609,0,148,0.30000000000000004,True,True,True,True,True,True,True,4.6000000000000005,0.30000000000000004,0.4,0.1,148
M1_CROSS_BASELINE,local_forward,402,6.716666666666648,LOCAL_FORWARD,675,-1.4,-56.14,-1.1199999999999917,218,604.1763833228774,81.76526074251757,63.75445565083773,19.387730878127748,0.3829654741960317,0.2781253482015986,8,19056.79315639179,292.0554430753072,5.981585221755582,10.285692061750694,10.285440744057755,105.81900973869922,2,True,False,0.04854196288643209,0.0003183706042898787,0.999999949320078,34.96296715046209,20.523529411764706,21.0,5.490851151395566,5.019701709210798,1,1.0,148,0.21764705882352942,1,1.0,0.0,0.9864864864864865,292.0554430753072,192.04066035715073,3806.9664293455753,9491.838889535833,0.05403569878037863,1.0,0.7730496453900709,43.5194754019541,11.087709119087396,0.8269518851839908,32.0,0.017695345079583587,0,19590,0,0,34.17476623627261,20.63048297932506,2.1420007893384887,5.019701709210799,2,0.09799921066151107,292.05546062390306,192.03744411676604,0.03535352061178918,0.008256930232194662,0.0,0.0,42.38315664400303,26.238494160705528,37.8,15.399999999999999,680,679,0,8,33315,6960,3.081577785976967,3.5390557774930893,0.09362581421939391,True,True,1.0,-1.5252101681911945,JUNCTION_REGION,True,True,True,178.9464897597132,247.01603581357728,True,3.7443258345608976,27.080472475966033,-41.4818867115458,0.07058823529411765,0.0,0.0,0.26519211036369855,0.22695035460992907,0.0,2.7443258345608976,0.07058823529411765,0.2270683235771263,2.71492452931718,0.1774314858774439,0.23144992414751947,77.99947333097333,703.7097736498034,76.44485386200789,0.14705882352941177,1.0,0.0,77.39117647058823,33.0,0.05190502225289483,0.059716571272500886,0.012338797689551723,2.6630195070642855,0.11771491460494302,0.21911112645796774,0,148,0.4,True,True,True,True,True,True,True,4.7,0.4,0.5,0.2,148
M1_CROSS_BASELINE,local_forward,408,6.816666666666648,LOCAL_FORWARD,675,-1.4,-56.14,-1.1199999999999917,218,605.1154239673286,81.78372676312358,60.43359831422775,17.873648161616604,0.37112917454325794,0.23219681017320445,8,19337.28264179089,294.1249463834405,6.069258664809494,10.002079766101595,10.001867991346632,100.08831122671393,2,True,False,0.0648928126321664,0.0007042829911940639,0.9999997519927034,34.69307759486993,20.841176470588234,21.0,5.917924797598784,4.988295881303098,1,1.0,149,0.21911764705882353,1,1.0,0.0,1.0,294.1249463834405,189.511380276416,3806.0263355691923,9522.566104047371,0.05784376992033199,1.0,0.7730496453900709,43.52352454839384,11.087709119087396,0.8269518851839908,32.0,0.0025628903152840918,0,20242,0,0,36.04492595363878,20.188659503230426,2.023573897401473,4.988295881303098,1,0.2164261025985268,294.12502540591265,189.50129161962656,0.035895881938733526,0.008941274002177585,0.0,0.0,43.88307867033376,27.45434416832655,37.8,15.399999999999999,680,679,0,7,33599,7061,3.13442268850094,3.3086262315913166,0.08752979448654277,True,True,1.0,-1.5252823008408738,JUNCTION_REGION,True,True,True,180.87793500760364,247.01603581357728,True,3.7708581074052514,27.47905935922664,-41.751776267137956,0.07205882352941176,0.0,0.0,0.269296545433816,0.22695035460992907,0.0,2.7708581074052514,0.07205882352941176,0.2269674405453643,2.742891318361216,0.12474515470342783,0.22920868234644187,77.99947333097333,703.7097736498034,76.44485386200789,0.14705882352941177,1.0,0.0,77.39117647058823,33.0,0.05190502225289483,0.059716571272500886,0.012338797689551723,2.690986296108321,0.06502858343092693,0.21686988465689014,0,149,0.5,True,True,True,True,True,True,True,4.800000000000001,0.5,0.6000000000000001,0.30000000000000004,149
M1_CROSS_BASELINE,local_forward,414,6.916666666666647,LOCAL_FORWARD,675,-1.4,-56.14,-1.1199999999999917,218,605.9754582955713,81.77691418692356,57.17242779104859,16.385782741681314,0.35549585412919465,0.210867877442354,8,19611.921392421315,296.1448752568273,5.844858859938048,9.728280969155081,9.72797323351678,94.67049218710271,2,True,False,0.0431423820886323,-0.0004963284626969772,0.999999876829021,34.50666813622003,21.24705882352941,21.0,6.397896496878883,4.961833988725301,1,1.0,151,0.22205882352941175,1,1.0,0.0,0.9932885906040269,296.1448752568273,187.03801164162843,3977.6733865329284,9542.403620758767,0.05760413432916061,1.0,0.7730496453900709,43.5597633883342,11.087709119087396,0.8269518851839907,32.0,0.022937222276968743,0,20903,0,0,38.67726723837674,19.755960611167882,1.9481402481215444,4.961833988725301,2,0.29185975187845536,296.1449074504236,187.02023864198654,0.03647125372069766,0.009717927837323332,0.0,0.0,45.35584318749229,27.88339822351925,37.8,15.399999999999999,680,679,0,8,33930,7199,3.0323686513093544,3.0323686513093544,0.08022139289178187,True,True,1.0,-1.5252365061292852,JUNCTION_REGION,True,True,True,182.7670416500044,247.01603581357728,True,3.7967548062818666,27.869332112162848,-41.93818572578786,0.07499999999999998,0.0,0.0,0.2745411013567438,0.22695035460992907,0.0,2.7967548062818666,0.07499999999999998,0.22710326942510886,2.7698230623215414,0.0998725773517139,0.22815597588577535,77.99947333097333,703.7097736498034,76.44485386200789,0.14705882352941177,1.0,0.0,77.39117647058823,33.0,0.05190502225289483,0.059716571272500886,0.012338797689551723,2.7179180400686467,0.04015600607921301,0.21581717819622362,0,151,0.6000000000000001,True,True,True,True,True,True,True,4.9,0.6000000000000001,0.7000000000000001,0.4,151
M1_CROSS_BASELINE,local_forward,420,7.016666666666647,LOCAL_FORWARD,675,-1.4,-56.14,-1.1199999999999917,218,606.8599876262036,81.79044270509559,53.990716915729905,14.944093195358032,0.34240222066613446,0.20099251626136894,8,19881.271795142635,298.10452570034636,5.826534000511397,9.48656228358323,9.486261805877295,90.00974276204516,2,True,False,0.04723961579556146,-0.0008552962787714202,0.9999996342340708,34.96300894442816,21.626470588235293,21.0,7.005787893866102,4.939766114961254,1,1.0,154,0.22647058823529412,1,1.0,0.0,0.9933774834437086,298.10452570034636,184.63401312817,4340.0295380867665,9474.061409360616,0.06379367252805943,1.0,0.7730496453900709,43.61045329267784,11.087709119087396,0.8269518851839908,32.0,0.032083963091580084,0,21572,0,0,34.02476088501355,19.319980422447117,1.6606457110072628,4.939766114961254,4,0.579354288992737,298.1046273564357,184.60348562592404,0.037080604799029984,0.010560917387269005,0.0,0.0,46.65552643125515,28.175471791241076,37.8,15.399999999999999,680,679,0,8,34235,7327,2.81329647787491,2.81329647787491,0.0744258327480135,True,True,1.0,-1.52529663865208,JUNCTION_REGION,True,True,True,184.61479108196772,247.01603581357728,True,3.82187869955745,28.252089909207967,-41.48184491757973,0.07941176470588235,0.0,0.0,0.2794436210238285,0.22695035460992907,0.0,2.82187869955745,0.07941176470588235,0.22716424769720628,2.7958508809394957,0.08964217102879812,0.22766011179149082,77.99947333097333,703.7097736498034,76.44485386200789,0.14705882352941177,1.0,0.0,77.39117647058823,33.0,0.05190502225289483,0.059716571272500886,0.012338797689551723,2.743945858686601,0.029925599756297237,0.21532131410193908,0,154,0.7000000000000001,True,True,True,True,True,True,True,5.0,0.7000000000000001,0.8,0.5,154
M1_CROSS_BASELINE,local_forward,426,7.116666666666647,LOCAL_FORWARD,675,-1.4,-56.14,-1.1199999999999917,218,607.7894653097947,81.78424770051973,50.88819928334719,13.626434695209124,0.3516216270976502,0.20252167612395824,8,20146.098343661968,300.00181819584196,5.806663749819779,9.282505854771305,9.282245759882187,86.1793475966547,2,True,False,0.04605987145305335,-0.0007552588979523253,0.9999997147919578,35.1476151027296,22.00294117647059,21.0,7.550223420695718,4.898954137564992,1,1.0,155,0.22794117647058823,1,1.0,0.0,1.0,300.00181819584196,182.26082122380905,4342.453861325999,9545.69815563257,0.061117407521870074,1.0,0.7730496453900709,43.67322419859398,11.087709119087396,0.8269518851839908,32.0,0.03973058254332662,0,22252,0,0,32.980042406738484,18.859233713084187,1.3767052331950955,4.898954137564992,5,0.8632947668049042,300.00189724160043,182.23399604861436,0.037740838952773276,0.01147055125598477,0.0,0.0,48.076431754983574,28.665486489528774,37.8,15.399999999999999,680,679,0,8,34652,7460,2.5739637096802133,2.5739637096802133,0.06809427803386808,True,True,1.0,-1.5251206810259412,JUNCTION_REGION,True,True,True,186.41768070706613,247.01603581357728,True,3.846203126562808,28.62841912678556,-41.29723875927829,0.08088235294117646,0.0,0.0,0.2843081366624862,0.22695035460992907,0.0,2.846203126562808,0.08088235294117646,0.22721522516021792,2.821027003751152,0.08526226198498729,0.22743766847585437,77.99947333097333,703.7097736498034,76.44485386200789,0.14705882352941177,1.0,0.0,77.39117647058823,33.0,0.05190502225289483,0.059716571272500886,0.012338797689551723,2.769121981498257,0.025545690712486406,0.21509887078630263,0,155,0.8,True,True,True,True,True,True,True,5.1000000000000005,0.8,0.9,0.6000000000000001,155
M1_CROSS_BASELINE,local_forward,432,7.216666666666646,LOCAL_FORWARD,675,-1.4,-56.14,-1.1199999999999917,218,608.7445902913644,81.75975835411086,47.9419366133565,12.571809316363558,0.35116821790115105,0.22467089888455316,8,20407.61996959571,301.8556334708723,5.7885185126104926,9.122539704884936,9.12241649874576,83.23546925871221,2,True,False,0.03877207814343819,-0.0001136298064086538,0.9999999935441336,35.135500343315655,22.41470588235294,21.0,8.171601914843336,4.855860138287391,1,1.0,160,0.23529411764705882,1,1.0,0.0,1.0,301.8556334708723,179.8705040483669,4344.957716842947,9527.888265557454,0.044955300071055714,1.0,0.7730496453900709,43.756199316376694,11.087709119087396,0.8269518851839908,32.0,0.05251875399907251,0,22934,0,0,35.61542200746714,18.46793300965232,1.074806879247071,4.855860138287391,7,1.1651931207529287,301.8556344390904,179.86648315151203,0.03843594084740851,0.012409412847670711,0.0,0.0,49.286162307995404,29.311673756589034,37.8,15.399999999999999,680,679,0,8,35114,7595,2.3636465660761425,2.3636465660761425,0.06253033243587679,True,True,1.0,-1.5250255708109142,JUNCTION_REGION,True,True,True,188.1800653212531,247.01603581357728,True,3.8699701495421053,29.000051915935774,-41.309353518692234,0.08823529411764705,0.0,0.0,0.2896287006422681,0.22695035460992907,0.0,2.8699701495421053,0.08823529411764705,0.22730047963658956,2.8454985766466283,0.08674877805131717,0.22736907405622198,77.99947333097333,703.7097736498034,76.44485386200789,0.14705882352941177,1.0,0.0,77.39117647058823,33.0,0.05190502225289483,0.059716571272500886,0.012338797689551723,2.7935935543937336,0.027032206778816285,0.21503027636667024,0,160,0.9,True,True,True,True,True,True,True,5.2,0.9,1.0,0.7000000000000001,160
M1_CROSS_BASELINE,local_forward,438,7.316666666666646,LOCAL_FORWARD,675,-1.4,-56.14,-1.1199999999999917,218,609.694176917851,81.76916371077631,45.15857258683267,11.511620334571594,0.35966118609181635,0.24222781264406473,8,20666.61060105224,303.6841961423287,5.778186766259832,8.983181520966063,8.983064472827316,80.71438393606968,2,True,False,0.04199368749640087,-0.0004025277167225809,0.9999999189857154,34.59092688151102,22.79705882352941,21.0,8.85188531909571,4.81252823180263,1,1.0,163,0.23970588235294119,2,0.5030674846625767,0.49693251533742333,0.99375,303.6841961423287,177.4849911479733,3987.587894573389,9571.745639263223,0.03919102135113919,1.0,0.7730496453900709,43.837804336472125,11.087709119087396,0.8269518851839908,32.0,0.0516515563943419,0,23624,0,0,34.37307395786739,18.070941015987223,0.7628975823677778,4.81252823180263,7,1.477102417632222,303.68421727164133,177.4708490344715,0.039149617693274075,0.013353764946318286,0.0,0.0,50.635401850379374,29.87983850920827,37.8,15.399999999999999,680,679,0,8,35595,7732,2.3733696436794265,2.3733696436794265,0.06278755671109594,True,True,1.0,-1.5252653963391758,JUNCTION_REGION,True,True,True,189.90739686506137,247.01603581357728,True,3.8934134190074934,29.368088059747265,-41.85392698049687,0.09264705882352942,0.49693251533742333,0.49693251533742333,0.2945692243377798,0.22695035460992907,0.0,2.8934134190074934,1.0865120894983762,0.2272946983192247,2.869455997827061,0.5866304337748467,0.22733188618772332,77.99947333097333,703.7097736498034,76.44485386200789,0.14705882352941177,1.0,0.0,77.39117647058823,33.0,0.05190502225289483,0.059716571272500886,0.012338797689551723,2.817550975574166,0.5269138625023458,0.2149930884981716,81,82,1.0,True,True,True,True,True,True,True,5.300000000000001,1.0,1.1,0.8,163
M1_CROSS_BASELINE,local_forward,444,7.416666666666646,LOCAL_FORWARD,675,-1.4,-56.14,-1.1199999999999917,218,610.5465289968073,81.82034535376874,42.550780457428615,10.229436928474824,0.34850472465156007,0.2260078536696299,8,20923.705508167368,305.49174444690084,5.773116979558231,8.876910885581056,8.876747318958913,78.82535806136592,2,True,False,0.07356943377291714,-0.0019062735141713346,0.999998183058994,34.32926308569874,23.220588235294116,20.0,9.522953058169344,4.770682856606628,1,1.0,166,0.24411764705882352,1,1.0,0.0,1.0,305.49174444690084,175.13562001442165,3990.300226649335,9559.57611034417,0.03793277913276284,1.0,0.7659574468085106,43.88948613241258,11.087709119087396,0.8269518851839908,33.0,0.03245481841647112,0,24335,0,0,34.18135645658713,17.573256184482183,0.4744109281867821,4.770682856606628,11,1.7655890718132177,305.4922830589555,175.05464002209834,0.03993119777622171,0.014384716527151786,0.0,0.0,52.34493191588777,30.214269471668697,37.8,15.399999999999999,680,679,0,8,36057,7862,2.454565314485442,4.258225646066267,0.11265147211815521,True,True,1.0,-1.525344861064123,JUNCTION_REGION,True,True,True,191.58993443446795,247.01603581357728,True,3.9165872716936807,29.73343030273147,-42.11559077630915,0.09705882352941175,0.0,0.0,0.3000418044312697,0.23404255319148937,0.0,2.9165872716936807,0.09705882352941175,0.23425891864759918,2.8930216347603706,0.3418446286521292,0.23079540241766125,77.99947333097333,703.7097736498034,76.44485386200789,0.14705882352941177,1.0,0.0,77.39117647058823,33.0,0.05190502225289483,0.059716571272500886,0.012338797689551723,2.841116612507476,0.2821280573796283,0.21845660472810952,0,166,1.1,True,True,True,True,True,True,True,5.4,1.1,1.2000000000000002,0.9,166
M1_CROSS_BASELINE,local_forward,450,7.516666666666645,LOCAL_FORWARD,675,-1.4,-56.14,-1.1199999999999917,218,611.346929057936,81.82879024329421,40.07227589428718,8.955779208674254,0.3444297620821103,0.2099566787071758,8,21179.873764512224,307.28073902774474,5.767255407544277,8.80093704754426,8.800726923001921,77.4825948492089,2,True,False,0.08300503324986153,-0.002269087191550097,0.9999974256183447,34.46510187405287,23.80294117647059,20.0,10.405004036353844,4.730417110601433,1,1.0,169,0.2485294117647059,1,1.0,0.0,1.0,307.28073902774474,172.79755229593826,4353.016513814699,9642.833485016348,0.03743655993678616,1.0,0.7659574468085106,43.93409639859387,11.087709119087396,0.8269518851839908,33.0,0.027812110926727543,0,25065,0,0,33.93372559863889,17.071803345302857,0.10956582968675313,4.730417110601434,12,2.1304341703132468,307.2815105074759,172.8456946858057,0.04076586613071307,0.015468103097363918,0.062125564731571076,0.16696494222270722,54.13447180997696,30.6631111895348,37.8,15.399999999999999,680,679,0,8,36656,8057,2.504802861228196,4.117015431654896,0.10891575216018244,True,True,1.0,-1.5253467182678615,JUNCTION_REGION,True,True,True,193.22280433642072,247.01603581357728,True,3.9395232545208043,30.097455737558434,-41.97975198795502,0.10147058823529412,0.0,0.0,0.30756660205981834,0.23404255319148937,0.0,2.9395232545208043,0.10147058823529412,0.23422796726433423,2.9162724446405877,0.22165760844371168,0.23251168484099774,77.99947333097333,703.7097736498034,76.44485386200789,0.14705882352941177,1.0,0.0,77.39117647058823,33.0,0.05190502225289483,0.059716571272500886,0.012338797689551723,2.864367422387693,0.1619410371712108,0.220172887151446,0,169,1.2000000000000002,True,True,True,True,True,True,True,5.5,1.2000000000000002,1.3,1.0,169
M1_CROSS_BASELINE,local_forward,456,7.616666666666645,LOCAL_FORWARD,675,-1.4,-56.14,-1.1199999999999917,218,612.1954615096035,81.80554930474747,37.813100980081565,7.7558035206909794,0.33068045051426953,0.2035272543655057,8,21435.600535225407,309.0574649508626,5.760573021052073,8.73056704483465,8.730272565030786,76.2601062821152,2,True,False,0.10669983248217818,-0.0016820249892070232,0.9999985853949673,34.361344911172274,24.376470588235293,20.0,11.093030637284077,4.691570081534186,1,1.0,171,0.2514705882352941,2,0.5029239766081871,0.49707602339181284,0.9940828402366864,309.0574649508626,171.47441040768297,4355.74400485499,9777.638875120874,0.046515948523922664,1.0,0.7659574468085106,43.96323948905303,11.087709119087396,0.8269518851839908,33.0,0.018169155532575983,0,25812,0,0,35.1358208332238,16.602646644366537,0.05001109863623111,4.691570081534186,11,2.1899889013637686,309.05788763136457,171.47737015326408,0.041611166301103175,0.016537793156692154,0.46296983106935374,1.090399796662427,55.595999343889304,31.513521483642453,37.8,15.399999999999999,680,679,0,8,37274,8263,2.5431475121892424,3.965702285831295,0.1049127588844258,True,True,1.0,-1.5253847634481958,JUNCTION_REGION,True,True,True,194.8103251986717,247.0197801605667,True,3.962301945802202,30.460853803478212,-42.083508950835615,0.10441176470588234,0.4970760233918129,0.49707602339181284,0.3149773876030859,0.23404255319148937,0.0,2.962301945802202,1.0985638114895082,0.23416368089503986,2.939287195221395,0.6601107099666099,0.23333768286801881,77.99947333097333,703.7097736498034,76.44485386200789,0.14705882352941177,1.0,0.0,77.39117647058823,33.0,0.05190502225289483,0.059716571272500886,0.012338797689551723,2.8873821729685,0.6003941386941091,0.22099888517846708,85,86,1.3,True,True,True,True,True,True,True,5.6000000000000005,1.3,1.4000000000000001,1.1,171
M1_CROSS_BASELINE,local_forward,462,7.716666666666645,LOCAL_FORWARD,675,-1.4,-56.14,-1.1199999999999917,218,613.1293774851232,81.77910274853278,35.735569546619665,6.677375277516408,0.3369007402599142,0.2057839846538933,8,21690.954560805276,310.826505342418,5.752908056032375,8.674658835942537,8.674117501557062,75.30879771675251,2,True,False,0.0764753576015238,-0.0009058950537490458,0.9999995896769917,34.810822785823305,24.96470588235294,20.0,11.826761337620043,4.655610239762129,1,1.0,174,0.25588235294117645,1,1.0,0.0,0.9941520467836257,310.82650534241793,170.85118554006937,3814.335953967411,9747.984203489767,0.04449482043379144,1.0,0.7659574468085106,43.98306461749175,11.087709119087396,0.8269518851839908,33.0,0.012359905431488134,0,26573,0,0,32.582428492470946,16.102317127794258,0.05001109863623111,4.65561023976213,11,2.1899889013637686,310.8266250646859,170.8655196284926,0.042469406910606355,0.017563345176737955,1.1399193473243636,2.5308469739152404,57.16253215560249,32.25049497728904,37.8,15.399999999999999,680,679,0,8,37937,8461,2.5644135646447443,3.8206324523782,0.1010749326025979,True,True,1.0,-1.525401771908257,JUNCTION_REGION,True,True,True,196.34980190554398,247.0197801605667,True,3.9849821039623587,30.823722183514306,-41.634031076184584,0.10882352941176468,0.0,0.0,0.3225781932884886,0.23404255319148937,0.0,2.9849821039623587,0.10882352941176468,0.23412495256103263,2.962134649591877,0.3844671196891873,0.2337313177145257,77.99947333097333,703.7097736498034,76.44485386200789,0.14705882352941177,1.0,0.0,77.39117647058823,33.0,0.05190502225289483,0.059716571272500886,0.012338797689551723,2.9102296273389823,0.3247505484166864,0.22139252002497398,0,174,1.4000000000000001,True,True,True,True,True,True,True,5.7,1.4000000000000001,1.5,1.2000000000000002,174
M1_CROSS_BASELINE,local_forward,468,7.816666666666644,LOCAL_FORWARD,675,-1.4,-56.14,-1.1199999999999917,218,614.0964784304618,81.83202247284103,34.11082012618808,5.69637891970422,0.3343940150115362,0.19388045984100816,8,21946.854069147063,312.59059420659906,5.797177256848059,8.667348477684627,8.666140883435585,75.1834569897849,2,True,False,0.14861724141074717,-0.0027613247510782446,0.9999961875355421,34.80946642764511,25.50294117647059,21.0,12.448009179220248,4.617135041130483,1,1.0,175,0.25735294117647056,1,1.0,0.0,1.0,312.59059420659906,170.54523742776217,3812.554458657679,9752.269484484415,0.04745247077796148,1.0,0.7659574468085106,43.995206653897405,11.087709119087396,0.8269518851839908,33.0,0.007569909177812741,0,27342,0,0,32.41028366295694,15.573774152468468,0.05001109863623111,4.617135041130483,10,2.1899889013637686,312.5917621238683,170.58829930712585,0.04333540439536253,0.018540138845294474,1.9290659457218375,4.086481782521173,58.85828401688526,32.00786111108877,37.8,15.399999999999999,680,679,0,8,38577,8642,2.569631812825009,3.6679532278828746,0.09703579967944113,True,True,1.0,-1.5254075801856493,JUNCTION_REGION,True,True,True,197.83879992777213,247.0197801605667,True,4.0075987805736935,31.18736571657845,-41.63538743436278,0.11029411764705879,0.0,0.0,0.32953293049063204,0.23404255319148937,0.0,3.0075987805736935,0.11029411764705879,0.23409301925267478,2.9848667150827852,0.24738061866812305,0.23391216848360025,77.99947333097333,703.7097736498034,76.44485386200789,0.14705882352941177,1.0,0.0,77.39117647058823,33.0,0.05190502225289483,0.059716571272500886,0.012338797689551723,2.9329616928298905,0.18766404739562217,0.2215733707940485,0,175,1.5,True,True,True,True,True,True,True,5.800000000000001,1.5,1.6,1.3,175
M1_CROSS_BASELINE,local_forward,474,7.916666666666644,LOCAL_FORWARD,675,-1.4,-56.14,-1.1199999999999917,218,615.0892675121145,81.81905121234453,32.54384724652064,4.793465856332892,0.3141122026811927,0.17560600344358973,7,22089.522944912573,314.35974546770206,5.755468544447485,8.887180084592185,8.88509127856087,76.04348749249426,2,True,False,0.13483438251788016,-0.0024076729734065576,0.9999971015512261,34.735256103947634,26.08235294117647,21.0,13.137249926835464,4.5765633379730986,1,1.0,173,0.25441176470588234,1,1.0,0.0,0.9885714285714285,314.35974546770206,170.19064932046834,3810.752622132747,9838.33787301687,0.05270226697778836,1.0,0.7659574468085106,44.007778040625915,11.087709119087396,0.8269518851839908,33.0,0.00783758610125928,0,28120,0,0,32.14950386237794,15.104646320701303,0.05001109863623111,4.5765633379730986,11,2.1899889013637686,314.36063584988017,170.24551450861327,0.044219369702414406,0.019496859084311396,2.8558045033730926,5.772984719762325,60.33047301162483,33.56808795362308,37.8,15.399999999999999,680,679,0,8,39287,8833,2.574292710600278,3.511630892886262,0.09290028817159424,True,True,1.0,-1.525416599158014,JUNCTION_REGION,True,True,True,199.27685721310496,247.0197801605667,True,4.030280360147905,31.390103949167656,-41.709597758060255,0.10735294117647057,0.0,0.0,0.3370197240907536,0.23404255319148937,0.0,3.0302803601479047,0.10735294117647057,0.23409480376549777,3.007573537615345,0.17736677992229682,0.23400348612454902,77.99947333097333,703.7097736498034,76.44485386200789,0.14705882352941177,1.0,0.0,77.39117647058823,33.0,0.05190502225289483,0.059716571272500886,0.012338797689551723,2.9556685153624502,0.11765020864979595,0.2216646884349973,0,173,1.6,True,True,True,True,True,True,True,5.9,1.6,1.7000000000000002,1.4000000000000001,173
M1_CROSS_BASELINE,local_forward,480,8.016666666666644,LOCAL_FORWARD,675,-1.4,-56.14,-1.1199999999999917,218,616.0124195744925,81.82471788380272,31.291684319496895,4.155832363507348,0.29046360441132757,0.15336933021824561,7,22349.793919283027,316.14026438639394,5.7588939068984235,8.91062924938825,8.908187731283585,76.41892825916202,2,True,False,0.14534388820031552,-0.0026786949801694197,0.9999964122901659,34.871428357736214,26.68235294117647,21.0,13.883410976630374,4.539935625278618,1,1.0,174,0.25588235294117645,2,0.5114942528735632,0.4885057471264368,1.0,316.14026438639394,169.96020408209668,4006.8609078205736,9849.453232385538,0.05663127480179615,1.0,0.7659574468085106,44.017645356439594,11.087709119087396,0.8269518851839907,33.0,0.006151742759029548,0,28905,0,0,32.59193409681749,14.700524913619393,0.05001109863623111,4.539935625278618,13,2.1899889013637686,316.1413754952216,170.0200099798974,0.04509325721871519,0.02039938213321203,3.797868870880419,7.378976274047265,61.775866384453096,33.94041663401448,37.8,15.399999999999999,680,679,0,8,40065,9043,2.5750834560632065,3.3833723652902012,0.0895072054309577,True,True,1.0,-1.5254209985964746,JUNCTION_REGION,True,True,True,200.672865658451,247.0197801605667,True,4.053107679906034,31.759959511952516,-41.573425504271675,0.10882352941176468,0.4885057471264368,0.4885057471264368,0.34477254588986433,0.23404255319148937,0.0,3.0531076799060344,1.0858350236646384,0.2340835648098829,3.0303406087606897,0.6316009017934676,0.23404352546721596,77.99947333097333,703.7097736498034,76.44485386200789,0.14705882352941177,1.0,0.0,77.39117647058823,33.0,0.05190502225289483,0.059716571272500886,0.012338797689551723,2.978435586507795,0.5718843305209668,0.22170472777766423,85,89,1.7000000000000002,True,True,True,True,True,True,True,6.0,1.7000000000000002,1.8,1.5,174
